Physical_Metric,Molecular_Target,Interaction_Contrast,Interaction_Beta,Interaction_P_Value,Interaction_CI_Lower,Interaction_CI_Upper,Model_R2,Model_R2_Adj,Simple_Slope_15C,Simple_Slope_15C_P,Simple_Slope_22C,Simple_Slope_22C_P,Simple_Slope_8C,Simple_Slope_8C_P,FDR_Adjusted_P,Significant_After_FDR
BMI_kg·m2,APRIL_per_TNFSF13,Group_8C vs Group_22C Contrast,2653.8112304585566,2.0757560973156492e-05,1431.8285231816028,3875.7939377355106,0.29363669559379846,0.14647767384250654,910.7096473747732,0.11372964839711194,-608.3395897345594,0.26733926246289186,2045.4716407239976,5.24780219279819e-12,0.01986498585131076,True
Weight_kg,IL-35,Group_8C vs Group_22C Contrast,6.714976877552755,0.00021554292706998736,3.1579179797812733,10.272035775324238,0.5873414285268603,0.5013708928032896,1.843112635260588,0.050295350584256576,-0.4372572195852029,0.7458045920730987,6.277719657967552,2.3373793767156315e-07,0.08008768836764527,False
Max_Watts_W,sTNF-R2,Group_8C vs Group_15C (Reference),7.47836132732319,0.0002510585842245933,3.4749175668506833,11.481805087795697,0.26996390845629537,0.117873056051357,-5.2642299319724355,0.00014752118605758076,-2.814292307690212,0.8271930820565998,2.214131395350755,0.13976941329347503,0.08008768836764527,False
VO2max_ml_per_kg_per_min,IL-10,Group_8C vs Group_15C (Reference),0.3009976224759047,0.0006353110505426983,0.12830095608012318,0.4736942888716863,0.3026534352118233,0.15737290088095324,-0.19436319366515306,8.478372859819667e-05,0.11346147650773461,0.7373857820883729,0.10663442881075166,0.14368629389973187,0.13395260692515593,False
Body_Fat__Percent,APRIL_per_TNFSF13,Group_8C vs Group_22C Contrast,1366.0604843590688,0.0008731000552397135,561.6543797045258,2170.466589013612,0.2932708864467226,0.1460356544564565,439.91670499951607,0.24379899831439822,-616.0888459657415,0.02672349777701588,749.9716383933273,0.012968885707989042,0.13395260692515593,False
Body_Density_kg_per_m3,APRIL_per_TNFSF13,Group_8C vs Group_22C Contrast,-590668.0567998854,0.0009239966673956062,-940144.0135722721,-241192.1000274986,0.29563971522110255,0.14889798922549902,-195661.52006423232,0.2401819008326157,266319.41300044407,0.027865047641842278,-324348.6437994414,0.01319806191287376,0.13395260692515593,False
Skinfold_Thickness_mm,APRIL_per_TNFSF13,Group_8C vs Group_22C Contrast,232.52172589993637,0.0009797996326813914,94.26137737466814,370.7820744252046,0.2578509202644024,0.10323652865281963,48.239738807395376,0.2764124070450338,-105.85743042777801,0.03602759859766902,126.66429547215836,0.010134838678296898,0.13395260692515593,False
Weight_kg,APRIL_per_TNFSF13,Group_8C vs Group_22C Contrast,648.8670445355017,0.001398053432953707,250.82057879392005,1046.9135102770833,0.2407367222503034,0.08255687271911671,165.49968279774467,0.3900830209862173,-270.6413452991952,0.06896000806681779,378.22569923630647,0.006203047923903249,0.16724214191708717,False
Weight_kg,IL-35,Group_8C vs Group_15C (Reference),4.434607022706964,0.0038997547016032426,1.4231059310995802,7.446108114314348,0.5873414285268603,0.5013708928032896,1.843112635260588,0.050295350584256576,-0.4372572195852029,0.7458045920730987,6.277719657967552,2.3373793767156315e-07,0.4146739166038114,False
BMI_kg·m2,sCD30_per_TNFRSF8,Group_22C vs Group_15C (Reference),-9.462925953582586,0.0061125758226186835,-16.22775277048838,-2.698099136676791,0.22870371621825059,0.06801699043038623,3.462733515918452,0.10502607291248821,-6.000192437664134,0.02687777945787917,2.5274485933801394,0.735590218282828,0.584973506224608,False
Height_m,sTNF-R1,Group_8C vs Group_22C Contrast,1737.4286533419822,0.010042615024460702,414.6291532024179,3060.2281534815465,0.16182768675200598,-0.012791545174659413,-223.36821144098352,0.6736463633673219,-984.3825644098271,0.011118898424292478,753.0460889321552,0.17282462331529924,0.8268454250661896,False
Max_Watts_W,sIL-6Ra,Group_8C vs Group_15C (Reference),13.60626920582394,0.010889088992020122,3.1328583762894873,24.079680035358393,0.18972971045465703,0.020923400132710657,-8.045140136052511,0.0677178098806034,-1.2010769230726765,0.9490044946929177,5.561129069771429,0.06616981542357658,0.8268454250661896,False
BMI_kg·m2,sIL-6Ra,Group_22C vs Group_15C (Reference),-294.54130061887315,0.012216183408400768,-524.9195266010142,-64.16307463673212,0.189317813317452,0.020425691091921272,119.40873243617736,0.16533573281241265,-175.1325681826958,0.028686507415527807,80.76766260773525,0.6845442400362729,0.8268454250661896,False
Max_Watts_W,IL-29_per_IFN-lambda1,Group_22C vs Group_15C (Reference),1.3517767312053282,0.012634145029561675,0.28941907545966794,2.4141343869509884,0.3216732074722328,0.18035512569561474,-0.4617151927434321,0.06752171063781406,0.8900615384618961,0.06347389176205342,0.05498255813988662,0.8581313452958044,0.8268454250661896,False
Skinfold_Thickness_mm,TSLP,Group_22C vs Group_15C (Reference),-0.4892766725335598,0.012959959640535887,-0.875198492108814,-0.1033548529583056,0.2505985969029062,0.09447330459101166,0.02720541102281303,0.8646002971768703,-0.46207126151074673,6.224065395743494e-05,-0.17356129980135282,0.20527926232194327,0.8268454250661896,False
Skinfold_Thickness_mm,APRIL_per_TNFSF13,Group_22C vs Group_15C (Reference),-154.0971692351734,0.021808344255457312,-285.7736280037022,-22.420710466644607,0.2578509202644024,0.10323652865281963,48.239738807395376,0.2764124070450338,-105.85743042777801,0.03602759859766902,126.66429547215836,0.010134838678296898,0.8535072291235895,False
Max_Watts_W,Osteocalcin,Group_8C vs Group_15C (Reference),13.799241736538876,0.021983424438556325,1.9921268022687748,25.606356670808978,0.22153096910454895,0.059349921001330075,-7.007868480720649,0.004566064106817777,5.014784615388878,0.8175728434610166,6.791373255818227,0.2164124277363526,0.8535072291235895,False
Weight_kg,sCD30_per_TNFRSF8,Group_22C vs Group_15C (Reference),-2.259486849142043,0.022821968820292086,-4.204887148352532,-0.31408654993155305,0.21326728662559835,0.04936463800593138,0.614448072649068,0.4265562069329102,-1.6450387764929748,0.008265888237892316,0.27079617086368124,0.9442015218905155,0.8535072291235895,False
Body_Fat__Percent,APRIL_per_TNFSF13,Group_22C vs Group_15C (Reference),-1056.0055509652575,0.024289539243701235,-1974.8584062013351,-137.15269572917998,0.2932708864467226,0.1460356544564565,439.91670499951607,0.24379899831439822,-616.0888459657415,0.02672349777701588,749.9716383933273,0.012968885707989042,0.8535072291235895,False
Body_Density_kg_per_m3,APRIL_per_TNFSF13,Group_22C vs Group_15C (Reference),461980.93306467636,0.024887193924430718,58322.547645923274,865639.3184834295,0.29563971522110255,0.14889798922549902,-195661.52006423232,0.2401819008326157,266319.41300044407,0.027865047641842278,-324348.6437994414,0.01319806191287376,0.8535072291235895,False
Skinfold_Thickness_mm,sIL-6Ra,Group_22C vs Group_15C (Reference),-24.349551952346115,0.024902540404395213,-45.62736470924883,-3.0717391954433992,0.1811889307557225,0.010603291329831399,7.535482293482738,0.310141078144618,-16.814069658863378,0.03376282697035826,-6.142273344078961,0.11988729583432689,0.8535072291235895,False
VO2max_ml_per_kg_per_min,IL-11,Group_22C vs Group_15C (Reference),0.1058634204463377,0.025339785751122307,0.013076519487807636,0.19865032140486777,0.3327047746752725,0.19368493606595427,-0.02687737788129564,0.24707668965908147,0.07898604256504206,0.05554667366458532,-0.0525749786759785,0.36956747278560975,0.8535072291235895,False
Body_Density_kg_per_m3,sCD30_per_TNFRSF8,Group_22C vs Group_15C (Reference),2086.476850301603,0.025986029323227383,249.70814431783765,3923.2455562853684,0.2099949271923225,0.0454105370240564,-642.9293914928417,0.32579617945581085,1443.5474588087613,0.031427925504905696,381.8033644544323,0.5769687467129037,0.8535072291235895,False
BMI_kg·m2,IL-20,Group_8C vs Group_15C (Reference),-4.500562317441842,0.026378908789031173,-8.472907380619404,-0.5282172542642796,0.26457235977290083,0.1113582680589219,4.034362755013058,0.0021615324035641945,-2.2312741087208314,0.6290203269330712,-0.466199562428784,0.762383895332186,0.8535072291235895,False
Body_Fat__Percent,IL-10,Group_8C vs Group_15C (Reference),-0.26797581280936406,0.027385133527665768,-0.5060659294208263,-0.029885696197901823,0.2841884189128816,0.1350610061863986,0.23751260260433638,0.002745863300781965,-0.2874595333338126,0.5161805333739411,-0.03046321020502768,0.7405964070300655,0.8535072291235895,False
Skinfold_Thickness_mm,Chitinase_3-like1,Group_8C vs Group_15C (Reference),-21.86481094451669,0.027444848971389144,-41.2986799196513,-2.430941969382083,0.27795353930928735,0.12752719333205564,6.943792365397777,0.3612264395091911,-5.57832049854247,0.5225960579578106,-14.921018579118915,0.019011893363115817,0.8535072291235895,False
Height_m,IFN-a2,Group_8C vs Group_15C (Reference),191.46997105193333,0.02777857009253315,20.92173025635384,362.0182118475128,0.3032449839332645,0.1580876889193613,-143.0626357711807,0.013420526259180098,-38.55901737567443,0.6578235139042277,48.40733528075262,0.4563606987691,0.8535072291235895,False
Body_Fat__Percent,sCD30_per_TNFRSF8,Group_22C vs Group_15C (Reference),-4.772020191217605,0.028066075913630608,-9.030420970303659,-0.5136194121315496,0.20924378748064631,0.04450290987244765,1.4550708906479493,0.3331464078843078,-3.3169493005696555,0.034450398368177426,-0.9035499025915379,0.5677833062834796,0.8535072291235895,False
Body_Density_kg_per_m3,IL-10,Group_8C vs Group_15C (Reference),116.61119529815836,0.02910309497420278,11.870312759209028,221.3520778371077,0.281621275934795,0.1319590417545441,-104.06351433717087,0.003695776126685348,122.9925186870254,0.5277877205785377,12.547680960987492,0.7515574832012275,0.8535072291235895,False
Max_Watts_W,Osteopontin,Group_8C vs Group_15C (Reference),139.1583321890122,0.030471020243898864,13.1156917996977,265.20097257832674,0.34697702921659257,0.21093057697004935,-69.18085079363432,0.2529420569623231,-43.7488307692001,0.5439733194396306,69.9774813953779,0.001304121901872568,0.8535072291235895,False
Max_Watts_W,TWEAK_per_TNFSF12,Group_8C vs Group_15C (Reference),1.25350475663149,0.03092186097888467,0.11507253108591464,2.3919369821770653,0.2950460301317871,0.14818061974257613,-0.7368140589567188,0.128622459396255,-0.1655384615380875,0.8820945789889156,0.5166906976747713,0.10615090888418899,0.8535072291235895,False
Body_Density_kg_per_m3,sIL-6Ra,Group_22C vs Group_15C (Reference),59475.41371747407,0.03640666884303237,3763.259169325451,115187.56826562269,0.16137076060287758,-0.013343664271522782,-24218.45277964075,0.25553290911778925,35256.96093783332,0.06105295707588154,15351.99479881992,0.23071312661642507,0.8535072291235895,False
BMI_kg·m2,sCD163,Group_22C vs Group_15C (Reference),-2900.880549964348,0.03653183348303126,-5620.027244492914,-181.73385543578206,0.20397581474161608,0.03813744281278619,1256.67700016622,0.18453745743530958,-1644.203549798128,0.10484110381136014,437.1928673487131,0.7849180395817572,0.8535072291235895,False
Body_Fat__Percent,sIL-6Ra,Group_22C vs Group_15C (Reference),-136.16790237233678,0.037127205078714524,-264.20905785221163,-8.126746892461938,0.16109912912972768,-0.013671885634912284,54.94146917781908,0.2618397602927156,-81.22643319451771,0.060347487124857935,-36.00789381825259,0.2182916419100649,0.8535072291235895,False
Weight_kg,sIL-6Ra,Group_22C vs Group_15C (Reference),-71.38847170430336,0.03722813276284788,-138.55208898389776,-4.224854424708937,0.1773940079035623,0.006017759550137836,19.285318522970382,0.5147758446806013,-52.10315318133297,0.0025347238496988833,12.546323534076526,0.9120944092216281,0.8535072291235895,False
BSA_m2,Pentraxin-3,Group_8C vs Group_22C Contrast,379.0393321199637,0.038661128607233204,19.756105757712078,738.3225584822153,0.1755326758790522,0.0037686500205215134,83.1556589567154,0.39674774074808694,-188.7806628948141,0.23971339724270146,190.25866922514962,0.031432204822680054,0.8535072291235895,False
Skinfold_Thickness_mm,sCD30_per_TNFRSF8,Group_22C vs Group_15C (Reference),-0.7896548742475156,0.03988688913314638,-1.5428210977443593,-0.03648865075067176,0.20601702369861863,0.040603903635830885,0.19723152151391582,0.37138550676195814,-0.5924233527335998,0.059699359821743236,-0.1322058401948229,0.657390624864217,0.8535072291235895,False
BMI_kg·m2,IL-11,Group_8C vs Group_22C Contrast,0.44013253634344496,0.03999670032291205,0.020098006478648456,0.8601670662082415,0.5498226342001175,0.45603568299180863,0.15045710737901816,9.64759268890707e-05,-0.07966719510275286,0.5651181455252368,0.3604653412406921,0.027517601682893522,0.8535072291235895,False
Muscle_Mass_kg,IFN-y,Group_8C vs Group_15C (Reference),0.35750866029424705,0.04198005434707574,0.012965237775532767,0.7020520828129613,0.15994879767639314,-0.01506186947435828,-0.06047882020226444,0.5878081568244347,0.12471134515592616,0.8099661182525817,0.29702984009198263,0.028768195058009205,0.8535072291235895,False
Max_Watts_W,MMP-2,Group_8C vs Group_15C (Reference),75.84025405526332,0.04489840120924372,1.7258786948787588,149.95462941564787,0.2562929447013693,0.10135397484748798,-36.19515056686789,0.003911799994290935,28.503323076946536,0.7616433903956115,39.64510348839543,0.2664123723243468,0.8535072291235895,False
BSA_m2,APRIL_per_TNFSF13,Group_8C vs Group_22C Contrast,42671.598566190136,0.045842611527112095,787.2460694715337,84555.95106290875,0.19634423335599627,0.02891594863849556,5996.745043665345,0.7219628596679157,-23364.018697215546,0.06050078902715117,19307.579868974586,0.26634963620174146,0.8535072291235895,False
Body_Density_kg_per_m3,sCD163,Group_22C vs Group_15C (Reference),658373.4711841386,0.046957902114220615,8853.426318806363,1307893.5160494708,0.20936185543759656,0.04464557532042923,-227101.2105526889,0.3318238695843798,431272.26063144964,0.06606465954716323,159308.40878726917,0.1263725477824309,0.8535072291235895,False
Weight_kg,sCD163,Group_22C vs Group_15C (Reference),-675.6493685026567,0.04748286186648388,-1343.7977265178265,-7.501010487486724,0.1686608109072677,-0.004534853487051516,253.8288096148844,0.33916418755267785,-421.8205588877723,0.048445357316674986,62.77254965749643,0.9466619971322905,0.8535072291235895,False
Body_Fat__Percent,sCD163,Group_22C vs Group_15C (Reference),-1510.730382953492,0.04823778928028951,-3009.756214917324,-11.704550989659765,0.20983368523444512,0.045215702991621254,519.7514619159956,0.3350993694361265,-990.9789210374963,0.06769469927932525,-372.12768606546535,0.11798173362448772,0.8535072291235895,False
VO2max_ml_per_kg_per_min,IL-29_per_IFN-lambda1,Group_22C vs Group_15C (Reference),4.120821093497792,0.048789598665676906,0.02187902716955925,8.219763159826025,0.2335965553386754,0.0739291710342328,-2.6134451321268406,0.03545316487459449,1.5073759613709514,0.3701911545295786,1.2783112096610245,0.5266337760102178,0.8535072291235895,False
BMI_kg·m2,IL-35,Group_8C vs Group_22C Contrast,26.747465585464028,0.04942932577429177,0.06628984705164953,53.428641323876406,0.5402940024005786,0.44452191956736575,7.312107561354356,0.011807189952460266,-1.1991208997857523,0.8487448690049086,25.548344685678277,0.034344958565949435,0.8535072291235895,False
VO2max_ml_per_kg_per_min,TSLP,Group_22C vs Group_15C (Reference),1.990440440751622,0.04973963909461738,0.0022644081602207766,3.978616473343023,0.23991998996866448,0.08156998787880299,-0.0725939012586944,0.9179005204528234,1.9178465394929276,0.008616723752275623,-0.43422202076323363,0.7185716896409668,0.8535072291235895,False
VO2max_ml_per_kg_per_min,IL-28A_per_IFN-lambda2,Group_22C vs Group_15C (Reference),1.1910777256043117,0.0508094614101179,-0.00419478574902854,2.386350236957652,0.2739921132416172,0.12274047016695422,-0.39243058908086503,0.17687060558007617,0.7986471365234467,0.1363368312150257,0.15923801377931424,0.771525387121675,0.8535072291235895,False
Max_Watts_W,IL-26,Group_8C vs Group_15C (Reference),0.17476900806830337,0.052447325070402444,-0.0018491370735852497,0.351387153210192,0.30882670973264814,0.16483227426028324,-0.09113877551002837,0.25884491057379266,0.4887384615385948,0.3282063908039694,0.083630232558275,0.03685684239683118,0.8535072291235895,False
Weight_kg,MMP-3,Group_22C vs Group_15C (Reference),-99.68421272769257,0.052707575957362016,-200.53413452652487,1.1657090711397302,0.11767056158128464,-0.06614807142261436,47.357795250846074,0.2344128770352384,-52.326417476846494,0.10824031960676606,-5.142276184071271,0.9548519370585182,0.8535072291235895,False
Muscle_Mass_kg,IFN-a2,Group_8C vs Group_22C Contrast,0.6945299311413892,0.05340896689687361,-0.010211770210605375,1.3992716324933836,0.30463724385968616,0.15977000299712085,0.040214631788068875,0.9636207626763869,0.011421877576733044,0.9638132597830928,0.7059518087181221,0.0059610912438066155,0.8535072291235895,False
BSA_m2,IL-11,Group_22C vs Group_15C (Reference),-5.826287058042935,0.05421010463061568,-11.757923309323502,0.10534919323763248,0.3429499726901898,0.2060645503339794,3.125623296193206,0.10541634411434786,-2.7006637618497287,0.24658276150132163,2.4502954126340803,0.15946922635851335,0.8535072291235895,False
Muscle_Mass_kg,IL-10,Group_8C vs Group_22C Contrast,0.17096551961166337,0.0546007619591978,-0.003376570009529317,0.3453076092328561,0.19922071341820313,0.03239169538032882,0.08583188551097194,0.7186886599393469,-0.10114133642735472,0.13142818274326462,0.06982418318430865,0.23226427391606252,0.8535072291235895,False
Age_years,IL-12p40,Group_8C vs Group_22C Contrast,1.348330911415938,0.05511471619794601,-0.029546485188508553,2.726208308020385,0.2316300213186525,0.07155294242670518,-0.06666275561513008,0.9199418528639403,-0.49028743315508305,0.42322157735006627,0.858043478260855,0.013022701514654234,0.8535072291235895,False
Max_Watts_W,MMP-1,Group_8C vs Group_15C (Reference),5.56390577440232,0.055517265011714924,-0.13121720150547844,11.259028750310119,0.1893473566288364,0.020461389259844087,-2.088319727889007,0.2627077895552006,0.5761230769247372,0.9370285758234025,3.475586046513313,0.11887139025520077,0.8535072291235895,False
BMI_kg·m2,APRIL_per_TNFSF13,Group_22C vs Group_15C (Reference),-1519.0492371093326,0.056096120676235386,-3077.600375696341,39.501901477675574,0.29363669559379846,0.14647767384250654,910.7096473747732,0.11372964839711194,-608.3395897345594,0.26733926246289186,2045.4716407239976,5.24780219279819e-12,0.8535072291235895,False
Skinfold_Thickness_mm,BAFF_per_TNFSF13B,Group_8C vs Group_15C (Reference),-18.15658759530509,0.05720089119535158,-36.868739595368176,0.5555644047579946,0.3701006828687121,0.2388716584663605,8.545036344684801,0.27036964790788764,-4.866783342402455,0.518317422400612,-9.61155125062029,0.08452456599720026,0.8535072291235895,False
VO2max_ml_per_kg_per_min,Chitinase_3-like1,Group_8C vs Group_15C (Reference),97.9078088486434,0.05876187795899068,-3.625923120528654,199.44154081781545,0.2544094585609178,0.09907809576110904,-40.74047484908275,0.2794720389750941,-12.760544317459352,0.8371757074637631,57.16733399956065,0.10792862358167565,0.8535072291235895,False
Max_Watts_W,Chitinase_3-like1,Group_8C vs Group_15C (Reference),12.540102127829012,0.05880777069777721,-0.4667714582749536,25.54697571393298,0.2550150461829941,0.09980984747111787,-7.084598639454422,0.2227213461563815,-4.454123076920432,0.8079034097185409,5.455503488374591,0.08886023341402494,0.8535072291235895,False
Body_Fat__Percent,Chitinase_3-like1,Group_8C vs Group_15C (Reference),-137.994633786693,0.05930258549799245,-281.4053616647329,5.416094091346906,0.28289895045451463,0.13350289846587193,55.588374803432586,0.35306291266904766,-29.18099275040983,0.4329422071655764,-82.4062589832604,0.05019900022062074,0.8535072291235895,False
Max_Watts_W,TSLP,Group_8C vs Group_22C Contrast,-0.4082206618962416,0.06057123941131778,-0.8345806848820164,0.01813936108953318,0.18449305319097387,0.014595772605760171,-0.021200907029379188,0.8714807332295664,0.35958461538468645,0.06829373519398962,-0.04863604651155515,0.5959846968960445,0.8535072291235895,False
VO2max_ml_per_kg_per_min,TWEAK_per_TNFSF12,Group_8C vs Group_15C (Reference),6.902397362623141,0.06061510051251985,-0.30780514083773713,14.112599866084018,0.2460730781342504,0.08900496941221925,-4.758925760388091,0.10373281866733311,0.13540208293877232,0.9729483251425486,2.14347160223505,0.3366958447409196,0.8535072291235895,False
BMI_kg·m2,Osteocalcin,Group_22C vs Group_15C (Reference),-205.96573370750457,0.06094738883743656,-421.39365856556714,9.462191150557999,0.16938595532604295,-0.0036586373143647766,115.26393677261346,0.16862531238571787,-90.7017969348911,0.20275110138153218,119.81582470480977,0.6849415806464103,0.8535072291235895,False
Body_Density_kg_per_m3,Chitinase_3-like1,Group_8C vs Group_15C (Reference),59998.24324070062,0.06111743436212851,-2797.6423004668977,122794.12878186814,0.284100450062863,0.1349547104926262,-24694.434913795594,0.3473762310353403,12784.44889602773,0.428523696991697,35303.808326905026,0.054076138862889644,0.8535072291235895,False
VO2max_ml_per_kg_per_min,MMP-3,Group_8C vs Group_15C (Reference),129.1218649297038,0.062001596079250904,-6.48137671752869,264.7251065769363,0.17434086878423904,0.0023285497809555356,-85.90464203448042,0.0762500017719963,34.41396505475831,0.7258007708546492,43.21722289522339,0.38151613907811943,0.8535072291235895,False
Body_Density_kg_per_m3,Pentraxin-3,Group_22C vs Group_15C (Reference),5144.387386120146,0.06252878158404665,-269.1242714255941,10557.899043665886,0.20460276662908883,0.038895009676815695,-1237.4821658291712,0.3341832995951426,3906.905220290975,0.11032555828363,-300.52023946201484,0.9212772834097995,0.8535072291235895,False
Body_Fat__Percent,BAFF_per_TNFSF13B,Group_8C vs Group_15C (Reference),-108.84612212444478,0.06478646968401826,-224.3663276529073,6.67408340401775,0.3115190998187125,0.168085578947611,56.22527732675982,0.23246450062241797,-21.810605551401707,0.5468143872060884,-52.62084479768495,0.13769425200738517,0.8535072291235895,False
BMI_kg·m2,sTNF-R2,Group_22C vs Group_15C (Reference),-142.997982307553,0.06485642526030617,-294.8037669630477,8.807802347941703,0.17892758805468323,0.007870835566075596,69.26374976890601,0.1419894456506902,-73.73423253864699,0.23005376165532154,-19.797456462242636,0.8743704516370099,0.8535072291235895,False
Skinfold_Thickness_mm,sCD163,Group_22C vs Group_15C (Reference),-262.12891610215183,0.06495993278796014,-540.5108385179904,16.253006313686626,0.23410106658590335,0.07453878879129994,81.13322445832519,0.37037690726637884,-180.99569164382666,0.09806223923081792,-59.6232708721799,0.09319017110241234,0.8535072291235895,False
Body_Density_kg_per_m3,BAFF_per_TNFSF13B,Group_8C vs Group_15C (Reference),47109.716092064715,0.06540251997993823,-3003.450375800712,97222.88255993015,0.3093064782234528,0.16541199452000555,-24644.94492258601,0.22729509910208445,9516.644480775361,0.5406406568941646,22464.771169478703,0.1445662817686879,0.8535072291235895,False
Weight_kg,sTNF-R2,Group_22C vs Group_15C (Reference),-34.7420371045106,0.0654570188411806,-71.7065100211706,2.222435812149392,0.167276390185364,-0.006207695192685048,16.48168652311703,0.21538385460045317,-18.26035058139357,0.1719515017331883,-10.506685118296733,0.8453984769296519,0.8535072291235895,False
VO2max_ml_per_kg_per_min,Osteopontin,Group_8C vs Group_15C (Reference),742.4733924786473,0.06609006131876077,-49.34907489132945,1534.2958598486239,0.2943142864655608,0.1472964294792194,-518.7804912277256,0.09284424792237912,66.46241438311756,0.8492261372407579,223.69290125092164,0.39072728442370797,0.8535072291235895,False
VO2max_ml_per_kg_per_min,IL-11,Group_8C vs Group_22C Contrast,-0.13156102124102056,0.06637222195466004,-0.27201496060558994,0.00889291812354881,0.3327047746752725,0.19368493606595427,-0.02687737788129564,0.24707668965908147,0.07898604256504206,0.05554667366458532,-0.0525749786759785,0.36956747278560975,0.8535072291235895,False
Body_Fat__Percent,Pentraxin-3,Group_22C vs Group_15C (Reference),-11.73460019041329,0.06658585038770204,-24.27202431551539,0.80282393468881,0.20225957649531356,0.036063654931837275,2.7783586557055324,0.335828292341392,-8.956241534707758,0.11665325949506555,0.7394240085526675,0.9177187450947604,0.8535072291235895,False
Weight_kg,Osteopontin,Group_22C vs Group_15C (Reference),-581.4656000186193,0.06688928127927818,-1203.4045387082945,40.4733386710559,0.2235008741675668,0.061730222952476654,342.4955033792325,0.15061974177007564,-238.97009663938678,0.25413669671280137,113.30949666408358,0.8545325468260561,0.8535072291235895,False
Max_Watts_W,sCD163,Group_8C vs Group_15C (Reference),129.85808438276882,0.06966932886351239,-10.44484607759398,270.1610148431316,0.20819766965448216,0.04323885083249934,-80.0379832199434,0.20908299014491527,-26.902892307654774,0.8845569762708889,49.820101162825424,0.12669737762392974,0.8667607806782632,False
Weight_kg,IL-11,Group_22C vs Group_15C (Reference),-0.07313917626148299,0.07204627530276714,-0.15283014394963754,0.0065517914266715604,0.4253526932148868,0.30563450430132155,0.041460359966479274,0.006150924083491079,-0.031678816295003714,0.40122283906144673,0.05627598727852906,0.35064264318291993,0.8667607806782632,False
Height_m,sIL-6Ra,Group_8C vs Group_15C (Reference),10199.33285599688,0.07275027830887974,-941.098551518453,21339.76426351221,0.20392749364430485,0.038079054820201796,-10062.970311368525,0.02096669021096768,-8630.139604553635,0.1718980328168389,136.36254462835495,0.9701815057036172,0.8667607806782632,False
Weight_kg,APRIL_per_TNFSF13,Group_22C vs Group_15C (Reference),-436.1410280969399,0.07310806186808186,-913.120124429694,40.83806823581409,0.2407367222503034,0.08255687271911671,165.49968279774467,0.3900830209862173,-270.6413452991952,0.06896000806681779,378.22569923630647,0.006203047923903249,0.8667607806782632,False
BSA_m2,IL-11,Group_8C vs Group_22C Contrast,5.150959174483809,0.07667630498785824,-0.5519443314605716,10.85386268042819,0.3429499726901898,0.2060645503339794,3.125623296193206,0.10541634411434786,-2.7006637618497287,0.24658276150132163,2.4502954126340803,0.15946922635851335,0.8667607806782632,False
BMI_kg·m2,Chitinase_3-like1,Group_22C vs Group_15C (Reference),-187.65421730647859,0.07691393480721818,-395.57988085433885,20.271446241381682,0.22551903937311024,0.06416883924250827,117.60568892960191,0.13521785749836354,-70.04852837687667,0.3245757755812777,-130.0379991687949,0.40393444169622894,0.8667607806782632,False
VO2max_ml_per_kg_per_min,IL-12p40,Group_22C vs Group_15C (Reference),1.9804806281545986,0.078253691722783,-0.22387474174757127,4.184835998056768,0.2712105981646241,0.11937947278225425,-0.7550791258388015,0.34276548793600614,1.2254015023157971,0.12306140047059988,-0.3390463449920461,0.676473945050188,0.8667607806782632,False
Body_Density_kg_per_m3,sTNF-R2,Group_22C vs Group_15C (Reference),28528.3576731954,0.07863460479215291,-3265.41039232408,60322.12573871488,0.19179370177347,0.023417389642942932,-15189.258884282412,0.11364810038672467,13339.09878891299,0.30763521339393884,9435.662226745506,0.6118943004777033,0.8667607806782632,False
BMI_kg·m2,MMP-3,Group_22C vs Group_15C (Reference),-336.302075432255,0.07931714951667831,-711.9527578153313,39.34860695082136,0.12412976870069947,-0.0583431961533214,216.80419836107956,0.08384781271857789,-119.49787707117542,0.4096694187821577,40.608611457902896,0.850386310565874,0.8667607806782632,False
BMI_kg·m2,APRIL_per_TNFSF13,Group_8C vs Group_15C (Reference),1134.7619933492242,0.07975452264233632,-134.6160068900192,2404.1399935884674,0.29363669559379846,0.14647767384250654,910.7096473747732,0.11372964839711194,-608.3395897345594,0.26733926246289186,2045.4716407239976,5.24780219279819e-12,0.8667607806782632,False
Body_Fat__Percent,sTNF-R2,Group_22C vs Group_15C (Reference),-64.95597431528644,0.08204039640292408,-138.16685119727714,8.25490256670426,0.19174785052615484,0.02336198605243711,34.488921100368295,0.11648696950892401,-30.467053214918145,0.31317207922270285,-22.405033480344592,0.6055245750811153,0.8667607806782632,False
BMI_kg·m2,IL-12p40,Group_22C vs Group_15C (Reference),-3.8212191503419444,0.08420858979389108,-8.158474564843683,0.5160362641597951,0.2682701660655421,0.11582645066253006,2.7143630177154843,0.08416642285168553,-1.10685613262646,0.47737963544113615,2.2432015559669987,0.2322800169761814,0.8667607806782632,False
BMI_kg·m2,Osteopontin,Group_22C vs Group_15C (Reference),-2247.78741672917,0.08528319619282174,-4807.949554147529,312.3747206891885,0.26418646552509384,0.11089197917615512,1444.3198225326003,0.07366572504084838,-803.46759419657,0.4339006114819919,180.29960425256604,0.8168661596060847,0.8667607806782632,False
BSA_m2,IL-29_per_IFN-lambda1,Group_8C vs Group_15C (Reference),-217.2685250130975,0.0858282510162008,-465.16228093958284,30.625230913387867,0.17347698813031553,0.0012846939907980026,159.30464519811213,0.055043124458949856,26.534319305052207,0.7085654195798254,-57.963879814985376,0.5434825987824023,0.8667607806782632,False
Weight_kg,Pentraxin-3,Group_8C vs Group_22C Contrast,5.3395891192956375,0.08823448375002486,-0.79936280093772,11.478541039528995,0.18473427432760414,0.01488724814585507,1.198554942252248,0.30114461233908274,-2.9473721306778766,0.17928700205573778,2.3922169886177613,0.2843809100739252,0.8667607806782632,False
BMI_kg·m2,MMP-2,Group_22C vs Group_15C (Reference),-781.9627226090507,0.0887953245027826,-1682.5565515561248,118.6311063380233,0.12036325217758004,-0.06289440361875731,560.4529566790063,0.08690341899625102,-221.5097659300444,0.4920833760610912,-385.95932307249245,0.8209908447327519,0.8667607806782632,False
BSA_m2,sCD30_per_TNFRSF8,Group_22C vs Group_15C (Reference),-143.40150914962226,0.08924018507164723,-308.78845814162605,21.985439842381567,0.19570027767936748,0.028137835529235766,21.786647864083843,0.7730744367532657,-121.61486128553841,0.0012098151863930706,9.77343665022084,0.9530929496663119,0.8667607806782632,False
Max_Watts_W,MMP-3,Group_8C vs Group_15C (Reference),18.79668279017148,0.09244288708178434,-3.0978428953178536,40.691208475660815,0.24850448045557283,0.09194291388381726,-15.508990929696136,0.04381866629898398,21.666369230779676,0.6634590458808995,3.287691860475345,0.6847945080750932,0.8667607806782632,False
Height_m,Chitinase_3-like1,Group_8C vs Group_15C (Reference),11306.884541939224,0.09265607291424532,-1872.0767679380842,24485.84585181653,0.20818008650743558,0.04321760452981804,-10607.389572773378,0.011205435564704668,-912.6824445775874,0.9019893606714555,699.4949691658458,0.894307952730991,0.8667607806782632,False
VO2max_ml_per_kg_per_min,sTNF-R2,Group_8C vs Group_15C (Reference),47.90680911192501,0.09461914831042928,-8.267008353870743,104.08062657772075,0.23493156272214188,0.07554230495592151,-31.47511961324035,0.014199092808252241,4.37379544925459,0.9230432898090324,16.43168949868466,0.5213818311121621,0.8667607806782632,False
Weight_kg,Pentraxin-3,Group_22C vs Group_15C (Reference),-4.1459270729301245,0.0948412274982687,-9.010565365537232,0.718711219676984,0.18473427432760414,0.01488724814585507,1.198554942252248,0.30114461233908274,-2.9473721306778766,0.17928700205573778,2.3922169886177613,0.2843809100739252,0.8667607806782632,False
VO2max_ml_per_kg_per_min,TSLP,Group_8C vs Group_22C Contrast,-2.3520685602561615,0.09502241033331822,-5.113440990775736,0.4093038702634124,0.23991998996866448,0.08156998787880299,-0.0725939012586944,0.9179005204528234,1.9178465394929276,0.008616723752275623,-0.43422202076323363,0.7185716896409668,0.8667607806782632,False
BMI_kg·m2,Pentraxin-3,Group_22C vs Group_15C (Reference),-18.9179565027305,0.09687195386957903,-41.251567647970575,3.4156546425095726,0.1714492255077127,-0.0011655191781805296,4.855204535001796,0.3234709267126188,-14.062751967728705,0.1712897400713893,4.13461536067821,0.7595928711967521,0.8667607806782632,False
Max_Watts_W,sCD30_per_TNFRSF8,Group_8C vs Group_15C (Reference),0.3491954569425371,0.09809258014984668,-0.06455265350664602,0.7629435673917202,0.18886709474278518,0.01988107281419882,-0.19725941043085624,0.18992766300232578,-0.26658461538455497,0.6398290826772111,0.15193604651168088,0.3047473554702187,0.8667607806782632,False
VO2max_ml_per_kg_per_min,IL-26,Group_22C vs Group_15C (Reference),1.6378622781146879,0.10022426776872534,-0.31506072807325136,3.590785284302627,0.14855245749430657,-0.028832447194379496,-0.8202852746525292,0.13980299426450063,0.8175770034621587,0.32294869318797326,0.04598014215227675,0.9361739371228237,0.8667607806782632,False
VO2max_ml_per_kg_per_min,IL-29_per_IFN-lambda1,Group_8C vs Group_15C (Reference),3.891756341787865,0.10067562122393642,-0.7547852141467781,8.538297897722508,0.2335965553386754,0.0739291710342328,-2.6134451321268406,0.03545316487459449,1.5073759613709514,0.3701911545295786,1.2783112096610245,0.5266337760102178,0.8667607806782632,False
VO2max_ml_per_kg_per_min,IL-20,Group_22C vs Group_15C (Reference),2.962817870989546,0.10090235505321347,-0.5769780293023783,6.502613771281471,0.2957528789356022,0.1490347287138527,-1.0861495491129252,0.1051959741542897,1.876668321876621,0.2631189998459682,-0.6119516280478154,0.14656860672903127,0.8667607806782632,False
Age_years,APRIL_per_TNFSF13,Group_22C vs Group_15C (Reference),-486.11404656880524,0.10255349206534127,-1069.7027815595927,97.4746884219822,0.22789593967127952,0.06704092710279619,278.2339630126511,0.21234770210423393,-207.88008355615415,0.2917930156312041,331.96957575175804,0.2369483316692289,0.8667607806782632,False
Skinfold_Thickness_mm,sIL-6Ra,Group_8C vs Group_15C (Reference),-13.677755637561699,0.1038595525848502,-30.160489162002687,2.804977886879289,0.1811889307557225,0.010603291329831399,7.535482293482738,0.310141078144618,-16.814069658863378,0.03376282697035826,-6.142273344078961,0.11988729583432689,0.8667607806782632,False
Skinfold_Thickness_mm,TSLP,Group_8C vs Group_22C Contrast,0.2885099617093939,0.10728824282695278,-0.06261001089977858,0.6396299343185664,0.2505985969029062,0.09447330459101166,0.02720541102281303,0.8646002971768703,-0.46207126151074673,6.224065395743494e-05,-0.17356129980135282,0.20527926232194327,0.8667607806782632,False
BSA_m2,IL-35,Group_8C vs Group_22C Contrast,420.8279202053393,0.107569791239385,-91.7349053581903,933.3907457688689,0.464818913487685,0.3533228537976194,127.28785786246762,0.18045184912974177,-37.35644405032214,0.6901291958564784,383.4714761550171,0.11626459026428781,0.8667607806782632,False
Max_Watts_W,TSLP,Group_22C vs Group_15C (Reference),0.38078552241406566,0.10783775023610287,-0.08335089499121068,0.8449219398193419,0.18449305319097387,0.014595772605760171,-0.021200907029379188,0.8714807332295664,0.35958461538468645,0.06829373519398962,-0.04863604651155515,0.5959846968960445,0.8667607806782632,False
Skinfold_Thickness_mm,IL-29_per_IFN-lambda1,Group_22C vs Group_15C (Reference),-0.539138566413567,0.10931531677043346,-1.1990439953968473,0.12076686256971303,0.15229215879802405,-0.024313641452387458,0.3649928149188196,0.13715895576438572,-0.17414575149474748,0.4496804060556314,-0.02954790855602868,0.967294539924513,0.8667607806782632,False
BMI_kg·m2,IL-11,Group_22C vs Group_15C (Reference),-0.23012430248177101,0.10944356082083832,-0.5118982596684882,0.051649654704946146,0.5498226342001175,0.45603568299180863,0.15045710737901816,9.64759268890707e-05,-0.07966719510275286,0.5651181455252368,0.3604653412406921,0.027517601682893522,0.8667607806782632,False
Weight_kg,Osteocalcin,Group_22C vs Group_15C (Reference),-51.61087834013078,0.10996209756784514,-114.89777225180433,11.676015571542756,0.11419453474641661,-0.07034827051474646,22.502707490799672,0.391548968147556,-29.10817084933111,0.12124870409047994,8.146860578050141,0.9425139578667006,0.8667607806782632,False
Max_Watts_W,APRIL_per_TNFSF13,Group_8C vs Group_15C (Reference),73.41161386385383,0.11002461136823498,-16.62386092628715,163.4470886539948,0.18877636715946133,0.019771443651015796,-57.652258049888964,0.11644545421674361,-69.37353846152561,0.5450186520718268,15.759355813964866,0.5679566416317725,0.8667607806782632,False
Body_Fat__Percent,sIL-6Ra,Group_8C vs Group_15C (Reference),-90.94936299607167,0.11080144984889875,-202.73748830457998,20.838762312436657,0.16109912912972768,-0.013671885634912284,54.94146917781908,0.2618397602927156,-81.22643319451771,0.060347487124857935,-36.00789381825259,0.2182916419100649,0.8667607806782632,False
Body_Density_kg_per_m3,sIL-6Ra,Group_8C vs Group_15C (Reference),39570.44757846067,0.11137150037257713,-9144.24414490506,88285.13930182639,0.16137076060287758,-0.013343664271522782,-24218.45277964075,0.25553290911778925,35256.96093783332,0.06105295707588154,15351.99479881992,0.23071312661642507,0.8667607806782632,False
Age_years,APRIL_per_TNFSF13,Group_8C vs Group_22C Contrast,539.8496593079122,0.11555342271605172,-132.51194143347357,1212.211260049298,0.22789593967127952,0.06704092710279619,278.2339630126511,0.21234770210423393,-207.88008355615415,0.2917930156312041,331.96957575175804,0.2369483316692289,0.8667607806782632,False
Body_Fat__Percent,TSLP,Group_22C vs Group_15C (Reference),-1.9940183569021817,0.11631395295557535,-4.48263090484616,0.4945941910417968,0.1861833025418913,0.016638157238118678,0.0005143154609873048,0.9995318228211305,-1.9935040414411944,0.03000423567082211,-0.8885882747942462,0.3130346984221577,0.8667607806782632,False
BSA_m2,MMP-3,Group_22C vs Group_15C (Reference),-7128.152968159453,0.11807343956725727,-16067.19022502096,1810.8842887020546,0.10746079130218,-0.07848487717653252,2592.1948721728077,0.47963838639164125,-4535.958095986645,0.09438659374258362,-702.9598926171507,0.8584892624857705,0.8667607806782632,False
Body_Density_kg_per_m3,IL-11,Group_8C vs Group_22C Contrast,-80.86399077642785,0.11835064004586694,-182.34952602785847,20.62154447500278,0.41933811958933775,0.2983668945037832,-23.245551482051923,0.06964296684301922,28.8954430511234,0.5165831698436849,-51.96854772530446,0.04891590482289043,0.8667607806782632,False
VO2max_ml_per_kg_per_min,sCD163,Group_8C vs Group_15C (Reference),694.3472136335967,0.11889357097384823,-178.33805322005435,1567.0324804872475,0.18896512129524523,0.019999521565087996,-499.25007664119966,0.18978912595005604,305.0432605226667,0.6468495666076857,195.097136992397,0.3979741985041483,0.8667607806782632,False
BSA_m2,sIL-6Ra,Group_22C vs Group_15C (Reference),-4433.5893743712795,0.12162713081317472,-10047.147649254848,1179.968900512289,0.1642144479813027,-0.009907542022592475,448.8929062705862,0.8646349721651287,-3984.6964681006934,0.00040567096670307556,667.8199377538976,0.8929008744919693,0.8667607806782632,False
Skinfold_Thickness_mm,IL-10,Group_8C vs Group_15C (Reference),-0.03371404349972167,0.12245553995185314,-0.07649568233430715,0.009067595334863794,0.2809671420475548,0.13116862997412881,0.02947084561138254,7.638331596433544e-05,-0.059133819940595245,0.31873426566360674,-0.004243197888339132,0.8361537712610878,0.8667607806782632,False
Body_Density_kg_per_m3,TSLP,Group_22C vs Group_15C (Reference),857.8892809756408,0.122689080891398,-231.41445095377344,1947.193012905055,0.18501563639892826,0.015227227315371739,3.2643670827968965,0.9931592611086191,861.1536480584376,0.0334234504203188,378.8291055433225,0.32214079732614054,0.8667607806782632,False
VO2max_ml_per_kg_per_min,IL-19,Group_22C vs Group_15C (Reference),0.6727087730133502,0.12288809047921193,-0.18191650981388396,1.5273340558405843,0.3157639428096295,0.1732147642283024,-0.38819301502522213,0.054760142900143895,0.28451575798812806,0.461505854761336,-4.951290994253057,0.36363064612551366,0.8667607806782632,False
Body_Fat__Percent,IL-11,Group_8C vs Group_22C Contrast,0.1862241468379738,0.12355523793634496,-0.050785173812904455,0.42323346748885204,0.4171972195645104,0.29577997364045006,0.052956640094627416,0.06728081385862007,-0.06636663348126079,0.5243723090696641,0.11985751335671302,0.05045961870178095,0.8667607806782632,False
Max_Watts_W,IL-11,Group_22C vs Group_15C (Reference),0.014905424733994503,0.12361388660667211,-0.004067472507765521,0.03387832197575453,0.23215978260667325,0.07219307064973024,-0.0035977324262983852,0.3113059134905626,0.011307692307696118,0.20919312104540388,0.003106976744189979,0.7568978166093356,0.8667607806782632,False
Muscle_Mass_kg,IL-35,Group_8C vs Group_22C Contrast,4.166895964149107,0.1246961962096625,-1.1524642076630256,9.486256135961238,0.3447894234630515,0.20828722001785394,-0.04946372359864282,0.9855312157139456,0.276957938287842,0.5330605769439121,4.443853902436949,0.09695460233666076,0.8667607806782632,False
Age_years,gp130_per_sIL-6Rb,Group_8C vs Group_15C (Reference),479.11541798904534,0.12540206036362309,-133.6456431693756,1091.8764791474664,0.201189188885179,0.034770269902924644,-35.888650128491385,0.7461479960834112,131.81476771390115,0.7456591671745201,443.22676786055393,0.1294628583709747,0.8667607806782632,False
Body_Density_kg_per_m3,IL-19,Group_22C vs Group_15C (Reference),511.7937443189737,0.1262643454627541,-144.25402927489426,1167.8415179128417,0.5652241046851332,0.4746457931612026,-234.9887998895156,0.05596249930140903,276.80494442945815,0.3739431593978304,-3701.322493889788,0.30207307999604716,0.8667607806782632,False
BSA_m2,Osteopontin,Group_22C vs Group_15C (Reference),-39686.065447412286,0.12636793744777547,-90571.93574697203,11199.804852147456,0.16965654019028809,-0.003331680603401832,21264.10345460868,0.3475515211969108,-18421.961992803605,0.14732271835401267,9880.635646888837,0.770894997016617,0.8667607806782632,False
Body_Fat__Percent,IL-19,Group_22C vs Group_15C (Reference),-1.1736460801663362,0.1292245942295745,-2.6898301647774687,0.3425380044447961,0.5731067727715098,0.4841706837655744,0.5357989679514253,0.05757563705209068,-0.6378471122149109,0.37585968884434573,8.65713779154278,0.3014364149091877,0.8667607806782632,False
Body_Fat__Percent,sCD163,Group_8C vs Group_15C (Reference),-891.879147981461,0.130245679625615,-2047.1312658676525,263.37296990473044,0.20983368523444512,0.045215702991621254,519.7514619159956,0.3350993694361265,-990.9789210374963,0.06769469927932525,-372.12768606546535,0.11798173362448772,0.8667607806782632,False
Max_Watts_W,Osteopontin,Group_8C vs Group_22C Contrast,113.72631216457799,0.13101349152162892,-33.88047925997475,261.3331035891307,0.34697702921659257,0.21093057697004935,-69.18085079363432,0.2529420569623231,-43.7488307692001,0.5439733194396306,69.9774813953779,0.001304121901872568,0.8667607806782632,False
Body_Density_kg_per_m3,sCD163,Group_8C vs Group_15C (Reference),386409.61933995807,0.13145816151873493,-115685.76160137344,888505.0002812896,0.20936185543759656,0.04464557532042923,-227101.2105526889,0.3318238695843798,431272.26063144964,0.06606465954716323,159308.40878726917,0.1263725477824309,0.8667607806782632,False
Body_Density_kg_per_m3,IL-12p40,Group_8C vs Group_22C Contrast,-1297.3242564016496,0.13261932288448855,-2988.151891416244,393.50337861294474,0.3089524524270426,0.1649842133493432,-456.3242111108115,0.31309519549784237,821.0000972165619,0.2858648922032567,-476.3241591850877,0.22242420694382736,0.8667607806782632,False
VO2max_ml_per_kg_per_min,IFN-a2,Group_22C vs Group_15C (Reference),1.0456552648935706,0.13531836106652909,-0.3266310757218627,2.4179416055090037,0.2530204449254758,0.09739970428495004,-0.5185809789665694,0.229190530792853,0.5270742859270012,0.3392782641317462,-0.2595878205082949,0.67364116057433,0.8667607806782632,False
BMI_kg·m2,TWEAK_per_TNFSF12,Group_22C vs Group_15C (Reference),-15.399379733501593,0.1356172433536908,-35.62452012366148,4.825760656658293,0.14734054883818726,-0.030296836820523643,10.881576814794075,0.19365636211349901,-4.517802918707519,0.4539844084504372,3.5465608796642156,0.7972005768541841,0.8667607806782632,False
Skinfold_Thickness_mm,TWEAK_per_TNFSF12,Group_8C vs Group_15C (Reference),-1.242673019301784,0.13587623155161135,-2.8758479684907554,0.39050192988718724,0.18027638606253205,0.009500633158892935,0.6752311521540897,0.36719544541203375,-0.6948411756719841,0.3756145660602428,-0.5674418671476944,0.12058069715280917,0.8667607806782632,False
BSA_m2,sCD163,Group_22C vs Group_15C (Reference),-42558.01631764653,0.1359173399016605,-98495.4881224095,13379.455487116444,0.1338966843922107,-0.04654150635941212,12399.732475178705,0.5843923747529767,-30158.283842467823,0.08197131329744511,3463.8377051580337,0.9359868679278864,0.8667607806782632,False
Body_Fat__Percent,TWEAK_per_TNFSF12,Group_8C vs Group_15C (Reference),-7.658902696745295,0.1366124605098751,-17.74349795665396,2.4256925631633726,0.1549627952622986,-0.02108662239138903,4.505076329721496,0.30815477626495136,-3.6386233367438043,0.32192351862335533,-3.1538263670237985,0.2309707476047227,0.8667607806782632,False
Skinfold_Thickness_mm,MMP-3,Group_22C vs Group_15C (Reference),-26.781893997663992,0.1376638069173158,-62.140518582333165,8.57673058700518,0.13758361347405934,-0.042086467052178334,14.362738030948972,0.13072553997887473,-12.41915596671502,0.41799408137437766,-3.67974853045153,0.7762858643950772,0.8667607806782632,False
Body_Density_kg_per_m3,MMP-3,Group_8C vs Group_15C (Reference),64822.61762925036,0.1377011669052334,-20767.154347583237,150412.38960608395,0.14723831598002957,-0.03042036819079752,-50364.327040801036,0.16842589707852518,8714.470152576847,0.8690468398657161,14458.290588449323,0.544704712901642,0.8667607806782632,False
Skinfold_Thickness_mm,IL-10,Group_22C vs Group_15C (Reference),-0.08860466555197778,0.13825449804394854,-0.20575997461017068,0.028550643506215112,0.2809671420475548,0.13116862997412881,0.02947084561138254,7.638331596433544e-05,-0.059133819940595245,0.31873426566360674,-0.004243197888339132,0.8361537712610878,0.8667607806782632,False
Body_Density_kg_per_m3,TWEAK_per_TNFSF12,Group_8C vs Group_15C (Reference),3319.776412090897,0.13849737761216832,-1072.4192891457142,7711.972113327508,0.153719820997121,-0.022588549628478782,-1967.8163847368023,0.3058334282829107,1583.8863815905443,0.31777684143361107,1351.9600273540946,0.2409011556621492,0.8667607806782632,False
Body_Fat__Percent,MMP-3,Group_8C vs Group_15C (Reference),-147.33196612725646,0.13955449168782175,-342.78016319753624,48.11623094302334,0.1452224205172079,-0.03285624187504044,113.67974602930244,0.16933042512493024,-20.58649695420766,0.8665812824934189,-33.65222009795403,0.545725697398562,0.8667607806782632,False
Body_Fat__Percent,IL-12p40,Group_8C vs Group_22C Contrast,2.9809835244277783,0.14016073049345548,-0.9796702370614248,6.941637285916981,0.3086784479625856,0.16465312462145765,1.045712183121867,0.31263845764368436,-1.8873231172934188,0.2943462407449904,1.0936604071343592,0.23391116319876248,0.8667607806782632,False
BSA_m2,sTNF-R2,Group_22C vs Group_15C (Reference),-2308.355677004844,0.14175822415169875,-5387.6254504335775,770.91409642389,0.13240111681462186,-0.04834865051566517,1009.8295192125017,0.40940710525758006,-1298.5261577923422,0.18731022138303866,-771.2248702491431,0.7690181746028109,0.8667607806782632,False
BMI_kg·m2,IL-35,Group_8C vs Group_15C (Reference),18.23623712432392,0.14196747195387338,-6.103074906013841,42.57554915466169,0.5402940024005786,0.44452191956736575,7.312107561354356,0.011807189952460266,-1.1991208997857523,0.8487448690049086,25.548344685678277,0.034344958565949435,0.8667607806782632,False
Max_Watts_W,IL-29_per_IFN-lambda1,Group_8C vs Group_22C Contrast,-0.8350789803220094,0.14273672078015218,-1.9518028651360662,0.2816449044920474,0.3216732074722328,0.18035512569561474,-0.4617151927434321,0.06752171063781406,0.8900615384618961,0.06347389176205342,0.05498255813988662,0.8581313452958044,0.8667607806782632,False
Body_Fat__Percent,Osteopontin,Group_22C vs Group_15C (Reference),-942.7263635353867,0.14294536506574454,-2204.038809785447,318.5860827146738,0.19114085082306242,0.022628528077867194,532.692138711796,0.2737875515115509,-410.03422482359065,0.3300440582750208,-151.5481064470955,0.5229396584739816,0.8667607806782632,False
Body_Density_kg_per_m3,Osteopontin,Group_22C vs Group_15C (Reference),410642.0811540756,0.14454084346041474,-140965.22361508285,962249.385923234,0.18890819551228377,0.01993073624400965,-231998.600141707,0.27827726206896186,178643.48101236863,0.3284609730150465,64309.90015653684,0.5311881991042879,0.8667607806782632,False
Skinfold_Thickness_mm,IL-19,Group_22C vs Group_15C (Reference),-0.1907087447196351,0.14488585666177803,-0.44710409221657177,0.06568660277730162,0.6442793770169758,0.5701709138955124,0.0763918179171389,0.03965946340291913,-0.1143169268024962,0.36210612310759926,1.5984668964575448,0.29805145556145307,0.8667607806782632,False
BMI_kg·m2,IL-19,Group_22C vs Group_15C (Reference),-1.6349305143619688,0.1462506104391321,-3.840448921396828,0.5705878926728905,0.5355746799759649,0.4388194049709576,1.2386747413873453,0.011183670618467761,-0.39625577297462344,0.6959101099782787,19.390232391029993,0.32222214657419657,0.8667607806782632,False
Weight_kg,BAFF_per_TNFSF13B,Group_22C vs Group_15C (Reference),-45.459551717643684,0.14656798984420336,-106.83264695403396,15.913543518746593,0.19149636377336088,0.02305810622614446,24.561432715779166,0.3208708740416971,-20.89811900186452,0.27619171994498437,-14.020719359611288,0.8502748501925232,0.8667607806782632,False
VO2max_ml_per_kg_per_min,IL-35,Group_22C vs Group_15C (Reference),4.011467922320334,0.14694819846211854,-1.4093510414762864,9.432286886116954,0.23315861236206992,0.07339998993750119,-1.8731055488792145,0.1725304948632892,2.138362373441119,0.3731049515308098,-4.639791220452657,0.40832230783638623,0.8667607806782632,False
BSA_m2,IL-12p70,Group_22C vs Group_15C (Reference),-6.553103700413541,0.14730066910385817,-15.416233855347924,2.310026454520843,0.26633908949720286,0.11349306647578683,4.282270805262052,0.21530415864501973,-2.2708328951514885,0.43620410108430274,1.3888050001588255,0.004105936223674833,0.8667607806782632,False
Skinfold_Thickness_mm,sCD163,Group_8C vs Group_15C (Reference),-140.7564953305051,0.1479528901347905,-331.4377386806453,49.9247480196351,0.23410106658590335,0.07453878879129994,81.13322445832519,0.37037690726637884,-180.99569164382666,0.09806223923081792,-59.6232708721799,0.09319017110241234,0.8667607806782632,False
BSA_m2,Pentraxin-3,Group_22C vs Group_15C (Reference),-271.9363218515295,0.14842807433148617,-640.7572560384929,96.88461233543381,0.1755326758790522,0.0037686500205215134,83.1556589567154,0.39674774074808694,-188.7806628948141,0.23971339724270146,190.25866922514962,0.031432204822680054,0.8667607806782632,False
Skinfold_Thickness_mm,sTNF-R2,Group_22C vs Group_15C (Reference),-10.242413835754828,0.14886291929460171,-24.148845811785183,3.6640181402755267,0.19491475130263503,0.02718865782401736,4.535762849718446,0.14468646919340297,-5.706650986036382,0.3708855147049721,-4.519604236166168,0.5630686279738513,0.8667607806782632,False
BSA_m2,IL-28A_per_IFN-lambda2,Group_22C vs Group_15C (Reference),-57.024775977691334,0.1494889038871172,-134.5682954192377,20.518743463855017,0.24411487048253944,0.08663880183306849,31.08458871784611,0.26714867766001416,-25.940187259845224,0.35316388707085977,-8.201434200278797,0.8709202795316147,0.8667607806782632,False
VO2max_ml_per_kg_per_min,IL-20,Group_8C vs Group_22C Contrast,-2.4886199499244364,0.15009748052562383,-5.877821143933051,0.9005812440841781,0.2957528789356022,0.1490347287138527,-1.0861495491129252,0.1051959741542897,1.876668321876621,0.2631189998459682,-0.6119516280478154,0.14656860672903127,0.8667607806782632,False
BSA_m2,IL-10,Group_22C vs Group_15C (Reference),-17.172200005451472,0.15067481550406184,-40.59136104585258,6.2469610349496385,0.21482436465544585,0.05124610729199708,11.52647008906722,0.11775686888374522,-5.645729916384253,0.5483628488496322,0.9833619229636756,0.9187175769316622,0.8667607806782632,False
VO2max_ml_per_kg_per_min,MMP-2,Group_8C vs Group_15C (Reference),492.0084365157506,0.1518563215373533,-180.92613876130162,1164.9430117928027,0.20734927550411397,0.042213707900804476,-237.65545629231323,0.03126898497220121,34.86765456351171,0.8464929271017421,254.35298022343736,0.4340220877371461,0.8667607806782632,False
Weight_kg,IL-19,Group_22C vs Group_15C (Reference),-0.3618352479237942,0.15209919878378517,-0.8570215860869714,0.13335109023938313,0.8060216482471841,0.7656094916320142,0.26053120559616516,0.09653444402279819,-0.10130404232762902,0.6091437719023884,5.547319541163733,0.27528354488442686,0.8667607806782632,False
Body_Density_kg_per_m3,IL-12p40,Group_22C vs Group_15C (Reference),1277.3243083273735,0.1523452296968165,-471.795791241741,3026.444407896488,0.3089524524270426,0.1649842133493432,-456.3242111108115,0.31309519549784237,821.0000972165619,0.2858648922032567,-476.3241591850877,0.22242420694382736,0.8667607806782632,False
Body_Density_kg_per_m3,TWEAK_per_TNFSF12,Group_22C vs Group_15C (Reference),3551.7027663273466,0.1539664995635212,-1331.094930364785,8434.500463019478,0.153719820997121,-0.022588549628478782,-1967.8163847368023,0.3058334282829107,1583.8863815905443,0.31777684143361107,1351.9600273540946,0.2409011556621492,0.8667607806782632,False
BMI_kg·m2,Chitinase_3-like1,Group_8C vs Group_15C (Reference),-247.6436880983968,0.1560095573394135,-589.7877349325123,94.50035873571869,0.22551903937311024,0.06416883924250827,117.60568892960191,0.13521785749836354,-70.04852837687667,0.3245757755812777,-130.0379991687949,0.40393444169622894,0.8667607806782632,False
BMI_kg·m2,IFN-a2,Group_8C vs Group_22C Contrast,2.762938011724628,0.15603920481083464,-1.054675510391132,6.580551533840389,0.3042119493213892,0.159256105430012,1.605735080575068,0.05030630176809689,-0.4028073923661575,0.8097888257180763,2.3601306193584706,0.017874785339412336,0.8667607806782632,False
Body_Fat__Percent,TWEAK_per_TNFSF12,Group_22C vs Group_15C (Reference),-8.1436996664653,0.1565255347376718,-19.40904870335544,3.1216493704248407,0.1549627952622986,-0.02108662239138903,4.505076329721496,0.30815477626495136,-3.6386233367438043,0.32192351862335533,-3.1538263670237985,0.2309707476047227,0.8667607806782632,False
VO2max_ml_per_kg_per_min,sIL-6Ra,Group_8C vs Group_15C (Reference),65.80777188001838,0.15661817565863806,-25.245841206220106,156.86138496625688,0.17369202022589392,0.0015445244396218305,-50.643930977541814,0.1060359965105987,39.998941944633145,0.5214045530452089,15.163840902476565,0.6584117328162877,0.8667607806782632,False
Weight_kg,IL-28A_per_IFN-lambda2,Group_22C vs Group_15C (Reference),-0.7207924783072438,0.15727978935622253,-1.7196948022089105,0.278109845594423,0.2517382867472361,0.09585042981957703,0.4326481491601924,0.11184804027083736,-0.2881443291470514,0.5037131110704565,-0.025364377352765755,0.9848233289826294,0.8667607806782632,False
Body_Fat__Percent,IL-12p40,Group_22C vs Group_15C (Reference),-2.933035300415286,0.1578055760492144,-7.0028987204512765,1.1368281196207048,0.3086784479625856,0.16465312462145765,1.045712183121867,0.31263845764368436,-1.8873231172934188,0.2943462407449904,1.0936604071343592,0.23391116319876248,0.8667607806782632,False
Max_Watts_W,IL-20,Group_8C vs Group_15C (Reference),0.15445985339875878,0.15791313590259137,-0.059923245145988624,0.3688429519435062,0.22795277512833134,0.0671096032800671,-0.16727845804979724,0.09935725198247805,0.24504615384628292,0.5304192438028945,-0.012818604651038457,0.7531154071317767,0.8667607806782632,False
Max_Watts_W,IL-28A_per_IFN-lambda2,Group_22C vs Group_15C (Reference),0.14887081807082478,0.15930167843909937,-0.058445120556718716,0.3561867566983683,0.2153143741500052,0.051838202097923,-0.06650158730154543,0.01488738075811606,0.08236923076927935,0.42021589227833545,0.015279069767489328,0.8097659723283415,0.8667607806782632,False
BSA_m2,BAFF_per_TNFSF13B,Group_22C vs Group_15C (Reference),-3310.771897614316,0.1598189141742472,-7927.035719491557,1305.4919242629248,0.16611294319440317,-0.00761352697342943,1428.7453946298833,0.4939395319640456,-1882.0265029844327,0.08382153266555936,-901.9751583606912,0.8221921979512745,0.8667607806782632,False
BSA_m2,APRIL_per_TNFSF13,Group_22C vs Group_15C (Reference),-29360.76374088089,0.16108603455331127,-70423.18520106195,11701.657719300169,0.19634423335599627,0.02891594863849556,5996.745043665345,0.7219628596679157,-23364.018697215546,0.06050078902715117,19307.579868974586,0.26634963620174146,0.8667607806782632,False
Skinfold_Thickness_mm,IL-11,Group_8C vs Group_22C Contrast,0.03453017220329728,0.1612006443996389,-0.01377601493421788,0.08283635934081243,0.41970610427239896,0.2988115426624821,0.006957054162897758,0.02473346175721935,-0.014232489809613467,0.5189422491099343,0.020297682393683816,0.06443471017403435,0.8667607806782632,False
Skinfold_Thickness_mm,Pentraxin-3,Group_22C vs Group_15C (Reference),-1.8470699736982392,0.16140203905370842,-4.432234053318551,0.7380941059220727,0.18240740842773917,0.012075618516851572,0.3802790705977058,0.22615497566325904,-1.4667909031005335,0.252200442327152,0.11968824415529328,0.9373286351370134,0.8667607806782632,False
Weight_kg,IL-12p70,Group_22C vs Group_15C (Reference),-0.08599839991707364,0.16372027235885223,-0.20702781373536838,0.03503101390122111,0.3204481320984649,0.1788748262856451,0.05543319852807111,0.15069412715051264,-0.030565201389002532,0.5261739004246127,0.028419052999761708,0.45944333016412453,0.8667607806782632,False
Max_Watts_W,IL-12p40,Group_22C vs Group_15C (Reference),0.3524897959183677,0.1639521659137706,-0.14385797284837726,0.8488375646851127,0.24790959084225317,0.09122408893438927,-0.1142897959182606,0.43782535393720046,0.2382000000001071,0.24753932734899164,0.045219767441966235,0.4356854940372703,0.8667607806782632,False
Body_Density_kg_per_m3,Osteocalcin,Group_22C vs Group_15C (Reference),34160.92672984266,0.16417114186687087,-13966.729168160222,82288.58262784554,0.09741687254854892,-0.09062127900383676,-19449.546959537438,0.22321915459219,14711.379770305219,0.4303258965661776,-4031.6768734824745,0.9204099065061244,0.8667607806782632,False
Weight_kg,IL-35,Group_22C vs Group_15C (Reference),-2.280369854845791,0.16566490076775198,-5.5044512362546385,0.9437115265630567,0.5873414285268603,0.5013708928032896,1.843112635260588,0.050295350584256576,-0.4372572195852029,0.7458045920730987,6.277719657967552,2.3373793767156315e-07,0.8667607806782632,False
Skinfold_Thickness_mm,Osteocalcin,Group_22C vs Group_15C (Reference),-13.672975094636243,0.16581511312216524,-33.01125638404248,5.66530619477,0.09406318978192219,-0.09467364568017733,5.374249844885029,0.31462921121238707,-8.298725249751215,0.31702114965811523,-0.8512918975053463,0.9530177443990071,0.8667607806782632,False
Height_m,APRIL_per_TNFSF13,Group_8C vs Group_22C Contrast,71609.65475821693,0.16774133444196704,-30133.839685365383,173353.14920179924,0.22230286531958354,0.060282628927830206,-66823.75778421399,0.10026400360318141,-71714.15638106667,0.05999614264719422,-104.50162284974067,0.9976329368699222,0.8667607806782632,False
VO2max_ml_per_kg_per_min,IL-12p70,Group_8C vs Group_22C Contrast,-0.09629415776353571,0.16791180081979923,-0.23316443797070413,0.04057612244363269,0.17495261355322222,0.003067741376810207,-0.027639427347629097,0.3458212877591773,0.056648008398779495,0.3741958922851234,-0.03964614936475622,0.16434694841941822,0.8667607806782632,False
Body_Fat__Percent,Osteocalcin,Group_22C vs Group_15C (Reference),-77.93611107508613,0.16796033709105007,-188.72329956437306,32.851077414200816,0.0969261397784672,-0.09121424776768539,44.220355694571,0.2276371971144655,-33.715755380515134,0.4333200871136167,8.367251154934557,0.9287954112779864,0.8667607806782632,False
VO2max_ml_per_kg_per_min,IL-12p40,Group_8C vs Group_22C Contrast,-1.5644478473078431,0.16865676956641454,-3.7920140888942226,0.6631183942785361,0.2712105981646241,0.11937947278225425,-0.7550791258388015,0.34276548793600614,1.2254015023157971,0.12306140047059988,-0.3390463449920461,0.676473945050188,0.8667607806782632,False
BMI_kg·m2,BAFF_per_TNFSF13B,Group_22C vs Group_15C (Reference),-152.3835233702044,0.1687562747394542,-369.404160224926,64.63711348451722,0.20352337687824662,0.03759074706121468,109.81682492932592,0.23930958826364102,-42.56669844087847,0.4750202832867416,-41.6327643436573,0.7778192523217751,0.8667607806782632,False
BMI_kg·m2,IL-12p40,Group_8C vs Group_22C Contrast,3.3500576885934588,0.16975247734368643,-1.4322548236948287,8.132370200881747,0.2682701660655421,0.11582645066253006,2.7143630177154843,0.08416642285168553,-1.10685613262646,0.47737963544113615,2.2432015559669987,0.2322800169761814,0.8667607806782632,False
Body_Fat__Percent,IL-29_per_IFN-lambda1,Group_22C vs Group_15C (Reference),-3.457020118195437,0.17027275524296082,-8.397949866855198,1.4839096304643236,0.17863675519531275,0.007519412527669633,3.1985660573746495,0.07644595543432364,-0.2584540608207875,0.8832157701334662,0.0006140206784892577,0.9998652474907841,0.8667607806782632,False
Body_Density_kg_per_m3,IL-29_per_IFN-lambda1,Group_22C vs Group_15C (Reference),1517.9880188815578,0.1722770069387174,-661.7687463648613,3697.744784127977,0.17984676361968244,0.008981506040449672,-1414.1563119839684,0.07639425627825765,103.83170689758936,0.893362990653845,-17.67375899501667,0.9909143081513307,0.8708583274998897,False
Max_Watts_W,BAFF_per_TNFSF13B,Group_8C vs Group_15C (Reference),8.369522409431843,0.17289768257573568,-3.6660915835942447,20.40513640245793,0.30444840111946525,0.15954181801935385,-7.6896421768702465,0.17633585868862434,-0.4277538461500523,0.9702653801598335,0.6798802325615965,0.7691330394055105,0.8708583274998897,False
Weight_kg,TWEAK_per_TNFSF12,Group_22C vs Group_15C (Reference),-3.6875388763928765,0.17692804598329004,-9.040113491830677,1.6650357390449253,0.09497382598058057,-0.09357329360679834,2.337758908077345,0.312478997466451,-1.3497799683155316,0.3517477483908882,0.5116110366978692,0.947020042042632,0.872384621702481,False
Weight_kg,IL-20,Group_8C vs Group_15C (Reference),-0.9653590992930465,0.17703493059159314,-2.3669530665155656,0.4362348679294725,0.23229074851347287,0.0723513211204464,0.9492742831638998,0.11475856347312115,-0.6311436846906344,0.5301417168792775,-0.016084816129146695,0.9667747333162033,0.872384621702481,False
Weight_kg,IL-20,Group_22C vs Group_15C (Reference),-1.5804179678545343,0.17740936592830736,-3.8769931174946937,0.7161571817856249,0.23229074851347287,0.0723513211204464,0.9492742831638998,0.11475856347312115,-0.6311436846906344,0.5301417168792775,-0.016084816129146695,0.9667747333162033,0.872384621702481,False
BMI_kg·m2,TSLP,Group_22C vs Group_15C (Reference),-3.585746687153895,0.178530668105074,-8.809839081167675,1.6383457068598855,0.14769734337038032,-0.029865710094123754,0.5851206317777018,0.6595270249584457,-3.000626055376193,0.19413684134280018,-0.5323736267837473,0.8362415941682912,0.872384621702481,False
VO2max_ml_per_kg_per_min,BAFF_per_TNFSF13B,Group_8C vs Group_15C (Reference),66.08050909840105,0.17949368676739175,-30.406053172552063,162.56707136935415,0.2791397424914175,0.1289605221771295,-42.75950294182699,0.24992546057978415,14.416936776038938,0.6714481647042796,23.321006156574065,0.4700609618469769,0.872384621702481,False
Body_Density_kg_per_m3,BAFF_per_TNFSF13B,Group_22C vs Group_15C (Reference),34161.58940336137,0.1831363977617454,-16137.014176960802,84460.19298368355,0.3093064782234528,0.16541199452000555,-24644.94492258601,0.22729509910208445,9516.644480775361,0.5406406568941646,22464.771169478703,0.1445662817686879,0.872384621702481,False
Muscle_Mass_kg,sIL-6Ra,Group_8C vs Group_22C Contrast,48.0894120641627,0.1849302148364946,-23.007626429497506,119.18645055782291,0.16778957713118736,-0.005587594299815146,-49.01592659313808,0.5571120513174013,-36.18440954772089,0.08514188162782177,11.905002516441812,0.6871830069299665,0.872384621702481,False
Weight_kg,TSLP,Group_22C vs Group_15C (Reference),-0.8314364252872068,0.18496720292741609,-2.060741506584682,0.3978686560102682,0.16224316952779305,-0.012289503487250109,0.11151013771996196,0.7793872556223045,-0.7199262875672449,0.13745148863615197,-0.3866603926896218,0.5825638804001896,0.872384621702481,False
Skinfold_Thickness_mm,Osteopontin,Group_22C vs Group_15C (Reference),-162.96788045435932,0.18714152336657985,-405.11434919879525,79.17858829007665,0.2225896600636984,0.06062917257696898,78.6155430121281,0.2830422355620321,-84.35233744223122,0.3965823804713988,-28.440814613805216,0.5122964100537393,0.872384621702481,False
Skinfold_Thickness_mm,IL-12p40,Group_22C vs Group_15C (Reference),-0.4961795087950004,0.18833213478789923,-1.2354211924659646,0.2430621748759637,0.3124316635168921,0.16918826008291132,0.1603722911429286,0.32590697514891487,-0.3358072176520718,0.3233328849161097,0.15137536459805875,0.3383451733816276,0.872384621702481,False
Body_Fat__Percent,BAFF_per_TNFSF13B,Group_22C vs Group_15C (Reference),-78.03588287816153,0.1888877654773533,-194.445240235776,38.37347447945295,0.3115190998187125,0.168085578947611,56.22527732675982,0.23246450062241797,-21.810605551401707,0.5468143872060884,-52.62084479768495,0.13769425200738517,0.872384621702481,False
BMI_kg·m2,IL-20,Group_22C vs Group_15C (Reference),-6.2656368637338895,0.19198555870334189,-15.677885752894703,3.1466120254269248,0.26457235977290083,0.1113582680589219,4.034362755013058,0.0021615324035641945,-2.2312741087208314,0.6290203269330712,-0.466199562428784,0.762383895332186,0.872384621702481,False
Height_m,Osteopontin,Group_8C vs Group_15C (Reference),67965.7975019634,0.19296255597347745,-34357.03964407512,170288.63464800193,0.11824514293778432,-0.06545378561684378,-45493.5865314992,0.32959376495777193,-39158.871779508714,0.4785241935772775,22472.210970464206,0.3370955598570231,0.872384621702481,False
Skinfold_Thickness_mm,IL-12p40,Group_8C vs Group_22C Contrast,0.48718258225013056,0.1938602406689043,-0.24776630791436316,1.2221314724146244,0.3124316635168921,0.16918826008291132,0.1603722911429286,0.32590697514891487,-0.3358072176520718,0.3233328849161097,0.15137536459805875,0.3383451733816276,0.872384621702481,False
Weight_kg,MMP-2,Group_22C vs Group_15C (Reference),-186.26011917470757,0.19410946540868124,-467.398449870768,94.87821152135282,0.11658153275514793,-0.06746398125419617,103.32630979706359,0.36368112802818675,-82.93380937764398,0.3425976720827135,-153.9277699661689,0.8159935433961949,0.872384621702481,False
VO2max_ml_per_kg_per_min,sIL-6Ra,Group_22C vs Group_15C (Reference),90.64287292217496,0.19414359391757496,-46.18264038460852,227.46838622895842,0.17369202022589392,0.0015445244396218305,-50.643930977541814,0.1060359965105987,39.998941944633145,0.5214045530452089,15.163840902476565,0.6584117328162877,0.872384621702481,False
Max_Watts_W,IL-29_per_IFN-lambda1,Group_8C vs Group_15C (Reference),0.5166977508833187,0.19419281723340964,-0.2633441503380769,1.2967396521047143,0.3216732074722328,0.18035512569561474,-0.4617151927434321,0.06752171063781406,0.8900615384618961,0.06347389176205342,0.05498255813988662,0.8581313452958044,0.872384621702481,False
BSA_m2,IL-26,Group_8C vs Group_22C Contrast,65.39402095905335,0.1949197660685662,-33.49200276115617,164.28004467926286,0.09483557551179256,-0.093740346256584,26.304634312385677,0.4735000778894902,-43.92719195082532,0.3371182371728203,21.466829008228032,0.31215798360243907,0.872384621702481,False
VO2max_ml_per_kg_per_min,MMP-2,Group_22C vs Group_15C (Reference),272.52311085582494,0.1969778652133395,-141.46811045217487,686.5143321638247,0.20734927550411397,0.042213707900804476,-237.65545629231323,0.03126898497220121,34.86765456351171,0.8464929271017421,254.35298022343736,0.4340220877371461,0.872384621702481,False
Height_m,sCD163,Group_8C vs Group_15C (Reference),69386.50991301425,0.19763837538472928,-36174.38150800568,174947.40133403416,0.10877591397852815,-0.07689577060927832,-68168.13649529273,0.14075901266057197,-48447.306770521296,0.6281418888347732,1218.3734177215229,0.9647249803048443,0.872384621702481,False
BSA_m2,sTNF-R1,Group_22C vs Group_15C (Reference),-456.5003259217956,0.20001530271033263,-1154.6810781784727,241.68042633488153,0.13839697686910646,-0.04110365294982965,54.33274742569178,0.7699690712022863,-402.16757849610383,0.18575115745669324,189.53858703925766,0.7938873894237017,0.872384621702481,False
Height_m,sCD30_per_TNFRSF8,Group_8C vs Group_15C (Reference),223.9617201360951,0.20026377334233003,-118.75904685672793,566.6824871289182,0.17838997637805853,0.007221221456820803,-243.06915278783174,0.05654075049429234,-227.91431995206693,0.3296214309031371,-19.107432651736644,0.8731704028333505,0.872384621702481,False
Height_m,sTNF-R1,Group_8C vs Group_15C (Reference),976.4143003731386,0.20230654880288323,-524.5468305111173,2477.3754312573947,0.16182768675200598,-0.012791545174659413,-223.36821144098352,0.6736463633673219,-984.3825644098271,0.011118898424292478,753.0460889321552,0.17282462331529924,0.872384621702481,False
BMI_kg·m2,IL-28A_per_IFN-lambda2,Group_22C vs Group_15C (Reference),-2.208897188850438,0.20521699133493843,-5.62637831806498,1.2085839403641034,0.25884937929394447,0.10444299998018292,1.6218864179769523,0.08733896088180367,-0.5870107708734855,0.6882391968842456,0.8789878337620701,0.7843139267539114,0.872384621702481,False
Body_Fat__Percent,Osteopontin,Group_8C vs Group_15C (Reference),-684.2402451588915,0.2063603007166529,-1745.530869497975,377.05037918019195,0.19114085082306242,0.022628528077867194,532.692138711796,0.2737875515115509,-410.03422482359065,0.3300440582750208,-151.5481064470955,0.5229396584739816,0.872384621702481,False
Skinfold_Thickness_mm,TWEAK_per_TNFSF12,Group_22C vs Group_15C (Reference),-1.3700723278260738,0.20639810610970588,-3.495299648849415,0.7551549931972672,0.18027638606253205,0.009500633158892935,0.6752311521540897,0.36719544541203375,-0.6948411756719841,0.3756145660602428,-0.5674418671476944,0.12058069715280917,0.872384621702481,False
Skinfold_Thickness_mm,Osteopontin,Group_8C vs Group_15C (Reference),-107.05635762593332,0.20854038541255326,-273.90465468850687,59.79193943664026,0.2225896600636984,0.06062917257696898,78.6155430121281,0.2830422355620321,-84.35233744223122,0.3965823804713988,-28.440814613805216,0.5122964100537393,0.872384621702481,False
VO2max_ml_per_kg_per_min,APRIL_per_TNFSF13,Group_8C vs Group_22C Contrast,-828.0283866217003,0.20939054116319467,-2120.953796447362,464.8970232039612,0.29269962045267905,0.14534537471365394,-360.9002627783068,0.11681974389325796,183.43272618524452,0.7487560978533612,-644.5956604364558,0.048908840244223706,0.872384621702481,False
VO2max_ml_per_kg_per_min,Osteopontin,Group_22C vs Group_15C (Reference),585.2429056108432,0.20953396014427406,-328.85590004180517,1499.3417112634916,0.2943142864655608,0.1472964294792194,-518.7804912277256,0.09284424792237912,66.46241438311756,0.8492261372407579,223.69290125092164,0.39072728442370797,0.872384621702481,False
Height_m,Pentraxin-3,Group_8C vs Group_22C Contrast,480.5940628592199,0.20960182123111562,-270.17790306598135,1231.3660287844211,0.1028789544785409,-0.08402126333842963,-90.73714699493142,0.7943870254241887,-95.33343319353004,0.7711853278618734,385.2606296656898,0.05187947369050572,0.872384621702481,False
VO2max_ml_per_kg_per_min,Osteocalcin,Group_22C vs Group_15C (Reference),72.19994346737096,0.21090311251934768,-40.90922082046224,185.30910775520414,0.18740680592961656,0.018116557164953417,-51.74485794367941,0.03149200576326075,20.455085523691544,0.6965744989214107,-9.015092414892884,0.8732935563730699,0.872384621702481,False
BMI_kg·m2,IL-11,Group_8C vs Group_15C (Reference),0.21000823386167397,0.21137310067828619,-0.11933166979834023,0.5393481375216882,0.5498226342001175,0.45603568299180863,0.15045710737901816,9.64759268890707e-05,-0.07966719510275286,0.5651181455252368,0.3604653412406921,0.027517601682893522,0.872384621702481,False
Body_Density_kg_per_m3,Osteopontin,Group_8C vs Group_15C (Reference),296308.50029824383,0.21188530731180977,-168890.85597804328,761507.856574531,0.18890819551228377,0.01993073624400965,-231998.600141707,0.27827726206896186,178643.48101236863,0.3284609730150465,64309.90015653684,0.5311881991042879,0.872384621702481,False
Muscle_Mass_kg,IL-12p70,Group_22C vs Group_15C (Reference),-0.07844138252549339,0.213864018398913,-0.20212682430071816,0.04524405924973138,0.17850888436637025,0.007364901942697455,0.062282186187417446,0.16725197195882735,-0.016159196338075943,0.714321531127132,0.028607873734443887,0.015580606414498765,0.872384621702481,False
Skinfold_Thickness_mm,BAFF_per_TNFSF13B,Group_22C vs Group_15C (Reference),-13.411819687087256,0.2147498799059654,-34.60033575977266,7.77669638559815,0.3701006828687121,0.2388716584663605,8.545036344684801,0.27036964790788764,-4.866783342402455,0.518317422400612,-9.61155125062029,0.08452456599720026,0.872384621702481,False
Height_m,APRIL_per_TNFSF13,Group_8C vs Group_15C (Reference),66719.25616136425,0.21487855274196255,-38716.00945617836,172154.52177890687,0.22230286531958354,0.060282628927830206,-66823.75778421399,0.10026400360318141,-71714.15638106667,0.05999614264719422,-104.50162284974067,0.9976329368699222,0.872384621702481,False
BSA_m2,IL-12p70,Group_8C vs Group_22C Contrast,3.659637895310314,0.21575851367260196,-2.134831934898874,9.454107725519503,0.26633908949720286,0.11349306647578683,4.282270805262052,0.21530415864501973,-2.2708328951514885,0.43620410108430274,1.3888050001588255,0.004105936223674833,0.872384621702481,False
Weight_kg,IL-11,Group_8C vs Group_22C Contrast,0.08795480357353277,0.21626744338635095,-0.051462436624625685,0.22737204377169123,0.4253526932148868,0.30563450430132155,0.041460359966479274,0.006150924083491079,-0.031678816295003714,0.40122283906144673,0.05627598727852906,0.35064264318291993,0.872384621702481,False
Age_years,IL-12p40,Group_8C vs Group_15C (Reference),0.9247062338759852,0.21629568996927773,-0.5411096717424632,2.3905221394944336,0.2316300213186525,0.07155294242670518,-0.06666275561513008,0.9199418528639403,-0.49028743315508305,0.42322157735006627,0.858043478260855,0.013022701514654234,0.872384621702481,False
BSA_m2,IL-35,Group_22C vs Group_15C (Reference),-164.64430191278976,0.21732984284388168,-426.22128005417517,96.93267622859568,0.464818913487685,0.3533228537976194,127.28785786246762,0.18045184912974177,-37.35644405032214,0.6901291958564784,383.4714761550171,0.11626459026428781,0.872384621702481,False
BMI_kg·m2,IL-35,Group_22C vs Group_15C (Reference),-8.511228461140108,0.21909192808270694,-22.08521521568923,5.062758293409013,0.5402940024005786,0.44452191956736575,7.312107561354356,0.011807189952460266,-1.1991208997857523,0.8487448690049086,25.548344685678277,0.034344958565949435,0.872384621702481,False
Muscle_Mass_kg,APRIL_per_TNFSF13,Group_8C vs Group_22C Contrast,321.55802932630365,0.21951499211789907,-191.75365093215294,834.8697095847602,0.13158003050958345,-0.04934079646758671,-248.6859504654339,0.722211829840652,-161.73777743086853,0.2448998907954465,159.82025189543515,0.47139183540246066,0.872384621702481,False
Muscle_Mass_kg,IL-11,Group_8C vs Group_22C Contrast,0.0586823268332435,0.22079324649324955,-0.03525375362107613,0.15261840728756312,0.2831656654760827,0.13382517911693326,0.028516978250468613,0.5942438973182063,-0.014887303325171481,0.6699428253925872,0.043795023508072024,0.1820377566590179,0.872384621702481,False
BSA_m2,Osteocalcin,Group_22C vs Group_15C (Reference),-3279.0876344612325,0.22137775068586685,-8534.657769464442,1976.482500541977,0.09303341968565582,-0.09591795121316582,961.8464398884762,0.677089376296798,-2317.2411945727563,0.08891940414469568,-88.45998328921587,0.981740888394194,0.872384621702481,False
Age_years,Pentraxin-3,Group_22C vs Group_15C (Reference),-2.9981674409963874,0.2237729017539738,-7.828439552032971,1.832104670040196,0.12564122931120725,-0.05651684791562461,-0.20829813386984572,0.9048088122530181,-3.206465574866233,0.06590114215904719,0.7777782034093362,0.7795935577611592,0.872384621702481,False
BSA_m2,IL-29_per_IFN-lambda1,Group_22C vs Group_15C (Reference),-132.77032589305992,0.22422732690742775,-346.8831978514319,81.34254606531204,0.17347698813031553,0.0012846939907980026,159.30464519811213,0.055043124458949856,26.534319305052207,0.7085654195798254,-57.963879814985376,0.5434825987824023,0.872384621702481,False
Body_Density_kg_per_m3,Chitinase_3-like1,Group_22C vs Group_15C (Reference),37478.883809823325,0.22432327596886004,-22974.18255215424,97931.95017180088,0.284100450062863,0.1349547104926262,-24694.434913795594,0.3473762310353403,12784.44889602773,0.428523696991697,35303.808326905026,0.054076138862889644,0.872384621702481,False
Age_years,Pentraxin-3,Group_8C vs Group_22C Contrast,3.9842437782755695,0.22460217137900282,-2.4462884743480755,10.414776030899215,0.12564122931120725,-0.05651684791562461,-0.20829813386984572,0.9048088122530181,-3.206465574866233,0.06590114215904719,0.7777782034093362,0.7795935577611592,0.872384621702481,False
Skinfold_Thickness_mm,MMP-2,Group_8C vs Group_15C (Reference),-107.60723727447072,0.22673798881326312,-282.08236666317157,66.86789211423016,0.19621423734709353,0.028758870127738034,30.458978116078605,0.21711936004021748,-17.56965706991509,0.6304559770218197,-77.14825915839211,0.3670577789315004,0.872384621702481,False
Skinfold_Thickness_mm,sIL-6Ra,Group_8C vs Group_22C Contrast,10.671796314784416,0.22789573184661718,-6.675003309774237,28.01859593934307,0.1811889307557225,0.010603291329831399,7.535482293482738,0.310141078144618,-16.814069658863378,0.03376282697035826,-6.142273344078961,0.11988729583432689,0.872384621702481,False
Height_m,gp130_per_sIL-6Rb,Group_8C vs Group_15C (Reference),-60235.0181088165,0.2287439549991125,-158322.75407614416,37852.71785851117,0.17732351259254497,0.005932577715991871,14580.703113684958,0.5407135169247157,-36827.79838226456,0.4883118390496941,-45654.31499513154,0.2995148769934115,0.872384621702481,False
Body_Fat__Percent,Chitinase_3-like1,Group_22C vs Group_15C (Reference),-84.76936755384241,0.22909358814179792,-222.91297716982572,53.374242062140894,0.28289895045451463,0.13350289846587193,55.588374803432586,0.35306291266904766,-29.18099275040983,0.4329422071655764,-82.4062589832604,0.05019900022062074,0.872384621702481,False
Height_m,sIL-6Ra,Group_8C vs Group_22C Contrast,8766.50214918199,0.22946430604393045,-5531.386940866874,23064.391239230856,0.20392749364430485,0.038079054820201796,-10062.970311368525,0.02096669021096768,-8630.139604553635,0.1718980328168389,136.36254462835495,0.9701815057036172,0.872384621702481,False
VO2max_ml_per_kg_per_min,IL-12p70,Group_22C vs Group_15C (Reference),0.0842874357464086,0.229649663420453,-0.05323490817314022,0.2218097796659574,0.17495261355322222,0.003067741376810207,-0.027639427347629097,0.3458212877591773,0.056648008398779495,0.3741958922851234,-0.03964614936475622,0.16434694841941822,0.872384621702481,False
BSA_m2,IL-26,Group_22C vs Group_15C (Reference),-70.23182626321099,0.2312020314702934,-185.2034333098811,44.73978078345911,0.09483557551179256,-0.093740346256584,26.304634312385677,0.4735000778894902,-43.92719195082532,0.3371182371728203,21.466829008228032,0.31215798360243907,0.872384621702481,False
Weight_kg,IL-10,Group_22C vs Group_15C (Reference),-0.22211159447644174,0.23237931268804835,-0.5866331838691063,0.14240999491622292,0.2496335006334155,0.09330714659871042,0.15651072977010017,0.021423638467707583,-0.06560086470634158,0.7046937583014001,0.024955881139337915,0.9149189018486816,0.872384621702481,False
BMI_kg·m2,sIL-6Ra,Group_8C vs Group_22C Contrast,255.90023079043104,0.23246220967249304,-164.1563269328269,675.9567885136889,0.189317813317452,0.020425691091921272,119.40873243617736,0.16533573281241265,-175.1325681826958,0.028686507415527807,80.76766260773525,0.6845442400362729,0.872384621702481,False
Height_m,Pentraxin-3,Group_8C vs Group_15C (Reference),475.99777666062124,0.2347580851103831,-309.1776138305033,1261.1731671517457,0.1028789544785409,-0.08402126333842963,-90.73714699493142,0.7943870254241887,-95.33343319353004,0.7711853278618734,385.2606296656898,0.05187947369050572,0.872384621702481,False
Body_Density_kg_per_m3,sTNF-R1,Group_8C vs Group_15C (Reference),5237.435898739935,0.23498421945038928,-3406.0772476109187,13880.949045090787,0.1225360441100779,-0.06026894670032257,-1754.108234901954,0.25428086826431906,2119.9620085748666,0.6503060572470236,3483.3276638379807,0.39932474012307484,0.872384621702481,False
Age_years,IL-10,Group_8C vs Group_15C (Reference),-0.1390906985548785,0.23534144489846864,-0.3688118769128449,0.09063047980308789,0.15098861994097168,-0.025888750904659252,0.09893842887473892,0.32155630433174276,-0.032190842245990725,0.8724072177500439,-0.040152269680139574,0.5134475458717689,0.872384621702481,False
Max_Watts_W,IL-28A_per_IFN-lambda2,Group_8C vs Group_15C (Reference),0.08178065706903476,0.2365806699977958,-0.053645414682813114,0.21720672882088263,0.2153143741500052,0.051838202097923,-0.06650158730154543,0.01488738075811606,0.08236923076927935,0.42021589227833545,0.015279069767489328,0.8097659723283415,0.872384621702481,False
Weight_kg,IL-12p40,Group_22C vs Group_15C (Reference),-0.8012584697983112,0.23660799037784996,-2.1281934124157593,0.525676472819137,0.21235494634001761,0.04826222682752135,0.6509163114365786,0.1658602795394548,-0.1503421583617326,0.7577938706415814,0.19288242164932018,0.34431517894293995,0.872384621702481,False
Skinfold_Thickness_mm,APRIL_per_TNFSF13,Group_8C vs Group_15C (Reference),78.42455666476297,0.2366188425199307,-51.45449944181681,208.30361277134276,0.2578509202644024,0.10323652865281963,48.239738807395376,0.2764124070450338,-105.85743042777801,0.03602759859766902,126.66429547215836,0.010134838678296898,0.872384621702481,False
Skinfold_Thickness_mm,IL-35,Group_8C vs Group_22C Contrast,1.9592477372261008,0.2380719270613254,-1.2955932523017648,5.214088726753967,0.4003607346616287,0.2754358877161347,0.41605666772577543,0.06998973677701466,-0.40990313476473406,0.6139171078494423,1.5493446024613666,0.28471894971400014,0.872384621702481,False
Muscle_Mass_kg,IL-28A_per_IFN-lambda2,Group_8C vs Group_15C (Reference),0.6831219282508235,0.23883124968636704,-0.4535445794947853,1.8197884359964323,0.19623725360577782,0.028786681440314932,-0.3710662295315979,0.3413608412077762,-0.11358669611546135,0.7493797301155432,0.3120556987192256,0.4672228511529575,0.872384621702481,False
Body_Fat__Percent,sTNF-R1,Group_8C vs Group_15C (Reference),-12.025083260283592,0.23910073360911133,-32.045453436156095,7.995286915588908,0.12181805772077292,-0.061136513587399355,3.942241970836829,0.2582690421080788,-4.7877754870722224,0.6580605961174353,-8.082841289446764,0.39985697986411206,0.872384621702481,False
Body_Density_kg_per_m3,sTNF-R2,Group_8C vs Group_15C (Reference),24624.921111027918,0.2393660802750468,-16395.88153630502,65645.72375836085,0.19179370177347,0.023417389642942932,-15189.258884282412,0.11364810038672467,13339.09878891299,0.30763521339393884,9435.662226745506,0.6118943004777033,0.872384621702481,False
Muscle_Mass_kg,IL-35,Group_8C vs Group_15C (Reference),4.493317626035592,0.23973568041166693,-2.9976514915771,11.984286743648283,0.3447894234630515,0.20828722001785394,-0.04946372359864282,0.9855312157139456,0.276957938287842,0.5330605769439121,4.443853902436949,0.09695460233666076,0.872384621702481,False
Body_Fat__Percent,sTNF-R2,Group_8C vs Group_15C (Reference),-56.89395458071289,0.2420055958621421,-152.20267060465247,38.414761443226695,0.19174785052615484,0.02336198605243711,34.488921100368295,0.11648696950892401,-30.467053214918145,0.31317207922270285,-22.405033480344592,0.6055245750811153,0.872384621702481,False
Skinfold_Thickness_mm,IL-11,Group_8C vs Group_15C (Reference),0.013340628230786057,0.2421375345188551,-0.009013846523602796,0.035695102985174906,0.41970610427239896,0.2988115426624821,0.006957054162897758,0.02473346175721935,-0.014232489809613467,0.5189422491099343,0.020297682393683816,0.06443471017403435,0.872384621702481,False
Body_Fat__Percent,IL-10,Group_22C vs Group_15C (Reference),-0.524972135938149,0.2431677689941958,-1.40657751235277,0.35663324047647194,0.2841884189128816,0.1350610061863986,0.23751260260433638,0.002745863300781965,-0.2874595333338126,0.5161805333739411,-0.03046321020502768,0.7405964070300655,0.872384621702481,False
Max_Watts_W,Pentraxin-3,Group_8C vs Group_22C Contrast,1.6662881037566803,0.2448483073832729,-1.1420135655629964,4.474589773076357,0.21146321267538026,0.04718471531608459,-0.28253786848118684,0.39636588564220077,-1.6099846153847504,0.2406500888868064,0.056303488371930055,0.8914603557401892,0.872384621702481,False
Height_m,sTNF-R1,Group_22C vs Group_15C (Reference),-761.0143529688436,0.246720557527787,-2048.672302633053,526.6435966953655,0.16182768675200598,-0.012791545174659413,-223.36821144098352,0.6736463633673219,-984.3825644098271,0.011118898424292478,753.0460889321552,0.17282462331529924,0.872384621702481,False
BMI_kg·m2,IL-12p70,Group_8C vs Group_22C Contrast,0.28375920067475907,0.2475240803100722,-0.19719520799457213,0.7647136093440903,0.33903900550214916,0.20133879831509693,0.1898438233008038,0.16945787909919152,-0.11926020651007946,0.6130789408379194,0.16449899416467959,0.015218020775709329,0.872384621702481,False
BSA_m2,IFN-a2,Group_8C vs Group_22C Contrast,56.03298998800958,0.24800530976689406,-39.03618548348302,151.10216545950217,0.2462430987170231,0.08921041094973625,3.3236820778033507,0.9101015832886237,-14.305983495197477,0.5993408558907312,41.7270064928121,0.29854539453305673,0.872384621702481,False
Body_Density_kg_per_m3,IL-35,Group_8C vs Group_22C Contrast,-4604.215905269386,0.24989044337352245,-12447.203404107066,3238.7715935682936,0.34347983957502837,0.20670480615315934,-1216.1117702868771,0.09836834123982593,1111.4527536477365,0.5562001910157446,-3492.7631516216497,0.32213830046513636,0.872384621702481,False
Body_Density_kg_per_m3,IL-35,Group_22C vs Group_15C (Reference),2327.5645239346136,0.250829325105418,-1645.0856999891284,6300.214747858356,0.34347983957502837,0.20670480615315934,-1216.1117702868771,0.09836834123982593,1111.4527536477365,0.5562001910157446,-3492.7631516216497,0.32213830046513636,0.872384621702481,False
Body_Density_kg_per_m3,IL-10,Group_22C vs Group_15C (Reference),227.05603302419627,0.2516492936416177,-161.15057422684401,615.2626402752365,0.281621275934795,0.1319590417545441,-104.06351433717087,0.003695776126685348,122.9925186870254,0.5277877205785377,12.547680960987492,0.7515574832012275,0.872384621702481,False
Body_Fat__Percent,IL-35,Group_8C vs Group_22C Contrast,10.706996425140876,0.25195505854245936,-7.611320149614336,29.025312999896087,0.34645340697866633,0.21029786676588857,2.7752614402194413,0.10054073235620818,-2.548488101085059,0.563358553603357,8.158508324055816,0.32212595231177055,0.872384621702481,False
Max_Watts_W,IL-26,Group_22C vs Group_15C (Reference),0.5798772370486232,0.25211636144336935,-0.41253862052878554,1.5722930946260318,0.30882670973264814,0.16483227426028324,-0.09113877551002837,0.25884491057379266,0.4887384615385948,0.3282063908039694,0.083630232558275,0.03685684239683118,0.872384621702481,False
Height_m,Chitinase_3-like1,Group_22C vs Group_15C (Reference),9694.70712819579,0.2546082090667823,-6984.379392549959,26373.79364894154,0.20818008650743558,0.04321760452981804,-10607.389572773378,0.011205435564704668,-912.6824445775874,0.9019893606714555,699.4949691658458,0.894307952730991,0.872384621702481,False
VO2max_ml_per_kg_per_min,BAFF_per_TNFSF13B,Group_22C vs Group_15C (Reference),57.176439717865925,0.2562626469134289,-41.534762081863896,155.88764151759574,0.2791397424914175,0.1289605221771295,-42.75950294182699,0.24992546057978415,14.416936776038938,0.6714481647042796,23.321006156574065,0.4700609618469769,0.872384621702481,False
Max_Watts_W,IL-10,Group_8C vs Group_15C (Reference),0.024501814058961863,0.25805005901129174,-0.017958102331068437,0.06696173044899216,0.18566635086717564,0.01601350729783735,-0.023201814058949385,8.469805234902979e-06,0.011046153846166962,0.870133681304184,0.0013000000000124787,0.95070359761111,0.872384621702481,False
BMI_kg·m2,IL-12p70,Group_22C vs Group_15C (Reference),-0.30910402981088325,0.2581145943238847,-0.8448321438358892,0.22662408421412272,0.33903900550214916,0.20133879831509693,0.1898438233008038,0.16945787909919152,-0.11926020651007946,0.6130789408379194,0.16449899416467959,0.015218020775709329,0.872384621702481,False
Body_Fat__Percent,IL-35,Group_22C vs Group_15C (Reference),-5.3237495413045,0.25965007409881635,-14.580478884873855,3.932979802264854,0.34645340697866633,0.21029786676588857,2.7752614402194413,0.10054073235620818,-2.548488101085059,0.563358553603357,8.158508324055816,0.32212595231177055,0.872384621702481,False
BMI_kg·m2,Osteopontin,Group_8C vs Group_15C (Reference),-1264.0202182800342,0.25978986933858017,-3462.4944842838577,934.4540477237895,0.26418646552509384,0.11089197917615512,1444.3198225326003,0.07366572504084838,-803.46759419657,0.4339006114819919,180.29960425256604,0.8168661596060847,0.872384621702481,False
Body_Density_kg_per_m3,IL-20,Group_22C vs Group_15C (Reference),1810.7712044994241,0.26065340752413624,-1344.3626684866135,4965.905077485462,0.27825875898815444,0.12789600044402005,-557.3991292028029,0.2177430344864375,1253.3720752966212,0.4172148820011463,-138.71053871368218,0.40165154870140807,0.872384621702481,False
Body_Density_kg_per_m3,IL-11,Group_22C vs Group_15C (Reference),52.14099453317532,0.26066567505786153,-38.71314037736661,142.99512944371725,0.41933811958933775,0.2983668945037832,-23.245551482051923,0.06964296684301922,28.8954430511234,0.5165831698436849,-51.96854772530446,0.04891590482289043,0.872384621702481,False
Skinfold_Thickness_mm,MMP-3,Group_8C vs Group_15C (Reference),-18.0424865614005,0.2613316949282557,-49.52492654960768,13.439953426806674,0.13758361347405934,-0.042086467052178334,14.362738030948972,0.13072553997887473,-12.41915596671502,0.41799408137437766,-3.67974853045153,0.7762858643950772,0.872384621702481,False
Age_years,IFN-y,Group_8C vs Group_15C (Reference),0.335900171199303,0.26489299428675894,-0.2546028773354326,0.9264032197340386,0.14864205464525837,-0.028724183970312733,0.02527489104929805,0.8346461186593561,-0.017474933155084683,0.963851769917496,0.361175062248601,0.19047881611924478,0.872384621702481,False
Weight_kg,IL-26,Group_22C vs Group_15C (Reference),-0.8886636636529265,0.26540980573116935,-2.4525998100006308,0.6752724826947779,0.09366376426086931,-0.09515628485144956,0.3955983349728412,0.4095471257197485,-0.4930653286800853,0.4393763604073606,0.354448069879159,0.5828495100968913,0.872384621702481,False
Body_Density_kg_per_m3,MMP-2,Group_8C vs Group_15C (Reference),272048.2380777663,0.2656769260497357,-206990.04470827046,751086.5208638031,0.17530383018898832,0.00349212814502764,-107122.07266416692,0.18425372173731902,19207.25062342563,0.815123073174796,164926.1654135994,0.4746977515669748,0.872384621702481,False
Body_Fat__Percent,MMP-2,Group_8C vs Group_15C (Reference),-630.0132185353634,0.26571696388731725,-1739.469880088954,479.4434430182271,0.17658526833740695,0.005040532574366763,242.5568824286242,0.1891827109288955,-43.39042515335251,0.818753627338564,-387.45633610673923,0.46898789476136393,0.872384621702481,False
Skinfold_Thickness_mm,IL-19,Group_8C vs Group_22C Contrast,1.7127838232600412,0.26642053434222324,-1.3079351353081055,4.733502781828188,0.6442793770169758,0.5701709138955124,0.0763918179171389,0.03965946340291913,-0.1143169268024962,0.36210612310759926,1.5984668964575448,0.29805145556145307,0.872384621702481,False
VO2max_ml_per_kg_per_min,IL-35,Group_8C vs Group_22C Contrast,-6.778153593893776,0.2667633999691681,-18.740890343898073,5.184583156110521,0.23315861236206992,0.07339998993750119,-1.8731055488792145,0.1725304948632892,2.138362373441119,0.3731049515308098,-4.639791220452657,0.40832230783638623,0.872384621702481,False
Weight_kg,IL-19,Group_8C vs Group_22C Contrast,5.6486235834913625,0.26697466236951123,-4.325014519184865,15.62226168616759,0.8060216482471841,0.7656094916320142,0.26053120559616516,0.09653444402279819,-0.10130404232762902,0.6091437719023884,5.547319541163733,0.27528354488442686,0.872384621702481,False
Body_Fat__Percent,IL-20,Group_22C vs Group_15C (Reference),-4.152521766466492,0.2677405349554467,-11.49614136175426,3.1910978288212757,0.2779637190489366,0.12753949385079844,1.273322337559603,0.22010760380536865,-2.8791994289068894,0.4238459046309302,0.3177201347336931,0.4039028104648241,0.872384621702481,False
Body_Density_kg_per_m3,sCD30_per_TNFRSF8,Group_8C vs Group_22C Contrast,-1061.744094354329,0.2679560068471291,-2940.2892961531925,816.8011074445346,0.2099949271923225,0.0454105370240564,-642.9293914928417,0.32579617945581085,1443.5474588087613,0.031427925504905696,381.8033644544323,0.5769687467129037,0.872384621702481,False
Body_Fat__Percent,IL-19,Group_8C vs Group_22C Contrast,9.29498490375769,0.268979196929412,-7.185836502067026,25.775806309582407,0.5731067727715098,0.4841706837655744,0.5357989679514253,0.05757563705209068,-0.6378471122149109,0.37585968884434573,8.65713779154278,0.3014364149091877,0.872384621702481,False
Body_Density_kg_per_m3,IL-19,Group_8C vs Group_22C Contrast,-3978.127438319246,0.26915047757372285,-11034.219205755457,3077.964329116966,0.5652241046851332,0.4746457931612026,-234.9887998895156,0.05596249930140903,276.80494442945815,0.3739431593978304,-3701.322493889788,0.30207307999604716,0.872384621702481,False
Body_Fat__Percent,IL-11,Group_22C vs Group_15C (Reference),-0.1193232735758882,0.27007369132335046,-0.3313740767727217,0.09272752962094524,0.4171972195645104,0.29577997364045006,0.052956640094627416,0.06728081385862007,-0.06636663348126079,0.5243723090696641,0.11985751335671302,0.05045961870178095,0.872384621702481,False
Age_years,Chitinase_3-like1,Group_8C vs Group_15C (Reference),-44.515778005818575,0.2702798344943633,-123.65934548958037,34.627789477943224,0.1267661337438406,-0.055157588392859225,19.467068946251292,0.5556762984848991,-4.157072192513429,0.8747747556334486,-25.048709059567283,0.28071238091391937,0.872384621702481,False
BSA_m2,IL-20,Group_22C vs Group_15C (Reference),-107.82448960015815,0.27068287988203366,-299.68448186349,84.03550266317374,0.1995084171799072,0.032739337425721216,59.619218318252884,0.3983311798357909,-48.20527128190526,0.47722430452264497,1.5056248679195505,0.9168848250468824,0.872384621702481,False
Height_m,MMP-1,Group_22C vs Group_15C (Reference),-3579.3532432581355,0.2709158193201977,-9951.454959712979,2792.7484731967074,0.22143576428818657,0.05923488184822545,-1873.4268645908762,0.4641143929463003,-5452.780107849012,0.006544773358578171,-1388.2653359298697,0.7563309759952908,0.872384621702481,False
VO2max_ml_per_kg_per_min,MMP-3,Group_22C vs Group_15C (Reference),120.31860708923872,0.27157706477223753,-94.17292151451315,334.81013569299057,0.17434086878423904,0.0023285497809555356,-85.90464203448042,0.0762500017719963,34.41396505475831,0.7258007708546492,43.21722289522339,0.38151613907811943,0.872384621702481,False
Age_years,MMP-3,Group_8C vs Group_15C (Reference),-74.05841837171432,0.27221083671208923,-206.2567375082852,58.13990076485656,0.11555678641910139,-0.06870221641025243,31.88920270421651,0.5483061615982434,57.09948028074695,0.5237674332656583,-42.16921566749782,0.3103002526325551,0.872384621702481,False
BMI_kg·m2,sCD163,Group_8C vs Group_22C Contrast,2081.396417146841,0.2722436019181752,-1634.3319847467214,5797.124819040404,0.20397581474161608,0.03813744281278619,1256.67700016622,0.18453745743530958,-1644.203549798128,0.10484110381136014,437.1928673487131,0.7849180395817572,0.872384621702481,False
Body_Density_kg_per_m3,MMP-2,Group_22C vs Group_15C (Reference),126329.32328759255,0.2725534578062535,-99336.60610398006,351995.25267916516,0.17530383018898832,0.00349212814502764,-107122.07266416692,0.18425372173731902,19207.25062342563,0.815123073174796,164926.1654135994,0.4746977515669748,0.872384621702481,False
Skinfold_Thickness_mm,MMP-2,Group_22C vs Group_15C (Reference),-48.02863518599369,0.27586957446906957,-134.41860579533562,38.36133542334822,0.19621423734709353,0.028758870127738034,30.458978116078605,0.21711936004021748,-17.56965706991509,0.6304559770218197,-77.14825915839211,0.3670577789315004,0.872384621702481,False
VO2max_ml_per_kg_per_min,IL-26,Group_8C vs Group_15C (Reference),0.866265416804806,0.27825149249744185,-0.6996467558222453,2.4321775894318574,0.14855245749430657,-0.028832447194379496,-0.8202852746525292,0.13980299426450063,0.8175770034621587,0.32294869318797326,0.04598014215227675,0.9361739371228237,0.872384621702481,False
Body_Fat__Percent,sCD30_per_TNFRSF8,Group_8C vs Group_22C Contrast,2.4133993979781176,0.2785839932095959,-1.9523021711717026,6.779100967127938,0.20924378748064631,0.04450290987244765,1.4550708906479493,0.3331464078843078,-3.3169493005696555,0.034450398368177426,-0.9035499025915379,0.5677833062834796,0.872384621702481,False
Body_Density_kg_per_m3,sCD30_per_TNFRSF8,Group_8C vs Group_15C (Reference),1024.732755947274,0.2791586959403275,-831.1335554978382,2880.599067392386,0.2099949271923225,0.0454105370240564,-642.9293914928417,0.32579617945581085,1443.5474588087613,0.031427925504905696,381.8033644544323,0.5769687467129037,0.872384621702481,False
Skinfold_Thickness_mm,Chitinase_3-like1,Group_22C vs Group_15C (Reference),-12.522112863940247,0.2793026192579503,-35.207369232098955,10.16314350421846,0.27795353930928735,0.12752719333205564,6.943792365397777,0.3612264395091911,-5.57832049854247,0.5225960579578106,-14.921018579118915,0.019011893363115817,0.872384621702481,False
Body_Fat__Percent,MMP-2,Group_22C vs Group_15C (Reference),-285.9473075819767,0.27973459668238454,-804.4395488737283,232.5449337097749,0.17658526833740695,0.005040532574366763,242.5568824286242,0.1891827109288955,-43.39042515335251,0.818753627338564,-387.45633610673923,0.46898789476136393,0.872384621702481,False
Body_Fat__Percent,sCD30_per_TNFRSF8,Group_8C vs Group_15C (Reference),-2.358620793239487,0.2797494619634021,-6.63550801941545,1.9182664329364765,0.20924378748064631,0.04450290987244765,1.4550708906479493,0.3331464078843078,-3.3169493005696555,0.034450398368177426,-0.9035499025915379,0.5677833062834796,0.872384621702481,False
Body_Density_kg_per_m3,Pentraxin-3,Group_8C vs Group_22C Contrast,-4207.42545975299,0.2810470651573402,-11857.501567998672,3442.650648492692,0.20460276662908883,0.038895009676815695,-1237.4821658291712,0.3341832995951426,3906.905220290975,0.11032555828363,-300.52023946201484,0.9212772834097995,0.872384621702481,False
BMI_kg·m2,IFN-a2,Group_22C vs Group_15C (Reference),-2.0085424729412256,0.28117340061633866,-5.661430933997339,1.644345988114888,0.3042119493213892,0.159256105430012,1.605735080575068,0.05030630176809689,-0.4028073923661575,0.8097888257180763,2.3601306193584706,0.017874785339412336,0.872384621702481,False
Muscle_Mass_kg,sTNF-R1,Group_8C vs Group_15C (Reference),8.638841437782135,0.2813358505988248,-7.07772004168107,24.355402917245343,0.11650428141351243,-0.06755732662533909,-5.0115219242761455,0.4178668949025268,-1.4440980686903364,0.7698645403204998,3.6273195135059897,0.4771346815787476,0.872384621702481,False
Skinfold_Thickness_mm,sTNF-R2,Group_8C vs Group_15C (Reference),-9.055367085884614,0.28167904713277603,-25.541464659185195,7.430730487415966,0.19491475130263503,0.02718865782401736,4.535762849718446,0.14468646919340297,-5.706650986036382,0.3708855147049721,-4.519604236166168,0.5630686279738513,0.872384621702481,False
BMI_kg·m2,Pentraxin-3,Group_8C vs Group_22C Contrast,18.197367328406916,0.2837683290722265,-15.077276061315093,51.47201071812893,0.1714492255077127,-0.0011655191781805296,4.855204535001796,0.3234709267126188,-14.062751967728705,0.1712897400713893,4.13461536067821,0.7595928711967521,0.8740419605239408,False
BMI_kg·m2,sCD30_per_TNFRSF8,Group_8C vs Group_22C Contrast,8.527641031044272,0.2840408043081981,-7.07433149354355,24.129613555632094,0.22870371621825059,0.06801699043038623,3.462733515918452,0.10502607291248821,-6.000192437664134,0.02687777945787917,2.5274485933801394,0.735590218282828,0.8740419605239408,False
Muscle_Mass_kg,IL-19,Group_8C vs Group_22C Contrast,3.321604250525278,0.28602256301215545,-2.7805792411781636,9.42378774222872,0.36843095441365625,0.23685406991650138,0.009752753950959057,0.983924882333547,-0.06327284730870447,0.590036438053442,3.2583314032165736,0.2949566335845759,0.8769749851298623,False
Skinfold_Thickness_mm,sCD30_per_TNFRSF8,Group_8C vs Group_22C Contrast,0.46021751253877685,0.28829338549066585,-0.3892497988990332,1.3096848239765868,0.20601702369861863,0.040603903635830885,0.19723152151391582,0.37138550676195814,-0.5924233527335998,0.059699359821743236,-0.1322058401948229,0.657390624864217,0.8769749851298623,False
Height_m,IL-29_per_IFN-lambda1,Group_8C vs Group_15C (Reference),-420.0833550144179,0.28935088077580984,-1197.1593063407306,356.9925963118947,0.14570479739049869,-0.0322733698198141,160.65459811730796,0.5925878676236276,5.110245656082441,0.9735310446988432,-259.42875689710996,0.31639408641002387,0.8769749851298623,False
Body_Density_kg_per_m3,sCD163,Group_8C vs Group_22C Contrast,-271963.8518441805,0.2894808609961196,-775191.1698514186,231263.4661630576,0.20936185543759656,0.04464557532042923,-227101.2105526889,0.3318238695843798,431272.26063144964,0.06606465954716323,159308.40878726917,0.1263725477824309,0.8769749851298623,False
Body_Fat__Percent,Pentraxin-3,Group_8C vs Group_22C Contrast,9.695665543260425,0.2895758571588678,-8.248207804938335,27.639538891459186,0.20225957649531356,0.036063654931837275,2.7783586557055324,0.335828292341392,-8.956241534707758,0.11665325949506555,0.7394240085526675,0.9177187450947604,0.8769749851298623,False
Skinfold_Thickness_mm,sCD163,Group_8C vs Group_22C Contrast,121.37242077164674,0.29135365472543157,-104.08218731077199,346.8270288540655,0.23410106658590335,0.07453878879129994,81.13322445832519,0.37037690726637884,-180.99569164382666,0.09806223923081792,-59.6232708721799,0.09319017110241234,0.879575544391918,False
VO2max_ml_per_kg_per_min,sCD163,Group_22C vs Group_15C (Reference),804.2933371638663,0.29435614697623713,-699.0120496466819,2307.5987239744145,0.18896512129524523,0.019999521565087996,-499.25007664119966,0.18978912595005604,305.0432605226667,0.6468495666076857,195.097136992397,0.3979741985041483,0.8856123650918493,False
Muscle_Mass_kg,Osteocalcin,Group_8C vs Group_22C Contrast,46.8102269978675,0.29585542225606715,-40.95649264163123,134.57694663736623,0.11580541380342291,-0.06840179165419724,-14.059242831226195,0.8879545292949609,-22.294330700318486,0.40480750282651545,24.51589629754902,0.49469897039859445,0.8856123650918493,False
Body_Fat__Percent,sCD163,Group_8C vs Group_22C Contrast,618.851234972031,0.296129526467494,-542.1210661340091,1779.823536078071,0.20983368523444512,0.045215702991621254,519.7514619159956,0.3350993694361265,-990.9789210374963,0.06769469927932525,-372.12768606546535,0.11798173362448772,0.8856123650918493,False
Weight_kg,IL-19,Group_8C vs Group_15C (Reference),5.286788335567568,0.29869126472183494,-4.683838946903126,15.257415618038262,0.8060216482471841,0.7656094916320142,0.26053120559616516,0.09653444402279819,-0.10130404232762902,0.6091437719023884,5.547319541163733,0.27528354488442686,0.888893859804114,False
Body_Density_kg_per_m3,IL-28A_per_IFN-lambda2,Group_22C vs Group_15C (Reference),631.7314858582355,0.29908445439595055,-560.6533934252888,1824.1163651417596,0.24616637476683378,0.0891177028432576,-261.5265123557767,0.10634790591401089,370.2049735024588,0.5278452686265775,6.979272428142224,0.9881098102091821,0.888893859804114,False
Muscle_Mass_kg,IL-19,Group_8C vs Group_15C (Reference),3.2485786492656143,0.30218347492696984,-2.9225103999169915,9.41966769844822,0.36843095441365625,0.23685406991650138,0.009752753950959057,0.983924882333547,-0.06327284730870447,0.590036438053442,3.2583314032165736,0.2949566335845759,0.8904183060049528,False
BSA_m2,IL-19,Group_22C vs Group_15C (Reference),-20.946282262248516,0.3026796942861555,-60.77727422421794,18.884709699720908,0.7191112953617365,0.6605928152287649,13.851860512868866,0.31102826624812197,-7.09442174937965,0.637017982292297,360.34297896793856,0.3244680988419706,0.8904183060049528,False
Skinfold_Thickness_mm,sTNF-R1,Group_8C vs Group_15C (Reference),-1.855241584713002,0.30281309679323354,-5.384101907637354,1.67361873821135,0.11761061700795128,-0.0662205044487254,0.427485666291023,0.36261777295817244,-0.8647429197097968,0.7095532024817301,-1.4277559184219788,0.41140889829460137,0.8904183060049528,False
Height_m,Osteopontin,Group_8C vs Group_22C Contrast,61631.08274997292,0.30442083723632957,-55990.159120089884,179252.3246200357,0.11824514293778432,-0.06545378561684378,-45493.5865314992,0.32959376495777193,-39158.871779508714,0.4785241935772775,22472.210970464206,0.3370955598570231,0.8904183060049528,False
Max_Watts_W,IL-20,Group_22C vs Group_15C (Reference),0.41232461189608016,0.306924954006362,-0.3786559130352448,1.2033051368274053,0.22795277512833134,0.0671096032800671,-0.16727845804979724,0.09935725198247805,0.24504615384628292,0.5304192438028945,-0.012818604651038457,0.7531154071317767,0.8904183060049528,False
Body_Fat__Percent,IL-28A_per_IFN-lambda2,Group_22C vs Group_15C (Reference),-1.4461395997293447,0.3090749910377615,-4.232690271068726,1.3404110716100368,0.24596761433686132,0.08887753399037412,0.5954600476776817,0.1087226321563086,-0.850679552051663,0.535360908635397,-0.029649273193562475,0.9783711964603583,0.8904183060049528,False
Age_years,IL-19,Group_8C vs Group_22C Contrast,2.635340152108334,0.3098333223729336,-2.450727142239688,7.7214074464563565,0.17760553628769082,0.006273356347626491,0.02527265616275316,0.9187161803940659,-0.16102105614974055,0.5275575398191836,2.4743190959585935,0.3379855854609879,0.8904183060049528,False
Skinfold_Thickness_mm,IL-20,Group_22C vs Group_15C (Reference),-0.7538462620310709,0.3100142872055469,-2.2092472539005197,0.701554729838378,0.30856471956654774,0.1645157028095786,0.195266001082139,0.14719119030253014,-0.5585802609489319,0.44431746951145845,0.05989560021258031,0.37167612616595314,0.8904183060049528,False
Weight_kg,sTNF-R1,Group_22C vs Group_15C (Reference),-5.846340918145076,0.3120285345036423,-17.18056870313965,5.487886866849497,0.1168451168105622,-0.06714548385390384,0.9810917404451046,0.6293859597646089,-4.865249177699972,0.3688212086737277,1.1932564797590066,0.9034625733238735,0.8904183060049528,False
Max_Watts_W,IFN-a2,Group_22C vs Group_15C (Reference),0.13739846502702538,0.31274878288575403,-0.12937099332842608,0.40416792338247687,0.21747142503239447,0.054444638580810056,-0.058321541950054914,0.4569443147822406,0.07907692307697047,0.47725000698643916,0.05996627906981522,0.5040180494867208,0.8904183060049528,False
BMI_kg·m2,IL-19,Group_8C vs Group_22C Contrast,19.786488164004616,0.3130797138332427,-18.657455469008376,58.23043179701761,0.5355746799759649,0.4388194049709576,1.2386747413873453,0.011183670618467761,-0.39625577297462344,0.6959101099782787,19.390232391029993,0.32222214657419657,0.8904183060049528,False
Max_Watts_W,IL-12p40,Group_8C vs Group_15C (Reference),0.15950956336022684,0.3136774992973499,-0.15078520484477778,0.4698043315652315,0.24790959084225317,0.09122408893438927,-0.1142897959182606,0.43782535393720046,0.2382000000001071,0.24753932734899164,0.045219767441966235,0.4356854940372703,0.8904183060049528,False
Height_m,TWEAK_per_TNFSF12,Group_8C vs Group_15C (Reference),519.2995780590703,0.31378974413255,-491.1308869473412,1529.7300430654818,0.07115990357736646,-0.1223484498440155,-517.499999999999,0.25706891973645885,-216.37088076692578,0.7496428168680389,1.7995780590713366,0.9940007207339594,0.8904183060049528,False
Age_years,MMP-3,Group_8C vs Group_22C Contrast,-99.26869594824477,0.3147023230715891,-292.7895407010899,94.25214880460034,0.11555678641910139,-0.06870221641025243,31.88920270421651,0.5483061615982434,57.09948028074695,0.5237674332656583,-42.16921566749782,0.3103002526325551,0.8904183060049528,False
Muscle_Mass_kg,sCD163,Group_8C vs Group_22C Contrast,354.7369763468837,0.3153357063552544,-337.71604161186383,1047.1899943056312,0.1346742734390889,-0.04560191959443416,-371.22482357339493,0.6406663117085978,-298.82930312957467,0.18014817824132168,55.907673217309025,0.8383516025773272,0.8904183060049528,False
BSA_m2,IL-19,Group_8C vs Group_22C Contrast,367.4374007173182,0.31544198320827066,-349.9646077664808,1084.8394092011172,0.7191112953617365,0.6605928152287649,13.851860512868866,0.31102826624812197,-7.09442174937965,0.637017982292297,360.34297896793856,0.3244680988419706,0.8904183060049528,False
BSA_m2,TWEAK_per_TNFSF12,Group_22C vs Group_15C (Reference),-229.04793006731228,0.3172136929984096,-677.8838229237329,219.78796278910835,0.05519429061569292,-0.14164023217270438,124.97476433395256,0.5318576998390544,-104.07316573335972,0.3515450802350324,28.330154305005465,0.9360039389607269,0.8904183060049528,False
Body_Density_kg_per_m3,IL-12p70,Group_8C vs Group_22C Contrast,-56.560513749750655,0.3172883774647902,-167.4140513070467,54.293023807545396,0.1973292712470468,0.030106202756848277,-21.26532556260152,0.29916552474655234,34.76846315583195,0.5268295857520471,-21.792050593918706,0.10477702842694203,0.8904183060049528,False
Height_m,IFN-a2,Group_22C vs Group_15C (Reference),104.50361839550628,0.31744349714884657,-100.37600402128099,309.38324081229354,0.3032449839332645,0.1580876889193613,-143.0626357711807,0.013420526259180098,-38.55901737567443,0.6578235139042277,48.40733528075262,0.4563606987691,0.8904183060049528,False
Muscle_Mass_kg,Pentraxin-3,Group_8C vs Group_15C (Reference),4.056964548952501,0.32061091671172437,-3.948954111728429,12.06288320963343,0.07956234038074528,-0.11219550537326595,-2.734896173696196,0.4440083008876061,-0.4102753759876987,0.8729047419572364,1.322068375256305,0.5042383090554703,0.8904183060049528,False
Max_Watts_W,IFN-a2,Group_8C vs Group_15C (Reference),0.11828782101987013,0.32089756477042297,-0.11527690083344248,0.35185254287318274,0.21747142503239447,0.054444638580810056,-0.058321541950054914,0.4569443147822406,0.07907692307697047,0.47725000698643916,0.05996627906981522,0.5040180494867208,0.8904183060049528,False
Skinfold_Thickness_mm,IL-19,Group_8C vs Group_15C (Reference),1.522075078540406,0.32188109711303214,-1.4894465431729385,4.53359670025375,0.6442793770169758,0.5701709138955124,0.0763918179171389,0.03965946340291913,-0.1143169268024962,0.36210612310759926,1.5984668964575448,0.29805145556145307,0.8904183060049528,False
VO2max_ml_per_kg_per_min,TWEAK_per_TNFSF12,Group_22C vs Group_15C (Reference),4.894327843326863,0.32274402210570363,-4.806693236873658,14.595348923527384,0.2460730781342504,0.08900496941221925,-4.758925760388091,0.10373281866733311,0.13540208293877232,0.9729483251425486,2.14347160223505,0.3366958447409196,0.8904183060049528,False
Weight_kg,IL-29_per_IFN-lambda1,Group_22C vs Group_15C (Reference),-1.4579320613290676,0.3232402487961352,-4.350656457909434,1.4347923352512986,0.16861674100503232,-0.00458810461891912,1.8898914271140759,0.06742153620770358,0.43195936578500826,0.6818669084775957,-0.25601000450715117,0.9470494767757696,0.8904183060049528,False
Body_Fat__Percent,IL-11,Group_8C vs Group_15C (Reference),0.0669008732620856,0.32353027623067443,-0.06591863651457436,0.19972038303874556,0.4171972195645104,0.29577997364045006,0.052956640094627416,0.06728081385862007,-0.06636663348126079,0.5243723090696641,0.11985751335671302,0.05045961870178095,0.8904183060049528,False
Body_Fat__Percent,IL-12p70,Group_8C vs Group_22C Contrast,0.12943236945692976,0.3258668556358133,-0.12878076444751652,0.38764550336137604,0.19565272259355704,0.028080373133881453,0.04837559254990019,0.29539298757024446,-0.07933522049850246,0.535421153167349,0.0500971489584273,0.10752333886062915,0.8904183060049528,False
Muscle_Mass_kg,IL-12p70,Group_8C vs Group_22C Contrast,0.04476707007251983,0.32730120881843844,-0.04480688919595495,0.13434102934099462,0.17850888436637025,0.007364901942697455,0.062282186187417446,0.16725197195882735,-0.016159196338075943,0.714321531127132,0.028607873734443887,0.015580606414498765,0.8904183060049528,False
Body_Density_kg_per_m3,IL-11,Group_8C vs Group_15C (Reference),-28.722996243252535,0.32751486164071086,-86.21886987633825,28.772877389833173,0.41933811958933775,0.2983668945037832,-23.245551482051923,0.06964296684301922,28.8954430511234,0.5165831698436849,-51.96854772530446,0.04891590482289043,0.8904183060049528,False
Skinfold_Thickness_mm,IL-35,Group_22C vs Group_15C (Reference),-0.8259598024905095,0.32795498050847927,-2.4808188018683746,0.8288991968873558,0.4003607346616287,0.2754358877161347,0.41605666772577543,0.06998973677701466,-0.40990313476473406,0.6139171078494423,1.5493446024613666,0.28471894971400014,0.8904183060049528,False
BSA_m2,IL-35,Group_8C vs Group_15C (Reference),256.1836182925495,0.3281605837617323,-257.31353456870926,769.6807711538083,0.464818913487685,0.3533228537976194,127.28785786246762,0.18045184912974177,-37.35644405032214,0.6901291958564784,383.4714761550171,0.11626459026428781,0.8904183060049528,False
VO2max_ml_per_kg_per_min,Chitinase_3-like1,Group_8C vs Group_22C Contrast,69.92787831702,0.3284406081711059,-70.32004565837488,210.1758022924149,0.2544094585609178,0.09907809576110904,-40.74047484908275,0.2794720389750941,-12.760544317459352,0.8371757074637631,57.16733399956065,0.10792862358167565,0.8904183060049528,False
BMI_kg·m2,IL-26,Group_8C vs Group_22C Contrast,2.6767313574385847,0.33154326091581815,-2.72629543797811,8.07975815285528,0.07462452719324553,-0.11816202964149491,1.5130314976710662,0.45944878413902324,-1.1323062542127997,0.6240518921785669,1.5444251032257847,0.3044431944748758,0.892729723936645,False
Body_Fat__Percent,IL-19,Group_8C vs Group_15C (Reference),8.121338823591355,0.3326185185079462,-8.307914061455559,24.55059170863827,0.5731067727715098,0.4841706837655744,0.5357989679514253,0.05757563705209068,-0.6378471122149109,0.37585968884434573,8.65713779154278,0.3014364149091877,0.892729723936645,False
Body_Density_kg_per_m3,IL-19,Group_8C vs Group_15C (Reference),-3466.3336940002723,0.33408855395350556,-10499.990934563648,3567.323546563103,0.5652241046851332,0.4746457931612026,-234.9887998895156,0.05596249930140903,276.80494442945815,0.3739431593978304,-3701.322493889788,0.30207307999604716,0.892729723936645,False
VO2max_ml_per_kg_per_min,IL-19,Group_8C vs Group_22C Contrast,-5.235806752241185,0.3379281519105622,-15.944911306034593,5.4732978015522225,0.3157639428096295,0.1732147642283024,-0.38819301502522213,0.054760142900143895,0.28451575798812806,0.461505854761336,-4.951290994253057,0.36363064612551366,0.892729723936645,False
Weight_kg,Chitinase_3-like1,Group_22C vs Group_15C (Reference),-33.10341185386605,0.33836373116155005,-100.87160806695287,34.664784359220775,0.1370504258485874,-0.04273073543295691,17.468402739825752,0.5594280808292713,-15.635009114040297,0.36658235065387634,-23.750298992567327,0.7925336365093307,0.892729723936645,False
Weight_kg,IL-12p70,Group_8C vs Group_22C Contrast,0.05898425438876424,0.33871101122313235,-0.06185540149943962,0.1798239102769681,0.3204481320984649,0.1788748262856451,0.05543319852807111,0.15069412715051264,-0.030565201389002532,0.5261739004246127,0.028419052999761708,0.45944333016412453,0.892729723936645,False
Muscle_Mass_kg,Osteopontin,Group_8C vs Group_22C Contrast,216.7127970969437,0.3387343801912495,-227.28309813122394,660.7086923251113,0.05823320885389305,-0.13796820596821258,-79.14434865920288,0.9217504629232712,-102.7887597235085,0.45332886334965883,113.92403737343517,0.5275922023410105,0.892729723936645,False
Body_Density_kg_per_m3,IL-12p70,Group_22C vs Group_15C (Reference),56.03378871843347,0.3392404176855065,-58.88509947273597,170.95267690960293,0.1973292712470468,0.030106202756848277,-21.26532556260152,0.29916552474655234,34.76846315583195,0.5268295857520471,-21.792050593918706,0.10477702842694203,0.892729723936645,False
Skinfold_Thickness_mm,TSLP,Group_8C vs Group_15C (Reference),-0.20076671082416586,0.3397632188128217,-0.6129622223472695,0.2114288006989377,0.2505985969029062,0.09447330459101166,0.02720541102281303,0.8646002971768703,-0.46207126151074673,6.224065395743494e-05,-0.17356129980135282,0.20527926232194327,0.892729723936645,False
BSA_m2,TSLP,Group_22C vs Group_15C (Reference),-53.84327359623871,0.3404293815374285,-164.541871646344,56.855324453866565,0.15780714011680186,-0.017649705692197593,4.989106642548014,0.9021816778588202,-48.854166953690694,0.21348737734483336,-31.001555874685465,0.41040301128803414,0.892729723936645,False
VO2max_ml_per_kg_per_min,IFN-a2,Group_8C vs Group_22C Contrast,-0.7866621064352961,0.3415649038294346,-2.4078310520140995,0.8345068391435073,0.2530204449254758,0.09739970428495004,-0.5185809789665694,0.229190530792853,0.5270742859270012,0.3392782641317462,-0.2595878205082949,0.67364116057433,0.892729723936645,False
Skinfold_Thickness_mm,IL-11,Group_22C vs Group_15C (Reference),-0.021189543972511226,0.3416427652241031,-0.06486361938696349,0.022484531441941038,0.41970610427239896,0.2988115426624821,0.006957054162897758,0.02473346175721935,-0.014232489809613467,0.5189422491099343,0.020297682393683816,0.06443471017403435,0.892729723936645,False
Body_Fat__Percent,Chitinase_3-like1,Group_8C vs Group_22C Contrast,-53.22526623285057,0.3433882866715825,-163.32810140093076,56.87756893522962,0.28289895045451463,0.13350289846587193,55.588374803432586,0.35306291266904766,-29.18099275040983,0.4329422071655764,-82.4062589832604,0.05019900022062074,0.892729723936645,False
BSA_m2,IL-19,Group_8C vs Group_15C (Reference),346.4911184550697,0.3437510367569505,-370.79305785078816,1063.7752947609274,0.7191112953617365,0.6605928152287649,13.851860512868866,0.31102826624812197,-7.09442174937965,0.637017982292297,360.34297896793856,0.3244680988419706,0.892729723936645,False
Muscle_Mass_kg,IL-26,Group_8C vs Group_22C Contrast,1.0540624569308288,0.3448830066925419,-1.1331570543587661,3.2412819682204237,0.14342880329568963,-0.03502352935104169,0.3746516545942135,0.8571033818499111,-0.5917718135095629,0.5914016195686571,0.46229064342126575,0.007630240325311899,0.892729723936645,False
BSA_m2,MMP-1,Group_22C vs Group_15C (Reference),-2320.3548116957,0.34507638042397326,-7137.0207762785985,2496.3111528871987,0.1849553025153674,0.015154323872735631,1514.8136156848186,0.34767510463224016,-805.5411960108813,0.6639453392267085,-33.884422657591585,0.9913468244790413,0.892729723936645,False
Age_years,IL-19,Group_8C vs Group_15C (Reference),2.4490464397958402,0.3451515129117645,-2.635553526303766,7.533646405895446,0.17760553628769082,0.006273356347626491,0.02527265616275316,0.9187161803940659,-0.16102105614974055,0.5275575398191836,2.4743190959585935,0.3379855854609879,0.892729723936645,False
Max_Watts_W,Pentraxin-3,Group_22C vs Group_15C (Reference),-1.3274467469035636,0.34714730836030816,-4.0948603294343275,1.4399668356272,0.21146321267538026,0.04718471531608459,-0.28253786848118684,0.39636588564220077,-1.6099846153847504,0.2406500888868064,0.056303488371930055,0.8914603557401892,0.895446920193919,False
Body_Fat__Percent,IL-12p70,Group_22C vs Group_15C (Reference),-0.12771081304840265,0.3480734109844701,-0.39446968073333605,0.13904805463653075,0.19565272259355704,0.028080373133881453,0.04837559254990019,0.29539298757024446,-0.07933522049850246,0.535421153167349,0.0500971489584273,0.10752333886062915,0.895446920193919,False
Weight_kg,IL-26,Group_8C vs Group_22C Contrast,0.8475133985592442,0.3502200273889815,-0.9306848193130997,2.6257116164315883,0.09366376426086931,-0.09515628485144956,0.3955983349728412,0.4095471257197485,-0.4930653286800853,0.4393763604073606,0.354448069879159,0.5828495100968913,0.8963780017957448,False
Height_m,BAFF_per_TNFSF13B,Group_8C vs Group_22C Contrast,4917.684828581758,0.35030864437994624,-5402.183823031213,15237.553480194729,0.18086846262850997,0.010216059009449663,-4319.507965242576,0.287545553497514,-5980.186938286404,0.021088564016615186,-1062.5021097046465,0.816648072561341,0.8963780017957448,False
Max_Watts_W,IL-12p70,Group_22C vs Group_15C (Reference),0.011434432234431084,0.3540145178497197,-0.01274590497833146,0.03561476944719363,0.0915827884729119,-0.09767079726189798,-0.001019047619044057,0.5336627108384291,0.010415384615387026,0.39434503642702134,0.000731395348839694,0.848640764533706,0.9016409203232079,False
BMI_kg·m2,IL-19,Group_8C vs Group_15C (Reference),18.151557649642648,0.35424972418132306,-20.252215351514167,56.55533065079946,0.5355746799759649,0.4388194049709576,1.2386747413873453,0.011183670618467761,-0.39625577297462344,0.6959101099782787,19.390232391029993,0.32222214657419657,0.9016409203232079,False
Body_Density_kg_per_m3,Chitinase_3-like1,Group_8C vs Group_22C Contrast,22519.359430877295,0.356571823160617,-25356.902848198326,70395.62170995292,0.284100450062863,0.1349547104926262,-24694.434913795594,0.3473762310353403,12784.44889602773,0.428523696991697,35303.808326905026,0.054076138862889644,0.9051438587923354,False
Body_Density_kg_per_m3,MMP-3,Group_22C vs Group_15C (Reference),59078.79719337788,0.35800119086358584,-66894.63244116929,185052.22682792504,0.14723831598002957,-0.03042036819079752,-50364.327040801036,0.16842589707852518,8714.470152576847,0.8690468398657161,14458.290588449323,0.544704712901642,0.9063680943292372,False
BSA_m2,sIL-6Ra,Group_8C vs Group_22C Contrast,4652.516405854591,0.36037083559771776,-5317.248512757551,14622.281324466732,0.1642144479813027,-0.009907542022592475,448.8929062705862,0.8646349721651287,-3984.6964681006934,0.00040567096670307556,667.8199377538976,0.8929008744919693,0.9090652283961755,False
Skinfold_Thickness_mm,IL-28A_per_IFN-lambda2,Group_22C vs Group_15C (Reference),-0.25209750491809113,0.3627937577066006,-0.7950342401572674,0.29083923032108516,0.2666288158501775,0.11384315248563115,0.0879924432239014,0.01875365960634329,-0.16410506169418973,0.54991121552178,-0.0210981754208487,0.9159743131764408,0.9090652283961755,False
Body_Fat__Percent,MMP-3,Group_22C vs Group_15C (Reference),-134.2662429835101,0.36378360659794096,-424.0295746672384,155.49708870021823,0.1452224205172079,-0.03285624187504044,113.67974602930244,0.16933042512493024,-20.58649695420766,0.8665812824934189,-33.65222009795403,0.545725697398562,0.9090652283961755,False
Max_Watts_W,IL-12p40,Group_8C vs Group_22C Contrast,-0.19298023255814087,0.3671893492199301,-0.612432397904292,0.22647193278801028,0.24790959084225317,0.09122408893438927,-0.1142897959182606,0.43782535393720046,0.2382000000001071,0.24753932734899164,0.045219767441966235,0.4356854940372703,0.9090652283961755,False
VO2max_ml_per_kg_per_min,IL-10,Group_22C vs Group_15C (Reference),0.30782467017288767,0.3680326559881061,-0.3624141501749966,0.9780634905207719,0.3026534352118233,0.15737290088095324,-0.19436319366515306,8.478372859819667e-05,0.11346147650773461,0.7373857820883729,0.10663442881075166,0.14368629389973187,0.9090652283961755,False
BSA_m2,MMP-2,Group_22C vs Group_15C (Reference),-10913.682325387583,0.36825272599477543,-34687.395345193196,12860.030694418028,0.09827770815779235,-0.08958110264266761,3918.0820489938465,0.698841432443876,-6995.600276393736,0.2946893907303527,-10712.633779488895,0.747302671699672,0.9090652283961755,False
Skinfold_Thickness_mm,IL-20,Group_8C vs Group_15C (Reference),-0.1353704008695587,0.368316492349696,-0.430292452914747,0.15955165117562958,0.30856471956654774,0.1645157028095786,0.195266001082139,0.14719119030253014,-0.5585802609489319,0.44431746951145845,0.05989560021258031,0.37167612616595314,0.9090652283961755,False
Height_m,IL-19,Group_8C vs Group_15C (Reference),492.14518934930703,0.36882698376980094,-581.2008334755835,1565.4912121741975,0.27772517119950635,0.12725124853273684,-60.19225199130876,0.1296772867872671,-10.784901138407726,0.872024680347681,431.9529373579983,0.42903572614666974,0.9090652283961755,False
Weight_kg,APRIL_per_TNFSF13,Group_8C vs Group_15C (Reference),212.72601643856183,0.3694497904715073,-251.82357165437674,677.2756045315004,0.2407367222503034,0.08255687271911671,165.49968279774467,0.3900830209862173,-270.6413452991952,0.06896000806681779,378.22569923630647,0.006203047923903249,0.9090652283961755,False
VO2max_ml_per_kg_per_min,sCD30_per_TNFRSF8,Group_22C vs Group_15C (Reference),2.4753565926803573,0.369846333491901,-2.934789990814735,7.885503176175449,0.15857754212879105,-0.016718803261044135,-1.1420854274986778,0.28292447147670696,1.3332711651816795,0.600675069786538,0.44317240324076024,0.7720413729472171,0.9090652283961755,False
Body_Density_kg_per_m3,IL-20,Group_8C vs Group_22C Contrast,-1392.0826140103034,0.37029239618644927,-4437.515547949308,1653.3503199287009,0.27825875898815444,0.12789600044402005,-557.3991292028029,0.2177430344864375,1253.3720752966212,0.4172148820011463,-138.71053871368218,0.40165154870140807,0.9090652283961755,False
Weight_kg,IL-12p40,Group_8C vs Group_15C (Reference),-0.4580338897872584,0.3711242203033226,-1.4617911932638101,0.5457234136892932,0.21235494634001761,0.04826222682752135,0.6509163114365786,0.1658602795394548,-0.1503421583617326,0.7577938706415814,0.19288242164932018,0.34431517894293995,0.9090652283961755,False
VO2max_ml_per_kg_per_min,IL-28A_per_IFN-lambda2,Group_8C vs Group_15C (Reference),0.5516686028601793,0.37405257197752706,-0.6647122800893487,1.768049485809707,0.2739921132416172,0.12274047016695422,-0.39243058908086503,0.17687060558007617,0.7986471365234467,0.1363368312150257,0.15923801377931424,0.771525387121675,0.9090652283961755,False
Skinfold_Thickness_mm,sCD30_per_TNFRSF8,Group_8C vs Group_15C (Reference),-0.3294373617087387,0.3743788974257899,-1.0563141884664615,0.3974394650489841,0.20601702369861863,0.040603903635830885,0.19723152151391582,0.37138550676195814,-0.5924233527335998,0.059699359821743236,-0.1322058401948229,0.657390624864217,0.9090652283961755,False
Body_Fat__Percent,IL-20,Group_8C vs Group_22C Contrast,3.1969195636405825,0.37718309079100865,-3.898509565423793,10.292348692704959,0.2779637190489366,0.12753949385079844,1.273322337559603,0.22010760380536865,-2.8791994289068894,0.4238459046309302,0.3177201347336931,0.4039028104648241,0.9090652283961755,False
Height_m,gp130_per_sIL-6Rb,Group_22C vs Group_15C (Reference),-51408.50149594952,0.37742409980268476,-165563.07669824356,62746.07370634453,0.17732351259254497,0.005932577715991871,14580.703113684958,0.5407135169247157,-36827.79838226456,0.4883118390496941,-45654.31499513154,0.2995148769934115,0.9090652283961755,False
VO2max_ml_per_kg_per_min,APRIL_per_TNFSF13,Group_22C vs Group_15C (Reference),544.3329889635513,0.37783339413694406,-665.417166294226,1754.0831442213287,0.29269962045267905,0.14534537471365394,-360.9002627783068,0.11681974389325796,183.43272618524452,0.7487560978533612,-644.5956604364558,0.048908840244223706,0.9090652283961755,False
Height_m,IL-29_per_IFN-lambda1,Group_8C vs Group_22C Contrast,-264.5390025531924,0.37991666906527266,-855.0481264106182,325.97012130423343,0.14570479739049869,-0.0322733698198141,160.65459811730796,0.5925878676236276,5.110245656082441,0.9735310446988432,-259.42875689710996,0.31639408641002387,0.9090652283961755,False
Skinfold_Thickness_mm,IL-10,Group_8C vs Group_22C Contrast,0.05489062205225611,0.3817590801832518,-0.06811220535801521,0.17789344946252741,0.2809671420475548,0.13116862997412881,0.02947084561138254,7.638331596433544e-05,-0.059133819940595245,0.31873426566360674,-0.004243197888339132,0.8361537712610878,0.9090652283961755,False
Body_Density_kg_per_m3,sIL-6Ra,Group_8C vs Group_22C Contrast,-19904.9661390134,0.38197362374216437,-64529.54389334869,24719.61161532189,0.16137076060287758,-0.013343664271522782,-24218.45277964075,0.25553290911778925,35256.96093783332,0.06105295707588154,15351.99479881992,0.23071312661642507,0.9090652283961755,False
Body_Density_kg_per_m3,IL-20,Group_8C vs Group_15C (Reference),418.6885904891207,0.38457274250982765,-525.0870177032618,1362.4641986815031,0.27825875898815444,0.12789600044402005,-557.3991292028029,0.2177430344864375,1253.3720752966212,0.4172148820011463,-138.71053871368218,0.40165154870140807,0.9090652283961755,False
BSA_m2,IL-10,Group_8C vs Group_15C (Reference),-10.543108166103544,0.3847756798368963,-34.318719515985066,13.232503183777983,0.21482436465544585,0.05124610729199708,11.52647008906722,0.11775686888374522,-5.645729916384253,0.5483628488496322,0.9833619229636756,0.9187175769316622,0.9090652283961755,False
Body_Fat__Percent,TSLP,Group_8C vs Group_22C Contrast,1.1049157666469482,0.38529028607719606,-1.389509086042589,3.5993406193364854,0.1861833025418913,0.016638157238118678,0.0005143154609873048,0.9995318228211305,-1.9935040414411944,0.03000423567082211,-0.8885882747942462,0.3130346984221577,0.9090652283961755,False
BMI_kg·m2,BAFF_per_TNFSF13B,Group_8C vs Group_15C (Reference),-151.44958927298322,0.38568011013484804,-493.63199482070127,190.7328162747348,0.20352337687824662,0.03759074706121468,109.81682492932592,0.23930958826364102,-42.56669844087847,0.4750202832867416,-41.6327643436573,0.7778192523217751,0.9090652283961755,False
Body_Fat__Percent,sIL-6Ra,Group_8C vs Group_22C Contrast,45.21853937626511,0.3864256684081704,-57.10975420451926,147.5468329570495,0.16109912912972768,-0.013671885634912284,54.94146917781908,0.2618397602927156,-81.22643319451771,0.060347487124857935,-36.00789381825259,0.2182916419100649,0.9090652283961755,False
Body_Density_kg_per_m3,TSLP,Group_8C vs Group_22C Contrast,-482.3245425151152,0.3865884979704479,-1574.1858342419468,609.5367492117166,0.18501563639892826,0.015227227315371739,3.2643670827968965,0.9931592611086191,861.1536480584376,0.0334234504203188,378.8291055433225,0.32214079732614054,0.9090652283961755,False
Skinfold_Thickness_mm,Chitinase_3-like1,Group_8C vs Group_22C Contrast,-9.342698080576444,0.3869259728814599,-30.50725021905884,11.821854057905952,0.27795353930928735,0.12752719333205564,6.943792365397777,0.3612264395091911,-5.57832049854247,0.5225960579578106,-14.921018579118915,0.019011893363115817,0.9090652283961755,False
Height_m,IL-35,Group_8C vs Group_15C (Reference),485.57270084732914,0.3869569776574824,-614.4747293298901,1585.6201310245483,0.13150700733084797,-0.049429032808558704,-142.4717595944919,0.5539849168059812,-93.41312162972028,0.7383794440410945,343.10094125283723,0.49858318356277254,0.9090652283961755,False
BMI_kg·m2,IFN-y,Group_8C vs Group_15C (Reference),0.4841811036682594,0.38696124111720676,-0.6127235631696671,1.5810857705061858,0.14684876407736058,-0.030891076739855805,0.5998341565892296,0.04665340004065385,0.120277473469385,0.9674666459904047,1.0840152602574888,0.02149867296579666,0.9090652283961755,False
Body_Fat__Percent,IL-20,Group_8C vs Group_15C (Reference),-0.9556022028259099,0.38756385912815006,-3.123253907754153,1.2120495021023328,0.2779637190489366,0.12753949385079844,1.273322337559603,0.22010760380536865,-2.8791994289068894,0.4238459046309302,0.3177201347336931,0.4039028104648241,0.9090652283961755,False
BMI_kg·m2,IL-26,Group_22C vs Group_15C (Reference),-2.645337751883866,0.3912644543411674,-8.69293639937324,3.402260895605508,0.07462452719324553,-0.11816202964149491,1.5130314976710662,0.45944878413902324,-1.1323062542127997,0.6240518921785669,1.5444251032257847,0.3044431944748758,0.915501424949871,False
VO2max_ml_per_kg_per_min,sCD30_per_TNFRSF8,Group_8C vs Group_15C (Reference),1.585257830739438,0.39485645114332,-2.0664704696784453,5.236986131157321,0.15857754212879105,-0.016718803261044135,-1.1420854274986778,0.28292447147670696,1.3332711651816795,0.600675069786538,0.44317240324076024,0.7720413729472171,0.9199331218026304,False
Muscle_Mass_kg,BAFF_per_TNFSF13B,Group_8C vs Group_15C (Reference),55.36021902581304,0.39508099588388834,-72.22567544228627,182.94611349391235,0.16312494148941126,-0.011224029033628069,-55.52623524968737,0.3563963269367839,-10.33082805504781,0.5964872646939177,-0.16601622387432968,0.9946481980877719,0.9199331218026304,False
Skinfold_Thickness_mm,IL-20,Group_8C vs Group_22C Contrast,0.6184758611615122,0.3990065447721364,-0.8188222719782705,2.055773994301295,0.30856471956654774,0.1645157028095786,0.195266001082139,0.14719119030253014,-0.5585802609489319,0.44431746951145845,0.05989560021258031,0.37167612616595314,0.9268186003566372,False
VO2max_ml_per_kg_per_min,IL-19,Group_8C vs Group_15C (Reference),-4.563097979227835,0.40277946856554225,-15.252538225564923,6.126342267109254,0.3157639428096295,0.1732147642283024,-0.38819301502522213,0.054760142900143895,0.28451575798812806,0.461505854761336,-4.951290994253057,0.36363064612551366,0.9285784282581677,False
Skinfold_Thickness_mm,IL-12p70,Group_8C vs Group_22C Contrast,0.02504636320025321,0.4039336067590592,-0.03377210657261176,0.08386483297311818,0.1875580181473504,0.018299271928048477,0.00484915013771101,0.40932350318157995,-0.01732685725512417,0.5580225183159144,0.007719505945129041,0.1274173883058074,0.9285784282581677,False
VO2max_ml_per_kg_per_min,IL-28A_per_IFN-lambda2,Group_8C vs Group_22C Contrast,-0.6394091227441324,0.40443675153194925,-2.142595392643213,0.8637771471549481,0.2739921132416172,0.12274047016695422,-0.39243058908086503,0.17687060558007617,0.7986471365234467,0.1363368312150257,0.15923801377931424,0.771525387121675,0.9285784282581677,False
Age_years,TSLP,Group_22C vs Group_15C (Reference),0.6235035290591826,0.4053467314435292,-0.8451053475232908,2.092112405641656,0.11265873796395165,-0.07220402496022493,-0.3999139568666776,0.2667483907010858,0.22358957219250503,0.7336577940923092,-0.09840739321969111,0.8212293744511219,0.9285784282581677,False
Height_m,IL-20,Group_8C vs Group_15C (Reference),129.28280383307555,0.40558750675573907,-175.38787933703924,433.95348700319033,0.16378795387196454,-0.010422889071376007,-115.5354815351198,0.4472807209629771,-90.81725584182163,0.6766380002825763,13.747322297955748,0.6715211954900415,0.9285784282581677,False
BSA_m2,IL-12p70,Group_8C vs Group_15C (Reference),-2.8934658051032267,0.4070140580895767,-9.733027494752669,3.9460958845462146,0.26633908949720286,0.11349306647578683,4.282270805262052,0.21530415864501973,-2.2708328951514885,0.43620410108430274,1.3888050001588255,0.004105936223674833,0.9285784282581677,False
Height_m,MMP-1,Group_8C vs Group_22C Contrast,4064.514771919142,0.4070909117418333,-5544.918002089863,13673.947545928146,0.22143576428818657,0.05923488184822545,-1873.4268645908762,0.4641143929463003,-5452.780107849012,0.006544773358578171,-1388.2653359298697,0.7563309759952908,0.9285784282581677,False
Weight_kg,MMP-1,Group_22C vs Group_15C (Reference),-26.39410162825022,0.40830382981862834,-88.95620323277439,36.16799997627395,0.20156766626339973,0.03522759673494136,22.592712773709113,0.11080795268589046,-3.8013888545411056,0.8942717065055885,3.5355844003317642,0.9633824419094139,0.9285784282581677,False
Body_Density_kg_per_m3,IFN-a2,Group_22C vs Group_15C (Reference),506.7622205719414,0.4084968843225586,-694.9142639843122,1708.4387051281951,0.21000606122651677,0.045423990648707835,-230.84205745221988,0.38920113391103583,275.9201631197215,0.616789551816324,-190.08046190297426,0.5662516110180333,0.9285784282581677,False
Body_Fat__Percent,IFN-a2,Group_22C vs Group_15C (Reference),-1.1602430357285334,0.4164055643716108,-3.958458995287539,1.637972923830472,0.2099071213019169,0.045304438239816336,0.5280246354605088,0.3910134309484591,-0.6322184002680246,0.6235745500712087,0.437191015317747,0.570072706888699,0.9398078683658226,False
BSA_m2,Pentraxin-3,Group_8C vs Group_15C (Reference),107.10301026843422,0.4174661789087244,-151.79138037565974,365.9974009125282,0.1755326758790522,0.0037686500205215134,83.1556589567154,0.39674774074808694,-188.7806628948141,0.23971339724270146,190.25866922514962,0.031432204822680054,0.9398078683658226,False
Max_Watts_W,IL-26,Group_8C vs Group_22C Contrast,-0.4051082289803198,0.41918385426718074,-1.3879935871785891,0.5777771292179497,0.30882670973264814,0.16483227426028324,-0.09113877551002837,0.25884491057379266,0.4887384615385948,0.3282063908039694,0.083630232558275,0.03685684239683118,0.9398078683658226,False
BSA_m2,IL-20,Group_8C vs Group_15C (Reference),-58.11359345033333,0.41989674901169893,-199.32422462973645,83.0970377290698,0.1995084171799072,0.032739337425721216,59.619218318252884,0.3983311798357909,-48.20527128190526,0.47722430452264497,1.5056248679195505,0.9168848250468824,0.9398078683658226,False
Height_m,IL-19,Group_8C vs Group_22C Contrast,442.73783849640597,0.4210698366461515,-635.8132595249539,1521.2889365177657,0.27772517119950635,0.12725124853273684,-60.19225199130876,0.1296772867872671,-10.784901138407726,0.872024680347681,431.9529373579983,0.42903572614666974,0.9398078683658226,False
VO2max_ml_per_kg_per_min,IFN-y,Group_8C vs Group_15C (Reference),-0.34096501740643986,0.42235539983002757,-1.1738760563849722,0.4919460215720924,0.15354563161216328,-0.022799028468635907,-0.1009319943441535,0.24555811049083776,0.2663833527806248,0.760130957317436,-0.44189701175059337,0.2880959981421274,0.9398078683658226,False
BSA_m2,MMP-3,Group_8C vs Group_22C Contrast,3832.9982033694946,0.423122858867481,-5545.945768955471,13211.94217569446,0.10746079130218,-0.07848487717653252,2592.1948721728077,0.47963838639164125,-4535.958095986645,0.09438659374258362,-702.9598926171507,0.8584892624857705,0.9398078683658226,False
Height_m,IFN-a2,Group_8C vs Group_22C Contrast,86.96635265642705,0.4234160503962797,-125.9657788656681,299.8984841785222,0.3032449839332645,0.1580876889193613,-143.0626357711807,0.013420526259180098,-38.55901737567443,0.6578235139042277,48.40733528075262,0.4563606987691,0.9398078683658226,False
Body_Density_kg_per_m3,IL-29_per_IFN-lambda1,Group_8C vs Group_15C (Reference),1396.4825529889517,0.42360247743066837,-2024.037410588991,4817.002516566894,0.17984676361968244,0.008981506040449672,-1414.1563119839684,0.07639425627825765,103.83170689758936,0.893362990653845,-17.67375899501667,0.9909143081513307,0.9398078683658226,False
Age_years,IFN-y,Group_8C vs Group_22C Contrast,0.3786499954036857,0.42449741876661706,-0.5506187094023468,1.3079187002097181,0.14864205464525837,-0.028724183970312733,0.02527489104929805,0.8346461186593561,-0.017474933155084683,0.963851769917496,0.361175062248601,0.19047881611924478,0.9398078683658226,False
Skinfold_Thickness_mm,Pentraxin-3,Group_8C vs Group_22C Contrast,1.5864791472558266,0.42520491855328324,-2.312951713701633,5.485910008213287,0.18240740842773917,0.012075618516851572,0.3802790705977058,0.22615497566325904,-1.4667909031005335,0.252200442327152,0.11968824415529328,0.9373286351370134,0.9398078683658226,False
Height_m,sCD30_per_TNFRSF8,Group_8C vs Group_22C Contrast,208.8068873003303,0.42660957221553064,-305.98307646342306,723.5968510640837,0.17838997637805853,0.007221221456820803,-243.06915278783174,0.05654075049429234,-227.91431995206693,0.3296214309031371,-19.107432651736644,0.8731704028333505,0.9398078683658226,False
BSA_m2,gp130_per_sIL-6Rb,Group_8C vs Group_15C (Reference),-21402.433067565657,0.4273432336621994,-74250.56157812453,31445.69544299322,0.14359410061322753,-0.03482379509235001,5153.092632480698,0.4428342504631755,-11642.252795529417,0.5905453567537853,-16249.34043508496,0.5337851772366657,0.9398078683658226,False
Age_years,sCD30_per_TNFRSF8,Group_22C vs Group_15C (Reference),-1.1566451075179918,0.42783295979524494,-4.015728733604416,1.7024385185684319,0.12124151754786283,-0.06183316629633229,0.2965364845233625,0.7501426918891309,-0.8601086229946293,0.44367994442835235,-0.7343899636084876,0.5529130878211079,0.9398078683658226,False
Height_m,MMP-3,Group_8C vs Group_15C (Reference),7723.023921345398,0.4281674301018795,-11381.163435544498,26827.211278235292,0.1411362838517416,-0.03779365701247883,-10090.530412744285,0.21765881842195367,-13778.898142600341,0.4520146671345562,-2367.506491398887,0.6546357204296958,0.9398078683658226,False
Body_Fat__Percent,IL-29_per_IFN-lambda1,Group_8C vs Group_15C (Reference),-3.1979520366961602,0.4308039065653585,-11.153953071271646,4.758048997879326,0.17863675519531275,0.007519412527669633,3.1985660573746495,0.07644595543432364,-0.2584540608207875,0.8832157701334662,0.0006140206784892577,0.9998652474907841,0.9424035950183967,False
Body_Density_kg_per_m3,sTNF-R1,Group_22C vs Group_15C (Reference),3874.0702434768205,0.43131951370747934,-5774.7971916685565,13522.937678622198,0.1225360441100779,-0.06026894670032257,-1754.108234901954,0.25428086826431906,2119.9620085748666,0.6503060572470236,3483.3276638379807,0.39932474012307484,0.9424035950183967,False
BSA_m2,Osteopontin,Group_8C vs Group_22C Contrast,28302.59763969244,0.4347368714766473,-42715.54210807555,99320.73738746042,0.16965654019028809,-0.003331680603401832,21264.10345460868,0.3475515211969108,-18421.961992803605,0.14732271835401267,9880.635646888837,0.770894997016617,0.9437776823412501,False
Skinfold_Thickness_mm,IL-35,Group_8C vs Group_15C (Reference),1.1332879347355913,0.43961086656873505,-1.7407524593975925,4.007328328868775,0.4003607346616287,0.2754358877161347,0.41605666772577543,0.06998973677701466,-0.40990313476473406,0.6139171078494423,1.5493446024613666,0.28471894971400014,0.9437776823412501,False
Weight_kg,IFN-a2,Group_22C vs Group_15C (Reference),-0.3994676947998134,0.4400289149262929,-1.4134520055069852,0.6145166159073583,0.27673566993639287,0.1260556011731414,0.23719850985534427,0.45307047831471947,-0.16226918494446915,0.6919270724350777,0.6368052866456064,0.5380605686088193,0.9437776823412501,False
BSA_m2,IFN-a2,Group_8C vs Group_15C (Reference),38.403324415008754,0.44039788896447274,-59.15602242262577,135.96267125264328,0.2462430987170231,0.08921041094973625,3.3236820778033507,0.9101015832886237,-14.305983495197477,0.5993408558907312,41.7270064928121,0.29854539453305673,0.9437776823412501,False
BSA_m2,sCD30_per_TNFRSF8,Group_8C vs Group_22C Contrast,131.38829793575925,0.4405259249213598,-202.48860706570983,465.2652029372283,0.19570027767936748,0.028137835529235766,21.786647864083843,0.7730744367532657,-121.61486128553841,0.0012098151863930706,9.77343665022084,0.9530929496663119,0.9437776823412501,False
Body_Fat__Percent,sTNF-R1,Group_22C vs Group_15C (Reference),-8.730017457909051,0.4424287868768395,-31.006488847129923,13.546453931311822,0.12181805772077292,-0.061136513587399355,3.942241970836829,0.2582690421080788,-4.7877754870722224,0.6580605961174353,-8.082841289446764,0.39985697986411206,0.9437776823412501,False
VO2max_ml_per_kg_per_min,IL-26,Group_8C vs Group_22C Contrast,-0.7715968613098819,0.4434982164794381,-2.745146605655171,1.2019528830354074,0.14855245749430657,-0.028832447194379496,-0.8202852746525292,0.13980299426450063,0.8175770034621587,0.32294869318797326,0.04598014215227675,0.9361739371228237,0.9437776823412501,False
Muscle_Mass_kg,IL-12p40,Group_8C vs Group_22C Contrast,0.3057870312555654,0.4443798816129614,-0.47785367875315565,1.0894277412642865,0.1611469520488863,-0.013614099607595742,-0.4366528795552737,0.7369215983211819,-0.17296206373366702,0.5879361269392751,0.13282496752189837,0.581119412868331,0.9437776823412501,False
Muscle_Mass_kg,IL-28A_per_IFN-lambda2,Group_8C vs Group_22C Contrast,0.42564239483468697,0.4450721573982337,-0.6668113948853505,1.5180961845547245,0.19623725360577782,0.028786681440314932,-0.3710662295315979,0.3413608412077762,-0.11358669611546135,0.7493797301155432,0.3120556987192256,0.4672228511529575,0.9437776823412501,False
BMI_kg·m2,Osteopontin,Group_8C vs Group_22C Contrast,983.767198449136,0.44518805572427145,-1541.8127240822512,3509.347120980523,0.26418646552509384,0.11089197917615512,1444.3198225326003,0.07366572504084838,-803.46759419657,0.4339006114819919,180.29960425256604,0.8168661596060847,0.9437776823412501,False
VO2max_ml_per_kg_per_min,sTNF-R2,Group_22C vs Group_15C (Reference),35.84891506249494,0.4462081291643287,-56.389237516389215,128.0870676413791,0.23493156272214188,0.07554230495592151,-31.47511961324035,0.014199092808252241,4.37379544925459,0.9230432898090324,16.43168949868466,0.5213818311121621,0.9437776823412501,False
Muscle_Mass_kg,Chitinase_3-like1,Group_22C vs Group_15C (Reference),60.49761281022577,0.4469688603811999,-95.42159598932923,216.41682160978078,0.15648557317005485,-0.019246599086183647,-66.45582209496061,0.39203085613704813,-5.958209284734842,0.7310421878849485,-5.923614933093248,0.8559964078798958,0.9437776823412501,False
BMI_kg·m2,sTNF-R1,Group_22C vs Group_15C (Reference),-18.733939247886145,0.4493764071315085,-67.27330156384387,29.80542306807158,0.09917441729250165,-0.08849757910489386,4.390941541474244,0.5405798269950493,-14.3429977064119,0.545106300440199,-8.398651332273435,0.658135072087046,0.9437776823412501,False
Max_Watts_W,IL-12p70,Group_8C vs Group_22C Contrast,-0.009683989266547333,0.44982442304010395,-0.034800336691676356,0.015432358158581686,0.0915827884729119,-0.09767079726189798,-0.001019047619044057,0.5336627108384291,0.010415384615387026,0.39434503642702134,0.000731395348839694,0.848640764533706,0.9437776823412501,False
Muscle_Mass_kg,IL-10,Group_22C vs Group_15C (Reference),-0.18697322193832666,0.4500446077337379,-0.6721328329816958,0.29818638910504247,0.19922071341820313,0.03239169538032882,0.08583188551097194,0.7186886599393469,-0.10114133642735472,0.13142818274326462,0.06982418318430865,0.23226427391606252,0.9437776823412501,False
Height_m,IL-35,Group_8C vs Group_22C Contrast,436.5140628825575,0.4509261450417523,-698.3837401151877,1571.4118658803027,0.13150700733084797,-0.049429032808558704,-142.4717595944919,0.5539849168059812,-93.41312162972028,0.7383794440410945,343.10094125283723,0.49858318356277254,0.9437776823412501,False
BSA_m2,IL-12p40,Group_8C vs Group_15C (Reference),-41.27398031345365,0.45153470022955,-148.72507573077468,66.17711510386738,0.18019280120456016,0.009399634788843536,41.90500098552472,0.3788491594215644,-5.817357106894875,0.9010076178977942,0.6310206720710738,0.9814689756861934,0.9437776823412501,False
BSA_m2,sTNF-R1,Group_8C vs Group_22C Contrast,591.7061655353615,0.45188383592214754,-949.936594977598,2133.348926048321,0.13839697686910646,-0.04110365294982965,54.33274742569178,0.7699690712022863,-402.16757849610383,0.18575115745669324,189.53858703925766,0.7938873894237017,0.9437776823412501,False
Skinfold_Thickness_mm,IFN-a2,Group_22C vs Group_15C (Reference),-0.2155266062386311,0.45452163504593524,-0.780342049096048,0.34928883661878585,0.22764378756937698,0.06673624331299721,0.07847819238478637,0.3981957190148171,-0.13704841385384472,0.6153958143872593,0.07289748456078839,0.5847327691594708,0.9437776823412501,False
Muscle_Mass_kg,MMP-3,Group_8C vs Group_15C (Reference),88.5789713983974,0.4582266209255059,-145.47142594014196,322.6293687369368,0.15474045955607196,-0.021355278036413017,-95.45643592101588,0.39733724109023194,-52.738464476595354,0.28978583608111785,-6.877464522618482,0.8609028524036935,0.9437776823412501,False
BSA_m2,gp130_per_sIL-6Rb,Group_22C vs Group_15C (Reference),-16795.345428010114,0.4584991594250575,-61200.26064284968,27609.569786829452,0.14359410061322753,-0.03482379509235001,5153.092632480698,0.4428342504631755,-11642.252795529417,0.5905453567537853,-16249.34043508496,0.5337851772366657,0.9437776823412501,False
Max_Watts_W,MMP-3,Group_22C vs Group_15C (Reference),37.17536016047581,0.46059651044289884,-61.57220264903065,135.92292296998227,0.24850448045557283,0.09194291388381726,-15.508990929696136,0.04381866629898398,21.666369230779676,0.6634590458808995,3.287691860475345,0.6847945080750932,0.9437776823412501,False
Age_years,IL-35,Group_8C vs Group_22C Contrast,2.6170896828111747,0.46128402736268503,-4.345388831460466,9.579568197082814,0.09339686982670758,-0.09547878229272833,-0.2871432562297216,0.8490253177444373,-0.9666510695187187,0.43074270985918717,1.650438613292456,0.6205463668611582,0.9437776823412501,False
Skinfold_Thickness_mm,IL-12p70,Group_22C vs Group_15C (Reference),-0.02217600739283518,0.46212936543595173,-0.08128319055390022,0.036931175768229865,0.1875580181473504,0.018299271928048477,0.00484915013771101,0.40932350318157995,-0.01732685725512417,0.5580225183159144,0.007719505945129041,0.1274173883058074,0.9437776823412501,False
Max_Watts_W,IL-35,Group_22C vs Group_15C (Reference),0.34565993371719433,0.46346892026243514,-0.5784129172419137,1.2697327846763022,0.10773454856390619,-0.0781540871519466,-0.31549070294778103,0.12635413844378113,0.030169230769413302,0.9432621767049265,0.0526430232559843,0.9327744433490881,0.9437776823412501,False
VO2max_ml_per_kg_per_min,IFN-y,Group_8C vs Group_22C Contrast,-0.7082803645312181,0.4637050807942221,-2.6028028803527885,1.186242151290352,0.15354563161216328,-0.022799028468635907,-0.1009319943441535,0.24555811049083776,0.2663833527806248,0.760130957317436,-0.44189701175059337,0.2880959981421274,0.9437776823412501,False
Height_m,IL-10,Group_8C vs Group_22C Contrast,18.762647872336128,0.4652640166912142,-31.599535534235795,69.12483127890805,0.13070498025412025,-0.050398148859604586,-3.7255611875453245,0.8625424715903444,-20.388256440982698,0.3483942372724709,-1.625608568646569,0.905496602870409,0.9437776823412501,False
Muscle_Mass_kg,IFN-a2,Group_8C vs Group_15C (Reference),0.6657371769300533,0.46847783886897554,-1.1341202114515794,2.4655945653116857,0.30463724385968616,0.15977000299712085,0.040214631788068875,0.9636207626763869,0.011421877576733044,0.9638132597830928,0.7059518087181221,0.0059610912438066155,0.9437776823412501,False
Body_Density_kg_per_m3,IFN-a2,Group_8C vs Group_22C Contrast,-466.0006250226958,0.46883689396637107,-1726.9000196102716,794.8987695648801,0.21000606122651677,0.045423990648707835,-230.84205745221988,0.38920113391103583,275.9201631197215,0.616789551816324,-190.08046190297426,0.5662516110180333,0.9437776823412501,False
BSA_m2,sCD163,Group_8C vs Group_22C Contrast,33622.12154762586,0.4694835872754263,-57484.71862941115,124728.96172466286,0.1338966843922107,-0.04654150635941212,12399.732475178705,0.5843923747529767,-30158.283842467823,0.08197131329744511,3463.8377051580337,0.9359868679278864,0.9437776823412501,False
Muscle_Mass_kg,MMP-3,Group_8C vs Group_22C Contrast,45.86099995397687,0.4696208046102086,-78.44827470769113,170.17027461564487,0.15474045955607196,-0.021355278036413017,-95.45643592101588,0.39733724109023194,-52.738464476595354,0.28978583608111785,-6.877464522618482,0.8609028524036935,0.9437776823412501,False
Muscle_Mass_kg,IL-12p70,Group_8C vs Group_15C (Reference),-0.03367431245297356,0.4701189977067346,-0.12505153703921182,0.0577029121332647,0.17850888436637025,0.007364901942697455,0.062282186187417446,0.16725197195882735,-0.016159196338075943,0.714321531127132,0.028607873734443887,0.015580606414498765,0.9437776823412501,False
Max_Watts_W,APRIL_per_TNFSF13,Group_8C vs Group_22C Contrast,85.13289427549049,0.4702342090656477,-145.94441899183622,316.2102075428172,0.18877636715946133,0.019771443651015796,-57.652258049888964,0.11644545421674361,-69.37353846152561,0.5450186520718268,15.759355813964866,0.5679566416317725,0.9437776823412501,False
Muscle_Mass_kg,Chitinase_3-like1,Group_8C vs Group_15C (Reference),60.53220716186736,0.472319368058824,-104.54254942703578,225.6069637507705,0.15648557317005485,-0.019246599086183647,-66.45582209496061,0.39203085613704813,-5.958209284734842,0.7310421878849485,-5.923614933093248,0.8559964078798958,0.9437776823412501,False
Weight_kg,IFN-a2,Group_8C vs Group_22C Contrast,0.7990744715900755,0.4725224695637187,-1.381086494366901,2.979235437547052,0.27673566993639287,0.1260556011731414,0.23719850985534427,0.45307047831471947,-0.16226918494446915,0.6919270724350777,0.6368052866456064,0.5380605686088193,0.9437776823412501,False
BSA_m2,IL-20,Group_8C vs Group_22C Contrast,49.71089614982481,0.473416242341936,-86.19236599892068,185.6141582985703,0.1995084171799072,0.032739337425721216,59.619218318252884,0.3983311798357909,-48.20527128190526,0.47722430452264497,1.5056248679195505,0.9168848250468824,0.9437776823412501,False
Body_Fat__Percent,TSLP,Group_8C vs Group_15C (Reference),-0.8891025902552335,0.47428656120229296,-3.3245400652686783,1.5463348847582115,0.1861833025418913,0.016638157238118678,0.0005143154609873048,0.9995318228211305,-1.9935040414411944,0.03000423567082211,-0.8885882747942462,0.3130346984221577,0.9437776823412501,False
Muscle_Mass_kg,sCD30_per_TNFRSF8,Group_8C vs Group_22C Contrast,0.934144600776265,0.47452904814320995,-1.6261238615648375,3.4944130631173675,0.1458152080691335,-0.03213995691646354,-1.503245347132102,0.5047072229326848,-0.7603842144627466,0.15074100322504025,0.17376038631351842,0.8843202064329168,0.9437776823412501,False
BSA_m2,IL-12p40,Group_22C vs Group_15C (Reference),-47.7223580924196,0.47460294443773454,-178.53747972165414,83.09276353681494,0.18019280120456016,0.009399634788843536,41.90500098552472,0.3788491594215644,-5.817357106894875,0.9010076178977942,0.6310206720710738,0.9814689756861934,0.9437776823412501,False
Muscle_Mass_kg,sTNF-R1,Group_8C vs Group_22C Contrast,5.071417582196326,0.4750059761803769,-8.843148528097053,18.985983692489704,0.11650428141351243,-0.06755732662533909,-5.0115219242761455,0.4178668949025268,-1.4440980686903364,0.7698645403204998,3.6273195135059897,0.4771346815787476,0.9437776823412501,False
Muscle_Mass_kg,BAFF_per_TNFSF13B,Group_22C vs Group_15C (Reference),45.19540719463956,0.475164838539462,-78.85062076842419,169.2414351577033,0.16312494148941126,-0.011224029033628069,-55.52623524968737,0.3563963269367839,-10.33082805504781,0.5964872646939177,-0.16601622387432968,0.9946481980877719,0.9437776823412501,False
BMI_kg·m2,TSLP,Group_8C vs Group_22C Contrast,2.4682524285924456,0.47566106213458137,-4.314005943246251,9.250510800431142,0.14769734337038032,-0.029865710094123754,0.5851206317777018,0.6595270249584457,-3.000626055376193,0.19413684134280018,-0.5323736267837473,0.8362415941682912,0.9437776823412501,False
Body_Fat__Percent,IFN-a2,Group_8C vs Group_22C Contrast,1.0694094155857716,0.476071489023852,-1.8718462054621685,4.0106650366337115,0.2099071213019169,0.045304438239816336,0.5280246354605088,0.3910134309484591,-0.6322184002680246,0.6235745500712087,0.437191015317747,0.570072706888699,0.9437776823412501,False
Muscle_Mass_kg,TWEAK_per_TNFSF12,Group_8C vs Group_22C Contrast,1.7059605507415574,0.4763288615147312,-2.9887756417620484,6.400696743245163,0.05752348586862743,-0.13882578790874178,-3.1640793575361768,0.6882191700950241,-0.628020931144202,0.5931283383391537,1.0779396195973554,0.6055130861999503,0.9437776823412501,False
Max_Watts_W,sCD30_per_TNFRSF8,Group_8C vs Group_22C Contrast,0.4185206618962358,0.4770730652596409,-0.7351779319962539,1.5722192557887256,0.18886709474278518,0.01988107281419882,-0.19725941043085624,0.18992766300232578,-0.26658461538455497,0.6398290826772111,0.15193604651168088,0.3047473554702187,0.9437776823412501,False
BSA_m2,IL-29_per_IFN-lambda1,Group_8C vs Group_22C Contrast,-84.49819912003758,0.4773580765728319,-317.5775991722794,148.58120093220427,0.17347698813031553,0.0012846939907980026,159.30464519811213,0.055043124458949856,26.534319305052207,0.7085654195798254,-57.963879814985376,0.5434825987824023,0.9437776823412501,False
VO2max_ml_per_kg_per_min,APRIL_per_TNFSF13,Group_8C vs Group_15C (Reference),-283.69539765814903,0.47829903441536714,-1067.89936080536,500.5085654890618,0.29269962045267905,0.14534537471365394,-360.9002627783068,0.11681974389325796,183.43272618524452,0.7487560978533612,-644.5956604364558,0.048908840244223706,0.9437776823412501,False
BMI_kg·m2,MMP-3,Group_8C vs Group_15C (Reference),-176.19558690317666,0.4794505128966947,-664.5207266459194,312.12955283956603,0.12412976870069947,-0.0583431961533214,216.80419836107956,0.08384781271857789,-119.49787707117542,0.4096694187821577,40.608611457902896,0.850386310565874,0.9438199685774293,False
BMI_kg·m2,IL-10,Group_8C vs Group_15C (Reference),-0.35715104559460414,0.4802929202687649,-1.348893650385309,0.6345915591961009,0.25285610837096295,0.097201130948247,0.560866256452062,0.005780562183527052,-0.11202912255040309,0.9192211146471052,0.20371521085745786,0.6602203353733396,0.9438199685774293,False
Age_years,IL-12p70,Group_22C vs Group_15C (Reference),-0.03162779965855547,0.4829159971987338,-0.1199795042542632,0.05672390493715225,0.1790311201533077,0.007995936851913465,0.03800480500614836,0.27063157164775165,0.00637700534759289,0.8260371957724484,0.02939954031794565,0.1538356801691958,0.947029937129484,False
Age_years,sTNF-R1,Group_8C vs Group_15C (Reference),-5.487018060203738,0.4844856507229818,-20.870027751475803,9.895991631068329,0.09826280095530138,-0.08959911551234412,2.8267230975528657,0.20822286297455617,-0.844346590909097,0.8752001232738682,-2.6602949626508723,0.723528884102528,0.9472126502756825,False
Body_Density_kg_per_m3,TSLP,Group_8C vs Group_15C (Reference),375.5647384605256,0.48657590917782834,-682.3976317218408,1433.527108642892,0.18501563639892826,0.015227227315371739,3.2643670827968965,0.9931592611086191,861.1536480584376,0.0334234504203188,378.8291055433225,0.32214079732614054,0.9472126502756825,False
VO2max_ml_per_kg_per_min,Osteocalcin,Group_8C vs Group_15C (Reference),42.72976552878653,0.48673096038879937,-77.6824234738248,163.14195453139786,0.18740680592961656,0.018116557164953417,-51.74485794367941,0.03149200576326075,20.455085523691544,0.6965744989214107,-9.015092414892884,0.8732935563730699,0.9472126502756825,False
Body_Density_kg_per_m3,IFN-y,Group_8C vs Group_15C (Reference),-152.8401009279799,0.48696825907589947,-583.7771317285259,278.0969298725661,0.16338070425183304,-0.01091498236236843,-90.14948934700654,0.06033820204266894,183.7593653045547,0.8325081157870056,-242.98959027498643,0.2574403537852057,0.9472126502756825,False
BMI_kg·m2,Osteocalcin,Group_8C vs Group_22C Contrast,210.51762163970088,0.4883046460595376,-384.87903689793336,805.9142801773352,0.16938595532604295,-0.0036586373143647766,115.26393677261346,0.16862531238571787,-90.7017969348911,0.20275110138153218,119.81582470480977,0.6849415806464103,0.9478854894096906,False
Skinfold_Thickness_mm,IFN-a2,Group_8C vs Group_22C Contrast,0.2099458984146331,0.48932722871539736,-0.38523243494744475,0.8051242317767109,0.22764378756937698,0.06673624331299721,0.07847819238478637,0.3981957190148171,-0.13704841385384472,0.6153958143872593,0.07289748456078839,0.5847327691594708,0.9479476880174804,False
Body_Fat__Percent,IFN-y,Group_8C vs Group_15C (Reference),0.3518254014997693,0.4907090937008961,-0.6487313077046237,1.3523821107041623,0.1617738445688356,-0.012856604479323686,0.20500493406634185,0.062359119401241905,-0.41221516354183335,0.8390017129860463,0.5568303355661112,0.2639952062048003,0.9483725863554968,False
Muscle_Mass_kg,sIL-6Ra,Group_8C vs Group_15C (Reference),60.920929109579895,0.49152852960535676,-112.6600383135598,234.5018965327196,0.16778957713118736,-0.005587594299815146,-49.01592659313808,0.5571120513174013,-36.18440954772089,0.08514188162782177,11.905002516441812,0.6871830069299665,0.9483725863554968,False
Max_Watts_W,MMP-2,Group_22C vs Group_15C (Reference),64.69847364381442,0.49495683556828196,-121.11349763191885,250.5104449195477,0.2562929447013693,0.10135397484748798,-36.19515056686789,0.003911799994290935,28.503323076946536,0.7616433903956115,39.64510348839543,0.2664123723243468,0.953065777945364,False
BSA_m2,IL-28A_per_IFN-lambda2,Group_8C vs Group_15C (Reference),-39.28602291812491,0.4961506407443208,-152.4271339062829,73.8550880700331,0.24411487048253944,0.08663880183306849,31.08458871784611,0.26714867766001416,-25.940187259845224,0.35316388707085977,-8.201434200278797,0.8709202795316147,0.9533815074571681,False
Muscle_Mass_kg,IL-11,Group_22C vs Group_15C (Reference),-0.043404281575640094,0.49711324161037296,-0.16868551951808036,0.08187695636680016,0.2831656654760827,0.13382517911693326,0.028516978250468613,0.5942438973182063,-0.014887303325171481,0.6699428253925872,0.043795023508072024,0.1820377566590179,0.9533815074571681,False
Height_m,IL-28A_per_IFN-lambda2,Group_22C vs Group_15C (Reference),-72.25259828130507,0.5021928179758344,-283.2858476680164,138.78065110540626,0.22126228806251969,0.05902526474221137,-9.560463432295824,0.8626014414712684,-81.81306171360089,0.37603398046151715,-41.282862706913235,0.5424057365078678,0.961197053605747,False
Skinfold_Thickness_mm,MMP-1,Group_8C vs Group_15C (Reference),-5.65715913187836,0.5053286591889302,-22.30232605813325,10.988007794376532,0.1737967820066053,0.0016711115913148333,3.301988380992346,0.13161612644351992,-2.8937948192109664,0.8198864755899364,-2.355170750886014,0.7740906868198705,0.9620580567271344,False
Age_years,sCD30_per_TNFRSF8,Group_8C vs Group_15C (Reference),-1.03092644813185,0.5056449587650985,-4.06649582536283,2.0046429290991306,0.12124151754786283,-0.06183316629633229,0.2965364845233625,0.7501426918891309,-0.8601086229946293,0.44367994442835235,-0.7343899636084876,0.5529130878211079,0.9620580567271344,False
BMI_kg·m2,sTNF-R2,Group_8C vs Group_15C (Reference),-89.06120623114865,0.5056585188440424,-351.3108414659905,173.1884290036932,0.17892758805468323,0.007870835566075596,69.26374976890601,0.1419894456506902,-73.73423253864699,0.23005376165532154,-19.797456462242636,0.8743704516370099,0.9620580567271344,False
Age_years,BAFF_per_TNFSF13B,Group_8C vs Group_22C Contrast,-18.406697965307554,0.5098724632302761,-73.14894567561704,36.33554974500193,0.061218596530245306,-0.13436086252595358,-4.510898983127161,0.8836159665117054,1.9368282085562711,0.9237808924885034,-16.469869756751283,0.39202080053757404,0.9664317214051423,False
Muscle_Mass_kg,sCD30_per_TNFRSF8,Group_8C vs Group_15C (Reference),1.6770057334456203,0.5108150862702321,-3.3215124124543847,6.675523879345625,0.1458152080691335,-0.03213995691646354,-1.503245347132102,0.5047072229326848,-0.7603842144627466,0.15074100322504025,0.17376038631351842,0.8843202064329168,0.9664317214051423,False
Max_Watts_W,IL-20,Group_8C vs Group_22C Contrast,-0.2578647584973214,0.5114254168891401,-1.0275870997316063,0.5118575827369636,0.22795277512833134,0.0671096032800671,-0.16727845804979724,0.09935725198247805,0.24504615384628292,0.5304192438028945,-0.012818604651038457,0.7531154071317767,0.9664317214051423,False
Age_years,IL-29_per_IFN-lambda1,Group_8C vs Group_15C (Reference),-1.5663277508899227,0.5134174974391719,-6.26384231847366,3.1311868166938144,0.1581436788901217,-0.01724305467443621,1.672916526986398,0.21046262535507487,0.8131584224598438,0.4336431244282535,0.10658877609647521,0.9572821456893081,0.9664317214051423,False
Skinfold_Thickness_mm,IFN-y,Group_8C vs Group_15C (Reference),0.054224334758247596,0.514759894031791,-0.10891745151933219,0.21736612103582736,0.15344026528501054,-0.022926346113945506,0.0275559889142255,0.032542166541807714,-0.07838906910698538,0.8479206231696825,0.0817803236724731,0.31998140078926296,0.9664317214051423,False
BSA_m2,TSLP,Group_8C vs Group_15C (Reference),-35.99066251723348,0.5157083288395691,-144.51852180020856,72.53719676574158,0.15780714011680186,-0.017649705692197593,4.989106642548014,0.9021816778588202,-48.854166953690694,0.21348737734483336,-31.001555874685465,0.41040301128803414,0.9664317214051423,False
Weight_kg,IL-12p40,Group_8C vs Group_22C Contrast,0.34322458001105277,0.5160355213023176,-0.6925763092216439,1.3790254692437494,0.21235494634001761,0.04826222682752135,0.6509163114365786,0.1658602795394548,-0.1503421583617326,0.7577938706415814,0.19288242164932018,0.34431517894293995,0.9664317214051423,False
Age_years,IL-12p70,Group_8C vs Group_22C Contrast,0.02302253497035276,0.5177376337674975,-0.046738763618278924,0.09278383355898445,0.1790311201533077,0.007995936851913465,0.03800480500614836,0.27063157164775165,0.00637700534759289,0.8260371957724484,0.02939954031794565,0.1538356801691958,0.9664317214051423,False
Body_Fat__Percent,APRIL_per_TNFSF13,Group_8C vs Group_15C (Reference),310.05493339381127,0.5211636354603627,-637.1727493051033,1257.282616092726,0.2932708864467226,0.1460356544564565,439.91670499951607,0.24379899831439822,-616.0888459657415,0.02672349777701588,749.9716383933273,0.012968885707989042,0.9664317214051423,False
Skinfold_Thickness_mm,MMP-2,Group_8C vs Group_22C Contrast,-59.57860208847703,0.5217683558029279,-241.86093872940546,122.70373455245141,0.19621423734709353,0.028758870127738034,30.458978116078605,0.21711936004021748,-17.56965706991509,0.6304559770218197,-77.14825915839211,0.3670577789315004,0.9664317214051423,False
Body_Fat__Percent,IL-35,Group_8C vs Group_15C (Reference),5.3832468838363745,0.5221864064689065,-11.103190838287276,21.869684605960025,0.34645340697866633,0.21029786676588857,2.7752614402194413,0.10054073235620818,-2.548488101085059,0.563358553603357,8.158508324055816,0.32212595231177055,0.9664317214051423,False
Age_years,IL-11,Group_8C vs Group_22C Contrast,0.04640118429839523,0.5223049043137129,-0.0957476401233949,0.18855000872018537,0.2493081227554198,0.09291398166279896,0.013492569002126002,0.6475690368297657,0.0014555481283414946,0.9579287539134147,0.04785673242673673,0.4755237007444455,0.9664317214051423,False
Max_Watts_W,IL-19,Group_8C vs Group_15C (Reference),0.17469240362811528,0.5227759498854017,-0.3610699216551742,0.7104547289114047,0.06860853666520339,-0.12543135152954576,-0.05354240362808083,0.15484330244463204,0.009476923076957695,0.9328503195677598,0.12115000000003445,0.6545421904918223,0.9664317214051423,False
Max_Watts_W,Pentraxin-3,Group_8C vs Group_15C (Reference),0.3388413568531169,0.522852161996707,-0.7005382310623903,1.378220944768624,0.21146321267538026,0.04718471531608459,-0.28253786848118684,0.39636588564220077,-1.6099846153847504,0.2406500888868064,0.056303488371930055,0.8914603557401892,0.9664317214051423,False
Height_m,IL-19,Group_22C vs Group_15C (Reference),49.40735085290103,0.5256419155466039,-103.16992456434988,201.98462627015195,0.27772517119950635,0.12725124853273684,-60.19225199130876,0.1296772867872671,-10.784901138407726,0.872024680347681,431.9529373579983,0.42903572614666974,0.9664317214051423,False
Body_Density_kg_per_m3,IL-35,Group_8C vs Group_15C (Reference),-2276.6513813347724,0.5275472528537613,-9339.765457836282,4786.462695166738,0.34347983957502837,0.20670480615315934,-1216.1117702868771,0.09836834123982593,1111.4527536477365,0.5562001910157446,-3492.7631516216497,0.32213830046513636,0.9664317214051423,False
Body_Fat__Percent,MMP-1,Group_8C vs Group_15C (Reference),-36.42489864904395,0.5280029528468995,-149.55483324077682,76.70503594268891,0.1832313874955881,0.013071259890502396,30.067618659676114,0.12400049016027898,-7.369307856632425,0.9170575141199666,-6.357279989367839,0.9068157049998917,0.9664317214051423,False
BMI_kg·m2,sTNF-R1,Group_8C vs Group_15C (Reference),-12.789592873747678,0.5285029970593069,-52.560218898138366,26.981033150643007,0.09917441729250165,-0.08849757910489386,4.390941541474244,0.5405798269950493,-14.3429977064119,0.545106300440199,-8.398651332273435,0.658135072087046,0.9664317214051423,False
Age_years,sTNF-R1,Group_22C vs Group_15C (Reference),-3.6710696884619627,0.5286475044294874,-15.090661152306732,7.748521775382807,0.09826280095530138,-0.08959911551234412,2.8267230975528657,0.20822286297455617,-0.844346590909097,0.8752001232738682,-2.6602949626508723,0.723528884102528,0.9664317214051423,False
Max_Watts_W,IL-11,Group_8C vs Group_15C (Reference),0.006704709170488364,0.5288839383898775,-0.01416358851490294,0.02757300685587967,0.23215978260667325,0.07219307064973024,-0.0035977324262983852,0.3113059134905626,0.011307692307696118,0.20919312104540388,0.003106976744189979,0.7568978166093356,0.9664317214051423,False
Body_Density_kg_per_m3,MMP-1,Group_8C vs Group_15C (Reference),15723.579990875876,0.5291642863284165,-33249.11903697954,64696.27901873129,0.18373536341902652,0.013680230797990411,-13320.563818246916,0.11774152528593258,3106.0582744467283,0.9200468829085666,2403.0161726289607,0.9185216870800086,0.9664317214051423,False
Muscle_Mass_kg,sTNF-R2,Group_8C vs Group_15C (Reference),29.834931169901786,0.531034913323535,-63.51256474704706,123.18242708685062,0.09612768795103122,-0.09217904372583718,-31.350163405609408,0.47992553400028437,-7.9394818878523985,0.5200922552236937,-1.5152322357076216,0.9301569623621864,0.9680007848583296,False
Age_years,gp130_per_sIL-6Rb,Group_8C vs Group_22C Contrast,311.4120001466528,0.5338842630786003,-669.7480691767721,1292.5720694700778,0.201189188885179,0.034770269902924644,-35.888650128491385,0.7461479960834112,131.81476771390115,0.7456591671745201,443.22676786055393,0.1294628583709747,0.9713445622931947,False
BMI_kg·m2,MMP-3,Group_8C vs Group_22C Contrast,160.10648852907832,0.5372935216862866,-348.5710800768004,668.784057134957,0.12412976870069947,-0.0583431961533214,216.80419836107956,0.08384781271857789,-119.49787707117542,0.4096694187821577,40.608611457902896,0.850386310565874,0.9745514035453563,False
Weight_kg,TSLP,Group_8C vs Group_15C (Reference),-0.4981705304095838,0.5376835329905414,-2.082407221818344,1.0860661609991762,0.16224316952779305,-0.012289503487250109,0.11151013771996196,0.7793872556223045,-0.7199262875672449,0.13745148863615197,-0.3866603926896218,0.5825638804001896,0.9745514035453563,False
BSA_m2,sTNF-R2,Group_8C vs Group_15C (Reference),-1781.0543894616449,0.5387667166929468,-7460.119942685479,3898.0111637621894,0.13240111681462186,-0.04834865051566517,1009.8295192125017,0.40940710525758006,-1298.5261577923422,0.18731022138303866,-771.2248702491431,0.7690181746028109,0.9746687105390363,False
BSA_m2,MMP-3,Group_8C vs Group_15C (Reference),-3295.1547647899583,0.5405491592057137,-13848.368039408035,7258.058509828117,0.10746079130218,-0.07848487717653252,2592.1948721728077,0.47963838639164125,-4535.958095986645,0.09438659374258362,-702.9598926171507,0.8584892624857705,0.9756137311120021,False
Max_Watts_W,IL-11,Group_8C vs Group_22C Contrast,-0.008200715563506138,0.5430677640959428,-0.03462938668819368,0.018227955561181404,0.23215978260667325,0.07219307064973024,-0.0035977324262983852,0.3113059134905626,0.011307692307696118,0.20919312104540388,0.003106976744189979,0.7568978166093356,0.9756137311120021,False
Body_Fat__Percent,BAFF_per_TNFSF13B,Group_8C vs Group_22C Contrast,-30.810239246283246,0.5431043026567385,-130.11223887445504,68.49176038188854,0.3115190998187125,0.168085578947611,56.22527732675982,0.23246450062241797,-21.810605551401707,0.5468143872060884,-52.62084479768495,0.13769425200738517,0.9756137311120021,False
Body_Density_kg_per_m3,APRIL_per_TNFSF13,Group_8C vs Group_15C (Reference),-128687.12373520905,0.5435470054854847,-543896.284856745,286522.03738632693,0.29563971522110255,0.14889798922549902,-195661.52006423232,0.2401819008326157,266319.41300044407,0.027865047641842278,-324348.6437994414,0.01319806191287376,0.9756137311120021,False
Body_Fat__Percent,MMP-2,Group_8C vs Group_22C Contrast,-344.0659109533867,0.5443863452599886,-1456.5313431762336,768.3995212694601,0.17658526833740695,0.005040532574366763,242.5568824286242,0.1891827109288955,-43.39042515335251,0.818753627338564,-387.45633610673923,0.46898789476136393,0.9756137311120021,False
BMI_kg·m2,IL-10,Group_22C vs Group_15C (Reference),-0.6728953790024651,0.5491135175444707,-2.8743222876729693,1.5285315296680393,0.25285610837096295,0.097201130948247,0.560866256452062,0.005780562183527052,-0.11202912255040309,0.9192211146471052,0.20371521085745786,0.6602203353733396,0.9768293496320539,False
VO2max_ml_per_kg_per_min,IL-20,Group_8C vs Group_15C (Reference),0.4741979210651098,0.549300467806945,-1.0779018811725074,2.026297723302727,0.2957528789356022,0.1490347287138527,-1.0861495491129252,0.1051959741542897,1.876668321876621,0.2631189998459682,-0.6119516280478154,0.14656860672903127,0.9768293496320539,False
Height_m,MMP-3,Group_8C vs Group_22C Contrast,11411.391651201455,0.5495896994393064,-25967.050278354152,48789.83358075706,0.1411362838517416,-0.03779365701247883,-10090.530412744285,0.21765881842195367,-13778.898142600341,0.4520146671345562,-2367.506491398887,0.6546357204296958,0.9768293496320539,False
Body_Density_kg_per_m3,MMP-2,Group_8C vs Group_22C Contrast,145718.91479017376,0.5518338275641268,-334284.6954575453,625722.5250378929,0.17530383018898832,0.00349212814502764,-107122.07266416692,0.18425372173731902,19207.25062342563,0.815123073174796,164926.1654135994,0.4746977515669748,0.9768293496320539,False
Age_years,Chitinase_3-like1,Group_8C vs Group_22C Contrast,-20.891636867053855,0.5521894870531885,-89.77106180722939,47.98778807312167,0.1267661337438406,-0.055157588392859225,19.467068946251292,0.5556762984848991,-4.157072192513429,0.8747747556334486,-25.048709059567283,0.28071238091391937,0.9768293496320539,False
Body_Density_kg_per_m3,BAFF_per_TNFSF13B,Group_8C vs Group_22C Contrast,12948.126688703342,0.5541118397112117,-29948.937919163473,55845.191296570156,0.3093064782234528,0.16541199452000555,-24644.94492258601,0.22729509910208445,9516.644480775361,0.5406406568941646,22464.771169478703,0.1445662817686879,0.9768293496320539,False
VO2max_ml_per_kg_per_min,MMP-2,Group_8C vs Group_22C Contrast,219.48532565992565,0.5548367962621996,-509.00057460600823,947.9712259258595,0.20734927550411397,0.042213707900804476,-237.65545629231323,0.03126898497220121,34.86765456351171,0.8464929271017421,254.35298022343736,0.4340220877371461,0.9768293496320539,False
Height_m,IL-26,Group_8C vs Group_22C Contrast,145.73282545624048,0.5557892353370903,-339.13010788471877,630.5957587971998,0.07732557450177069,-0.11489826414369375,-35.20311368573618,0.7951782866012255,-131.04733373277392,0.5865435706266,14.685491723466548,0.7930687798151577,0.9768293496320539,False
Max_Watts_W,TWEAK_per_TNFSF12,Group_8C vs Group_22C Contrast,0.6822291592128588,0.5567994165863276,-1.5934080523427117,2.9578663707684294,0.2950460301317871,0.14818061974257613,-0.7368140589567188,0.128622459396255,-0.1655384615380875,0.8820945789889156,0.5166906976747713,0.10615090888418899,0.9768293496320539,False
Age_years,IL-10,Group_22C vs Group_15C (Reference),-0.13112927112072964,0.5581304774668671,-0.5699946948320119,0.30773615259055265,0.15098861994097168,-0.025888750904659252,0.09893842887473892,0.32155630433174276,-0.032190842245990725,0.8724072177500439,-0.040152269680139574,0.5134475458717689,0.9768293496320539,False
Height_m,MMP-2,Group_8C vs Group_15C (Reference),21965.93878225436,0.558256329308601,-51573.50764113697,95505.3852056457,0.1412684069333514,-0.037634008288867093,-39442.761404779376,0.08293018926425767,-18871.578789694315,0.6867333535348745,-17476.822622525015,0.5580728767122423,0.9768293496320539,False
BMI_kg·m2,IFN-a2,Group_8C vs Group_15C (Reference),0.7543955387834026,0.5589269446915562,-1.7755441506417182,3.284335228208523,0.3042119493213892,0.159256105430012,1.605735080575068,0.05030630176809689,-0.4028073923661575,0.8097888257180763,2.3601306193584706,0.017874785339412336,0.9768293496320539,False
Age_years,IL-26,Group_8C vs Group_22C Contrast,-0.6873816092098194,0.5646686522786902,-3.026709750191334,1.6519465317716953,0.21906721646992144,0.0563728865678218,0.46665716839876614,0.4825028202471773,1.0642078877005083,0.3246994216282981,0.376826278490689,0.45717272644338225,0.9768293496320539,False
Weight_kg,IL-20,Group_8C vs Group_22C Contrast,0.6150588685614877,0.5679252365183101,-1.4957706889573503,2.725888426080326,0.23229074851347287,0.0723513211204464,0.9492742831638998,0.11475856347312115,-0.6311436846906344,0.5301417168792775,-0.016084816129146695,0.9667747333162033,0.9768293496320539,False
Body_Fat__Percent,IL-10,Group_8C vs Group_22C Contrast,0.2569963231287849,0.5698323814918076,-0.6293563650193545,1.1433490112769242,0.2841884189128816,0.1350610061863986,0.23751260260433638,0.002745863300781965,-0.2874595333338126,0.5161805333739411,-0.03046321020502768,0.7405964070300655,0.9768293496320539,False
Max_Watts_W,BAFF_per_TNFSF13B,Group_22C vs Group_15C (Reference),7.261888330720194,0.5707095086229088,-17.840169754554978,32.363946415995365,0.30444840111946525,0.15954181801935385,-7.6896421768702465,0.17633585868862434,-0.4277538461500523,0.9702653801598335,0.6798802325615965,0.7691330394055105,0.9768293496320539,False
Muscle_Mass_kg,IL-29_per_IFN-lambda1,Group_8C vs Group_15C (Reference),2.238891716816297,0.5709207108961505,-5.504495938241751,9.982279371874347,0.11521149271398978,-0.06911944630392886,-2.179042126920304,0.5681531891114981,-0.46228014359384195,0.3999275157287272,0.059849589895993205,0.9530618993081621,0.9768293496320539,False
Weight_kg,sIL-6Ra,Group_8C vs Group_22C Contrast,64.6494767154095,0.573833992927379,-160.65248545660813,289.9514388874272,0.1773940079035623,0.006017759550137836,19.285318522970382,0.5147758446806013,-52.10315318133297,0.0025347238496988833,12.546323534076526,0.9120944092216281,0.9768293496320539,False
Age_years,sIL-6Ra,Group_8C vs Group_15C (Reference),-25.997567672897816,0.5751678368125888,-116.91320675533346,64.91807140953783,0.021662880208505153,-0.18215735308138958,10.472204715610172,0.7630609154538845,-4.671412098930322,0.9013499436201815,-15.525362957287644,0.6135264466608041,0.9768293496320539,False
Max_Watts_W,IL-35,Group_8C vs Group_15C (Reference),0.36813372620376533,0.5754375728036655,-0.9201694363143968,1.6564368887219276,0.10773454856390619,-0.0781540871519466,-0.31549070294778103,0.12635413844378113,0.030169230769413302,0.9432621767049265,0.0526430232559843,0.9327744433490881,0.9768293496320539,False
Height_m,Osteocalcin,Group_8C vs Group_15C (Reference),4188.511842807612,0.575729616792598,-10480.617058446875,18857.6407440621,0.1524784874486962,-0.02408849433282545,-7375.209992758909,0.20018595900871428,-5454.650988615922,0.5215601310728792,-3186.6981499512967,0.5051793156455411,0.9768293496320539,False
Age_years,Chitinase_3-like1,Group_22C vs Group_15C (Reference),-23.62414113876472,0.5762809789750016,-106.48092807792096,59.23264580039153,0.1267661337438406,-0.055157588392859225,19.467068946251292,0.5556762984848991,-4.157072192513429,0.8747747556334486,-25.048709059567283,0.28071238091391937,0.9768293496320539,False
Max_Watts_W,IL-28A_per_IFN-lambda2,Group_8C vs Group_22C Contrast,-0.06709016100179002,0.5770427254079531,-0.30287007929418686,0.16868975729060684,0.2153143741500052,0.051838202097923,-0.06650158730154543,0.01488738075811606,0.08236923076927935,0.42021589227833545,0.015279069767489328,0.8097659723283415,0.9768293496320539,False
Muscle_Mass_kg,APRIL_per_TNFSF13,Group_8C vs Group_15C (Reference),408.50620236086905,0.5777757970576722,-1029.878481409853,1846.8908861315913,0.13158003050958345,-0.04934079646758671,-248.6859504654339,0.722211829840652,-161.73777743086853,0.2448998907954465,159.82025189543515,0.47139183540246066,0.9768293496320539,False
Body_Density_kg_per_m3,IL-10,Group_8C vs Group_22C Contrast,-110.4448377260379,0.578491674782053,-500.0705870372523,279.1809115851765,0.281621275934795,0.1319590417545441,-104.06351433717087,0.003695776126685348,122.9925186870254,0.5277877205785377,12.547680960987492,0.7515574832012275,0.9768293496320539,False
BSA_m2,APRIL_per_TNFSF13,Group_8C vs Group_15C (Reference),13310.83482530924,0.5823297257329298,-34124.57027475022,60746.2399253687,0.19634423335599627,0.02891594863849556,5996.745043665345,0.7219628596679157,-23364.018697215546,0.06050078902715117,19307.579868974586,0.26634963620174146,0.9768293496320539,False
Max_Watts_W,Osteocalcin,Group_22C vs Group_15C (Reference),12.022653096109527,0.5826794124600609,-30.861846758390627,54.907152950609685,0.22153096910454895,0.059349921001330075,-7.007868480720649,0.004566064106817777,5.014784615388878,0.8175728434610166,6.791373255818227,0.2164124277363526,0.9768293496320539,False
Height_m,IL-11,Group_22C vs Group_15C (Reference),-7.194156855275937,0.5837958912985712,-32.931722553273076,18.543408842721206,0.23984291652298528,0.08147685746527389,-0.4790007241129153,0.935017901879167,-7.673157579388852,0.5135251744083993,-2.6822460240181503,0.6911888736169589,0.9768293496320539,False
Skinfold_Thickness_mm,sTNF-R1,Group_22C vs Group_15C (Reference),-1.2922285860008198,0.5853859661365369,-5.934870866235348,3.3504136942337084,0.11761061700795128,-0.0662205044487254,0.427485666291023,0.36261777295817244,-0.8647429197097968,0.7095532024817301,-1.4277559184219788,0.41140889829460137,0.9768293496320539,False
Body_Density_kg_per_m3,Osteopontin,Group_8C vs Group_22C Contrast,-114333.5808558318,0.5855648320615945,-525308.005347732,296640.8436360684,0.18890819551228377,0.01993073624400965,-231998.600141707,0.27827726206896186,178643.48101236863,0.3284609730150465,64309.90015653684,0.5311881991042879,0.9768293496320539,False
BMI_kg·m2,MMP-2,Group_8C vs Group_15C (Reference),-946.4122797514988,0.5858261149957229,-4350.620176786844,2457.7956172838467,0.12036325217758004,-0.06289440361875731,560.4529566790063,0.08690341899625102,-221.5097659300444,0.4920833760610912,-385.95932307249245,0.8209908447327519,0.9768293496320539,False
Height_m,IL-10,Group_22C vs Group_15C (Reference),-16.662695253437374,0.5859545594263855,-76.61830414087957,43.29291363400483,0.13070498025412025,-0.050398148859604586,-3.7255611875453245,0.8625424715903444,-20.388256440982698,0.3483942372724709,-1.625608568646569,0.905496602870409,0.9768293496320539,False
BSA_m2,Osteocalcin,Group_8C vs Group_22C Contrast,2228.7812112835404,0.5865475979372954,-5803.663426413163,10261.225848980243,0.09303341968565582,-0.09591795121316582,961.8464398884762,0.677089376296798,-2317.2411945727563,0.08891940414469568,-88.45998328921587,0.981740888394194,0.9768293496320539,False
Body_Density_kg_per_m3,IL-28A_per_IFN-lambda2,Group_8C vs Group_15C (Reference),268.5057847839189,0.587921779285201,-702.7253255364524,1239.7368951042902,0.24616637476683378,0.0891177028432576,-261.5265123557767,0.10634790591401089,370.2049735024588,0.5278452686265775,6.979272428142224,0.9881098102091821,0.9768293496320539,False
Body_Fat__Percent,IL-28A_per_IFN-lambda2,Group_8C vs Group_15C (Reference),-0.6251093208712442,0.5883295759155021,-2.8887084430409873,1.6384898012984992,0.24596761433686132,0.08887753399037412,0.5954600476776817,0.1087226321563086,-0.850679552051663,0.535360908635397,-0.029649273193562475,0.9783711964603583,0.9768293496320539,False
Weight_kg,IL-10,Group_8C vs Group_15C (Reference),-0.13155484863076225,0.5887015934714681,-0.6084069323245456,0.345297235063021,0.2496335006334155,0.09330714659871042,0.15651072977010017,0.021423638467707583,-0.06560086470634158,0.7046937583014001,0.024955881139337915,0.9149189018486816,0.9768293496320539,False
Weight_kg,Osteopontin,Group_8C vs Group_22C Contrast,352.2795933034704,0.5893260811547263,-926.8080754956331,1631.367262102574,0.2235008741675668,0.061730222952476654,342.4955033792325,0.15061974177007564,-238.97009663938678,0.25413669671280137,113.30949666408358,0.8545325468260561,0.9768293496320539,False
Weight_kg,sTNF-R1,Group_8C vs Group_22C Contrast,6.058505657458978,0.5895252454416497,-15.951021311789832,28.06803262670779,0.1168451168105622,-0.06714548385390384,0.9810917404451046,0.6293859597646089,-4.865249177699972,0.3688212086737277,1.1932564797590066,0.9034625733238735,0.9768293496320539,False
Weight_kg,IL-29_per_IFN-lambda1,Group_8C vs Group_15C (Reference),-2.145901431621227,0.5907904498764565,-9.96803376572049,5.676230902478036,0.16861674100503232,-0.00458810461891912,1.8898914271140759,0.06742153620770358,0.43195936578500826,0.6818669084775957,-0.25601000450715117,0.9470494767757696,0.9768293496320539,False
Skinfold_Thickness_mm,IL-28A_per_IFN-lambda2,Group_8C vs Group_15C (Reference),-0.1090906186447501,0.5918097585279645,-0.5078365746768948,0.28965533738739463,0.2666288158501775,0.11384315248563115,0.0879924432239014,0.01875365960634329,-0.16410506169418973,0.54991121552178,-0.0210981754208487,0.9159743131764408,0.9768293496320539,False
BMI_kg·m2,TWEAK_per_TNFSF12,Group_8C vs Group_22C Contrast,8.064363798371733,0.5923791520379964,-21.458242414941452,37.58697001168492,0.14734054883818726,-0.030296836820523643,10.881576814794075,0.19365636211349901,-4.517802918707519,0.4539844084504372,3.5465608796642156,0.7972005768541841,0.9768293496320539,False
Body_Fat__Percent,Osteopontin,Group_8C vs Group_22C Contrast,258.48611837649514,0.5926956977877338,-688.6084159474289,1205.5806527004193,0.19114085082306242,0.022628528077867194,532.692138711796,0.2737875515115509,-410.03422482359065,0.3300440582750208,-151.5481064470955,0.5229396584739816,0.9768293496320539,False
Muscle_Mass_kg,Pentraxin-3,Group_8C vs Group_22C Contrast,1.7323437512440036,0.5928583343952833,-4.617764819136221,8.08245232162423,0.07956234038074528,-0.11219550537326595,-2.734896173696196,0.4440083008876061,-0.4102753759876987,0.8729047419572364,1.322068375256305,0.5042383090554703,0.9768293496320539,False
Age_years,TSLP,Group_8C vs Group_15C (Reference),0.30150656364698647,0.5936503405655127,-0.8060520435842911,1.409065170878264,0.11265873796395165,-0.07220402496022493,-0.3999139568666776,0.2667483907010858,0.22358957219250503,0.7336577940923092,-0.09840739321969111,0.8212293744511219,0.9768293496320539,False
Max_Watts_W,Chitinase_3-like1,Group_8C vs Group_22C Contrast,9.909626565295023,0.5941548184502173,-26.543004068941464,46.362257199531506,0.2550150461829941,0.09980984747111787,-7.084598639454422,0.2227213461563815,-4.454123076920432,0.8079034097185409,5.455503488374591,0.08886023341402494,0.9768293496320539,False
Height_m,BAFF_per_TNFSF13B,Group_8C vs Group_15C (Reference),3257.005855537929,0.594796916593161,-8744.578888863069,15258.590599938927,0.18086846262850997,0.010216059009449663,-4319.507965242576,0.287545553497514,-5980.186938286404,0.021088564016615186,-1062.5021097046465,0.816648072561341,0.9768293496320539,False
Max_Watts_W,IL-19,Group_22C vs Group_15C (Reference),0.06301932670503853,0.5951794811255668,-0.16943892190939913,0.29547757531947616,0.06860853666520339,-0.12543135152954576,-0.05354240362808083,0.15484330244463204,0.009476923076957695,0.9328503195677598,0.12115000000003445,0.6545421904918223,0.9768293496320539,False
Age_years,sTNF-R2,Group_22C vs Group_15C (Reference),-14.753629222382239,0.5959637188174776,-69.29121967584622,39.78396123108175,0.04430564974106643,-0.15479733989621125,9.482255559280615,0.5874709827752924,-5.271373663101624,0.8076424181353787,-2.875763263742714,0.8695353487368158,0.9768293496320539,False
Age_years,IL-35,Group_8C vs Group_15C (Reference),1.9375818695221776,0.5964401262274036,-5.23408797662208,9.109251715666435,0.09339686982670758,-0.09547878229272833,-0.2871432562297216,0.8490253177444373,-0.9666510695187187,0.43074270985918717,1.650438613292456,0.6205463668611582,0.9768293496320539,False
Weight_kg,MMP-3,Group_8C vs Group_15C (Reference),-52.500071434917345,0.5965588366096053,-246.8840764068361,141.8839335370014,0.11767056158128464,-0.06614807142261436,47.357795250846074,0.2344128770352384,-52.326417476846494,0.10824031960676606,-5.142276184071271,0.9548519370585182,0.9768293496320539,False
Muscle_Mass_kg,Pentraxin-3,Group_22C vs Group_15C (Reference),2.3246207977084974,0.5971213892735125,-6.295603316725025,10.94484491214202,0.07956234038074528,-0.11219550537326595,-2.734896173696196,0.4440083008876061,-0.4102753759876987,0.8729047419572364,1.322068375256305,0.5042383090554703,0.9768293496320539,False
Age_years,IL-19,Group_22C vs Group_15C (Reference),-0.1862937123124937,0.6001337619245927,-0.8828280100992835,0.5102405854742961,0.17760553628769082,0.006273356347626491,0.02527265616275316,0.9187161803940659,-0.16102105614974055,0.5275575398191836,2.4743190959585935,0.3379855854609879,0.9800819286038143,False
Height_m,IL-12p70,Group_22C vs Group_15C (Reference),-4.912737663288762,0.6021859486438592,-23.384894536905815,13.55941921032829,0.0749542346824067,-0.11776363309209192,1.4456915278783369,0.7113508832716313,-3.467046135410425,0.6860416271670717,-0.46105160662122735,0.899805523653854,0.9814375292919372,False
Muscle_Mass_kg,TWEAK_per_TNFSF12,Group_8C vs Group_15C (Reference),4.242018977133532,0.6030149082796855,-11.744688962399028,20.22872691666609,0.05752348586862743,-0.13882578790874178,-3.1640793575361768,0.6882191700950241,-0.628020931144202,0.5931283383391537,1.0779396195973554,0.6055130861999503,0.9814375292919372,False
Skinfold_Thickness_mm,IL-29_per_IFN-lambda1,Group_8C vs Group_15C (Reference),-0.39454072347484825,0.6043030342860014,-1.8867291182008912,1.0976476712511944,0.15229215879802405,-0.024313641452387458,0.3649928149188196,0.13715895576438572,-0.17414575149474748,0.4496804060556314,-0.02954790855602868,0.967294539924513,0.9814646573635284,False
BSA_m2,BAFF_per_TNFSF13B,Group_8C vs Group_15C (Reference),-2330.7205529905746,0.606466704422175,-11198.745633844872,6537.304527863722,0.16611294319440317,-0.00761352697342943,1428.7453946298833,0.4939395319640456,-1882.0265029844327,0.08382153266555936,-901.9751583606912,0.8221921979512745,0.9814646573635284,False
Skinfold_Thickness_mm,Osteopontin,Group_8C vs Group_22C Contrast,55.911522828426,0.6065228030546361,-156.86009662863572,268.68314228548775,0.2225896600636984,0.06062917257696898,78.6155430121281,0.2830422355620321,-84.35233744223122,0.3965823804713988,-28.440814613805216,0.5122964100537393,0.9814646573635284,False
Body_Density_kg_per_m3,MMP-1,Group_22C vs Group_15C (Reference),16426.622092693644,0.6087806723025353,-46478.146146475934,79331.39033186322,0.18373536341902652,0.013680230797990411,-13320.563818246916,0.11774152528593258,3106.0582744467283,0.9200468829085666,2403.0161726289607,0.9185216870800086,0.9814646573635284,False
Body_Fat__Percent,MMP-1,Group_22C vs Group_15C (Reference),-37.43692651630854,0.6100870976595232,-181.32388047076336,106.45002743814626,0.1832313874955881,0.013071259890502396,30.067618659676114,0.12400049016027898,-7.369307856632425,0.9170575141199666,-6.357279989367839,0.9068157049998917,0.9814646573635284,False
Muscle_Mass_kg,sTNF-R2,Group_22C vs Group_15C (Reference),23.41068151775701,0.6112943458865416,-66.872040241586,113.69340327710003,0.09612768795103122,-0.09217904372583718,-31.350163405609408,0.47992553400028437,-7.9394818878523985,0.5200922552236937,-1.5152322357076216,0.9301569623621864,0.9814646573635284,False
Age_years,IL-29_per_IFN-lambda1,Group_22C vs Group_15C (Reference),-0.8597581045265541,0.6113803504864892,-4.176194577764499,2.4566783687113913,0.1581436788901217,-0.01724305467443621,1.672916526986398,0.21046262535507487,0.8131584224598438,0.4336431244282535,0.10658877609647521,0.9572821456893081,0.9814646573635284,False
Muscle_Mass_kg,sCD163,Group_8C vs Group_15C (Reference),427.13249679070395,0.6116192636995623,-1221.5965603214013,2075.861553902809,0.1346742734390889,-0.04560191959443416,-371.22482357339493,0.6406663117085978,-298.82930312957467,0.18014817824132168,55.907673217309025,0.8383516025773272,0.9814646573635284,False
Skinfold_Thickness_mm,BAFF_per_TNFSF13B,Group_8C vs Group_22C Contrast,-4.744767908217835,0.612623273296062,-23.11164278500725,13.622106968571579,0.3701006828687121,0.2388716584663605,8.545036344684801,0.27036964790788764,-4.866783342402455,0.518317422400612,-9.61155125062029,0.08452456599720026,0.9814646573635284,False
Max_Watts_W,IL-10,Group_22C vs Group_15C (Reference),0.03424796790511635,0.6132872153640438,-0.09857067471043539,0.16706661052066807,0.18566635086717564,0.01601350729783735,-0.023201814058949385,8.469805234902979e-06,0.011046153846166962,0.870133681304184,0.0013000000000124787,0.95070359761111,0.9814646573635284,False
Weight_kg,sCD163,Group_8C vs Group_22C Contrast,484.5931085452687,0.6145779450052639,-1401.6214122431252,2370.8076293336626,0.1686608109072677,-0.004534853487051516,253.8288096148844,0.33916418755267785,-421.8205588877723,0.048445357316674986,62.77254965749643,0.9466619971322905,0.9818883027880426,False
Age_years,sTNF-R2,Group_8C vs Group_15C (Reference),-12.358018823023329,0.6174123342826332,-60.84700634466087,36.13096869861421,0.04430564974106643,-0.15479733989621125,9.482255559280615,0.5874709827752924,-5.271373663101624,0.8076424181353787,-2.875763263742714,0.8695353487368158,0.9847726731807999,False
Weight_kg,IL-12p70,Group_8C vs Group_15C (Reference),-0.027014145528309403,0.6197408055223632,-0.13371479216504184,0.07968650110842304,0.3204481320984649,0.1788748262856451,0.05543319852807111,0.15069412715051264,-0.030565201389002532,0.5261739004246127,0.028419052999761708,0.45944333016412453,0.986100968798856,False
Weight_kg,BAFF_per_TNFSF13B,Group_8C vs Group_15C (Reference),-38.582152075390454,0.6221364891641463,-192.02339720437078,114.85909305358986,0.19149636377336088,0.02305810622614446,24.561432715779166,0.3208708740416971,-20.89811900186452,0.27619171994498437,-14.020719359611288,0.8502748501925232,0.986100968798856,False
BSA_m2,IL-10,Group_8C vs Group_22C Contrast,6.629091839347929,0.6225172765784948,-19.76415064720807,33.02233432590393,0.21482436465544585,0.05124610729199708,11.52647008906722,0.11775686888374522,-5.645729916384253,0.5483628488496322,0.9833619229636756,0.9187175769316622,0.986100968798856,False
BMI_kg·m2,IL-29_per_IFN-lambda1,Group_22C vs Group_15C (Reference),-3.4514522093047706,0.6233467023181044,-17.22572703328366,10.32282261467412,0.16967242729903598,-0.003312483680331546,5.6647825714201465,0.24590150149090173,2.213330362115376,0.6615212199267224,4.819295598633933,0.6979542313546461,0.986100968798856,False
Weight_kg,MMP-3,Group_8C vs Group_22C Contrast,47.18414129277522,0.6248555522606186,-141.94595748363284,236.31424006918328,0.11767056158128464,-0.06614807142261436,47.357795250846074,0.2344128770352384,-52.326417476846494,0.10824031960676606,-5.142276184071271,0.9548519370585182,0.986100968798856,False
Weight_kg,sCD30_per_TNFRSF8,Group_8C vs Group_22C Contrast,1.915834947356656,0.6249316417942363,-5.765171817512538,9.596841712225851,0.21326728662559835,0.04936463800593138,0.614448072649068,0.4265562069329102,-1.6450387764929748,0.008265888237892316,0.27079617086368124,0.9442015218905155,0.986100968798856,False
Muscle_Mass_kg,IL-28A_per_IFN-lambda2,Group_22C vs Group_15C (Reference),0.25747953341613655,0.6256305112676516,-0.7768819672966998,1.291841034128973,0.19623725360577782,0.028786681440314932,-0.3710662295315979,0.3413608412077762,-0.11358669611546135,0.7493797301155432,0.3120556987192256,0.4672228511529575,0.986100968798856,False
Weight_kg,sTNF-R2,Group_8C vs Group_15C (Reference),-26.988371641413764,0.6267733517729935,-135.7671755143667,81.79043223153917,0.167276390185364,-0.006207695192685048,16.48168652311703,0.21538385460045317,-18.26035058139357,0.1719515017331883,-10.506685118296733,0.8453984769296519,0.986100968798856,False
Body_Density_kg_per_m3,IL-28A_per_IFN-lambda2,Group_8C vs Group_22C Contrast,-363.2257010743166,0.6283897757679312,-1834.1564264843605,1107.7050243357276,0.24616637476683378,0.0891177028432576,-261.5265123557767,0.10634790591401089,370.2049735024588,0.5278452686265775,6.979272428142224,0.9881098102091821,0.986100968798856,False
Skinfold_Thickness_mm,MMP-1,Group_22C vs Group_15C (Reference),-6.195783200203312,0.6309291493858782,-31.472676773800817,19.081110373394193,0.1737967820066053,0.0016711115913148333,3.301988380992346,0.13161612644351992,-2.8937948192109664,0.8198864755899364,-2.355170750886014,0.7740906868198705,0.986100968798856,False
VO2max_ml_per_kg_per_min,IL-35,Group_8C vs Group_15C (Reference),-2.766685671573442,0.631998113474449,-14.089339131047325,8.555967787900443,0.23315861236206992,0.07339998993750119,-1.8731055488792145,0.1725304948632892,2.138362373441119,0.3731049515308098,-4.639791220452657,0.40832230783638623,0.986100968798856,False
Height_m,sCD163,Group_8C vs Group_22C Contrast,49665.68018824282,0.632152108961932,-153686.6187480731,253017.9791245587,0.10877591397852815,-0.07689577060927832,-68168.13649529273,0.14075901266057197,-48447.306770521296,0.6281418888347732,1218.3734177215229,0.9647249803048443,0.986100968798856,False
Body_Density_kg_per_m3,IFN-y,Group_8C vs Group_22C Contrast,-426.74895557954113,0.6334932351138449,-2180.943779935422,1327.4458687763395,0.16338070425183304,-0.01091498236236843,-90.14948934700654,0.06033820204266894,183.7593653045547,0.8325081157870056,-242.98959027498643,0.2574403537852057,0.986100968798856,False
Height_m,IL-20,Group_8C vs Group_22C Contrast,104.56457813977738,0.6348211938307067,-326.94550638272534,536.0746626622802,0.16378795387196454,-0.010422889071376007,-115.5354815351198,0.4472807209629771,-90.81725584182163,0.6766380002825763,13.747322297955748,0.6715211954900415,0.986100968798856,False
Weight_kg,Pentraxin-3,Group_8C vs Group_15C (Reference),1.1936620463655132,0.6353783173956862,-3.7402900799799994,6.127614172711025,0.18473427432760414,0.01488724814585507,1.198554942252248,0.30114461233908274,-2.9473721306778766,0.17928700205573778,2.3922169886177613,0.2843809100739252,0.986100968798856,False
Max_Watts_W,sTNF-R1,Group_8C vs Group_15C (Reference),0.49906156989950107,0.6375864166225245,-1.5773391971359185,2.5754623369349208,0.11071916065641052,-0.07454768087350394,-0.4516022675740767,0.23944409912074882,-1.5784461538462877,0.6993891009453204,0.04745930232542439,0.9616647471092516,0.986100968798856,False
Age_years,IL-26,Group_22C vs Group_15C (Reference),0.5975507193017423,0.6376029038812665,-1.8887468873132005,3.083848325916685,0.21906721646992144,0.0563728865678218,0.46665716839876614,0.4825028202471773,1.0642078877005083,0.3246994216282981,0.376826278490689,0.45717272644338225,0.986100968798856,False
Max_Watts_W,TWEAK_per_TNFSF12,Group_22C vs Group_15C (Reference),0.5712755974186313,0.6387491280352845,-1.8138203807491986,2.9563715755864615,0.2950460301317871,0.14818061974257613,-0.7368140589567188,0.128622459396255,-0.1655384615380875,0.8820945789889156,0.5166906976747713,0.10615090888418899,0.986100968798856,False
Age_years,IL-12p40,Group_22C vs Group_15C (Reference),-0.423624677539953,0.6388357986477216,-2.192729828840751,1.345480473760845,0.2316300213186525,0.07155294242670518,-0.06666275561513008,0.9199418528639403,-0.49028743315508305,0.42322157735006627,0.858043478260855,0.013022701514654234,0.986100968798856,False
Age_years,IL-11,Group_8C vs Group_15C (Reference),0.034364163424610725,0.639101936289853,-0.10925846498675672,0.17798679183597815,0.2493081227554198,0.09291398166279896,0.013492569002126002,0.6475690368297657,0.0014555481283414946,0.9579287539134147,0.04785673242673673,0.4755237007444455,0.986100968798856,False
Body_Fat__Percent,IL-28A_per_IFN-lambda2,Group_8C vs Group_22C Contrast,0.8210302788581005,0.6398837007566245,-2.618491144193796,4.260551701909997,0.24596761433686132,0.08887753399037412,0.5954600476776817,0.1087226321563086,-0.850679552051663,0.535360908635397,-0.029649273193562475,0.9783711964603583,0.986100968798856,False
Age_years,IL-20,Group_8C vs Group_22C Contrast,0.4278859778793361,0.6418841970996476,-1.3754204913072063,2.2311924470658786,0.14616169576267046,-0.03172128428677312,-0.2429282601407991,0.7649119561686805,-0.3739872994652389,0.6575696314446451,0.05389867841409718,0.8832330977611456,0.9873624295829564,False
Body_Fat__Percent,IFN-y,Group_8C vs Group_22C Contrast,0.9690454991079445,0.6427744129256827,-3.1258965759456663,5.063987574161556,0.1617738445688356,-0.012856604479323686,0.20500493406634185,0.062359119401241905,-0.41221516354183335,0.8390017129860463,0.5568303355661112,0.2639952062048003,0.9873624295829564,False
BSA_m2,IFN-y,Group_22C vs Group_15C (Reference),-19.048287055711697,0.6439753159323607,-99.83186879309861,61.735294681675214,0.13046514918342278,-0.050687944736697466,12.815340981746758,0.2938384987113746,-6.232946073964939,0.8741986495558178,10.968208542658811,0.14105236170452495,0.9873624295829564,False
Height_m,IL-29_per_IFN-lambda1,Group_22C vs Group_15C (Reference),-155.54435246122551,0.6448291729251283,-816.9098770103026,505.8211720878516,0.14570479739049869,-0.0322733698198141,160.65459811730796,0.5925878676236276,5.110245656082441,0.9735310446988432,-259.42875689710996,0.31639408641002387,0.9873624295829564,False
Muscle_Mass_kg,MMP-1,Group_8C vs Group_22C Contrast,14.069148749891589,0.6461207204823576,-45.987591048045225,74.1258885478284,0.14842568623788,-0.028985629129228307,1.6615905086361136,0.9629639044612825,-7.059456716640534,0.7251200496624779,7.009692033251055,0.7620219934619024,0.9877596317917192,False
BMI_kg·m2,TWEAK_per_TNFSF12,Group_8C vs Group_15C (Reference),-7.335015935129859,0.649533908927394,-38.97246619913274,24.30243432887302,0.14734054883818726,-0.030296836820523643,10.881576814794075,0.19365636211349901,-4.517802918707519,0.4539844084504372,3.5465608796642156,0.7972005768541841,0.9903910403693782,False
Muscle_Mass_kg,IL-29_per_IFN-lambda1,Group_8C vs Group_22C Contrast,0.5221297334898352,0.6513981359876646,-1.7428709946129102,2.7871304615925805,0.11521149271398978,-0.06911944630392886,-2.179042126920304,0.5681531891114981,-0.46228014359384195,0.3999275157287272,0.059849589895993205,0.9530618993081621,0.9903910403693782,False
Muscle_Mass_kg,sTNF-R1,Group_22C vs Group_15C (Reference),3.567423855585809,0.652158993542893,-11.944037009331815,19.07888472050343,0.11650428141351243,-0.06755732662533909,-5.0115219242761455,0.4178668949025268,-1.4440980686903364,0.7698645403204998,3.6273195135059897,0.4771346815787476,0.9903910403693782,False
Weight_kg,gp130_per_sIL-6Rb,Group_22C vs Group_15C (Reference),-167.7394479938474,0.6533815901571638,-899.8384802963011,564.3595843086063,0.11716560410659771,-0.06675822837119427,49.5841938554297,0.5416642359228652,-118.15525413841769,0.7458755433637052,-162.8722970056352,0.8260485134612381,0.9903910403693782,False
Skinfold_Thickness_mm,Osteocalcin,Group_8C vs Group_22C Contrast,7.447433352245867,0.6548573817672199,-25.20619052115707,40.1010572256488,0.09406318978192219,-0.09467364568017733,5.374249844885029,0.31462921121238707,-8.298725249751215,0.31702114965811523,-0.8512918975053463,0.9530177443990071,0.9903910403693782,False
Muscle_Mass_kg,IL-29_per_IFN-lambda1,Group_22C vs Group_15C (Reference),1.716761983326462,0.6562453165720228,-5.842817736234481,9.276341702887404,0.11521149271398978,-0.06911944630392886,-2.179042126920304,0.5681531891114981,-0.46228014359384195,0.3999275157287272,0.059849589895993205,0.9530618993081621,0.9903910403693782,False
BSA_m2,MMP-1,Group_8C vs Group_15C (Reference),-1548.6980383424102,0.659608826720746,-8440.2172080644,5342.82113137958,0.1849553025153674,0.015154323872735631,1514.8136156848186,0.34767510463224016,-805.5411960108813,0.6639453392267085,-33.884422657591585,0.9913468244790413,0.9903910403693782,False
BMI_kg·m2,sCD163,Group_8C vs Group_15C (Reference),-819.484132817507,0.6596776582544146,-4466.8766520636855,2827.9083864286717,0.20397581474161608,0.03813744281278619,1256.67700016622,0.18453745743530958,-1644.203549798128,0.10484110381136014,437.1928673487131,0.7849180395817572,0.9903910403693782,False
BSA_m2,IFN-a2,Group_22C vs Group_15C (Reference),-17.62966557300083,0.6602004328683775,-96.2253078868996,60.96597674089795,0.2462430987170231,0.08921041094973625,3.3236820778033507,0.9101015832886237,-14.305983495197477,0.5993408558907312,41.7270064928121,0.29854539453305673,0.9903910403693782,False
VO2max_ml_per_kg_per_min,TWEAK_per_TNFSF12,Group_8C vs Group_22C Contrast,2.008069519296278,0.6606456686989639,-6.956896163308928,10.973035201901483,0.2460730781342504,0.08900496941221925,-4.758925760388091,0.10373281866733311,0.13540208293877232,0.9729483251425486,2.14347160223505,0.3366958447409196,0.9903910403693782,False
Skinfold_Thickness_mm,MMP-3,Group_8C vs Group_22C Contrast,8.739407436263491,0.6632451784621282,-30.59862362563367,48.07743849816065,0.13758361347405934,-0.042086467052178334,14.362738030948972,0.13072553997887473,-12.41915596671502,0.41799408137437766,-3.67974853045153,0.7762858643950772,0.9903910403693782,False
Weight_kg,Chitinase_3-like1,Group_8C vs Group_15C (Reference),-41.21870173239308,0.6647989137759063,-227.66620612154907,145.22880265676292,0.1370504258485874,-0.04273073543295691,17.468402739825752,0.5594280808292713,-15.635009114040297,0.36658235065387634,-23.750298992567327,0.7925336365093307,0.9903910403693782,False
Muscle_Mass_kg,IL-12p40,Group_8C vs Group_15C (Reference),0.5694778470771721,0.6666183709801438,-2.0214514893899205,3.1604071835442644,0.1611469520488863,-0.013614099607595742,-0.4366528795552737,0.7369215983211819,-0.17296206373366702,0.5879361269392751,0.13282496752189837,0.581119412868331,0.9903910403693782,False
BSA_m2,IFN-y,Group_8C vs Group_22C Contrast,17.20115461662375,0.66769363020926,-61.32911547451677,95.73142470776428,0.13046514918342278,-0.050687944736697466,12.815340981746758,0.2938384987113746,-6.232946073964939,0.8741986495558178,10.968208542658811,0.14105236170452495,0.9903910403693782,False
Height_m,IL-12p40,Group_22C vs Group_15C (Reference),105.29327659596736,0.6683420384658805,-376.40418810181785,586.9907412937525,0.174941619925307,0.00305445740974597,-71.99818971759674,0.4435213800622463,33.29508687837061,0.883439103578989,-52.82067510548522,0.438826490703331,0.9903910403693782,False
Muscle_Mass_kg,gp130_per_sIL-6Rb,Group_8C vs Group_15C (Reference),198.42761420183837,0.6723520982914436,-721.1530313487183,1118.0082597523951,0.11138826634606425,-0.07373917816517239,-55.57834062328713,0.8576520900521722,-72.92807237955007,0.8678853583455206,142.84927357855122,0.6851290011242459,0.9903910403693782,False
Max_Watts_W,IFN-y,Group_22C vs Group_15C (Reference),0.07260129077271124,0.6723545917443124,-0.2638603533792834,0.4090629349247058,0.11760541131233404,-0.06622679466426296,-0.014770521541925897,0.18796018731780673,0.057830769230785346,0.7356655887557455,-0.0015011627906811077,0.9615569782910227,0.9903910403693782,False
Skinfold_Thickness_mm,IL-26,Group_8C vs Group_22C Contrast,0.11049335023679858,0.672482845538696,-0.4017966537916667,0.6227833542652639,0.021150313342603644,-0.18277670471102048,0.03979276360903975,0.6390077269596104,-0.06358524990590367,0.7941161616846988,0.0469081003308949,0.620013438701946,0.9903910403693782,False
Body_Density_kg_per_m3,Osteocalcin,Group_8C vs Group_22C Contrast,-18743.05664378769,0.6732928614302409,-105871.87385554999,68385.76056797462,0.09741687254854892,-0.09062127900383676,-19449.546959537438,0.22321915459219,14711.379770305219,0.4303258965661776,-4031.6768734824745,0.9204099065061244,0.9903910403693782,False
Skinfold_Thickness_mm,IL-28A_per_IFN-lambda2,Group_8C vs Group_22C Contrast,0.14300688627334102,0.6736730412419498,-0.5225957605686967,0.8086095331153788,0.2666288158501775,0.11384315248563115,0.0879924432239014,0.01875365960634329,-0.16410506169418973,0.54991121552178,-0.0210981754208487,0.9159743131764408,0.9903910403693782,False
BSA_m2,MMP-2,Group_8C vs Group_15C (Reference),-14630.715828482742,0.6737943749729226,-82752.66760748779,53491.2359505223,0.09827770815779235,-0.08958110264266761,3918.0820489938465,0.698841432443876,-6995.600276393736,0.2946893907303527,-10712.633779488895,0.747302671699672,0.9903910403693782,False
Max_Watts_W,IL-12p70,Group_8C vs Group_15C (Reference),0.001750442967883751,0.6744562531429517,-0.0064173634316581,0.009918249367425601,0.0915827884729119,-0.09767079726189798,-0.001019047619044057,0.5336627108384291,0.010415384615387026,0.39434503642702134,0.000731395348839694,0.848640764533706,0.9903910403693782,False
VO2max_ml_per_kg_per_min,IFN-y,Group_22C vs Group_15C (Reference),0.3673153471247783,0.6752775445203454,-1.3512270365764953,2.085857730826052,0.15354563161216328,-0.022799028468635907,-0.1009319943441535,0.24555811049083776,0.2663833527806248,0.760130957317436,-0.44189701175059337,0.2880959981421274,0.9903910403693782,False
BMI_kg·m2,IL-28A_per_IFN-lambda2,Group_8C vs Group_22C Contrast,1.4659986046355558,0.6778390338014197,-5.450857617382327,8.382854826653439,0.25884937929394447,0.10444299998018292,1.6218864179769523,0.08733896088180367,-0.5870107708734855,0.6882391968842456,0.8789878337620701,0.7843139267539114,0.9903910403693782,False
Muscle_Mass_kg,IL-26,Group_22C vs Group_15C (Reference),-0.9664234681037764,0.6814918649041222,-5.581494268133531,3.6486473319259773,0.14342880329568963,-0.03502352935104169,0.3746516545942135,0.8571033818499111,-0.5917718135095629,0.5914016195686571,0.46229064342126575,0.007630240325311899,0.9903910403693782,False
VO2max_ml_per_kg_per_min,Pentraxin-3,Group_8C vs Group_15C (Reference),-1.7904910322088898,0.6823113648262709,-10.364159983963448,6.783177919545669,0.06748422321471614,-0.12678989694888454,-0.786320802740798,0.6957158354633067,-0.12406135544527475,0.9897464826869851,-2.576811834949688,0.5071579516378597,0.9903910403693782,False
Age_years,TSLP,Group_8C vs Group_22C Contrast,-0.32199696541219613,0.6829363783306748,-1.8671050955200965,1.2231111646957042,0.11265873796395165,-0.07220402496022493,-0.3999139568666776,0.2667483907010858,0.22358957219250503,0.7336577940923092,-0.09840739321969111,0.8212293744511219,0.9903910403693782,False
Body_Fat__Percent,Osteocalcin,Group_8C vs Group_22C Contrast,42.08300653544969,0.6829963115954201,-159.89341810635352,244.05943117725292,0.0969261397784672,-0.09121424776768539,44.220355694571,0.2276371971144655,-33.715755380515134,0.4333200871136167,8.367251154934557,0.9287954112779864,0.9903910403693782,False
Max_Watts_W,sCD163,Group_8C vs Group_22C Contrast,76.72299347048019,0.6834187857709462,-292.02688250717165,445.4728694481321,0.20819766965448216,0.04323885083249934,-80.0379832199434,0.20908299014491527,-26.902892307654774,0.8845569762708889,49.820101162825424,0.12669737762392974,0.9903910403693782,False
VO2max_ml_per_kg_per_min,IL-11,Group_8C vs Group_15C (Reference),-0.025697600794682855,0.6834761546841897,-0.14922808954682637,0.09783288795746067,0.3327047746752725,0.19368493606595427,-0.02687737788129564,0.24707668965908147,0.07898604256504206,0.05554667366458532,-0.0525749786759785,0.36956747278560975,0.9903910403693782,False
BSA_m2,Chitinase_3-like1,Group_22C vs Group_15C (Reference),-1281.1619015477565,0.6851372501505615,-7474.159834807675,4911.836031712162,0.09328128615200515,-0.09561844589966029,231.74294283078814,0.9342382564840845,-1049.4189587169685,0.46855225757940167,-1089.5568852165507,0.8553369080457769,0.9903910403693782,False
Skinfold_Thickness_mm,Osteocalcin,Group_8C vs Group_15C (Reference),-6.225541742390376,0.6861333342078235,-36.420041496990606,23.968958012209857,0.09406318978192219,-0.09467364568017733,5.374249844885029,0.31462921121238707,-8.298725249751215,0.31702114965811523,-0.8512918975053463,0.9530177443990071,0.9903910403693782,False
Max_Watts_W,IFN-y,Group_8C vs Group_15C (Reference),0.013269358751244789,0.6885336971657883,-0.05161212145371547,0.07815083895620505,0.11760541131233404,-0.06622679466426296,-0.014770521541925897,0.18796018731780673,0.057830769230785346,0.7356655887557455,-0.0015011627906811077,0.9615569782910227,0.9903910403693782,False
Skinfold_Thickness_mm,IL-26,Group_22C vs Group_15C (Reference),-0.10337801351494343,0.688643165553142,-0.6090397629869768,0.40228373595708994,0.021150313342603644,-0.18277670471102048,0.03979276360903975,0.6390077269596104,-0.06358524990590367,0.7941161616846988,0.0469081003308949,0.620013438701946,0.9903910403693782,False
Age_years,gp130_per_sIL-6Rb,Group_22C vs Group_15C (Reference),167.70341784239253,0.6905320302915234,-657.8813105245526,993.2881462093378,0.201189188885179,0.034770269902924644,-35.888650128491385,0.7461479960834112,131.81476771390115,0.7456591671745201,443.22676786055393,0.1294628583709747,0.9903910403693782,False
Height_m,MMP-2,Group_22C vs Group_15C (Reference),20571.18261508506,0.6925683422325144,-81405.62201207457,122547.98724224471,0.1412684069333514,-0.037634008288867093,-39442.761404779376,0.08293018926425767,-18871.578789694315,0.6867333535348745,-17476.822622525015,0.5580728767122423,0.9903910403693782,False
Weight_kg,TSLP,Group_8C vs Group_22C Contrast,0.33326589487762304,0.6964532626611553,-1.3411252960883404,2.0076570858435865,0.16224316952779305,-0.012289503487250109,0.11151013771996196,0.7793872556223045,-0.7199262875672449,0.13745148863615197,-0.3866603926896218,0.5825638804001896,0.9903910403693782,False
Max_Watts_W,sTNF-R2,Group_8C vs Group_22C Contrast,5.028423703040967,0.6984305434992932,-20.409610814927955,30.46645822100989,0.26996390845629537,0.117873056051357,-5.2642299319724355,0.00014752118605758076,-2.814292307690212,0.8271930820565998,2.214131395350755,0.13976941329347503,0.9903910403693782,False
BMI_kg·m2,sTNF-R2,Group_8C vs Group_22C Contrast,53.93677607640436,0.6989634552801849,-219.42912585138768,327.3026780041964,0.17892758805468323,0.007870835566075596,69.26374976890601,0.1419894456506902,-73.73423253864699,0.23005376165532154,-19.797456462242636,0.8743704516370099,0.9903910403693782,False
Max_Watts_W,sTNF-R1,Group_8C vs Group_22C Contrast,1.6259054561717121,0.6990260553268274,-6.616417092499218,9.868228004842642,0.11071916065641052,-0.07454768087350394,-0.4516022675740767,0.23944409912074882,-1.5784461538462877,0.6993891009453204,0.04745930232542439,0.9616647471092516,0.9903910403693782,False
BMI_kg·m2,TSLP,Group_8C vs Group_15C (Reference),-1.1174942585614491,0.6997678168991919,-6.797099844584075,4.562111327461176,0.14769734337038032,-0.029865710094123754,0.5851206317777018,0.6595270249584457,-3.000626055376193,0.19413684134280018,-0.5323736267837473,0.8362415941682912,0.9903910403693782,False
VO2max_ml_per_kg_per_min,Chitinase_3-like1,Group_22C vs Group_15C (Reference),27.9799305316234,0.7000451334850509,-114.36477532605029,170.3246363892971,0.2544094585609178,0.09907809576110904,-40.74047484908275,0.2794720389750941,-12.760544317459352,0.8371757074637631,57.16733399956065,0.10792862358167565,0.9903910403693782,False
Skinfold_Thickness_mm,IFN-y,Group_8C vs Group_22C Contrast,0.1601693927794585,0.700871364198599,-0.6570543984043722,0.9773931839632892,0.15344026528501054,-0.022926346113945506,0.0275559889142255,0.032542166541807714,-0.07838906910698538,0.8479206231696825,0.0817803236724731,0.31998140078926296,0.9903910403693782,False
Muscle_Mass_kg,gp130_per_sIL-6Rb,Group_8C vs Group_22C Contrast,215.7773459581013,0.7012347036323102,-886.5786568443941,1318.1333487605966,0.11138826634606425,-0.07373917816517239,-55.57834062328713,0.8576520900521722,-72.92807237955007,0.8678853583455206,142.84927357855122,0.6851290011242459,0.9903910403693782,False
Weight_kg,MMP-2,Group_8C vs Group_15C (Reference),-257.2540797632325,0.7015124969114037,-1572.7657605080487,1058.2576009815837,0.11658153275514793,-0.06746398125419617,103.32630979706359,0.36368112802818675,-82.93380937764398,0.3425976720827135,-153.9277699661689,0.8159935433961949,0.9903910403693782,False
VO2max_ml_per_kg_per_min,Osteocalcin,Group_8C vs Group_22C Contrast,-29.470177938584428,0.7023544327284053,-180.6213761788929,121.68102030172402,0.18740680592961656,0.018116557164953417,-51.74485794367941,0.03149200576326075,20.455085523691544,0.6965744989214107,-9.015092414892884,0.8732935563730699,0.9903910403693782,False
Max_Watts_W,IL-19,Group_8C vs Group_22C Contrast,0.11167307692307675,0.7032773847950332,-0.4629637788115763,0.6863099326577298,0.06860853666520339,-0.12543135152954576,-0.05354240362808083,0.15484330244463204,0.009476923076957695,0.9328503195677598,0.12115000000003445,0.6545421904918223,0.9903910403693782,False
Max_Watts_W,MMP-1,Group_8C vs Group_22C Contrast,2.899462969588576,0.7037608196285525,-12.045880894212912,17.844806833390063,0.1893473566288364,0.020461389259844087,-2.088319727889007,0.2627077895552006,0.5761230769247372,0.9370285758234025,3.475586046513313,0.11887139025520077,0.9903910403693782,False
Skinfold_Thickness_mm,IL-12p70,Group_8C vs Group_15C (Reference),0.002870355807418031,0.7113908023973641,-0.012334951298787011,0.018075662913623072,0.1875580181473504,0.018299271928048477,0.00484915013771101,0.40932350318157995,-0.01732685725512417,0.5580225183159144,0.007719505945129041,0.1274173883058074,0.9903910403693782,False
Weight_kg,IFN-a2,Group_8C vs Group_15C (Reference),0.39960677679026213,0.7117441360147763,-1.7199704443988169,2.5191839979793413,0.27673566993639287,0.1260556011731414,0.23719850985534427,0.45307047831471947,-0.16226918494446915,0.6919270724350777,0.6368052866456064,0.5380605686088193,0.9903910403693782,False
Height_m,IL-11,Group_8C vs Group_22C Contrast,4.990911555370701,0.7125613553628399,-21.560936413794458,31.54275952453586,0.23984291652298528,0.08147685746527389,-0.4790007241129153,0.935017901879167,-7.673157579388852,0.5135251744083993,-2.6822460240181503,0.6911888736169589,0.9903910403693782,False
Height_m,TWEAK_per_TNFSF12,Group_22C vs Group_15C (Reference),301.1291192330732,0.712595654031531,-1301.0604030000768,1903.3186414662232,0.07115990357736646,-0.1223484498440155,-517.499999999999,0.25706891973645885,-216.37088076692578,0.7496428168680389,1.7995780590713366,0.9940007207339594,0.9903910403693782,False
VO2max_ml_per_kg_per_min,IL-12p40,Group_8C vs Group_15C (Reference),0.41603278084675543,0.714528025301654,-1.8131914074923976,2.6452569691859082,0.2712105981646241,0.11937947278225425,-0.7550791258388015,0.34276548793600614,1.2254015023157971,0.12306140047059988,-0.3390463449920461,0.676473945050188,0.9903910403693782,False
Max_Watts_W,MMP-3,Group_8C vs Group_22C Contrast,-18.37867737030433,0.7156154643949337,-117.25255365433573,80.49519891372707,0.24850448045557283,0.09194291388381726,-15.508990929696136,0.04381866629898398,21.666369230779676,0.6634590458808995,3.287691860475345,0.6847945080750932,0.9903910403693782,False
Muscle_Mass_kg,Osteocalcin,Group_8C vs Group_15C (Reference),38.57513912877521,0.7160455082022588,-169.27670304266655,246.426981300217,0.11580541380342291,-0.06840179165419724,-14.059242831226195,0.8879545292949609,-22.294330700318486,0.40480750282651545,24.51589629754902,0.49469897039859445,0.9903910403693782,False
Height_m,IL-12p40,Group_8C vs Group_22C Contrast,-86.11576198385583,0.7164818285499819,-550.8825105424319,378.65098657472026,0.174941619925307,0.00305445740974597,-71.99818971759674,0.4435213800622463,33.29508687837061,0.883439103578989,-52.82067510548522,0.438826490703331,0.9903910403693782,False
Height_m,IL-28A_per_IFN-lambda2,Group_8C vs Group_15C (Reference),-31.72239927461741,0.7167345288868847,-203.0846561954776,139.6398576462428,0.22126228806251969,0.05902526474221137,-9.560463432295824,0.8626014414712684,-81.81306171360089,0.37603398046151715,-41.282862706913235,0.5424057365078678,0.9903910403693782,False
BMI_kg·m2,IL-20,Group_8C vs Group_22C Contrast,1.7650745462920474,0.7169791287321777,-7.778525780787482,11.308674873371576,0.26457235977290083,0.1113582680589219,4.034362755013058,0.0021615324035641945,-2.2312741087208314,0.6290203269330712,-0.466199562428784,0.762383895332186,0.9903910403693782,False
VO2max_ml_per_kg_per_min,Osteopontin,Group_8C vs Group_22C Contrast,157.23048686780407,0.7184214316767303,-697.4505460968743,1011.9115198324824,0.2943142864655608,0.1472964294792194,-518.7804912277256,0.09284424792237912,66.46241438311756,0.8492261372407579,223.69290125092164,0.39072728442370797,0.9903910403693782,False
Height_m,IFN-y,Group_22C vs Group_15C (Reference),-27.327836177793735,0.7190559035265358,-176.22544863502372,121.56977627943627,0.11230415892940426,-0.07263247462696976,1.615133960897449,0.9192362705747605,-25.712702216896286,0.7292260152375505,2.3627069133396668,0.9307991686009893,0.9903910403693782,False
BSA_m2,TWEAK_per_TNFSF12,Group_8C vs Group_22C Contrast,132.40332003836517,0.7205277658939467,-592.9857591916384,857.7923992683689,0.05519429061569292,-0.14164023217270438,124.97476433395256,0.5318576998390544,-104.07316573335972,0.3515450802350324,28.330154305005465,0.9360039389607269,0.9903910403693782,False
Body_Fat__Percent,Osteocalcin,Group_8C vs Group_15C (Reference),-35.85310453963644,0.721421641439917,-232.93326697325853,161.22705789398566,0.0969261397784672,-0.09121424776768539,44.220355694571,0.2276371971144655,-33.715755380515134,0.4333200871136167,8.367251154934557,0.9287954112779864,0.9903910403693782,False
Height_m,IL-12p70,Group_8C vs Group_15C (Reference),-1.9067431344995642,0.7217728286153475,-12.401683021887575,8.588196752888447,0.0749542346824067,-0.11776363309209192,1.4456915278783369,0.7113508832716313,-3.467046135410425,0.6860416271670717,-0.46105160662122735,0.899805523653854,0.9903910403693782,False
Max_Watts_W,sIL-6Ra,Group_8C vs Group_22C Contrast,6.762205992844105,0.7222170770163061,-30.52056445277312,44.04497643846133,0.18972971045465703,0.020923400132710657,-8.045140136052511,0.0677178098806034,-1.2010769230726765,0.9490044946929177,5.561129069771429,0.06616981542357658,0.9903910403693782,False
Body_Density_kg_per_m3,Osteocalcin,Group_8C vs Group_15C (Reference),15417.870086054963,0.7223705930846497,-69634.54069531824,100470.28086742816,0.09741687254854892,-0.09062127900383676,-19449.546959537438,0.22321915459219,14711.379770305219,0.4303258965661776,-4031.6768734824745,0.9204099065061244,0.9903910403693782,False
Height_m,IFN-y,Group_8C vs Group_22C Contrast,28.075409130235954,0.7226610690025393,-126.97415432442898,183.1249725849009,0.11230415892940426,-0.07263247462696976,1.615133960897449,0.9192362705747605,-25.712702216896286,0.7292260152375505,2.3627069133396668,0.9307991686009893,0.9903910403693782,False
Max_Watts_W,sIL-6Ra,Group_22C vs Group_15C (Reference),6.844063212979835,0.7227251609445196,-30.96145387609294,44.649580302052605,0.18972971045465703,0.020923400132710657,-8.045140136052511,0.0677178098806034,-1.2010769230726765,0.9490044946929177,5.561129069771429,0.06616981542357658,0.9903910403693782,False
Max_Watts_W,MMP-1,Group_22C vs Group_15C (Reference),2.6644428048137443,0.7233442453265794,-12.087866483568451,17.41675209319594,0.1893473566288364,0.020461389259844087,-2.088319727889007,0.2627077895552006,0.5761230769247372,0.9370285758234025,3.475586046513313,0.11887139025520077,0.9903910403693782,False
Height_m,IL-28A_per_IFN-lambda2,Group_8C vs Group_22C Contrast,40.53019900668766,0.7235975210174721,-184.09326501319316,265.1536630265685,0.22126228806251969,0.05902526474221137,-9.560463432295824,0.8626014414712684,-81.81306171360089,0.37603398046151715,-41.282862706913235,0.5424057365078678,0.9903910403693782,False
Age_years,MMP-2,Group_8C vs Group_15C (Reference),-127.82707224037458,0.7236907832102525,-836.4971100404839,580.8429655597347,0.059657750057597214,-0.13624688534706997,94.23722259471003,0.5165936033955321,64.67478275400833,0.7204388666400594,-33.58984964566454,0.9191931066892496,0.9903910403693782,False
BMI_kg·m2,Chitinase_3-like1,Group_8C vs Group_22C Contrast,-59.98947079191822,0.7261347066457756,-395.669801840514,275.6908602566776,0.22551903937311024,0.06416883924250827,117.60568892960191,0.13521785749836354,-70.04852837687667,0.3245757755812777,-130.0379991687949,0.40393444169622894,0.9903910403693782,False
BMI_kg·m2,MMP-1,Group_22C vs Group_15C (Reference),-49.1551347582273,0.7266252021444939,-324.71938197362357,226.409112457169,0.24526223806721315,0.08802520433121597,90.12984196817695,0.009124290595667746,40.97470720994965,0.7636710717556778,54.7962752654709,0.7476275416662805,0.9903910403693782,False
Age_years,IL-35,Group_22C vs Group_15C (Reference),-0.6795078132889971,0.7267275094532507,-4.490322050595789,3.1313064240177946,0.09339686982670758,-0.09547878229272833,-0.2871432562297216,0.8490253177444373,-0.9666510695187187,0.43074270985918717,1.650438613292456,0.6205463668611582,0.9903910403693782,False
Muscle_Mass_kg,IFN-y,Group_22C vs Group_15C (Reference),0.1851901653581906,0.7270164218841901,-0.854537938347333,1.2249182690637144,0.15994879767639314,-0.01506186947435828,-0.06047882020226444,0.5878081568244347,0.12471134515592616,0.8099661182525817,0.29702984009198263,0.028768195058009205,0.9903910403693782,False
VO2max_ml_per_kg_per_min,sIL-6Ra,Group_8C vs Group_22C Contrast,-24.83510104215658,0.727198633473702,-164.3683861271174,114.69818404280424,0.17369202022589392,0.0015445244396218305,-50.643930977541814,0.1060359965105987,39.998941944633145,0.5214045530452089,15.163840902476565,0.6584117328162877,0.9903910403693782,False
Height_m,IL-26,Group_22C vs Group_15C (Reference),-95.84422004703775,0.7288666650032078,-637.7745646021506,446.08612450807505,0.07732557450177069,-0.11489826414369375,-35.20311368573618,0.7951782866012255,-131.04733373277392,0.5865435706266,14.685491723466548,0.7930687798151577,0.9903910403693782,False
Muscle_Mass_kg,MMP-3,Group_22C vs Group_15C (Reference),42.71797144442053,0.728989060255905,-198.93508848267334,284.3710313715144,0.15474045955607196,-0.021355278036413017,-95.45643592101588,0.39733724109023194,-52.738464476595354,0.28978583608111785,-6.877464522618482,0.8609028524036935,0.9903910403693782,False
Weight_kg,Osteopontin,Group_8C vs Group_15C (Reference),-229.18600671514892,0.7293394903153958,-1527.4251651660973,1069.0531517357992,0.2235008741675668,0.061730222952476654,342.4955033792325,0.15061974177007564,-238.97009663938678,0.25413669671280137,113.30949666408358,0.8545325468260561,0.9903910403693782,False
Height_m,BAFF_per_TNFSF13B,Group_22C vs Group_15C (Reference),-1660.6789730438281,0.7303654408896805,-11104.957446106233,7783.599500018576,0.18086846262850997,0.010216059009449663,-4319.507965242576,0.287545553497514,-5980.186938286404,0.021088564016615186,-1062.5021097046465,0.816648072561341,0.9903910403693782,False
VO2max_ml_per_kg_per_min,IFN-a2,Group_8C vs Group_15C (Reference),0.25899315845827453,0.7306333066883814,-1.2154245356584,1.733410852574949,0.2530204449254758,0.09739970428495004,-0.5185809789665694,0.229190530792853,0.5270742859270012,0.3392782641317462,-0.2595878205082949,0.67364116057433,0.9903910403693782,False
Max_Watts_W,IFN-y,Group_8C vs Group_22C Contrast,-0.05933193202146645,0.7332725468868968,-0.40058464700767055,0.2819207829647376,0.11760541131233404,-0.06622679466426296,-0.014770521541925897,0.18796018731780673,0.057830769230785346,0.7356655887557455,-0.0015011627906811077,0.9615569782910227,0.9918998834816606,False
Height_m,IL-26,Group_8C vs Group_15C (Reference),49.888605409202725,0.7338193495350216,-237.65749432415993,337.4347051425654,0.07732557450177069,-0.11489826414369375,-35.20311368573618,0.7951782866012255,-131.04733373277392,0.5865435706266,14.685491723466548,0.7930687798151577,0.9918998834816606,False
Weight_kg,IFN-y,Group_8C vs Group_22C Contrast,0.24129374522695263,0.7354828264242534,-1.1585819292648798,1.641169419718785,0.13864755858079802,-0.04080086671486893,0.16953970379275918,0.11505599663521246,-0.03448372929339022,0.9574011280849959,0.2068100159335624,0.4984578205531609,0.9926552619077074,False
Weight_kg,IL-28A_per_IFN-lambda2,Group_8C vs Group_15C (Reference),-0.45801252651295815,0.7364527021467839,-3.125300733909582,2.2092756808836658,0.2517382867472361,0.09585042981957703,0.4326481491601924,0.11184804027083736,-0.2881443291470514,0.5037131110704565,-0.025364377352765755,0.9848233289826294,0.9926552619077074,False
Age_years,IL-20,Group_8C vs Group_15C (Reference),0.2968269385548963,0.7391455956988922,-1.4503090751131968,2.0439629522229894,0.14616169576267046,-0.03172128428677312,-0.2429282601407991,0.7649119561686805,-0.3739872994652389,0.6575696314446451,0.05389867841409718,0.8832330977611456,0.9948837342951333,False
Age_years,BAFF_per_TNFSF13B,Group_8C vs Group_15C (Reference),-11.958970773624122,0.7420152278394287,-83.16237450097078,59.244432953722544,0.061218596530245306,-0.13436086252595358,-4.510898983127161,0.8836159665117054,1.9368282085562711,0.9237808924885034,-16.469869756751283,0.39202080053757404,0.9952608861574715,False
BSA_m2,TSLP,Group_8C vs Group_22C Contrast,17.85261107900523,0.7428290370288948,-88.7920946998127,124.49731685782315,0.15780714011680186,-0.017649705692197593,4.989106642548014,0.9021816778588202,-48.854166953690694,0.21348737734483336,-31.001555874685465,0.41040301128803414,0.9952608861574715,False
Weight_kg,Osteocalcin,Group_8C vs Group_22C Contrast,37.255031427381255,0.7449611696740059,-187.22077289048673,261.73083574524924,0.11419453474641661,-0.07034827051474646,22.502707490799672,0.391548968147556,-29.10817084933111,0.12124870409047994,8.146860578050141,0.9425139578667006,0.9952608861574715,False
BMI_kg·m2,IFN-y,Group_8C vs Group_22C Contrast,0.963737786788104,0.7469203359283458,-4.889716527762271,6.817192101338479,0.14684876407736058,-0.030891076739855805,0.5998341565892296,0.04665340004065385,0.120277473469385,0.9674666459904047,1.0840152602574888,0.02149867296579666,0.9952608861574715,False
Muscle_Mass_kg,BAFF_per_TNFSF13B,Group_8C vs Group_22C Contrast,10.16481183117348,0.7470594802818454,-51.60837304496296,71.93799670730992,0.16312494148941126,-0.011224029033628069,-55.52623524968737,0.3563963269367839,-10.33082805504781,0.5964872646939177,-0.16601622387432968,0.9946481980877719,0.9952608861574715,False
Height_m,IL-12p70,Group_8C vs Group_22C Contrast,3.0059945287891976,0.7472033864197016,-15.272681492838025,21.284670550416422,0.0749542346824067,-0.11776363309209192,1.4456915278783369,0.7113508832716313,-3.467046135410425,0.6860416271670717,-0.46105160662122735,0.899805523653854,0.9952608861574715,False
Muscle_Mass_kg,IFN-y,Group_8C vs Group_22C Contrast,0.17231849493605644,0.7478893163499345,-0.8784572810707248,1.2230942709428376,0.15994879767639314,-0.01506186947435828,-0.06047882020226444,0.5878081568244347,0.12471134515592616,0.8099661182525817,0.29702984009198263,0.028768195058009205,0.9952608861574715,False
Muscle_Mass_kg,sCD30_per_TNFRSF8,Group_22C vs Group_15C (Reference),0.7428611326693553,0.7482618360838764,-3.79386485486946,5.27958712020817,0.1458152080691335,-0.03213995691646354,-1.503245347132102,0.5047072229326848,-0.7603842144627466,0.15074100322504025,0.17376038631351842,0.8843202064329168,0.9952608861574715,False
VO2max_ml_per_kg_per_min,gp130_per_sIL-6Rb,Group_8C vs Group_15C (Reference),-193.68199161473515,0.7488604431942036,-1379.4350154668412,992.0710322373709,0.09846803509805335,-0.08935112425651881,48.95364031945159,0.6260649060000327,-93.74397076982362,0.8644676479730511,-144.72835129528357,0.808320102619349,0.9952608861574715,False
Muscle_Mass_kg,TWEAK_per_TNFSF12,Group_22C vs Group_15C (Reference),2.5360584263919748,0.7504002692433658,-13.089221688583182,18.16133854136713,0.05752348586862743,-0.13882578790874178,-3.1640793575361768,0.6882191700950241,-0.628020931144202,0.5931283383391537,1.0779396195973554,0.6055130861999503,0.9952608861574715,False
Age_years,IL-28A_per_IFN-lambda2,Group_8C vs Group_22C Contrast,0.22325655268419037,0.7518483537953212,-1.1606098332423804,1.607122938610761,0.14444559346737507,-0.03379490789358841,-0.10124147949490883,0.7775095681051206,-0.1190858957219264,0.6782980384465365,0.10417065696226396,0.8717049836833946,0.9952608861574715,False
Age_years,IL-29_per_IFN-lambda1,Group_8C vs Group_22C Contrast,-0.7065696463633686,0.7529267288910574,-5.10603942726034,3.6929001345336023,0.1581436788901217,-0.01724305467443621,1.672916526986398,0.21046262535507487,0.8131584224598438,0.4336431244282535,0.10658877609647521,0.9572821456893081,0.9952608861574715,False
Body_Density_kg_per_m3,IFN-y,Group_22C vs Group_15C (Reference),273.9088546515612,0.7529455397889335,-1431.692900328996,1979.5106096321188,0.16338070425183304,-0.01091498236236843,-90.14948934700654,0.06033820204266894,183.7593653045547,0.8325081157870056,-242.98959027498643,0.2574403537852057,0.9952608861574715,False
Weight_kg,IFN-y,Group_22C vs Group_15C (Reference),-0.2040234330861494,0.7552438690815203,-1.4867855860299992,1.0787387198577003,0.13864755858079802,-0.04080086671486893,0.16953970379275918,0.11505599663521246,-0.03448372929339022,0.9574011280849959,0.2068100159335624,0.4984578205531609,0.9958039693330324,False
Weight_kg,IL-10,Group_8C vs Group_22C Contrast,0.09055674584567949,0.7554374939767832,-0.47927930497473603,0.6603927966660951,0.2496335006334155,0.09330714659871042,0.15651072977010017,0.021423638467707583,-0.06560086470634158,0.7046937583014001,0.024955881139337915,0.9149189018486816,0.9958039693330324,False
BSA_m2,IL-28A_per_IFN-lambda2,Group_8C vs Group_22C Contrast,17.738753059566427,0.7584754720627183,-95.33388219636953,130.81138831550237,0.24411487048253944,0.08663880183306849,31.08458871784611,0.26714867766001416,-25.940187259845224,0.35316388707085977,-8.201434200278797,0.8709202795316147,0.9970147807433183,False
Age_years,sCD163,Group_8C vs Group_15C (Reference),-148.51946790776793,0.7594799248415612,-1099.2941763191516,802.2552405036156,0.07180304494665368,-0.12157132068945997,-56.92129344062594,0.8767554224905709,-225.05031751336153,0.613018586677397,-205.44076134839386,0.5171751927380275,0.9970147807433183,False
Body_Fat__Percent,IFN-y,Group_22C vs Group_15C (Reference),-0.6172200976081752,0.7613059444924805,-4.599653863242495,3.3652136680261444,0.1617738445688356,-0.012856604479323686,0.20500493406634185,0.062359119401241905,-0.41221516354183335,0.8390017129860463,0.5568303355661112,0.2639952062048003,0.9970147807433183,False
Height_m,TWEAK_per_TNFSF12,Group_8C vs Group_22C Contrast,218.17045882599712,0.7615720173328999,-1191.1571712693258,1627.4980889213202,0.07115990357736646,-0.1223484498440155,-517.499999999999,0.25706891973645885,-216.37088076692578,0.7496428168680389,1.7995780590713366,0.9940007207339594,0.9970147807433183,False
Muscle_Mass_kg,sTNF-R2,Group_8C vs Group_22C Contrast,6.424249652144777,0.7623262998421405,-35.21063843921186,48.05913774350141,0.09612768795103122,-0.09217904372583718,-31.350163405609408,0.47992553400028437,-7.9394818878523985,0.5200922552236937,-1.5152322357076216,0.9301569623621864,0.9970147807433183,False
Age_years,Pentraxin-3,Group_8C vs Group_15C (Reference),0.986076337279182,0.7636923787779165,-5.442550487292755,7.414703161851119,0.12564122931120725,-0.05651684791562461,-0.20829813386984572,0.9048088122530181,-3.206465574866233,0.06590114215904719,0.7777782034093362,0.7795935577611592,0.9970147807433183,False
VO2max_ml_per_kg_per_min,sCD30_per_TNFRSF8,Group_8C vs Group_22C Contrast,-0.8900987619409193,0.7645033890792194,-6.713712528425716,4.933515004543877,0.15857754212879105,-0.016718803261044135,-1.1420854274986778,0.28292447147670696,1.3332711651816795,0.600675069786538,0.44317240324076024,0.7720413729472171,0.9970147807433183,False
Age_years,Osteocalcin,Group_22C vs Group_15C (Reference),-16.00436461603509,0.7646905423882923,-120.79937627345299,88.79064704138281,0.11249292228077479,-0.07240438557739703,24.513029388761503,0.46793006194768727,8.508664772726412,0.8373661357918847,29.87829534571774,0.6498083678216742,0.9970147807433183,False
Age_years,IL-11,Group_22C vs Group_15C (Reference),-0.012037020873784507,0.7657642035685098,-0.0912264857895029,0.06715244404193388,0.2493081227554198,0.09291398166279896,0.013492569002126002,0.6475690368297657,0.0014555481283414946,0.9579287539134147,0.04785673242673673,0.4755237007444455,0.997056248727978,False
Age_years,sIL-6Ra,Group_22C vs Group_15C (Reference),-15.143616814540493,0.7676400066668412,-115.59922855309031,85.31199492400933,0.021662880208505153,-0.18215735308138958,10.472204715610172,0.7630609154538845,-4.671412098930322,0.9013499436201815,-15.525362957287644,0.6135264466608041,0.9974016082913831,False
VO2max_ml_per_kg_per_min,IL-12p70,Group_8C vs Group_15C (Reference),-0.01200672201712712,0.7690650511173474,-0.09215964252466337,0.06814619849040914,0.17495261355322222,0.003067741376810207,-0.027639427347629097,0.3458212877591773,0.056648008398779495,0.3741958922851234,-0.03964614936475622,0.16434694841941822,0.9974016082913831,False
Age_years,sCD163,Group_22C vs Group_15C (Reference),-168.1290240727356,0.7706839266365759,-1298.6572657031604,962.3992175576893,0.07180304494665368,-0.12157132068945997,-56.92129344062594,0.8767554224905709,-225.05031751336153,0.613018586677397,-205.44076134839386,0.5171751927380275,0.9974016082913831,False
Weight_kg,gp130_per_sIL-6Rb,Group_8C vs Group_15C (Reference),-212.4564908610649,0.7756659708434783,-1673.6800138529943,1248.7670321308647,0.11716560410659771,-0.06675822837119427,49.5841938554297,0.5416642359228652,-118.15525413841769,0.7458755433637052,-162.8722970056352,0.8260485134612381,0.9974016082913831,False
Body_Density_kg_per_m3,Pentraxin-3,Group_8C vs Group_15C (Reference),936.9619263671564,0.7764586028170346,-5530.7092109887235,7404.633063723037,0.20460276662908883,0.038895009676815695,-1237.4821658291712,0.3341832995951426,3906.905220290975,0.11032555828363,-300.52023946201484,0.9212772834097995,0.9974016082913831,False
BSA_m2,Osteopontin,Group_8C vs Group_15C (Reference),-11383.467807719844,0.7801791673033256,-91327.36463771027,68560.42902227057,0.16965654019028809,-0.003331680603401832,21264.10345460868,0.3475515211969108,-18421.961992803605,0.14732271835401267,9880.635646888837,0.770894997016617,0.9974016082913831,False
Age_years,IL-28A_per_IFN-lambda2,Group_8C vs Group_15C (Reference),0.2054121364571728,0.7807180569970522,-1.2407961574991322,1.6516204304134778,0.14444559346737507,-0.03379490789358841,-0.10124147949490883,0.7775095681051206,-0.1190858957219264,0.6782980384465365,0.10417065696226396,0.8717049836833946,0.9974016082913831,False
Age_years,Osteocalcin,Group_8C vs Group_22C Contrast,21.369630572991326,0.7834975927939176,-131.06839942515282,173.80766057113547,0.11249292228077479,-0.07240438557739703,24.513029388761503,0.46793006194768727,8.508664772726412,0.8373661357918847,29.87829534571774,0.6498083678216742,0.9974016082913831,False
Max_Watts_W,sTNF-R1,Group_22C vs Group_15C (Reference),-1.126843886272211,0.7837317173733338,-9.173843409152553,6.920155636608132,0.11071916065641052,-0.07454768087350394,-0.4516022675740767,0.23944409912074882,-1.5784461538462877,0.6993891009453204,0.04745930232542439,0.9616647471092516,0.9974016082913831,False
Max_Watts_W,sCD163,Group_22C vs Group_15C (Reference),53.135090912288625,0.7862507112732405,-330.8973750375585,437.1675568621357,0.20819766965448216,0.04323885083249934,-80.0379832199434,0.20908299014491527,-26.902892307654774,0.8845569762708889,49.820101162825424,0.12669737762392974,0.9974016082913831,False
Max_Watts_W,Osteopontin,Group_22C vs Group_15C (Reference),25.432020024434227,0.7870127003629431,-159.0511626270394,209.91520267590784,0.34697702921659257,0.21093057697004935,-69.18085079363432,0.2529420569623231,-43.7488307692001,0.5439733194396306,69.9774813953779,0.001304121901872568,0.9974016082913831,False
Muscle_Mass_kg,TSLP,Group_8C vs Group_15C (Reference),0.21586338916966447,0.7874922119632504,-1.3536242092411943,1.7853509875805231,0.21823689588389328,0.05536958252637114,-0.7630121543038221,0.23863212949562518,-0.602109908310895,0.013460969261872568,-0.5471487651341576,0.24552963438468667,0.9974016082913831,False
Body_Fat__Percent,Pentraxin-3,Group_8C vs Group_15C (Reference),-2.038934647152865,0.7916344695773277,-17.16538602807241,13.08751673376668,0.20225957649531356,0.036063654931837275,2.7783586557055324,0.335828292341392,-8.956241534707758,0.11665325949506555,0.7394240085526675,0.9177187450947604,0.9974016082913831,False
BMI_kg·m2,IL-10,Group_8C vs Group_22C Contrast,0.31574433340786096,0.7921061265818989,-2.032182969369017,2.663671636184739,0.25285610837096295,0.097201130948247,0.560866256452062,0.005780562183527052,-0.11202912255040309,0.9192211146471052,0.20371521085745786,0.6602203353733396,0.9974016082913831,False
Age_years,MMP-2,Group_8C vs Group_22C Contrast,-98.26463239967288,0.794473544065871,-837.5901508853589,641.060886086013,0.059657750057597214,-0.13624688534706997,94.23722259471003,0.5165936033955321,64.67478275400833,0.7204388666400594,-33.58984964566454,0.9191931066892496,0.9974016082913831,False
BSA_m2,IL-11,Group_8C vs Group_15C (Reference),-0.6753278835591259,0.7950625053995046,-5.771216998224652,4.420561231106401,0.3429499726901898,0.2060645503339794,3.125623296193206,0.10541634411434786,-2.7006637618497287,0.24658276150132163,2.4502954126340803,0.15946922635851335,0.9974016082913831,False
VO2max_ml_per_kg_per_min,TSLP,Group_8C vs Group_15C (Reference),-0.3616281195045392,0.79555060900338,-3.097064574029542,2.3738083350204637,0.23991998996866448,0.08156998787880299,-0.0725939012586944,0.9179005204528234,1.9178465394929276,0.008616723752275623,-0.43422202076323363,0.7185716896409668,0.9974016082913831,False
Skinfold_Thickness_mm,IFN-y,Group_22C vs Group_15C (Reference),-0.10594505802121089,0.7955913807392587,-0.9075007848884402,0.6956106688460184,0.15344026528501054,-0.022926346113945506,0.0275559889142255,0.032542166541807714,-0.07838906910698538,0.8479206231696825,0.0817803236724731,0.31998140078926296,0.9974016082913831,False
VO2max_ml_per_kg_per_min,gp130_per_sIL-6Rb,Group_22C vs Group_15C (Reference),-142.6976110892752,0.7982720341409946,-1236.9841137909139,951.5888916123636,0.09846803509805335,-0.08935112425651881,48.95364031945159,0.6260649060000327,-93.74397076982362,0.8644676479730511,-144.72835129528357,0.808320102619349,0.9974016082913831,False
Age_years,MMP-1,Group_22C vs Group_15C (Reference),-8.840201810372418,0.7987457782273939,-76.7949960413343,59.11459242058946,0.19653143483011593,0.029142150419723456,18.570424069730098,0.2175332753130067,9.73022225935768,0.7553699371431597,11.233153610418846,0.7655053190087975,0.9974016082913831,False
Max_Watts_W,gp130_per_sIL-6Rb,Group_8C vs Group_15C (Reference),13.143754935916252,0.8017534641929493,-89.45878735038967,115.74629722222217,0.09987155739754838,-0.08765520147796235,4.8595020408285166,0.7346406805707928,28.171307692307344,0.9023485785293575,18.00325697674477,0.7206593169195901,0.9974016082913831,False
Height_m,IL-11,Group_8C vs Group_15C (Reference),-2.203245299905235,0.8055532088238236,-19.74534915487811,15.33885855506764,0.23984291652298528,0.08147685746527389,-0.4790007241129153,0.935017901879167,-7.673157579388852,0.5135251744083993,-2.6822460240181503,0.6911888736169589,0.9974016082913831,False
Height_m,sTNF-R2,Group_8C vs Group_15C (Reference),961.2390316628642,0.8059508771746688,-6708.091580507108,8630.569643832836,0.06882476676541027,-0.12517007349179576,-2313.3587979724953,0.4406265603967183,-1865.7504493708725,0.7158320610555069,-1352.119766309631,0.5904465828150234,0.9974016082913831,False
Muscle_Mass_kg,MMP-2,Group_8C vs Group_15C (Reference),112.56764913337217,0.8069217026072314,-790.170928876657,1015.3062271434012,0.05364563012642454,-0.14351153026390362,-127.6597576761893,0.7495396451827168,-68.25068455240209,0.5796692131578676,-15.09210854281713,0.9473530017977043,0.9974016082913831,False
Height_m,TSLP,Group_8C vs Group_15C (Reference),-38.5493802265231,0.8071380164957145,-348.05065050501054,270.9518900519643,0.11629422630312647,-0.06781114321705539,-24.043446777696143,0.8323312225588783,-64.84212103055708,0.7038458077720984,-62.592827004219245,0.568358467128347,0.9974016082913831,False
Weight_kg,MMP-1,Group_8C vs Group_15C (Reference),-19.05712837337735,0.8077175789201206,-172.53145525467662,134.41719850792194,0.20156766626339973,0.03522759673494136,22.592712773709113,0.11080795268589046,-3.8013888545411056,0.8942717065055885,3.5355844003317642,0.9633824419094139,0.9974016082913831,False
Muscle_Mass_kg,IL-11,Group_8C vs Group_15C (Reference),0.01527804525760341,0.8077627266675198,-0.10779135692501932,0.13834744744022615,0.2831656654760827,0.13382517911693326,0.028516978250468613,0.5942438973182063,-0.014887303325171481,0.6699428253925872,0.043795023508072024,0.1820377566590179,0.9974016082913831,False
Age_years,MMP-3,Group_22C vs Group_15C (Reference),25.210277576530444,0.8087002244639372,-178.88137785546726,229.30193300852815,0.11555678641910139,-0.06870221641025243,31.88920270421651,0.5483061615982434,57.09948028074695,0.5237674332656583,-42.16921566749782,0.3103002526325551,0.9974016082913831,False
Age_years,IFN-a2,Group_8C vs Group_15C (Reference),0.17666692018350996,0.8100743530730244,-1.2641046841668466,1.6174385245338667,0.1348292568789038,-0.045414647937991104,0.014346295675512674,0.9732747055967377,0.03494318181817605,0.8949955766951474,0.19101321585902264,0.7492009794250791,0.9974016082913831,False
Age_years,IFN-a2,Group_8C vs Group_22C Contrast,0.15607003404084657,0.8112488995467482,-1.124825375972766,1.436965444054459,0.1348292568789038,-0.045414647937991104,0.014346295675512674,0.9732747055967377,0.03494318181817605,0.8949955766951474,0.19101321585902264,0.7492009794250791,0.9974016082913831,False
Weight_kg,IL-11,Group_8C vs Group_15C (Reference),0.014815627312049783,0.8116278462833799,-0.10702601560885573,0.1366572702329553,0.4253526932148868,0.30563450430132155,0.041460359966479274,0.006150924083491079,-0.031678816295003714,0.40122283906144673,0.05627598727852906,0.35064264318291993,0.9974016082913831,False
BSA_m2,TWEAK_per_TNFSF12,Group_8C vs Group_15C (Reference),-96.6446100289471,0.8116344784701601,-891.4648600421356,698.1756399842413,0.05519429061569292,-0.14164023217270438,124.97476433395256,0.5318576998390544,-104.07316573335972,0.3515450802350324,28.330154305005465,0.9360039389607269,0.9974016082913831,False
Weight_kg,TWEAK_per_TNFSF12,Group_8C vs Group_22C Contrast,1.8613910050134008,0.8122002188537119,-13.494256852911272,17.217038862938075,0.09497382598058057,-0.09357329360679834,2.337758908077345,0.312478997466451,-1.3497799683155316,0.3517477483908882,0.5116110366978692,0.947020042042632,0.9974016082913831,False
VO2max_ml_per_kg_per_min,Pentraxin-3,Group_8C vs Group_22C Contrast,-2.452750479504413,0.8136625835814254,-22.848656632862134,17.94315567385331,0.06748422321471614,-0.12678989694888454,-0.786320802740798,0.6957158354633067,-0.12406135544527475,0.9897464826869851,-2.576811834949688,0.5071579516378597,0.9974016082913831,False
BSA_m2,BAFF_per_TNFSF13B,Group_8C vs Group_22C Contrast,980.0513446237414,0.8136922806750884,-7170.912763632146,9131.01545287963,0.16611294319440317,-0.00761352697342943,1428.7453946298833,0.4939395319640456,-1882.0265029844327,0.08382153266555936,-901.9751583606912,0.8221921979512745,0.9974016082913831,False
Age_years,TWEAK_per_TNFSF12,Group_8C vs Group_15C (Reference),-1.0309118153179526,0.814951009646796,-9.664126671594792,7.602303040958886,0.0184520758506872,-0.186037075013753,0.14467258911608416,0.9650491093176969,-0.5859926470588146,0.7846488218594874,-0.8862392262018685,0.7611628673011666,0.9974016082913831,False
Muscle_Mass_kg,Osteopontin,Group_8C vs Group_15C (Reference),193.06838603263805,0.8151108327492533,-1425.1769837565394,1811.3137558218154,0.05823320885389305,-0.13796820596821258,-79.14434865920288,0.9217504629232712,-102.7887597235085,0.45332886334965883,113.92403737343517,0.5275922023410105,0.9974016082913831,False
BSA_m2,Osteocalcin,Group_8C vs Group_15C (Reference),-1050.306423177692,0.8155583235900563,-9875.433727366873,7774.82088101149,0.09303341968565582,-0.09591795121316582,961.8464398884762,0.677089376296798,-2317.2411945727563,0.08891940414469568,-88.45998328921587,0.981740888394194,0.9974016082913831,False
Muscle_Mass_kg,TSLP,Group_22C vs Group_15C (Reference),0.1609022459929271,0.8160869874813559,-1.1950252157492205,1.5168297077350745,0.21823689588389328,0.05536958252637114,-0.7630121543038221,0.23863212949562518,-0.602109908310895,0.013460969261872568,-0.5471487651341576,0.24552963438468667,0.9974016082913831,False
Height_m,Osteocalcin,Group_8C vs Group_22C Contrast,2267.952838664625,0.816285243135944,-16865.497547368872,21401.40322469812,0.1524784874486962,-0.02408849433282545,-7375.209992758909,0.20018595900871428,-5454.650988615922,0.5215601310728792,-3186.6981499512967,0.5051793156455411,0.9974016082913831,False
VO2max_ml_per_kg_per_min,sTNF-R2,Group_8C vs Group_22C Contrast,12.057894049430068,0.816718471404495,-89.91263815054879,114.02842624940894,0.23493156272214188,0.07554230495592151,-31.47511961324035,0.014199092808252241,4.37379544925459,0.9230432898090324,16.43168949868466,0.5213818311121621,0.9974016082913831,False
Body_Fat__Percent,sTNF-R1,Group_8C vs Group_22C Contrast,-3.295065802374541,0.8197891362775502,-31.643923902759628,25.053792298010546,0.12181805772077292,-0.061136513587399355,3.942241970836829,0.2582690421080788,-4.7877754870722224,0.6580605961174353,-8.082841289446764,0.39985697986411206,0.9974016082913831,False
Weight_kg,TWEAK_per_TNFSF12,Group_8C vs Group_15C (Reference),-1.8261478713794757,0.8203123187200755,-17.58353154520331,13.931235802444359,0.09497382598058057,-0.09357329360679834,2.337758908077345,0.312478997466451,-1.3497799683155316,0.3517477483908882,0.5116110366978692,0.947020042042632,0.9974016082913831,False
Age_years,sIL-6Ra,Group_8C vs Group_22C Contrast,-10.853950858357322,0.8233963630744181,-106.17548301914266,84.46758130242802,0.021662880208505153,-0.18215735308138958,10.472204715610172,0.7630609154538845,-4.671412098930322,0.9013499436201815,-15.525362957287644,0.6135264466608041,0.9974016082913831,False
Skinfold_Thickness_mm,gp130_per_sIL-6Rb,Group_8C vs Group_15C (Reference),-39.805189150668156,0.823663536320407,-389.91429009989076,310.3039117985545,0.09787986151338068,-0.09006183400466483,13.325898573626317,0.40601423055055486,18.52075778613944,0.9004748019248539,-26.479290577041837,0.8816829274442315,0.9974016082913831,False
BMI_kg·m2,IL-28A_per_IFN-lambda2,Group_8C vs Group_15C (Reference),-0.7428985842148822,0.8244318566627553,-7.306182794535312,5.820385626105548,0.25884937929394447,0.10444299998018292,1.6218864179769523,0.08733896088180367,-0.5870107708734855,0.6882391968842456,0.8789878337620701,0.7843139267539114,0.9974016082913831,False
Body_Density_kg_per_m3,sTNF-R1,Group_8C vs Group_22C Contrast,1363.3656552631141,0.8270740615553653,-10868.846806687447,13595.578117213676,0.1225360441100779,-0.06026894670032257,-1754.108234901954,0.25428086826431906,2119.9620085748666,0.6503060572470236,3483.3276638379807,0.39932474012307484,0.9974016082913831,False
Age_years,IL-12p70,Group_8C vs Group_15C (Reference),-0.00860526468820271,0.830455314341705,-0.08737508621894419,0.07016455684253878,0.1790311201533077,0.007995936851913465,0.03800480500614836,0.27063157164775165,0.00637700534759289,0.8260371957724484,0.02939954031794565,0.1538356801691958,0.9974016082913831,False
Muscle_Mass_kg,MMP-1,Group_22C vs Group_15C (Reference),-8.721047225276648,0.8316792271864085,-89.14009037694306,71.69799592638977,0.14842568623788,-0.028985629129228307,1.6615905086361136,0.9629639044612825,-7.059456716640534,0.7251200496624779,7.009692033251055,0.7620219934619024,0.9974016082913831,False
BSA_m2,MMP-1,Group_8C vs Group_22C Contrast,771.6567733532897,0.831795109244303,-6349.098418707523,7892.411965414101,0.1849553025153674,0.015154323872735631,1514.8136156848186,0.34767510463224016,-805.5411960108813,0.6639453392267085,-33.884422657591585,0.9913468244790413,0.9974016082913831,False
Muscle_Mass_kg,MMP-2,Group_8C vs Group_22C Contrast,53.15857600958496,0.8377891847146737,-455.7789770790179,562.0961290981878,0.05364563012642454,-0.14351153026390362,-127.6597576761893,0.7495396451827168,-68.25068455240209,0.5796692131578676,-15.09210854281713,0.9473530017977043,0.9974016082913831,False
BMI_kg·m2,MMP-1,Group_8C vs Group_15C (Reference),-35.333566702706044,0.8388727530673543,-375.9159703876527,305.2488369822406,0.24526223806721315,0.08802520433121597,90.12984196817695,0.009124290595667746,40.97470720994965,0.7636710717556778,54.7962752654709,0.7476275416662805,0.9974016082913831,False
BSA_m2,Chitinase_3-like1,Group_8C vs Group_15C (Reference),-1321.299828047339,0.8414054759713449,-14263.585785176645,11620.986129081968,0.09328128615200515,-0.09561844589966029,231.74294283078814,0.9342382564840845,-1049.4189587169685,0.46855225757940167,-1089.5568852165507,0.8553369080457769,0.9974016082913831,False
Height_m,TSLP,Group_22C vs Group_15C (Reference),-40.79867425286094,0.8421909376733617,-442.4422038997879,360.844855394066,0.11629422630312647,-0.06781114321705539,-24.043446777696143,0.8323312225588783,-64.84212103055708,0.7038458077720984,-62.592827004219245,0.568358467128347,0.9974016082913831,False
Muscle_Mass_kg,IL-12p40,Group_22C vs Group_15C (Reference),0.2636908158216067,0.8438176759328897,-2.359615999643316,2.8869976312865293,0.1611469520488863,-0.013614099607595742,-0.4366528795552737,0.7369215983211819,-0.17296206373366702,0.5879361269392751,0.13282496752189837,0.581119412868331,0.9974016082913831,False
Age_years,sTNF-R1,Group_8C vs Group_22C Contrast,-1.8159483717417753,0.8442664087630447,-19.934830060114546,16.302933316630995,0.09826280095530138,-0.08959911551234412,2.8267230975528657,0.20822286297455617,-0.844346590909097,0.8752001232738682,-2.6602949626508723,0.723528884102528,0.9974016082913831,False
Weight_kg,sCD163,Group_8C vs Group_15C (Reference),-191.05625995738797,0.8446723340205978,-2102.3582834826807,1720.2457635679048,0.1686608109072677,-0.004534853487051516,253.8288096148844,0.33916418755267785,-421.8205588877723,0.048445357316674986,62.77254965749643,0.9466619971322905,0.9974016082913831,False
BMI_kg·m2,sTNF-R1,Group_8C vs Group_22C Contrast,5.944346374138467,0.8448008894438465,-53.57310921506706,65.461801963344,0.09917441729250165,-0.08849757910489386,4.390941541474244,0.5405798269950493,-14.3429977064119,0.545106300440199,-8.398651332273435,0.658135072087046,0.9974016082913831,False
Skinfold_Thickness_mm,gp130_per_sIL-6Rb,Group_8C vs Group_22C Contrast,-45.00004836318128,0.8458618255332605,-498.70166307145547,408.7015663450929,0.09787986151338068,-0.09006183400466483,13.325898573626317,0.40601423055055486,18.52075778613944,0.9004748019248539,-26.479290577041837,0.8816829274442315,0.9974016082913831,False
BMI_kg·m2,IL-29_per_IFN-lambda1,Group_8C vs Group_22C Contrast,2.605965236518557,0.8458923668696715,-23.673293765378283,28.885224238415397,0.16967242729903598,-0.003312483680331546,5.6647825714201465,0.24590150149090173,2.213330362115376,0.6615212199267224,4.819295598633933,0.6979542313546461,0.9974016082913831,False
Skinfold_Thickness_mm,sTNF-R1,Group_8C vs Group_22C Contrast,-0.5630129987121821,0.8460792007771841,-6.247567516885074,5.121541519460711,0.11761061700795128,-0.0662205044487254,0.427485666291023,0.36261777295817244,-0.8647429197097968,0.7095532024817301,-1.4277559184219788,0.41140889829460137,0.9974016082913831,False
BMI_kg·m2,IL-12p40,Group_8C vs Group_15C (Reference),-0.47116146174848567,0.8474286676829216,-5.270839834333602,4.32851691083663,0.2682701660655421,0.11582645066253006,2.7143630177154843,0.08416642285168553,-1.10685613262646,0.47737963544113615,2.2432015559669987,0.2322800169761814,0.9974016082913831,False
BMI_kg·m2,gp130_per_sIL-6Rb,Group_22C vs Group_15C (Reference),-320.8362322773929,0.8475420803448461,-3591.6268567148322,2949.9543921600466,0.09332244530735101,-0.09556871192028416,110.29846444404436,0.7399894485051025,-210.53776783334857,0.8975633042981292,218.55685157705736,0.9286917523717371,0.9974016082913831,False
Skinfold_Thickness_mm,IL-29_per_IFN-lambda1,Group_8C vs Group_22C Contrast,0.1445978429387188,0.8484304340997537,-1.338290424423953,1.6274861103013905,0.15229215879802405,-0.024313641452387458,0.3649928149188196,0.13715895576438572,-0.17414575149474748,0.4496804060556314,-0.02954790855602868,0.967294539924513,0.9974016082913831,False
VO2max_ml_per_kg_per_min,BAFF_per_TNFSF13B,Group_8C vs Group_22C Contrast,8.904069380535127,0.84935353286315,-82.9758369932373,100.78397575430753,0.2791397424914175,0.1289605221771295,-42.75950294182699,0.24992546057978415,14.416936776038938,0.6714481647042796,23.321006156574065,0.4700609618469769,0.9974016082913831,False
Max_Watts_W,sTNF-R2,Group_22C vs Group_15C (Reference),2.4499376242822235,0.8501322995736145,-22.963129638798314,27.863004887362763,0.26996390845629537,0.117873056051357,-5.2642299319724355,0.00014752118605758076,-2.814292307690212,0.8271930820565998,2.214131395350755,0.13976941329347503,0.9974016082913831,False
BSA_m2,sTNF-R2,Group_8C vs Group_22C Contrast,527.3012875431991,0.850878235490689,-4970.154213329222,6024.7567884156215,0.13240111681462186,-0.04834865051566517,1009.8295192125017,0.40940710525758006,-1298.5261577923422,0.18731022138303866,-771.2248702491431,0.7690181746028109,0.9974016082913831,False
Weight_kg,IL-28A_per_IFN-lambda2,Group_8C vs Group_22C Contrast,0.26277995179428565,0.8512492125808798,-2.4837837891577395,3.009343692746311,0.2517382867472361,0.09585042981957703,0.4326481491601924,0.11184804027083736,-0.2881443291470514,0.5037131110704565,-0.025364377352765755,0.9848233289826294,0.9974016082913831,False
Height_m,Osteocalcin,Group_22C vs Group_15C (Reference),1920.5590041429873,0.8517246097750047,-18217.781643345686,22058.89965163166,0.1524784874486962,-0.02408849433282545,-7375.209992758909,0.20018595900871428,-5454.650988615922,0.5215601310728792,-3186.6981499512967,0.5051793156455411,0.9974016082913831,False
Height_m,sIL-6Ra,Group_22C vs Group_15C (Reference),1432.8307068148904,0.851907606303465,-13610.136668760053,16475.798082389832,0.20392749364430485,0.038079054820201796,-10062.970311368525,0.02096669021096768,-8630.139604553635,0.1718980328168389,136.36254462835495,0.9701815057036172,0.9974016082913831,False
Age_years,TWEAK_per_TNFSF12,Group_22C vs Group_15C (Reference),-0.7306652361748988,0.8527635160791179,-8.446868667608772,6.985538195258975,0.0184520758506872,-0.186037075013753,0.14467258911608416,0.9650491093176969,-0.5859926470588146,0.7846488218594874,-0.8862392262018685,0.7611628673011666,0.9974016082913831,False
Height_m,MMP-3,Group_22C vs Group_15C (Reference),-3688.367729856056,0.8541667435379202,-43018.546198743534,35641.81073903142,0.1411362838517416,-0.03779365701247883,-10090.530412744285,0.21765881842195367,-13778.898142600341,0.4520146671345562,-2367.506491398887,0.6546357204296958,0.9974016082913831,False
BSA_m2,sCD163,Group_8C vs Group_15C (Reference),-8935.894770020672,0.8544831815295155,-104431.59211024897,86559.80257020761,0.1338966843922107,-0.04654150635941212,12399.732475178705,0.5843923747529767,-30158.283842467823,0.08197131329744511,3463.8377051580337,0.9359868679278864,0.9974016082913831,False
Age_years,MMP-1,Group_8C vs Group_15C (Reference),-7.337270459311252,0.8564526964396129,-86.83675689909059,72.16221598046808,0.19653143483011593,0.029142150419723456,18.570424069730098,0.2175332753130067,9.73022225935768,0.7553699371431597,11.233153610418846,0.7655053190087975,0.9974016082913831,False
BSA_m2,sTNF-R1,Group_8C vs Group_15C (Reference),135.2058396135659,0.8567252379834649,-1332.5696522784087,1602.9813315055403,0.13839697686910646,-0.04110365294982965,54.33274742569178,0.7699690712022863,-402.16757849610383,0.18575115745669324,189.53858703925766,0.7938873894237017,0.9974016082913831,False
Height_m,sCD163,Group_22C vs Group_15C (Reference),19720.82972477143,0.8579909195350236,-196294.5699333892,235736.22938293207,0.10877591397852815,-0.07689577060927832,-68168.13649529273,0.14075901266057197,-48447.306770521296,0.6281418888347732,1218.3734177215229,0.9647249803048443,0.9974016082913831,False
BMI_kg·m2,sIL-6Ra,Group_8C vs Group_15C (Reference),-38.64106982844212,0.8584326617686073,-463.23737185005905,385.95523219317477,0.189317813317452,0.020425691091921272,119.40873243617736,0.16533573281241265,-175.1325681826958,0.028686507415527807,80.76766260773525,0.6845442400362729,0.9974016082913831,False
Height_m,Chitinase_3-like1,Group_8C vs Group_22C Contrast,1612.1774137434331,0.8592441077349943,-16206.310651538792,19430.665479025658,0.20818008650743558,0.04321760452981804,-10607.389572773378,0.011205435564704668,-912.6824445775874,0.9019893606714555,699.4949691658458,0.894307952730991,0.9974016082913831,False
Age_years,BAFF_per_TNFSF13B,Group_22C vs Group_15C (Reference),6.447727191683432,0.8611759179802954,-65.81608965696594,78.7115440403328,0.061218596530245306,-0.13436086252595358,-4.510898983127161,0.8836159665117054,1.9368282085562711,0.9237808924885034,-16.469869756751283,0.39202080053757404,0.9974016082913831,False
Weight_kg,IL-29_per_IFN-lambda1,Group_8C vs Group_22C Contrast,-0.6879693702921594,0.8633179346748713,-8.52069270523549,7.144753964651171,0.16861674100503232,-0.00458810461891912,1.8898914271140759,0.06742153620770358,0.43195936578500826,0.6818669084775957,-0.25601000450715117,0.9470494767757696,0.9974016082913831,False
Body_Density_kg_per_m3,sTNF-R2,Group_8C vs Group_22C Contrast,-3903.436562167484,0.8636699070832686,-48461.02834103396,40654.155216698986,0.19179370177347,0.023417389642942932,-15189.258884282412,0.11364810038672467,13339.09878891299,0.30763521339393884,9435.662226745506,0.6118943004777033,0.9974016082913831,False
Max_Watts_W,TSLP,Group_8C vs Group_15C (Reference),-0.027435139482175956,0.8638259327454638,-0.3409629062078527,0.28609262724350076,0.18449305319097387,0.014595772605760171,-0.021200907029379188,0.8714807332295664,0.35958461538468645,0.06829373519398962,-0.04863604651155515,0.5959846968960445,0.9974016082913831,False
Skinfold_Thickness_mm,Pentraxin-3,Group_8C vs Group_15C (Reference),-0.26059082644241255,0.8668523341949006,-3.3069626897408564,2.7857810368560316,0.18240740842773917,0.012075618516851572,0.3802790705977058,0.22615497566325904,-1.4667909031005335,0.252200442327152,0.11968824415529328,0.9373286351370134,0.9974016082913831,False
Height_m,IL-12p40,Group_8C vs Group_15C (Reference),19.177514612111526,0.8688229732982933,-208.41186587639933,246.7668951006224,0.174941619925307,0.00305445740974597,-71.99818971759674,0.4435213800622463,33.29508687837061,0.883439103578989,-52.82067510548522,0.438826490703331,0.9974016082913831,False
BMI_kg·m2,IL-12p70,Group_8C vs Group_15C (Reference),-0.0253448291361242,0.869193537282398,-0.32698475090061013,0.27629509262836177,0.33903900550214916,0.20133879831509693,0.1898438233008038,0.16945787909919152,-0.11926020651007946,0.6130789408379194,0.16449899416467959,0.015218020775709329,0.9974016082913831,False
BMI_kg·m2,IFN-y,Group_22C vs Group_15C (Reference),-0.47955668311984456,0.8714844223614275,-6.2896263496156,5.33051298337591,0.14684876407736058,-0.030891076739855805,0.5998341565892296,0.04665340004065385,0.120277473469385,0.9674666459904047,1.0840152602574888,0.02149867296579666,0.9974016082913831,False
Age_years,Osteopontin,Group_8C vs Group_15C (Reference),-66.34771777264902,0.8730724839506776,-880.3284686323638,747.6330330870657,0.02972438764729779,-0.17241636492618184,38.69709911721911,0.9173680018225425,-17.173841911763972,0.9117742491109686,-27.65061865542991,0.8796684118214728,0.9974016082913831,False
VO2max_ml_per_kg_per_min,sCD163,Group_8C vs Group_22C Contrast,-109.94612353026969,0.8760182777629701,-1491.1548889103747,1271.2626418498353,0.18896512129524523,0.019999521565087996,-499.25007664119966,0.18978912595005604,305.0432605226667,0.6468495666076857,195.097136992397,0.3979741985041483,0.9974016082913831,False
Muscle_Mass_kg,IL-20,Group_8C vs Group_22C Contrast,0.13908061498008945,0.8763389739696996,-1.612701036248292,1.8908622662084709,0.15693004306367753,-0.018709531298056303,-0.260649513812703,0.8301646740825952,-0.3988331488269519,0.6342191893890923,-0.2597525338468625,0.4022447057518699,0.9974016082913831,False
Body_Fat__Percent,sTNF-R2,Group_8C vs Group_22C Contrast,8.062019734573553,0.8787844156814337,-95.54771617237814,111.67175564152525,0.19174785052615484,0.02336198605243711,34.488921100368295,0.11648696950892401,-30.467053214918145,0.31317207922270285,-22.405033480344592,0.6055245750811153,0.9974016082913831,False
Age_years,APRIL_per_TNFSF13,Group_8C vs Group_15C (Reference),53.73561273910698,0.8808711378239882,-649.0293851212182,756.5006105994321,0.22789593967127952,0.06704092710279619,278.2339630126511,0.21234770210423393,-207.88008355615415,0.2917930156312041,331.96957575175804,0.2369483316692289,0.9974016082913831,False
VO2max_ml_per_kg_per_min,sTNF-R1,Group_8C vs Group_15C (Reference),1.338615578233473,0.8813644169560952,-16.241402277804823,18.91863343427177,0.07863747816240074,-0.11331304722043245,-2.177716742748878,0.38751771424510517,-1.6279065796308423,0.9169762971260511,-0.8391011645154052,0.9223480797267103,0.9974016082913831,False
Muscle_Mass_kg,sIL-6Ra,Group_22C vs Group_15C (Reference),12.83151704541719,0.8815134360917434,-155.8981197036227,181.5611537944571,0.16778957713118736,-0.005587594299815146,-49.01592659313808,0.5571120513174013,-36.18440954772089,0.08514188162782177,11.905002516441812,0.6871830069299665,0.9974016082913831,False
Skinfold_Thickness_mm,TWEAK_per_TNFSF12,Group_8C vs Group_22C Contrast,0.1273993085242897,0.882942241946463,-1.5684842731223727,1.8232828901709521,0.18027638606253205,0.009500633158892935,0.6752311521540897,0.36719544541203375,-0.6948411756719841,0.3756145660602428,-0.5674418671476944,0.12058069715280917,0.9974016082913831,False
Muscle_Mass_kg,IL-19,Group_22C vs Group_15C (Reference),-0.07302560125966354,0.8834377365138598,-1.0492545219425666,0.9032033194232395,0.36843095441365625,0.23685406991650138,0.009752753950959057,0.983924882333547,-0.06327284730870447,0.590036438053442,3.2583314032165736,0.2949566335845759,0.9974016082913831,False
BMI_kg·m2,gp130_per_sIL-6Rb,Group_8C vs Group_22C Contrast,429.0946194104059,0.8839290264131336,-5331.735463858863,6189.924702679676,0.09332244530735101,-0.09556871192028416,110.29846444404436,0.7399894485051025,-210.53776783334857,0.8975633042981292,218.55685157705736,0.9286917523717371,0.9974016082913831,False
Muscle_Mass_kg,MMP-2,Group_22C vs Group_15C (Reference),59.40907312378721,0.8870962398845288,-760.7071189367987,879.5252651843732,0.05364563012642454,-0.14351153026390362,-127.6597576761893,0.7495396451827168,-68.25068455240209,0.5796692131578676,-15.09210854281713,0.9473530017977043,0.9974016082913831,False
Weight_kg,sTNF-R2,Group_8C vs Group_22C Contrast,7.753665463096837,0.8889242198288169,-101.05756687055303,116.5648977967467,0.167276390185364,-0.006207695192685048,16.48168652311703,0.21538385460045317,-18.26035058139357,0.1719515017331883,-10.506685118296733,0.8453984769296519,0.9974016082913831,False
Age_years,Osteopontin,Group_22C vs Group_15C (Reference),-55.87094102898308,0.889983016944136,-847.5172805255246,735.7753984675584,0.02972438764729779,-0.17241636492618184,38.69709911721911,0.9173680018225425,-17.173841911763972,0.9117742491109686,-27.65061865542991,0.8796684118214728,0.9974016082913831,False
Max_Watts_W,IL-10,Group_8C vs Group_22C Contrast,-0.009746153846154484,0.8904522839908551,-0.14843920521984397,0.128946897527535,0.18566635086717564,0.01601350729783735,-0.023201814058949385,8.469805234902979e-06,0.011046153846166962,0.870133681304184,0.0013000000000124787,0.95070359761111,0.9974016082913831,False
Max_Watts_W,Chitinase_3-like1,Group_22C vs Group_15C (Reference),2.6304755625339897,0.8911353736209091,-35.03829163548989,40.29924276055787,0.2550150461829941,0.09980984747111787,-7.084598639454422,0.2227213461563815,-4.454123076920432,0.8079034097185409,5.455503488374591,0.08886023341402494,0.9974016082913831,False
BSA_m2,gp130_per_sIL-6Rb,Group_8C vs Group_22C Contrast,-4607.087639555542,0.8919430371225694,-71078.62719639495,61864.45191728388,0.14359410061322753,-0.03482379509235001,5153.092632480698,0.4428342504631755,-11642.252795529417,0.5905453567537853,-16249.34043508496,0.5337851772366657,0.9974016082913831,False
Max_Watts_W,IFN-a2,Group_8C vs Group_22C Contrast,-0.019110644007155245,0.8936460019103839,-0.2992831027904494,0.26106181477613893,0.21747142503239447,0.054444638580810056,-0.058321541950054914,0.4569443147822406,0.07907692307697047,0.47725000698643916,0.05996627906981522,0.5040180494867208,0.9974016082913831,False
VO2max_ml_per_kg_per_min,MMP-1,Group_8C vs Group_15C (Reference),5.336947170616064,0.8937728088937575,-72.99812709247269,83.6720214337048,0.171232761157872,-0.0014270802675713234,-16.08616467622413,0.28474522046388595,-13.381946297379951,0.7659776767647215,-10.749217505608065,0.7716034568687187,0.9974016082913831,False
Height_m,IL-35,Group_22C vs Group_15C (Reference),49.058637964771634,0.8942393691339507,-674.213706732371,772.3309826619142,0.13150700733084797,-0.049429032808558704,-142.4717595944919,0.5539849168059812,-93.41312162972028,0.7383794440410945,343.10094125283723,0.49858318356277254,0.9974016082913831,False
BSA_m2,IFN-y,Group_8C vs Group_15C (Reference),-1.8471324390879464,0.8972425555274081,-29.87996615432251,26.185701276146617,0.13046514918342278,-0.050687944736697466,12.815340981746758,0.2938384987113746,-6.232946073964939,0.8741986495558178,10.968208542658811,0.14105236170452495,0.9974016082913831,False
Height_m,gp130_per_sIL-6Rb,Group_8C vs Group_22C Contrast,-8826.51661286698,0.8982078665773952,-144061.17736129425,126408.14413556029,0.17732351259254497,0.005932577715991871,14580.703113684958,0.5407135169247157,-36827.79838226456,0.4883118390496941,-45654.31499513154,0.2995148769934115,0.9974016082913831,False
Age_years,MMP-2,Group_22C vs Group_15C (Reference),-29.562439840701707,0.8985535905458779,-484.0443083907235,424.9194287093201,0.059657750057597214,-0.13624688534706997,94.23722259471003,0.5165936033955321,64.67478275400833,0.7204388666400594,-33.58984964566454,0.9191931066892496,0.9974016082913831,False
Muscle_Mass_kg,MMP-1,Group_8C vs Group_15C (Reference),5.3481015246149415,0.9001355031408163,-78.18103861187159,88.87724166110148,0.14842568623788,-0.028985629129228307,1.6615905086361136,0.9629639044612825,-7.059456716640534,0.7251200496624779,7.009692033251055,0.7620219934619024,0.9974016082913831,False
Weight_kg,Osteocalcin,Group_8C vs Group_15C (Reference),-14.35584691274953,0.9014989211558421,-241.69190393446146,212.98021010896238,0.11419453474641661,-0.07034827051474646,22.502707490799672,0.391548968147556,-29.10817084933111,0.12124870409047994,8.146860578050141,0.9425139578667006,0.9974016082913831,False
Muscle_Mass_kg,APRIL_per_TNFSF13,Group_22C vs Group_15C (Reference),86.94817303456537,0.9029713634244331,-1310.9451253916377,1484.8414714607684,0.13158003050958345,-0.04934079646758671,-248.6859504654339,0.722211829840652,-161.73777743086853,0.2448998907954465,159.82025189543515,0.47139183540246066,0.9974016082913831,False
BMI_kg·m2,sCD30_per_TNFRSF8,Group_8C vs Group_15C (Reference),-0.9352849225383129,0.9043510813642804,-16.19013072390089,14.319560878824264,0.22870371621825059,0.06801699043038623,3.462733515918452,0.10502607291248821,-6.000192437664134,0.02687777945787917,2.5274485933801394,0.735590218282828,0.9974016082913831,False
BSA_m2,IL-12p40,Group_8C vs Group_22C Contrast,6.448377778965948,0.9050970267447797,-99.5596787611178,112.45643431904969,0.18019280120456016,0.009399634788843536,41.90500098552472,0.3788491594215644,-5.817357106894875,0.9010076178977942,0.6310206720710738,0.9814689756861934,0.9974016082913831,False
Body_Density_kg_per_m3,TWEAK_per_TNFSF12,Group_8C vs Group_22C Contrast,-231.9263542364497,0.9058178278746947,-4073.9959786207505,3610.143270147851,0.153719820997121,-0.022588549628478782,-1967.8163847368023,0.3058334282829107,1583.8863815905443,0.31777684143361107,1351.9600273540946,0.2409011556621492,0.9974016082913831,False
Muscle_Mass_kg,IL-35,Group_22C vs Group_15C (Reference),0.3264216618864848,0.9059731300829201,-5.089921752315132,5.742765076088102,0.3447894234630515,0.20828722001785394,-0.04946372359864282,0.9855312157139456,0.276957938287842,0.5330605769439121,4.443853902436949,0.09695460233666076,0.9974016082913831,False
Skinfold_Thickness_mm,sTNF-R2,Group_8C vs Group_22C Contrast,1.1870467498702144,0.9063232700989076,-18.584052197801242,20.958145697541667,0.19491475130263503,0.02718865782401736,4.535762849718446,0.14468646919340297,-5.706650986036382,0.3708855147049721,-4.519604236166168,0.5630686279738513,0.9974016082913831,False
Max_Watts_W,sCD30_per_TNFRSF8,Group_22C vs Group_15C (Reference),-0.06932520495369873,0.9063437828912869,-1.224218122693526,1.0855677127861285,0.18886709474278518,0.01988107281419882,-0.19725941043085624,0.18992766300232578,-0.26658461538455497,0.6398290826772111,0.15193604651168088,0.3047473554702187,0.9974016082913831,False
Weight_kg,IFN-y,Group_8C vs Group_15C (Reference),0.037270312140803244,0.908393449097771,-0.5975738835999614,0.6721145078815679,0.13864755858079802,-0.04080086671486893,0.16953970379275918,0.11505599663521246,-0.03448372929339022,0.9574011280849959,0.2068100159335624,0.4984578205531609,0.9974016082913831,False
BSA_m2,IL-26,Group_8C vs Group_15C (Reference),-4.8378053041576425,0.9091607748490959,-87.94175197740084,78.26614136908556,0.09483557551179256,-0.093740346256584,26.304634312385677,0.4735000778894902,-43.92719195082532,0.3371182371728203,21.466829008228032,0.31215798360243907,0.9974016082913831,False
Age_years,IL-20,Group_22C vs Group_15C (Reference),-0.1310590393244398,0.9109034990839157,-2.426620435266629,2.1645023566177497,0.14616169576267046,-0.03172128428677312,-0.2429282601407991,0.7649119561686805,-0.3739872994652389,0.6575696314446451,0.05389867841409718,0.8832330977611456,0.9974016082913831,False
Max_Watts_W,MMP-2,Group_8C vs Group_22C Contrast,11.141780411448892,0.9117361414864849,-185.86408164758382,208.14764247048163,0.2562929447013693,0.10135397484748798,-36.19515056686789,0.003911799994290935,28.503323076946536,0.7616433903956115,39.64510348839543,0.2664123723243468,0.9974016082913831,False
BSA_m2,MMP-2,Group_8C vs Group_22C Contrast,-3717.033503095159,0.9127206021818659,-70184.93599757586,62750.86899138554,0.09827770815779235,-0.08958110264266761,3918.0820489938465,0.698841432443876,-6995.600276393736,0.2946893907303527,-10712.633779488895,0.747302671699672,0.9974016082913831,False
Age_years,IL-26,Group_8C vs Group_15C (Reference),-0.08983088990807712,0.9143997091478053,-1.7277895395045837,1.5481277596884295,0.21906721646992144,0.0563728865678218,0.46665716839876614,0.4825028202471773,1.0642078877005083,0.3246994216282981,0.376826278490689,0.45717272644338225,0.9974016082913831,False
Body_Fat__Percent,TWEAK_per_TNFSF12,Group_8C vs Group_22C Contrast,0.48479696972000585,0.914577726200427,-8.373550353991973,9.343144293431987,0.1549627952622986,-0.02108662239138903,4.505076329721496,0.30815477626495136,-3.6386233367438043,0.32192351862335533,-3.1538263670237985,0.2309707476047227,0.9974016082913831,False
Weight_kg,MMP-2,Group_8C vs Group_22C Contrast,-70.99396058852491,0.9152641880160852,-1378.7649730629348,1236.777051885885,0.11658153275514793,-0.06746398125419617,103.32630979706359,0.36368112802818675,-82.93380937764398,0.3425976720827135,-153.9277699661689,0.8159935433961949,0.9974016082913831,False
Age_years,IFN-y,Group_22C vs Group_15C (Reference),-0.04274982420438273,0.9157588326089301,-0.8348659119320451,0.7493662635232795,0.14864205464525837,-0.028724183970312733,0.02527489104929805,0.8346461186593561,-0.017474933155084683,0.963851769917496,0.361175062248601,0.19047881611924478,0.9974016082913831,False
Muscle_Mass_kg,TSLP,Group_8C vs Group_22C Contrast,0.054961143176737365,0.9174734247401968,-0.9846752964870531,1.0945975828405279,0.21823689588389328,0.05536958252637114,-0.7630121543038221,0.23863212949562518,-0.602109908310895,0.013460969261872568,-0.5471487651341576,0.24552963438468667,0.9974016082913831,False
Max_Watts_W,gp130_per_sIL-6Rb,Group_22C vs Group_15C (Reference),23.311805651478828,0.9192861009820956,-427.58067986961635,474.204291172574,0.09987155739754838,-0.08765520147796235,4.8595020408285166,0.7346406805707928,28.171307692307344,0.9023485785293575,18.00325697674477,0.7206593169195901,0.9974016082913831,False
Body_Density_kg_per_m3,MMP-3,Group_8C vs Group_22C Contrast,5743.820435872476,0.9211088340421022,-107929.6515949141,119417.29246665906,0.14723831598002957,-0.03042036819079752,-50364.327040801036,0.16842589707852518,8714.470152576847,0.8690468398657161,14458.290588449323,0.544704712901642,0.9974016082913831,False
Max_Watts_W,APRIL_per_TNFSF13,Group_22C vs Group_15C (Reference),-11.721280411636652,0.9224209879815684,-247.62399612188275,224.18143529860944,0.18877636715946133,0.019771443651015796,-57.652258049888964,0.11644545421674361,-69.37353846152561,0.5450186520718268,15.759355813964866,0.5679566416317725,0.9974016082913831,False
Body_Fat__Percent,MMP-3,Group_8C vs Group_22C Contrast,-13.065723143746368,0.9226713089007302,-276.88549042459766,250.75404413710493,0.1452224205172079,-0.03285624187504044,113.67974602930244,0.16933042512493024,-20.58649695420766,0.8665812824934189,-33.65222009795403,0.545725697398562,0.9974016082913831,False
Body_Density_kg_per_m3,IFN-a2,Group_8C vs Group_15C (Reference),40.761595549245605,0.9238164508160092,-794.6810127121562,876.2042038106474,0.21000606122651677,0.045423990648707835,-230.84205745221988,0.38920113391103583,275.9201631197215,0.616789551816324,-190.08046190297426,0.5662516110180333,0.9974016082913831,False
BMI_kg·m2,MMP-2,Group_8C vs Group_22C Contrast,-164.44955714244804,0.9245278105349389,-3566.9070764686385,3238.007962183742,0.12036325217758004,-0.06289440361875731,560.4529566790063,0.08690341899625102,-221.5097659300444,0.4920833760610912,-385.95932307249245,0.8209908447327519,0.9974016082913831,False
Max_Watts_W,BAFF_per_TNFSF13B,Group_8C vs Group_22C Contrast,1.1076340787116488,0.9246218438562712,-21.83796349315771,24.053231650581004,0.30444840111946525,0.15954181801935385,-7.6896421768702465,0.17633585868862434,-0.4277538461500523,0.9702653801598335,0.6798802325615965,0.7691330394055105,0.9974016082913831,False
Height_m,MMP-1,Group_8C vs Group_15C (Reference),485.16152866100646,0.9250045153997813,-9616.630110218744,10586.953167540758,0.22143576428818657,0.05923488184822545,-1873.4268645908762,0.4641143929463003,-5452.780107849012,0.006544773358578171,-1388.2653359298697,0.7563309759952908,0.9974016082913831,False
Muscle_Mass_kg,IL-20,Group_22C vs Group_15C (Reference),-0.1381836350142489,0.9254243119880482,-3.03161832020304,2.755251050174542,0.15693004306367753,-0.018709531298056303,-0.260649513812703,0.8301646740825952,-0.3988331488269519,0.6342191893890923,-0.2597525338468625,0.4022447057518699,0.9974016082913831,False
Height_m,IL-20,Group_22C vs Group_15C (Reference),24.718225693298166,0.9258452468314315,-495.80461358844997,545.2410649750464,0.16378795387196454,-0.010422889071376007,-115.5354815351198,0.4472807209629771,-90.81725584182163,0.6766380002825763,13.747322297955748,0.6715211954900415,0.9974016082913831,False
Body_Fat__Percent,IFN-a2,Group_8C vs Group_15C (Reference),-0.09083362014276179,0.9265732567176318,-2.022651223337996,1.8409839830524724,0.2099071213019169,0.045304438239816336,0.5280246354605088,0.3910134309484591,-0.6322184002680246,0.6235745500712087,0.437191015317747,0.570072706888699,0.9974016082913831,False
Height_m,sTNF-R2,Group_8C vs Group_22C Contrast,513.6306830612415,0.9282977917354994,-10673.758679853592,11701.020045976074,0.06882476676541027,-0.12517007349179576,-2313.3587979724953,0.4406265603967183,-1865.7504493708725,0.7158320610555069,-1352.119766309631,0.5904465828150234,0.9974016082913831,False
Weight_kg,BAFF_per_TNFSF13B,Group_8C vs Group_22C Contrast,6.877399642253231,0.9285657928702017,-143.48274622157666,157.23754550608314,0.19149636377336088,0.02305810622614446,24.561432715779166,0.3208708740416971,-20.89811900186452,0.27619171994498437,-14.020719359611288,0.8502748501925232,0.9974016082913831,False
Weight_kg,MMP-1,Group_8C vs Group_22C Contrast,7.33697325487287,0.9288360971282993,-153.68171498984904,168.3556614995948,0.20156766626339973,0.03522759673494136,22.592712773709113,0.11080795268589046,-3.8013888545411056,0.8942717065055885,3.5355844003317642,0.9633824419094139,0.9974016082913831,False
Weight_kg,Chitinase_3-like1,Group_8C vs Group_22C Contrast,-8.11528987852703,0.9296667140390313,-188.3239489906049,172.09336923355085,0.1370504258485874,-0.04273073543295691,17.468402739825752,0.5594280808292713,-15.635009114040297,0.36658235065387634,-23.750298992567327,0.7925336365093307,0.9974016082913831,False
Height_m,APRIL_per_TNFSF13,Group_22C vs Group_15C (Reference),-4890.398596852683,0.9300857223092108,-114137.4282322363,104356.63103853093,0.22230286531958354,0.060282628927830206,-66823.75778421399,0.10026400360318141,-71714.15638106667,0.05999614264719422,-104.50162284974067,0.9976329368699222,0.9974016082913831,False
Muscle_Mass_kg,sCD163,Group_22C vs Group_15C (Reference),72.39552044382023,0.9301556669451451,-1546.4778920892118,1691.2689329768523,0.1346742734390889,-0.04560191959443416,-371.22482357339493,0.6406663117085978,-298.82930312957467,0.18014817824132168,55.907673217309025,0.8383516025773272,0.9974016082913831,False
Height_m,Osteopontin,Group_22C vs Group_15C (Reference),6334.714751990479,0.9302038270243375,-135417.08829758994,148086.5178015709,0.11824514293778432,-0.06545378561684378,-45493.5865314992,0.32959376495777193,-39158.871779508714,0.4785241935772775,22472.210970464206,0.3370955598570231,0.9974016082913831,False
VO2max_ml_per_kg_per_min,IL-29_per_IFN-lambda1,Group_8C vs Group_22C Contrast,-0.2290647517099269,0.930538606368032,-5.379704961393424,4.921575457973571,0.2335965553386754,0.0739291710342328,-2.6134451321268406,0.03545316487459449,1.5073759613709514,0.3701911545295786,1.2783112096610245,0.5266337760102178,0.9974016082913831,False
Weight_kg,sCD30_per_TNFRSF8,Group_8C vs Group_15C (Reference),-0.34365190178538674,0.9305920075742677,-8.07666197551137,7.3893581719405965,0.21326728662559835,0.04936463800593138,0.614448072649068,0.4265562069329102,-1.6450387764929748,0.008265888237892316,0.27079617086368124,0.9442015218905155,0.9974016082913831,False
Age_years,sTNF-R2,Group_8C vs Group_22C Contrast,2.39561039935891,0.9314386319934314,-52.17984103819791,56.97106183691572,0.04430564974106643,-0.15479733989621125,9.482255559280615,0.5874709827752924,-5.271373663101624,0.8076424181353787,-2.875763263742714,0.8695353487368158,0.9974016082913831,False
Body_Fat__Percent,gp130_per_sIL-6Rb,Group_22C vs Group_15C (Reference),61.21584601816582,0.9325080817811255,-1355.495373592873,1477.9270656292047,0.09524023355080236,-0.09325138445944714,89.00702369866111,0.42698502438577723,150.22286971682695,0.8333786513568715,61.45911124328602,0.9545395089659188,0.9974016082913831,False
Age_years,TWEAK_per_TNFSF12,Group_8C vs Group_22C Contrast,-0.30024657914305386,0.9338867964272731,-7.394196490127186,6.793703331841078,0.0184520758506872,-0.186037075013753,0.14467258911608416,0.9650491093176969,-0.5859926470588146,0.7846488218594874,-0.8862392262018685,0.7611628673011666,0.9974016082913831,False
Height_m,IL-10,Group_8C vs Group_15C (Reference),2.0999526188987554,0.93438040851862,-47.88895712231174,52.088862360109246,0.13070498025412025,-0.050398148859604586,-3.7255611875453245,0.8625424715903444,-20.388256440982698,0.3483942372724709,-1.625608568646569,0.905496602870409,0.9974016082913831,False
VO2max_ml_per_kg_per_min,MMP-3,Group_8C vs Group_22C Contrast,8.80325784046508,0.9361276103723303,-206.50552411204043,224.1120397929706,0.17434086878423904,0.0023285497809555356,-85.90464203448042,0.0762500017719963,34.41396505475831,0.7258007708546492,43.21722289522339,0.38151613907811943,0.9974016082913831,False
Muscle_Mass_kg,Osteocalcin,Group_22C vs Group_15C (Reference),-8.235087869092292,0.9364678574145936,-210.7249045239738,194.2547287857892,0.11580541380342291,-0.06840179165419724,-14.059242831226195,0.8879545292949609,-22.294330700318486,0.40480750282651545,24.51589629754902,0.49469897039859445,0.9974016082913831,False
Max_Watts_W,Osteocalcin,Group_8C vs Group_22C Contrast,1.776588640429349,0.9368513029562265,-42.1739761324944,45.72715341335311,0.22153096910454895,0.059349921001330075,-7.007868480720649,0.004566064106817777,5.014784615388878,0.8175728434610166,6.791373255818227,0.2164124277363526,0.9974016082913831,False
Height_m,sTNF-R2,Group_22C vs Group_15C (Reference),447.60834860162277,0.9399184465142891,-11191.886408532675,12087.103105735921,0.06882476676541027,-0.12517007349179576,-2313.3587979724953,0.4406265603967183,-1865.7504493708725,0.7158320610555069,-1352.119766309631,0.5904465828150234,0.9974016082913831,False
Age_years,sCD30_per_TNFRSF8,Group_8C vs Group_22C Contrast,0.12571865938614168,0.9400297417992282,-3.14957640546364,3.4010137242359235,0.12124151754786283,-0.06183316629633229,0.2965364845233625,0.7501426918891309,-0.8601086229946293,0.44367994442835235,-0.7343899636084876,0.5529130878211079,0.9974016082913831,False
Body_Density_kg_per_m3,gp130_per_sIL-6Rb,Group_22C vs Group_15C (Reference),-22753.49202332743,0.942078680810267,-636537.806663755,591030.8226171002,0.0953216989555894,-0.0931529470953294,-39297.25572135406,0.42136912905760293,-62050.74774468149,0.8410102951079448,-31817.080784159916,0.9448556424052981,0.9974016082913831,False
Age_years,Osteocalcin,Group_8C vs Group_15C (Reference),5.365265956956234,0.9421752309138586,-139.6069556090635,150.33748752297595,0.11249292228077479,-0.07240438557739703,24.513029388761503,0.46793006194768727,8.508664772726412,0.8373661357918847,29.87829534571774,0.6498083678216742,0.9974016082913831,False
Body_Density_kg_per_m3,IL-29_per_IFN-lambda1,Group_8C vs Group_22C Contrast,-121.50546589260603,0.9441548193634425,-3521.2884464180497,3278.2775146328377,0.17984676361968244,0.008981506040449672,-1414.1563119839684,0.07639425627825765,103.83170689758936,0.893362990653845,-17.67375899501667,0.9909143081513307,0.9974016082913831,False
Body_Fat__Percent,gp130_per_sIL-6Rb,Group_8C vs Group_22C Contrast,-88.76375847354092,0.9452745454476309,-2623.3174693079845,2445.789952360903,0.09524023355080236,-0.09325138445944714,89.00702369866111,0.42698502438577723,150.22286971682695,0.8333786513568715,61.45911124328602,0.9545395089659188,0.9974016082913831,False
VO2max_ml_per_kg_per_min,Pentraxin-3,Group_22C vs Group_15C (Reference),0.6622594472955232,0.9464535960122569,-18.66452555335939,19.989044447950434,0.06748422321471614,-0.12678989694888454,-0.786320802740798,0.6957158354633067,-0.12406135544527475,0.9897464826869851,-2.576811834949688,0.5071579516378597,0.9974016082913831,False
BSA_m2,sCD30_per_TNFRSF8,Group_8C vs Group_15C (Reference),-12.013211213863004,0.9475227196120575,-369.749069572095,345.7226471443689,0.19570027767936748,0.028137835529235766,21.786647864083843,0.7730744367532657,-121.61486128553841,0.0012098151863930706,9.77343665022084,0.9530929496663119,0.9974016082913831,False
Muscle_Mass_kg,IL-10,Group_8C vs Group_15C (Reference),-0.01600770232666329,0.9479786723063497,-0.49687769725555714,0.4648622926022306,0.19922071341820313,0.03239169538032882,0.08583188551097194,0.7186886599393469,-0.10114133642735472,0.13142818274326462,0.06982418318430865,0.23226427391606252,0.9974016082913831,False
Body_Fat__Percent,IL-29_per_IFN-lambda1,Group_8C vs Group_22C Contrast,0.25906808149927674,0.9488580473331234,-7.657465028041286,8.175601191039839,0.17863675519531275,0.007519412527669633,3.1985660573746495,0.07644595543432364,-0.2584540608207875,0.8832157701334662,0.0006140206784892577,0.9998652474907841,0.9974016082913831,False
BMI_kg·m2,MMP-1,Group_8C vs Group_22C Contrast,13.821568055521254,0.9494729152600312,-413.68090110160773,441.32403721265024,0.24526223806721315,0.08802520433121597,90.12984196817695,0.009124290595667746,40.97470720994965,0.7636710717556778,54.7962752654709,0.7476275416662805,0.9974016082913831,False
BMI_kg·m2,IL-29_per_IFN-lambda1,Group_8C vs Group_15C (Reference),-0.8454869727862135,0.9494766529741865,-26.997939471541926,25.306965525969503,0.16967242729903598,-0.003312483680331546,5.6647825714201465,0.24590150149090173,2.213330362115376,0.6615212199267224,4.819295598633933,0.6979542313546461,0.9974016082913831,False
VO2max_ml_per_kg_per_min,gp130_per_sIL-6Rb,Group_8C vs Group_22C Contrast,-50.984380525459954,0.9498664223356156,-1640.3306044592262,1538.3618434083062,0.09846803509805335,-0.08935112425651881,48.95364031945159,0.6260649060000327,-93.74397076982362,0.8644676479730511,-144.72835129528357,0.808320102619349,0.9974016082913831,False
Weight_kg,sIL-6Ra,Group_8C vs Group_15C (Reference),-6.738994988893856,0.9542405170717311,-236.917037672704,223.43904769491627,0.1773940079035623,0.006017759550137836,19.285318522970382,0.5147758446806013,-52.10315318133297,0.0025347238496988833,12.546323534076526,0.9120944092216281,0.9974016082913831,False
VO2max_ml_per_kg_per_min,MMP-1,Group_22C vs Group_15C (Reference),2.7042183788441783,0.9545124986563959,-90.2143207064446,95.62275746413295,0.171232761157872,-0.0014270802675713234,-16.08616467622413,0.28474522046388595,-13.381946297379951,0.7659776767647215,-10.749217505608065,0.7716034568687187,0.9974016082913831,False
Height_m,sCD30_per_TNFRSF8,Group_22C vs Group_15C (Reference),15.154832835764822,0.9546146417681284,-506.7473749402005,537.0570406117301,0.17838997637805853,0.007221221456820803,-243.06915278783174,0.05654075049429234,-227.91431995206693,0.3296214309031371,-19.107432651736644,0.8731704028333505,0.9974016082913831,False
Skinfold_Thickness_mm,IL-26,Group_8C vs Group_15C (Reference),0.007115336721855154,0.9553447666921606,-0.24193339432749267,0.256164067771203,0.021150313342603644,-0.18277670471102048,0.03979276360903975,0.6390077269596104,-0.06358524990590367,0.7941161616846988,0.0469081003308949,0.620013438701946,0.9974016082913831,False
Body_Density_kg_per_m3,gp130_per_sIL-6Rb,Group_8C vs Group_22C Contrast,30233.666960521572,0.956503841341285,-1056243.9301671812,1116711.2640882244,0.0953216989555894,-0.0931529470953294,-39297.25572135406,0.42136912905760293,-62050.74774468149,0.8410102951079448,-31817.080784159916,0.9448556424052981,0.9974016082913831,False
Weight_kg,gp130_per_sIL-6Rb,Group_8C vs Group_22C Contrast,-44.717042867217515,0.9568219641484855,-1663.5207430410692,1574.0866573066342,0.11716560410659771,-0.06675822837119427,49.5841938554297,0.5416642359228652,-118.15525413841769,0.7458755433637052,-162.8722970056352,0.8260485134612381,0.9974016082913831,False
Weight_kg,IL-26,Group_8C vs Group_15C (Reference),-0.0411502650936822,0.9591861056638831,-1.6171757159633307,1.5348751857759664,0.09366376426086931,-0.09515628485144956,0.3955983349728412,0.4095471257197485,-0.4930653286800853,0.4393763604073606,0.354448069879159,0.5828495100968913,0.9974016082913831,False
BMI_kg·m2,Pentraxin-3,Group_8C vs Group_15C (Reference),-0.7205891743235862,0.9600292224663953,-28.901272291818973,27.460093943171803,0.1714492255077127,-0.0011655191781805296,4.855204535001796,0.3234709267126188,-14.062751967728705,0.1712897400713893,4.13461536067821,0.7595928711967521,0.9974016082913831,False
VO2max_ml_per_kg_per_min,MMP-1,Group_8C vs Group_22C Contrast,2.6327287917718856,0.9639482541886288,-111.5309876981156,116.79644528165936,0.171232761157872,-0.0014270802675713234,-16.08616467622413,0.28474522046388595,-13.381946297379951,0.7659776767647215,-10.749217505608065,0.7716034568687187,0.9974016082913831,False
VO2max_ml_per_kg_per_min,sTNF-R1,Group_8C vs Group_22C Contrast,0.7888054151154371,0.9647164584891823,-34.161600691305935,35.73921152153682,0.07863747816240074,-0.11331304722043245,-2.177716742748878,0.38751771424510517,-1.6279065796308423,0.9169762971260511,-0.8391011645154052,0.9223480797267103,0.9974016082913831,False
BMI_kg·m2,gp130_per_sIL-6Rb,Group_8C vs Group_15C (Reference),108.258387133013,0.964965826522458,-4722.532128044142,4939.048902310167,0.09332244530735101,-0.09556871192028416,110.29846444404436,0.7399894485051025,-210.53776783334857,0.8975633042981292,218.55685157705736,0.9286917523717371,0.9974016082913831,False
Age_years,Osteopontin,Group_8C vs Group_22C Contrast,-10.476776743665937,0.9651152476117375,-479.99206965860196,459.0385161712701,0.02972438764729779,-0.17241636492618184,38.69709911721911,0.9173680018225425,-17.173841911763972,0.9117742491109686,-27.65061865542991,0.8796684118214728,0.9974016082913831,False
Max_Watts_W,gp130_per_sIL-6Rb,Group_8C vs Group_22C Contrast,-10.168050715562575,0.9654964057671348,-470.88487708382075,450.5487756526956,0.09987155739754838,-0.08765520147796235,4.8595020408285166,0.7346406805707928,28.171307692307344,0.9023485785293575,18.00325697674477,0.7206593169195901,0.9974016082913831,False
Muscle_Mass_kg,IL-26,Group_8C vs Group_15C (Reference),0.08763898882705225,0.966518479727379,-4.004523068965599,4.179801046619704,0.14342880329568963,-0.03502352935104169,0.3746516545942135,0.8571033818499111,-0.5917718135095629,0.5914016195686571,0.46229064342126575,0.007630240325311899,0.9974016082913831,False
Age_years,IFN-a2,Group_22C vs Group_15C (Reference),0.020596886142663376,0.9673671450037746,-0.9661676168185964,1.0073613891039233,0.1348292568789038,-0.045414647937991104,0.014346295675512674,0.9732747055967377,0.03494318181817605,0.8949955766951474,0.19101321585902264,0.7492009794250791,0.9974016082913831,False
Skinfold_Thickness_mm,IL-12p40,Group_8C vs Group_15C (Reference),-0.008996926544869855,0.968420849922562,-0.45441563888090114,0.4364217857911615,0.3124316635168921,0.16918826008291132,0.1603722911429286,0.32590697514891487,-0.3358072176520718,0.3233328849161097,0.15137536459805875,0.3383451733816276,0.9974016082913831,False
BSA_m2,sIL-6Ra,Group_8C vs Group_15C (Reference),218.9270314833114,0.9689032109070093,-10787.896432077661,11225.750495044285,0.1642144479813027,-0.009907542022592475,448.8929062705862,0.8646349721651287,-3984.6964681006934,0.00040567096670307556,667.8199377538976,0.8929008744919693,0.9974016082913831,False
Age_years,IL-28A_per_IFN-lambda2,Group_22C vs Group_15C (Reference),-0.017844416227017573,0.9689975219209612,-0.9177247544229389,0.8820359219689037,0.14444559346737507,-0.03379490789358841,-0.10124147949490883,0.7775095681051206,-0.1190858957219264,0.6782980384465365,0.10417065696226396,0.8717049836833946,0.9974016082913831,False
Age_years,IL-10,Group_8C vs Group_22C Contrast,-0.007961427434148849,0.9697070718498537,-0.4188664432644245,0.4029435883961268,0.15098861994097168,-0.025888750904659252,0.09893842887473892,0.32155630433174276,-0.032190842245990725,0.8724072177500439,-0.040152269680139574,0.5134475458717689,0.9974016082913831,False
Age_years,sCD163,Group_8C vs Group_22C Contrast,19.60955616496767,0.9713733818392488,-1051.4180033536243,1090.6371156835596,0.07180304494665368,-0.12157132068945997,-56.92129344062594,0.8767554224905709,-225.05031751336153,0.613018586677397,-205.44076134839386,0.5171751927380275,0.9974016082913831,False
Skinfold_Thickness_mm,MMP-1,Group_8C vs Group_22C Contrast,0.5386240683249524,0.9715976434876651,-29.112131437923363,30.18937957457327,0.1737967820066053,0.0016711115913148333,3.301988380992346,0.13161612644351992,-2.8937948192109664,0.8198864755899364,-2.355170750886014,0.7740906868198705,0.9974016082913831,False
Skinfold_Thickness_mm,gp130_per_sIL-6Rb,Group_22C vs Group_15C (Reference),5.194859212513123,0.9721798645977989,-286.7593015526028,297.149019977629,0.09787986151338068,-0.09006183400466483,13.325898573626317,0.40601423055055486,18.52075778613944,0.9004748019248539,-26.479290577041837,0.8816829274442315,0.9974016082913831,False
VO2max_ml_per_kg_per_min,sTNF-R1,Group_22C vs Group_15C (Reference),0.5498101631180359,0.972273104796403,-30.453797892401088,31.55341821863716,0.07863747816240074,-0.11331304722043245,-2.177716742748878,0.38751771424510517,-1.6279065796308423,0.9169762971260511,-0.8391011645154052,0.9223480797267103,0.9974016082913831,False
Body_Fat__Percent,IL-12p40,Group_8C vs Group_15C (Reference),0.04794822401249223,0.9723724255443557,-2.665559790668948,2.761456238693933,0.3086784479625856,0.16465312462145765,1.045712183121867,0.31263845764368436,-1.8873231172934188,0.2943462407449904,1.0936604071343592,0.23391116319876248,0.9974016082913831,False
Skinfold_Thickness_mm,IFN-a2,Group_8C vs Group_15C (Reference),-0.005580707823997988,0.9726121635553872,-0.32417236698744817,0.31301095133945217,0.22764378756937698,0.06673624331299721,0.07847819238478637,0.3981957190148171,-0.13704841385384472,0.6153958143872593,0.07289748456078839,0.5847327691594708,0.9974016082913831,False
Body_Density_kg_per_m3,IL-12p40,Group_8C vs Group_15C (Reference),-19.999948074276162,0.973299035801505,-1191.1404265878762,1151.140530439324,0.3089524524270426,0.1649842133493432,-456.3242111108115,0.31309519549784237,821.0000972165619,0.2858648922032567,-476.3241591850877,0.22242420694382736,0.9974016082913831,False
Muscle_Mass_kg,gp130_per_sIL-6Rb,Group_22C vs Group_15C (Reference),-17.34973175626294,0.9742193904779192,-1069.583286118274,1034.8838226057478,0.11138826634606425,-0.07373917816517239,-55.57834062328713,0.8576520900521722,-72.92807237955007,0.8678853583455206,142.84927357855122,0.6851290011242459,0.9974016082913831,False
Muscle_Mass_kg,IFN-a2,Group_22C vs Group_15C (Reference),-0.02879275421133583,0.9749497203380394,-1.8259555423630618,1.7683700339403903,0.30463724385968616,0.15977000299712085,0.040214631788068875,0.9636207626763869,0.011421877576733044,0.9638132597830928,0.7059518087181221,0.0059610912438066155,0.9974016082913831,False
Body_Fat__Percent,IL-12p70,Group_8C vs Group_15C (Reference),0.0017215564085271073,0.9753583758328853,-0.107515760469753,0.11095887328680723,0.19565272259355704,0.028080373133881453,0.04837559254990019,0.29539298757024446,-0.07933522049850246,0.535421153167349,0.0500971489584273,0.10752333886062915,0.9974016082913831,False
Age_years,MMP-1,Group_8C vs Group_22C Contrast,1.5029313510611662,0.9754941421305519,-94.39231282920984,97.39817553133217,0.19653143483011593,0.029142150419723456,18.570424069730098,0.2175332753130067,9.73022225935768,0.7553699371431597,11.233153610418846,0.7655053190087975,0.9974016082913831,False
Max_Watts_W,IL-35,Group_8C vs Group_22C Contrast,0.022473792486570998,0.9762350083524947,-1.456193969033869,1.501141554007011,0.10773454856390619,-0.0781540871519466,-0.31549070294778103,0.12635413844378113,0.030169230769413302,0.9432621767049265,0.0526430232559843,0.9327744433490881,0.9974016082913831,False
Muscle_Mass_kg,Osteopontin,Group_22C vs Group_15C (Reference),-23.64441106430563,0.9769202025344315,-1625.5026611506532,1578.213839022042,0.05823320885389305,-0.13796820596821258,-79.14434865920288,0.9217504629232712,-102.7887597235085,0.45332886334965883,113.92403737343517,0.5275922023410105,0.9974016082913831,False
Body_Fat__Percent,gp130_per_sIL-6Rb,Group_8C vs Group_15C (Reference),-27.547912455375098,0.97972354855356,-2151.9569553828683,2096.8611304721185,0.09524023355080236,-0.09325138445944714,89.00702369866111,0.42698502438577723,150.22286971682695,0.8333786513568715,61.45911124328602,0.9545395089659188,0.9974016082913831,False
Height_m,MMP-2,Group_8C vs Group_22C Contrast,1394.7561671693002,0.9799499334856049,-107381.19527044294,110170.70760478154,0.1412684069333514,-0.037634008288867093,-39442.761404779376,0.08293018926425767,-18871.578789694315,0.6867333535348745,-17476.822622525015,0.5580728767122423,0.9974016082913831,False
Body_Density_kg_per_m3,IL-26,Group_22C vs Group_15C (Reference),15.076490979295613,0.9807534914240476,-1209.8057658600308,1239.958747818622,0.028734999154178542,-0.1736118760220342,-167.3549693649592,0.6054985853241686,-152.2784783856636,0.7756797850304262,-164.36955661828898,0.5513898583871653,0.9974016082913831,False
Height_m,IFN-y,Group_8C vs Group_15C (Reference),0.7475729524422177,0.9810826372495619,-61.04559288743243,62.540738792316866,0.11230415892940426,-0.07263247462696976,1.615133960897449,0.9192362705747605,-25.712702216896286,0.7292260152375505,2.3627069133396668,0.9307991686009893,0.9974016082913831,False
Body_Fat__Percent,IL-26,Group_22C vs Group_15C (Reference),-0.03135912264366181,0.9825189804087349,-2.8364733287429544,2.7737550834556313,0.029079565422446496,-0.17319552511454384,0.3871768040670647,0.5962308513731203,0.35581768142340287,0.772470724171981,0.3772918173748504,0.5511165689402968,0.9974016082913831,False
Body_Density_kg_per_m3,IL-12p70,Group_8C vs Group_15C (Reference),-0.5267250313171848,0.9828441631502699,-48.5361754642749,47.48272540164053,0.1973292712470468,0.030106202756848277,-21.26532556260152,0.29916552474655234,34.76846315583195,0.5268295857520471,-21.792050593918706,0.10477702842694203,0.9974016082913831,False
Weight_kg,sTNF-R1,Group_8C vs Group_15C (Reference),0.212164739313902,0.9831505066784769,-19.477677272151226,19.90200675077903,0.1168451168105622,-0.06714548385390384,0.9810917404451046,0.6293859597646089,-4.865249177699972,0.3688212086737277,1.1932564797590066,0.9034625733238735,0.9974016082913831,False
Body_Density_kg_per_m3,IL-26,Group_8C vs Group_22C Contrast,-12.091078232625403,0.9839605878174577,-1190.9001313635345,1166.7179748982835,0.028734999154178542,-0.1736118760220342,-167.3549693649592,0.6054985853241686,-152.2784783856636,0.7756797850304262,-164.36955661828898,0.5513898583871653,0.9974016082913831,False
VO2max_ml_per_kg_per_min,IL-10,Group_8C vs Group_22C Contrast,-0.006827047696982946,0.9842640546768484,-0.685261782738318,0.6716076873443521,0.3026534352118233,0.15737290088095324,-0.19436319366515306,8.478372859819667e-05,0.11346147650773461,0.7373857820883729,0.10663442881075166,0.14368629389973187,0.9974016082913831,False
Body_Density_kg_per_m3,MMP-1,Group_8C vs Group_22C Contrast,-703.0421018177676,0.9855623288085704,-76850.71183650881,75444.62763287326,0.18373536341902652,0.013680230797990411,-13320.563818246916,0.11774152528593258,3106.0582744467283,0.9200468829085666,2403.0161726289607,0.9185216870800086,0.9974016082913831,False
Body_Density_kg_per_m3,gp130_per_sIL-6Rb,Group_8C vs Group_15C (Reference),7480.1749371941405,0.9870984428198768,-899168.1203823745,914128.4702567627,0.0953216989555894,-0.0931529470953294,-39297.25572135406,0.42136912905760293,-62050.74774468149,0.8410102951079448,-31817.080784159916,0.9448556424052981,0.9974016082913831,False
Body_Fat__Percent,IL-26,Group_8C vs Group_22C Contrast,0.02147413595144755,0.9876189432166022,-2.690819380097169,2.733767652000064,0.029079565422446496,-0.17319552511454384,0.3871768040670647,0.5962308513731203,0.35581768142340287,0.772470724171981,0.3772918173748504,0.5511165689402968,0.9974016082913831,False
BMI_kg·m2,Osteocalcin,Group_8C vs Group_15C (Reference),4.551887932196305,0.988168281701515,-597.0593985425133,606.163174406906,0.16938595532604295,-0.0036586373143647766,115.26393677261346,0.16862531238571787,-90.7017969348911,0.20275110138153218,119.81582470480977,0.6849415806464103,0.9974016082913831,False
BMI_kg·m2,IL-26,Group_8C vs Group_15C (Reference),0.031393605554718707,0.9901336041777468,-4.944370086033773,5.007157297143211,0.07462452719324553,-0.11816202964149491,1.5130314976710662,0.45944878413902324,-1.1323062542127997,0.6240518921785669,1.5444251032257847,0.3044431944748758,0.9974016082913831,False
Body_Fat__Percent,MMP-1,Group_8C vs Group_22C Contrast,1.0120278672645853,0.990947876217187,-173.82314342516986,175.84719915969902,0.1832313874955881,0.013071259890502396,30.067618659676114,0.12400049016027898,-7.369307856632425,0.9170575141199666,-6.357279989367839,0.9068157049998917,0.9974016082913831,False
Height_m,TSLP,Group_8C vs Group_22C Contrast,2.249294026337843,0.9911514881018738,-395.2745845388681,399.7731725915438,0.11629422630312647,-0.06781114321705539,-24.043446777696143,0.8323312225588783,-64.84212103055708,0.7038458077720984,-62.592827004219245,0.568358467128347,0.9974016082913831,False
Body_Fat__Percent,IL-26,Group_8C vs Group_15C (Reference),-0.009884986692214255,0.9918419051567193,-1.904704829981889,1.8849348565974606,0.029079565422446496,-0.17319552511454384,0.3871768040670647,0.5962308513731203,0.35581768142340287,0.772470724171981,0.3772918173748504,0.5511165689402968,0.9974016082913831,False
Height_m,Pentraxin-3,Group_22C vs Group_15C (Reference),-4.596286198598619,0.9923310773232252,-941.8435253060629,932.6509529088657,0.1028789544785409,-0.08402126333842963,-90.73714699493142,0.7943870254241887,-95.33343319353004,0.7711853278618734,385.2606296656898,0.05187947369050572,0.9974016082913831,False
Body_Density_kg_per_m3,IL-26,Group_8C vs Group_15C (Reference),2.98541274667021,0.9944030370567785,-831.149966783464,837.1207922768045,0.028734999154178542,-0.1736118760220342,-167.3549693649592,0.6054985853241686,-152.2784783856636,0.7756797850304262,-164.36955661828898,0.5513898583871653,0.9974016082913831,False
BSA_m2,Chitinase_3-like1,Group_8C vs Group_22C Contrast,-40.13792649958236,0.9947919387438664,-12092.49246277671,12012.216609777544,0.09328128615200515,-0.09561844589966029,231.74294283078814,0.9342382564840845,-1049.4189587169685,0.46855225757940167,-1089.5568852165507,0.8553369080457769,0.9974016082913831,False
BMI_kg·m2,BAFF_per_TNFSF13B,Group_8C vs Group_22C Contrast,0.9339340972211687,0.9953171744182558,-310.9563807673625,312.82424896180487,0.20352337687824662,0.03759074706121468,109.81682492932592,0.23930958826364102,-42.56669844087847,0.4750202832867416,-41.6327643436573,0.7778192523217751,0.9974016082913831,False
Muscle_Mass_kg,Chitinase_3-like1,Group_8C vs Group_22C Contrast,0.0345943516415943,0.9992531574458782,-72.40436613661043,72.47355483989361,0.15648557317005485,-0.019246599086183647,-66.45582209496061,0.39203085613704813,-5.958209284734842,0.7310421878849485,-5.923614933093248,0.8559964078798958,0.9994293445665219,False
Muscle_Mass_kg,IL-20,Group_8C vs Group_15C (Reference),0.0008969799658405406,0.9994293445665219,-2.4571880497847745,2.4589820097164554,0.15693004306367753,-0.018709531298056303,-0.260649513812703,0.8301646740825952,-0.3988331488269519,0.6342191893890923,-0.2597525338468625,0.4022447057518699,0.9994293445665219,False
