Physical_Metric,Molecular_Target,Interaction_Contrast,Interaction_Beta,Interaction_P_Value,Interaction_CI_Lower,Interaction_CI_Upper,Model_R2,Model_R2_Adj,Simple_Slope_15C,Simple_Slope_15C_P,Simple_Slope_22C,Simple_Slope_22C_P,Simple_Slope_8C,Simple_Slope_8C_P,FDR_Adjusted_P,Significant_After_FDR
Core_Temp_°C_,"Ethanolamine,_2TMS",Group_22C vs Group_15C (Reference),14.305388154490846,0.0002469000120710959,6.656119016052888,21.954657292928804,0.3771268244942717,0.24736157959724503,-14.975155343498644,4.135659382904199e-50,-0.6697671890077981,0.8590240030996508,-3.418829358631177,0.539082725073682,0.19424609578412466,False
Mean_Skin_Temp_°C_,N-Acetylglutamine,Group_8C vs Group_22C Contrast,-3.55567363479634,0.00047453790574987075,-5.5498523677727505,-1.5614949018199298,0.3377661534008717,0.19980076869272,-1.7930721195805122,0.2784659278907715,1.9576664443865623,0.017636410978608685,-1.5980071904097775,0.007292003527406665,0.19424609578412466,False
Muscle_Temp3_°C_,3-OH-Butanoic_Acid,Group_8C vs Group_22C Contrast,2.4384222176676715,0.0005056787056116919,1.0641616150545454,3.8126828202807976,0.18800705850473276,0.018841862359885497,0.4370752674088195,0.8231887162192758,-2.2543407261541804,0.0006341762423547337,0.18408149151349085,0.43763097555264263,0.19424609578412466,False
Mean_Skin_Temp_°C_,"9-Hexadecenoic_acid,_Z-",Group_8C vs Group_15C (Reference),-1.239861410902839,0.000513878560275462,-1.9394850225199223,-0.5402377992857555,0.297329651945459,0.15093999610076303,0.9524072169963587,1.1265248811659784e-05,0.9612626203971933,0.2581202990146694,-0.2874541939064803,0.3106321617895178,0.19424609578412466,False
Mean_Skin_Temp_°C_,1-Heptadecanol,Group_22C vs Group_15C (Reference),2.7617601550737043,0.0009105843190324728,1.1297748790761786,4.39374543107123,0.265082931481312,0.11197520887325207,-1.1489695166028344,0.0642129037890667,1.61279063847087,0.0036544208231554798,-0.17446583154044182,0.2784543331147473,0.2390001187444931,False
Muscle_Temp1_°C_,"Ethanolamine,_2TMS",Group_8C vs Group_15C (Reference),4.629674628784799,0.0010347587083336589,1.863972729833924,7.395376527735674,0.4786514092886247,0.3700371195570882,-2.8729686099339493,1.1222052877248213e-11,-2.322119946686829,0.3453269681785398,1.7567060188508496,0.19190326427167537,0.2390001187444931,False
Muscle_Temp2_°C_,Linoleic_Acid,Group_22C vs Group_15C (Reference),-5.641832260111337,0.001106482031224505,-9.031762849137268,-2.2519016710854056,0.35512811485591156,0.22077980545089315,4.249706204921727,0.0028272426438040632,-1.3921260551896095,0.1566207288854915,0.37505148986250125,0.7557146576092229,0.2390001187444931,False
Mean_Body_Temp_°C_,Palmitelaidic_acid,Group_8C vs Group_22C Contrast,-8.204639584373819,0.0014874768083979221,-13.266178130473165,-3.143101038274473,0.3807601097039899,0.2517517992256545,-2.8636018760560016,0.1514782883863259,2.889435375914681,0.10707711076477544,-5.315204208459138,0.004236387145766463,0.2811331167872073,False
Mean_Skin_Temp_°C_,1-Heptadecanol,Group_8C vs Group_22C Contrast,-1.7872564700113118,0.0019786396218534575,-2.919667458881272,-0.6548454811413513,0.265082931481312,0.11197520887325207,-1.1489695166028344,0.0642129037890667,1.61279063847087,0.0036544208231554798,-0.17446583154044182,0.2784543331147473,0.3324114564713809,False
Core_Temp_°C_,beta-D-Xylopyranose,Group_8C vs Group_15C (Reference),-18.07935595936494,0.0037821327263290825,-30.316074263874043,-5.842637654855835,0.29874537084890707,0.15265065644242948,10.799157682089062,0.003127919477441523,3.4409640884637476,0.5615760189290193,-7.280198277275877,0.1503652201450021,0.5450329778919872,False
Mean_Body_Temp_°C_,"Ethanolamine,_2TMS",Group_8C vs Group_15C (Reference),10.047545541879026,0.004292012275158509,3.1519654011724967,16.943125682585556,0.269028244533592,0.11674246214475703,-9.698088337240279,0.003302857256224986,-2.1347794072101394,0.15829386035792403,0.34945720463874785,0.7740806514137979,0.5450329778919872,False
Muscle_Temp1_°C_,"D-Arabinose,_tetrakis",Group_8C vs Group_15C (Reference),4.662997014012096,0.004325658554698311,1.4600237982306048,7.865970229793588,0.20320481442697602,0.0372058174325961,-1.539904094323765,0.15221293455507875,-2.4619911259951546,0.26143212433970975,3.1230929196883315,0.011138818470793455,0.5450329778919872,False
Mean_Skin_Temp_°C_,Glyceraldehyde-3-PMOX,Group_8C vs Group_22C Contrast,1.3174779564302788,0.005755092414773803,0.38235818460642035,2.252597728254137,0.24036807832674745,0.08211142797815318,-0.7226898453234489,0.2535562596540111,-1.333974984003043,0.0014486485147318096,-0.01649702757276439,0.9424289300234774,0.6501245824863815,False
Mean_Body_Temp_°C_,2-OH-Butanoic_Acid,Group_8C vs Group_22C Contrast,1.4517745845238033,0.006019672060059087,0.4158150685275508,2.487734100520056,0.0706808294885527,-0.12292733103466547,-0.2960840766191207,0.8787167653861423,-1.1997104954157018,0.0045576090273866665,0.25206408910810135,0.4265630281612578,0.6501245824863815,False
Mean_Skin_Temp_°C_,Campesterol,Group_8C vs Group_22C Contrast,-0.8462769791426081,0.006450082061160095,-1.4552036791235334,-0.23735027916168283,0.15402319113233054,-0.022221977381767122,-0.3102260194876317,0.6772112221882115,0.6832098667306539,0.01158869758863923,-0.16306711241195418,0.2851253697344376,0.6501682717649376,False
Mean_Body_Temp_°C_,2-Keto-3-methylvaleric_acid,Group_22C vs Group_15C (Reference),-7.411694623070838,0.0074904905431423955,-12.843818257440052,-1.9795709887016253,0.2975434853509653,0.15119837813241643,3.136527753843528,0.20322515027548393,-4.27516686922731,0.0007397731592992951,-0.022867023338459358,0.9896493397515684,0.6751563254076065,False
Mean_Skin_Temp_°C_,Ascorbic_Acid,Group_22C vs Group_15C (Reference),4.3698052926535125,0.007591043341223088,1.1617524039355542,7.577858181371471,0.3651490802692715,0.23288847199203644,-3.1530955240234237,0.04579678169372813,1.2167097686300887,0.004871612307529638,1.0842298004146689,0.21103120801584296,0.6751563254076065,False
Muscle_Temp3_°C_,Indole-3-Propionic_Acid,Group_22C vs Group_15C (Reference),1.654769833105501,0.008973051904713118,0.413594541412595,2.895945124798407,0.2775497342183162,0.12703926218046546,-0.6273669006863449,0.04375426318744803,1.027402932419156,0.06250382611101535,-0.04940760790869614,0.47110474556915083,0.7537363599959019,False
Mean_Body_Temp_°C_,2-Aminoheptanedioic_acid,Group_8C vs Group_15C (Reference),8.075745112917845,0.011560202060637929,1.8078892317983133,14.343600994037377,0.35109627978695956,0.2159080047425762,-2.944668307648747,0.29760213379298794,5.467739246011405,0.053434510079904074,5.131076805269098,0.0005977417946207986,0.9032446528651696,False
Mean_Skin_Temp_°C_,Methyl_galactoside,Group_8C vs Group_22C Contrast,-3.4999727063673145,0.012188469670462113,-6.236682345966617,-0.7632630667680118,0.2997119495008864,0.15381860564690453,1.5179414810553333,0.34177844788902834,2.3752970235983097,0.011746726764418902,-1.1246756827690048,0.2748708185154731,0.9032446528651696,False
Mean_Body_Temp_°C_,"9-Hexadecenoic_acid,_Z-",Group_8C vs Group_15C (Reference),-2.9121751538488123,0.012844373828374354,-5.206239231000055,-0.6181110766975704,0.2993309950336749,0.15335828566569054,2.1247152682399513,1.7725199202021246e-15,1.7908049826077068,0.22552070271583613,-0.787459885608861,0.4895641400035051,0.9032446528651696,False
Muscle_Temp1_°C_,D---Ribofuranose,Group_8C vs Group_15C (Reference),-3.302917112052603,0.013597334507623793,-5.926219535465641,-0.6796146886395644,0.2694181465494947,0.11721359374730611,2.3133444688027973,0.00015026360205973432,-0.925672560235383,0.6176120811348369,-0.9895726432498058,0.40612857999832896,0.9032446528651696,False
Muscle_Temp2_°C_,"D-Arabinose,_tetrakis",Group_8C vs Group_22C Contrast,6.557460072602768,0.013739832682472818,1.3412864167948424,11.773633728410694,0.1841092628247447,0.01413202591323326,-0.8973651659411741,0.6899350717001856,-3.114208828343976,0.17906408412993668,3.443251244258792,0.008473582878056884,0.9032446528651696,False
Mean_Skin_Temp_°C_,Palmitelaidic_acid,Group_8C vs Group_22C Contrast,-3.552844191204006,0.01650418129749793,-6.45727311668524,-0.6484152657227717,0.370157066146782,0.23893978826069495,-1.4854802648494674,0.16752620938811835,2.081568681001267,0.07135204883098822,-1.4712755102027388,0.11332155177544156,0.9985735007953371,False
Mean_Skin_Temp_°C_,Indole-3-Latic_Acid,Group_8C vs Group_22C Contrast,0.5704922165187454,0.017144073703003727,0.10138531421285835,1.0395991188246323,0.3146636349120284,0.1718852255187011,0.05595200415935459,0.8410183063309646,-0.5011777284693468,0.016936478227984386,0.06931448804939852,0.5469124329232755,0.9985735007953371,False
Muscle_Temp2_°C_,3-OH-Butanoic_Acid,Group_8C vs Group_22C Contrast,1.4670019518656066,0.017204198706000096,0.26005641157448656,2.6739474921567266,0.19436902490824481,0.02652923843079591,0.9891402850617804,0.6505603486186406,-1.3896298255111534,0.012673064839754389,0.07737212635445334,0.7674242132853994,0.9985735007953371,False
Mean_Skin_Temp_°C_,Ascorbic_Acid,Group_8C vs Group_15C (Reference),4.237325324438093,0.018638041510332493,0.7073250612912436,7.767325587584942,0.3651490802692715,0.23288847199203644,-3.1530955240234237,0.04579678169372813,1.2167097686300887,0.004871612307529638,1.0842298004146689,0.21103120801584296,0.9985735007953371,False
Mean_Body_Temp_°C_,Glutamine_[-H2O],Group_8C vs Group_22C Contrast,3.7182173612416833,0.019452490860430025,0.5994737044112792,6.8369610180720874,0.34395572463721624,0.2072798339366363,0.41880405033750845,0.700381648227772,-3.1361942922679322,0.026451259108715597,0.5820230689737511,0.4263306557062754,0.9985735007953371,False
Mean_Skin_Temp_°C_,2-Keto-3-methylvaleric_acid,Group_8C vs Group_22C Contrast,1.9528817620753431,0.020573591484790585,0.29998367623301125,3.605779847917675,0.23688695207161437,0.07790506708653411,1.5761666027420804,0.23859859313968523,-1.8923034126413825,0.01220052199211974,0.060578349433960677,0.8718911559683462,0.9985735007953371,False
Mean_Skin_Temp_°C_,DL-Ornithine,Group_8C vs Group_22C Contrast,-0.8260580390312309,0.021386778035194336,-1.5296709636445958,-0.12244511441786599,0.08862571379881257,-0.10124392915976799,0.009979081714953028,0.9856713655017707,0.7558625836947651,0.012678113967912408,-0.07019545533646573,0.7148743459391258,0.9985735007953371,False
Mean_Skin_Temp_°C_,Aminomalonic_acid,Group_8C vs Group_22C Contrast,2.7224583048886273,0.022303735751239603,0.3873790311378067,5.057537578639447,0.4285883310082198,0.30954423330159897,3.3005021172350237,0.2587925159602501,-2.4613320903684444,0.02918663939601851,0.2611262145201829,0.49393460411739176,0.9985735007953371,False
Muscle_Temp1_°C_,beta-D-Xylopyranose,Group_8C vs Group_15C (Reference),-2.372443901898806,0.0224394098341661,-4.40933273125928,-0.3355550725383325,0.26869492452635746,0.1163397004693486,2.5087541539781437,3.2311979548699906e-09,-1.0004768457999225,0.5496304055604877,0.13631025207933778,0.8857763935704943,0.9985735007953371,False
Muscle_Temp1_°C_,alpha-D-Glucopyranoside,Group_8C vs Group_15C (Reference),-2.4213471510694844,0.02288901119807532,-4.5071338602487785,-0.33556044189018985,0.1413716833639217,-0.03750921593526124,1.343339082077592,1.4416158649990205e-05,0.09957043632889162,0.8993609430042226,-1.0780080689918925,0.2896868412841558,0.9985735007953371,False
Mean_Skin_Temp_°C_,Palmitelaidic_acid,Group_22C vs Group_15C (Reference),3.5670489458507344,0.02381452683507569,0.47370722410989385,6.6603906675915745,0.370157066146782,0.23893978826069495,-1.4854802648494674,0.16752620938811835,2.081568681001267,0.07135204883098822,-1.4712755102027388,0.11332155177544156,0.9985735007953371,False
Mean_Skin_Temp_°C_,2-Keto-3-methylvaleric_acid,Group_22C vs Group_15C (Reference),-3.468470015383463,0.023923425511749235,-6.4786570671406,-0.4582829636263259,0.23688695207161437,0.07790506708653411,1.5761666027420804,0.23859859313968523,-1.8923034126413825,0.01220052199211974,0.060578349433960677,0.8718911559683462,0.9985735007953371,False
Mean_Body_Temp_°C_,Ethyl_alpha-D-glucopyranoside,Group_8C vs Group_22C Contrast,-5.412944021744681,0.024081131506268824,-10.116028542144294,-0.7098595013450684,0.1734924533351775,0.0013033811133394968,1.6309517985524606,0.553074660379212,2.4454286193791774,0.2414787083079779,-2.9675154023655037,0.012106973149545786,0.9985735007953371,False
Muscle_Temp1_°C_,"D-Arabinose,_tetrakis",Group_8C vs Group_22C Contrast,5.585084045683486,0.026309203615469855,0.6576978256056716,10.5124702657613,0.20320481442697602,0.0372058174325961,-1.539904094323765,0.15221293455507875,-2.4619911259951546,0.26143212433970975,3.1230929196883315,0.011138818470793455,0.9985735007953371,False
Mean_Skin_Temp_°C_,"R*,R*-2,3-Dihydroxybutanoic_acid",Group_22C vs Group_15C (Reference),-4.798869464566377,0.030590517649897123,-9.148568775326527,-0.44917015380622605,0.3551535195670258,0.22081050281015624,2.8591146136769416,0.026503569098079625,-1.9397548508894356,0.28301800259036725,-0.2543491883083826,0.8032549140596803,0.9985735007953371,False
Mean_Body_Temp_°C_,Palmitelaidic_acid,Group_22C vs Group_15C (Reference),5.7530372519706825,0.03204130927788717,0.4935696176920228,11.012504886249342,0.3807601097039899,0.2517517992256545,-2.8636018760560016,0.1514782883863259,2.889435375914681,0.10707711076477544,-5.315204208459138,0.004236387145766463,0.9985735007953371,False
Muscle_Temp3_°C_,L-Alanine,Group_8C vs Group_15C (Reference),-6.207938481910767,0.03258084689203517,-11.901029507045166,-0.5148474567763683,0.2097221555852914,0.04508093799889379,3.050602279667213,0.08665692033568716,1.0389549056288154,0.8069488228159407,-3.157336202243554,0.16889588664038824,0.9985735007953371,False
Muscle_Temp3_°C_,Linoleic_Acid,Group_22C vs Group_15C (Reference),-5.431484523503535,0.03306803977170051,-10.426432551915983,-0.4365364950910857,0.2954186806357033,0.14863090576814153,2.8248209425531545,0.19258051052888525,-2.6066635809503804,0.05168569057896133,1.4042818027521364,0.3723345804425211,0.9985735007953371,False
Muscle_Temp3_°C_,Cysteine,Group_8C vs Group_15C (Reference),-1.992379592008877,0.03404755907655929,-3.834784649633449,-0.14997453438430508,0.15340002652147267,-0.022974967953220515,1.0987318168765603,0.11874876832927327,0.8525447718125889,0.549869989382429,-0.8936477751323166,0.1511755007287945,0.9985735007953371,False
Mean_Body_Temp_°C_,1-Heptadecanol,Group_8C vs Group_22C Contrast,-2.8083908000528535,0.03488490384440875,-5.4175139636712535,-0.19926763643445344,0.1360216980429314,-0.04397378153145781,-1.4080521876592857,0.2390658776672241,2.0904130854715275,0.0726549546703239,-0.7179777145813258,0.2655209688388973,0.9985735007953371,False
Muscle_Temp1_°C_,Glycerol-3-P,Group_8C vs Group_15C (Reference),-1.0849406477624268,0.035235217837442497,-2.0948187584800517,-0.07506253704480192,0.17393305605363263,0.001835776064806116,0.08792106224742498,0.5626904903093717,-1.111466464077572,0.08961023820175673,-0.9970195855150018,0.04286819471516057,0.9985735007953371,False
Mean_Body_Temp_°C_,2-Aminoheptanedioic_acid,Group_22C vs Group_15C (Reference),8.412407553660152,0.035496558140182745,0.5708589480383734,16.25395615928193,0.35109627978695956,0.2159080047425762,-2.944668307648747,0.29760213379298794,5.467739246011405,0.053434510079904074,5.131076805269098,0.0005977417946207986,0.9985735007953371,False
Muscle_Temp1_°C_,Decanoic_acid,Group_8C vs Group_22C Contrast,1.5073792306370295,0.03555690535671809,0.10180286136083971,2.9129555999132193,0.2749948752361755,0.12395214091037876,-0.002382399181592419,0.9943798412001503,-0.23657110062215217,0.3851890027336946,1.2708081300148775,0.055404874687768446,0.9985735007953371,False
Muscle_Temp3_°C_,Asparagine,Group_8C vs Group_22C Contrast,3.8328568137006442,0.03561312712889823,0.2577662933803033,7.407947334020985,0.3109644495900197,0.16741537658794048,1.9430832628003414,0.4064017160892933,-0.5101628458125098,0.667730097743334,3.322693967888134,0.01633694371927774,0.9985735007953371,False
Mean_Body_Temp_°C_,1-Heptadecanol,Group_22C vs Group_15C (Reference),3.4984652731308135,0.03610426000012297,0.22667152945442082,6.770259016807206,0.1360216980429314,-0.04397378153145781,-1.4080521876592857,0.2390658776672241,2.0904130854715275,0.0726549546703239,-0.7179777145813258,0.2655209688388973,0.9985735007953371,False
Muscle_Temp1_°C_,beta-Alanine,Group_8C vs Group_15C (Reference),-2.146229949664998,0.03679111994118895,-4.160781402111006,-0.13167849721899083,0.19814618479613466,0.03109330662866272,-0.2707980615056172,0.5080606875398356,-1.310750839536992,0.27732383167121033,-2.4170280111706153,0.010366033263491614,0.9985735007953371,False
Mean_Body_Temp_°C_,"Ethanolamine,_2TMS",Group_22C vs Group_15C (Reference),7.563308930030139,0.03726072729466428,0.4463837925721226,14.680234067488156,0.269028244533592,0.11674246214475703,-9.698088337240279,0.003302857256224986,-2.1347794072101394,0.15829386035792403,0.34945720463874785,0.7740806514137979,0.9985735007953371,False
Muscle_Temp1_°C_,3-OH-Butanoic_Acid,Group_8C vs Group_22C Contrast,1.481040713674175,0.037655685607392755,0.08449332603062465,2.877588101317725,0.16665669721575982,-0.006956490864290066,-0.2189124533508882,0.8230035821290095,-1.3135860979565506,0.05033262812591022,0.16745461571762435,0.48385103314620936,0.9985735007953371,False
Muscle_Temp2_°C_,Linoleic_Acid,Group_8C vs Group_15C (Reference),-3.874654715059226,0.03776820881052616,-7.530341880866491,-0.21896754925196182,0.35512811485591156,0.22077980545089315,4.249706204921727,0.0028272426438040632,-1.3921260551896095,0.1566207288854915,0.37505148986250125,0.7557146576092229,0.9985735007953371,False
Muscle_Temp3_°C_,"D-Arabinose,_tetrakis",Group_8C vs Group_22C Contrast,9.017883997609449,0.03931276845146762,0.4415001576640911,17.594267837554806,0.25096565069191756,0.09491682791940048,-0.9557681769885911,0.7104258562941663,-4.623318041383445,0.2556530423108272,4.394565956226003,0.006468320566512364,0.9985735007953371,False
Mean_Body_Temp_°C_,"2,3,4-Trihydroxybutyric_acid",Group_8C vs Group_15C (Reference),-8.27963659153494,0.03931645829983209,-16.153919401487936,-0.405353781581943,0.22538019203180182,0.06400106537176053,3.147345028451425,0.33938235127462835,5.168206727193364,0.4637022751719051,-5.132291563083515,0.025628971162585,0.9985735007953371,False
Muscle_Temp3_°C_,"1,5-Anhydrohexitol",Group_8C vs Group_15C (Reference),5.009160080905848,0.04041049627715285,0.21889981476872666,9.799420347042968,0.2326296485513013,0.07276082533282247,-1.8132340645250904,0.2919275546969242,0.9809083696696861,0.245967178827168,3.1959260163807572,0.06560817770899519,0.9985735007953371,False
Core_Temp_°C_,"Ethanolamine,_2TMS",Group_8C vs Group_15C (Reference),11.556325984867467,0.04105059851728487,0.4697979890703685,22.642853980664565,0.3771268244942717,0.24736157959724503,-14.975155343498644,4.135659382904199e-50,-0.6697671890077981,0.8590240030996508,-3.418829358631177,0.539082725073682,0.9985735007953371,False
Muscle_Temp1_°C_,beta-D-Xylopyranose,Group_22C vs Group_15C (Reference),-3.509230999778066,0.041921671489393096,-6.890235236546944,-0.12822676300918845,0.26869492452635746,0.1163397004693486,2.5087541539781437,3.2311979548699906e-09,-1.0004768457999225,0.5496304055604877,0.13631025207933778,0.8857763935704943,0.9985735007953371,False
Mean_Skin_Temp_°C_,N-Acetylglutamine,Group_22C vs Group_15C (Reference),3.7507385639670745,0.04247583388825963,0.12731002881729703,7.3741670991168515,0.3377661534008717,0.19980076869272,-1.7930721195805122,0.2784659278907715,1.9576664443865623,0.017636410978608685,-1.5980071904097775,0.007292003527406665,0.9985735007953371,False
Mean_Body_Temp_°C_,Methyl_galactoside,Group_8C vs Group_22C Contrast,-7.03274115469028,0.04372379441141919,-13.86765659298109,-0.19782571639946944,0.24476092543818873,0.08741945157114472,2.5923078149670635,0.37540476750102625,3.2265052645469843,0.07263488166828891,-3.806235890143295,0.20276706314085358,0.9985735007953371,False
Muscle_Temp1_°C_,Lactic_Acid,Group_8C vs Group_15C (Reference),4.544761692990756,0.04570158103495447,0.08682920631889157,9.002694179662619,0.322237739613602,0.18103726869976922,-1.2774803930418546,0.07036981584351037,0.07751764751818846,0.9583359637079272,3.267281299948901,0.1307580540779556,0.9985735007953371,False
Muscle_Temp3_°C_,Proline,Group_8C vs Group_22C Contrast,-1.7331945606697468,0.045787935384323485,-3.4339847311537564,-0.03240439018573715,0.11574529986526505,-0.06847442932947123,0.8501550435121493,0.3661607806916345,1.1923604723396086,0.11828634447731035,-0.5408340883301382,0.18998661083526547,0.9985735007953371,False
Mean_Body_Temp_°C_,Glutamine_[-H2O],Group_22C vs Group_15C (Reference),-3.554998342605441,0.04623942759188413,-7.05071616896202,-0.05928051624886166,0.34395572463721624,0.2072798339366363,0.41880405033750845,0.700381648227772,-3.1361942922679322,0.026451259108715597,0.5820230689737511,0.4263306557062754,0.9985735007953371,False
Muscle_Temp2_°C_,alpha-D-Glucopyranoside,Group_8C vs Group_15C (Reference),-2.9841776790987167,0.04636083154923564,-5.920225419048485,-0.04812993914894781,0.09327919595805856,-0.09562097155067928,1.7092878594897642,0.09611350024108764,0.41547620987038525,0.6873297299429191,-1.2748898196089524,0.24230243976049626,0.9985735007953371,False
Mean_Body_Temp_°C_,Indole-3-Latic_Acid,Group_8C vs Group_22C Contrast,1.0010617143493508,0.04758529956992312,0.010638596457218541,1.991484832241483,0.2918758060580715,0.1443499323201698,0.30213653557664555,0.5467986988490054,-0.8122333278841761,0.015465740804564643,0.1888283864651747,0.6173108358740884,0.9985735007953371,False
Muscle_Temp1_°C_,L-Alanine,Group_8C vs Group_15C (Reference),-4.264875556217744,0.04833909348984331,-8.498621199601258,-0.0311299128342295,0.22589274027801187,0.06462039450259771,2.250882822716205,0.07953779111854425,-1.1801082406688699,0.6657974347609166,-2.0139927335015386,0.24633870007838476,0.9985735007953371,False
Muscle_Temp2_°C_,"Ethanolamine,_2TMS",Group_8C vs Group_15C (Reference),4.581488530895314,0.0484880948995614,0.03042203020557821,9.13255503158505,0.24240059618553278,0.08456738705751887,-2.85498210945393,0.03881605308013843,-2.5806785370769467,0.24142351931236172,1.7265064214413837,0.3548681379741332,0.9985735007953371,False
Mean_Body_Temp_°C_,2-Keto-3-methylvaleric_acid,Group_8C vs Group_22C Contrast,4.252299845888851,0.05012281511827838,-0.0023566102030301295,8.506956301980733,0.2975434853509653,0.15119837813241643,3.136527753843528,0.20322515027548393,-4.27516686922731,0.0007397731592992951,-0.022867023338459358,0.9896493397515684,0.9985735007953371,False
Muscle_Temp1_°C_,"1,5-Anhydrohexitol",Group_8C vs Group_15C (Reference),4.722923424103498,0.05108274806305996,-0.022225140465423898,9.46807198867242,0.3590164586760075,0.22547822090017577,-2.7343836272903506,0.0500981073559717,0.2737126908964429,0.7128882205792026,1.9885397968131473,0.31479555297134043,0.9985735007953371,False
Mean_Skin_Temp_°C_,Methionine,Group_8C vs Group_22C Contrast,2.398820641959548,0.05135940494449417,-0.014201707086718862,4.811842991005815,0.5607276946727134,0.46921263106286215,0.08789807862978495,0.8112072281444558,-2.0793674039893606,0.05732997206713053,0.3194532379701874,0.5716404076427593,0.9985735007953371,False
Muscle_Temp3_°C_,Linoleic_Acid,Group_8C vs Group_22C Contrast,4.010945383702516,0.052325137904191986,-0.04041214468253784,8.06230291208757,0.2954186806357033,0.14863090576814153,2.8248209425531545,0.19258051052888525,-2.6066635809503804,0.05168569057896133,1.4042818027521364,0.3723345804425211,0.9985735007953371,False
Muscle_Temp3_°C_,Indole-3-Propionic_Acid,Group_8C vs Group_22C Contrast,-1.0768105403278523,0.0526996765496889,-2.166196979343254,0.012575898687549047,0.2775497342183162,0.12703926218046546,-0.6273669006863449,0.04375426318744803,1.027402932419156,0.06250382611101535,-0.04940760790869614,0.47110474556915083,0.9985735007953371,False
Muscle_Temp1_°C_,Cysteine,Group_8C vs Group_15C (Reference),-1.2536747080949464,0.05522938094835816,-2.535401887397955,0.02805247120806209,0.12728588866279722,-0.05452955119911995,0.607667205048497,0.06058656757930113,-0.042512996848814044,0.9765913726719007,-0.6460075030464494,0.2555200242359179,0.9985735007953371,False
Muscle_Temp3_°C_,D---Ribofuranose,Group_8C vs Group_15C (Reference),-3.542868344047466,0.055276591398191625,-7.165714713341165,0.07997802524623365,0.1746836274936997,0.0027427165548872257,2.735205221005125,0.07633491265819489,-1.3885145353045738,0.6957915186651484,-0.807663123042341,0.4272673797174362,0.9985735007953371,False
Muscle_Temp3_°C_,Glycerol-3-P,Group_8C vs Group_15C (Reference),-2.44922903482385,0.0564037733490614,-4.965290420237788,0.0668323505900883,0.22655100764418235,0.06541580090338706,1.4116696955788546,0.20059350729806757,-1.7739192642871602,0.24812893294719496,-1.0375593392449953,0.11416933299630228,0.9985735007953371,False
Muscle_Temp1_°C_,"1,5-Anhydrohexitol",Group_22C vs Group_15C (Reference),3.0080963181867935,0.05717212801425203,-0.09168471540384093,6.107877351777428,0.3590164586760075,0.22547822090017577,-2.7343836272903506,0.0500981073559717,0.2737126908964429,0.7128882205792026,1.9885397968131473,0.31479555297134043,0.9985735007953371,False
Mean_Skin_Temp_°C_,"R*,R*-2,3-Dihydroxybutanoic_acid",Group_8C vs Group_15C (Reference),-3.1134638019853242,0.05825023597864455,-6.335686184915646,0.10875858094499735,0.3551535195670258,0.22081050281015624,2.8591146136769416,0.026503569098079625,-1.9397548508894356,0.28301800259036725,-0.2543491883083826,0.8032549140596803,0.9985735007953371,False
Core_Temp_°C_,L-Aspartic_acid,Group_22C vs Group_15C (Reference),-9.734335020282142,0.05917700548553261,-19.845728681220972,0.3770586406566885,0.21662023398964125,0.05341611607081653,4.600453976284294,0.27737919961689494,-5.133881043997848,0.08136766502706205,2.9101814471137684,0.47012796921374145,0.9985735007953371,False
Muscle_Temp1_°C_,DL-Ornithine,Group_8C vs Group_15C (Reference),-1.3735130520410046,0.05945143923054212,-2.8017701334306384,0.054744029348628986,0.20963682388182026,0.04497782885719959,0.6491590985270289,0.17708009795295876,0.18259032115746665,0.4550265550780288,-0.7243539535139757,0.18581174163401948,0.9985735007953371,False
Muscle_Temp2_°C_,Asparagine,Group_8C vs Group_22C Contrast,3.6193108515345984,0.05991389445383321,-0.15115184034062468,7.389773543409822,0.2736586931987828,0.12233758761519586,2.5846167530875173,0.26478961967572834,-1.0741379628538672,0.2565884776602796,2.545172888680731,0.12853873908213131,0.9985735007953371,False
Mean_Skin_Temp_°C_,Methionine,Group_22C vs Group_15C (Reference),-2.1672654826191455,0.06041526986165461,-4.429419967052458,0.09488900181416682,0.5607276946727134,0.46921263106286215,0.08789807862978495,0.8112072281444558,-2.0793674039893606,0.05732997206713053,0.3194532379701874,0.5716404076427593,0.9985735007953371,False
Muscle_Temp3_°C_,alpha-D-Glucopyranoside,Group_8C vs Group_15C (Reference),-3.6058270032624122,0.06071049001308006,-7.373846990833945,0.162192984309121,0.1594611088354152,-0.015651160157206467,1.2964667103737768,0.32033725903030685,-0.6379919699283796,0.5824074312285612,-2.3093602928886354,0.10196133750753367,0.9985735007953371,False
Mean_Skin_Temp_°C_,"Ethanolamine,_2TMS",Group_8C vs Group_22C Contrast,2.1753782144350287,0.06117861768173966,-0.10201523034852134,4.452771659218579,0.13519319431547128,-0.04497489020213874,-2.5927520409135285,0.17471576758861995,-1.9122781664903283,0.08650675232472005,0.2631000479447003,0.41797925115369594,0.9985735007953371,False
Mean_Body_Temp_°C_,Glycerol,Group_8C vs Group_15C (Reference),-13.17992110508072,0.061725231869921626,-27.006749496528016,0.646907286366579,0.23772065770384687,0.07891246139214836,6.23442701516701,0.35168289821903853,1.7767611407142132,0.7838273203842474,-6.945494089913709,0.0018106700430418066,0.9985735007953371,False
Mean_Body_Temp_°C_,Glyceraldehyde-3-PMOX,Group_8C vs Group_22C Contrast,1.8233275864948109,0.0634749089506717,-0.10232461084785793,3.7489797838374797,0.17751058571558231,0.006158624406328639,-0.42779584204397875,0.718206694689927,-2.1001045259140154,1.8493713869194295e-05,-0.27677693941920467,0.7450957432560938,0.9985735007953371,False
Muscle_Temp1_°C_,Asparagine,Group_8C vs Group_22C Contrast,3.2264466360627075,0.06397634233977054,-0.1875159186474078,6.640409190772823,0.23832970037524892,0.07964838795342588,1.0191101701837593,0.6258503967753823,-0.6234287241672651,0.45407772002638236,2.603017911895442,0.08885230016376444,0.9985735007953371,False
Mean_Body_Temp_°C_,Indole-3-Latic_Acid,Group_22C vs Group_15C (Reference),-1.1143698634608217,0.0647216662458862,-2.296782930923171,0.06804320400152752,0.2918758060580715,0.1443499323201698,0.30213653557664555,0.5467986988490054,-0.8122333278841761,0.015465740804564643,0.1888283864651747,0.6173108358740884,0.9985735007953371,False
Mean_Skin_Temp_°C_,Aminomalonic_acid,Group_22C vs Group_15C (Reference),-5.761834207603468,0.06590845206501056,-11.902511955695378,0.3788435404884414,0.4285883310082198,0.30954423330159897,3.3005021172350237,0.2587925159602501,-2.4613320903684444,0.02918663939601851,0.2611262145201829,0.49393460411739176,0.9985735007953371,False
Mean_Skin_Temp_°C_,"1,3-Dioxolane-2-methanol",Group_8C vs Group_22C Contrast,-4.115729647010305,0.06598987056706436,-8.503471366916322,0.27201207289571183,0.1615620109620891,-0.013112570087475683,0.8791877801136284,0.6748781903223542,2.7658425850181936,0.16594760438704492,-1.3498870619921108,0.18253201669595054,0.9985735007953371,False
Core_Temp_°C_,"1,5-Anhydrohexitol",Group_22C vs Group_15C (Reference),14.756563721646888,0.06657175577862487,-1.0087551276859532,30.521882570979727,0.32499462346065244,0.18436850334828847,-12.944649990832916,0.10629234579239509,1.8119137308139717,0.0077515096768465686,5.267466297061697,0.5518726077899927,0.9985735007953371,False
Muscle_Temp1_°C_,Linoleic_Acid,Group_22C vs Group_15C (Reference),-3.09196889845161,0.06840761069788177,-6.417495282257882,0.23355748535466114,0.2839355544040225,0.1347554615715273,1.7127431994314717,0.17658904204559012,-1.3792256990201384,0.22145058312955124,0.7730691068699549,0.4363113981922808,0.9985735007953371,False
Muscle_Temp3_°C_,Indole-3-Propionic_Acid,Group_8C vs Group_15C (Reference),0.5779592927776488,0.06965992534300237,-0.04646584205223969,1.2023844276075373,0.2775497342183162,0.12703926218046546,-0.6273669006863449,0.04375426318744803,1.027402932419156,0.06250382611101535,-0.04940760790869614,0.47110474556915083,0.9985735007953371,False
Mean_Body_Temp_°C_,D---Ribofuranose,Group_8C vs Group_22C Contrast,-6.9145214989581705,0.07062163325968304,-14.41075542216866,0.5817124242523173,0.19273641386502027,0.02455650008689958,2.3293767778097516,0.7111435947186946,4.57098637658118,0.20754291738875352,-2.3435351223769905,0.053592128826192686,0.9985735007953371,False
Muscle_Temp1_°C_,Glycerol-3-P,Group_22C vs Group_15C (Reference),-1.199387526324997,0.07436619586521016,-2.516814808162991,0.11803975551299706,0.17393305605363263,0.001835776064806116,0.08792106224742498,0.5626904903093717,-1.111466464077572,0.08961023820175673,-0.9970195855150018,0.04286819471516057,0.9985735007953371,False
Muscle_Temp2_°C_,Ornithine,Group_22C vs Group_15C (Reference),-1.685546373641134,0.074649300850667,-3.5387865014936692,0.1676937542114012,0.34206356768838475,0.20499347762346498,1.1958397758176167,0.16922510581863948,-0.48970659782351733,0.18637724707523562,-0.3054268899478567,0.5725544591767988,0.9985735007953371,False
Mean_Body_Temp_°C_,Glutamic_Acid,Group_8C vs Group_15C (Reference),0.6984711151857532,0.07798544853209992,-0.07825566758088343,1.4751978979523899,0.09064063247495924,-0.09880923575942413,-0.22813966825799648,0.3943801001076991,-0.8803481392094893,0.41095643456601394,0.47033144692775675,0.10731396697182394,0.9985735007953371,False
Muscle_Temp3_°C_,"D-Arabinose,_tetrakis",Group_8C vs Group_15C (Reference),5.350334133214594,0.07824210292403602,-0.6045735208949772,11.305241787324166,0.25096565069191756,0.09491682791940048,-0.9557681769885911,0.7104258562941663,-4.623318041383445,0.2556530423108272,4.394565956226003,0.006468320566512364,0.9985735007953371,False
Core_Temp_°C_,Glycerol,Group_8C vs Group_22C Contrast,-14.89690149544575,0.07866670018288277,-31.50101860316994,1.7072156122784392,0.16601302117041128,-0.007734266085752894,0.4171700194587678,0.9629583979504248,8.708127452252825,0.03828508664820651,-6.188774043192926,0.4001170367959195,0.9985735007953371,False
Mean_Body_Temp_°C_,Doconexent,Group_22C vs Group_15C (Reference),-1.7339943947412617,0.07946474998940889,-3.671824357687175,0.20383556820465154,0.09908663093596726,-0.08860365428570627,1.6221549069399936,0.010152784968350785,-0.11183948780126807,0.8831807364105455,-0.34575227387828167,0.7789166908787353,0.9985735007953371,False
Muscle_Temp2_°C_,1-Ethyl-1-tetradecyloxy-1-silacyclohexane,Group_22C vs Group_15C (Reference),3.8124118004949885,0.0799129124355303,-0.4545055581254598,8.079329159115437,0.22364275859483262,0.06190166663542285,-2.831659803824106,0.14084175719059838,0.9807519966708824,0.33672606580417175,-0.6689301480171723,0.49326412122021623,0.9985735007953371,False
Core_Temp_°C_,Linoleic_Acid,Group_22C vs Group_15C (Reference),-10.369197905170271,0.08053006712790023,-21.998310085160217,1.2599142748196748,0.25523672126076036,0.10007770485675216,8.459242799945457,0.12254594778028896,-1.9099551052248138,0.4020058656233503,2.140462202757927,0.8191054275893475,0.9985735007953371,False
Mean_Skin_Temp_°C_,1-Ethyl-1-tetradecyloxy-1-silacyclohexane,Group_22C vs Group_15C (Reference),4.076816335327466,0.0835421452499549,-0.5406025017246883,8.69423517237962,0.25623266223878816,0.10128113353853574,-2.647721992670104,0.14596251681279782,1.4290943426573621,0.33898686335986317,-0.758133421269759,0.11526285700367755,0.9985735007953371,False
Mean_Body_Temp_°C_,"R*,R*-2,3-Dihydroxybutanoic_acid",Group_22C vs Group_15C (Reference),-7.661496920790455,0.08374533425712916,-16.34464536022405,1.0216515186431412,0.2782436093247922,0.12787769460079057,4.066882455784786,0.18959501965367453,-3.5946144650056695,0.2560235149058938,-0.2567682875326138,0.9558085874982134,0.9985735007953371,False
Mean_Skin_Temp_°C_,2-OH-Butanoic_Acid,Group_8C vs Group_22C Contrast,0.6490809530709145,0.08387349970810126,-0.0868724426323575,1.3850343487741865,0.07035324480831673,-0.12332316252328379,0.36955124150359014,0.5402840289157409,-0.5368941932784221,0.1289365203931203,0.11218675979249232,0.3743434850740073,0.9985735007953371,False
Muscle_Temp3_°C_,Dodecanoic_acid,Group_8C vs Group_22C Contrast,3.9594087343144357,0.0847583222262282,-0.5427372715749659,8.461554740203837,0.1822621796934979,0.011900133796310053,-1.2242500227121123,0.07338543842200676,-2.153625450492558,0.09299135161271166,1.8057832838218775,0.34340952628651555,0.9985735007953371,False
Mean_Skin_Temp_°C_,Glycerol,Group_8C vs Group_15C (Reference),-6.089040152492258,0.08529823225612693,-13.02460724623068,0.8465269412461636,0.22662161392994717,0.06550111683201953,4.5968491323109495,0.15345047242982968,-1.5477274610881233,0.5540370331458562,-1.4921910201813082,0.3089875928702992,0.9985735007953371,False
Mean_Skin_Temp_°C_,Ethyl_alpha-D-glucopyranoside,Group_8C vs Group_22C Contrast,-2.163504278039218,0.08577258864112676,-4.631573685341035,0.30456512926259904,0.16282416374922404,-0.011587468803020862,0.6492296197132357,0.6018597937932632,1.2609751815941577,0.30534674951031815,-0.9025290964450605,0.0007889129657716598,0.9985735007953371,False
Muscle_Temp1_°C_,Decanoic_acid,Group_8C vs Group_15C (Reference),1.2731905291964698,0.08729144772697571,-0.18623017285701637,2.732611231249956,0.2749948752361755,0.12395214091037876,-0.002382399181592419,0.9943798412001503,-0.23657110062215217,0.3851890027336946,1.2708081300148775,0.055404874687768446,0.9985735007953371,False
Mean_Skin_Temp_°C_,1-Monopalmitin,Group_8C vs Group_22C Contrast,-1.0755171594530177,0.08731702673502159,-2.308473079217,0.15743876031096438,0.20212940350809439,0.03590636257228075,0.2544417618540352,0.8660957182989123,1.1446658439827593,0.00666924884663489,0.06914868452974163,0.8821804553015526,0.9985735007953371,False
Muscle_Temp3_°C_,2-OH-Butanoic_Acid,Group_8C vs Group_15C (Reference),1.75151392106922,0.08781791895375236,-0.2595343976849174,3.7625622398233576,0.2439868055210891,0.08648405667131609,-1.3888766486581252,0.1288201661593718,0.2803077561448064,0.7676845549312274,0.3626372724110949,0.4358089610331519,0.9985735007953371,False
Core_Temp_°C_,"1,3-Dioxolane-2-methanol",Group_8C vs Group_22C Contrast,15.37845629309535,0.08834055791383855,-2.308126266237231,33.06503885242793,0.31239718105698877,0.16914659377719476,10.54576774837145,0.06739097385913348,-1.6651574626139691,0.8444521000958152,13.713298830481381,7.720148026635343e-06,0.9985735007953371,False
Muscle_Temp2_°C_,DL-Ornithine,Group_8C vs Group_15C (Reference),-2.035533318294995,0.09020281172003643,-4.390195459571677,0.3191288229816873,0.21744130313499288,0.0544082412881165,0.9688012070785785,0.2978139194369427,0.11958034040048238,0.6797544777734643,-1.0667321112164163,0.16038010553742454,0.9985735007953371,False
Mean_Skin_Temp_°C_,Glutamine_[-H2O],Group_8C vs Group_22C Contrast,1.9504161698886628,0.09030101496906692,-0.306514183258614,4.207346523035939,0.3855525292605385,0.2575426395231507,-0.030164293076036772,0.9720637792280153,-1.7949632518682799,0.10677947118246034,0.15545291802038305,0.5988967506720944,0.9985735007953371,False
Muscle_Temp3_°C_,Glycerol-3-P,Group_22C vs Group_15C (Reference),-3.1855889598660148,0.09206237305189956,-6.891854181565786,0.5206762618337564,0.22655100764418235,0.06541580090338706,1.4116696955788546,0.20059350729806757,-1.7739192642871602,0.24812893294719496,-1.0375593392449953,0.11416933299630228,0.9985735007953371,False
Muscle_Temp3_°C_,DL-Ornithine,Group_8C vs Group_22C Contrast,-1.4678406005799105,0.09340921857069481,-3.182687503733942,0.24700630257412137,0.2077839441663678,0.04273893253436112,0.8931932907200697,0.2976067001684046,0.4789026987110422,0.12504752947975528,-0.9889379018688682,0.22628905900747176,0.9985735007953371,False
Mean_Body_Temp_°C_,L-+-Erythrulose,Group_8C vs Group_15C (Reference),11.929884668851974,0.09440440317736533,-2.0495642277122883,25.909333565416237,0.33655002859632177,0.19833128455388882,-7.439528649782679,0.17292552277176143,-1.820374026118592,0.6126015431278871,4.490356019069295,0.32800577298953737,0.9985735007953371,False
Muscle_Temp3_°C_,beta-Alanine,Group_8C vs Group_15C (Reference),-2.604918127522018,0.09453728236492878,-5.658594206042139,0.44875795099810345,0.28712584850801437,0.1386104002805174,-0.3665697289129118,0.7672863001206303,-2.998807444337245,0.03726239869021186,-2.97148785643493,0.0016640624856365527,0.9985735007953371,False
Muscle_Temp2_°C_,"D-Arabinose,_tetrakis",Group_8C vs Group_15C (Reference),4.340616410199966,0.09527620600632634,-0.7591655910004178,9.44039841140035,0.1841092628247447,0.01413202591323326,-0.8973651659411741,0.6899350717001856,-3.114208828343976,0.17906408412993668,3.443251244258792,0.008473582878056884,0.9985735007953371,False
Muscle_Temp1_°C_,D---Ribofuranose,Group_22C vs Group_15C (Reference),-3.2390170290381803,0.09705289716965092,-7.064913508065198,0.5868794499888375,0.2694181465494947,0.11721359374730611,2.3133444688027973,0.00015026360205973432,-0.925672560235383,0.6176120811348369,-0.9895726432498058,0.40612857999832896,0.9985735007953371,False
Mean_Body_Temp_°C_,"1,3-Dioxolane-2-methanol",Group_8C vs Group_22C Contrast,-5.450238807672138,0.09832049871181504,-11.912512816875442,1.0120352015311669,0.12645854297730164,-0.0555292605690938,6.496443384711771,0.24172610028370634,3.204920693974307,0.09293160428159819,-2.245318113697831,0.40375912421138205,0.9985735007953371,False
Muscle_Temp3_°C_,Lactic_Acid1,Group_8C vs Group_15C (Reference),5.05769570723365,0.10111963137944191,-0.9887851537656509,11.104176568232951,0.13347154547344497,-0.04705521588625383,-2.6591274328816104,0.3014518470977505,-0.3731505482622204,0.933533275746969,2.39856827435204,0.15862483711545838,0.9985735007953371,False
Muscle_Temp3_°C_,"9-Hexadecenoic_acid,_Z-",Group_22C vs Group_15C (Reference),-1.3567093620516302,0.10154950871630837,-2.9806996112714423,0.267280887168182,0.15307988452962817,-0.02336180619336581,0.619190789254791,0.10641905955512898,-0.7375185727968392,0.315312641215002,-0.09603289668248483,0.8325091311912236,0.9985735007953371,False
Core_Temp_°C_,L-Aspartic_acid,Group_8C vs Group_22C Contrast,8.044062491111616,0.1070379760890328,-1.7386793248544574,17.826804307077687,0.21662023398964125,0.05341611607081653,4.600453976284294,0.27737919961689494,-5.133881043997848,0.08136766502706205,2.9101814471137684,0.47012796921374145,0.9985735007953371,False
Muscle_Temp3_°C_,Lysine,Group_8C vs Group_15C (Reference),-3.227004083805947,0.10709687242022206,-7.152093670848631,0.6980855032367366,0.3015546374081848,0.15604518686822333,3.234603679971354,0.07204224984998997,-0.817413247707365,0.7704915204829916,0.00759959616540673,0.9931220453690066,0.9985735007953371,False
Muscle_Temp3_°C_,Ornithine,Group_8C vs Group_15C (Reference),-1.5786666217556147,0.10750967441758244,-3.5010976686510418,0.3437644251398122,0.29530889652668313,0.14849824996974215,1.048994266730277,0.17050742187854295,-0.07961044357339953,0.8897061557879793,-0.5296723550253377,0.3878736118889512,0.9985735007953371,False
Muscle_Temp1_°C_,2-Aminoheptanedioic_acid,Group_8C vs Group_15C (Reference),1.7445995744814011,0.11031335473935934,-0.3967967859417638,3.885995934904566,0.08682030102825877,-0.10342546959085386,0.13712518580343572,0.7881909573835367,0.4163708973876348,0.8444868718725465,1.8817247602848368,0.05142532469314354,0.9985735007953371,False
Mean_Skin_Temp_°C_,Indole-3-Latic_Acid,Group_22C vs Group_15C (Reference),-0.5571297326287015,0.1104783222201819,-1.2412914633294654,0.12703199807206245,0.3146636349120284,0.1718852255187011,0.05595200415935459,0.8410183063309646,-0.5011777284693468,0.016936478227984386,0.06931448804939852,0.5469124329232755,0.9985735007953371,False
Muscle_Temp3_°C_,DL-Ornithine,Group_8C vs Group_15C (Reference),-1.882131192588938,0.11211202178452442,-4.203994141510297,0.43973175633242123,0.2077839441663678,0.04273893253436112,0.8931932907200697,0.2976067001684046,0.4789026987110422,0.12504752947975528,-0.9889379018688682,0.22628905900747176,0.9985735007953371,False
Muscle_Temp1_°C_,Ethyl_alpha-D-glucopyranoside,Group_8C vs Group_22C Contrast,2.2393207286697576,0.11333068152840767,-0.5326086582634124,5.011250115602928,0.14987007403146013,-0.02724032721198566,0.24338883422073576,0.8487370680029716,-1.9518459386008618,0.10187366533566178,0.28747479006889587,0.7049544910800964,0.9985735007953371,False
Muscle_Temp1_°C_,"9-Hexadecenoic_acid,_Z-",Group_22C vs Group_15C (Reference),-0.7232174451099089,0.11337162900279861,-1.6185328923449103,0.1720980021250924,0.1456545674219757,-0.03233406436511266,0.2660022305844423,0.11027662675813495,-0.45721521452546665,0.282413014495831,-0.2352867536733232,0.5962125315218505,0.9985735007953371,False
Muscle_Temp2_°C_,"9-Hexadecenoic_acid,_Z-",Group_8C vs Group_15C (Reference),-1.209828648855424,0.11712340873151894,-2.723087750707597,0.3034304529967493,0.16055915353734107,-0.014324356142379369,0.6614434155260468,0.1943691907082027,-0.1603952191067748,0.805819500558062,-0.5483852333293772,0.34436602151326534,0.9985735007953371,False
Mean_Skin_Temp_°C_,alpha-D-Glucopyranoside,Group_8C vs Group_22C Contrast,-2.324226331438498,0.11780247254988879,-5.236819922519214,0.5883672596422178,0.2552034358290407,0.1000374849600909,0.5803824092897825,0.7427974682068703,2.9795937510682906,0.02263085917025287,0.6553674196297927,0.3539345109851568,0.9985735007953371,False
Muscle_Temp2_°C_,L-Alanine,Group_8C vs Group_15C (Reference),-4.82315067938065,0.11912614381731532,-10.888914508103909,1.2426131493426107,0.14237051875922913,-0.03630228983259798,2.1343354736470928,0.3752223423207838,-0.46821912688895706,0.866392582587348,-2.688815205733557,0.16692561553617535,0.9985735007953371,False
Muscle_Temp3_°C_,Glycine,Group_8C vs Group_15C (Reference),-3.331838955366874,0.12088636656746136,-7.542035757131045,0.8783578463972974,0.13847699327589624,-0.04100696645829194,2.421663393876449,0.19607537940056785,0.79295916481559,0.6659854785444164,-0.910175561490425,0.3866902265408929,0.9985735007953371,False
Muscle_Temp2_°C_,Glycine,Group_8C vs Group_15C (Reference),-3.5311524238781318,0.12224494949037326,-8.009505292740261,0.9472004449839981,0.1630182539800168,-0.011352943107479696,2.9435307694629382,0.14873090412144782,0.3197201548282784,0.8589787132189037,-0.5876216544151935,0.5692070850249968,0.9985735007953371,False
Mean_Body_Temp_°C_,Glycerol-3-P,Group_8C vs Group_15C (Reference),3.997281061551035,0.12342114498332067,-1.0881873341479227,9.082749457249992,0.1794787398511185,0.008536810653434923,-1.9500208998341186,0.3402316998884729,-1.112196533383798,0.7073110074679563,2.0472601617169164,0.1999721341071703,0.9985735007953371,False
Mean_Body_Temp_°C_,Ethyl_alpha-D-glucopyranoside,Group_8C vs Group_15C (Reference),-4.598467200917964,0.12446258960536744,-10.465014577092798,1.268080175256869,0.1734924533351775,0.0013033811133394968,1.6309517985524606,0.553074660379212,2.4454286193791774,0.2414787083079779,-2.9675154023655037,0.012106973149545786,0.9985735007953371,False
Mean_Body_Temp_°C_,Linoleic_Acid,Group_22C vs Group_15C (Reference),-7.040927824450872,0.12534876190156577,-16.044599404978506,1.96274375607676,0.26868087769375737,0.11632272721329018,6.378941176368349,0.14069188530979077,-0.6619866480825234,0.6661718153806022,-2.407097306452064,0.6906199780213269,0.9985735007953371,False
Muscle_Temp1_°C_,Campesterol,Group_22C vs Group_15C (Reference),-1.1191248943796428,0.1255548773562486,-2.5510000355700195,0.31275024681073393,0.2179508921192682,0.05502399464411578,0.4723611294622133,0.014780423420731692,-0.6467637649174295,0.358523290574408,-0.24669808716549668,0.8274032843500283,0.9985735007953371,False
Mean_Body_Temp_°C_,Methyl_galactoside,Group_8C vs Group_15C (Reference),-6.398543705110359,0.12594560613936429,-14.593680925444644,1.796593515223928,0.24476092543818873,0.08741945157114472,2.5923078149670635,0.37540476750102625,3.2265052645469843,0.07263488166828891,-3.806235890143295,0.20276706314085358,0.9985735007953371,False
Mean_Skin_Temp_°C_,Doconexent,Group_8C vs Group_15C (Reference),-0.8748957199561265,0.12599203100817352,-1.9955834790459235,0.24579203913367054,0.1122913346857547,-0.07264797058804628,0.8814393205276168,0.008554794562044919,0.26718750413427705,0.6872453771855067,0.006543600571490282,0.9887289642126023,0.9985735007953371,False
Muscle_Temp3_°C_,"Ethanolamine,_2TMS",Group_8C vs Group_15C (Reference),3.6905807720620234,0.12651030586619194,-1.0432954301966206,8.424456974320668,0.18294877736066673,0.012729772644138992,-2.8937631244713096,0.11610206454840011,-3.1196130416837704,0.2585975728523111,0.7968176475907138,0.6101346329044541,0.9985735007953371,False
Core_Temp_°C_,"1,5-Anhydrohexitol",Group_8C vs Group_15C (Reference),18.212116287894613,0.12726245534227845,-5.1947080406749,41.61894061646413,0.32499462346065244,0.18436850334828847,-12.944649990832916,0.10629234579239509,1.8119137308139717,0.0077515096768465686,5.267466297061697,0.5518726077899927,0.9985735007953371,False
Muscle_Temp3_°C_,N-Acetylglutamine,Group_8C vs Group_15C (Reference),-3.906060390821981,0.12855244739469612,-8.943276688558125,1.131155906914163,0.21653039751915792,0.053307563668982594,1.7173605215046823,0.1694178806483443,0.16139333058306837,0.9434187545017618,-2.1886998693172988,0.32974709917278,0.9985735007953371,False
Mean_Skin_Temp_°C_,1-Heptadecanol,Group_8C vs Group_15C (Reference),0.9745036850623926,0.12865383920495202,-0.2825399733055024,2.2315473434302877,0.265082931481312,0.11197520887325207,-1.1489695166028344,0.0642129037890667,1.61279063847087,0.0036544208231554798,-0.17446583154044182,0.2784543331147473,0.9985735007953371,False
Muscle_Temp1_°C_,2-OH-Butanoic_Acid,Group_8C vs Group_15C (Reference),1.1361782549922825,0.1293266414203349,-0.3319938305971306,2.6043503405816955,0.22884318027937034,0.06818550950423918,-0.7199329026374474,0.1539480997017202,0.10610880888086449,0.8794117580277936,0.4162453523548352,0.451871239070746,0.9985735007953371,False
Muscle_Temp1_°C_,DL-Ornithine,Group_8C vs Group_22C Contrast,-0.9069442746714423,0.13035925415331212,-2.0820790554370388,0.2681905060941542,0.20963682388182026,0.04497782885719959,0.6491590985270289,0.17708009795295876,0.18259032115746665,0.4550265550780288,-0.7243539535139757,0.18581174163401948,0.9985735007953371,False
Mean_Body_Temp_°C_,Palmitic_Acid,Group_8C vs Group_15C (Reference),-0.8157630913544145,0.13209439057209868,-1.8775020274660312,0.24597584475720224,0.4160266524861921,0.2943655384208155,0.3850896400234618,0.4040354689335214,-1.519785164301522,0.23714569499791782,-0.4306734513309527,0.12897160419291676,0.9985735007953371,False
Mean_Body_Temp_°C_,"1,5-Anhydrohexitol",Group_22C vs Group_15C (Reference),8.003616177448594,0.13215067035984002,-2.414834885548016,18.4220672404452,0.21644668031489545,0.0532064053804987,-7.193837263531837,0.16725249877086856,0.809778913916757,0.4450016335418019,-2.530442347303847,0.7952648309584989,0.9985735007953371,False
Muscle_Temp1_°C_,"2-Ethyl-3-hydroxypropionic_acid,_di-",Group_8C vs Group_22C Contrast,1.9769537851640462,0.13253802879224413,-0.5991072376703435,4.553014807998435,0.2703154461874352,0.1182978308098176,0.5502245681471484,0.6113056849931077,-1.1876528678161207,0.32244734687122634,0.7893009173479253,0.14041427459332656,0.9985735007953371,False
Muscle_Temp3_°C_,Glutamine_[-H2O],Group_8C vs Group_15C (Reference),1.169616211022928,0.13256425480738646,-0.35452232126601224,2.6937547433118683,0.15254673907894778,-0.02400602361293802,-0.8659336419731198,0.231141032418971,0.5144114369145107,0.735619731150565,0.30368256904980817,0.2881861701506425,0.9985735007953371,False
Muscle_Temp3_°C_,Alanine,Group_8C vs Group_15C (Reference),-2.0615873311577637,0.13364551681347073,-4.755560984687579,0.6323863223720516,0.19128027069017406,0.022796993750627048,2.1781050661300583,0.0692623943400719,-1.421888824433701,0.5123511538944343,0.11651773497229456,0.8623803774910503,0.9985735007953371,False
Muscle_Temp3_°C_,Tyrosine,Group_8C vs Group_22C Contrast,-1.3142935149287407,0.13395204406494307,-3.0331292035106134,0.4045421736531323,0.13742137185338799,-0.042282509010489466,0.6092723185808526,0.2669989103164029,1.0002578097157262,0.22343692112163405,-0.3140357052130145,0.30574433962008607,0.9985735007953371,False
Muscle_Temp3_°C_,Dodecanoic_acid,Group_8C vs Group_15C (Reference),3.0300333065339897,0.1345500011510087,-0.9386679486124248,6.998734561680404,0.1822621796934979,0.011900133796310053,-1.2242500227121123,0.07338543842200676,-2.153625450492558,0.09299135161271166,1.8057832838218775,0.34340952628651555,0.9985735007953371,False
Muscle_Temp1_°C_,Oxalic_acid,Group_8C vs Group_15C (Reference),2.1681730909816315,0.13502225466839066,-0.6751147884045459,5.011460970367809,0.45610417949022497,0.3427925502173552,0.7196663585078731,0.4942729027063095,0.8072687616430216,0.7263644985863957,2.8878394494895048,0.003807240923596078,0.9985735007953371,False
Muscle_Temp2_°C_,"Ethanolamine,_2TMS",Group_8C vs Group_22C Contrast,4.30718495851833,0.13573874997406135,-1.3516202160733668,9.965990133110026,0.24240059618553278,0.08456738705751887,-2.85498210945393,0.03881605308013843,-2.5806785370769467,0.24142351931236172,1.7265064214413837,0.3548681379741332,0.9985735007953371,False
Mean_Skin_Temp_°C_,Glycerol,Group_22C vs Group_15C (Reference),-6.144576593399073,0.13858765093671752,-14.275954973213084,1.9868017864149383,0.22662161392994717,0.06550111683201953,4.5968491323109495,0.15345047242982968,-1.5477274610881233,0.5540370331458562,-1.4921910201813082,0.3089875928702992,0.9985735007953371,False
Mean_Body_Temp_°C_,L-Aspartic_acid,Group_8C vs Group_22C Contrast,6.016269904555846,0.13884684300101305,-1.9506900410450365,13.983229850156729,0.1878741218173805,0.01868123052933479,1.2488603297062142,0.6607862275612341,-4.337053037921989,0.2253961515482561,1.679216866633857,0.3841892818133861,0.9985735007953371,False
Mean_Skin_Temp_°C_,"Ethanolamine,_2TMS",Group_8C vs Group_15C (Reference),2.855852088858229,0.14054246989879693,-0.9421301708838867,6.653834348600345,0.13519319431547128,-0.04497489020213874,-2.5927520409135285,0.17471576758861995,-1.9122781664903283,0.08650675232472005,0.2631000479447003,0.41797925115369594,0.9985735007953371,False
Mean_Skin_Temp_°C_,Palmitic_Acid,Group_22C vs Group_15C (Reference),-1.2708195955847013,0.14095987739203902,-2.962652749003087,0.42101355783368444,0.5362242948677034,0.43960435629847494,0.28455972647843136,0.31947181658582635,-0.9862598691062698,0.22594103043569858,-0.10384051393524346,0.40642962688227113,0.9985735007953371,False
Muscle_Temp1_°C_,alpha-D-Glucopyranoside,Group_22C vs Group_15C (Reference),-1.2437686457487003,0.14153235890533125,-2.901973927270373,0.4144366357729723,0.1413716833639217,-0.03750921593526124,1.343339082077592,1.4416158649990205e-05,0.09957043632889162,0.8993609430042226,-1.0780080689918925,0.2896868412841558,0.9985735007953371,False
Muscle_Temp3_°C_,Tyrosine,Group_8C vs Group_15C (Reference),-0.9233080237938671,0.14195943831907415,-2.1555923491106985,0.3089763015229643,0.13742137185338799,-0.042282509010489466,0.6092723185808526,0.2669989103164029,1.0002578097157262,0.22343692112163405,-0.3140357052130145,0.30574433962008607,0.9985735007953371,False
Muscle_Temp2_°C_,Ornithine,Group_8C vs Group_15C (Reference),-1.5012666657654734,0.14283474050577777,-3.509317300199341,0.5067839686683941,0.34206356768838475,0.20499347762346498,1.1958397758176167,0.16922510581863948,-0.48970659782351733,0.18637724707523562,-0.3054268899478567,0.5725544591767988,0.9985735007953371,False
Muscle_Temp2_°C_,Asparagine,Group_22C vs Group_15C (Reference),-3.6587547159413845,0.14391824909473638,-8.565865686595195,1.2483562547124256,0.2736586931987828,0.12233758761519586,2.5846167530875173,0.26478961967572834,-1.0741379628538672,0.2565884776602796,2.545172888680731,0.12853873908213131,0.9985735007953371,False
Muscle_Temp2_°C_,DL-Ornithine,Group_8C vs Group_22C Contrast,-1.1863124516168986,0.14463210819407885,-2.780253747305159,0.407628844071362,0.21744130313499288,0.0544082412881165,0.9688012070785785,0.2978139194369427,0.11958034040048238,0.6797544777734643,-1.0667321112164163,0.16038010553742454,0.9985735007953371,False
Muscle_Temp3_°C_,"1,5-Anhydrohexitol",Group_22C vs Group_15C (Reference),2.7941424341947765,0.1449632158484929,-0.9631210632926388,6.551405931682192,0.2326296485513013,0.07276082533282247,-1.8132340645250904,0.2919275546969242,0.9809083696696861,0.245967178827168,3.1959260163807572,0.06560817770899519,0.9985735007953371,False
Core_Temp_°C_,2-Keto-3-methylvaleric_acid,Group_22C vs Group_15C (Reference),-5.84583036019874,0.1455084001729938,-13.71733637257671,2.025675652179231,0.16316948809910858,-0.011170201880243757,1.8191539846735323,0.4507159221066691,-4.0266763755252075,0.20986297976393198,-1.2106431596879041,0.7456233765659723,0.9985735007953371,False
Muscle_Temp1_°C_,"Ethanolamine,_2TMS",Group_8C vs Group_22C Contrast,4.078825965537678,0.14588708430352254,-1.418646117228188,9.576298048303546,0.4786514092886247,0.3700371195570882,-2.8729686099339493,1.1222052877248213e-11,-2.322119946686829,0.3453269681785398,1.7567060188508496,0.19190326427167537,0.9985735007953371,False
Muscle_Temp3_°C_,Alanine,Group_22C vs Group_15C (Reference),-3.599993890563759,0.14650829577319066,-8.459481009954942,1.2594932288274228,0.19128027069017406,0.022796993750627048,2.1781050661300583,0.0692623943400719,-1.421888824433701,0.5123511538944343,0.11651773497229456,0.8623803774910503,0.9985735007953371,False
Mean_Body_Temp_°C_,Serine,Group_22C vs Group_15C (Reference),-5.9733961066651675,0.1500464636770944,-14.107275936247195,2.1604837229168607,0.44661105697351267,0.3313216938429945,0.4270568665930228,0.6898602725426015,-5.546339240072145,0.16658901292508377,-0.21743210659496537,0.7895516528530222,0.9985735007953371,False
Muscle_Temp2_°C_,"Ethanolamine,_3TMS",Group_8C vs Group_15C (Reference),-4.384222527715279,0.15035359905341597,-10.35864799363464,1.590202938204083,0.21445908174736206,0.050804723778062555,2.7644809740556138,0.3004350798000168,0.08780643797622423,0.9450692386529118,-1.619741553659665,0.2709079890283108,0.9985735007953371,False
Muscle_Temp1_°C_,Glycine,Group_8C vs Group_15C (Reference),-1.9648336772753792,0.15076560174566894,-4.645037056998801,0.7153697024480425,0.12869051189132108,-0.05283229813132029,1.3542132054879554,0.21414376669393775,0.080109289128377,0.9622226157926985,-0.6106204717874237,0.45953639550709724,0.9985735007953371,False
Mean_Skin_Temp_°C_,2-Aminoheptanedioic_acid,Group_22C vs Group_15C (Reference),3.1695719569202203,0.1515056897007135,-1.1618340758153818,7.500977989655823,0.2607345768542456,0.10672094703221346,-0.8740871921806012,0.639595548942097,2.2954847647396193,0.05232849077972013,1.4756967509264354,0.002042285265128063,0.9985735007953371,False
Muscle_Temp1_°C_,Linoleic_Acid,Group_8C vs Group_22C Contrast,2.1522948058900933,0.15211771012672856,-0.7933958674163062,5.097985479196493,0.2839355544040225,0.1347554615715273,1.7127431994314717,0.17658904204559012,-1.3792256990201384,0.22145058312955124,0.7730691068699549,0.4363113981922808,0.9985735007953371,False
Muscle_Temp1_°C_,Dodecanoic_acid,Group_8C vs Group_15C (Reference),3.0243130786992367,0.1539651485861395,-1.133427996796466,7.182054154194939,0.23193803285496706,0.07192512303308529,-1.1066365801370506,0.00013720845775263866,-1.0382802501051305,0.25814438021839914,1.9176764985621861,0.36146591091734526,0.9985735007953371,False
Mean_Body_Temp_°C_,Doconexent,Group_8C vs Group_15C (Reference),-1.9679071808182753,0.1550165315879126,-4.6802393804569675,0.7444250188204165,0.09908663093596726,-0.08860365428570627,1.6221549069399936,0.010152784968350785,-0.11183948780126807,0.8831807364105455,-0.34575227387828167,0.7789166908787353,0.9985735007953371,False
Mean_Body_Temp_°C_,"1,3-Dioxolane-2-methanol",Group_8C vs Group_15C (Reference),-8.741761498409602,0.15630542175874138,-20.82799766956052,3.344474672741317,0.12645854297730164,-0.0555292605690938,6.496443384711771,0.24172610028370634,3.204920693974307,0.09293160428159819,-2.245318113697831,0.40375912421138205,0.9985735007953371,False
Muscle_Temp3_°C_,Nonanoic_acid,Group_8C vs Group_15C (Reference),-1.436742705069658,0.15774586900609378,-3.430072463886315,0.556587053746999,0.22835067665448328,0.06759040095750068,-0.004626166596780258,0.9935953713031807,-0.1215910336729644,0.9514292039462211,-1.4413688716664381,0.08541936441912812,0.9985735007953371,False
Muscle_Temp2_°C_,Indole-3-Latic_Acid,Group_22C vs Group_15C (Reference),-0.7380089735262769,0.15832998953724697,-1.763358252519261,0.2873403054667072,0.366264942974044,0.2342368060936365,0.6915843765603096,0.11642437667587556,-0.046424596965967346,0.8693269335416625,0.2546839863853241,0.08598118418907386,0.9985735007953371,False
Mean_Skin_Temp_°C_,Lactic_Acid1,Group_8C vs Group_15C (Reference),-6.371381288923717,0.1587566105423367,-15.232504966410467,2.489742388563033,0.2299471481323785,0.06951947065995745,5.477572579635739,0.1952280897813118,0.45752004736344265,0.802226310107967,-0.8938087092879785,0.5761393180244778,0.9985735007953371,False
Core_Temp_°C_,alpha-D-Glucopyranoside,Group_8C vs Group_15C (Reference),-8.664938807301635,0.16018933739788344,-20.757322782200873,3.4274451675976056,0.10943410755652894,-0.07610045336919424,5.930160596851104,0.057246747384406806,0.8217087482987031,0.782272471746591,-2.7347782104505303,0.607440096478506,0.9985735007953371,False
Core_Temp_°C_,Doconexent,Group_22C vs Group_15C (Reference),-2.863579471274886,0.1605022713587564,-6.862849393277691,1.1356904507279193,0.12664496077926868,-0.05530400572505023,1.5075727772407361,0.14520799290568545,-1.3560066940341498,0.4406479623099,-1.0768006225996853,0.6445672723279225,0.9985735007953371,False
Mean_Body_Temp_°C_,Palmitic_Acid,Group_22C vs Group_15C (Reference),-1.904874804324984,0.1631486098009708,-4.582053566620091,0.7723039579701227,0.4160266524861921,0.2943655384208155,0.3850896400234618,0.4040354689335214,-1.519785164301522,0.23714569499791782,-0.4306734513309527,0.12897160419291676,0.9985735007953371,False
Mean_Skin_Temp_°C_,3-OH-Butanoic_Acid,Group_22C vs Group_15C (Reference),-2.93432734190982,0.1631913721923457,-7.058754389649692,1.1900997058300513,0.26904476038780256,0.11676241880192817,2.298419693880586,0.24180298167713932,-0.6359076480292343,0.400610932958001,-0.01664241485158957,0.917898496986806,0.9985735007953371,False
Mean_Skin_Temp_°C_,"9-Hexadecenoic_acid,_Z-",Group_8C vs Group_22C Contrast,-1.2487168143036738,0.16345550434526313,-3.0050200652321983,0.5075864366248506,0.297329651945459,0.15093999610076303,0.9524072169963587,1.1265248811659784e-05,0.9612626203971933,0.2581202990146694,-0.2874541939064803,0.3106321617895178,0.9985735007953371,False
Mean_Skin_Temp_°C_,1-Ethyl-1-tetradecyloxy-1-silacyclohexane,Group_8C vs Group_22C Contrast,-2.187227763927121,0.16363360263592358,-5.2648350736456075,0.8903795457913652,0.25623266223878816,0.10128113353853574,-2.647721992670104,0.14596251681279782,1.4290943426573621,0.33898686335986317,-0.758133421269759,0.11526285700367755,0.9985735007953371,False
Core_Temp_°C_,Citric_acid,Group_8C vs Group_15C (Reference),-7.053485076132949,0.1637378462195993,-16.98058572099449,2.8736155687285923,0.22894963621533393,0.06831414376019518,-0.676140190248766,0.8748789846883158,-2.0098561680635427,0.7194803170533015,-7.729625266381715,0.0040083256232827935,0.9985735007953371,False
Mean_Skin_Temp_°C_,Methyl_galactoside,Group_8C vs Group_15C (Reference),-2.642617163824338,0.16429686176022384,-6.366780811493676,1.0815464838449995,0.2997119495008864,0.15381860564690453,1.5179414810553333,0.34177844788902834,2.3752970235983097,0.011746726764418902,-1.1246756827690048,0.2748708185154731,0.9985735007953371,False
Mean_Body_Temp_°C_,"2,3,4-Trihydroxybutyric_acid",Group_8C vs Group_22C Contrast,-10.30049829027688,0.16498610946723308,-24.840676237815146,4.239679657261387,0.22538019203180182,0.06400106537176053,3.147345028451425,0.33938235127462835,5.168206727193364,0.4637022751719051,-5.132291563083515,0.025628971162585,0.9985735007953371,False
Muscle_Temp3_°C_,beta-Alanine,Group_22C vs Group_15C (Reference),-2.632237715424333,0.16577449814030087,-6.354768382557772,1.0902929517091065,0.28712584850801437,0.1386104002805174,-0.3665697289129118,0.7672863001206303,-2.998807444337245,0.03726239869021186,-2.97148785643493,0.0016640624856365527,0.9985735007953371,False
Muscle_Temp3_°C_,L-Proline,Group_8C vs Group_22C Contrast,-3.0766443926464517,0.16646746567212783,-7.434862752715279,1.2815739674223754,0.16378532560271164,-0.010426064896723375,-0.14549506294919504,0.876491403881597,2.2203654458020003,0.23283570251596597,-0.8562789468444514,0.48165352143335083,0.9985735007953371,False
Mean_Body_Temp_°C_,"9-Hexadecenoic_acid,_Z-",Group_8C vs Group_22C Contrast,-2.578264868216568,0.16706046442859968,-6.23561379857847,1.0790840621453337,0.2993309950336749,0.15335828566569054,2.1247152682399513,1.7725199202021246e-15,1.7908049826077068,0.22552070271583613,-0.787459885608861,0.4895641400035051,0.9985735007953371,False
Mean_Body_Temp_°C_,N-Acetylglutamine,Group_8C vs Group_22C Contrast,-6.24587676892144,0.16740017130951768,-15.112939088761607,2.621185550918727,0.299555293974224,0.15362931355218734,-4.323036454980033,0.15781100879877874,1.335405092127135,0.7003987340705677,-4.910471676794305,0.0906342794120607,0.9985735007953371,False
Muscle_Temp2_°C_,Campesterol,Group_22C vs Group_15C (Reference),-1.0556358739312972,0.16833200917599822,-2.557547544822876,0.4462757969602815,0.1462940957052007,-0.03156130102288235,0.5381019603013625,0.12428596647783512,-0.5175339136299347,0.4477096642121836,-0.3233429902248365,0.7592039184082191,0.9985735007953371,False
Mean_Skin_Temp_°C_,D---Ribofuranose,Group_8C vs Group_22C Contrast,-3.2802615933355663,0.16846626744622062,-7.948829740391824,1.388306553720692,0.1906349291420294,0.022017206046618942,-0.2128011528600333,0.9248179226083871,2.579914590175713,0.2701175913691103,-0.7003470031598534,0.11787279384001281,0.9985735007953371,False
Core_Temp_°C_,beta-D-Xylopyranose,Group_8C vs Group_22C Contrast,-10.721162365739625,0.1689985071934144,-25.998926183398012,4.5566014519187625,0.29874537084890707,0.15265065644242948,10.799157682089062,0.003127919477441523,3.4409640884637476,0.5615760189290193,-7.280198277275877,0.1503652201450021,0.9985735007953371,False
Core_Temp_°C_,"2,3-Butanediol",Group_8C vs Group_15C (Reference),11.88916340289793,0.1694156154330777,-5.069284980756274,28.847611786552136,0.11770024338657903,-0.06611220590788358,-5.111270298608293,0.5007493171514026,1.0987458574273692,0.5991892493649313,6.777893104289637,0.10257095102028346,0.9985735007953371,False
Mean_Body_Temp_°C_,L-Rhamnose,Group_22C vs Group_15C (Reference),8.650287314970267,0.169654793505982,-3.69521650714122,20.995791137081753,0.29227929034773714,0.14483747583684914,-3.8220402679550993,0.4063376186614367,4.828247047015168,0.2614862085062941,-0.21589656822866843,0.8742221868299069,0.9985735007953371,False
Muscle_Temp2_°C_,Indole-3-Propionic_Acid,Group_8C vs Group_22C Contrast,-0.6154118272643676,0.17035866281874895,-1.4951792942137847,0.2643556396850495,0.08578820073115612,-0.10467259078318625,-0.14006364771268187,0.6831760300715043,0.45214313679718143,0.294090758574602,-0.16326869046718617,0.19345074040807608,0.9985735007953371,False
Core_Temp_°C_,L-Rhamnose,Group_8C vs Group_15C (Reference),7.488036402745594,0.1720480758792119,-3.258681530351039,18.234754335842226,0.24762202952533885,0.0908766190097845,-6.431011726926411,0.0962747667540438,2.274764795630399,0.7204738209130244,1.057024675819183,0.7857015004802637,0.9985735007953371,False
Muscle_Temp3_°C_,Campesterol,Group_22C vs Group_15C (Reference),-1.4118948556733455,0.17268613515646347,-3.4412404521351103,0.6174507407884195,0.1503485966473681,-0.02666211238443017,0.4809658663157805,0.48632511416022806,-0.930928989357565,0.22738277969347354,-0.16870988089499966,0.8512680323065303,0.9985735007953371,False
Muscle_Temp2_°C_,1-Heptadecanol,Group_22C vs Group_15C (Reference),1.375084675266237,0.17272474588928044,-0.6015306103325255,3.351699960864999,0.08952801237848595,-0.10015365170932933,-1.193137765935884,0.08443570268912981,0.18194690933035296,0.804255611801389,0.01985992616959642,0.9851412207320682,0.9985735007953371,False
Core_Temp_°C_,Indole-3-Propionic_Acid,Group_22C vs Group_15C (Reference),1.3144740547192977,0.1728774605022323,-0.5756884673800864,3.2046365768186815,0.0401879278100421,-0.15977292056286574,-0.9008856132523864,0.14076889557707917,0.4135884414669113,0.5791078577291733,-0.011322025700289173,0.9841429980121583,0.9985735007953371,False
Muscle_Temp3_°C_,Proline,Group_8C vs Group_15C (Reference),-1.3909891318422876,0.1757228121759653,-3.404432991924385,0.6224547282398101,0.11574529986526505,-0.06847442932947123,0.8501550435121493,0.3661607806916345,1.1923604723396086,0.11828634447731035,-0.5408340883301382,0.18998661083526547,0.9985735007953371,False
Core_Temp_°C_,Ornithine,Group_8C vs Group_15C (Reference),-4.051825800509547,0.17613630080236686,-9.922420624290448,1.8187690232713543,0.24903829500541363,0.09258793979820823,2.2213850085729527,0.1944197225117621,0.1715509972906566,0.8697879289463177,-1.830440791936594,0.4564311312707714,0.9985735007953371,False
Muscle_Temp3_°C_,Doconexent,Group_22C vs Group_15C (Reference),-1.334450280996487,0.17665904000705768,-3.270241954086944,0.6013413920939699,0.1225059109715475,-0.0603053575760466,0.38866792063585215,0.47819264909925685,-0.945782360360635,0.24971572690880017,-0.3721421515042657,0.6172612437771576,0.9985735007953371,False
Mean_Body_Temp_°C_,2-Aminoadipic_acid,Group_8C vs Group_15C (Reference),3.1708144237455813,0.17738828483120117,-1.4366119147573504,7.7782407622485135,0.06068390335924856,-0.13500695010757457,-2.4619956635722766,0.2204345441143416,0.5230453279219689,0.9226637806920315,0.7088187601733047,0.5613621353629763,0.9985735007953371,False
Muscle_Temp1_°C_,Ornithine,Group_22C vs Group_15C (Reference),-0.9058592561740343,0.17985112873125952,-2.2296242293628596,0.41790571701479096,0.26884549186262885,0.11652163600067655,0.52602367515073,0.32370976990754086,-0.3798355810233043,0.35981049538997656,-0.2912050860465819,0.46085367944697797,0.9985735007953371,False
Mean_Body_Temp_°C_,Methionine,Group_22C vs Group_15C (Reference),-3.559834000975777,0.18017344064847407,-8.765800317236797,1.646132315285243,0.42531392900223863,0.30558766421103845,0.3029685702118819,0.695275413731302,-3.256865430763895,0.1999469999540402,1.0241396763697639,0.6728409912461015,0.9985735007953371,False
Muscle_Temp1_°C_,1-Ethyl-1-tetradecyloxy-1-silacyclohexane,Group_8C vs Group_22C Contrast,-1.246924258243399,0.1822628527086017,-3.079234116132553,0.5853855996457549,0.1341715513208961,-0.04620937548725057,0.5857468161542471,0.789747819348433,0.364485520958357,0.5186558982370719,-0.8824387372850421,0.23622517785229613,0.9985735007953371,False
Muscle_Temp1_°C_,Nonanoic_acid,Group_8C vs Group_15C (Reference),-1.3718946169360693,0.1825989628026704,-3.3893566245080526,0.6455673906359138,0.24635354652259467,0.08934386871480193,0.5730174284560772,0.4868831597952351,-0.9086759324246032,0.4642583971971357,-0.7988771884799921,0.19516533957505255,0.9985735007953371,False
Muscle_Temp2_°C_,Decanoic_acid,Group_8C vs Group_22C Contrast,1.2568077176132002,0.18468040902639984,-0.6002434122102331,3.1138588474366333,0.18507037916077562,0.015293374819270622,0.1251608194570734,0.875401268173395,-0.1358757671791317,0.6806008210263306,1.1209319504340687,0.20689783514833948,0.9985735007953371,False
Muscle_Temp2_°C_,Palmitic_Acid,Group_22C vs Group_15C (Reference),-0.5984361677314498,0.18811056567372242,-1.4895796169824655,0.29270728151956593,0.2582227795061819,0.10368585856996981,0.07289402028037156,0.7810851064451909,-0.5255421474510782,0.15704408380884471,-0.09893902819320649,0.6573916420448942,0.9985735007953371,False
Muscle_Temp3_°C_,Ethyl_alpha-D-glucopyranoside,Group_8C vs Group_22C Contrast,2.8995162286935448,0.18951212191128625,-1.4319997341791102,7.2310321915662,0.11536705429694927,-0.06893147605785299,-0.17762843923339705,0.9232796549742794,-2.6230897622532265,0.19863405104361043,0.27642646644031826,0.7445764726601571,0.9985735007953371,False
Mean_Body_Temp_°C_,Ascorbic_Acid,Group_8C vs Group_15C (Reference),6.100110372743812,0.19149769505373715,-3.053426958473324,15.253647703960947,0.20744179939829,0.04232550760626719,-2.8041412085028035,0.3862829625671115,1.0449829288434218,0.24257667957872453,3.2959691642410083,0.32760344385242046,0.9985735007953371,False
Muscle_Temp3_°C_,3-OH-Butanoic_Acid,Group_22C vs Group_15C (Reference),-2.691415993563,0.19231776868181005,-6.737487525227358,1.3546555381013583,0.18800705850473276,0.018841862359885497,0.4370752674088195,0.8231887162192758,-2.2543407261541804,0.0006341762423547337,0.18408149151349085,0.43763097555264263,0.9985735007953371,False
Mean_Body_Temp_°C_,Glyceraldehyde-3-PMOX,Group_22C vs Group_15C (Reference),-1.6723086838700367,0.19240240993101865,-4.1868098076212,0.8421924398811274,0.17751058571558231,0.006158624406328639,-0.42779584204397875,0.718206694689927,-2.1001045259140154,1.8493713869194295e-05,-0.27677693941920467,0.7450957432560938,0.9985735007953371,False
Mean_Body_Temp_°C_,Serine,Group_8C vs Group_22C Contrast,5.32890713347718,0.192776575235521,-2.690583842188487,13.348398109142845,0.44661105697351267,0.3313216938429945,0.4270568665930228,0.6898602725426015,-5.546339240072145,0.16658901292508377,-0.21743210659496537,0.7895516528530222,0.9985735007953371,False
Mean_Skin_Temp_°C_,2-OH-Butanoic_Acid,Group_22C vs Group_15C (Reference),-0.9064454347820123,0.19498714961652708,-2.2773148944266524,0.4644240248626277,0.07035324480831673,-0.12332316252328379,0.36955124150359014,0.5402840289157409,-0.5368941932784221,0.1289365203931203,0.11218675979249232,0.3743434850740073,0.9985735007953371,False
Core_Temp_°C_,3-OH-Butanoic_Acid,Group_8C vs Group_22C Contrast,1.8297183253419442,0.19530610997805925,-0.9394975595388941,4.598934210222783,0.09373530884891679,-0.09506983514089207,-0.34275781116179077,0.9549178747194601,-2.1963338613329997,0.01698153234547428,-0.36661553599105573,0.7324076370699037,0.9985735007953371,False
Muscle_Temp1_°C_,Diethanolamine,Group_8C vs Group_15C (Reference),-2.266899008813778,0.1956952714600061,-5.7006989665795205,1.1669009489519642,0.2733823846685455,0.12200371480782579,1.8107463674937008,0.05689650016657789,0.005810858947431274,0.9985102233270862,-0.4561526413200774,0.7565535400828352,0.9985735007953371,False
Mean_Body_Temp_°C_,DL-Ornithine,Group_8C vs Group_22C Contrast,-1.2826628343716084,0.19679890142702425,-3.2304195655608234,0.6650938968176066,0.10587835462218864,-0.08039698816485541,1.0488167029056112,0.20725180184011172,1.4214001340547684,0.04201519332371362,0.13873729968316006,0.844280164032787,0.9985735007953371,False
Muscle_Temp1_°C_,Dodecanoic_acid,Group_8C vs Group_22C Contrast,2.9559567486673166,0.1974010984504084,-1.5387788348136575,7.450692332148291,0.23193803285496706,0.07192512303308529,-1.1066365801370506,0.00013720845775263866,-1.0382802501051305,0.25814438021839914,1.9176764985621861,0.36146591091734526,0.9985735007953371,False
Mean_Skin_Temp_°C_,L-Proline,Group_8C vs Group_15C (Reference),1.4510450570050368,0.19835183155129876,-0.7600109082535651,3.6621010222636388,0.176764957704042,0.005257657225717471,-0.5737962738682486,0.5381647297948289,0.17918930770210706,0.9407111127703758,0.8772487831367882,0.16743491259322996,0.9985735007953371,False
Muscle_Temp3_°C_,Lactic_Acid,Group_8C vs Group_15C (Reference),3.6599574061278353,0.19937908538010995,-1.9297398515630264,9.249654663818697,0.2478894180261092,0.09119971344821531,-0.5471801074924713,0.7630976792475492,1.9944933560340803,0.4183530022536601,3.112777298635364,0.1570121440521388,0.9985735007953371,False
Mean_Body_Temp_°C_,"Ethanolamine,_2TMS",Group_8C vs Group_22C Contrast,2.484236611848887,0.2008440869252926,-1.3222771770215558,6.290750400719331,0.269028244533592,0.11674246214475703,-9.698088337240279,0.003302857256224986,-2.1347794072101394,0.15829386035792403,0.34945720463874785,0.7740806514137979,0.9985735007953371,False
Mean_Skin_Temp_°C_,"Ethanolamine,_3TMS",Group_22C vs Group_15C (Reference),-4.5761587214602475,0.20192552660887686,-11.60477150089601,2.4524540579755154,0.25648727994630816,0.1015887966017891,3.9905095681848652,0.18639271636974653,-0.5856491532753823,0.7619926263236521,-0.07477189736903567,0.9494827707767974,0.9985735007953371,False
Muscle_Temp2_°C_,Lactic_Acid1,Group_8C vs Group_15C (Reference),3.3368235506349624,0.20240555450947495,-1.7937253181025774,8.467372419372502,0.09110447874777472,-0.0982487548464388,-2.281330321236864,0.23394331313350458,-0.8106831050274408,0.8014782055457026,1.0554932293980985,0.5538380453622993,0.9985735007953371,False
Mean_Body_Temp_°C_,Glycerol,Group_8C vs Group_22C Contrast,-8.722255230627923,0.20281127310105623,-22.145504047564714,4.70099358630887,0.23772065770384687,0.07891246139214836,6.23442701516701,0.35168289821903853,1.7767611407142132,0.7838273203842474,-6.945494089913709,0.0018106700430418066,0.9985735007953371,False
Core_Temp_°C_,L-Proline,Group_8C vs Group_15C (Reference),-4.813650323702778,0.203038423429188,-12.225281866689663,2.597981219284107,0.17517487684771027,0.0033363095243166274,0.574607474507822,0.7019269527849961,2.8208836830798267,0.5196279990263566,-4.2390428491949566,0.2219415069659001,0.9985735007953371,False
Mean_Skin_Temp_°C_,1-Monooleoylglycerol,Group_8C vs Group_22C Contrast,-2.2680139335031466,0.20332429252775613,-5.762374832259246,1.226346965252953,0.22391870129957803,0.06223509740365685,1.0510688891155642,0.4458679381786812,1.8814051599359534,0.05624567320296148,-0.38660877356719325,0.794695701255381,0.9985735007953371,False
Muscle_Temp1_°C_,Tyrosine,Group_8C vs Group_22C Contrast,-0.979206857968171,0.20403039421787872,-2.4902425667321766,0.5318288507958346,0.10949250037122393,-0.07602989538477112,0.09527549662394055,0.5913617340397876,0.6506799251487194,0.34187938885975244,-0.32852693281945144,0.35406775215921193,0.9985735007953371,False
Muscle_Temp3_°C_,2-OH-Butanoic_Acid,Group_22C vs Group_15C (Reference),1.6691844048029316,0.20529075545492992,-0.9137040104941225,4.252072820099986,0.2439868055210891,0.08648405667131609,-1.3888766486581252,0.1288201661593718,0.2803077561448064,0.7676845549312274,0.3626372724110949,0.4358089610331519,0.9985735007953371,False
Muscle_Temp3_°C_,Decanoic_acid,Group_8C vs Group_22C Contrast,1.5597301194867716,0.2057079275010992,-0.856056080241951,3.9755163192154943,0.14881529618294553,-0.02851485044560742,-0.13081381371102904,0.7762319341029941,-0.7071995711451068,0.32415469555357257,0.8525305483416649,0.3950244718259466,0.9985735007953371,False
Mean_Body_Temp_°C_,L-Proline,Group_8C vs Group_15C (Reference),3.7001739557717173,0.20571098044055758,-2.030769498011195,9.43111740955463,0.17566350880604953,0.0039267398073099535,-1.2530019043256229,0.3476259370794266,1.6101673281977498,0.7209199376739683,2.4471720514460946,0.34694681421534135,0.9985735007953371,False
Core_Temp_°C_,L-Proline,Group_8C vs Group_22C Contrast,-7.059926532274783,0.20652548994947093,-18.014411422919427,3.89455835836986,0.17517487684771027,0.0033363095243166274,0.574607474507822,0.7019269527849961,2.8208836830798267,0.5196279990263566,-4.2390428491949566,0.2219415069659001,0.9985735007953371,False
Muscle_Temp1_°C_,Ethyl_alpha-D-glucopyranoside,Group_22C vs Group_15C (Reference),-2.1952347728215975,0.20891337715462788,-5.619332781413082,1.2288632357698868,0.14987007403146013,-0.02724032721198566,0.24338883422073576,0.8487370680029716,-1.9518459386008618,0.10187366533566178,0.28747479006889587,0.7049544910800964,0.9985735007953371,False
Core_Temp_°C_,beta-Alanine,Group_22C vs Group_15C (Reference),-4.9418459507334775,0.20956527662819102,-12.661112492571156,2.7774205911042023,0.1234119621110279,-0.05921054578250784,-0.0828765515824895,0.9806751298914287,-5.024722502315967,0.0099981509069067,-0.902654406606696,0.8863474048257058,0.9985735007953371,False
Muscle_Temp1_°C_,1-Monopalmitin,Group_22C vs Group_15C (Reference),-0.814420993241368,0.20970826317678437,-2.086962833199034,0.45812084671629827,0.19878571912292076,0.0318660772735293,0.6214691189602729,0.04505832823730826,-0.19295187428109506,0.7351688789715958,0.5085798347961574,0.34236811193615346,0.9985735007953371,False
Mean_Skin_Temp_°C_,Glutamine_[-H2O],Group_22C vs Group_15C (Reference),-1.764798958792243,0.20983216642459845,-4.52306668864618,0.9934687710616943,0.3855525292605385,0.2575426395231507,-0.030164293076036772,0.9720637792280153,-1.7949632518682799,0.10677947118246034,0.15545291802038305,0.5988967506720944,0.9985735007953371,False
Mean_Skin_Temp_°C_,"Ethanolamine,_3TMS",Group_8C vs Group_15C (Reference),-4.065281465553901,0.20993107616997353,-10.420434877470676,2.289871946362873,0.25648727994630816,0.1015887966017891,3.9905095681848652,0.18639271636974653,-0.5856491532753823,0.7619926263236521,-0.07477189736903567,0.9494827707767974,0.9985735007953371,False
Mean_Skin_Temp_°C_,Campesterol,Group_22C vs Group_15C (Reference),0.9934358862182856,0.21021918568165598,-0.5605594150709569,2.547431187507528,0.15402319113233054,-0.022221977381767122,-0.3102260194876317,0.6772112221882115,0.6832098667306539,0.01158869758863923,-0.16306711241195418,0.2851253697344376,0.9985735007953371,False
Muscle_Temp3_°C_,Leucine,Group_8C vs Group_22C Contrast,-1.359714630079319,0.21094030749009793,-3.4900701192864956,0.7706408591278577,0.04702407656671437,-0.15151257414855346,0.0025099045134647415,0.998013332524191,0.767381614122556,0.4616402835051323,-0.592333015956763,0.054291072281418495,0.9985735007953371,False
Muscle_Temp2_°C_,2-Aminoheptanedioic_acid,Group_8C vs Group_15C (Reference),2.895010451088439,0.21168706708184537,-1.648135580101418,7.438156482278297,0.13339291831262245,-0.047150223705581196,-0.9148785154235644,0.6372382880625695,1.6335546032475483,0.514530593026796,1.9801319356648748,0.11851642279169439,0.9985735007953371,False
Mean_Body_Temp_°C_,Asparagine,Group_22C vs Group_15C (Reference),-4.575022897550487,0.21197797311847288,-11.759188471143787,2.6091426760428122,0.3103521629343775,0.1666755302123729,-0.1248167326174647,0.9701057886897791,-4.6998396301679515,0.0021357559069274945,-4.327266054974173,0.00036170127546708564,0.9985735007953371,False
Mean_Skin_Temp_°C_,Palmitic_Acid,Group_8C vs Group_15C (Reference),-0.3884002404136748,0.21318270744347734,-0.999914495949109,0.22311401512175932,0.5362242948677034,0.43960435629847494,0.28455972647843136,0.31947181658582635,-0.9862598691062698,0.22594103043569858,-0.10384051393524346,0.40642962688227113,0.9985735007953371,False
Mean_Body_Temp_°C_,Stearic_Acid,Group_8C vs Group_15C (Reference),-0.6563903024116969,0.21408273400206423,-1.6918730085600684,0.3790924037366744,0.18193369409858295,0.01150321370245444,0.2282688100243755,0.6397277563152206,-1.0811724499835549,0.4744579368756927,-0.42812149238732145,0.03513928712248493,0.9985735007953371,False
Muscle_Temp1_°C_,Serine,Group_8C vs Group_15C (Reference),-0.5950165114608335,0.21534791408961707,-1.536273229236722,0.34624020631505503,0.12499706199881433,-0.057295216751432676,0.16724325339352128,0.5047908383798785,-1.1978931253398386,0.3184742731985666,-0.42777325806731215,0.29629234281020733,0.9985735007953371,False
Core_Temp_°C_,2-Aminoheptanedioic_acid,Group_22C vs Group_15C (Reference),7.780697009811896,0.2163250875447723,-4.553814139167229,20.11520815879102,0.13752440097011365,-0.042158015494445866,-1.881378756209777,0.6593354911636118,5.899318253602119,0.20212260484798472,-1.7657273662139448,0.7789944899952987,0.9985735007953371,False
Muscle_Temp3_°C_,"Ethanolamine,_2TMS",Group_8C vs Group_22C Contrast,3.9164306892744847,0.21708513006286653,-2.302562973547694,10.135424352096663,0.18294877736066673,0.012729772644138992,-2.8937631244713096,0.11610206454840011,-3.1196130416837704,0.2585975728523111,0.7968176475907138,0.6101346329044541,0.9985735007953371,False
Muscle_Temp3_°C_,Tryptophan,Group_8C vs Group_22C Contrast,-2.4723814731996328,0.2175629461371983,-6.402416073913542,1.4576531275142761,0.15213773759370408,-0.02450023374094079,0.20447009668508784,0.3507227747038887,0.3599769866446044,0.32485085222156673,-2.1124044865550284,0.2839582894116983,0.9985735007953371,False
Mean_Body_Temp_°C_,1-Ethyl-1-tetradecyloxy-1-silacyclohexane,Group_8C vs Group_22C Contrast,-4.29165586050531,0.21769282144340169,-11.115488833689435,2.5321771126788146,0.16981110175290803,-0.0031449187152361446,-1.1039209029503114,0.8086409925411981,1.5229964972900047,0.44705274287698993,-2.768659363215305,0.3309159523856442,0.9985735007953371,False
Muscle_Temp1_°C_,Ornithine,Group_8C vs Group_15C (Reference),-0.8172287611973119,0.2179688981835637,-2.1173975121309385,0.4829399897363147,0.26884549186262885,0.11652163600067655,0.52602367515073,0.32370976990754086,-0.3798355810233043,0.35981049538997656,-0.2912050860465819,0.46085367944697797,0.9985735007953371,False
Muscle_Temp1_°C_,Methionine,Group_8C vs Group_15C (Reference),-0.5893941756454847,0.21946178103365965,-1.5301339784416934,0.35134562715072404,0.12741620233418238,-0.054372088846196265,0.2572842919245871,0.09791498730351313,0.07732730953016201,0.9242719841612246,-0.33210988372089756,0.46456683601333904,0.9985735007953371,False
Core_Temp_°C_,Lysine,Group_22C vs Group_15C (Reference),-10.076010258695733,0.2199355067254175,-26.17499384614286,6.022973328751393,0.3104234345172304,0.16676165004165344,8.95339104590937,0.15093781602399942,-1.122619212786363,0.8337492294218964,2.0790428891329835,0.30555634963551914,0.9985735007953371,False
Mean_Skin_Temp_°C_,Dodecanoic_acid,Group_8C vs Group_15C (Reference),-1.7329833766345868,0.22004867023280972,-4.502543527739095,1.0365767744699215,0.13496144245109998,-0.0452549237049209,0.7455171156584527,0.25912526142267456,0.4895823478007268,0.8202760049052469,-0.9874662609761341,0.4292185081397779,0.9985735007953371,False
Mean_Body_Temp_°C_,Ornithine,Group_22C vs Group_15C (Reference),-1.583669286383441,0.22089900778925164,-4.119271424990048,0.951932852223166,0.27978478745101465,0.12973995150330941,1.0287761975778176,0.12076923950138099,-0.5548930888056234,0.617414569725377,1.3637127327017076,0.4187373481089822,0.9985735007953371,False
Mean_Body_Temp_°C_,N-Acetylglutamine,Group_22C vs Group_15C (Reference),5.658441547107168,0.22139247589662647,-3.4109361800308893,14.727819274245226,0.299555293974224,0.15362931355218734,-4.323036454980033,0.15781100879877874,1.335405092127135,0.7003987340705677,-4.910471676794305,0.0906342794120607,0.9985735007953371,False
Mean_Body_Temp_°C_,L-Aspartic_acid,Group_22C vs Group_15C (Reference),-5.585913367628203,0.22173742550683828,-14.545729248195334,3.373902512938928,0.1878741218173805,0.01868123052933479,1.2488603297062142,0.6607862275612341,-4.337053037921989,0.2253961515482561,1.679216866633857,0.3841892818133861,0.9985735007953371,False
Core_Temp_°C_,"2,3-Butanediol",Group_8C vs Group_22C Contrast,5.679147246862268,0.22181015785732008,-3.4318171129832304,14.790111606707766,0.11770024338657903,-0.06611220590788358,-5.111270298608293,0.5007493171514026,1.0987458574273692,0.5991892493649313,6.777893104289637,0.10257095102028346,0.9985735007953371,False
Mean_Skin_Temp_°C_,2-Aminoheptanedioic_acid,Group_8C vs Group_15C (Reference),2.3497839431070364,0.22269402968443452,-1.4270801094830485,6.126647995697121,0.2607345768542456,0.10672094703221346,-0.8740871921806012,0.639595548942097,2.2954847647396193,0.05232849077972013,1.4756967509264354,0.002042285265128063,0.9985735007953371,False
Mean_Skin_Temp_°C_,Ethyl_alpha-D-glucopyranoside,Group_8C vs Group_15C (Reference),-1.5517587161582962,0.2228892413802338,-4.046990328578599,0.9434728962620067,0.16282416374922404,-0.011587468803020862,0.6492296197132357,0.6018597937932632,1.2609751815941577,0.30534674951031815,-0.9025290964450605,0.0007889129657716598,0.9985735007953371,False
Mean_Body_Temp_°C_,Methionine,Group_8C vs Group_22C Contrast,4.281005107133659,0.22295956790754418,-2.6040338913963357,11.166044105663653,0.42531392900223863,0.30558766421103845,0.3029685702118819,0.695275413731302,-3.256865430763895,0.1999469999540402,1.0241396763697639,0.6728409912461015,0.9985735007953371,False
Mean_Skin_Temp_°C_,Citric_acid,Group_8C vs Group_22C Contrast,2.414260405418507,0.22310115508989273,-1.46972552626973,6.298246337106743,0.23220732473812122,0.07225051739189658,-1.4992197698322016,0.3535373210502334,-2.4182683599917327,0.159784612976702,-0.0040079545732261135,0.9967492067653729,0.9985735007953371,False
Muscle_Temp3_°C_,Lysine,Group_22C vs Group_15C (Reference),-4.052016927678719,0.2235730988509701,-10.577303326799566,2.473269471442128,0.3015546374081848,0.15604518686822333,3.234603679971354,0.07204224984998997,-0.817413247707365,0.7704915204829916,0.00759959616540673,0.9931220453690066,0.9985735007953371,False
Mean_Body_Temp_°C_,Glutamic_Acid,Group_8C vs Group_22C Contrast,1.350679586137246,0.22359701162999696,-0.8245799045331499,3.525939076807642,0.09064063247495924,-0.09880923575942413,-0.22813966825799648,0.3943801001076991,-0.8803481392094893,0.41095643456601394,0.47033144692775675,0.10731396697182394,0.9985735007953371,False
Muscle_Temp1_°C_,Lactic_Acid,Group_8C vs Group_22C Contrast,3.1897636524307127,0.22383978500924356,-1.9500209287620858,8.32954823362351,0.322237739613602,0.18103726869976922,-1.2774803930418546,0.07036981584351037,0.07751764751818846,0.9583359637079272,3.267281299948901,0.1307580540779556,0.9985735007953371,False
Muscle_Temp3_°C_,"1,3-Dioxolane-2-methanol",Group_8C vs Group_22C Contrast,5.352798741146459,0.22418157307493963,-3.278730847573594,13.98432832986651,0.12672764496157884,-0.05520409567142548,1.803094321559052,0.5128837328441458,-3.0366143010911104,0.40568050698538327,2.3161844400553484,0.3466653572039142,0.9985735007953371,False
Muscle_Temp2_°C_,Citric_acid,Group_8C vs Group_15C (Reference),-2.280377331043565,0.22475777505948302,-5.962053066112982,1.4012984040258516,0.15202908442277607,-0.024631522989145616,1.7467704424131092,0.1413550793517343,0.5940837612600216,0.7648484679714502,-0.5336068886304559,0.7138756496572023,0.9985735007953371,False
Muscle_Temp2_°C_,beta-D-Xylopyranose,Group_22C vs Group_15C (Reference),-3.26121458308662,0.22824704809582352,-8.566164160097141,2.0437349939239016,0.1196366373447153,-0.06377239654180222,2.618066010491972,0.20671590328049083,-0.6431485725946482,0.7116204247337825,-0.09126330019144957,0.9347700273535904,0.9985735007953371,False
Muscle_Temp3_°C_,"9-Hexadecenoic_acid,_Z-",Group_8C vs Group_15C (Reference),-0.7152236859372758,0.2288535810799971,-1.8801805415801616,0.44973316970560995,0.15307988452962817,-0.02336180619336581,0.619190789254791,0.10641905955512898,-0.7375185727968392,0.315312641215002,-0.09603289668248483,0.8325091311912236,0.9985735007953371,False
Mean_Skin_Temp_°C_,L-Rhamnose,Group_8C vs Group_22C Contrast,-3.2916419992572177,0.2290397120506266,-8.655313546380473,2.0720295478660375,0.31665860730836803,0.1742958171642781,-0.5283399079019062,0.770132349684389,3.26468321001048,0.2284687673216672,-0.026958789246737447,0.9426060803374268,0.9985735007953371,False
Core_Temp_°C_,Valine,Group_8C vs Group_15C (Reference),2.33660311157809,0.2294658506553109,-1.4742656333001554,6.1474718564563355,0.16861831307062114,-0.004586205039666114,-1.4257100828830194,0.3367521025922289,-1.2700478075276374,0.5875514680274239,0.9108930286950707,0.4683351709567738,0.9985735007953371,False
Muscle_Temp2_°C_,Serine,Group_22C vs Group_15C (Reference),-1.9967278793378815,0.23021594133584522,-5.258526210827047,1.265070452151284,0.26837686191506405,0.11595537481403573,-0.12114602406729523,0.6891393847059528,-2.117873903405177,0.19559391469582632,-0.5576339067018993,0.32210579465402933,0.9985735007953371,False
Mean_Body_Temp_°C_,Oleic_Acid,Group_8C vs Group_22C Contrast,2.279485438917893,0.23181768543569656,-1.4570957042906798,6.016066582126466,0.18590710247023678,0.016304415484869494,-0.6232927349043452,0.47484787729619105,-1.1221493681709365,0.30000190464335064,1.1573360707469567,0.4607794318945828,0.9985735007953371,False
Mean_Body_Temp_°C_,"Ethanolamine,_3TMS",Group_22C vs Group_15C (Reference),-9.587656404761942,0.23307504540229662,-25.346025475130823,6.170712665606938,0.2471540142686779,0.09031110057465253,7.2433898577407865,0.3208837896867932,-2.3442665470211557,0.48741915654120804,0.34581490938543524,0.949983970381056,0.9985735007953371,False
Core_Temp_°C_,L-Alanine,Group_8C vs Group_15C (Reference),-10.900732671156952,0.2333592636833982,-28.828185916064196,7.026720573750293,0.2574868890665809,0.10279665762211865,12.205033680814127,0.04055421749618603,6.072487150472597,0.19070917953052824,1.3043010096571752,0.850904698620516,0.9985735007953371,False
Muscle_Temp2_°C_,Lactic_Acid,Group_8C vs Group_22C Contrast,3.1637388229610615,0.2336759358490294,-2.042998814287593,8.370476460209716,0.28615889289976093,0.13744199558721115,0.12362880471023255,0.9637911977120781,0.6130342000167692,0.5899592484607077,3.7767730229778307,0.11565895937656934,0.9985735007953371,False
Core_Temp_°C_,"1,3-Dioxolane-2-methanol",Group_22C vs Group_15C (Reference),-12.210925210985419,0.23399672434881535,-32.320532131183015,7.898681709212177,0.31239718105698877,0.16914659377719476,10.54576774837145,0.06739097385913348,-1.6651574626139691,0.8444521000958152,13.713298830481381,7.720148026635343e-06,0.9985735007953371,False
Mean_Body_Temp_°C_,Leucine,Group_8C vs Group_22C Contrast,5.452671078469201,0.2346957455491341,-3.5406725151458343,14.446014672084237,0.22908849733981118,0.06848193428560523,0.3258154918422243,0.7590016863764426,-4.271810846083522,0.31416962001725013,1.1808602323856792,0.49828876015901913,0.9985735007953371,False
Mean_Body_Temp_°C_,Asparagine,Group_8C vs Group_15C (Reference),-4.202449322356708,0.23579954388448165,-11.149976023941022,2.745077379227606,0.3103521629343775,0.1666755302123729,-0.1248167326174647,0.9701057886897791,-4.6998396301679515,0.0021357559069274945,-4.327266054974173,0.00036170127546708564,0.9985735007953371,False
Core_Temp_°C_,alpha-D-Glucopyranoside,Group_22C vs Group_15C (Reference),-5.108451848552401,0.23581020356254379,-13.553982188383543,3.3370784912787412,0.10943410755652894,-0.07610045336919424,5.930160596851104,0.057246747384406806,0.8217087482987031,0.782272471746591,-2.7347782104505303,0.607440096478506,0.9985735007953371,False
Mean_Body_Temp_°C_,Linoleic_Acid,Group_8C vs Group_15C (Reference),-8.786038482820413,0.23750883932350664,-23.36425459949841,5.792177633857584,0.26868087769375737,0.11632272721329018,6.378941176368349,0.14069188530979077,-0.6619866480825234,0.6661718153806022,-2.407097306452064,0.6906199780213269,0.9985735007953371,False
Core_Temp_°C_,Ethyl_alpha-D-glucopyranoside,Group_8C vs Group_22C Contrast,3.9594988701086846,0.23804497757221615,-2.6179231650821366,10.536920905299507,0.11222257992543705,-0.07273104925676344,2.381053992641852,0.5589384718619903,0.8748423816118245,0.7307737017054925,4.8343412517205095,0.02730611249547721,0.9985735007953371,False
Muscle_Temp3_°C_,Ornithine,Group_22C vs Group_15C (Reference),-1.1286047103036765,0.23814478360597002,-3.0037793223684455,0.7465699017610927,0.29530889652668313,0.14849824996974215,1.048994266730277,0.17050742187854295,-0.07961044357339953,0.8897061557879793,-0.5296723550253377,0.3878736118889512,0.9985735007953371,False
Mean_Skin_Temp_°C_,DL-Ornithine,Group_22C vs Group_15C (Reference),0.7458835019798121,0.23867018619554103,-0.4947882295535716,1.986555233513196,0.08862571379881257,-0.10124392915976799,0.009979081714953028,0.9856713655017707,0.7558625836947651,0.012678113967912408,-0.07019545533646573,0.7148743459391258,0.9985735007953371,False
Mean_Skin_Temp_°C_,3-OH-Butanoic_Acid,Group_8C vs Group_15C (Reference),-2.3150621087321754,0.23999368881608163,-6.17670333625268,1.5465791187883289,0.26904476038780256,0.11676241880192817,2.298419693880586,0.24180298167713932,-0.6359076480292343,0.400610932958001,-0.01664241485158957,0.917898496986806,0.9985735007953371,False
Muscle_Temp2_°C_,2-Keto-3-methylvaleric_acid,Group_8C vs Group_15C (Reference),-2.5199597734132353,0.24079931981041114,-6.730588329373248,1.6906687825467768,0.13005375978662914,-0.05118504025782311,1.4488841591128245,0.3910195795387108,-0.41978249902775233,0.7732356895004917,-1.0710756143004108,0.41974239763845156,0.9985735007953371,False
Core_Temp_°C_,L-Rhamnose,Group_22C vs Group_15C (Reference),8.70577652255681,0.24199677735355885,-5.877861549687257,23.289414594800878,0.24762202952533885,0.0908766190097845,-6.431011726926411,0.0962747667540438,2.274764795630399,0.7204738209130244,1.057024675819183,0.7857015004802637,0.9985735007953371,False
Muscle_Temp1_°C_,Indole-3-Propionic_Acid,Group_22C vs Group_15C (Reference),0.6450651791188163,0.2420684569521412,-0.43569186947455474,1.7258222277121873,0.1233723515122419,-0.05925840858937437,-0.16264545620952048,0.05672463559364932,0.48241972290929586,0.3758613624413676,-0.10198112215254998,0.31595219695965504,0.9985735007953371,False
Muscle_Temp3_°C_,Tryptophan,Group_8C vs Group_15C (Reference),-2.316874583240116,0.24281025168026604,-6.204737894050201,1.570988727569968,0.15213773759370408,-0.02450023374094079,0.20447009668508784,0.3507227747038887,0.3599769866446044,0.32485085222156673,-2.1124044865550284,0.2839582894116983,0.9985735007953371,False
Mean_Body_Temp_°C_,Campesterol,Group_8C vs Group_22C Contrast,-1.4788971308826182,0.2428669905768912,-3.9609253222873324,1.0031310605220962,0.12923241750188086,-0.052177495518560546,0.681353175447809,0.4914481969332427,1.0131813879529719,0.3621247097270244,-0.46571574292964635,0.44240526870132246,0.9985735007953371,False
Muscle_Temp1_°C_,Proline,Group_8C vs Group_22C Contrast,-1.0334598318463535,0.24287737760839995,-2.7679503067505484,0.7010306430578412,0.08105079300595563,-0.11039695845113684,0.314582441595145,0.5955248717476173,0.5256709610781644,0.4693294418233458,-0.507788870768189,0.3149344454346388,0.9985735007953371,False
Muscle_Temp2_°C_,1-Ethyl-1-tetradecyloxy-1-silacyclohexane,Group_8C vs Group_22C Contrast,-1.6496821446880547,0.2428879292326212,-4.4184613065336045,1.1190970171574954,0.22364275859483262,0.06190166663542285,-2.831659803824106,0.14084175719059838,0.9807519966708824,0.33672606580417175,-0.6689301480171723,0.49326412122021623,0.9985735007953371,False
Mean_Body_Temp_°C_,Diethanolamine,Group_8C vs Group_15C (Reference),-8.760193375520666,0.24312122370675748,-23.470061380028582,5.94967462898725,0.3061467524717584,0.16159399257004148,4.771562693958001,0.42823454613103273,2.372022411817668,0.6828050742801013,-3.9886306815626655,0.3730564429565093,0.9985735007953371,False
Mean_Body_Temp_°C_,3-OH-Butanoic_Acid,Group_8C vs Group_22C Contrast,1.5512313529220134,0.24358568391905636,-1.0561682707297293,4.158630976573756,0.13350075624964175,-0.04701991953168272,2.117774517500508,0.6931366506973161,-1.7605554012812377,0.1693844855965505,-0.20932404835922425,0.5590052726303663,0.9985735007953371,False
Mean_Skin_Temp_°C_,L-Rhamnose,Group_22C vs Group_15C (Reference),3.7930231179123863,0.24441036588382026,-2.5935521813128775,10.179598417137651,0.31665860730836803,0.1742958171642781,-0.5283399079019062,0.770132349684389,3.26468321001048,0.2284687673216672,-0.026958789246737447,0.9426060803374268,0.9985735007953371,False
Muscle_Temp1_°C_,L-+-Erythrulose,Group_22C vs Group_15C (Reference),3.0335292873393582,0.24441554570218682,-2.074289820770863,8.14134839544958,0.2536926522163946,0.09821195476147682,-1.1113784188876759,0.5975921548087342,1.9221508684516824,0.2107466536330509,1.9970922117095578,0.3050695785596904,0.9985735007953371,False
Mean_Skin_Temp_°C_,1H-Indole-3-Acetic_Acid,Group_8C vs Group_15C (Reference),0.46070074208328304,0.2446456265648813,-0.3153998937499044,1.2368013779164704,0.04447868892152573,-0.15458825088648975,-0.4328737529675053,0.2562635802560145,-0.37865445785162316,0.31652428448770564,0.027826989115777745,0.7944744054947785,0.9985735007953371,False
Mean_Skin_Temp_°C_,Asparagine,Group_8C vs Group_22C Contrast,1.4544378432205551,0.2467441416960877,-1.0066804484259033,3.9155561348670136,0.36538586769585235,0.2331745901324883,-0.9068923703456578,0.4919318330983623,-2.8212165548278474,0.01787747660821304,-1.3667787116072923,0.0005726507153627214,0.9985735007953371,False
Muscle_Temp2_°C_,Cysteine,Group_8C vs Group_15C (Reference),-1.4466586757376025,0.2480746730536424,-3.9014677367308024,1.0081503852555973,0.10565342644858255,-0.08066877637462944,0.7820972344139776,0.47038612027170434,-0.11467190392243698,0.9380905721526782,-0.6645614413236249,0.29021622433420147,0.9985735007953371,False
Muscle_Temp2_°C_,Arachidonic_acid1,Group_22C vs Group_15C (Reference),1.4206782616768066,0.2482356622322841,-0.9908657485986532,3.8322222719522663,0.0785222258224142,-0.11345231046458282,-1.2139890696265077,0.20169300989283268,0.2066891920502989,0.7912507307995134,-0.0027729123837663128,0.9978443457811346,0.9985735007953371,False
Muscle_Temp2_°C_,Oxalic_acid,Group_8C vs Group_15C (Reference),3.082824849922279,0.2488783090028699,-2.1572585521724017,8.322908252016958,0.4452153657746978,0.3296352336444265,0.08677517040159634,0.9710946099972435,0.8743155057056798,0.670134243242215,3.169600020323875,0.007667040609882658,0.9985735007953371,False
Mean_Body_Temp_°C_,Glycolic_acid,Group_8C vs Group_22C Contrast,-2.8790733278885514,0.2494183169559241,-7.778503008567595,2.020356352790493,0.2175877884161117,0.054585244336134986,0.7501470198333009,0.9275168709531098,5.332747043769539,0.01735492694346652,2.4536737158809867,0.02658182933526132,0.9985735007953371,False
Mean_Skin_Temp_°C_,Butanoic_acid,Group_8C vs Group_15C (Reference),-1.4070036795263283,0.24949269886468695,-3.8016880996784757,0.9876807406258192,0.1680626005659509,-0.00525769098280926,1.0107637868135462,0.2801195468251454,1.1359520660681406,0.5129102145236031,-0.39623989271278215,0.6139425375940823,0.9985735007953371,False
Muscle_Temp2_°C_,beta-D-Xylopyranose,Group_8C vs Group_15C (Reference),-2.7093293106834215,0.24981256883101688,-7.323654942990754,1.9049963216239112,0.1196366373447153,-0.06377239654180222,2.618066010491972,0.20671590328049083,-0.6431485725946482,0.7116204247337825,-0.09126330019144957,0.9347700273535904,0.9985735007953371,False
Muscle_Temp2_°C_,Alanine,Group_22C vs Group_15C (Reference),-2.3265867622581333,0.2500762154423224,-6.291260628526468,1.6380871040102014,0.12324615417398255,-0.05941089703977109,1.0509166245865589,0.2616488963670477,-1.2756701376715744,0.47682383799402794,0.5510694678739245,0.28445329183587154,0.9985735007953371,False
Muscle_Temp3_°C_,"1,5-Anhydrohexitol",Group_8C vs Group_22C Contrast,2.2150176467110714,0.2513060491351967,-1.569413497951862,5.999448791374005,0.2326296485513013,0.07276082533282247,-1.8132340645250904,0.2919275546969242,0.9809083696696861,0.245967178827168,3.1959260163807572,0.06560817770899519,0.9985735007953371,False
Mean_Body_Temp_°C_,Ascorbic_Acid,Group_22C vs Group_15C (Reference),3.8491241373462253,0.25167389666435713,-2.732215902494002,10.430464177186453,0.20744179939829,0.04232550760626719,-2.8041412085028035,0.3862829625671115,1.0449829288434218,0.24257667957872453,3.2959691642410083,0.32760344385242046,0.9985735007953371,False
Muscle_Temp3_°C_,Cholesterol,Group_8C vs Group_22C Contrast,-0.8979377147765444,0.25210581342584026,-2.434683988479735,0.6388085589266466,0.24197581977019078,0.08405411555564724,-1.995503984218352,0.4112733780744211,0.2716527980941108,0.5479870974528791,-0.6262849166824336,0.3281968718766879,0.9985735007953371,False
Muscle_Temp2_°C_,Tyrosine,Group_8C vs Group_15C (Reference),-0.4849969979742542,0.25457970117753337,-1.31935138751576,0.34935739156725154,0.08748861186464096,-0.10261792733022546,0.1957911493485301,0.3394199623355073,0.6049234410919815,0.42327046688244474,-0.2892058486257241,0.4382739301372056,0.9985735007953371,False
Muscle_Temp1_°C_,1-Monooleoylglycerol,Group_8C vs Group_22C Contrast,1.277456983143552,0.25504281209620183,-0.9223729460190622,3.477286912306166,0.11766629854190813,-0.06615322259519418,0.4195315178651649,0.7796964652195151,-1.0350240675464488,0.2704625891637773,0.2424329155971032,0.6931746955447702,0.9985735007953371,False
Muscle_Temp1_°C_,L-Alanine,Group_22C vs Group_15C (Reference),-3.430991063385075,0.25572661074087233,-9.347687344167179,2.485705217397028,0.22589274027801187,0.06462039450259771,2.250882822716205,0.07953779111854425,-1.1801082406688699,0.6657974347609166,-2.0139927335015386,0.24633870007838476,0.9985735007953371,False
Muscle_Temp2_°C_,Linoleic_Acid,Group_8C vs Group_22C Contrast,1.7671775450521108,0.2558753990994919,-1.2813054777286328,4.815660567832854,0.35512811485591156,0.22077980545089315,4.249706204921727,0.0028272426438040632,-1.3921260551896095,0.1566207288854915,0.37505148986250125,0.7557146576092229,0.9985735007953371,False
Muscle_Temp3_°C_,L-Proline,Group_22C vs Group_15C (Reference),2.3658605087511955,0.2560923474205826,-1.7171728026431925,6.448893820145583,0.16378532560271164,-0.010426064896723375,-0.14549506294919504,0.876491403881597,2.2203654458020003,0.23283570251596597,-0.8562789468444514,0.48165352143335083,0.9985735007953371,False
Mean_Body_Temp_°C_,Lactic_Acid1,Group_8C vs Group_15C (Reference),-11.990306288316695,0.25733249028303273,-32.737357468051975,8.756744891418585,0.22752967746147823,0.0665983602659529,9.127797021879054,0.25847685455327063,4.696077811087656,0.26440345381469266,-2.862509266437641,0.6756380271396665,0.9985735007953371,False
Muscle_Temp3_°C_,"Ethanolamine,_3TMS",Group_8C vs Group_15C (Reference),-2.746348946941981,0.25747228779820075,-7.499804175535572,2.00710628165161,0.1617065797713787,-0.012937882776250742,0.8253436819071277,0.629702008430967,-0.11290358834725334,0.9639238405723294,-1.9210052650348532,0.2635087705788335,0.9985735007953371,False
Muscle_Temp3_°C_,L-Rhamnose,Group_22C vs Group_15C (Reference),3.290051153521699,0.25767005506622986,-2.406825544096512,8.98692785113991,0.22530775309326545,0.06391353498769581,-0.7160125373003186,0.6297736635260297,2.5740386162213804,0.3028868986978337,-0.25719005961760866,0.7259381165793792,0.9985735007953371,False
Mean_Skin_Temp_°C_,Linoleic_Acid,Group_8C vs Group_15C (Reference),-3.4295819081914587,0.25795253956358966,-9.37158813406596,2.5124243176830428,0.2368117898630011,0.07781424608445975,2.6637935119332945,0.3081739339305909,-0.008714883080283453,0.9929216664778757,-0.7657883962581642,0.6180168604220742,0.9985735007953371,False
Core_Temp_°C_,DL-Ornithine,Group_22C vs Group_15C (Reference),-1.9376928557297668,0.25799109472096904,-5.295162056645374,1.4197763451858405,0.20775919218920091,0.042709023895284526,2.917390460699839,0.061177423059618194,0.9796976049700721,0.1685510608391454,2.42031074523966,0.3918349248087438,0.9985735007953371,False
Muscle_Temp1_°C_,Lactic_Acid1,Group_8C vs Group_22C Contrast,2.746036428605192,0.25932047666139074,-2.0254508932292095,7.517523750439594,0.08946039270939998,-0.10023535880947487,0.3357737325155176,0.9036534261537198,-1.876870361521679,0.3220404677372217,0.8691660670835128,0.5694325191599008,0.9985735007953371,False
Muscle_Temp1_°C_,2-Keto-3-methylvaleric_acid,Group_8C vs Group_15C (Reference),-1.5609255435557643,0.2597575121102801,-4.275614413934237,1.1537633268227083,0.09081901795405989,-0.09859368663884416,0.4120901092559121,0.42454073546148596,0.0806280445381215,0.9418878284727257,-1.1488354342998521,0.3714337032498465,0.9985735007953371,False
Muscle_Temp3_°C_,L-Norvaline,Group_8C vs Group_15C (Reference),-3.4023103596116293,0.26013109568492787,-9.324090243198652,2.5194695239753937,0.2296630349844888,0.06917616727292408,4.392037562886471,0.011501142102202478,0.8538976770123203,0.8278715097221487,0.9897272032748416,0.6888157332419955,0.9985735007953371,False
Muscle_Temp2_°C_,alpha-D-Glucopyranoside,Group_8C vs Group_22C Contrast,-1.6903660294793377,0.2602534523110793,-4.633286739132259,1.252554680173584,0.09327919595805856,-0.09562097155067928,1.7092878594897642,0.09611350024108764,0.41547620987038525,0.6873297299429191,-1.2748898196089524,0.24230243976049626,0.9985735007953371,False
Muscle_Temp3_°C_,Cysteine,Group_8C vs Group_22C Contrast,-1.7461925469449056,0.26169342042335136,-4.795501778363274,1.3031166844734625,0.15340002652147267,-0.022974967953220515,1.0987318168765603,0.11874876832927327,0.8525447718125889,0.549869989382429,-0.8936477751323166,0.1511755007287945,0.9985735007953371,False
Mean_Skin_Temp_°C_,Leucine,Group_22C vs Group_15C (Reference),-3.0766957681298543,0.2621588996870735,-8.45455775467408,2.3011662184143717,0.2575540290252324,0.10287778507215584,0.6834164523497925,0.2718586582272974,-2.393279315780062,0.3704970551032951,0.28594469824740776,0.4739730012151271,0.9985735007953371,False
Muscle_Temp2_°C_,beta-Alanine,Group_8C vs Group_15C (Reference),-1.9691811902414311,0.262475329919322,-5.413463751544641,1.4751013710617784,0.17369704492821614,0.0015505959549279025,-0.28929463622852997,0.822491930418675,-1.5708029200542368,0.21920060315126078,-2.258475826469961,0.058523564404432404,0.9985735007953371,False
Muscle_Temp2_°C_,"2-Ethyl-3-hydroxypropionic_acid,_di-",Group_8C vs Group_15C (Reference),1.6353456509438384,0.26346538604584857,-1.2309661372605105,4.501657439148188,0.21529303748305084,0.05181242029201982,-0.8500161029267558,0.511861605839602,-0.793217308204362,0.6491685188371932,0.7853295480170827,0.24660538167197354,0.9985735007953371,False
Mean_Body_Temp_°C_,L-Rhamnose,Group_8C vs Group_22C Contrast,-5.044143615243836,0.26348435869685405,-13.885655807068105,3.797368576580432,0.29227929034773714,0.14483747583684914,-3.8220402679550993,0.4063376186614367,4.828247047015168,0.2614862085062941,-0.21589656822866843,0.8742221868299069,0.9985735007953371,False
Mean_Skin_Temp_°C_,Ornithine,Group_8C vs Group_22C Contrast,1.0157517025890608,0.2642232257634033,-0.7674422879491654,2.798945693127287,0.32908298008423054,0.18930860093511193,0.41133511299668124,0.3447818135666155,-0.559209789606242,0.48938840101000514,0.4565419129828187,0.2728201953393401,0.9985735007953371,False
Muscle_Temp2_°C_,L-Rhamnose,Group_22C vs Group_15C (Reference),3.3146793730546196,0.2650739196649248,-2.5146404407885234,9.143999186897762,0.2510707069190379,0.0950437708605042,-1.1944039801160735,0.5076256115812064,2.120275392938546,0.3700874925728592,0.014336532850922401,0.9870968796502555,0.9985735007953371,False
Muscle_Temp1_°C_,Serine,Group_22C vs Group_15C (Reference),-1.36513637873336,0.2657635959544269,-3.769383402184394,1.0391106447176743,0.12499706199881433,-0.057295216751432676,0.16724325339352128,0.5047908383798785,-1.1978931253398386,0.3184742731985666,-0.42777325806731215,0.29629234281020733,0.9985735007953371,False
Core_Temp_°C_,Serine,Group_8C vs Group_22C Contrast,6.285821675560331,0.26756816294688285,-4.826679831499928,17.39832318262059,0.309767986641865,0.16596965052558688,0.3069437746374171,0.8531364496005532,-5.457363460469915,0.3064664871112759,0.8284582150904161,0.6653070379513921,0.9985735007953371,False
Muscle_Temp3_°C_,alpha-D-Glucopyranoside,Group_22C vs Group_15C (Reference),-1.9344586803021564,0.267862312027632,-5.3563659673016755,1.4874486066973625,0.1594611088354152,-0.015651160157206467,1.2964667103737768,0.32033725903030685,-0.6379919699283796,0.5824074312285612,-2.3093602928886354,0.10196133750753367,0.9985735007953371,False
Mean_Skin_Temp_°C_,Indole-3-Propionic_Acid,Group_8C vs Group_22C Contrast,0.44013464704983024,0.26818614373207406,-0.3389707293504299,1.2192400234500904,0.07044021931141375,-0.12321806833204163,0.056566249698529206,0.9290469016728916,-0.4488501272804465,0.2531037295735441,-0.008715480230616232,0.886928099944621,0.9985735007953371,False
Mean_Skin_Temp_°C_,Tryptophan,Group_8C vs Group_22C Contrast,2.2889822711838006,0.27075831344247214,-1.7846872470942658,6.362651789461867,0.14484058784445308,-0.033317623021285714,-0.029693992056106462,0.8798855391104061,-1.780526480241702,0.327620343194891,0.5084557909420985,0.6131614725497072,0.9985735007953371,False
Muscle_Temp1_°C_,Aminomalonic_acid,Group_22C vs Group_15C (Reference),-2.050494083899551,0.2713141856339458,-5.703897861247507,1.6029096934484048,0.34452626921421403,0.20796924196717537,-0.10470954742554875,0.902010072192163,-2.1552036313250995,0.1938300006066085,-0.6098362721365158,0.8611009658065418,0.9985735007953371,False
Core_Temp_°C_,Oleic_Acid,Group_8C vs Group_15C (Reference),3.992641047416231,0.27439309901678033,-3.1669392175483804,11.152221312380842,0.17870253201189323,0.00759889284770443,-1.6018365608679344,0.2098884715846604,-0.38212477525722655,0.6783696018505314,2.3908044865482965,0.4847973519435147,0.9985735007953371,False
Mean_Skin_Temp_°C_,2-Keto-3-methylvaleric_acid,Group_8C vs Group_15C (Reference),-1.5155882533081197,0.2752804909362814,-4.238361370176241,1.2071848635600013,0.23688695207161437,0.07790506708653411,1.5761666027420804,0.23859859313968523,-1.8923034126413825,0.01220052199211974,0.060578349433960677,0.8718911559683462,0.9985735007953371,False
Mean_Skin_Temp_°C_,alpha-D-Glucopyranoside,Group_22C vs Group_15C (Reference),2.3992113417785084,0.27529784057806916,-1.9111574001711964,6.709580083728213,0.2552034358290407,0.1000374849600909,0.5803824092897825,0.7427974682068703,2.9795937510682906,0.02263085917025287,0.6553674196297927,0.3539345109851568,0.9985735007953371,False
Muscle_Temp1_°C_,"1,3-Dioxolane-2-methanol",Group_8C vs Group_22C Contrast,2.753935170537836,0.27581579666002026,-2.199153851853033,7.707024192928705,0.10646691765778515,-0.07968580783017631,1.1965857942944191,0.1659602355766503,-0.3913388368166155,0.8465821033933578,2.3625963337212204,0.11888141638083272,0.9985735007953371,False
Mean_Skin_Temp_°C_,Lactic_Acid1,Group_22C vs Group_15C (Reference),-5.020052532272296,0.27581850843635236,-14.048751131657276,4.008646067112683,0.2299471481323785,0.06951947065995745,5.477572579635739,0.1952280897813118,0.45752004736344265,0.802226310107967,-0.8938087092879785,0.5761393180244778,0.9985735007953371,False
Core_Temp_°C_,Nonanoic_acid,Group_8C vs Group_15C (Reference),-5.270931806503212,0.2762623003305422,-14.759608546091393,4.217744933084969,0.265019885434121,0.11189902823289632,4.383769012647794,0.12027151857368402,2.2487362291839674,0.4182746463642566,-0.8871627938554179,0.821580170425964,0.9985735007953371,False
Muscle_Temp3_°C_,L-Rhamnose,Group_8C vs Group_22C Contrast,-2.831228675838989,0.27690955829661346,-7.934943880938624,2.2724865292606453,0.22530775309326545,0.06391353498769581,-0.7160125373003186,0.6297736635260297,2.5740386162213804,0.3028868986978337,-0.25719005961760866,0.7259381165793792,0.9985735007953371,False
Muscle_Temp2_°C_,"R*,R*-2,3-Dihydroxybutanoic_acid",Group_22C vs Group_15C (Reference),-1.827010783079615,0.27834499444578287,-5.13026519811803,1.4762436319588002,0.22534306098778967,0.06395619869357927,2.2646762270875347,0.0917117635030555,0.43766544400791974,0.6673715061059715,0.5043583112956154,0.6765911698641083,0.9985735007953371,False
Muscle_Temp1_°C_,L-+-Erythrulose,Group_8C vs Group_15C (Reference),3.1084706305972336,0.2784021715152144,-2.512345087080371,8.729286348274838,0.2536926522163946,0.09821195476147682,-1.1113784188876759,0.5975921548087342,1.9221508684516824,0.2107466536330509,1.9970922117095578,0.3050695785596904,0.9985735007953371,False
Mean_Body_Temp_°C_,L-+-Erythrulose,Group_8C vs Group_22C Contrast,6.310730045187887,0.2791180736997584,-5.1177100616171405,17.739170151992916,0.33655002859632177,0.19833128455388882,-7.439528649782679,0.17292552277176143,-1.820374026118592,0.6126015431278871,4.490356019069295,0.32800577298953737,0.9985735007953371,False
Muscle_Temp3_°C_,Valine,Group_22C vs Group_15C (Reference),1.9162169285944544,0.2796520231512569,-1.557755321891009,5.3901891790799175,0.24171062466243654,0.08373367146711086,-1.5478966442951174,0.32102396994102855,0.36832028429933694,0.6617148328911051,-0.2713697755179165,0.22290362229517968,0.9985735007953371,False
Mean_Skin_Temp_°C_,Asparagine,Group_22C vs Group_15C (Reference),-1.9143241844821894,0.2815764865893401,-5.39877808406521,1.5701297151008309,0.36538586769585235,0.2331745901324883,-0.9068923703456578,0.4919318330983623,-2.8212165548278474,0.01787747660821304,-1.3667787116072923,0.0005726507153627214,0.9985735007953371,False
Muscle_Temp1_°C_,"2-Ethyl-3-hydroxypropionic_acid,_di-",Group_22C vs Group_15C (Reference),-1.7378774359632692,0.28232564422829165,-4.906091224395039,1.430336352468501,0.2703154461874352,0.1182978308098176,0.5502245681471484,0.6113056849931077,-1.1876528678161207,0.32244734687122634,0.7893009173479253,0.14041427459332656,0.9985735007953371,False
Muscle_Temp2_°C_,Indole-3-Propionic_Acid,Group_22C vs Group_15C (Reference),0.5922067845098633,0.2823804739249036,-0.48753072754134896,1.6719442965610756,0.08578820073115612,-0.10467259078318625,-0.14006364771268187,0.6831760300715043,0.45214313679718143,0.294090758574602,-0.16326869046718617,0.19345074040807608,0.9985735007953371,False
Mean_Skin_Temp_°C_,Palmitic_Acid,Group_8C vs Group_22C Contrast,0.8824193551710264,0.2842424467889928,-0.7327106127740826,2.4975493231161354,0.5362242948677034,0.43960435629847494,0.28455972647843136,0.31947181658582635,-0.9862598691062698,0.22594103043569858,-0.10384051393524346,0.40642962688227113,0.9985735007953371,False
Muscle_Temp1_°C_,Tyrosine,Group_8C vs Group_15C (Reference),-0.423802429443392,0.2850627245202175,-1.2008141436560023,0.35320928476921826,0.10949250037122393,-0.07602989538477112,0.09527549662394055,0.5913617340397876,0.6506799251487194,0.34187938885975244,-0.32852693281945144,0.35406775215921193,0.9985735007953371,False
Muscle_Temp1_°C_,Palmitic_Acid,Group_22C vs Group_15C (Reference),-0.42958415837275565,0.285994208001941,-1.2187205915461818,0.35955227480067053,0.2328715748758079,0.07305315297493464,-0.004072732572599922,0.9386675574717476,-0.4336568909453556,0.2772598615541799,-0.009113066364139076,0.9612039380531365,0.9985735007953371,False
Mean_Body_Temp_°C_,Phenylalanine,Group_8C vs Group_15C (Reference),-0.30598056156937026,0.2861903370120731,-0.8682888065430082,0.2563276834042677,0.2305882698279783,0.0702941593754739,0.11128432481848748,0.6654827882552199,-0.9567481925276077,0.4907017382318466,-0.19469623675088277,0.12445857689003548,0.9985735007953371,False
Muscle_Temp3_°C_,D---Ribofuranose,Group_22C vs Group_15C (Reference),-4.123719756309699,0.28686637219512734,-11.71262297015975,3.465183457540353,0.1746836274936997,0.0027427165548872257,2.735205221005125,0.07633491265819489,-1.3885145353045738,0.6957915186651484,-0.807663123042341,0.4272673797174362,0.9985735007953371,False
Core_Temp_°C_,Indole-3-Propionic_Acid,Group_8C vs Group_15C (Reference),0.8895635875520972,0.2871936101962238,-0.7486168683541191,2.5277440434583136,0.0401879278100421,-0.15977292056286574,-0.9008856132523864,0.14076889557707917,0.4135884414669113,0.5791078577291733,-0.011322025700289173,0.9841429980121583,0.9985735007953371,False
Muscle_Temp2_°C_,Tyrosine,Group_8C vs Group_22C Contrast,-0.8941292897177057,0.28859375950473287,-2.545537403390323,0.7572788239549116,0.08748861186464096,-0.10261792733022546,0.1957911493485301,0.3394199623355073,0.6049234410919815,0.42327046688244474,-0.2892058486257241,0.4382739301372056,0.9985735007953371,False
Muscle_Temp3_°C_,"1,3-Dioxolane-2-methanol",Group_22C vs Group_15C (Reference),-4.839708622650162,0.2901035188588805,-13.806249352778089,4.126832107477764,0.12672764496157884,-0.05520409567142548,1.803094321559052,0.5128837328441458,-3.0366143010911104,0.40568050698538327,2.3161844400553484,0.3466653572039142,0.9985735007953371,False
Muscle_Temp1_°C_,"9-Hexadecenoic_acid,_Z-",Group_8C vs Group_15C (Reference),-0.5012889842577655,0.2905269351719528,-1.430843964666348,0.4282659961508172,0.1456545674219757,-0.03233406436511266,0.2660022305844423,0.11027662675813495,-0.45721521452546665,0.282413014495831,-0.2352867536733232,0.5962125315218505,0.9985735007953371,False
Core_Temp_°C_,beta-D-Xylopyranose,Group_22C vs Group_15C (Reference),-7.358193593625314,0.2906695712958105,-21.006744387591596,6.290357200340965,0.29874537084890707,0.15265065644242948,10.799157682089062,0.003127919477441523,3.4409640884637476,0.5615760189290193,-7.280198277275877,0.1503652201450021,0.9985735007953371,False
Mean_Skin_Temp_°C_,Ornithine,Group_22C vs Group_15C (Reference),-0.9705449026029233,0.2907548222044204,-2.771105364065868,0.8300155588600214,0.32908298008423054,0.18930860093511193,0.41133511299668124,0.3447818135666155,-0.559209789606242,0.48938840101000514,0.4565419129828187,0.2728201953393401,0.9985735007953371,False
Mean_Skin_Temp_°C_,Glutamic_Acid,Group_8C vs Group_15C (Reference),0.24614433013833367,0.2909795218848974,-0.21071677663990354,0.7030054369165709,0.1136998454526823,-0.07094602007800876,-0.04852668210357611,0.7666719131130031,-0.5399880921688791,0.46743150057534155,0.19761764803475756,0.23414675480526492,0.9985735007953371,False
Muscle_Temp1_°C_,Proline,Group_8C vs Group_15C (Reference),-0.822371312363334,0.2909849835550019,-2.348767313488207,0.7040246887615389,0.08105079300595563,-0.11039695845113684,0.314582441595145,0.5955248717476173,0.5256709610781644,0.4693294418233458,-0.507788870768189,0.3149344454346388,0.9985735007953371,False
Core_Temp_°C_,Campesterol,Group_22C vs Group_15C (Reference),-1.375343810879879,0.2910896572822983,-3.9286609981828065,1.1779733764230482,0.1313049295495885,-0.049673210127580525,1.4754960396712848,0.028424512810381004,0.10015222879140584,0.9284436514806682,1.5027901579556278,0.34540508547224436,0.9985735007953371,False
Muscle_Temp2_°C_,3-OH-Butanoic_Acid,Group_22C vs Group_15C (Reference),-2.3787701105729337,0.29118655568501073,-6.7958289705260935,2.0382887493802255,0.19436902490824481,0.02652923843079591,0.9891402850617804,0.6505603486186406,-1.3896298255111534,0.012673064839754389,0.07737212635445334,0.7674242132853994,0.9985735007953371,False
Muscle_Temp1_°C_,Indole-3-Propionic_Acid,Group_8C vs Group_22C Contrast,-0.5844008450618459,0.2916397685667509,-1.6705949944085488,0.501793304284857,0.1233723515122419,-0.05925840858937437,-0.16264545620952048,0.05672463559364932,0.48241972290929586,0.3758613624413676,-0.10198112215254998,0.31595219695965504,0.9985735007953371,False
Muscle_Temp2_°C_,Dodecanoic_acid,Group_8C vs Group_22C Contrast,2.480010728770219,0.2924504816207404,-2.1372009704884856,7.097222428028923,0.09810176638995827,-0.08979369894546707,-0.6504067187215662,0.5411902156159232,-1.1236846817770214,0.30942812277695686,1.3563260469931975,0.5143897188350319,0.9985735007953371,False
Mean_Body_Temp_°C_,Leucine,Group_22C vs Group_15C (Reference),-4.597626337925746,0.29331420523473184,-13.172526741223193,3.9772740653717005,0.22908849733981118,0.06848193428560523,0.3258154918422243,0.7590016863764426,-4.271810846083522,0.31416962001725013,1.1808602323856792,0.49828876015901913,0.9985735007953371,False
Muscle_Temp3_°C_,Glutamic_Acid,Group_22C vs Group_15C (Reference),0.3652917850861658,0.2934578851522309,-0.3162062135401008,1.0467897837124323,0.05740977975011197,-0.13896318280194797,-0.11408595506563202,0.3780341823495922,0.25120583002053376,0.4363418473583285,-0.2583965027178596,0.48053943091011053,0.9985735007953371,False
Mean_Skin_Temp_°C_,Glyceraldehyde-3-PMOX,Group_8C vs Group_15C (Reference),0.7061928177506845,0.2939761908220696,-0.6127144289452128,2.025100064446582,0.24036807832674745,0.08211142797815318,-0.7226898453234489,0.2535562596540111,-1.333974984003043,0.0014486485147318096,-0.01649702757276439,0.9424289300234774,0.9985735007953371,False
Core_Temp_°C_,Lysine,Group_8C vs Group_15C (Reference),-6.874348156776387,0.29437383408259965,-19.72366906936,5.974972755807226,0.3104234345172304,0.16676165004165344,8.95339104590937,0.15093781602399942,-1.122619212786363,0.8337492294218964,2.0790428891329835,0.30555634963551914,0.9985735007953371,False
Core_Temp_°C_,Butanoic_acid,Group_8C vs Group_15C (Reference),2.8784880232998975,0.2947676076894483,-2.506283282838815,8.26325932943861,0.19803912833679982,0.030963946740299786,1.9373817081525126,0.18853832001026927,1.603933794041361,0.6985810565879906,4.81586973145241,0.037819826417318625,0.9985735007953371,False
Core_Temp_°C_,Glycine,Group_22C vs Group_15C (Reference),-7.309370530355041,0.2960771521423282,-21.02009803412524,6.401356973415156,0.12950339925404142,-0.051850059234699986,6.943467124430638,0.15154685657201056,-0.36590340592440285,0.9422284894045869,1.3688332781474122,0.7559815458441712,0.9985735007953371,False
Muscle_Temp3_°C_,Glutamic_Acid,Group_8C vs Group_22C Contrast,-0.5096023327383934,0.29654400137239145,-1.466443118560795,0.4472384530840082,0.05740977975011197,-0.13896318280194797,-0.11408595506563202,0.3780341823495922,0.25120583002053376,0.4363418473583285,-0.2583965027178596,0.48053943091011053,0.9985735007953371,False
Mean_Body_Temp_°C_,2-Keto-3-methylvaleric_acid,Group_8C vs Group_15C (Reference),-3.1593947771819875,0.2971480038518558,-9.098858379519452,2.780068825155477,0.2975434853509653,0.15119837813241643,3.136527753843528,0.20322515027548393,-4.27516686922731,0.0007397731592992951,-0.022867023338459358,0.9896493397515684,0.9985735007953371,False
Mean_Skin_Temp_°C_,1H-Indole-3-Acetic_Acid,Group_8C vs Group_22C Contrast,0.4064814469674009,0.3007991682847483,-0.3634879854642287,1.1764508793990305,0.04447868892152573,-0.15458825088648975,-0.4328737529675053,0.2562635802560145,-0.37865445785162316,0.31652428448770564,0.027826989115777745,0.7944744054947785,0.9985735007953371,False
Core_Temp_°C_,1-Monopalmitin,Group_22C vs Group_15C (Reference),-2.9751234125345483,0.3014327356188017,-8.617979626052485,2.6677328009833885,0.26798339662414905,0.11547993758751351,4.220379128026064,0.11355243728897975,1.2452557154915156,0.25083233294490936,1.3245834309263183,0.6959484206932829,0.9985735007953371,False
Core_Temp_°C_,Serine,Group_22C vs Group_15C (Reference),-5.7643072351073315,0.3022892983253105,-16.716740344671408,5.188125874456743,0.309767986641865,0.16596965052558688,0.3069437746374171,0.8531364496005532,-5.457363460469915,0.3064664871112759,0.8284582150904161,0.6653070379513921,0.9985735007953371,False
Mean_Skin_Temp_°C_,Aminomalonic_acid,Group_8C vs Group_15C (Reference),-3.039375902714841,0.30247083565326227,-8.81649042741426,2.737738621984579,0.4285883310082198,0.30954423330159897,3.3005021172350237,0.2587925159602501,-2.4613320903684444,0.02918663939601851,0.2611262145201829,0.49393460411739176,0.9985735007953371,False
Muscle_Temp2_°C_,Ascorbic_Acid,Group_8C vs Group_15C (Reference),-2.910119958562065,0.30508718378397004,-8.471560147738451,2.6513202306143206,0.15392022593731824,-0.02234639365907376,2.0399047981506633,0.34417845319692253,0.12112915702515892,0.851951715637437,-0.8702151604114019,0.6370247022466033,0.9985735007953371,False
Mean_Skin_Temp_°C_,Oleic_Acid,Group_8C vs Group_22C Contrast,1.0424901216541147,0.3056118889909367,-0.9519797360990325,3.036959979407262,0.17775660994473774,0.006455903683224795,0.03683758102021978,0.9476206774882808,-0.7917436415574222,0.337963811906282,0.25074648009669254,0.6728844424839984,0.9985735007953371,False
Core_Temp_°C_,Ornithine,Group_22C vs Group_15C (Reference),-2.049834011282296,0.3069551231042703,-5.982366446001922,1.8826984234373305,0.24903829500541363,0.09258793979820823,2.2213850085729527,0.1944197225117621,0.1715509972906566,0.8697879289463177,-1.830440791936594,0.4564311312707714,0.9985735007953371,False
Muscle_Temp2_°C_,Oleic_Acid,Group_8C vs Group_22C Contrast,1.5485179715021626,0.3074674022408861,-1.425460203425938,4.522496146430264,0.2226646729117735,0.06071981310172636,-0.43499627286038844,0.335231193366885,-0.781736499402297,0.05807250872990366,0.7667814720998658,0.599496892848558,0.9985735007953371,False
Muscle_Temp2_°C_,N-Acetylglutamine,Group_8C vs Group_15C (Reference),-3.244629650091654,0.3080921078582306,-9.483982082167156,2.994722781983848,0.19654097689633498,0.02915368041640487,1.2518389368152236,0.5121369640493135,0.6930207340080893,0.6881628493959833,-1.9927907132764304,0.43397038931227927,0.9985735007953371,False
Core_Temp_°C_,Doconexent,Group_8C vs Group_15C (Reference),-2.5843733998404215,0.31145968076987485,-7.5887789620540085,2.4200321623731655,0.12664496077926868,-0.05530400572505023,1.5075727772407361,0.14520799290568545,-1.3560066940341498,0.4406479623099,-1.0768006225996853,0.6445672723279225,0.9985735007953371,False
Muscle_Temp2_°C_,Lactic_Acid,Group_8C vs Group_15C (Reference),3.653144218267598,0.3142789105070044,-3.4621732729955967,10.768461709530794,0.28615889289976093,0.13744199558721115,0.12362880471023255,0.9637911977120781,0.6130342000167692,0.5899592484607077,3.7767730229778307,0.11565895937656934,0.9985735007953371,False
Muscle_Temp2_°C_,1H-Indole-3-Acetic_Acid,Group_8C vs Group_22C Contrast,0.9578475069281644,0.3144080082196218,-0.9083073416520282,2.824002355508357,0.3116288540774579,0.16821819867692833,0.4768001466341914,0.6597496109252925,0.35877807721370053,0.25235533192960435,1.316625584141865,0.14306663008521814,0.9985735007953371,False
Core_Temp_°C_,Lactic_Acid,Group_22C vs Group_15C (Reference),7.521434200986931,0.3157734711321981,-7.173559117497845,22.216427519471708,0.11436162969331087,-0.07014636412058262,-3.826487549632717,0.5615205788037121,3.6949466513542144,0.3012537008922713,0.051199487621337525,0.9932957429548526,0.9985735007953371,False
Mean_Skin_Temp_°C_,1-Ethyl-1-tetradecyloxy-1-silacyclohexane,Group_8C vs Group_15C (Reference),1.889588571400345,0.31577701065492203,-1.8022199031797586,5.581397045980449,0.25623266223878816,0.10128113353853574,-2.647721992670104,0.14596251681279782,1.4290943426573621,0.33898686335986317,-0.758133421269759,0.11526285700367755,0.9985735007953371,False
Muscle_Temp2_°C_,1-Ethyl-1-tetradecyloxy-1-silacyclohexane,Group_8C vs Group_15C (Reference),2.1627296558069338,0.315914762454545,-2.063934738967796,6.3893940505816635,0.22364275859483262,0.06190166663542285,-2.831659803824106,0.14084175719059838,0.9807519966708824,0.33672606580417175,-0.6689301480171723,0.49326412122021623,0.9985735007953371,False
Mean_Body_Temp_°C_,"D-Arabinose,_tetrakis",Group_22C vs Group_15C (Reference),7.563246000098145,0.31719498687598824,-7.256905646284258,22.383397646480546,0.13844155303083883,-0.04104979008773646,-8.923612028082543,0.1756253407928542,-1.3603660279843979,0.7138431387035853,-2.1836267561509413,0.6358982497455083,0.9985735007953371,False
Muscle_Temp2_°C_,Proline,Group_8C vs Group_15C (Reference),-1.6505208615739795,0.31753117502745143,-4.886957717107865,1.5859159939599068,0.10343976311432368,-0.0833436195701922,1.11376931467502,0.47926537498086375,0.3214358436113385,0.7424391228937859,-0.5367515468989594,0.2814903669332778,0.9985735007953371,False
Muscle_Temp1_°C_,1H-Indole-3-Acetic_Acid,Group_8C vs Group_22C Contrast,0.9773433996396257,0.31794914472810054,-0.9407792602212912,2.8954660595005426,0.35500019311145525,0.22062523334300843,0.41382652525793284,0.22652996311109586,0.26189777018013854,0.4297725054193666,1.2392411698197643,0.1783140812059396,0.9985735007953371,False
Mean_Skin_Temp_°C_,Glycolic_acid,Group_8C vs Group_22C Contrast,-1.73674870767361,0.3185883773941819,-5.149776563568466,1.6762791482212456,0.19802110226045255,0.03094216523138027,-1.3742811115465758,0.6942971790643628,2.3995700369014847,0.1553139266353829,0.6628213292278748,0.11900900849423901,0.9985735007953371,False
Muscle_Temp1_°C_,Nonanoic_acid,Group_22C vs Group_15C (Reference),-1.4816933608806804,0.3200960732714958,-4.402523162236178,1.439136440474817,0.24635354652259467,0.08934386871480193,0.5730174284560772,0.4868831597952351,-0.9086759324246032,0.4642583971971357,-0.7988771884799921,0.19516533957505255,0.9985735007953371,False
Muscle_Temp3_°C_,Glycolic_acid,Group_8C vs Group_15C (Reference),-2.822683812506891,0.32041086481362624,-8.390599582069854,2.745231957056071,0.13132658664607755,-0.0496470411359895,1.5225398839543154,0.5485184448425132,0.7856251597703008,0.7459425154122752,-1.3001439285525758,0.3086079099583068,0.9985735007953371,False
Mean_Skin_Temp_°C_,Serine,Group_22C vs Group_15C (Reference),-2.60868817940866,0.320798513091926,-7.758608270258065,2.5412319114407453,0.3267192907112635,0.18645247627611006,0.15724869979359415,0.7706842946324711,-2.4514394796150656,0.3404473977411975,-0.10293251902026371,0.6873837250841528,0.9985735007953371,False
Muscle_Temp2_°C_,"9-Hexadecenoic_acid,_Z-",Group_22C vs Group_15C (Reference),-0.8218386346328216,0.3208983703110686,-2.4445993718074948,0.8009221025418517,0.16055915353734107,-0.014324356142379369,0.6614434155260468,0.1943691907082027,-0.1603952191067748,0.805819500558062,-0.5483852333293772,0.34436602151326534,0.9985735007953371,False
Mean_Body_Temp_°C_,Oleic_Acid,Group_8C vs Group_15C (Reference),1.7806288056513018,0.3212683685122111,-1.7379995091479943,5.299257120450598,0.18590710247023678,0.016304415484869494,-0.6232927349043452,0.47484787729619105,-1.1221493681709365,0.30000190464335064,1.1573360707469567,0.4607794318945828,0.9985735007953371,False
Mean_Skin_Temp_°C_,Leucine,Group_8C vs Group_22C Contrast,2.6792240140274695,0.3214262580168432,-2.61690684771295,7.975354875767889,0.2575540290252324,0.10287778507215584,0.6834164523497925,0.2718586582272974,-2.393279315780062,0.3704970551032951,0.28594469824740776,0.4739730012151271,0.9985735007953371,False
Mean_Body_Temp_°C_,Campesterol,Group_8C vs Group_15C (Reference),-1.1470689183774554,0.32322749488473534,-3.4229409383887393,1.1288031016338285,0.12923241750188086,-0.052177495518560546,0.681353175447809,0.4914481969332427,1.0131813879529719,0.3621247097270244,-0.46571574292964635,0.44240526870132246,0.9985735007953371,False
Muscle_Temp2_°C_,Palmitic_Acid,Group_8C vs Group_22C Contrast,0.42660311925787175,0.3247738667167312,-0.42253497918956184,1.2757412177053054,0.2582227795061819,0.10368585856996981,0.07289402028037156,0.7810851064451909,-0.5255421474510782,0.15704408380884471,-0.09893902819320649,0.6573916420448942,0.9985735007953371,False
Mean_Skin_Temp_°C_,Valine,Group_8C vs Group_15C (Reference),1.5501050210669767,0.3262097090965129,-1.5444367491752395,4.644646791309193,0.33271774757566064,0.19370061165392327,-1.506454906289396,0.33945957692417494,-1.4628268570719556,0.511548476780251,0.04365011477758074,0.5649602327896726,0.9985735007953371,False
Core_Temp_°C_,2-Aminoheptanedioic_acid,Group_8C vs Group_22C Contrast,-7.6650456198160635,0.3263126921471924,-22.970647053179007,7.640555813546881,0.13752440097011365,-0.042158015494445866,-1.881378756209777,0.6593354911636118,5.899318253602119,0.20212260484798472,-1.7657273662139448,0.7789944899952987,0.9985735007953371,False
Muscle_Temp2_°C_,"1,5-Anhydrohexitol",Group_8C vs Group_15C (Reference),2.867495791614692,0.32731259869897,-2.8700760173078823,8.605067600537266,0.12246586826567141,-0.060353742512313735,-1.173570138898396,0.5630291212272553,0.06310713507592092,0.9362884936612748,1.693925652716296,0.4220821339556948,0.9985735007953371,False
Muscle_Temp3_°C_,2-Keto-3-methylvaleric_acid,Group_8C vs Group_15C (Reference),-1.4703318639770986,0.32742451996801814,-4.412999386546556,1.4723356585923586,0.05360210683292166,-0.14356412091021964,0.751049627107961,0.4562794183568196,-0.4032168665043978,0.8543340748933397,-0.7192822368691376,0.5179546856297708,0.9985735007953371,False
Muscle_Temp2_°C_,Alanine,Group_8C vs Group_22C Contrast,1.826739605545499,0.32749029814069675,-1.829793483719806,5.483272694810804,0.12324615417398255,-0.05941089703977109,1.0509166245865589,0.2616488963670477,-1.2756701376715744,0.47682383799402794,0.5510694678739245,0.28445329183587154,0.9985735007953371,False
Muscle_Temp2_°C_,2-Aminoadipic_acid,Group_22C vs Group_15C (Reference),1.8127663609539026,0.3278783113964858,-1.8186419359486243,5.444174657856429,0.07395862714942025,-0.11896665886111712,-0.7009985042663441,0.5624556391222839,1.1117678566875586,0.4280710906517533,0.5830116479856174,0.5656408641050414,0.9985735007953371,False
Muscle_Temp2_°C_,Methionine,Group_8C vs Group_15C (Reference),-0.687191747536812,0.32833589742033453,-2.065105478045835,0.6907219829722108,0.1195182558178105,-0.06391544088681234,0.27734705382969815,0.4348929432647295,-0.05286328424444986,0.9437617707263879,-0.40984469370711385,0.4993431435301465,0.9985735007953371,False
Muscle_Temp3_°C_,"R*,R*-2,3-Dihydroxybutanoic_acid",Group_8C vs Group_15C (Reference),-1.9490312608351197,0.32983724514751356,-5.869256406828699,1.9711938851584592,0.2059763713424133,0.040554782038749515,1.8592616925156016,0.18537843286691458,1.2363735696257832,0.2999526208458958,-0.0897695683195181,0.9497585101066559,0.9985735007953371,False
Muscle_Temp2_°C_,"R*,R*-2,3-Dihydroxybutanoic_acid",Group_8C vs Group_15C (Reference),-1.7603179157919193,0.32998184587589163,-5.30202929731743,1.7813934657335917,0.22534306098778967,0.06395619869357927,2.2646762270875347,0.0917117635030555,0.43766544400791974,0.6673715061059715,0.5043583112956154,0.6765911698641083,0.9985735007953371,False
Mean_Skin_Temp_°C_,"11-Eicosenoic_acid,_E-",Group_8C vs Group_22C Contrast,-0.7202630009936084,0.3301685039933056,-2.169998482786654,0.7294724807994373,0.1335308377807095,-0.04698357101497597,-0.2675239484275961,0.6675030340327238,0.5391509370801096,0.4160111922545826,-0.18111206391349877,0.5810425310254264,0.9985735007953371,False
Muscle_Temp3_°C_,Glycerol,Group_22C vs Group_15C (Reference),4.341640060340758,0.3309527971785886,-4.411176964669103,13.09445708535062,0.07718015053131888,-0.11507398477465625,-0.6247094043395832,0.7917766653120745,3.716930656001175,0.3263936875859925,-0.5663461676658481,0.8724892199346668,0.9985735007953371,False
Mean_Skin_Temp_°C_,Glycolic_acid,Group_22C vs Group_15C (Reference),3.7738511484480606,0.33110862513606487,-3.8367463223876452,11.384448619283766,0.19802110226045255,0.03094216523138027,-1.3742811115465758,0.6942971790643628,2.3995700369014847,0.1553139266353829,0.6628213292278748,0.11900900849423901,0.9985735007953371,False
Muscle_Temp3_°C_,Phenylalanine,Group_22C vs Group_15C (Reference),0.35207394105872647,0.33113186872692835,-0.3579757512554095,1.0621236333728623,0.0939476054918621,-0.09481331003066651,-0.07846847914990034,0.24766317093491585,0.2736054619088261,0.44197993602927177,0.03257486685465076,0.824523988521948,0.9985735007953371,False
Muscle_Temp3_°C_,Methionine,Group_8C vs Group_22C Contrast,-1.043930715660966,0.33129195925312466,-3.150027386799641,1.0621659554777088,0.13838820782738226,-0.041114248875246284,0.16384591095945708,0.6679030125786062,0.5342472639336551,0.5318420912159203,-0.5096834517273111,0.43400622214704154,0.9985735007953371,False
Mean_Skin_Temp_°C_,Glutamic_Acid,Group_8C vs Group_22C Contrast,0.7376057402036367,0.33269725575328113,-0.754821551512554,2.2300330319198274,0.1136998454526823,-0.07094602007800876,-0.04852668210357611,0.7666719131130031,-0.5399880921688791,0.46743150057534155,0.19761764803475756,0.23414675480526492,0.9985735007953371,False
Muscle_Temp2_°C_,Oxalic_acid,Group_8C vs Group_22C Contrast,2.2952845146181953,0.3332012355608274,-2.353700659086488,6.944269688322878,0.4452153657746978,0.3296352336444265,0.08677517040159634,0.9710946099972435,0.8743155057056798,0.670134243242215,3.169600020323875,0.007667040609882658,0.9985735007953371,False
Muscle_Temp2_°C_,Glycine,Group_22C vs Group_15C (Reference),-2.62381061463466,0.3345584254000411,-7.953053260064799,2.7054320307954796,0.1630182539800168,-0.011352943107479696,2.9435307694629382,0.14873090412144782,0.3197201548282784,0.8589787132189037,-0.5876216544151935,0.5692070850249968,0.9985735007953371,False
Muscle_Temp3_°C_,Ascorbic_Acid,Group_8C vs Group_15C (Reference),-2.9312000505646854,0.3347763968742339,-8.88746935376182,3.0250692526324485,0.17185911418374666,-0.0006702370279727532,1.1640570828943917,0.664423089981026,-0.9876515031874964,0.44383818623524673,-1.7671429676702937,0.2154547720547968,0.9985735007953371,False
Core_Temp_°C_,Cholesterol,Group_8C vs Group_22C Contrast,1.6963712185297382,0.33556250177976843,-1.7563708808136262,5.149113317873103,0.10142598325647123,-0.08577693689843047,-0.07130805720431989,0.9710102955853792,-1.145149422364766,0.4533927819490988,0.5512217961649721,0.530022558599565,0.9985735007953371,False
Muscle_Temp1_°C_,Palmitic_Acid,Group_8C vs Group_22C Contrast,0.4245438245812165,0.3356132255496076,-0.4396503934484645,1.2887380426108974,0.2328715748758079,0.07305315297493464,-0.004072732572599922,0.9386675574717476,-0.4336568909453556,0.2772598615541799,-0.009113066364139076,0.9612039380531365,0.9985735007953371,False
Muscle_Temp2_°C_,1-Monooleoylglycerol,Group_8C vs Group_15C (Reference),1.525200351212084,0.33741728933604564,-1.5910276187394057,4.641428321163573,0.09317416716784377,-0.09574788133885548,-1.0160659911149352,0.4799151602197186,-0.2728929223426584,0.8364608012925034,0.5091343600971487,0.4524672465013957,0.9985735007953371,False
Mean_Body_Temp_°C_,Cholesterol,Group_8C vs Group_22C Contrast,2.1011958839415166,0.33745491731651,-2.192296245437228,6.394688013320261,0.13239061622161774,-0.048361338732211934,0.0716193893240424,0.9588750966628203,-1.874132159198345,0.39005185679286924,0.2270637247431716,0.2804389374098806,0.9985735007953371,False
Muscle_Temp3_°C_,Arachidonic_acid1,Group_8C vs Group_15C (Reference),1.1826467729746173,0.33785658799708984,-1.235887717015728,3.6011812629649627,0.06654384092412846,-0.12792619221667811,-1.0242176959166471,0.2126296535355381,-0.4965030076359669,0.5377200374173592,0.15842907705797016,0.8633547096450247,0.9985735007953371,False
Mean_Skin_Temp_°C_,"1,3-Dioxolane-2-methanol",Group_8C vs Group_15C (Reference),-2.229074842105739,0.33827051433299404,-6.791481705415098,2.3333320212036193,0.1615620109620891,-0.013112570087475683,0.8791877801136284,0.6748781903223542,2.7658425850181936,0.16594760438704492,-1.3498870619921108,0.18253201669595054,0.9985735007953371,False
Muscle_Temp1_°C_,2-OH-Butanoic_Acid,Group_22C vs Group_15C (Reference),0.8260417115183118,0.33827463439414873,-0.8646913437089303,2.516774766745554,0.22884318027937034,0.06818550950423918,-0.7199329026374474,0.1539480997017202,0.10610880888086449,0.8794117580277936,0.4162453523548352,0.451871239070746,0.9985735007953371,False
Core_Temp_°C_,"11-Eicosenoic_acid,_E-",Group_8C vs Group_15C (Reference),2.879381628434983,0.33842567032490356,-3.015947902565714,8.77471115943568,0.20793092819123093,0.04291653823107078,-2.2705530010912316,0.3280069736859893,-1.7715408261020786,0.4390455993519291,0.6088286273437515,0.7502654646039928,0.9985735007953371,False
Mean_Skin_Temp_°C_,Linoleic_Acid,Group_22C vs Group_15C (Reference),-2.672508395013578,0.3385448960295129,-8.145630388836128,2.8006135988089733,0.2368117898630011,0.07781424608445975,2.6637935119332945,0.3081739339305909,-0.008714883080283453,0.9929216664778757,-0.7657883962581642,0.6180168604220742,0.9985735007953371,False
Mean_Skin_Temp_°C_,Tryptophan,Group_22C vs Group_15C (Reference),-1.7508324881855954,0.3385550826806776,-5.33649826293191,1.8348332865607184,0.14484058784445308,-0.033317623021285714,-0.029693992056106462,0.8798855391104061,-1.780526480241702,0.327620343194891,0.5084557909420985,0.6131614725497072,0.9985735007953371,False
Muscle_Temp1_°C_,"2,3-Butanediol",Group_8C vs Group_15C (Reference),2.4454814107898306,0.33864439682712644,-2.5637359556469663,7.4546987772266275,0.07638076753802459,-0.11603990589155355,-0.7676892828514762,0.6873989036383845,0.18869643251420198,0.9050814510951191,1.6777921279383543,0.32385135952342425,0.9985735007953371,False
Muscle_Temp1_°C_,L-Aspartic_acid,Group_22C vs Group_15C (Reference),-1.3316417684585116,0.3388979165704583,-4.06075067899267,1.3974671420756468,0.15845641594525883,-0.016865164066145466,1.1816539931954995,0.1963137601716669,-0.1499877752630121,0.8864141493120485,1.1557902632004702,0.5681023055553505,0.9985735007953371,False
Muscle_Temp2_°C_,1-Heptadecanol,Group_8C vs Group_15C (Reference),1.2129976921054804,0.3398754746151825,-1.277995154677068,3.7039905388880285,0.08952801237848595,-0.10015365170932933,-1.193137765935884,0.08443570268912981,0.18194690933035296,0.804255611801389,0.01985992616959642,0.9851412207320682,0.9985735007953371,False
Core_Temp_°C_,Oxalic_acid,Group_8C vs Group_22C Contrast,4.216919933047985,0.34130313700630355,-4.468682001753927,12.902521867849899,0.3772256569081297,0.2474810020973235,2.656881276034763,0.5516981919352352,1.2585039367166033,0.6278486538424857,5.4754238697645885,0.12735175592535475,0.9985735007953371,False
Mean_Body_Temp_°C_,Ornithine,Group_8C vs Group_22C Contrast,1.918605821507331,0.34208279491908133,-2.0395393720406227,5.876751015055285,0.27978478745101465,0.12973995150330941,1.0287761975778176,0.12076923950138099,-0.5548930888056234,0.617414569725377,1.3637127327017076,0.4187373481089822,0.9985735007953371,False
Mean_Skin_Temp_°C_,Arachidonic_acid1,Group_8C vs Group_22C Contrast,-1.1708205281709505,0.3443830360776803,-3.5978010599665273,1.2561600036246263,0.08662132720906668,-0.10366589628904443,0.4393454706783398,0.50796575486875,0.9719297035090861,0.35297141894673767,-0.19889082466186453,0.7638685313902822,0.9985735007953371,False
Muscle_Temp2_°C_,Indole-3-Latic_Acid,Group_8C vs Group_22C Contrast,0.3011085833512914,0.34491555269703766,-0.323745282111339,0.9259624488139219,0.366264942974044,0.2342368060936365,0.6915843765603096,0.11642437667587556,-0.046424596965967346,0.8693269335416625,0.2546839863853241,0.08598118418907386,0.9985735007953371,False
Mean_Body_Temp_°C_,Lactic_Acid1,Group_8C vs Group_22C Contrast,-7.5585870775252975,0.3466533930361845,-23.300616443066907,8.183442288016314,0.22752967746147823,0.0665983602659529,9.127797021879054,0.25847685455327063,4.696077811087656,0.26440345381469266,-2.862509266437641,0.6756380271396665,0.9985735007953371,False
Muscle_Temp2_°C_,Indole-3-Latic_Acid,Group_8C vs Group_15C (Reference),-0.4369003901749855,0.3472448948738025,-1.3479190876559495,0.4741183073059785,0.366264942974044,0.2342368060936365,0.6915843765603096,0.11642437667587556,-0.046424596965967346,0.8693269335416625,0.2546839863853241,0.08598118418907386,0.9985735007953371,False
Muscle_Temp1_°C_,Glyceric_acid,Group_8C vs Group_15C (Reference),-1.8760524613094742,0.3473666145359815,-5.788958990353598,2.03685406773465,0.24132675116925573,0.08326982432951735,-1.8311008745437236,0.17825056410600126,-2.174117835462469,0.14877724548693072,-3.7071533358531976,0.011184965074495068,0.9985735007953371,False
Mean_Body_Temp_°C_,Glycerol-3-P,Group_8C vs Group_22C Contrast,3.1594566951007144,0.34783120440406556,-3.436736764465093,9.755650154666522,0.1794787398511185,0.008536810653434923,-1.9500208998341186,0.3402316998884729,-1.112196533383798,0.7073110074679563,2.0472601617169164,0.1999721341071703,0.9985735007953371,False
Muscle_Temp3_°C_,Asparagine,Group_22C vs Group_15C (Reference),-2.453246108612851,0.3499813922510464,-7.597846391322185,2.6913541740964826,0.3109644495900197,0.16741537658794048,1.9430832628003414,0.4064017160892933,-0.5101628458125098,0.667730097743334,3.322693967888134,0.01633694371927774,0.9985735007953371,False
Muscle_Temp2_°C_,Glyceric_acid,Group_8C vs Group_22C Contrast,-2.218024700682838,0.35215272476270176,-6.890452103637848,2.4544027022721724,0.236423501683929,0.07734506453474765,-1.6836301277616863,0.7430005437664966,-2.4433461418335387,0.11564567323690222,-4.6613708425163765,0.009957888363782752,0.9985735007953371,False
Muscle_Temp1_°C_,Alanine,Group_8C vs Group_22C Contrast,1.7213501873802501,0.3523881685595961,-1.9065703206436186,5.349270695404119,0.11307572287525802,-0.07170016819239655,0.3026188267586952,0.06407565130045352,-1.3154621875784795,0.45338873400707635,0.4058879998017707,0.4914004161378114,0.9985735007953371,False
Mean_Body_Temp_°C_,Aminomalonic_acid,Group_22C vs Group_15C (Reference),-6.580310209430026,0.3536062854263491,-20.48386228369175,7.323241864831697,0.3487287971041745,0.2130472965008775,5.798460315872275,0.29884770774961955,-0.7818498935577507,0.8582768206047457,1.0514407295608654,0.2406079623836288,0.9985735007953371,False
Muscle_Temp1_°C_,3-OH-Butanoic_Acid,Group_22C vs Group_15C (Reference),-1.0946736446056624,0.3562968727873689,-3.4205820213137015,1.2312347321023767,0.16665669721575982,-0.006956490864290066,-0.2189124533508882,0.8230035821290095,-1.3135860979565506,0.05033262812591022,0.16745461571762435,0.48385103314620936,0.9985735007953371,False
Core_Temp_°C_,Citric_acid,Group_8C vs Group_22C Contrast,-5.719769098318173,0.3568204146961863,-17.88631227168014,6.446774075043795,0.22894963621533393,0.06831414376019518,-0.676140190248766,0.8748789846883158,-2.0098561680635427,0.7194803170533015,-7.729625266381715,0.0040083256232827935,0.9985735007953371,False
Muscle_Temp1_°C_,Alanine,Group_22C vs Group_15C (Reference),-1.6180810143371747,0.3584689164322139,-5.071666214728035,1.835504186053686,0.11307572287525802,-0.07170016819239655,0.3026188267586952,0.06407565130045352,-1.3154621875784795,0.45338873400707635,0.4058879998017707,0.4914004161378114,0.9985735007953371,False
Muscle_Temp3_°C_,Cholesterol,Group_22C vs Group_15C (Reference),2.2671567823124628,0.3587559521253294,-2.574687787487595,7.109001352112521,0.24197581977019078,0.08405411555564724,-1.995503984218352,0.4112733780744211,0.2716527980941108,0.5479870974528791,-0.6262849166824336,0.3281968718766879,0.9985735007953371,False
Muscle_Temp1_°C_,alpha-D-Glucopyranoside,Group_8C vs Group_22C Contrast,-1.1775785053207841,0.3602150953224965,-3.7001649773934684,1.3450079667519004,0.1413716833639217,-0.03750921593526124,1.343339082077592,1.4416158649990205e-05,0.09957043632889162,0.8993609430042226,-1.0780080689918925,0.2896868412841558,0.9985735007953371,False
Muscle_Temp3_°C_,alpha-D-Glucopyranoside,Group_8C vs Group_22C Contrast,-1.6713683229602558,0.36045145812699786,-5.253504313576371,1.9107676676558591,0.1594611088354152,-0.015651160157206467,1.2964667103737768,0.32033725903030685,-0.6379919699283796,0.5824074312285612,-2.3093602928886354,0.10196133750753367,0.9985735007953371,False
Mean_Body_Temp_°C_,"2-Ethyl-3-hydroxypropionic_acid,_di-",Group_8C vs Group_22C Contrast,-2.710880947735142,0.360864945077247,-8.525941579932496,3.104179684462212,0.20766697290992053,0.042597592266154005,1.38654719503727,0.6740768805208868,1.4827761875722119,0.5769569862706581,-1.22810476016293,0.35140612321528586,0.9985735007953371,False
Mean_Body_Temp_°C_,1-Monopalmitin,Group_8C vs Group_22C Contrast,-1.9020234449298596,0.36120982478960095,-5.984950015985129,2.1809031261254095,0.26398565612645686,0.11064933448613545,2.3582646987665767,0.5032833316836894,2.1628598669282275,0.0538194540282555,0.2608364219983681,0.8818743585472131,0.9985735007953371,False
Muscle_Temp1_°C_,L-5-Oxoproline,Group_8C vs Group_15C (Reference),-1.92771744712747,0.3617091046199581,-6.070028474273,2.2145935800180605,0.2652998341066014,0.11223729954547679,0.5018869587445342,0.7732867600406463,-0.6242053567370588,0.6489043854303578,-1.4258304883829358,0.23337360979637456,0.9985735007953371,False
Mean_Skin_Temp_°C_,Serine,Group_8C vs Group_22C Contrast,2.348506960594802,0.3634715223515602,-2.7166618081217337,7.413675729311338,0.3267192907112635,0.18645247627611006,0.15724869979359415,0.7706842946324711,-2.4514394796150656,0.3404473977411975,-0.10293251902026371,0.6873837250841528,0.9985735007953371,False
Muscle_Temp1_°C_,Lysine,Group_8C vs Group_15C (Reference),-1.337859522713249,0.3637854188300421,-4.225138472401179,1.5494194269746804,0.2384800871327698,0.07983010528543022,1.1904418516565438,0.25966310666497405,-0.5277510618460519,0.8330834932386959,-0.14741767105670522,0.8858619127515202,0.9985735007953371,False
Muscle_Temp2_°C_,Ethyl_alpha-D-glucopyranoside,Group_8C vs Group_22C Contrast,1.698203815829543,0.3648778254674424,-1.9751700743797795,5.371577706038865,0.10358813032935521,-0.08316434251869564,-0.9069268861054772,0.7135711245225698,-1.4725581788272248,0.3673067080257568,0.2256456370023182,0.8060385739698634,0.9985735007953371,False
Muscle_Temp1_°C_,N-Acetylglutamine,Group_8C vs Group_22C Contrast,-2.482628178599567,0.3653198676576973,-7.857738234218053,2.892481877018919,0.18608569160595057,0.016520210690523673,-0.4671503009719221,0.7783981166835242,0.7388720483468348,0.6300468469982232,-1.7437561302527325,0.4430329198017855,0.9985735007953371,False
Muscle_Temp2_°C_,"Ethanolamine,_3TMS",Group_22C vs Group_15C (Reference),-2.6766745360793895,0.3655674643386686,-8.474799150976535,3.1214500788177566,0.21445908174736206,0.050804723778062555,2.7644809740556138,0.3004350798000168,0.08780643797622423,0.9450692386529118,-1.619741553659665,0.2709079890283108,0.9985735007953371,False
Muscle_Temp1_°C_,Indole-3-Latic_Acid,Group_8C vs Group_22C Contrast,0.2698660592483114,0.36593188638549523,-0.3151642461564912,0.854896364653114,0.2744878058518595,0.12333943207099696,0.16082950214598904,0.7474491145136171,0.02752659210647257,0.9146016914856978,0.297392651354784,0.05089477003202947,0.9985735007953371,False
Mean_Body_Temp_°C_,Citric_acid,Group_8C vs Group_22C Contrast,3.408588799704217,0.3665108197298276,-3.9896657972684717,10.806843396676905,0.21046615262678425,0.04597993442403103,-1.8653726256873808,0.6305039441703192,-4.347981131403038,0.11374457236990865,-0.9393923316988207,0.7164636044431869,0.9985735007953371,False
Muscle_Temp3_°C_,Palmitic_Acid,Group_8C vs Group_22C Contrast,0.4245380497437398,0.3666441423886181,-0.4971672802254518,1.3462433797129314,0.1788167999210799,0.00773696657130496,-0.08964969529624481,0.5660169972459557,-0.367188296149917,0.37984414987566906,0.0573497535938228,0.7898688367300277,0.9985735007953371,False
Muscle_Temp2_°C_,Serine,Group_8C vs Group_22C Contrast,1.5602399967032774,0.3672980029075491,-1.831788644479221,4.952268637885776,0.26837686191506405,0.11595537481403573,-0.12114602406729523,0.6891393847059528,-2.117873903405177,0.19559391469582632,-0.5576339067018993,0.32210579465402933,0.9985735007953371,False
Mean_Body_Temp_°C_,Palmitelaidic_acid,Group_8C vs Group_15C (Reference),-2.451602332403137,0.368751915871425,-7.79759607913028,2.8943914143240055,0.3807601097039899,0.2517517992256545,-2.8636018760560016,0.1514782883863259,2.889435375914681,0.10707711076477544,-5.315204208459138,0.004236387145766463,0.9985735007953371,False
Muscle_Temp1_°C_,Oleic_Acid,Group_8C vs Group_22C Contrast,1.425701150457011,0.3693585356473219,-1.687198807841789,4.538601108755811,0.2251321683823191,0.06370137012863564,-0.25945836883573276,0.29914108623273905,-0.6214953262180762,0.1475613584033857,0.8042058242389347,0.598942409325806,0.9985735007953371,False
Muscle_Temp1_°C_,1-Monopalmitin,Group_8C vs Group_22C Contrast,0.7015317090772525,0.36996512731535514,-0.8321468353856704,2.2352102535401754,0.19878571912292076,0.0318660772735293,0.6214691189602729,0.04505832823730826,-0.19295187428109506,0.7351688789715958,0.5085798347961574,0.34236811193615346,0.9985735007953371,False
Muscle_Temp3_°C_,Methionine,Group_8C vs Group_15C (Reference),-0.6735293626867682,0.37244473691388813,-2.1536149435727276,0.806556218199191,0.13838820782738226,-0.041114248875246284,0.16384591095945708,0.6679030125786062,0.5342472639336551,0.5318420912159203,-0.5096834517273111,0.43400622214704154,0.9985735007953371,False
Muscle_Temp3_°C_,Decanoic_acid,Group_8C vs Group_15C (Reference),0.9833443620526939,0.372629945237849,-1.1783991862435732,3.145087910348961,0.14881529618294553,-0.02851485044560742,-0.13081381371102904,0.7762319341029941,-0.7071995711451068,0.32415469555357257,0.8525305483416649,0.3950244718259466,0.9985735007953371,False
Mean_Skin_Temp_°C_,"2-Ethyl-3-hydroxypropionic_acid,_di-",Group_8C vs Group_15C (Reference),-0.9333357396525969,0.3729427381776158,-2.9864854147046325,1.1198139353994385,0.18961970824278562,0.020790480793365984,0.4600352334299907,0.6362423843270281,-0.10727938635350892,0.9333427904281304,-0.47330050622260617,0.2236116404060171,0.9985735007953371,False
Mean_Skin_Temp_°C_,Cholesterol,Group_8C vs Group_15C (Reference),2.139184882242279,0.3729805952574834,-2.5669614959133127,6.84533126039787,0.2702019155630314,0.11816064797199632,-2.109391805087888,0.3793419719715627,-1.0467196862599981,0.4583956864067975,0.029793077154391057,0.7396771768037242,0.9985735007953371,False
Mean_Body_Temp_°C_,Arginine_[-NH3],Group_8C vs Group_22C Contrast,1.4748910876531693,0.3734995630794996,-1.7734125695148715,4.72319474482121,0.1997838672470159,0.03307217292347764,-0.14840889397676804,0.7664391207277348,-1.0771621700556664,0.4727082209505351,0.39772891759750295,0.5724295096517935,0.9985735007953371,False
Muscle_Temp3_°C_,Ethyl_alpha-D-glucopyranoside,Group_22C vs Group_15C (Reference),-2.4454613230198294,0.3739775616272406,-7.836642573003289,2.94571992696363,0.11536705429694927,-0.06893147605785299,-0.17762843923339705,0.9232796549742794,-2.6230897622532265,0.19863405104361043,0.27642646644031826,0.7445764726601571,0.9985735007953371,False
Muscle_Temp2_°C_,alpha-D-Glucopyranoside,Group_22C vs Group_15C (Reference),-1.293811649619379,0.3743112180892668,-4.1480977361536056,1.560474436914848,0.09327919595805856,-0.09562097155067928,1.7092878594897642,0.09611350024108764,0.41547620987038525,0.6873297299429191,-1.2748898196089524,0.24230243976049626,0.9985735007953371,False
Mean_Skin_Temp_°C_,"11-Eicosenoic_acid,_E-",Group_22C vs Group_15C (Reference),0.8066748855077057,0.37511946179364597,-0.9759497125764627,2.589299483591874,0.1335308377807095,-0.04698357101497597,-0.2675239484275961,0.6675030340327238,0.5391509370801096,0.4160111922545826,-0.18111206391349877,0.5810425310254264,0.9985735007953371,False
Muscle_Temp3_°C_,1-Monooleoylglycerol,Group_8C vs Group_22C Contrast,1.904163259133984,0.37785542715482945,-2.328008212708875,6.136334730976843,0.12102791864654616,-0.06209126496875661,-0.8095998966710926,0.43637938663929576,-1.6862049431667194,0.38012080681713645,0.21795831596726456,0.8249773273285443,0.9985735007953371,False
Muscle_Temp2_°C_,"2,3-Butanediol",Group_8C vs Group_22C Contrast,1.8467207682315223,0.3785982377677577,-2.2641782588957007,5.957619795358745,0.07561983255283122,-0.1169593689986621,1.1393458500261606,0.7343555476969956,0.11229607948827502,0.927622389205655,1.9590168477197976,0.24759379618714217,0.9985735007953371,False
Muscle_Temp3_°C_,"2,3,4-Trihydroxybutyric_acid",Group_8C vs Group_15C (Reference),3.0743103043293245,0.37954587939170326,-3.7827613793936865,9.931381988052335,0.10908544890456118,-0.07652174924032185,-1.6364676583996538,0.5074261958023067,1.865868342247876,0.6479123511579863,1.4378426459296707,0.561889874466925,0.9985735007953371,False
Core_Temp_°C_,"2,3,4-Trihydroxybutyric_acid",Group_22C vs Group_15C (Reference),4.908390498024233,0.3797074040450814,-6.043202589397176,15.859983585445644,0.19417562091523566,0.026295541939243106,3.4918690422729295,0.06787994527034615,8.400259540297164,0.1095981404160975,3.8140260290702614,0.6689888950680736,0.9985735007953371,False
Muscle_Temp1_°C_,Tryptophan,Group_8C vs Group_15C (Reference),-2.2216519149912877,0.3799229591447112,-7.180841014012061,2.7375371840294855,0.1860307931087093,0.016453875006357088,0.03097037709980299,0.7565952600050769,-0.5053734894793226,0.5076567032250843,-2.190681537891485,0.38623024663700534,0.9985735007953371,False
Muscle_Temp2_°C_,"Ethanolamine,_3TMS",Group_8C vs Group_22C Contrast,-1.7075479916358893,0.3803338021504463,-5.522508609295388,2.1074126260236086,0.21445908174736206,0.050804723778062555,2.7644809740556138,0.3004350798000168,0.08780643797622423,0.9450692386529118,-1.619741553659665,0.2709079890283108,0.9985735007953371,False
Muscle_Temp3_°C_,Oxalic_acid,Group_8C vs Group_15C (Reference),2.5068188733580676,0.3821332670053168,-3.1149542251008873,8.128591971817023,0.40480104262636096,0.2808012598401862,-0.3197000157695238,0.8903563439284227,1.9921745741881292,0.40997841833619075,2.187118857588544,0.195040652308613,0.9985735007953371,False
Muscle_Temp2_°C_,N-Acetylglutamine,Group_8C vs Group_22C Contrast,-2.68581144728452,0.3827537901067505,-8.716961622505178,3.345338727936138,0.19654097689633498,0.02915368041640487,1.2518389368152236,0.5121369640493135,0.6930207340080893,0.6881628493959833,-1.9927907132764304,0.43397038931227927,0.9985735007953371,False
Muscle_Temp2_°C_,DL-Ornithine,Group_22C vs Group_15C (Reference),-0.8492208666780962,0.38354865322796905,-2.759350936954512,1.06090920359832,0.21744130313499288,0.0544082412881165,0.9688012070785785,0.2978139194369427,0.11958034040048238,0.6797544777734643,-1.0667321112164163,0.16038010553742454,0.9985735007953371,False
Core_Temp_°C_,Glutamic_Acid,Group_8C vs Group_22C Contrast,-2.550530848658684,0.38357646497122855,-8.287813426584957,3.1867517292675895,0.19838440018035353,0.0313811502179272,-0.5994375388544553,0.04385945499399326,-0.39006432468388375,0.6198667099456971,-2.940595173342568,0.2969862130034604,0.9985735007953371,False
Core_Temp_°C_,2-Aminoadipic_acid,Group_8C vs Group_15C (Reference),4.837564724257299,0.3840786588743601,-6.055575288783088,15.730704737297685,0.07189500948449579,-0.12146019687290077,-0.8932166885241012,0.5443405300376127,-0.736780069913818,0.9146028304162181,3.944348035733198,0.4617157760325994,0.9985735007953371,False
Core_Temp_°C_,L-+-Erythrulose,Group_8C vs Group_15C (Reference),9.836228210270416,0.3848357303394895,-12.348110847579683,32.020567268120516,0.2207762328377646,0.05843794801229896,-8.492432234615487,0.20188730877168903,-2.920517678252738,0.6169679807800641,1.3437959756549294,0.8833156759110148,0.9985735007953371,False
Muscle_Temp3_°C_,L-Alanine,Group_8C vs Group_22C Contrast,-4.196291107872369,0.3851075423943614,-13.666070434539677,5.273488218794938,0.2097221555852914,0.04508093799889379,3.050602279667213,0.08665692033568716,1.0389549056288154,0.8069488228159407,-3.157336202243554,0.16889588664038824,0.9985735007953371,False
Mean_Body_Temp_°C_,Diethanolamine,Group_8C vs Group_22C Contrast,-6.360653093380334,0.38559873455884797,-20.729598074183485,8.008291887422818,0.3061467524717584,0.16159399257004148,4.771562693958001,0.42823454613103273,2.372022411817668,0.6828050742801013,-3.9886306815626655,0.3730564429565093,0.9985735007953371,False
Muscle_Temp2_°C_,Arachidonic_acid1,Group_8C vs Group_15C (Reference),1.2112161572427413,0.3866525408247766,-1.5309915953613973,3.95342390984688,0.0785222258224142,-0.11345231046458282,-1.2139890696265077,0.20169300989283268,0.2066891920502989,0.7912507307995134,-0.0027729123837663128,0.9978443457811346,0.9985735007953371,False
Muscle_Temp1_°C_,DL-Ornithine,Group_22C vs Group_15C (Reference),-0.46656877736956226,0.38711489388465015,-1.5239151380185807,0.5907775832794561,0.20963682388182026,0.04497782885719959,0.6491590985270289,0.17708009795295876,0.18259032115746665,0.4550265550780288,-0.7243539535139757,0.18581174163401948,0.9985735007953371,False
Mean_Body_Temp_°C_,L-Alanine,Group_8C vs Group_15C (Reference),-5.213254150827745,0.38938621221864855,-17.08431527394359,6.657806972288102,0.14180859156045866,-0.0369812851977791,5.8964963948205895,0.28533862578962854,3.9053199340913767,0.3225391431727256,0.6832422439928445,0.784210154596167,0.9985735007953371,False
Mean_Body_Temp_°C_,L-+-Erythrulose,Group_22C vs Group_15C (Reference),5.6191546236640875,0.38995587918977814,-7.1915633537555905,18.429872601083765,0.33655002859632177,0.19833128455388882,-7.439528649782679,0.17292552277176143,-1.820374026118592,0.6126015431278871,4.490356019069295,0.32800577298953737,0.9985735007953371,False
Mean_Skin_Temp_°C_,D---Ribofuranose,Group_22C vs Group_15C (Reference),2.792715743035746,0.39008036967536974,-3.575874135407232,9.161305621478725,0.1906349291420294,0.022017206046618942,-0.2128011528600333,0.9248179226083871,2.579914590175713,0.2701175913691103,-0.7003470031598534,0.11787279384001281,0.9985735007953371,False
Muscle_Temp2_°C_,Dodecanoic_acid,Group_8C vs Group_15C (Reference),2.0067327657147636,0.3904635447944298,-2.57318009595642,6.586645627385947,0.09810176638995827,-0.08979369894546707,-0.6504067187215662,0.5411902156159232,-1.1236846817770214,0.30942812277695686,1.3563260469931975,0.5143897188350319,0.9985735007953371,False
Core_Temp_°C_,Asparagine,Group_8C vs Group_22C Contrast,5.176901361148264,0.39307197873735555,-6.703682752738128,17.057485475034657,0.07577470129509456,-0.116772235935094,3.317056447348797,0.6445990949833265,-2.252458387252023,0.3750557780456665,2.9244429738962414,0.5951900929718279,0.9985735007953371,False
Muscle_Temp2_°C_,Ascorbic_Acid,Group_22C vs Group_15C (Reference),-1.9187756411255044,0.3942037476463114,-6.332682783189258,2.4951315009382493,0.15392022593731824,-0.02234639365907376,2.0399047981506633,0.34417845319692253,0.12112915702515892,0.851951715637437,-0.8702151604114019,0.6370247022466033,0.9985735007953371,False
Core_Temp_°C_,Glycine,Group_8C vs Group_15C (Reference),-5.574633846283226,0.39439872394248865,-18.40368151567017,7.254413823103715,0.12950339925404142,-0.051850059234699986,6.943467124430638,0.15154685657201056,-0.36590340592440285,0.9422284894045869,1.3688332781474122,0.7559815458441712,0.9985735007953371,False
Core_Temp_°C_,"D-Arabinose,_tetrakis",Group_8C vs Group_15C (Reference),6.541412111096157,0.39452395277609775,-8.516494841012394,21.59931906320471,0.10058816363093215,-0.08678930227929027,-9.62497741032377,0.1034045511063141,-2.147066313203739,0.8057633717648842,-3.0835652992276135,0.5298847413410115,0.9985735007953371,False
Muscle_Temp1_°C_,L-Rhamnose,Group_22C vs Group_15C (Reference),1.9590563262903542,0.3957590814110131,-2.5623650109213916,6.4804776635021,0.2257313428545763,0.06442537261594639,-0.9289350118510185,0.035580579274047536,1.0301213144393357,0.6491307321581803,-0.344365679872915,0.6980160425994721,0.9985735007953371,False
Core_Temp_°C_,Methionine,Group_22C vs Group_15C (Reference),-1.9989193219258714,0.3964422751876021,-6.619020251333086,2.6211816074813425,0.14745079051769094,-0.03016362812445661,0.6733639325217323,0.3288184493927214,-1.3255553894041392,0.5564928945703789,-1.0832950879729464,0.7116596391945531,0.9985735007953371,False
Core_Temp_°C_,1H-Indole-3-Acetic_Acid,Group_22C vs Group_15C (Reference),-1.978642822006807,0.3975083010857303,-6.5622166937391935,2.604931049725579,0.08825025566922873,-0.10169760773301517,2.061559572647948,0.20156932187435717,0.08291675064114101,0.9609176170551654,0.995148577656721,0.4582792538853413,0.9985735007953371,False
Muscle_Temp2_°C_,"2-Ethyl-3-hydroxypropionic_acid,_di-",Group_8C vs Group_22C Contrast,1.5785468562214446,0.39878100782422254,-2.0881404370136485,5.245234149456538,0.21529303748305084,0.05181242029201982,-0.8500161029267558,0.511861605839602,-0.793217308204362,0.6491685188371932,0.7853295480170827,0.24660538167197354,0.9985735007953371,False
Core_Temp_°C_,Palmitelaidic_acid,Group_22C vs Group_15C (Reference),2.1675941185878234,0.40011358969344024,-2.8815068797866052,7.216695116962252,0.04530452525780082,-0.15359036531349068,-1.6060076067640112,0.3891385728485388,0.5615865118238121,0.7520113017644816,1.172271654269924,0.7587698070985052,0.9985735007953371,False
Muscle_Temp1_°C_,1H-Indole-3-Acetic_Acid,Group_8C vs Group_15C (Reference),0.8254146445618313,0.4007192088828335,-1.0997440809255403,2.750573370049203,0.35500019311145525,0.22062523334300843,0.41382652525793284,0.22652996311109586,0.26189777018013854,0.4297725054193666,1.2392411698197643,0.1783140812059396,0.9985735007953371,False
Mean_Body_Temp_°C_,Aminomalonic_acid,Group_8C vs Group_15C (Reference),-4.74701958631141,0.40103801128758887,-15.82624407248355,6.332204899860731,0.3487287971041745,0.2130472965008775,5.798460315872275,0.29884770774961955,-0.7818498935577507,0.8582768206047457,1.0514407295608654,0.2406079623836288,0.9985735007953371,False
Mean_Skin_Temp_°C_,Stearic_Acid,Group_22C vs Group_15C (Reference),-0.8008410934136894,0.4018695736818719,-2.6732545132310905,1.0715723264037116,0.23167294462711552,0.07160480809109793,0.11067048163645268,0.668859328923049,-0.6901706117772367,0.452957584621577,-0.10568042914682688,0.123241871574153,0.9985735007953371,False
Mean_Body_Temp_°C_,"D-Arabinose,_tetrakis",Group_8C vs Group_15C (Reference),6.739985271931602,0.4020196422722154,-9.023520606628734,22.50349115049194,0.13844155303083883,-0.04104979008773646,-8.923612028082543,0.1756253407928542,-1.3603660279843979,0.7138431387035853,-2.1836267561509413,0.6358982497455083,0.9985735007953371,False
Core_Temp_°C_,Proline,Group_22C vs Group_15C (Reference),-4.812657015508654,0.40205065502390536,-16.06926118992805,6.443947158910744,0.12236690078688983,-0.06047332821584139,2.9403658368457424,0.5302519403566065,-1.8722911786629113,0.5730388863711149,0.8904843250812018,0.6994725145416321,0.9985735007953371,False
Muscle_Temp2_°C_,2-Keto-3-methylvaleric_acid,Group_22C vs Group_15C (Reference),-1.8686666581405769,0.4021746822210919,-6.2405521008285945,2.5032187845474407,0.13005375978662914,-0.05118504025782311,1.4488841591128245,0.3910195795387108,-0.41978249902775233,0.7732356895004917,-1.0710756143004108,0.41974239763845156,0.9985735007953371,False
Mean_Body_Temp_°C_,Butanoic_acid,Group_8C vs Group_15C (Reference),-2.8276198202099745,0.4028104404062979,-9.45199285423504,3.796753213815092,0.15939939159086325,-0.015725735161040255,2.030114071896873,0.25739043290023056,2.320843628956102,0.42628099609528425,-0.7975057483131014,0.7807632481692375,0.9985735007953371,False
Muscle_Temp2_°C_,Tryptophan,Group_8C vs Group_15C (Reference),-1.9652836205249535,0.40293245100729913,-6.570623054478413,2.640055813428506,0.11767943982958406,-0.06613734353925249,0.13766542269289872,0.7446879242734441,-0.5081669469995781,0.5040195269464298,-1.827618197832055,0.42911368523497373,0.9985735007953371,False
Core_Temp_°C_,Glycerol,Group_22C vs Group_15C (Reference),8.290957432794057,0.40315677341543454,-11.146892555175343,27.72880742076346,0.16601302117041128,-0.007734266085752894,0.4171700194587678,0.9629583979504248,8.708127452252825,0.03828508664820651,-6.188774043192926,0.4001170367959195,0.9985735007953371,False
Mean_Skin_Temp_°C_,Threonine,Group_8C vs Group_22C Contrast,2.310303603988929,0.4039728586509349,-3.115628661808008,7.736235869785865,0.2733959650979204,0.12202012449332056,-0.7970025866937747,0.44828317923243033,-2.5077771450559414,0.3627127654099853,-0.19747354106701265,0.4639633341618339,0.9985735007953371,False
Mean_Body_Temp_°C_,DL-Ornithine,Group_8C vs Group_15C (Reference),-0.9100794032224512,0.40422873658697345,-3.0485980695321446,1.2284392630872425,0.10587835462218864,-0.08039698816485541,1.0488167029056112,0.20725180184011172,1.4214001340547684,0.04201519332371362,0.13873729968316006,0.844280164032787,0.9985735007953371,False
Muscle_Temp2_°C_,Decanoic_acid,Group_8C vs Group_15C (Reference),0.9957711309769952,0.4043357911322132,-1.3446403484148088,3.336182610368799,0.18507037916077562,0.015293374819270622,0.1251608194570734,0.875401268173395,-0.1358757671791317,0.6806008210263306,1.1209319504340687,0.20689783514833948,0.9985735007953371,False
Muscle_Temp2_°C_,L-Rhamnose,Group_8C vs Group_22C Contrast,-2.1059388600876234,0.4044862113761839,-7.05730954949938,2.8454318293241334,0.2510707069190379,0.0950437708605042,-1.1944039801160735,0.5076256115812064,2.120275392938546,0.3700874925728592,0.014336532850922401,0.9870968796502555,0.9985735007953371,False
Muscle_Temp2_°C_,Arginine_[-NH3],Group_22C vs Group_15C (Reference),-0.4286698013019572,0.4059742269930612,-1.4397148571481801,0.5823752545442658,0.14025154044322852,-0.03886272196443219,-0.02491811754294393,0.936583892859685,-0.45358791884490113,0.26847273871025346,-0.06708806263930416,0.8017493386255372,0.9985735007953371,False
Mean_Skin_Temp_°C_,Erythritol,Group_8C vs Group_22C Contrast,1.9456746227523358,0.4060598103210482,-2.644244063703486,6.535593309208158,0.057899218942389474,-0.13837177711127935,-0.09006064462312734,0.9639350596380769,-1.4479190720180422,0.4333790348004478,0.4977555507342938,0.7292549524444965,0.9985735007953371,False
Muscle_Temp3_°C_,Lactic_Acid,Group_22C vs Group_15C (Reference),2.5416734635265517,0.40633883622919764,-3.457683753419791,8.541030680472893,0.2478894180261092,0.09119971344821531,-0.5471801074924713,0.7630976792475492,1.9944933560340803,0.4183530022536601,3.112777298635364,0.1570121440521388,0.9985735007953371,False
Mean_Body_Temp_°C_,Valine,Group_8C vs Group_22C Contrast,2.71933538726755,0.4065769536734162,-3.7027500450158333,9.141420819550934,0.22933713538036327,0.06878237191793901,-0.6257028729872257,0.5563500733165451,-2.4509196090521925,0.452047603721188,0.26841577821535745,0.42602788461862406,0.9985735007953371,False
Mean_Skin_Temp_°C_,Oleic_Acid,Group_22C vs Group_15C (Reference),-0.8285812225776419,0.40667745083540185,-2.785773181810343,1.1286107366550593,0.17775660994473774,0.006455903683224795,0.03683758102021978,0.9476206774882808,-0.7917436415574222,0.337963811906282,0.25074648009669254,0.6728844424839984,0.9985735007953371,False
Muscle_Temp2_°C_,1-Monopalmitin,Group_8C vs Group_22C Contrast,0.6931572965389465,0.40677986759266305,-0.9445372777883632,2.3308518708662564,0.14042245965440048,-0.03865619458426606,0.4580464267940951,0.7160772038004097,-0.10713534184844314,0.8548969825219235,0.5860219546905033,0.32529648353233576,0.9985735007953371,False
Muscle_Temp3_°C_,Palmitelaidic_acid,Group_8C vs Group_22C Contrast,2.4754365706351464,0.4071301437429452,-3.377545190944411,8.328418332214703,0.07948564457786444,-0.11228817946841363,-0.18887541009170503,0.8039131652381286,-1.7719122122595288,0.4626814036381446,0.7035243583756178,0.6893178795516921,0.9985735007953371,False
Muscle_Temp2_°C_,L-Proline,Group_22C vs Group_15C (Reference),1.718260501900235,0.40769619123550493,-2.3492675404605237,5.785788544260994,0.12645232390770023,-0.05553677527819545,-0.9793973685556895,0.46048113894362086,0.7388631333445456,0.6433217708534267,-0.7554319657243398,0.5739796195333655,0.9985735007953371,False
Muscle_Temp1_°C_,Oxalic_acid,Group_8C vs Group_22C Contrast,2.0805706878464827,0.4077766302852337,-2.8455665592736175,7.006707934966583,0.45610417949022497,0.3427925502173552,0.7196663585078731,0.4942729027063095,0.8072687616430216,0.7263644985863957,2.8878394494895048,0.003807240923596078,0.9985735007953371,False
Mean_Skin_Temp_°C_,Arginine_[-NH3],Group_8C vs Group_22C Contrast,0.9348852237190182,0.4078971099060448,-1.2791979096996753,3.1489683571377114,0.31397680627853,0.17105530758655707,-0.02534088553390157,0.9089078892741677,-0.8072481550499608,0.46740407225342073,0.12763706866905727,0.5340802222775247,0.9985735007953371,False
Core_Temp_°C_,Glyceric_acid,Group_8C vs Group_22C Contrast,9.301719362805553,0.4079737814452442,-12.73109033016813,31.334529055779235,0.10300476970242112,-0.08386923660957435,-5.223289986226458,0.6639508343851441,-5.905931846745593,0.11873187152882858,3.3957875160599595,0.748345268222874,0.9985735007953371,False
Muscle_Temp3_°C_,Glycerol,Group_8C vs Group_22C Contrast,-4.283276823667023,0.4079807438535995,-14.429145663719849,5.862592016385802,0.07718015053131888,-0.11507398477465625,-0.6247094043395832,0.7917766653120745,3.716930656001175,0.3263936875859925,-0.5663461676658481,0.8724892199346668,0.9985735007953371,False
Mean_Body_Temp_°C_,Palmitic_Acid,Group_8C vs Group_22C Contrast,1.0891117129705694,0.40809214798432103,-1.4912983846310721,3.6695218105722107,0.4160266524861921,0.2943655384208155,0.3850896400234618,0.4040354689335214,-1.519785164301522,0.23714569499791782,-0.4306734513309527,0.12897160419291676,0.9985735007953371,False
Mean_Skin_Temp_°C_,Doconexent,Group_22C vs Group_15C (Reference),-0.6142518163933397,0.40872627701068664,-2.071529689826635,0.8430260570399555,0.1122913346857547,-0.07264797058804628,0.8814393205276168,0.008554794562044919,0.26718750413427705,0.6872453771855067,0.006543600571490282,0.9887289642126023,0.9985735007953371,False
Core_Temp_°C_,Leucine,Group_8C vs Group_15C (Reference),2.1815444261639554,0.4087763526387789,-2.994600111405468,7.357688963733379,0.06565712221420683,-0.12899764399116664,-1.59411640186951,0.23375886969217285,-2.1001481859727367,0.47989788503707675,0.5874280242944454,0.7963721790293865,0.9985735007953371,False
Core_Temp_°C_,Glutamic_Acid,Group_8C vs Group_15C (Reference),-2.3411576344881126,0.4089522047363563,-7.8981012284042045,3.215785959427979,0.19838440018035353,0.0313811502179272,-0.5994375388544553,0.04385945499399326,-0.39006432468388375,0.6198667099456971,-2.940595173342568,0.2969862130034604,0.9985735007953371,False
Muscle_Temp3_°C_,Threonine,Group_22C vs Group_15C (Reference),1.2308734292255075,0.4095918499339025,-1.694705267128307,4.156452125579322,0.09185651404148809,-0.09734004553320186,-1.0676070723338167,0.4140237632538817,0.16326635689169078,0.8208479117784977,-0.35163739546653794,0.5139630036695988,0.9985735007953371,False
Muscle_Temp1_°C_,Lactic_Acid,Group_22C vs Group_15C (Reference),1.354998040560043,0.40959550978098314,-1.8656291068258235,4.57562518794591,0.322237739613602,0.18103726869976922,-1.2774803930418546,0.07036981584351037,0.07751764751818846,0.9583359637079272,3.267281299948901,0.1307580540779556,0.9985735007953371,False
Mean_Body_Temp_°C_,Stearic_Acid,Group_22C vs Group_15C (Reference),-1.3094412600079304,0.4097046750838381,-4.4225123887299365,1.8036298687140757,0.18193369409858295,0.01150321370245444,0.2282688100243755,0.6397277563152206,-1.0811724499835549,0.4744579368756927,-0.42812149238732145,0.03513928712248493,0.9985735007953371,False
Muscle_Temp3_°C_,L-Norvaline,Group_22C vs Group_15C (Reference),-3.5381398858741506,0.41001791052911907,-11.955357581678756,4.879077809930456,0.2296630349844888,0.06917616727292408,4.392037562886471,0.011501142102202478,0.8538976770123203,0.8278715097221487,0.9897272032748416,0.6888157332419955,0.9985735007953371,False
Muscle_Temp3_°C_,Doconexent,Group_8C vs Group_15C (Reference),-0.7608100721401179,0.4105899365694464,-2.5729868070890998,1.051366662808864,0.1225059109715475,-0.0603053575760466,0.38866792063585215,0.47819264909925685,-0.945782360360635,0.24971572690880017,-0.3721421515042657,0.6172612437771576,0.9985735007953371,False
Muscle_Temp3_°C_,Erythritol,Group_8C vs Group_15C (Reference),-1.6285414273938723,0.410684620026194,-5.508356065095418,2.251273210307674,0.131952735275233,-0.04889044487576011,-0.9098382864310793,0.4643080066331605,-1.3193940396776664,0.5956592554597444,-2.5383797138249515,0.09936753564354284,0.9985735007953371,False
Muscle_Temp1_°C_,1-Monooleoylglycerol,Group_22C vs Group_15C (Reference),-1.4545555854116137,0.4111116868048451,-4.923033170157252,2.013921999334025,0.11766629854190813,-0.06615322259519418,0.4195315178651649,0.7796964652195151,-1.0350240675464488,0.2704625891637773,0.2424329155971032,0.6931746955447702,0.9985735007953371,False
Muscle_Temp3_°C_,2-Aminoadipic_acid,Group_8C vs Group_22C Contrast,-1.7312485068822663,0.4112970528218508,-5.8612295222736055,2.3987325085090725,0.05650874969815123,-0.14005192744806716,-0.10916578539672843,0.9258053554974051,1.4949882731381006,0.3955903313377276,-0.2362602337441656,0.8384626875371628,0.9985735007953371,False
Core_Temp_°C_,Valine,Group_8C vs Group_22C Contrast,2.180940836222708,0.41178055582713025,-3.027185552567374,7.38906722501279,0.16861831307062114,-0.004586205039666114,-1.4257100828830194,0.3367521025922289,-1.2700478075276374,0.5875514680274239,0.9108930286950707,0.4683351709567738,0.9985735007953371,False
Muscle_Temp3_°C_,Glutamine_[-H2O],Group_22C vs Group_15C (Reference),1.3803450788876306,0.41305906615653387,-1.9249123875135694,4.68560254528883,0.15254673907894778,-0.02400602361293802,-0.8659336419731198,0.231141032418971,0.5144114369145107,0.735619731150565,0.30368256904980817,0.2881861701506425,0.9985735007953371,False
Mean_Skin_Temp_°C_,L-+-Erythrulose,Group_8C vs Group_15C (Reference),2.4713560960844587,0.4137816988102164,-3.455506849039338,8.398219041208256,0.19548168953589717,0.02787370818920909,-1.2745737784957025,0.663888184749664,-0.04615336143946913,0.9804827691614453,1.1967823175887562,0.10384332507284699,0.9985735007953371,False
Muscle_Temp1_°C_,beta-Alanine,Group_22C vs Group_15C (Reference),-1.0399527780313749,0.41435182277037275,-3.537039040162381,1.4571334840996313,0.19814618479613466,0.03109330662866272,-0.2707980615056172,0.5080606875398356,-1.310750839536992,0.27732383167121033,-2.4170280111706153,0.010366033263491614,0.9985735007953371,False
Muscle_Temp3_°C_,L-5-Oxoproline,Group_8C vs Group_22C Contrast,-1.9933340336767338,0.41568516584599746,-6.793422062173049,2.8067539948195805,0.26812990807658466,0.11565697225920646,-1.303947218152082,0.7514222105214785,0.5021548197496257,0.8183100593790238,-1.491179213927108,0.17688210582249653,0.9985735007953371,False
Muscle_Temp2_°C_,2-Aminoadipic_acid,Group_8C vs Group_15C (Reference),1.2840101522519616,0.4162532398174167,-1.8116892445779582,4.379709549081881,0.07395862714942025,-0.11896665886111712,-0.7009985042663441,0.5624556391222839,1.1117678566875586,0.4280710906517533,0.5830116479856174,0.5656408641050414,0.9985735007953371,False
Mean_Skin_Temp_°C_,"R*,R*-2,3-Dihydroxybutanoic_acid",Group_8C vs Group_22C Contrast,1.685405662581053,0.4167228400912907,-2.3822143175027324,5.753025642664838,0.3551535195670258,0.22081050281015624,2.8591146136769416,0.026503569098079625,-1.9397548508894356,0.28301800259036725,-0.2543491883083826,0.8032549140596803,0.9985735007953371,False
Core_Temp_°C_,L-Alanine,Group_22C vs Group_15C (Reference),-6.13254653034153,0.41684191248946334,-20.936570570787822,8.671477510104763,0.2574868890665809,0.10279665762211865,12.205033680814127,0.04055421749618603,6.072487150472597,0.19070917953052824,1.3043010096571752,0.850904698620516,0.9985735007953371,False
Muscle_Temp1_°C_,"1,5-Anhydrohexitol",Group_8C vs Group_22C Contrast,1.7148271059167044,0.41714356329766,-2.427538813572813,5.857193025406222,0.3590164586760075,0.22547822090017577,-2.7343836272903506,0.0500981073559717,0.2737126908964429,0.7128882205792026,1.9885397968131473,0.31479555297134043,0.9985735007953371,False
Muscle_Temp2_°C_,"1,3-Dioxolane-2-methanol",Group_8C vs Group_22C Contrast,2.213929535176876,0.4173731847828137,-3.1367139898180167,7.564573060171769,0.09052549736688409,-0.09894835734834828,1.8572981188904876,0.545874629942203,0.24110123920257154,0.9070023692936966,2.4550307743794475,0.16946617746323378,0.9985735007953371,False
Muscle_Temp1_°C_,Cholesterol,Group_8C vs Group_15C (Reference),-0.6973852634863297,0.41758812179660465,-2.383578930672456,0.9888084036997967,0.11097056634773306,-0.07424389899648909,0.02697543561707586,0.9432689771877192,-0.0760036115099571,0.8631407189362954,-0.6704098278692538,0.38535866679122877,0.9985735007953371,False
Muscle_Temp3_°C_,Valine,Group_8C vs Group_15C (Reference),1.276526868777201,0.4178429411658986,-1.8116511460263247,4.3647048835807265,0.24171062466243654,0.08373367146711086,-1.5478966442951174,0.32102396994102855,0.36832028429933694,0.6617148328911051,-0.2713697755179165,0.22290362229517968,0.9985735007953371,False
Mean_Skin_Temp_°C_,Stearic_Acid,Group_8C vs Group_15C (Reference),-0.21635091078327956,0.41894837309340804,-0.7409924658554912,0.3082906442889321,0.23167294462711552,0.07160480809109793,0.11067048163645268,0.668859328923049,-0.6901706117772367,0.452957584621577,-0.10568042914682688,0.123241871574153,0.9985735007953371,False
Mean_Body_Temp_°C_,Alanine,Group_8C vs Group_15C (Reference),-1.36273560074599,0.42053344165705187,-4.678595994635158,1.9531247931431777,0.041487319576974824,-0.158202822177822,0.7642684706093742,0.5384759039827685,1.0016298999268232,0.7407814444759646,-0.5984671301366159,0.6022226043208216,0.9985735007953371,False
Mean_Skin_Temp_°C_,Glyceraldehyde-3-PMOX,Group_22C vs Group_15C (Reference),-0.6112851386795941,0.420601730503368,-2.098906151463961,0.8763358741047726,0.24036807832674745,0.08211142797815318,-0.7226898453234489,0.2535562596540111,-1.333974984003043,0.0014486485147318096,-0.01649702757276439,0.9424289300234774,0.9985735007953371,False
Muscle_Temp3_°C_,Glycine,Group_8C vs Group_22C Contrast,-1.703134726306015,0.4210214075151095,-5.851698826405311,2.4454293737932815,0.13847699327589624,-0.04100696645829194,2.421663393876449,0.19607537940056785,0.79295916481559,0.6659854785444164,-0.910175561490425,0.3866902265408929,0.9985735007953371,False
Mean_Skin_Temp_°C_,Butanoic_acid,Group_8C vs Group_22C Contrast,-1.5321919587809227,0.42135143124772323,-5.267019945925914,2.2026360283640685,0.1680626005659509,-0.00525769098280926,1.0107637868135462,0.2801195468251454,1.1359520660681406,0.5129102145236031,-0.39623989271278215,0.6139425375940823,0.9985735007953371,False
Muscle_Temp2_°C_,2-Aminoheptanedioic_acid,Group_22C vs Group_15C (Reference),2.5484331186711127,0.42135470575997025,-3.6634853710327238,8.760351608374949,0.13339291831262245,-0.047150223705581196,-0.9148785154235644,0.6372382880625695,1.6335546032475483,0.514530593026796,1.9801319356648748,0.11851642279169439,0.9985735007953371,False
Muscle_Temp2_°C_,Lysine,Group_8C vs Group_15C (Reference),-2.4542249513663594,0.42253309923038995,-8.451714491804175,3.5432645890714567,0.2456815667361376,0.08853189313949972,2.4809812029857943,0.3899933592799243,-0.07757378249427704,0.9703452862059816,0.026756251619434845,0.9790078839934753,0.9985735007953371,False
Mean_Skin_Temp_°C_,Arachidonic_acid,Group_8C vs Group_15C (Reference),-0.31040078273695265,0.4228575370889115,-1.0694705453263709,0.4486689798524656,0.09669576961419168,-0.09149261171618495,0.26513141562735953,0.4686686187244722,-0.27756171832728915,0.6598976900760329,-0.04526936710959312,0.7214772234172704,0.9985735007953371,False
Mean_Body_Temp_°C_,Valine,Group_8C vs Group_15C (Reference),0.8941186512025832,0.42294407690292724,-1.292812310499332,3.0810496129044984,0.22933713538036327,0.06878237191793901,-0.6257028729872257,0.5563500733165451,-2.4509196090521925,0.452047603721188,0.26841577821535745,0.42602788461862406,0.9985735007953371,False
Mean_Skin_Temp_°C_,3-OH-Butanoic_Acid,Group_8C vs Group_22C Contrast,0.6192652331776447,0.42341630997547164,-0.8969710568387279,2.1355015231940175,0.26904476038780256,0.11676241880192817,2.298419693880586,0.24180298167713932,-0.6359076480292343,0.400610932958001,-0.01664241485158957,0.917898496986806,0.9985735007953371,False
Mean_Body_Temp_°C_,Lysine,Group_8C vs Group_15C (Reference),-4.012543229143472,0.4240124347802219,-13.849493790215249,5.824407331928305,0.21498215844441393,0.05143677478700026,3.313844889360593,0.5029285092512705,1.0992633822258688,0.810123231460226,-0.698698339782879,0.40975211594550864,0.9985735007953371,False
Core_Temp_°C_,"11-Eicosenoic_acid,_E-",Group_8C vs Group_22C Contrast,2.38036945344583,0.42493152577249194,-3.4669226617103375,8.227661568601999,0.20793092819123093,0.04291653823107078,-2.2705530010912316,0.3280069736859893,-1.7715408261020786,0.4390455993519291,0.6088286273437515,0.7502654646039928,0.9985735007953371,False
Mean_Skin_Temp_°C_,2-Aminoadipic_acid,Group_8C vs Group_15C (Reference),1.0591772496858236,0.425990096711395,-1.5485628223178907,3.666917321689538,0.0565926651259987,-0.13995052963941812,-0.9202937407430284,0.45602258436134024,0.6841975551944389,0.8290258579089556,0.13888350894279522,0.779455432550213,0.9985735007953371,False
Muscle_Temp3_°C_,Oleic_Acid,Group_8C vs Group_22C Contrast,1.0320345529102621,0.426166256840082,-1.5098934155635166,3.5739625213840407,0.13733265578662002,-0.04238970759116745,-0.45619078898751897,0.2503076045016004,-0.6051353139063702,0.22207966031911885,0.4268992390038918,0.7216886772539006,0.9985735007953371,False
Muscle_Temp3_°C_,Arachidonic_acid,Group_8C vs Group_22C Contrast,-0.3486847415286021,0.4270350156985032,-1.2091192159802542,0.51174973292305,0.06433099442662449,-0.13060004840116202,0.029893360583581136,0.9424244754158503,0.09939438583178015,0.7834394152809272,-0.24929035569682198,0.3164748991813182,0.9985735007953371,False
Core_Temp_°C_,1-Monooleoylglycerol,Group_8C vs Group_22C Contrast,3.9372149399149614,0.42805134131745337,-5.799874108474226,13.674303988304148,0.2604268530090318,0.10634911405258018,4.965284518346229,0.20265460001379032,1.4240711505131385,0.6592366173037587,5.3612860904281,0.15555060291307954,0.9985735007953371,False
Core_Temp_°C_,Glycerol-3-P,Group_8C vs Group_22C Contrast,3.3410528466454195,0.4283969486291406,-4.92785871590047,11.60996440919131,0.1106368573334856,-0.07464713072203821,0.03489193294782361,0.9782144697297264,-1.332788813274693,0.7108742931202718,2.0082640333707262,0.36285054445468967,0.9985735007953371,False
Mean_Skin_Temp_°C_,Citric_acid,Group_8C vs Group_15C (Reference),1.4952118152589755,0.4293260386961403,-2.212737958530436,5.2031615890483875,0.23220732473812122,0.07225051739189658,-1.4992197698322016,0.3535373210502334,-2.4182683599917327,0.159784612976702,-0.0040079545732261135,0.9967492067653729,0.9985735007953371,False
Muscle_Temp2_°C_,Arginine_[-NH3],Group_8C vs Group_22C Contrast,0.38649985620559696,0.4295789479048431,-0.5725175600837953,1.345517272494989,0.14025154044322852,-0.03886272196443219,-0.02491811754294393,0.936583892859685,-0.45358791884490113,0.26847273871025346,-0.06708806263930416,0.8017493386255372,0.9985735007953371,False
Core_Temp_°C_,"2,3-Butanediol",Group_22C vs Group_15C (Reference),6.210016156035662,0.4302942254642038,-9.222453773941526,21.642486086012852,0.11770024338657903,-0.06611220590788358,-5.111270298608293,0.5007493171514026,1.0987458574273692,0.5991892493649313,6.777893104289637,0.10257095102028346,0.9985735007953371,False
Muscle_Temp2_°C_,Oleic_Acid,Group_8C vs Group_15C (Reference),1.2017777449602542,0.4316856083402195,-1.7937833308508386,4.197338820771347,0.2226646729117735,0.06071981310172636,-0.43499627286038844,0.335231193366885,-0.781736499402297,0.05807250872990366,0.7667814720998658,0.599496892848558,0.9985735007953371,False
Muscle_Temp1_°C_,Tyrosine,Group_22C vs Group_15C (Reference),0.5554044285247789,0.43226005355958275,-0.8307294786859535,1.9415383357355114,0.10949250037122393,-0.07602989538477112,0.09527549662394055,0.5913617340397876,0.6506799251487194,0.34187938885975244,-0.32852693281945144,0.35406775215921193,0.9985735007953371,False
Core_Temp_°C_,Oleic_Acid,Group_8C vs Group_22C Contrast,2.772929261805523,0.4339792284804439,-4.173565808494034,9.719424332105081,0.17870253201189323,0.00759889284770443,-1.6018365608679344,0.2098884715846604,-0.38212477525722655,0.6783696018505314,2.3908044865482965,0.4847973519435147,0.9985735007953371,False
Muscle_Temp2_°C_,Proline,Group_8C vs Group_22C Contrast,-0.8581873905102979,0.4343615265375049,-3.0098309377177443,1.2934561566971485,0.10343976311432368,-0.0833436195701922,1.11376931467502,0.47926537498086375,0.3214358436113385,0.7424391228937859,-0.5367515468989594,0.2814903669332778,0.9985735007953371,False
Muscle_Temp2_°C_,Glycerol-3-P,Group_8C vs Group_15C (Reference),-0.8071542751459924,0.43484009287974346,-2.8329197108002675,1.2186111605082828,0.15073834813578613,-0.02619116266925836,-0.2195840603366554,0.7923971542127362,-0.9311282821004596,0.29405317884521875,-1.0267383354826478,0.09239967577805541,0.9985735007953371,False
Mean_Skin_Temp_°C_,Oxalic_acid,Group_8C vs Group_22C Contrast,1.2024010518913808,0.43645074839403764,-1.8260031742697203,4.230805278052482,0.3567487312274663,0.2227380502331885,-0.656837928468878,0.8540773550281118,-1.3997315030151256,0.346091266513346,-0.19733045112374498,0.6421586326478121,0.9985735007953371,False
Mean_Body_Temp_°C_,Tryptophan,Group_8C vs Group_22C Contrast,3.8692192083573076,0.43763477787995064,-5.901115404084452,13.639553820799067,0.08770361806159621,-0.10235812817557122,-0.30651901672119375,0.4829111786243482,-2.3547052343479784,0.45387488349683114,1.5145139740093296,0.6954220142632122,0.9985735007953371,False
Mean_Body_Temp_°C_,"R*,R*-2,3-Dihydroxybutanoic_acid",Group_8C vs Group_15C (Reference),-4.323650743317399,0.438031194872053,-15.250740284024124,6.603438797389325,0.2782436093247922,0.12787769460079057,4.066882455784786,0.18959501965367453,-3.5946144650056695,0.2560235149058938,-0.2567682875326138,0.9558085874982134,0.9985735007953371,False
Muscle_Temp2_°C_,Campesterol,Group_8C vs Group_15C (Reference),-0.861444950526199,0.4382975610263695,-3.03982672565523,1.3169368246028317,0.1462940957052007,-0.03156130102288235,0.5381019603013625,0.12428596647783512,-0.5175339136299347,0.4477096642121836,-0.3233429902248365,0.7592039184082191,0.9985735007953371,False
Core_Temp_°C_,Oleic_Acid,Group_22C vs Group_15C (Reference),1.2197117856107078,0.43873073477803537,-1.8675577433733306,4.306981314594746,0.17870253201189323,0.00759889284770443,-1.6018365608679344,0.2098884715846604,-0.38212477525722655,0.6783696018505314,2.3908044865482965,0.4847973519435147,0.9985735007953371,False
Core_Temp_°C_,Stearic_Acid,Group_8C vs Group_22C Contrast,0.9253265049702402,0.43901848481041583,-1.4183265607503215,3.268979570690802,0.05318134298427746,-0.14407254389399804,0.14286092719518825,0.8717159569266948,-0.5987111872426054,0.5719216216065235,0.3266153177276347,0.5560514689149538,0.9985735007953371,False
Core_Temp_°C_,Glycerol-3-P,Group_8C vs Group_15C (Reference),1.9733721004229028,0.439042986109753,-3.0249308319086983,6.971675032754504,0.1106368573334856,-0.07464713072203821,0.03489193294782361,0.9782144697297264,-1.332788813274693,0.7108742931202718,2.0082640333707262,0.36285054445468967,0.9985735007953371,False
Muscle_Temp2_°C_,Glutamine_[-H2O],Group_8C vs Group_15C (Reference),0.53206040181415,0.439853505534766,-0.8179711771977033,1.8820919808260035,0.10407401430453767,-0.08257723271535022,-0.3855060838815931,0.5433177513487322,-0.36603979672377684,0.7091621580835104,0.14655431793255697,0.5853730220038529,0.9985735007953371,False
Mean_Body_Temp_°C_,beta-D-Xylopyranose,Group_8C vs Group_15C (Reference),-6.008152921659884,0.4434976078519888,-21.375186594135247,9.358880750815477,0.15043032397441525,-0.02656335853091485,4.8469376101592125,0.31433187871453516,3.50616109997676,0.34981496074915697,-1.1612153115006718,0.8511005950372701,0.9985735007953371,False
Muscle_Temp2_°C_,Glycolic_acid,Group_8C vs Group_22C Contrast,-1.5706680581175578,0.44403288943853536,-5.592755844598951,2.451419728363836,0.12073288356900003,-0.062447765687458245,1.4542231660520812,0.6547114660614658,1.0395349720006064,0.5546091047721105,-0.5311330861169516,0.6150912820592684,0.9985735007953371,False
Mean_Body_Temp_°C_,Dodecanoic_acid,Group_8C vs Group_15C (Reference),-3.43352695351268,0.4452082878579997,-12.248491385964524,5.381437478939165,0.14683852011361243,-0.030903454862718283,-0.08154486954783116,0.9737997005062681,0.4192595481683503,0.9268253142759972,-3.515071823060511,0.34858634842364533,0.9985735007953371,False
Mean_Body_Temp_°C_,Butanoic_acid,Group_8C vs Group_22C Contrast,-3.1183493772692032,0.445698151311964,-11.132922260608014,4.896223506069608,0.15939939159086325,-0.015725735161040255,2.030114071896873,0.25739043290023056,2.320843628956102,0.42628099609528425,-0.7975057483131014,0.7807632481692375,0.9985735007953371,False
Muscle_Temp3_°C_,"D-Arabinose,_tetrakis",Group_22C vs Group_15C (Reference),-3.6675498643948545,0.4460935165317158,-13.101664510898463,5.766564782108753,0.25096565069191756,0.09491682791940048,-0.9557681769885911,0.7104258562941663,-4.623318041383445,0.2556530423108272,4.394565956226003,0.006468320566512364,0.9985735007953371,False
Muscle_Temp3_°C_,Glycolic_acid,Group_8C vs Group_22C Contrast,-2.0857690883228766,0.44660386722501944,-7.45716064251053,3.2856224658647775,0.13132658664607755,-0.0496470411359895,1.5225398839543154,0.5485184448425132,0.7856251597703008,0.7459425154122752,-1.3001439285525758,0.3086079099583068,0.9985735007953371,False
Mean_Skin_Temp_°C_,Cholesterol,Group_8C vs Group_22C Contrast,1.0765127634143892,0.44661956179923856,-1.6958800437208472,3.8489055705496256,0.2702019155630314,0.11816064797199632,-2.109391805087888,0.3793419719715627,-1.0467196862599981,0.4583956864067975,0.029793077154391057,0.7396771768037242,0.9985735007953371,False
Muscle_Temp3_°C_,2-Aminoheptanedioic_acid,Group_22C vs Group_15C (Reference),2.6150947080270464,0.4468770144452471,-4.123371100169358,9.35356051622345,0.06666451979430177,-0.12778037191521863,-0.17240947360423486,0.9099681450173019,2.4426852344228114,0.427954451799772,0.08739805035939663,0.9694283460252668,0.9985735007953371,False
Mean_Skin_Temp_°C_,Decanoic_acid,Group_8C vs Group_15C (Reference),-0.3670342346967384,0.4476900106205953,-1.314486681540285,0.5804182121468082,0.02239878704144016,-0.18126813232492633,0.35573514678574997,0.3237530917159396,0.12680661673185795,0.7406576197407164,-0.011299087910988437,0.9720120395998961,0.9985735007953371,False
Muscle_Temp3_°C_,2-Aminoadipic_acid,Group_22C vs Group_15C (Reference),1.604154058534829,0.44806451891005084,-2.540183836103962,5.74849195317362,0.05650874969815123,-0.14005192744806716,-0.10916578539672843,0.9258053554974051,1.4949882731381006,0.3955903313377276,-0.2362602337441656,0.8384626875371628,0.9985735007953371,False
Mean_Body_Temp_°C_,Phenylalanine,Group_22C vs Group_15C (Reference),-1.0680325173460952,0.44937103930351685,-3.835256370619433,1.699191335927243,0.2305882698279783,0.0702941593754739,0.11128432481848748,0.6654827882552199,-0.9567481925276077,0.4907017382318466,-0.19469623675088277,0.12445857689003548,0.9985735007953371,False
Mean_Body_Temp_°C_,"Ethanolamine,_3TMS",Group_8C vs Group_15C (Reference),-6.897574948355351,0.45072797905346274,-24.822480662127617,11.027330765416913,0.2471540142686779,0.09031110057465253,7.2433898577407865,0.3208837896867932,-2.3442665470211557,0.48741915654120804,0.34581490938543524,0.949983970381056,0.9985735007953371,False
Muscle_Temp3_°C_,beta-D-Xylopyranose,Group_22C vs Group_15C (Reference),-2.638485491078196,0.4511279228277504,-9.501245796203666,4.2242748140472735,0.09978074784372903,-0.08776492968882743,2.2012310026937008,0.2916355717596282,-0.4372544883844953,0.8763977673596992,0.18626814007189596,0.9146659776263026,0.9985735007953371,False
Muscle_Temp1_°C_,Glycolic_acid,Group_8C vs Group_15C (Reference),-1.3016399566306098,0.4513017770369513,-4.688535612727936,2.0852556994667157,0.11850701772034067,-0.06513735358792161,0.9834514987497529,0.5049365309280416,0.33554001460388716,0.812502386402945,-0.3181884578808569,0.7237583513627124,0.9985735007953371,False
Mean_Body_Temp_°C_,Cholesterol,Group_22C vs Group_15C (Reference),-1.9457515485223875,0.4516630961239815,-7.01268417128291,3.1211810742381343,0.13239061622161774,-0.048361338732211934,0.0716193893240424,0.9588750966628203,-1.874132159198345,0.39005185679286924,0.2270637247431716,0.2804389374098806,0.9985735007953371,False
Mean_Body_Temp_°C_,1-Monooleoylglycerol,Group_8C vs Group_15C (Reference),-4.620821257397929,0.4523079413095662,-16.67107367931704,7.429431164521183,0.24851239405214332,0.09195247614633995,4.046063726474333,0.1948833061465366,3.145327892692191,0.012824429108132973,-0.5747575309235957,0.9135934260495997,0.9985735007953371,False
Mean_Body_Temp_°C_,L-Rhamnose,Group_8C vs Group_15C (Reference),3.606143699726431,0.4525505148022868,-5.803063688609878,13.01535108806274,0.29227929034773714,0.14483747583684914,-3.8220402679550993,0.4063376186614367,4.828247047015168,0.2614862085062941,-0.21589656822866843,0.8742221868299069,0.9985735007953371,False
Core_Temp_°C_,Ornithine,Group_8C vs Group_22C Contrast,-2.0019917892272505,0.45359833503544544,-7.237845929418759,3.2338623509642574,0.24903829500541363,0.09258793979820823,2.2213850085729527,0.1944197225117621,0.1715509972906566,0.8697879289463177,-1.830440791936594,0.4564311312707714,0.9985735007953371,False
Muscle_Temp1_°C_,"Ethanolamine,_3TMS",Group_8C vs Group_22C Contrast,-1.4913217661915148,0.45370253031394747,-5.392509243368309,2.40986571098528,0.12552995003361522,-0.0566513103760482,-0.0636336774729332,0.9633006287682004,0.4134464351788255,0.7983694860850445,-1.0778753310126892,0.35219468349158767,0.9985735007953371,False
Core_Temp_°C_,"R*,R*-2,3-Dihydroxybutanoic_acid",Group_22C vs Group_15C (Reference),-6.43876868883241,0.4539820427947343,-23.29223353862325,10.414696160958428,0.20618205576205095,0.040803317379145,4.137065981042406,0.6056544037372282,-2.301702707790004,0.46058794807173253,2.4258143539496024,0.6851479261549696,0.9985735007953371,False
Muscle_Temp1_°C_,Methyl_galactoside,Group_22C vs Group_15C (Reference),-1.1606679451806683,0.45414985100025806,-4.199843823178976,1.8785079328176397,0.05997437072954459,-0.13586430203513356,0.34432285922575406,0.8056893061265386,-0.8163450859549142,0.2211392605052933,-0.662936153150256,0.49029311963879807,0.9985735007953371,False
Muscle_Temp3_°C_,4-Aminobutanoic_acid,Group_8C vs Group_22C Contrast,-2.3217629438344765,0.4548042261410994,-8.410168849891173,3.7666429622222197,0.10765640035580215,-0.07824851623673901,0.4908713323858183,0.5858449099657871,1.1402962939711585,0.5753043643099722,-1.181466649863318,0.6146351469019209,0.9985735007953371,False
Muscle_Temp3_°C_,"11-Eicosenoic_acid,_E-",Group_22C vs Group_15C (Reference),-0.9074579628636485,0.45492970003770083,-3.2877217290938123,1.4728058033665155,0.21308199247222526,0.04914074090393894,-0.3663740174848533,0.45276687743652577,-1.2738319803485019,0.2520290852668101,-0.5896187620933554,0.06410113551919938,0.9985735007953371,False
Mean_Body_Temp_°C_,Proline,Group_22C vs Group_15C (Reference),-3.7896586724954724,0.4560735864711597,-13.755199516343318,6.175882171352374,0.1231065715659988,-0.05957955935775128,1.777741657810013,0.5267784215210956,-2.0119170146854595,0.6350057862483003,-0.1002344246270177,0.8616276106151939,0.9985735007953371,False
Muscle_Temp3_°C_,"2,3-Butanediol",Group_8C vs Group_15C (Reference),2.8264556927272757,0.4567058057311498,-4.616624137859703,10.269535523314254,0.061191119447527864,-0.1343940640009038,-1.675544576326184,0.6140272950045491,0.01941223534166303,0.9909974093374883,1.1509111164010917,0.531536939635529,0.9985735007953371,False
Mean_Skin_Temp_°C_,Arachidonic_acid,Group_22C vs Group_15C (Reference),-0.5426931339546487,0.4567246222141347,-1.9718601179656359,0.8864738500563384,0.09669576961419168,-0.09149261171618495,0.26513141562735953,0.4686686187244722,-0.27756171832728915,0.6598976900760329,-0.04526936710959312,0.7214772234172704,0.9985735007953371,False
Mean_Body_Temp_°C_,Erythritol,Group_8C vs Group_22C Contrast,4.707984030857037,0.4570155147612063,-7.698601723774446,17.11456978548852,0.08134192213718061,-0.11004517741757347,-2.273856043309418,0.6300182979172039,-3.1650243888944196,0.20551918728509477,1.542959641962617,0.7907556999462282,0.9985735007953371,False
Muscle_Temp3_°C_,"9-Hexadecenoic_acid,_Z-",Group_8C vs Group_22C Contrast,0.6414856761143544,0.4575559656523215,-1.0510036659522235,2.333975018180932,0.15307988452962817,-0.02336180619336581,0.619190789254791,0.10641905955512898,-0.7375185727968392,0.315312641215002,-0.09603289668248483,0.8325091311912236,0.9985735007953371,False
Muscle_Temp2_°C_,Tryptophan,Group_22C vs Group_15C (Reference),-0.6458323696924768,0.45794513818650295,-2.351233851440532,1.0595691120555784,0.11767943982958406,-0.06613734353925249,0.13766542269289872,0.7446879242734441,-0.5081669469995781,0.5040195269464298,-1.827618197832055,0.42911368523497373,0.9985735007953371,False
Muscle_Temp3_°C_,beta-D-Xylopyranose,Group_8C vs Group_15C (Reference),-2.014962862621805,0.45822395318490317,-7.33902626355036,3.30910053830675,0.09978074784372903,-0.08776492968882743,2.2012310026937008,0.2916355717596282,-0.4372544883844953,0.8763977673596992,0.18626814007189596,0.9146659776263026,0.9985735007953371,False
Muscle_Temp1_°C_,Stearic_Acid,Group_22C vs Group_15C (Reference),-0.35872476597295944,0.4587601354987998,-1.3077018283821618,0.5902522964362429,0.08775925334232826,-0.1022909022113534,-0.012249756314385962,0.9624099456910475,-0.3709745222873454,0.3638084136624453,-0.06142402858435785,0.8040542449062011,0.9985735007953371,False
Muscle_Temp3_°C_,Methyl_galactoside,Group_22C vs Group_15C (Reference),-2.2106505498259432,0.45899322531341025,-8.061781293753388,3.6404801941015004,0.06935579925126656,-0.12452840923805275,0.3029259740703999,0.8840203461469138,-1.9077245757555432,0.3737354640577957,-0.4701964084729041,0.6836222280902111,0.9985735007953371,False
Core_Temp_°C_,Arachidonic_acid,Group_8C vs Group_22C Contrast,1.1013011488208913,0.4605664296262272,-1.8239027335461186,4.026505031187901,0.08284400847426743,-0.1082301564269268,0.44186221260405834,0.5533840872782955,-0.3167218749391554,0.770196786431748,0.7845792738817359,0.4442753462950446,0.9985735007953371,False
Mean_Skin_Temp_°C_,L-Aspartic_acid,Group_8C vs Group_22C Contrast,1.802643110061848,0.46128012080925196,-2.9930482987081177,6.598334518831814,0.11127306470022058,-0.07387838015390003,-0.23880550495087896,0.7950157729978556,-1.5026282295787055,0.5377217521248943,0.30001488048314273,0.14061199747397302,0.9985735007953371,False
Mean_Body_Temp_°C_,"2-Ethyl-3-hydroxypropionic_acid,_di-",Group_8C vs Group_15C (Reference),-2.6146519552002,0.4614841558869174,-9.573624860872455,4.344320950472055,0.20766697290992053,0.042597592266154005,1.38654719503727,0.6740768805208868,1.4827761875722119,0.5769569862706581,-1.22810476016293,0.35140612321528586,0.9985735007953371,False
Core_Temp_°C_,4-Aminobutanoic_acid,Group_22C vs Group_15C (Reference),3.2949985828177732,0.4617173050025144,-5.479302306848942,12.069299472484488,0.1211269512414006,-0.06197160058330753,-0.24031961977964836,0.9191586239951813,3.054678963038125,0.42139285389043524,2.9410425651896093,0.6474935977762553,0.9985735007953371,False
Mean_Body_Temp_°C_,Arachidonic_acid1,Group_22C vs Group_15C (Reference),1.8100086441709893,0.46186435079749744,-3.0114730804601955,6.631490368802174,0.054973365581539535,-0.14190718325563956,-0.454091901124238,0.7917660966965387,1.3559167430467514,0.4407463487831642,-0.755279167100121,0.7428157463154692,0.9985735007953371,False
Muscle_Temp3_°C_,N-Acetylglutamine,Group_8C vs Group_22C Contrast,-2.350093199900367,0.46213673033317715,-8.614170600641762,3.913984200841027,0.21653039751915792,0.053307563668982594,1.7173605215046823,0.1694178806483443,0.16139333058306837,0.9434187545017618,-2.1886998693172988,0.32974709917278,0.9985735007953371,False
Muscle_Temp3_°C_,Valine,Group_8C vs Group_22C Contrast,-0.6396900598172535,0.4625474725735019,-2.3463230582443524,1.0669429386098457,0.24171062466243654,0.08373367146711086,-1.5478966442951174,0.32102396994102855,0.36832028429933694,0.6617148328911051,-0.2713697755179165,0.22290362229517968,0.9985735007953371,False
Muscle_Temp3_°C_,"2,3,4-Trihydroxybutyric_acid",Group_22C vs Group_15C (Reference),3.5023360006475297,0.4631597921517152,-5.854192755229475,12.858864756524534,0.10908544890456118,-0.07652174924032185,-1.6364676583996538,0.5074261958023067,1.865868342247876,0.6479123511579863,1.4378426459296707,0.561889874466925,0.9985735007953371,False
Muscle_Temp3_°C_,Glyceric_acid,Group_22C vs Group_15C (Reference),-2.8296830028933773,0.46396350224610017,-10.40281426972351,4.743448263936755,0.23655331233847987,0.07750191907566328,-1.6862438021758517,0.6125348557996625,-4.515926805069229,0.021267023713168687,-4.131681179880854,0.021585047095763255,0.9985735007953371,False
Muscle_Temp1_°C_,Glyceric_acid,Group_8C vs Group_22C Contrast,-1.533035500390729,0.46501304223993756,-5.645654042681538,2.5795830419000803,0.24132675116925573,0.08326982432951735,-1.8311008745437236,0.17825056410600126,-2.174117835462469,0.14877724548693072,-3.7071533358531976,0.011184965074495068,0.9985735007953371,False
Core_Temp_°C_,Asparagine,Group_22C vs Group_15C (Reference),-5.56951483460082,0.465197657164238,-20.51655601792052,9.37752634871888,0.07577470129509456,-0.116772235935094,3.317056447348797,0.6445990949833265,-2.252458387252023,0.3750557780456665,2.9244429738962414,0.5951900929718279,0.9985735007953371,False
Muscle_Temp1_°C_,Asparagine,Group_22C vs Group_15C (Reference),-1.6425388943510244,0.4653681593117055,-6.052344614776328,2.7672668260742794,0.23832970037524892,0.07964838795342588,1.0191101701837593,0.6258503967753823,-0.6234287241672651,0.45407772002638236,2.603017911895442,0.08885230016376444,0.9985735007953371,False
Mean_Body_Temp_°C_,D---Ribofuranose,Group_8C vs Group_15C (Reference),-4.672911900186742,0.4657405351970556,-17.228986201228828,7.883162400855342,0.19273641386502027,0.02455650008689958,2.3293767778097516,0.7111435947186946,4.57098637658118,0.20754291738875352,-2.3435351223769905,0.053592128826192686,0.9985735007953371,False
Muscle_Temp1_°C_,Oleic_Acid,Group_22C vs Group_15C (Reference),-0.3620369573823434,0.465987163295299,-1.3353652515898378,0.611291336825151,0.2251321683823191,0.06370137012863564,-0.25945836883573276,0.29914108623273905,-0.6214953262180762,0.1475613584033857,0.8042058242389347,0.598942409325806,0.9985735007953371,False
Mean_Body_Temp_°C_,Arachidonic_acid1,Group_8C vs Group_22C Contrast,-2.1111959101468725,0.4661265578472841,-7.7889780379761255,3.566586217682381,0.054973365581539535,-0.14190718325563956,-0.454091901124238,0.7917660966965387,1.3559167430467514,0.4407463487831642,-0.755279167100121,0.7428157463154692,0.9985735007953371,False
Core_Temp_°C_,D---Ribofuranose,Group_22C vs Group_15C (Reference),-7.296622587252772,0.46753149779227454,-26.981538582179425,12.38829340767388,0.2282293964925417,0.06744385409515463,9.029047782515963,0.1653765296052424,1.7324251952631915,0.8208213198698608,5.48159917651995,0.2759381654675843,0.9985735007953371,False
Muscle_Temp1_°C_,2-Keto-3-methylvaleric_acid,Group_8C vs Group_22C Contrast,-1.2294634788379737,0.46842852932578205,-4.553078784600632,2.0941518269246844,0.09081901795405989,-0.09859368663884416,0.4120901092559121,0.42454073546148596,0.0806280445381215,0.9418878284727257,-1.1488354342998521,0.3714337032498465,0.9985735007953371,False
Muscle_Temp3_°C_,L-Aspartic_acid,Group_22C vs Group_15C (Reference),-1.8889701471165479,0.4690500939774457,-7.002482823087123,3.2245425288540277,0.08722932841639941,-0.1029312281635173,1.2484019359992231,0.5510935010868331,-0.6405682111173248,0.6805745546696151,0.2276155551948693,0.933030125662732,0.9985735007953371,False
Muscle_Temp2_°C_,"1,5-Anhydrohexitol",Group_8C vs Group_22C Contrast,1.630818517640375,0.46913128267097604,-2.7847556775022535,6.046392712783003,0.12246586826567141,-0.060353742512313735,-1.173570138898396,0.5630291212272553,0.06310713507592092,0.9362884936612748,1.693925652716296,0.4220821339556948,0.9985735007953371,False
Mean_Body_Temp_°C_,4-Aminobutanoic_acid,Group_8C vs Group_15C (Reference),2.2242129631028007,0.4693924468746282,-3.8014546433563225,8.249880569561924,0.17709500660995336,0.0056564663203604315,0.3668781397425277,0.8960744916902903,2.7263667141355166,0.3339821910736227,2.5910911028453283,0.03821297961984227,0.9985735007953371,False
Muscle_Temp3_°C_,Ascorbic_Acid,Group_22C vs Group_15C (Reference),-2.151708586081888,0.4698475715347993,-7.9869282951483385,3.6835111229845623,0.17185911418374666,-0.0006702370279727532,1.1640570828943917,0.664423089981026,-0.9876515031874964,0.44383818623524673,-1.7671429676702937,0.2154547720547968,0.9985735007953371,False
Muscle_Temp1_°C_,beta-Alanine,Group_8C vs Group_22C Contrast,-1.1062771716336233,0.47002132982854017,-4.107620132557104,1.8950657892898572,0.19814618479613466,0.03109330662866272,-0.2707980615056172,0.5080606875398356,-1.310750839536992,0.27732383167121033,-2.4170280111706153,0.010366033263491614,0.9985735007953371,False
Mean_Skin_Temp_°C_,Alanine,Group_8C vs Group_15C (Reference),-0.8497300901063979,0.470186665604274,-3.155874065227018,1.4564138850142219,0.03919830052529372,-0.16096872019860342,0.6889369362963675,0.5307613781477023,0.17186765244937652,0.9345578240371708,-0.16079315381003034,0.7019372266827697,0.9985735007953371,False
Muscle_Temp1_°C_,"1,3-Dioxolane-2-methanol",Group_22C vs Group_15C (Reference),-1.5879246311110347,0.4702939229137054,-5.898549559969605,2.7227002977475356,0.10646691765778515,-0.07968580783017631,1.1965857942944191,0.1659602355766503,-0.3913388368166155,0.8465821033933578,2.3625963337212204,0.11888141638083272,0.9985735007953371,False
Core_Temp_°C_,Campesterol,Group_8C vs Group_22C Contrast,1.402637929164222,0.47066923677900196,-2.4082938921432717,5.213569750471716,0.1313049295495885,-0.049673210127580525,1.4754960396712848,0.028424512810381004,0.10015222879140584,0.9284436514806682,1.5027901579556278,0.34540508547224436,0.9985735007953371,False
Core_Temp_°C_,Arachidonic_acid1,Group_22C vs Group_15C (Reference),2.4610736249733325,0.47177325792339175,-4.242146007179263,9.164293257125928,0.04723416867319663,-0.15125871285322057,-2.474281651071782,0.42335568201829765,-0.013208026098449732,0.9928058981216892,-0.5513646314912777,0.8738478166752284,0.9985735007953371,False
Muscle_Temp2_°C_,"11-Eicosenoic_acid,_E-",Group_8C vs Group_22C Contrast,-0.5012201732147304,0.4723911980869254,-1.868322781816477,0.8658824353870161,0.12283256533779219,-0.05991065021683428,-0.14463653096764556,0.8291629008014171,-0.10980329236668512,0.859271460656815,-0.6110234655814155,0.05689338879839645,0.9985735007953371,False
Muscle_Temp2_°C_,Lysine,Group_22C vs Group_15C (Reference),-2.5585549854800713,0.4725094457526814,-9.538874542812481,4.4217645718523375,0.2456815667361376,0.08853189313949972,2.4809812029857943,0.3899933592799243,-0.07757378249427704,0.9703452862059816,0.026756251619434845,0.9790078839934753,0.9985735007953371,False
Core_Temp_°C_,"9-Hexadecenoic_acid,_Z-",Group_22C vs Group_15C (Reference),-1.219388964244686,0.4725826425360864,-4.546709183781346,2.107931255291973,0.17614174775041236,0.004504611865081665,2.210568289087362,0.0025810169083700834,0.9911793248426759,0.5173682816925753,0.8845693363165261,0.6947642330505202,0.9985735007953371,False
Core_Temp_°C_,Leucine,Group_8C vs Group_22C Contrast,2.6875762102671823,0.47288947284392735,-4.651173864182899,10.026326284717264,0.06565712221420683,-0.12899764399116664,-1.59411640186951,0.23375886969217285,-2.1001481859727367,0.47989788503707675,0.5874280242944454,0.7963721790293865,0.9985735007953371,False
Core_Temp_°C_,Cysteine,Group_22C vs Group_15C (Reference),-2.766127446919388,0.4731538263940537,-10.323745129189636,4.79149023535086,0.09999889835247511,-0.08750133115742575,2.5032319411283837,0.1829004109639708,-0.2628955057910045,0.9377632959022277,0.8562353057959047,0.8093714089398878,0.9985735007953371,False
Muscle_Temp3_°C_,1-Monooleoylglycerol,Group_8C vs Group_15C (Reference),1.0275582126383571,0.4733174068824457,-1.780976021675993,3.836092446952707,0.12102791864654616,-0.06209126496875661,-0.8095998966710926,0.43637938663929576,-1.6862049431667194,0.38012080681713645,0.21795831596726456,0.8249773273285443,0.9985735007953371,False
Muscle_Temp2_°C_,L-Proline,Group_8C vs Group_22C Contrast,-1.4942950990688852,0.4737850187412195,-5.582915222915595,2.594325024777825,0.12645232390770023,-0.05553677527819545,-0.9793973685556895,0.46048113894362086,0.7388631333445456,0.6433217708534267,-0.7554319657243398,0.5739796195333655,0.9985735007953371,False
Mean_Skin_Temp_°C_,Phenylalanine,Group_8C vs Group_15C (Reference),-0.07338588219307547,0.47490458319879936,-0.2746865098605402,0.1279147454743893,0.29878029271136985,0.1526928536929053,0.020739470176285472,0.8228577196276159,-0.6092402268009969,0.5058254805911464,-0.052646412016790003,0.23513411091401837,0.9985735007953371,False
Muscle_Temp3_°C_,"R*,R*-2,3-Dihydroxybutanoic_acid",Group_8C vs Group_22C Contrast,-1.3261431379453013,0.4754041926283795,-4.9679960430532475,2.3157097671626445,0.2059763713424133,0.040554782038749515,1.8592616925156016,0.18537843286691458,1.2363735696257832,0.2999526208458958,-0.0897695683195181,0.9497585101066559,0.9985735007953371,False
Mean_Skin_Temp_°C_,Diethanolamine,Group_8C vs Group_15C (Reference),-1.9728570266468874,0.4779804640129024,-7.422373446273374,3.476659392979599,0.2593378185890318,0.10503319746174689,0.7236156669177226,0.7705083484254418,0.5603438899864897,0.8686321974336912,-1.2492413597291647,0.31989214119557596,0.9985735007953371,False
Mean_Skin_Temp_°C_,1-Monooleoylglycerol,Group_8C vs Group_15C (Reference),-1.4376776626827574,0.4781407590192942,-5.410343676371851,2.5349883510063362,0.22391870129957803,0.06223509740365685,1.0510688891155642,0.4458679381786812,1.8814051599359534,0.05624567320296148,-0.38660877356719325,0.794695701255381,0.9985735007953371,False
Core_Temp_°C_,"D-Arabinose,_tetrakis",Group_22C vs Group_15C (Reference),7.477911097120032,0.4781834210456082,-13.187446783443303,28.143268977683366,0.10058816363093215,-0.08678930227929027,-9.62497741032377,0.1034045511063141,-2.147066313203739,0.8057633717648842,-3.0835652992276135,0.5298847413410115,0.9985735007953371,False
Muscle_Temp2_°C_,L-Alanine,Group_22C vs Group_15C (Reference),-2.60255460053605,0.479370311914036,-9.81420463845786,4.60909543738576,0.14237051875922913,-0.03630228983259798,2.1343354736470928,0.3752223423207838,-0.46821912688895706,0.866392582587348,-2.688815205733557,0.16692561553617535,0.9985735007953371,False
Muscle_Temp2_°C_,beta-Alanine,Group_22C vs Group_15C (Reference),-1.2815082838257068,0.48035769958646013,-4.840545676239116,2.2775291085877027,0.17369704492821614,0.0015505959549279025,-0.28929463622852997,0.822491930418675,-1.5708029200542368,0.21920060315126078,-2.258475826469961,0.058523564404432404,0.9985735007953371,False
Mean_Body_Temp_°C_,3-OH-Butanoic_Acid,Group_22C vs Group_15C (Reference),-3.8783299187817457,0.4821219812063916,-14.69274848155106,6.93608864398757,0.13350075624964175,-0.04701991953168272,2.117774517500508,0.6931366506973161,-1.7605554012812377,0.1693844855965505,-0.20932404835922425,0.5590052726303663,0.9985735007953371,False
Core_Temp_°C_,Glyceraldehyde-3-PMOX,Group_8C vs Group_15C (Reference),-2.773435407584619,0.48291655199403116,-10.52098848128234,4.974117666113102,0.14302010213174066,-0.03551737659081322,0.19815975070026481,0.9412815366357162,-0.6871418081345091,0.7383717400769589,-2.5752756568843544,0.3739057673377053,0.9985735007953371,False
Core_Temp_°C_,2-OH-Butanoic_Acid,Group_22C vs Group_15C (Reference),2.2355251388902073,0.48319191637152303,-4.0133140236965605,8.484364301476974,0.19484270897229683,0.027101606674858725,-3.0443011446479957,0.2850216269199122,-0.8087760057577884,0.5727697163346854,-1.4542271011688521,0.19228956668926278,0.9985735007953371,False
Core_Temp_°C_,"R*,R*-2,3-Dihydroxybutanoic_acid",Group_8C vs Group_22C Contrast,4.727517061739606,0.4835245826686898,-8.497344789655468,17.95237891313468,0.20618205576205095,0.040803317379145,4.137065981042406,0.6056544037372282,-2.301702707790004,0.46058794807173253,2.4258143539496024,0.6851479261549696,0.9985735007953371,False
Core_Temp_°C_,1-Monooleoylglycerol,Group_22C vs Group_15C (Reference),-3.54121336783309,0.4841498467506278,-13.461478069320044,6.379051333653863,0.2604268530090318,0.10634911405258018,4.965284518346229,0.20265460001379032,1.4240711505131385,0.6592366173037587,5.3612860904281,0.15555060291307954,0.9985735007953371,False
Muscle_Temp3_°C_,Oleic_Acid,Group_8C vs Group_15C (Reference),0.8830900279914108,0.48424007022123283,-1.5912866136574815,3.357466669640303,0.13733265578662002,-0.04238970759116745,-0.45619078898751897,0.2503076045016004,-0.6051353139063702,0.22207966031911885,0.4268992390038918,0.7216886772539006,0.9985735007953371,False
Muscle_Temp1_°C_,Ascorbic_Acid,Group_8C vs Group_15C (Reference),-1.8324223877479513,0.4844881263392594,-6.9696992792619,3.3048545037659975,0.12780455017912928,-0.05390283520021866,0.6407117311009071,0.7462691437325619,0.009497034185234399,0.9890642147882682,-1.1917106566470443,0.487715743546542,0.9985735007953371,False
Muscle_Temp1_°C_,Tryptophan,Group_22C vs Group_15C (Reference),-0.5363438665791256,0.485718367089624,-2.0442509343455812,0.9715632011873299,0.1860307931087093,0.016453875006357088,0.03097037709980299,0.7565952600050769,-0.5053734894793226,0.5076567032250843,-2.190681537891485,0.38623024663700534,0.9985735007953371,False
Core_Temp_°C_,Palmitic_Acid,Group_22C vs Group_15C (Reference),-0.6503391793592587,0.4862870485484506,-2.481124889985618,1.1804465312671009,0.18811150361028872,0.018968066862432242,-0.06450999904638222,0.8044481121801506,-0.7148491784056409,0.4254993286981854,-0.13627029223659526,0.8562170774891509,0.9985735007953371,False
Core_Temp_°C_,N-Acetylglutamine,Group_8C vs Group_22C Contrast,5.518854597498372,0.4890767638258846,-10.117599932751945,21.155309127748687,0.16250005912656085,-0.011979095222072189,-2.2810843065926623,0.7326618431972152,-2.0775040867584424,0.3661583899621714,3.4413505107399294,0.6523676970300212,0.9985735007953371,False
Mean_Skin_Temp_°C_,Glycerol-3-P,Group_8C vs Group_15C (Reference),1.1593213381854472,0.48931976583180403,-2.127136809302619,4.445779485673514,0.13395523573535684,-0.04647075681977708,-0.7115468698542244,0.639934746433827,-0.4907478436692147,0.7656094700498561,0.4477744683312228,0.5257223937127697,0.9985735007953371,False
Core_Temp_°C_,Dodecanoic_acid,Group_8C vs Group_15C (Reference),4.997000274450733,0.48945043912706243,-9.172818954021992,19.166819502923456,0.0491315161634992,-0.14896608463577166,-3.2140982677494803,0.24644709050473046,-0.512157152695512,0.9226783445754447,1.7829020067012529,0.7894413904942452,0.9985735007953371,False
Mean_Skin_Temp_°C_,Arginine_[-NH3],Group_22C vs Group_15C (Reference),-0.7819072695160593,0.48999974093049337,-3.0019414333547894,1.438126894322671,0.31397680627853,0.17105530758655707,-0.02534088553390157,0.9089078892741677,-0.8072481550499608,0.46740407225342073,0.12763706866905727,0.5340802222775247,0.9985735007953371,False
Mean_Body_Temp_°C_,Arachidonic_acid,Group_22C vs Group_15C (Reference),-0.8841006414232582,0.49014115208212206,-3.395105922279734,1.6269046394332176,0.076354772351794,-0.11607131674158211,0.4288333540407867,0.4924640564990985,-0.45526728738247146,0.683979881815798,-0.08734457097298087,0.8636870682680982,0.9985735007953371,False
Muscle_Temp3_°C_,Oxalic_acid,Group_22C vs Group_15C (Reference),2.311874589957653,0.49016361742521497,-4.254606166480376,8.878355346395683,0.40480104262636096,0.2808012598401862,-0.3197000157695238,0.8903563439284227,1.9921745741881292,0.40997841833619075,2.187118857588544,0.195040652308613,0.9985735007953371,False
Mean_Body_Temp_°C_,L-Alanine,Group_8C vs Group_22C Contrast,-3.222077690098532,0.4902357849534632,-12.37552368203372,5.931368301836656,0.14180859156045866,-0.0369812851977791,5.8964963948205895,0.28533862578962854,3.9053199340913767,0.3225391431727256,0.6832422439928445,0.784210154596167,0.9985735007953371,False
Muscle_Temp2_°C_,L-Norvaline,Group_22C vs Group_15C (Reference),-2.3857962704128006,0.49054709689672216,-9.168231398497937,4.396638857672337,0.17153366518055801,-0.0010634879068256442,3.4481819214507503,0.19996868048784766,1.0623856510379497,0.6254436223792761,0.9903992446548826,0.71193101923928,0.9985735007953371,False
Muscle_Temp1_°C_,Arachidonic_acid1,Group_8C vs Group_15C (Reference),0.8803440774500315,0.49065647430588655,-1.6229638051623414,3.383651960062404,0.059102734158996806,-0.13691752955787884,-0.5183202931534737,0.4671744178174394,-0.01565274040114073,0.981592075086714,0.3620237842965578,0.7326463760871385,0.9985735007953371,False
Muscle_Temp1_°C_,Oleic_Acid,Group_8C vs Group_15C (Reference),1.0636641930746675,0.4924028894127608,-1.9731423881302166,4.100470774279552,0.2251321683823191,0.06370137012863564,-0.25945836883573276,0.29914108623273905,-0.6214953262180762,0.1475613584033857,0.8042058242389347,0.598942409325806,0.9985735007953371,False
Muscle_Temp2_°C_,"D-Arabinose,_tetrakis",Group_22C vs Group_15C (Reference),-2.216843662402802,0.49247652461720703,-8.547103835129562,4.113416510323958,0.1841092628247447,0.01413202591323326,-0.8973651659411741,0.6899350717001856,-3.114208828343976,0.17906408412993668,3.443251244258792,0.008473582878056884,0.9985735007953371,False
Muscle_Temp3_°C_,Phenylalanine,Group_8C vs Group_15C (Reference),0.1110433460045511,0.4926165857239966,-0.20614674934887403,0.42823344135797625,0.0939476054918621,-0.09481331003066651,-0.07846847914990034,0.24766317093491585,0.2736054619088261,0.44197993602927177,0.03257486685465076,0.824523988521948,0.9985735007953371,False
Muscle_Temp2_°C_,Glyceraldehyde-3-PMOX,Group_22C vs Group_15C (Reference),-1.3832260731996509,0.49296757914064093,-5.337553761082708,2.5711016146834065,0.14986482375583587,-0.027246671295031666,1.0032404948930123,0.6007272873976337,-0.3799855783066386,0.5458762133304007,0.10309483222759752,0.8746304202453259,0.9985735007953371,False
Mean_Skin_Temp_°C_,Phenylalanine,Group_22C vs Group_15C (Reference),-0.6299796969772824,0.4936550159626888,-2.433814224214504,1.1738548302599394,0.29878029271136985,0.1526928536929053,0.020739470176285472,0.8228577196276159,-0.6092402268009969,0.5058254805911464,-0.052646412016790003,0.23513411091401837,0.9985735007953371,False
Mean_Body_Temp_°C_,1-Monooleoylglycerol,Group_8C vs Group_22C Contrast,-3.7200854236157865,0.4945253239618532,-14.393570658117019,6.953399810885445,0.24851239405214332,0.09195247614633995,4.046063726474333,0.1948833061465366,3.145327892692191,0.012824429108132973,-0.5747575309235957,0.9135934260495997,0.9985735007953371,False
Core_Temp_°C_,Proline,Group_8C vs Group_22C Contrast,2.762775503744113,0.4945432383299585,-5.164372431170785,10.689923438659012,0.12236690078688983,-0.06047332821584139,2.9403658368457424,0.5302519403566065,-1.8722911786629113,0.5730388863711149,0.8904843250812018,0.6994725145416321,0.9985735007953371,False
Muscle_Temp2_°C_,Serine,Group_8C vs Group_15C (Reference),-0.43648788263460403,0.49486027361531315,-1.68978673661953,0.8168109713503221,0.26837686191506405,0.11595537481403573,-0.12114602406729523,0.6891393847059528,-2.117873903405177,0.19559391469582632,-0.5576339067018993,0.32210579465402933,0.9985735007953371,False
Core_Temp_°C_,2-Keto-3-methylvaleric_acid,Group_8C vs Group_15C (Reference),-3.0297971443614364,0.4953226800412378,-11.738662856601401,5.679068567878527,0.16316948809910858,-0.011170201880243757,1.8191539846735323,0.4507159221066691,-4.0266763755252075,0.20986297976393198,-1.2106431596879041,0.7456233765659723,0.9985735007953371,False
Mean_Skin_Temp_°C_,Arachidonic_acid1,Group_8C vs Group_15C (Reference),-0.6382362953402043,0.4959772258805809,-2.475574269243248,1.1991016785628394,0.08662132720906668,-0.10366589628904443,0.4393454706783398,0.50796575486875,0.9719297035090861,0.35297141894673767,-0.19889082466186453,0.7638685313902822,0.9985735007953371,False
Muscle_Temp3_°C_,Alanine,Group_8C vs Group_22C Contrast,1.5384065594059955,0.4983200918306969,-2.9145834160767787,5.99139653488877,0.19128027069017406,0.022796993750627048,2.1781050661300583,0.0692623943400719,-1.421888824433701,0.5123511538944343,0.11651773497229456,0.8623803774910503,0.9985735007953371,False
Mean_Skin_Temp_°C_,Indole-3-Propionic_Acid,Group_22C vs Group_15C (Reference),-0.5054163769789757,0.49858589932808384,-1.9692465334591933,0.958413779501242,0.07044021931141375,-0.12321806833204163,0.056566249698529206,0.9290469016728916,-0.4488501272804465,0.2531037295735441,-0.008715480230616232,0.886928099944621,0.9985735007953371,False
Core_Temp_°C_,Tyrosine,Group_22C vs Group_15C (Reference),-1.6289950050897588,0.49862864322942235,-6.347499360392217,3.0895093502127002,0.06365070966850195,-0.13142205915056016,0.5211290447992413,0.5357582205649952,-1.1078659602905176,0.6233057810742648,0.6206471333965127,0.6571957070251364,0.9985735007953371,False
Core_Temp_°C_,Butanoic_acid,Group_8C vs Group_22C Contrast,3.211935937411049,0.4986384764122044,-6.092057757824534,12.515929632646632,0.19803912833679982,0.030963946740299786,1.9373817081525126,0.18853832001026927,1.603933794041361,0.6985810565879906,4.81586973145241,0.037819826417318625,0.9985735007953371,False
Muscle_Temp3_°C_,Decanoic_acid,Group_22C vs Group_15C (Reference),-0.5763857574340777,0.4988334822684346,-2.2467263661082537,1.0939548512400985,0.14881529618294553,-0.02851485044560742,-0.13081381371102904,0.7762319341029941,-0.7071995711451068,0.32415469555357257,0.8525305483416649,0.3950244718259466,0.9985735007953371,False
Mean_Skin_Temp_°C_,Valine,Group_8C vs Group_22C Contrast,1.5064769718495363,0.4992789060275251,-2.863840640942457,5.876794584641529,0.33271774757566064,0.19370061165392327,-1.506454906289396,0.33945957692417494,-1.4628268570719556,0.511548476780251,0.04365011477758074,0.5649602327896726,0.9985735007953371,False
Core_Temp_°C_,1-Monopalmitin,Group_8C vs Group_15C (Reference),-2.8957956970997456,0.5019528629908339,-11.34900435171852,5.55741295751903,0.26798339662414905,0.11547993758751351,4.220379128026064,0.11355243728897975,1.2452557154915156,0.25083233294490936,1.3245834309263183,0.6959484206932829,0.9985735007953371,False
Muscle_Temp2_°C_,D---Ribofuranose,Group_8C vs Group_15C (Reference),-2.09661939655287,0.5028779392414182,-8.23019010119422,4.036951308088479,0.1148899678977855,-0.06950795545684252,1.0911015978773084,0.6987731057789006,-0.17960382662093344,0.9440867751374635,-1.0055177986755617,0.4589484451630561,0.9985735007953371,False
Muscle_Temp2_°C_,2-OH-Butanoic_Acid,Group_8C vs Group_15C (Reference),1.1092472752200657,0.5032746724066823,-2.1388248908177205,4.357319441257852,0.08455271190225222,-0.10616547311811186,-0.7486538143258985,0.6324248390510119,0.02057676052275892,0.9768475534456706,0.3605934608941672,0.5078578470204729,0.9985735007953371,False
Muscle_Temp1_°C_,"1,3-Dioxolane-2-methanol",Group_8C vs Group_15C (Reference),1.1660105394268014,0.5037429155955901,-2.252022828731378,4.584043907584981,0.10646691765778515,-0.07968580783017631,1.1965857942944191,0.1659602355766503,-0.3913388368166155,0.8465821033933578,2.3625963337212204,0.11888141638083272,0.9985735007953371,False
Muscle_Temp1_°C_,Cholesterol,Group_8C vs Group_22C Contrast,-0.5944062163592967,0.503880513988221,-2.3374376998286177,1.1486252671100246,0.11097056634773306,-0.07424389899648909,0.02697543561707586,0.9432689771877192,-0.0760036115099571,0.8631407189362954,-0.6704098278692538,0.38535866679122877,0.9985735007953371,False
Muscle_Temp2_°C_,"2,3,4-Trihydroxybutyric_acid",Group_8C vs Group_22C Contrast,-2.539995003567882,0.5040499996719965,-9.991214139589616,4.911224132453852,0.09188193575753245,-0.09730932762631483,0.24816770706206384,0.8609894573080299,1.684220033052378,0.5005111264218494,-0.8557749705155044,0.7650887780450129,0.9985735007953371,False
Mean_Body_Temp_°C_,Dodecanoic_acid,Group_8C vs Group_22C Contrast,-3.9343313712288612,0.5054470972645937,-15.513823264160663,7.645160521702941,0.14683852011361243,-0.030903454862718283,-0.08154486954783116,0.9737997005062681,0.4192595481683503,0.9268253142759972,-3.515071823060511,0.34858634842364533,0.9985735007953371,False
Muscle_Temp3_°C_,4-Aminobutanoic_acid,Group_8C vs Group_15C (Reference),-1.6723379822491362,0.5058562989668018,-6.598994004879855,3.254318040381583,0.10765640035580215,-0.07824851623673901,0.4908713323858183,0.5858449099657871,1.1402962939711585,0.5753043643099722,-1.181466649863318,0.6146351469019209,0.9985735007953371,False
Mean_Skin_Temp_°C_,Lactic_Acid,Group_8C vs Group_15C (Reference),-1.0879131798759967,0.5073583063686248,-4.304217883008553,2.12839152325656,0.07123632246262945,-0.12225611035765604,1.3601566241057292,0.37471238084037195,0.28741686981276016,0.7513649062535048,0.27224344422973257,0.6430418979535615,0.9985735007953371,False
Muscle_Temp2_°C_,Palmitelaidic_acid,Group_8C vs Group_15C (Reference),1.3216221553456777,0.5096174607625611,-2.606494898565061,5.249739209256417,0.052641324908758946,-0.14472506573524946,-0.9584515909486659,0.3004495606064145,-0.05424139472120604,0.975402160664838,0.3631705643970118,0.838118468335648,0.9985735007953371,False
Muscle_Temp1_°C_,Lactic_Acid1,Group_22C vs Group_15C (Reference),-2.2126440940371968,0.510146634650471,-8.79727958931977,4.371991401245376,0.08946039270939998,-0.10023535880947487,0.3357737325155176,0.9036534261537198,-1.876870361521679,0.3220404677372217,0.8691660670835128,0.5694325191599008,0.9985735007953371,False
Muscle_Temp3_°C_,1-Ethyl-1-tetradecyloxy-1-silacyclohexane,Group_22C vs Group_15C (Reference),1.6043487340731848,0.5101922744865448,-3.1705680566235412,6.379265524769911,0.1347035253610469,-0.04556657352206828,-1.4307305878877554,0.5273165945624989,0.17361814618542937,0.8472247551537357,-0.5869644493673298,0.5738752153067217,0.9985735007953371,False
Muscle_Temp3_°C_,Arginine_[-NH3],Group_22C vs Group_15C (Reference),0.4136881024436854,0.5113710024076055,-0.8209827436790205,1.6483589485663912,0.08471642083895958,-0.10596765815292386,-0.19442992659682898,0.42456006515212874,0.21925817584685645,0.7058850958098568,-0.03796224135219253,0.882764528044701,0.9985735007953371,False
Mean_Body_Temp_°C_,Proline,Group_8C vs Group_15C (Reference),-1.8779760824370306,0.5124483576915149,-7.497206919997827,3.741254755123765,0.1231065715659988,-0.05957955935775128,1.777741657810013,0.5267784215210956,-2.0119170146854595,0.6350057862483003,-0.1002344246270177,0.8616276106151939,0.9985735007953371,False
Muscle_Temp2_°C_,L-Alanine,Group_8C vs Group_22C Contrast,-2.2205960788445998,0.513127234163577,-8.875837195785824,4.434645038096624,0.14237051875922913,-0.03630228983259798,2.1343354736470928,0.3752223423207838,-0.46821912688895706,0.866392582587348,-2.688815205733557,0.16692561553617535,0.9985735007953371,False
Core_Temp_°C_,Palmitelaidic_acid,Group_8C vs Group_15C (Reference),2.7782792610339353,0.5131439044861603,-5.548543595946217,11.105102118014088,0.04530452525780082,-0.15359036531349068,-1.6060076067640112,0.3891385728485388,0.5615865118238121,0.7520113017644816,1.172271654269924,0.7587698070985052,0.9985735007953371,False
Muscle_Temp3_°C_,Serine,Group_22C vs Group_15C (Reference),-1.6804463746554763,0.5143043800851819,-6.730839882846365,3.3699471335354128,0.1326810321597407,-0.04801041947364659,-0.265308748040953,0.3080586304381756,-1.9457551226964294,0.4478564432839085,-0.5456205370012819,0.29716785659630185,0.9985735007953371,False
Mean_Skin_Temp_°C_,"1,3-Dioxolane-2-methanol",Group_22C vs Group_15C (Reference),1.8866548049045653,0.5145523587483494,-3.7868191217670386,7.560128731576169,0.1615620109620891,-0.013112570087475683,0.8791877801136284,0.6748781903223542,2.7658425850181936,0.16594760438704492,-1.3498870619921108,0.18253201669595054,0.9985735007953371,False
Core_Temp_°C_,Tyrosine,Group_8C vs Group_22C Contrast,1.7285130936870303,0.5148531167358519,-3.4732185604701895,6.93024474784425,0.06365070966850195,-0.13142205915056016,0.5211290447992413,0.5357582205649952,-1.1078659602905176,0.6233057810742648,0.6206471333965127,0.6571957070251364,0.9985735007953371,False
Core_Temp_°C_,Nonanoic_acid,Group_8C vs Group_22C Contrast,-3.1358990230393853,0.5149619535665655,-12.575416535137945,6.303618489059174,0.265019885434121,0.11189902823289632,4.383769012647794,0.12027151857368402,2.2487362291839674,0.4182746463642566,-0.8871627938554179,0.821580170425964,0.9985735007953371,False
Muscle_Temp1_°C_,Ascorbic_Acid,Group_8C vs Group_22C Contrast,-1.2012076908322786,0.5165536142805431,-4.830754031820767,2.4283386501562103,0.12780455017912928,-0.05390283520021866,0.6407117311009071,0.7462691437325619,0.009497034185234399,0.9890642147882682,-1.1917106566470443,0.487715743546542,0.9985735007953371,False
Muscle_Temp2_°C_,Glycerol,Group_8C vs Group_22C Contrast,-2.9649353881195735,0.5167901001412365,-11.928782066313545,5.998911290074397,0.05982523928266592,-0.13604450253344536,0.9140485914073919,0.8320436599299113,1.5273500217723455,0.4937070973855513,-1.4375853663472278,0.7187589580733849,0.9985735007953371,False
Muscle_Temp1_°C_,Stearic_Acid,Group_8C vs Group_22C Contrast,0.30955049370298754,0.5169563601592009,-0.6266803432712849,1.2457813306772598,0.08775925334232826,-0.1022909022113534,-0.012249756314385962,0.9624099456910475,-0.3709745222873454,0.3638084136624453,-0.06142402858435785,0.8040542449062011,0.9985735007953371,False
Mean_Body_Temp_°C_,"11-Eicosenoic_acid,_E-",Group_22C vs Group_15C (Reference),1.1907942487488008,0.5171991343021723,-2.412765998838484,4.794354496336086,0.13544681828072558,-0.04466842791078984,-1.3270126647334064,0.38557249254589465,-0.1362184159846056,0.8938091927500702,-0.6757645049951334,0.47938034021198206,0.9985735007953371,False
Muscle_Temp2_°C_,L-Norvaline,Group_8C vs Group_15C (Reference),-2.4577826767958677,0.5176565176559702,-9.90360685241622,4.988041498824483,0.17153366518055801,-0.0010634879068256442,3.4481819214507503,0.19996868048784766,1.0623856510379497,0.6254436223792761,0.9903992446548826,0.71193101923928,0.9985735007953371,False
Muscle_Temp3_°C_,Glyceric_acid,Group_8C vs Group_15C (Reference),-2.445437377705002,0.5181208074638192,-9.862083400052088,4.971208644642083,0.23655331233847987,0.07750191907566328,-1.6862438021758517,0.6125348557996625,-4.515926805069229,0.021267023713168687,-4.131681179880854,0.021585047095763255,0.9985735007953371,False
Mean_Body_Temp_°C_,Ascorbic_Acid,Group_8C vs Group_22C Contrast,2.2509862353975865,0.5181672465802123,-4.5768016997424645,9.078774170537637,0.20744179939829,0.04232550760626719,-2.8041412085028035,0.3862829625671115,1.0449829288434218,0.24257667957872453,3.2959691642410083,0.32760344385242046,0.9985735007953371,False
Mean_Skin_Temp_°C_,Glutamic_Acid,Group_22C vs Group_15C (Reference),-0.491461410065303,0.5183405459005004,-1.982773431490917,0.999850611360311,0.1136998454526823,-0.07094602007800876,-0.04852668210357611,0.7666719131130031,-0.5399880921688791,0.46743150057534155,0.19761764803475756,0.23414675480526492,0.9985735007953371,False
Mean_Body_Temp_°C_,Tryptophan,Group_22C vs Group_15C (Reference),-2.0481862176267844,0.5187490353888966,-8.269365791190868,4.172993355937299,0.08770361806159621,-0.10235812817557122,-0.30651901672119375,0.4829111786243482,-2.3547052343479784,0.45387488349683114,1.5145139740093296,0.6954220142632122,0.9985735007953371,False
Mean_Body_Temp_°C_,beta-D-Xylopyranose,Group_8C vs Group_22C Contrast,-4.667376411477432,0.5187981638901938,-18.846034823773312,9.511282000818447,0.15043032397441525,-0.02656335853091485,4.8469376101592125,0.31433187871453516,3.50616109997676,0.34981496074915697,-1.1612153115006718,0.8511005950372701,0.9985735007953371,False
Muscle_Temp3_°C_,Campesterol,Group_8C vs Group_22C Contrast,0.7622191084625654,0.5200976571101474,-1.560481998348991,3.0849202152741215,0.1503485966473681,-0.02666211238443017,0.4809658663157805,0.48632511416022806,-0.930928989357565,0.22738277969347354,-0.16870988089499966,0.8512680323065303,0.9985735007953371,False
Mean_Skin_Temp_°C_,2-Aminoheptanedioic_acid,Group_8C vs Group_22C Contrast,-0.8197880138131839,0.5205997712557535,-3.3209268831946623,1.6813508555682946,0.2607345768542456,0.10672094703221346,-0.8740871921806012,0.639595548942097,2.2954847647396193,0.05232849077972013,1.4756967509264354,0.002042285265128063,0.9985735007953371,False
Core_Temp_°C_,"Ethanolamine,_3TMS",Group_22C vs Group_15C (Reference),-8.51408347022351,0.5210326672605803,-34.516705641770194,17.48853870132318,0.1737980744991594,0.0016726733531510218,5.090537295108399,0.677759255295102,-3.42354617511511,0.5013414759514254,1.2591250683761572,0.8399026828368439,0.9985735007953371,False
Muscle_Temp1_°C_,"2,3-Butanediol",Group_8C vs Group_22C Contrast,1.4890956954241523,0.5215032000487869,-3.063932431387784,6.042123822236089,0.07638076753802459,-0.11603990589155355,-0.7676892828514762,0.6873989036383845,0.18869643251420198,0.9050814510951191,1.6777921279383543,0.32385135952342425,0.9985735007953371,False
Mean_Body_Temp_°C_,Arachidonic_acid,Group_8C vs Group_15C (Reference),-0.5161779250137676,0.5217475141530643,-2.095330104129736,1.0629742541022007,0.076354772351794,-0.11607131674158211,0.4288333540407867,0.4924640564990985,-0.45526728738247146,0.683979881815798,-0.08734457097298087,0.8636870682680982,0.9985735007953371,False
Muscle_Temp3_°C_,Dodecanoic_acid,Group_22C vs Group_15C (Reference),-0.9293754277804458,0.5224164104695408,-3.777203923321067,1.9184530677601754,0.1822621796934979,0.011900133796310053,-1.2242500227121123,0.07338543842200676,-2.153625450492558,0.09299135161271166,1.8057832838218775,0.34340952628651555,0.9985735007953371,False
Muscle_Temp1_°C_,Tryptophan,Group_8C vs Group_22C Contrast,-1.685308048412162,0.5233635079722956,-6.861370268361606,3.490754171537281,0.1860307931087093,0.016453875006357088,0.03097037709980299,0.7565952600050769,-0.5053734894793226,0.5076567032250843,-2.190681537891485,0.38623024663700534,0.9985735007953371,False
Muscle_Temp3_°C_,Stearic_Acid,Group_8C vs Group_22C Contrast,0.30229399784247013,0.5252137897013984,-0.630287593916998,1.234875589601938,0.04452243833867797,-0.15453538700743064,-0.08022442318071348,0.7780589563222002,-0.3361713647748295,0.40146792064455283,-0.03387736693235936,0.8949687371896344,0.9985735007953371,False
Mean_Skin_Temp_°C_,Stearic_Acid,Group_8C vs Group_22C Contrast,0.5844901826304099,0.5262002566333146,-1.2229727850634204,2.39195315032424,0.23167294462711552,0.07160480809109793,0.11067048163645268,0.668859328923049,-0.6901706117772367,0.452957584621577,-0.10568042914682688,0.123241871574153,0.9985735007953371,False
Mean_Skin_Temp_°C_,"D-Arabinose,_tetrakis",Group_8C vs Group_15C (Reference),2.876999729474691,0.5265909696221963,-6.028008412834391,11.782007871783772,0.07609158786986048,-0.1163893313239186,-3.261853093879421,0.44915797569948446,-0.7636892627013512,0.7778725454387514,-0.38485336440473006,0.7889577417203448,0.9985735007953371,False
Muscle_Temp1_°C_,Glycine,Group_22C vs Group_15C (Reference),-1.2741039163595784,0.5266115315344607,-5.217959007262293,2.6697511745431353,0.12869051189132108,-0.05283229813132029,1.3542132054879554,0.21414376669393775,0.080109289128377,0.9622226157926985,-0.6106204717874237,0.45953639550709724,0.9985735007953371,False
Muscle_Temp1_°C_,1-Ethyl-1-tetradecyloxy-1-silacyclohexane,Group_8C vs Group_15C (Reference),-1.4681855534392891,0.526781432185609,-6.014668200685323,3.0782970938067447,0.1341715513208961,-0.04620937548725057,0.5857468161542471,0.789747819348433,0.364485520958357,0.5186558982370719,-0.8824387372850421,0.23622517785229613,0.9985735007953371,False
Core_Temp_°C_,L-5-Oxoproline,Group_8C vs Group_22C Contrast,2.1279837197235745,0.5269710128304894,-4.464819189312933,8.72078662876008,0.29053586538301324,0.14273083733780767,0.8693365481639074,0.9169199330268786,3.5342714681251173,0.05302512348582722,5.662255187848692,0.04498835144773139,0.9985735007953371,False
Mean_Body_Temp_°C_,Arginine_[-NH3],Group_8C vs Group_15C (Reference),0.546137811574271,0.5272066437395208,-1.1468106817376236,2.2390863048861656,0.1997838672470159,0.03307217292347764,-0.14840889397676804,0.7664391207277348,-1.0771621700556664,0.4727082209505351,0.39772891759750295,0.5724295096517935,0.9985735007953371,False
Muscle_Temp1_°C_,Lysine,Group_22C vs Group_15C (Reference),-1.7181929135025957,0.5272516173817727,-7.044923203421341,3.60853737641615,0.2384800871327698,0.07983010528543022,1.1904418516565438,0.25966310666497405,-0.5277510618460519,0.8330834932386959,-0.14741767105670522,0.8858619127515202,0.9985735007953371,False
Mean_Skin_Temp_°C_,L-Alanine,Group_8C vs Group_15C (Reference),-0.9366896983901294,0.5283820028985113,-3.8485733269252114,1.9751939301449524,0.054629667471587484,-0.14232248513849832,1.0623603702858826,0.4288706425148284,0.5152813257205691,0.8258152701224584,0.1256706718957532,0.8432696192470086,0.9985735007953371,False
Core_Temp_°C_,L-+-Erythrulose,Group_22C vs Group_15C (Reference),5.571914556362749,0.5291092236961428,-11.780063913145561,22.92389302587106,0.2207762328377646,0.05843794801229896,-8.492432234615487,0.20188730877168903,-2.920517678252738,0.6169679807800641,1.3437959756549294,0.8833156759110148,0.9985735007953371,False
Mean_Body_Temp_°C_,alpha-D-Glucopyranoside,Group_8C vs Group_22C Contrast,-2.5331344461381966,0.5294992605725888,-10.42940637727584,5.363137484999445,0.199881766138985,0.033190467417940295,3.3581682303644507,0.40279531490085285,4.352601635080038,0.17081054708816312,1.8194671889418412,0.46244507010478975,0.9985735007953371,False
Mean_Body_Temp_°C_,"2,3-Butanediol",Group_8C vs Group_15C (Reference),5.146729577457613,0.5297246315287494,-10.90511710747716,21.198576262392386,0.08698074125254618,-0.10323160431984002,-1.9585168382492941,0.8046068254280621,1.432010301187692,0.45625418227847114,3.1882127392083186,0.12849825748588684,0.9985735007953371,False
Muscle_Temp1_°C_,2-Aminoheptanedioic_acid,Group_8C vs Group_22C Contrast,1.465353862897202,0.5297839017777768,-3.105598479178658,6.036306204973062,0.08682030102825877,-0.10342546959085386,0.13712518580343572,0.7881909573835367,0.4163708973876348,0.8444868718725465,1.8817247602848368,0.05142532469314354,0.9985735007953371,False
Muscle_Temp2_°C_,"11-Eicosenoic_acid,_E-",Group_8C vs Group_15C (Reference),-0.46638693461377,0.5302849357426398,-1.9229574690345168,0.9901835998069767,0.12283256533779219,-0.05991065021683428,-0.14463653096764556,0.8291629008014171,-0.10980329236668512,0.859271460656815,-0.6110234655814155,0.05689338879839645,0.9985735007953371,False
Muscle_Temp1_°C_,Campesterol,Group_8C vs Group_15C (Reference),-0.71905921662771,0.5310596410510544,-2.9689862487349146,1.5308678154794944,0.2179508921192682,0.05502399464411578,0.4723611294622133,0.014780423420731692,-0.6467637649174295,0.358523290574408,-0.24669808716549668,0.8274032843500283,0.9985735007953371,False
Muscle_Temp3_°C_,Phenylalanine,Group_8C vs Group_22C Contrast,-0.24103059505417537,0.5312736410789922,-0.9956191762105628,0.5135579861022121,0.0939476054918621,-0.09481331003066651,-0.07846847914990034,0.24766317093491585,0.2736054619088261,0.44197993602927177,0.03257486685465076,0.824523988521948,0.9985735007953371,False
Muscle_Temp3_°C_,Palmitelaidic_acid,Group_22C vs Group_15C (Reference),-1.5830368021678238,0.5314584059945364,-6.541151036839924,3.375077432504277,0.07948564457786444,-0.11228817946841363,-0.18887541009170503,0.8039131652381286,-1.7719122122595288,0.4626814036381446,0.7035243583756178,0.6893178795516921,0.9985735007953371,False
Core_Temp_°C_,beta-Alanine,Group_8C vs Group_22C Contrast,4.122068095709271,0.5328745361867033,-8.83325961619176,17.0773958076103,0.1234119621110279,-0.05921054578250784,-0.0828765515824895,0.9806751298914287,-5.024722502315967,0.0099981509069067,-0.902654406606696,0.8863474048257058,0.9985735007953371,False
Muscle_Temp3_°C_,Palmitic_Acid,Group_22C vs Group_15C (Reference),-0.2775386008536722,0.5340738095683479,-1.1523636651858156,0.597286463478471,0.1788167999210799,0.00773696657130496,-0.08964969529624481,0.5660169972459557,-0.367188296149917,0.37984414987566906,0.0573497535938228,0.7898688367300277,0.9985735007953371,False
Muscle_Temp3_°C_,Glycine,Group_22C vs Group_15C (Reference),-1.6287042290608589,0.5347378540479253,-6.77086506275999,3.5134566046382716,0.13847699327589624,-0.04100696645829194,2.421663393876449,0.19607537940056785,0.79295916481559,0.6659854785444164,-0.910175561490425,0.3866902265408929,0.9985735007953371,False
Mean_Body_Temp_°C_,"2,3-Butanediol",Group_8C vs Group_22C Contrast,1.756202438020627,0.5370315490519562,-3.8198737232264843,7.332278599267738,0.08698074125254618,-0.10323160431984002,-1.9585168382492941,0.8046068254280621,1.432010301187692,0.45625418227847114,3.1882127392083186,0.12849825748588684,0.9985735007953371,False
Muscle_Temp3_°C_,2-Aminoheptanedioic_acid,Group_8C vs Group_22C Contrast,-2.355287184063415,0.5389563849045168,-9.868997661835294,5.1584232937084655,0.06666451979430177,-0.12778037191521863,-0.17240947360423486,0.9099681450173019,2.4426852344228114,0.427954451799772,0.08739805035939663,0.9694283460252668,0.9985735007953371,False
Mean_Skin_Temp_°C_,L-+-Erythrulose,Group_8C vs Group_22C Contrast,1.2429356790282253,0.5393541545816732,-2.7260996938273014,5.2119710518837525,0.19548168953589717,0.02787370818920909,-1.2745737784957025,0.663888184749664,-0.04615336143946913,0.9804827691614453,1.1967823175887562,0.10384332507284699,0.9985735007953371,False
Muscle_Temp2_°C_,4-Aminobutanoic_acid,Group_22C vs Group_15C (Reference),1.1885008781633133,0.539637348293898,-2.6092904443562146,4.986292200682841,0.0956428210648469,-0.09276492454664331,0.0998279538942161,0.9280965721552351,1.2883288320575295,0.41803638935706244,0.08934205661610287,0.976264510379554,0.9985735007953371,False
Muscle_Temp3_°C_,1H-Indole-3-Acetic_Acid,Group_8C vs Group_22C Contrast,0.6237099680004039,0.5404046886958397,-1.3731362663760744,2.620556202376882,0.24910915777429454,0.09267356564393925,0.4351319279692489,0.5691852685334072,0.5128778328681687,0.2769568920043428,1.1365878008685726,0.2081444471746412,0.9985735007953371,False
Muscle_Temp1_°C_,Asparagine,Group_8C vs Group_15C (Reference),1.5839077417116831,0.5408706605635849,-3.4928180048530466,6.660633488276413,0.23832970037524892,0.07964838795342588,1.0191101701837593,0.6258503967753823,-0.6234287241672651,0.45407772002638236,2.603017911895442,0.08885230016376444,0.9985735007953371,False
Muscle_Temp3_°C_,Nonanoic_acid,Group_8C vs Group_22C Contrast,-1.319777837993474,0.542114496157739,-5.563028647345916,2.9234729713589678,0.22835067665448328,0.06759040095750068,-0.004626166596780258,0.9935953713031807,-0.1215910336729644,0.9514292039462211,-1.4413688716664381,0.08541936441912812,0.9985735007953371,False
Mean_Body_Temp_°C_,L-Proline,Group_22C vs Group_15C (Reference),2.8631692325233726,0.5424591468684887,-6.349968723125761,12.076307188172505,0.17566350880604953,0.0039267398073099535,-1.2530019043256229,0.3476259370794266,1.6101673281977498,0.7209199376739683,2.4471720514460946,0.34694681421534135,0.9985735007953371,False
Mean_Body_Temp_°C_,L-Norvaline,Group_22C vs Group_15C (Reference),4.910429481247883,0.5433756718228322,-10.926344098815628,20.747203061311396,0.12777885798630073,-0.05393387993321985,-3.8935434179818103,0.3703185365965037,1.0168860632660728,0.8813298562892737,-3.057374274761904,0.3348795294745974,0.9985735007953371,False
Mean_Skin_Temp_°C_,Phenylalanine,Group_8C vs Group_22C Contrast,0.5565938147842069,0.5437546172210526,-1.2402153225083459,2.3534029520767596,0.29878029271136985,0.1526928536929053,0.020739470176285472,0.8228577196276159,-0.6092402268009969,0.5058254805911464,-0.052646412016790003,0.23513411091401837,0.9985735007953371,False
Muscle_Temp1_°C_,Serine,Group_8C vs Group_22C Contrast,0.7701198672725265,0.5438438332417435,-1.7165496797001247,3.2567894142451776,0.12499706199881433,-0.057295216751432676,0.16724325339352128,0.5047908383798785,-1.1978931253398386,0.3184742731985666,-0.42777325806731215,0.29629234281020733,0.9985735007953371,False
Core_Temp_°C_,Alanine,Group_22C vs Group_15C (Reference),-1.9035338580862742,0.5440987530784889,-8.05370580216482,4.246638085992272,0.058088052169668836,-0.1381436036283168,2.597320744181851,0.15173684678759605,0.6937868860955769,0.7865351905011619,1.3372260647922667,0.6849719982617213,0.9985735007953371,False
Muscle_Temp1_°C_,Leucine,Group_8C vs Group_15C (Reference),-0.3877608406253547,0.5467418428208279,-1.648854072734578,0.8733323914838684,0.04664818284319583,-0.15196677906447165,-0.23223656339760823,0.5623758934030602,-0.21546490499343096,0.8672107479211846,-0.619997404022963,0.21798322440438667,0.9985735007953371,False
Mean_Skin_Temp_°C_,Lactic_Acid,Group_22C vs Group_15C (Reference),-1.072739754292969,0.5468791668586119,-4.562747297567413,2.4172677889814755,0.07123632246262945,-0.12225611035765604,1.3601566241057292,0.37471238084037195,0.28741686981276016,0.7513649062535048,0.27224344422973257,0.6430418979535615,0.9985735007953371,False
Muscle_Temp2_°C_,L-Rhamnose,Group_8C vs Group_15C (Reference),1.208740512966996,0.5473857123252979,-2.728700116776916,5.146181142710908,0.2510707069190379,0.0950437708605042,-1.1944039801160735,0.5076256115812064,2.120275392938546,0.3700874925728592,0.014336532850922401,0.9870968796502555,0.9985735007953371,False
Muscle_Temp3_°C_,N-Acetylglutamine,Group_22C vs Group_15C (Reference),-1.555967190921614,0.5487442055739216,-6.6417262591151776,3.529791877271949,0.21653039751915792,0.053307563668982594,1.7173605215046823,0.1694178806483443,0.16139333058306837,0.9434187545017618,-2.1886998693172988,0.32974709917278,0.9985735007953371,False
Muscle_Temp3_°C_,"Ethanolamine,_3TMS",Group_8C vs Group_22C Contrast,-1.8081016766876,0.5507242385996396,-7.747479004938168,4.1312756515629685,0.1617065797713787,-0.012937882776250742,0.8253436819071277,0.629702008430967,-0.11290358834725334,0.9639238405723294,-1.9210052650348532,0.2635087705788335,0.9985735007953371,False
Muscle_Temp2_°C_,1H-Indole-3-Acetic_Acid,Group_8C vs Group_15C (Reference),0.8398254375076736,0.5507338238077516,-1.9189068650533878,3.5985577400687347,0.3116288540774579,0.16821819867692833,0.4768001466341914,0.6597496109252925,0.35877807721370053,0.25235533192960435,1.316625584141865,0.14306663008521814,0.9985735007953371,False
Mean_Body_Temp_°C_,"R*,R*-2,3-Dihydroxybutanoic_acid",Group_8C vs Group_22C Contrast,3.3378461774730557,0.5519434658182845,-7.660176795022943,14.335869149969055,0.2782436093247922,0.12787769460079057,4.066882455784786,0.18959501965367453,-3.5946144650056695,0.2560235149058938,-0.2567682875326138,0.9558085874982134,0.9985735007953371,False
Muscle_Temp1_°C_,Methyl_galactoside,Group_8C vs Group_15C (Reference),-1.0072590123760101,0.5530160712189918,-4.335033825762822,2.320515801010801,0.05997437072954459,-0.13586430203513356,0.34432285922575406,0.8056893061265386,-0.8163450859549142,0.2211392605052933,-0.662936153150256,0.49029311963879807,0.9985735007953371,False
Mean_Skin_Temp_°C_,Dodecanoic_acid,Group_8C vs Group_22C Contrast,-1.4770486087768608,0.5531803787052332,-6.359021003867231,3.4049237863135096,0.13496144245109998,-0.0452549237049209,0.7455171156584527,0.25912526142267456,0.4895823478007268,0.8202760049052469,-0.9874662609761341,0.4292185081397779,0.9985735007953371,False
Muscle_Temp3_°C_,1H-Indole-3-Acetic_Acid,Group_8C vs Group_15C (Reference),0.7014558728993238,0.5532467089289022,-1.6173559068461865,3.0202676526448338,0.24910915777429454,0.09267356564393925,0.4351319279692489,0.5691852685334072,0.5128778328681687,0.2769568920043428,1.1365878008685726,0.2081444471746412,0.9985735007953371,False
Mean_Body_Temp_°C_,4-Aminobutanoic_acid,Group_22C vs Group_15C (Reference),2.359488574392989,0.5534397215287216,-5.444098788827408,10.163075937613385,0.17709500660995336,0.0056564663203604315,0.3668781397425277,0.8960744916902903,2.7263667141355166,0.3339821910736227,2.5910911028453283,0.03821297961984227,0.9985735007953371,False
Muscle_Temp3_°C_,"11-Eicosenoic_acid,_E-",Group_8C vs Group_22C Contrast,0.6842132182551465,0.5542028209832257,-1.5831015558783923,2.9515279923886855,0.21308199247222526,0.04914074090393894,-0.3663740174848533,0.45276687743652577,-1.2738319803485019,0.2520290852668101,-0.5896187620933554,0.06410113551919938,0.9985735007953371,False
Muscle_Temp1_°C_,beta-D-Xylopyranose,Group_8C vs Group_22C Contrast,1.1367870978792602,0.5543431899437261,-2.631581524652514,4.9051557204110345,0.26869492452635746,0.1163397004693486,2.5087541539781437,3.2311979548699906e-09,-1.0004768457999225,0.5496304055604877,0.13631025207933778,0.8857763935704943,0.9985735007953371,False
Mean_Body_Temp_°C_,Glutamic_Acid,Group_22C vs Group_15C (Reference),-0.6522084709514928,0.5545697953307189,-2.815431004427011,1.5110140625240254,0.09064063247495924,-0.09880923575942413,-0.22813966825799648,0.3943801001076991,-0.8803481392094893,0.41095643456601394,0.47033144692775675,0.10731396697182394,0.9985735007953371,False
Mean_Body_Temp_°C_,beta-Alanine,Group_22C vs Group_15C (Reference),-3.120216490401762,0.5549616733803946,-13.479493611133783,7.2390606303302585,0.07646271635987267,-0.11594088439848704,0.0930588955695499,0.983107174616827,-3.0271575948322123,0.3025012905822022,0.11408440129730789,0.9852695355271939,0.9985735007953371,False
Muscle_Temp3_°C_,Methyl_galactoside,Group_8C vs Group_22C Contrast,1.4375281672826392,0.5550095852609989,-3.335803961107318,6.210860295672596,0.06935579925126656,-0.12452840923805275,0.3029259740703999,0.8840203461469138,-1.9077245757555432,0.3737354640577957,-0.4701964084729041,0.6836222280902111,0.9985735007953371,False
Muscle_Temp1_°C_,L-Rhamnose,Group_8C vs Group_15C (Reference),0.5845693319781035,0.5554747731639493,-1.358749827410913,2.5278884913671202,0.2257313428545763,0.06442537261594639,-0.9289350118510185,0.035580579274047536,1.0301213144393357,0.6491307321581803,-0.344365679872915,0.6980160425994721,0.9985735007953371,False
Muscle_Temp2_°C_,Stearic_Acid,Group_8C vs Group_22C Contrast,0.3111999337202354,0.5560671485490154,-0.7249118212420858,1.3473116886825565,0.0994105725276172,-0.08821222486246239,-0.17629771055512927,0.37860133985944266,-0.40436278366740475,0.34506047204657486,-0.09316284994716932,0.7637132520739596,0.9985735007953371,False
Mean_Body_Temp_°C_,Arginine_[-NH3],Group_22C vs Group_15C (Reference),-0.9287532760788983,0.5569235100267063,-4.027611822868293,2.1701052707104966,0.1997838672470159,0.03307217292347764,-0.14840889397676804,0.7664391207277348,-1.0771621700556664,0.4727082209505351,0.39772891759750295,0.5724295096517935,0.9985735007953371,False
Muscle_Temp2_°C_,Glycerol-3-P,Group_22C vs Group_15C (Reference),-0.7115442217638042,0.5590921516297851,-3.0987809974043374,1.675692553876729,0.15073834813578613,-0.02619116266925836,-0.2195840603366554,0.7923971542127362,-0.9311282821004596,0.29405317884521875,-1.0267383354826478,0.09239967577805541,0.9985735007953371,False
Muscle_Temp1_°C_,Linoleic_Acid,Group_8C vs Group_15C (Reference),-0.9396740925615168,0.5595007682875563,-4.095569242315937,2.2162210571929037,0.2839355544040225,0.1347554615715273,1.7127431994314717,0.17658904204559012,-1.3792256990201384,0.22145058312955124,0.7730691068699549,0.4363113981922808,0.9985735007953371,False
Core_Temp_°C_,Methionine,Group_8C vs Group_15C (Reference),-1.7566590204946788,0.5595888592239443,-7.657721395250217,4.144403354260859,0.14745079051769094,-0.03016362812445661,0.6733639325217323,0.3288184493927214,-1.3255553894041392,0.5564928945703789,-1.0832950879729464,0.7116596391945531,0.9985735007953371,False
Core_Temp_°C_,alpha-D-Glucopyranoside,Group_8C vs Group_22C Contrast,-3.5564869587492334,0.5597089855220959,-15.507502476599342,8.394528559100873,0.10943410755652894,-0.07610045336919424,5.930160596851104,0.057246747384406806,0.8217087482987031,0.782272471746591,-2.7347782104505303,0.607440096478506,0.9985735007953371,False
Core_Temp_°C_,Linoleic_Acid,Group_8C vs Group_15C (Reference),-6.31878059718753,0.5601246337105491,-27.574159457004853,14.936598262629794,0.25523672126076036,0.10007770485675216,8.459242799945457,0.12254594778028896,-1.9099551052248138,0.4020058656233503,2.140462202757927,0.8191054275893475,0.9985735007953371,False
Core_Temp_°C_,"Ethanolamine,_3TMS",Group_8C vs Group_22C Contrast,4.682671243491267,0.560678355778037,-11.091642838762226,20.45698532574476,0.1737980744991594,0.0016726733531510218,5.090537295108399,0.677759255295102,-3.42354617511511,0.5013414759514254,1.2591250683761572,0.8399026828368439,0.9985735007953371,False
Muscle_Temp2_°C_,Glycolic_acid,Group_8C vs Group_15C (Reference),-1.9853562521690329,0.561444539924293,-8.686312721084722,4.715600216746656,0.12073288356900003,-0.062447765687458245,1.4542231660520812,0.6547114660614658,1.0395349720006064,0.5546091047721105,-0.5311330861169516,0.6150912820592684,0.9985735007953371,False
Mean_Skin_Temp_°C_,Threonine,Group_22C vs Group_15C (Reference),-1.7107745583621667,0.5618131754862205,-7.490407430891427,4.068858314167093,0.2733959650979204,0.12202012449332056,-0.7970025866937747,0.44828317923243033,-2.5077771450559414,0.3627127654099853,-0.19747354106701265,0.4639633341618339,0.9985735007953371,False
Muscle_Temp3_°C_,Lactic_Acid1,Group_8C vs Group_22C Contrast,2.77171882261426,0.5625671843246354,-6.610428229273947,12.153865874502468,0.13347154547344497,-0.04705521588625383,-2.6591274328816104,0.3014518470977505,-0.3731505482622204,0.933533275746969,2.39856827435204,0.15862483711545838,0.9985735007953371,False
Mean_Skin_Temp_°C_,Glycolic_acid,Group_8C vs Group_15C (Reference),2.0371024407744507,0.5630409865687103,-4.866644144037395,8.940849025586296,0.19802110226045255,0.03094216523138027,-1.3742811115465758,0.6942971790643628,2.3995700369014847,0.1553139266353829,0.6628213292278748,0.11900900849423901,0.9985735007953371,False
Muscle_Temp3_°C_,Arachidonic_acid,Group_8C vs Group_15C (Reference),-0.2791837162804031,0.5632161100936552,-1.2257628107001812,0.6673953781393751,0.06433099442662449,-0.13060004840116202,0.029893360583581136,0.9424244754158503,0.09939438583178015,0.7834394152809272,-0.24929035569682198,0.3164748991813182,0.9985735007953371,False
Muscle_Temp2_°C_,Diethanolamine,Group_8C vs Group_15C (Reference),-1.4024444429020766,0.5635111531666623,-6.161063112743612,3.3561742269394585,0.19631364777293403,0.028878991058961967,0.8058665411955299,0.6655548136900629,0.15616482469735726,0.9600991052468375,-0.5965779017065467,0.7012971140248889,0.9985735007953371,False
Core_Temp_°C_,Arachidonic_acid,Group_22C vs Group_15C (Reference),-0.7585840875432137,0.5642650446970916,-3.3375100770078356,1.820341901921408,0.08284400847426743,-0.1082301564269268,0.44186221260405834,0.5533840872782955,-0.3167218749391554,0.770196786431748,0.7845792738817359,0.4442753462950446,0.9985735007953371,False
Muscle_Temp3_°C_,Campesterol,Group_8C vs Group_15C (Reference),-0.6496757472107801,0.5668536928810475,-2.8731091171509555,1.5737576227293952,0.1503485966473681,-0.02666211238443017,0.4809658663157805,0.48632511416022806,-0.930928989357565,0.22738277969347354,-0.16870988089499966,0.8512680323065303,0.9985735007953371,False
Muscle_Temp1_°C_,L-Aspartic_acid,Group_8C vs Group_22C Contrast,1.3057780384634823,0.5669717908785487,-3.164526038313495,5.77608211524046,0.15845641594525883,-0.016865164066145466,1.1816539931954995,0.1963137601716669,-0.1499877752630121,0.8864141493120485,1.1557902632004702,0.5681023055553505,0.9985735007953371,False
Mean_Skin_Temp_°C_,L-Aspartic_acid,Group_8C vs Group_15C (Reference),0.5388203854340217,0.5671020251589446,-1.3064058752242804,2.3840466460923238,0.11127306470022058,-0.07387838015390003,-0.23880550495087896,0.7950157729978556,-1.5026282295787055,0.5377217521248943,0.30001488048314273,0.14061199747397302,0.9985735007953371,False
Muscle_Temp3_°C_,Threonine,Group_8C vs Group_22C Contrast,-0.5149037523582287,0.5672573198905483,-2.278964935736408,1.2491574310199507,0.09185651404148809,-0.09734004553320186,-1.0676070723338167,0.4140237632538817,0.16326635689169078,0.8208479117784977,-0.35163739546653794,0.5139630036695988,0.9985735007953371,False
Core_Temp_°C_,2-Keto-3-methylvaleric_acid,Group_8C vs Group_22C Contrast,2.816033215837303,0.5673276387081521,-6.833452409673198,12.465518841347803,0.16316948809910858,-0.011170201880243757,1.8191539846735323,0.4507159221066691,-4.0266763755252075,0.20986297976393198,-1.2106431596879041,0.7456233765659723,0.9985735007953371,False
Core_Temp_°C_,L-Alanine,Group_8C vs Group_22C Contrast,-4.768186140815422,0.5678780810770458,-21.13020096754296,11.593828685912117,0.2574868890665809,0.10279665762211865,12.205033680814127,0.04055421749618603,6.072487150472597,0.19070917953052824,1.3043010096571752,0.850904698620516,0.9985735007953371,False
Core_Temp_°C_,Glycerol,Group_8C vs Group_15C (Reference),-6.605944062651694,0.5693592909950652,-29.360808917457383,16.148920792153994,0.16601302117041128,-0.007734266085752894,0.4171700194587678,0.9629583979504248,8.708127452252825,0.03828508664820651,-6.188774043192926,0.4001170367959195,0.9985735007953371,False
Muscle_Temp2_°C_,L-Aspartic_acid,Group_22C vs Group_15C (Reference),-1.8073733201472577,0.569685342711837,-8.038320246901087,4.423573606606572,0.10517633443408325,-0.08124526255881603,1.4689806194434443,0.6046669580196558,-0.33839270070381344,0.813402851558503,0.8405188564461915,0.7090318012437666,0.9985735007953371,False
Mean_Skin_Temp_°C_,1-Monopalmitin,Group_22C vs Group_15C (Reference),0.8902240821287241,0.5699243710929882,-2.180738817481535,3.9611869817389835,0.20212940350809439,0.03590636257228075,0.2544417618540352,0.8660957182989123,1.1446658439827593,0.00666924884663489,0.06914868452974163,0.8821804553015526,0.9985735007953371,False
Muscle_Temp2_°C_,"1,5-Anhydrohexitol",Group_22C vs Group_15C (Reference),1.2366772739743168,0.570051816783901,-3.030838233934569,5.504192781883203,0.12246586826567141,-0.060353742512313735,-1.173570138898396,0.5630291212272553,0.06310713507592092,0.9362884936612748,1.693925652716296,0.4220821339556948,0.9985735007953371,False
Mean_Body_Temp_°C_,Threonine,Group_8C vs Group_22C Contrast,2.7136578681033665,0.5706119059748676,-6.66439789730981,12.091713633516543,0.1914498628098661,0.023001917561921603,-2.5422308147183426,0.5255446991774679,-3.2987140618389925,0.48307249288880083,-0.585056193735626,0.5057784989269747,0.9985735007953371,False
Muscle_Temp2_°C_,Oleic_Acid,Group_22C vs Group_15C (Reference),-0.3467402265419085,0.5706886200624485,-1.5452468644266797,0.8517664113428628,0.2226646729117735,0.06071981310172636,-0.43499627286038844,0.335231193366885,-0.781736499402297,0.05807250872990366,0.7667814720998658,0.599496892848558,0.9985735007953371,False
Muscle_Temp2_°C_,Aminomalonic_acid,Group_22C vs Group_15C (Reference),-1.4170706168845653,0.5715896340628779,-6.3266496768094225,3.4925084430402915,0.2997394066546416,0.15385178304102531,0.10653242367905406,0.8987492278977123,-1.3105381932055111,0.5788208019719314,-0.2628665730046454,0.9373244541009831,0.9985735007953371,False
Muscle_Temp1_°C_,L-Rhamnose,Group_8C vs Group_22C Contrast,-1.3744869943122509,0.5719432491118115,-6.140999985992831,3.392025997368329,0.2257313428545763,0.06442537261594639,-0.9289350118510185,0.035580579274047536,1.0301213144393357,0.6491307321581803,-0.344365679872915,0.6980160425994721,0.9985735007953371,False
Muscle_Temp3_°C_,Leucine,Group_8C vs Group_15C (Reference),-0.5948429204702278,0.5724924186516007,-2.660580903156621,1.4708950622161652,0.04702407656671437,-0.15151257414855346,0.0025099045134647415,0.998013332524191,0.767381614122556,0.4616402835051323,-0.592333015956763,0.054291072281418495,0.9985735007953371,False
Core_Temp_°C_,N-Acetylglutamine,Group_8C vs Group_15C (Reference),5.722434817332592,0.572772548865041,-14.164629558932457,25.60949919359764,0.16250005912656085,-0.011979095222072189,-2.2810843065926623,0.7326618431972152,-2.0775040867584424,0.3661583899621714,3.4413505107399294,0.6523676970300212,0.9985735007953371,False
Muscle_Temp2_°C_,L-5-Oxoproline,Group_8C vs Group_15C (Reference),-2.637517185011391,0.5732029573426602,-11.813916736047897,6.538882366025114,0.2637130310770671,0.11031991255145612,1.2236523613098504,0.7877132874776762,-0.43566847821048604,0.7949914607036541,-1.4138648237015405,0.2098316926604702,0.9985735007953371,False
Muscle_Temp1_°C_,"Ethanolamine,_3TMS",Group_8C vs Group_15C (Reference),-1.014241653539756,0.5739980877947861,-4.550300414927667,2.521817107848155,0.12552995003361522,-0.0566513103760482,-0.0636336774729332,0.9633006287682004,0.4134464351788255,0.7983694860850445,-1.0778753310126892,0.35219468349158767,0.9985735007953371,False
Mean_Skin_Temp_°C_,"1,5-Anhydrohexitol",Group_22C vs Group_15C (Reference),1.048222898007948,0.5741753976236301,-2.608000882690818,4.704446678706714,0.13380778382835679,-0.04664892787406871,-1.1178074992479008,0.5203419801377906,-0.0695846012399528,0.9179345883420642,-0.9500395622156375,0.6694113790731895,0.9985735007953371,False
Mean_Body_Temp_°C_,"1,3-Dioxolane-2-methanol",Group_22C vs Group_15C (Reference),-3.291522690737464,0.5748455002914039,-14.792547808668203,8.209502427193275,0.12645854297730164,-0.0555292605690938,6.496443384711771,0.24172610028370634,3.204920693974307,0.09293160428159819,-2.245318113697831,0.40375912421138205,0.9985735007953371,False
Core_Temp_°C_,Lysine,Group_8C vs Group_22C Contrast,3.2016621019193465,0.5756927668438716,-8.010416599250167,14.41374080308886,0.3104234345172304,0.16676165004165344,8.95339104590937,0.15093781602399942,-1.122619212786363,0.8337492294218964,2.0790428891329835,0.30555634963551914,0.9985735007953371,False
Core_Temp_°C_,"9-Hexadecenoic_acid,_Z-",Group_8C vs Group_15C (Reference),-1.3259989527708358,0.5759221556846972,-5.972294247650457,3.3202963421087857,0.17614174775041236,0.004504611865081665,2.210568289087362,0.0025810169083700834,0.9911793248426759,0.5173682816925753,0.8845693363165261,0.6947642330505202,0.9985735007953371,False
Mean_Skin_Temp_°C_,"2,3,4-Trihydroxybutyric_acid",Group_8C vs Group_22C Contrast,-2.6108813868931655,0.5759419868266691,-11.760043340405977,6.538280566619646,0.15777424333001,-0.017689455976237944,-0.5764144768795709,0.8228755009106667,1.043585573074544,0.8204466002478576,-1.5672958138186215,0.051730891545406,0.9985735007953371,False
Muscle_Temp1_°C_,Palmitelaidic_acid,Group_8C vs Group_22C Contrast,1.4726711685809541,0.5768031068354171,-3.6995919696182553,6.644934306780163,0.06953476828497573,-0.12431215498898762,-0.20971334271986827,0.5150436954002198,-1.0042317234569897,0.6305955143005697,0.4684394451239643,0.7715479079467358,0.9985735007953371,False
Mean_Skin_Temp_°C_,Lactic_Acid1,Group_8C vs Group_22C Contrast,-1.3513287566514212,0.5777584423679505,-6.1093412778241225,3.40668376452128,0.2299471481323785,0.06951947065995745,5.477572579635739,0.1952280897813118,0.45752004736344265,0.802226310107967,-0.8938087092879785,0.5761393180244778,0.9985735007953371,False
Muscle_Temp1_°C_,Diethanolamine,Group_22C vs Group_15C (Reference),-1.8049355085462695,0.5791342784183389,-8.183030561409918,4.573159544317378,0.2733823846685455,0.12200371480782579,1.8107463674937008,0.05689650016657789,0.005810858947431274,0.9985102233270862,-0.4561526413200774,0.7565535400828352,0.9985735007953371,False
Mean_Body_Temp_°C_,Tyrosine,Group_8C vs Group_15C (Reference),-0.47472505863507614,0.5798789488078496,-2.1555571602954524,1.2061070430253003,0.03959881440113544,-0.16048476593196126,0.049774478532032804,0.9278934809517937,-0.405763453924003,0.8652176861924623,-0.4249505801030433,0.5183761043570814,0.9985735007953371,False
Muscle_Temp3_°C_,Palmitic_Acid,Group_8C vs Group_15C (Reference),0.1469994488900676,0.5804091431056272,-0.37420225807409085,0.668201155854226,0.1788167999210799,0.00773696657130496,-0.08964969529624481,0.5660169972459557,-0.367188296149917,0.37984414987566906,0.0573497535938228,0.7898688367300277,0.9985735007953371,False
Mean_Skin_Temp_°C_,Threonine,Group_8C vs Group_15C (Reference),0.599529045626762,0.5805999758137089,-1.5272350194939368,2.7262931107474606,0.2733959650979204,0.12202012449332056,-0.7970025866937747,0.44828317923243033,-2.5077771450559414,0.3627127654099853,-0.19747354106701265,0.4639633341618339,0.9985735007953371,False
Muscle_Temp1_°C_,2-Aminoadipic_acid,Group_22C vs Group_15C (Reference),0.6053638216754933,0.581085274691672,-1.5448553423161508,2.7555829856671377,0.049627863117351345,-0.14836633206653382,0.12677275713691696,0.8135171461904325,0.7321365788124102,0.4439767154798979,0.32745221477930053,0.7149448532700298,0.9985735007953371,False
Muscle_Temp3_°C_,1-Ethyl-1-tetradecyloxy-1-silacyclohexane,Group_8C vs Group_22C Contrast,-0.7605825955527592,0.5812484791570205,-3.4633465530109024,1.9421813619053843,0.1347035253610469,-0.04556657352206828,-1.4307305878877554,0.5273165945624989,0.17361814618542937,0.8472247551537357,-0.5869644493673298,0.5738752153067217,0.9985735007953371,False
Mean_Skin_Temp_°C_,Lysine,Group_8C vs Group_22C Contrast,-1.559616062559156,0.5836412860679622,-7.13705461225916,4.017822487140847,0.21305719927186595,0.04911078245350475,0.6733011840540526,0.7414879661583007,1.271195664023052,0.6534617632349133,-0.288420398536104,0.3096774066793704,0.9985735007953371,False
Core_Temp_°C_,Erythritol,Group_8C vs Group_15C (Reference),3.914920131631248,0.5836564172032478,-10.085771280976768,17.915611544239265,0.07378725570941547,-0.11917373268445619,-4.82860496400481,0.22540394371836603,-2.955853198138143,0.040111431633246486,-0.9136848323735616,0.8775437928801633,0.9985735007953371,False
Mean_Skin_Temp_°C_,Cysteine,Group_8C vs Group_15C (Reference),0.4428187722153276,0.5843500476754938,-1.1437307755198165,2.0293683199504717,0.11892364493358654,-0.0646339290385829,-0.19185038132183943,0.7967779513179776,-0.9563823488771632,0.7430347292322683,0.2509683908934882,0.4279627649966269,0.9985735007953371,False
Muscle_Temp2_°C_,Glyceric_acid,Group_8C vs Group_15C (Reference),-2.9777407147546904,0.5843998472724781,-13.647928094296294,7.692446664786914,0.236423501683929,0.07734506453474765,-1.6836301277616863,0.7430005437664966,-2.4433461418335387,0.11564567323690222,-4.6613708425163765,0.009957888363782752,0.9985735007953371,False
Mean_Body_Temp_°C_,Phenylalanine,Group_8C vs Group_22C Contrast,0.7620519557767249,0.5846050350890231,-1.9701632944925342,3.494267206045984,0.2305882698279783,0.0702941593754739,0.11128432481848748,0.6654827882552199,-0.9567481925276077,0.4907017382318466,-0.19469623675088277,0.12445857689003548,0.9985735007953371,False
Mean_Body_Temp_°C_,Decanoic_acid,Group_8C vs Group_15C (Reference),-0.7984789256546719,0.585057004780508,-3.664692645662569,2.067734794353225,0.01916381429067815,-0.18517705773209725,0.6061246606439182,0.5241111330589199,0.0959059206966294,0.9008561991448256,-0.1923542650107537,0.8624830104944403,0.9985735007953371,False
Muscle_Temp3_°C_,Cholesterol,Group_8C vs Group_15C (Reference),1.3692190675359184,0.5856580003426335,-3.5535999267494898,6.2920380618213265,0.24197581977019078,0.08405411555564724,-1.995503984218352,0.4112733780744211,0.2716527980941108,0.5479870974528791,-0.6262849166824336,0.3281968718766879,0.9985735007953371,False
Core_Temp_°C_,L-5-Oxoproline,Group_8C vs Group_15C (Reference),4.7929186396847845,0.5859696703889388,-12.453627639661502,22.039464919031072,0.29053586538301324,0.14273083733780767,0.8693365481639074,0.9169199330268786,3.5342714681251173,0.05302512348582722,5.662255187848692,0.04498835144773139,0.9985735007953371,False
Core_Temp_°C_,Indole-3-Latic_Acid,Group_8C vs Group_15C (Reference),-0.9631424859719535,0.5861988303347969,-4.430976477545856,2.504691505601949,0.24889236522284708,0.09241160797760695,0.11994986807242441,0.932559156186949,-0.30197863444943485,0.7331317914509392,-0.843192617899529,0.42590375294325256,0.9985735007953371,False
Mean_Body_Temp_°C_,L-Norvaline,Group_8C vs Group_22C Contrast,-4.074260338027977,0.5876382953081826,-18.800639738250197,10.652119062194242,0.12777885798630073,-0.05393387993321985,-3.8935434179818103,0.3703185365965037,1.0168860632660728,0.8813298562892737,-3.057374274761904,0.3348795294745974,0.9985735007953371,False
Muscle_Temp2_°C_,Tryptophan,Group_8C vs Group_22C Contrast,-1.3194512508324767,0.587643532817707,-6.088663470928431,3.449760969263478,0.11767943982958406,-0.06613734353925249,0.13766542269289872,0.7446879242734441,-0.5081669469995781,0.5040195269464298,-1.827618197832055,0.42911368523497373,0.9985735007953371,False
Core_Temp_°C_,Methyl_galactoside,Group_8C vs Group_22C Contrast,3.5264010027243757,0.5877481932624418,-9.223496768066155,16.276298773514906,0.07614323923496469,-0.11632691925775096,3.291943385647574,0.42716227463656165,-0.17716044014854937,0.9724976477227711,3.3492405625758264,0.4010864331772821,0.9985735007953371,False
Muscle_Temp1_°C_,Decanoic_acid,Group_22C vs Group_15C (Reference),-0.23418870144055975,0.5897222731257852,-1.085391628327769,0.6170142254466495,0.2749948752361755,0.12395214091037876,-0.002382399181592419,0.9943798412001503,-0.23657110062215217,0.3851890027336946,1.2708081300148775,0.055404874687768446,0.9985735007953371,False
Core_Temp_°C_,Nonanoic_acid,Group_22C vs Group_15C (Reference),-2.1350327834638265,0.5897647497258977,-9.896097508520716,5.626031941593062,0.265019885434121,0.11189902823289632,4.383769012647794,0.12027151857368402,2.2487362291839674,0.4182746463642566,-0.8871627938554179,0.821580170425964,0.9985735007953371,False
Core_Temp_°C_,Glyceric_acid,Group_8C vs Group_15C (Reference),8.619077502286418,0.5905135971905879,-22.77533888499365,40.01349388956648,0.10300476970242112,-0.08386923660957435,-5.223289986226458,0.6639508343851441,-5.905931846745593,0.11873187152882858,3.3957875160599595,0.748345268222874,0.9985735007953371,False
Mean_Skin_Temp_°C_,Leucine,Group_8C vs Group_15C (Reference),-0.3974717541023848,0.5907496558562046,-1.8461566901929198,1.0512131819881505,0.2575540290252324,0.10287778507215584,0.6834164523497925,0.2718586582272974,-2.393279315780062,0.3704970551032951,0.28594469824740776,0.4739730012151271,0.9985735007953371,False
Core_Temp_°C_,Stearic_Acid,Group_22C vs Group_15C (Reference),-0.7415721144377937,0.5910405053310561,-3.4465352537322618,1.9633910248566746,0.05318134298427746,-0.14407254389399804,0.14286092719518825,0.8717159569266948,-0.5987111872426054,0.5719216216065235,0.3266153177276347,0.5560514689149538,0.9985735007953371,False
Core_Temp_°C_,2-Aminoadipic_acid,Group_8C vs Group_22C Contrast,4.681128105647016,0.5911122210919111,-12.397398579023857,21.75965479031789,0.07189500948449579,-0.12146019687290077,-0.8932166885241012,0.5443405300376127,-0.736780069913818,0.9146028304162181,3.944348035733198,0.4617157760325994,0.9985735007953371,False
Mean_Body_Temp_°C_,Glycolic_acid,Group_22C vs Group_15C (Reference),4.582600023936237,0.5917735967633314,-12.165997971239392,21.331198019111866,0.2175877884161117,0.054585244336134986,0.7501470198333009,0.9275168709531098,5.332747043769539,0.01735492694346652,2.4536737158809867,0.02658182933526132,0.9985735007953371,False
Muscle_Temp3_°C_,Ornithine,Group_8C vs Group_22C Contrast,-0.4500619114519382,0.5921683533437712,-2.0967432298261057,1.1966194069222291,0.29530889652668313,0.14849824996974215,1.048994266730277,0.17050742187854295,-0.07961044357339953,0.8897061557879793,-0.5296723550253377,0.3878736118889512,0.9985735007953371,False
Muscle_Temp3_°C_,Arachidonic_acid1,Group_8C vs Group_22C Contrast,0.654932084693937,0.5923885754612682,-1.7427516984616889,3.052615867849563,0.06654384092412846,-0.12792619221667811,-1.0242176959166471,0.2126296535355381,-0.4965030076359669,0.5377200374173592,0.15842907705797016,0.8633547096450247,0.9985735007953371,False
Muscle_Temp3_°C_,Serine,Group_8C vs Group_22C Contrast,1.4001345856951475,0.592565414686353,-3.7281598403310743,6.52842901172137,0.1326810321597407,-0.04801041947364659,-0.265308748040953,0.3080586304381756,-1.9457551226964294,0.4478564432839085,-0.5456205370012819,0.29716785659630185,0.9985735007953371,False
Muscle_Temp1_°C_,N-Acetylglutamine,Group_22C vs Group_15C (Reference),1.206022349318757,0.5936407559640121,-3.2240827363092652,5.636127434946779,0.18608569160595057,0.016520210690523673,-0.4671503009719221,0.7783981166835242,0.7388720483468348,0.6300468469982232,-1.7437561302527325,0.4430329198017855,0.9985735007953371,False
Mean_Body_Temp_°C_,1-Monopalmitin,Group_8C vs Group_15C (Reference),-2.0974282767682086,0.5941491829289944,-9.812573221173157,5.61771666763674,0.26398565612645686,0.11064933448613545,2.3582646987665767,0.5032833316836894,2.1628598669282275,0.0538194540282555,0.2608364219983681,0.8818743585472131,0.9985735007953371,False
Muscle_Temp2_°C_,Glyceraldehyde-3-PMOX,Group_8C vs Group_22C Contrast,0.4830804105342361,0.594333884360696,-1.2947972548632756,2.2609580759317476,0.14986482375583587,-0.027246671295031666,1.0032404948930123,0.6007272873976337,-0.3799855783066386,0.5458762133304007,0.10309483222759752,0.8746304202453259,0.9985735007953371,False
Mean_Body_Temp_°C_,Valine,Group_22C vs Group_15C (Reference),-1.825216736064967,0.5944557386879556,-8.544646866232846,4.894213394102913,0.22933713538036327,0.06878237191793901,-0.6257028729872257,0.5563500733165451,-2.4509196090521925,0.452047603721188,0.26841577821535745,0.42602788461862406,0.9985735007953371,False
Core_Temp_°C_,Glyceraldehyde-3-PMOX,Group_8C vs Group_22C Contrast,-1.8881338487498451,0.5950787734132659,-8.851082090406129,5.074814392906438,0.14302010213174066,-0.03551737659081322,0.19815975070026481,0.9412815366357162,-0.6871418081345091,0.7383717400769589,-2.5752756568843544,0.3739057673377053,0.9985735007953371,False
Core_Temp_°C_,Ethyl_alpha-D-glucopyranoside,Group_8C vs Group_15C (Reference),2.453287259078657,0.5958606258097696,-6.612879252560804,11.519453770718117,0.11222257992543705,-0.07273104925676344,2.381053992641852,0.5589384718619903,0.8748423816118245,0.7307737017054925,4.8343412517205095,0.02730611249547721,0.9985735007953371,False
Muscle_Temp3_°C_,Linoleic_Acid,Group_8C vs Group_15C (Reference),-1.420539139801018,0.5959609312415652,-6.671599277943487,3.8305209983414517,0.2954186806357033,0.14863090576814153,2.8248209425531545,0.19258051052888525,-2.6066635809503804,0.05168569057896133,1.4042818027521364,0.3723345804425211,0.9985735007953371,False
Mean_Body_Temp_°C_,1-Ethyl-1-tetradecyloxy-1-silacyclohexane,Group_22C vs Group_15C (Reference),2.626917400240316,0.5977747240102571,-7.131671681449559,12.385506481930191,0.16981110175290803,-0.0031449187152361446,-1.1039209029503114,0.8086409925411981,1.5229964972900047,0.44705274287698993,-2.768659363215305,0.3309159523856442,0.9985735007953371,False
Muscle_Temp3_°C_,Leucine,Group_22C vs Group_15C (Reference),0.7648717096090912,0.5978716168405379,-2.0772594146907077,3.6070028339088904,0.04702407656671437,-0.15151257414855346,0.0025099045134647415,0.998013332524191,0.767381614122556,0.4616402835051323,-0.592333015956763,0.054291072281418495,0.9985735007953371,False
Muscle_Temp3_°C_,L-+-Erythrulose,Group_8C vs Group_15C (Reference),-1.6887956942416158,0.5983091744976563,-7.9715745091441494,4.593983120660917,0.17933184237312394,0.008359309534191506,2.0462175073285516,0.29474285783737164,2.298571198358225,0.40111107485842323,0.35742181308693577,0.888180325142272,0.9985735007953371,False
Muscle_Temp2_°C_,1-Monooleoylglycerol,Group_8C vs Group_22C Contrast,0.7820272824398071,0.5986013125898603,-2.1297047385550343,3.693759303434649,0.09317416716784377,-0.09574788133885548,-1.0160659911149352,0.4799151602197186,-0.2728929223426584,0.8364608012925034,0.5091343600971487,0.4524672465013957,0.9985735007953371,False
Core_Temp_°C_,Methyl_galactoside,Group_22C vs Group_15C (Reference),-3.4691038257961235,0.599289338099503,-16.409766342425254,9.471558690833007,0.07614323923496469,-0.11632691925775096,3.291943385647574,0.42716227463656165,-0.17716044014854937,0.9724976477227711,3.3492405625758264,0.4010864331772821,0.9985735007953371,False
Mean_Skin_Temp_°C_,Tryptophan,Group_8C vs Group_15C (Reference),0.5381497829982049,0.5994712640533584,-1.4702898472079917,2.5465894132044014,0.14484058784445308,-0.033317623021285714,-0.029693992056106462,0.8798855391104061,-1.780526480241702,0.327620343194891,0.5084557909420985,0.6131614725497072,0.9985735007953371,False
Mean_Skin_Temp_°C_,Glycerol-3-P,Group_8C vs Group_22C Contrast,0.9385223120004376,0.6002639262084598,-2.5718402369594564,4.448884860960331,0.13395523573535684,-0.04647075681977708,-0.7115468698542244,0.639934746433827,-0.4907478436692147,0.7656094700498561,0.4477744683312228,0.5257223937127697,0.9985735007953371,False
Muscle_Temp2_°C_,Tyrosine,Group_22C vs Group_15C (Reference),0.40913229174345145,0.6011902981295223,-1.1250183856599145,1.9432829691468174,0.08748861186464096,-0.10261792733022546,0.1957911493485301,0.3394199623355073,0.6049234410919815,0.42327046688244474,-0.2892058486257241,0.4382739301372056,0.9985735007953371,False
Mean_Body_Temp_°C_,Citric_acid,Group_22C vs Group_15C (Reference),-2.482608505715657,0.6014876077927643,-11.799424659814942,6.834207648383629,0.21046615262678425,0.04597993442403103,-1.8653726256873808,0.6305039441703192,-4.347981131403038,0.11374457236990865,-0.9393923316988207,0.7164636044431869,0.9985735007953371,False
Muscle_Temp3_°C_,Stearic_Acid,Group_22C vs Group_15C (Reference),-0.255946941594116,0.6025354940884144,-1.2192484492262543,0.7073545660380222,0.04452243833867797,-0.15453538700743064,-0.08022442318071348,0.7780589563222002,-0.3361713647748295,0.40146792064455283,-0.03387736693235936,0.8949687371896344,0.9985735007953371,False
Muscle_Temp2_°C_,Cholesterol,Group_8C vs Group_22C Contrast,-0.4674828621871689,0.6030277296178184,-2.229359393989891,1.2943936696155531,0.12710689569008193,-0.054745834374484215,-0.7211557581700414,0.5998207473334479,-0.2145976329070537,0.6745436490414589,-0.6820804950942225,0.35635522345262016,0.9985735007953371,False
Core_Temp_°C_,2-OH-Butanoic_Acid,Group_8C vs Group_15C (Reference),1.5900740434791436,0.6031024267784504,-4.403814355415107,7.583962442373394,0.19484270897229683,0.027101606674858725,-3.0443011446479957,0.2850216269199122,-0.8087760057577884,0.5727697163346854,-1.4542271011688521,0.19228956668926278,0.9985735007953371,False
Muscle_Temp3_°C_,L-+-Erythrulose,Group_8C vs Group_22C Contrast,-1.9411493852712889,0.6033347703177334,-9.263267704364168,5.380968933821591,0.17933184237312394,0.008359309534191506,2.0462175073285516,0.29474285783737164,2.298571198358225,0.40111107485842323,0.35742181308693577,0.888180325142272,0.9985735007953371,False
Mean_Body_Temp_°C_,1H-Indole-3-Acetic_Acid,Group_8C vs Group_22C Contrast,0.7745753011730923,0.6035750179699263,-2.1491026917764224,3.698253294122607,0.01804422510036996,-0.18652989467038616,0.22336656815090056,0.8700163856094217,-0.5250280072793967,0.69942072880617,0.24954729389369562,0.6840284156371714,0.9985735007953371,False
Mean_Body_Temp_°C_,2-Aminoadipic_acid,Group_22C vs Group_15C (Reference),2.9850409914942455,0.6036819398254619,-8.285285082213058,14.25536706520155,0.06068390335924856,-0.13500695010757457,-2.4619956635722766,0.2204345441143416,0.5230453279219689,0.9226637806920315,0.7088187601733047,0.5613621353629763,0.9985735007953371,False
Muscle_Temp3_°C_,Doconexent,Group_8C vs Group_22C Contrast,0.5736402088563692,0.6049484180496714,-1.5998374464402572,2.7471178641529956,0.1225059109715475,-0.0603053575760466,0.38866792063585215,0.47819264909925685,-0.945782360360635,0.24971572690880017,-0.3721421515042657,0.6172612437771576,0.9985735007953371,False
Core_Temp_°C_,Lactic_Acid,Group_8C vs Group_22C Contrast,-3.643747163732877,0.6059933193830785,-17.489673717678375,10.202179390212622,0.11436162969331087,-0.07014636412058262,-3.826487549632717,0.5615205788037121,3.6949466513542144,0.3012537008922713,0.051199487621337525,0.9932957429548526,0.9985735007953371,False
Mean_Body_Temp_°C_,Glycine,Group_22C vs Group_15C (Reference),-3.4809817515153854,0.6071822223528425,-16.75194385030904,9.789980347278268,0.06522975783226936,-0.12951404261934107,3.124777086994473,0.456988764854695,-0.3562046645209125,0.9465185379077639,1.0562086432266184,0.5424640634150073,0.9985735007953371,False
Muscle_Temp1_°C_,Arachidonic_acid1,Group_22C vs Group_15C (Reference),0.502667552752333,0.6094927435507373,-1.4261006559840623,2.4314357614887285,0.059102734158996806,-0.13691752955787884,-0.5183202931534737,0.4671744178174394,-0.01565274040114073,0.981592075086714,0.3620237842965578,0.7326463760871385,0.9985735007953371,False
Mean_Body_Temp_°C_,Erythritol,Group_8C vs Group_15C (Reference),3.816815685272035,0.6103399791220586,-10.863314268704105,18.496945639248175,0.08134192213718061,-0.11004517741757347,-2.273856043309418,0.6300182979172039,-3.1650243888944196,0.20551918728509477,1.542959641962617,0.7907556999462282,0.9985735007953371,False
Core_Temp_°C_,1H-Indole-3-Acetic_Acid,Group_8C vs Group_15C (Reference),-1.066410994991227,0.6114259960477757,-5.1805186942685975,3.047696704286143,0.08825025566922873,-0.10169760773301517,2.061559572647948,0.20156932187435717,0.08291675064114101,0.9609176170551654,0.995148577656721,0.4582792538853413,0.9985735007953371,False
Muscle_Temp1_°C_,L-5-Oxoproline,Group_22C vs Group_15C (Reference),-1.126092315481593,0.6114928011369714,-5.471259353695488,3.2190747227323024,0.2652998341066014,0.11223729954547679,0.5018869587445342,0.7732867600406463,-0.6242053567370588,0.6489043854303578,-1.4258304883829358,0.23337360979637456,0.9985735007953371,False
Mean_Body_Temp_°C_,1-Heptadecanol,Group_8C vs Group_15C (Reference),0.69007447307796,0.6115378011050635,-1.972999976966607,3.353148923122527,0.1360216980429314,-0.04397378153145781,-1.4080521876592857,0.2390658776672241,2.0904130854715275,0.0726549546703239,-0.7179777145813258,0.2655209688388973,0.9985735007953371,False
Muscle_Temp3_°C_,Asparagine,Group_8C vs Group_15C (Reference),1.379610705087793,0.6118541885277248,-3.9491937713455076,6.708415181521094,0.3109644495900197,0.16741537658794048,1.9430832628003414,0.4064017160892933,-0.5101628458125098,0.667730097743334,3.322693967888134,0.01633694371927774,0.9985735007953371,False
Muscle_Temp2_°C_,Ascorbic_Acid,Group_8C vs Group_22C Contrast,-0.9913443174365608,0.6121136401645144,-4.823316643393303,2.8406280085201816,0.15392022593731824,-0.02234639365907376,2.0399047981506633,0.34417845319692253,0.12112915702515892,0.851951715637437,-0.8702151604114019,0.6370247022466033,0.9985735007953371,False
Mean_Skin_Temp_°C_,Arginine_[-NH3],Group_8C vs Group_15C (Reference),0.15297795420295884,0.6124449258415978,-0.4388878629490705,0.7448437713549882,0.31397680627853,0.17105530758655707,-0.02534088553390157,0.9089078892741677,-0.8072481550499608,0.46740407225342073,0.12763706866905727,0.5340802222775247,0.9985735007953371,False
Muscle_Temp2_°C_,Lactic_Acid1,Group_8C vs Group_22C Contrast,1.8661763344255393,0.6124938378091027,-5.355114225260905,9.087466894111984,0.09110447874777472,-0.0982487548464388,-2.281330321236864,0.23394331313350458,-0.8106831050274408,0.8014782055457026,1.0554932293980985,0.5538380453622993,0.9985735007953371,False
Muscle_Temp3_°C_,Threonine,Group_8C vs Group_15C (Reference),0.7159696768672787,0.6125386113322866,-2.0548195668281073,3.4867589205626643,0.09185651404148809,-0.09734004553320186,-1.0676070723338167,0.4140237632538817,0.16326635689169078,0.8208479117784977,-0.35163739546653794,0.5139630036695988,0.9985735007953371,False
Muscle_Temp1_°C_,Threonine,Group_22C vs Group_15C (Reference),-0.7757164053895037,0.6133414203520164,-3.7845179381382703,2.2330851273592627,0.09688790340518894,-0.09126045005206329,-0.13260559302452374,0.9066868640535763,-0.9083219984140274,0.38140712341349947,-0.3633388719643802,0.5189441572372959,0.9985735007953371,False
Muscle_Temp2_°C_,Threonine,Group_8C vs Group_15C (Reference),1.2144478275480897,0.6138308084285689,-3.5025826166807157,5.931478271776895,0.16035908322258108,-0.014566107772714387,-1.6681870548395006,0.4710192955190613,-0.9857645495371572,0.3610189064535563,-0.4537392272914109,0.49210090009231733,0.9985735007953371,False
Muscle_Temp2_°C_,Glutamine_[-H2O],Group_8C vs Group_22C Contrast,0.5125941146563338,0.6144142003782445,-1.4816879225778297,2.506876151890497,0.10407401430453767,-0.08257723271535022,-0.3855060838815931,0.5433177513487322,-0.36603979672377684,0.7091621580835104,0.14655431793255697,0.5853730220038529,0.9985735007953371,False
Muscle_Temp1_°C_,Glyceraldehyde-3-PMOX,Group_22C vs Group_15C (Reference),-0.5426207235063256,0.6145141989096479,-2.6542809090525257,1.5690394620398742,0.11457054749641227,-0.0698939217751684,0.38405099366217277,0.6647057709538066,-0.15856972984415285,0.7958497040413093,0.009997754216894084,0.9866192016507556,0.9985735007953371,False
Mean_Skin_Temp_°C_,Proline,Group_8C vs Group_15C (Reference),-0.41746424512442165,0.6145649190232332,-2.0422988939279105,1.2073704036790673,0.07475782571041756,-0.11800096059991194,0.37887578220928253,0.6372473749397702,-0.803309745155327,0.7662352360123306,-0.03858846291513912,0.850120805051968,0.9985735007953371,False
Core_Temp_°C_,1-Heptadecanol,Group_8C vs Group_15C (Reference),2.0104835892451205,0.6146964125913992,-5.817533880406781,9.838501058897021,0.031805872090523546,-0.16990123789061728,-1.3619857416663739,0.6806955730717734,-0.13192448444367733,0.9512305126181337,0.6484978475787466,0.7717508849239523,0.9985735007953371,False
Mean_Skin_Temp_°C_,Diethanolamine,Group_8C vs Group_22C Contrast,-1.8095852497156546,0.6164924615638698,-8.891437587307234,5.272267087875925,0.2593378185890318,0.10503319746174689,0.7236156669177226,0.7705083484254418,0.5603438899864897,0.8686321974336912,-1.2492413597291647,0.31989214119557596,0.9985735007953371,False
Mean_Skin_Temp_°C_,Erythritol,Group_22C vs Group_15C (Reference),-1.3578584273949148,0.6172637748907583,-6.683419819858765,3.9677029650689355,0.057899218942389474,-0.13837177711127935,-0.09006064462312734,0.9639350596380769,-1.4479190720180422,0.4333790348004478,0.4977555507342938,0.7292549524444965,0.9985735007953371,False
Muscle_Temp2_°C_,"2,3,4-Trihydroxybutyric_acid",Group_22C vs Group_15C (Reference),1.4360523259903142,0.6172762162839911,-4.196386997138279,7.068491649118907,0.09188193575753245,-0.09730932762631483,0.24816770706206384,0.8609894573080299,1.684220033052378,0.5005111264218494,-0.8557749705155044,0.7650887780450129,0.9985735007953371,False
Muscle_Temp2_°C_,Palmitic_Acid,Group_8C vs Group_15C (Reference),-0.17183304847357805,0.617755594038804,-0.8467103949824576,0.5030442980353015,0.2582227795061819,0.10368585856996981,0.07289402028037156,0.7810851064451909,-0.5255421474510782,0.15704408380884471,-0.09893902819320649,0.6573916420448942,0.9985735007953371,False
Muscle_Temp2_°C_,Citric_acid,Group_22C vs Group_15C (Reference),-1.1526866811530876,0.6184065091819295,-5.6882799407365106,3.382906578430335,0.15202908442277607,-0.024631522989145616,1.7467704424131092,0.1413550793517343,0.5940837612600216,0.7648484679714502,-0.5336068886304559,0.7138756496572023,0.9985735007953371,False
Muscle_Temp3_°C_,Butanoic_acid,Group_8C vs Group_22C Contrast,-1.0148786693220775,0.6198345914243709,-5.0246008791758126,2.994843540531658,0.07164636328920282,-0.1217606443588799,-0.026408018032854478,0.9556135050465209,0.4752983791324828,0.7808826400086966,-0.5395802901895947,0.6314969505310453,0.9985735007953371,False
Muscle_Temp1_°C_,Arginine_[-NH3],Group_22C vs Group_15C (Reference),-0.2088552466071898,0.6208256926582836,-1.0363566131943802,0.6186461199800006,0.08714228402162416,-0.10303640680720405,-0.006921619369952124,0.9361792726283813,-0.2157768659771419,0.601576205439303,-0.06523592673141175,0.8248530708981132,0.9985735007953371,False
Core_Temp_°C_,Palmitic_Acid,Group_8C vs Group_22C Contrast,0.5785788861690456,0.6211184726333585,-1.7157627603277361,2.872920532665827,0.18811150361028872,0.018968066862432242,-0.06450999904638222,0.8044481121801506,-0.7148491784056409,0.4254993286981854,-0.13627029223659526,0.8562170774891509,0.9985735007953371,False
Core_Temp_°C_,DL-Ornithine,Group_8C vs Group_22C Contrast,1.440613140269588,0.6211215719216823,-4.2721568103099665,7.153383090849142,0.20775919218920091,0.042709023895284526,2.917390460699839,0.061177423059618194,0.9796976049700721,0.1685510608391454,2.42031074523966,0.3918349248087438,0.9985735007953371,False
Mean_Body_Temp_°C_,Alanine,Group_8C vs Group_22C Contrast,-1.600097030063439,0.6212074580899027,-7.946864156679516,4.746670096552639,0.041487319576974824,-0.158202822177822,0.7642684706093742,0.5384759039827685,1.0016298999268232,0.7407814444759646,-0.5984671301366159,0.6022226043208216,0.9985735007953371,False
Core_Temp_°C_,Oxalic_acid,Group_8C vs Group_15C (Reference),2.818542593729826,0.6227394506957189,-8.410240637322605,14.047325824782256,0.3772256569081297,0.2474810020973235,2.656881276034763,0.5516981919352352,1.2585039367166033,0.6278486538424857,5.4754238697645885,0.12735175592535475,0.9985735007953371,False
Mean_Skin_Temp_°C_,"D-Arabinose,_tetrakis",Group_22C vs Group_15C (Reference),2.49816383117807,0.6235465651001133,-7.477406892227753,12.473734554583894,0.07609158786986048,-0.1163893313239186,-3.261853093879421,0.44915797569948446,-0.7636892627013512,0.7778725454387514,-0.38485336440473006,0.7889577417203448,0.9985735007953371,False
Core_Temp_°C_,1-Ethyl-1-tetradecyloxy-1-silacyclohexane,Group_8C vs Group_22C Contrast,2.8040207232120595,0.6235580689942102,-8.393462631892778,14.001504078316895,0.119990310150622,-0.06334504190133172,2.1495294216700263,0.8142042390396311,-0.7022413633139881,0.8584581668285178,2.1017793598980714,0.6116095516826041,0.9985735007953371,False
Mean_Skin_Temp_°C_,1-Monooleoylglycerol,Group_22C vs Group_15C (Reference),0.8303362708203891,0.6241724134635491,-2.4913167384089876,4.151989280049766,0.22391870129957803,0.06223509740365685,1.0510688891155642,0.4458679381786812,1.8814051599359534,0.05624567320296148,-0.38660877356719325,0.794695701255381,0.9985735007953371,False
Muscle_Temp2_°C_,Cysteine,Group_22C vs Group_15C (Reference),-0.8967691383364146,0.6243524320158723,-4.4860417746380845,2.6925034979652556,0.10565342644858255,-0.08066877637462944,0.7820972344139776,0.47038612027170434,-0.11467190392243698,0.9380905721526782,-0.6645614413236249,0.29021622433420147,0.9985735007953371,False
Muscle_Temp2_°C_,Doconexent,Group_22C vs Group_15C (Reference),-0.4696124269281282,0.6251044580896361,-2.3532985293570974,1.4140736755008407,0.048692151422311536,-0.1494969836980402,0.3539986341165081,0.6204219389928398,-0.1156137928116201,0.8571892560660543,-0.1544880536377744,0.8708208979598275,0.9985735007953371,False
Mean_Body_Temp_°C_,Lactic_Acid1,Group_22C vs Group_15C (Reference),-4.431719210791398,0.6265583177578888,-22.282984006538562,13.419545584955769,0.22752967746147823,0.0665983602659529,9.127797021879054,0.25847685455327063,4.696077811087656,0.26440345381469266,-2.862509266437641,0.6756380271396665,0.9985735007953371,False
Core_Temp_°C_,Threonine,Group_8C vs Group_15C (Reference),4.1555701353168955,0.6273300642698203,-12.62087758042415,20.932017851057942,0.09637732750784533,-0.09187739592802013,-3.1810618050886865,0.7022084491743397,-0.24845512165694972,0.9252017952557958,0.9745083302282089,0.6279838032635248,0.9985735007953371,False
Core_Temp_°C_,"1,3-Dioxolane-2-methanol",Group_8C vs Group_15C (Reference),3.1675310821099307,0.627632715538641,-9.631354712066912,15.966416876286775,0.31239718105698877,0.16914659377719476,10.54576774837145,0.06739097385913348,-1.6651574626139691,0.8444521000958152,13.713298830481381,7.720148026635343e-06,0.9985735007953371,False
Core_Temp_°C_,L-Proline,Group_22C vs Group_15C (Reference),2.246276208572005,0.6276347961239211,-6.830195580220274,11.322747997364285,0.17517487684771027,0.0033363095243166274,0.574607474507822,0.7019269527849961,2.8208836830798267,0.5196279990263566,-4.2390428491949566,0.2219415069659001,0.9985735007953371,False
Mean_Skin_Temp_°C_,L-Aspartic_acid,Group_22C vs Group_15C (Reference),-1.2638227246278264,0.6276732163623016,-6.371089721506065,3.8434442722504123,0.11127306470022058,-0.07387838015390003,-0.23880550495087896,0.7950157729978556,-1.5026282295787055,0.5377217521248943,0.30001488048314273,0.14061199747397302,0.9985735007953371,False
Muscle_Temp2_°C_,L-5-Oxoproline,Group_8C vs Group_22C Contrast,-0.9781963454910545,0.6282944321483538,-4.9384330921828035,2.982040401200694,0.2637130310770671,0.11031991255145612,1.2236523613098504,0.7877132874776762,-0.43566847821048604,0.7949914607036541,-1.4138648237015405,0.2098316926604702,0.9985735007953371,False
Muscle_Temp2_°C_,Stearic_Acid,Group_22C vs Group_15C (Reference),-0.22806507311227547,0.629506471471869,-1.1546390871949987,0.6985089409704477,0.0994105725276172,-0.08821222486246239,-0.17629771055512927,0.37860133985944266,-0.40436278366740475,0.34506047204657486,-0.09316284994716932,0.7637132520739596,0.9985735007953371,False
Muscle_Temp3_°C_,Serine,Group_8C vs Group_15C (Reference),-0.28031178896032893,0.6315380808073439,-1.425939957850419,0.8653163799297613,0.1326810321597407,-0.04801041947364659,-0.265308748040953,0.3080586304381756,-1.9457551226964294,0.4478564432839085,-0.5456205370012819,0.29716785659630185,0.9985735007953371,False
Mean_Body_Temp_°C_,Serine,Group_8C vs Group_15C (Reference),-0.6444889731879881,0.631815011288235,-3.2806415539514253,1.9916636075754488,0.44661105697351267,0.3313216938429945,0.4270568665930228,0.6898602725426015,-5.546339240072145,0.16658901292508377,-0.21743210659496537,0.7895516528530222,0.9985735007953371,False
Mean_Body_Temp_°C_,Glycerol,Group_22C vs Group_15C (Reference),-4.457665874452797,0.6322382271934799,-22.713515529724717,13.798183780819123,0.23772065770384687,0.07891246139214836,6.23442701516701,0.35168289821903853,1.7767611407142132,0.7838273203842474,-6.945494089913709,0.0018106700430418066,0.9985735007953371,False
Muscle_Temp3_°C_,2-Keto-3-methylvaleric_acid,Group_22C vs Group_15C (Reference),-1.1542664936123588,0.632906136120293,-5.890717855941587,3.58218486871687,0.05360210683292166,-0.14356412091021964,0.751049627107961,0.4562794183568196,-0.4032168665043978,0.8543340748933397,-0.7192822368691376,0.5179546856297708,0.9985735007953371,False
Mean_Body_Temp_°C_,Threonine,Group_8C vs Group_15C (Reference),1.9571746209827166,0.6331075628795357,-6.078713913180135,9.993063155145567,0.1914498628098661,0.023001917561921603,-2.5422308147183426,0.5255446991774679,-3.2987140618389925,0.48307249288880083,-0.585056193735626,0.5057784989269747,0.9985735007953371,False
Mean_Skin_Temp_°C_,2-Aminoadipic_acid,Group_22C vs Group_15C (Reference),1.6044912959374673,0.6370262404670346,-5.060071644168547,8.269054236043482,0.0565926651259987,-0.13995052963941812,-0.9202937407430284,0.45602258436134024,0.6841975551944389,0.8290258579089556,0.13888350894279522,0.779455432550213,0.9985735007953371,False
Muscle_Temp3_°C_,Citric_acid,Group_8C vs Group_15C (Reference),-0.9373184044162509,0.6378798483361532,-4.840539556135402,2.9659027473029003,0.11537146340826221,-0.0689261483816832,0.8740264387486473,0.5667674919051033,0.6701498322094372,0.8287875260669366,-0.06329196566760364,0.9605560451168262,0.9985735007953371,False
Mean_Body_Temp_°C_,Lactic_Acid,Group_22C vs Group_15C (Reference),2.095478706834511,0.6383024407744189,-6.641584739240024,10.832542152909046,0.06712010288255821,-0.12722987568357547,-0.2598244492223326,0.950575488450936,1.8356542576121782,0.22618546573155163,1.078594537248383,0.7132893046942681,0.9985735007953371,False
Muscle_Temp2_°C_,Alanine,Group_8C vs Group_15C (Reference),-0.4998471567126344,0.6399094435531525,-2.5939668679238785,1.5942725544986098,0.12324615417398255,-0.05941089703977109,1.0509166245865589,0.2616488963670477,-1.2756701376715744,0.47682383799402794,0.5510694678739245,0.28445329183587154,0.9985735007953371,False
Mean_Body_Temp_°C_,Tryptophan,Group_8C vs Group_15C (Reference),1.8210329907305234,0.6399486636917033,-5.809115743293201,9.451181724754248,0.08770361806159621,-0.10235812817557122,-0.30651901672119375,0.4829111786243482,-2.3547052343479784,0.45387488349683114,1.5145139740093296,0.6954220142632122,0.9985735007953371,False
Mean_Skin_Temp_°C_,Lysine,Group_8C vs Group_15C (Reference),-0.9617215825901566,0.6407134375932846,-5.000576308215687,3.0771331430353746,0.21305719927186595,0.04911078245350475,0.6733011840540526,0.7414879661583007,1.271195664023052,0.6534617632349133,-0.288420398536104,0.3096774066793704,0.9985735007953371,False
Muscle_Temp1_°C_,Citric_acid,Group_8C vs Group_15C (Reference),-1.0445530711184396,0.641563378122954,-5.442457713381693,3.353351571144814,0.14362379514159618,-0.03478791420390448,0.8684340281589984,0.6187754424394076,0.5841139314864041,0.7703398229641798,-0.17611904295944125,0.9006171761828716,0.9985735007953371,False
Muscle_Temp3_°C_,Palmitelaidic_acid,Group_8C vs Group_15C (Reference),0.8923997684673228,0.641587491194934,-2.8651623517166467,4.649961888651292,0.07948564457786444,-0.11228817946841363,-0.18887541009170503,0.8039131652381286,-1.7719122122595288,0.4626814036381446,0.7035243583756178,0.6893178795516921,0.9985735007953371,False
Core_Temp_°C_,Phenylalanine,Group_8C vs Group_22C Contrast,0.45225201586951935,0.641939117624833,-1.4540584026919323,2.3585624344309712,0.08957980031176804,-0.10009107462328015,0.06286724377018185,0.9093669895452636,-0.41984964195732255,0.6390866157241746,0.032402373912196816,0.9320701184684876,0.9985735007953371,False
Muscle_Temp1_°C_,L-Proline,Group_8C vs Group_22C Contrast,-0.8249188264602663,0.6419473102648996,-4.302161577823094,2.652323924902561,0.08527323041942725,-0.10529484657652532,0.013488794298410916,0.975248521093837,0.44448202067529324,0.7347442080487241,-0.380436805784973,0.750085003169606,0.9985735007953371,False
Core_Temp_°C_,4-Aminobutanoic_acid,Group_8C vs Group_15C (Reference),3.1813621849692577,0.642534901529782,-10.252343361715266,16.61506773165378,0.1211269512414006,-0.06197160058330753,-0.24031961977964836,0.9191586239951813,3.054678963038125,0.42139285389043524,2.9410425651896093,0.6474935977762553,0.9985735007953371,False
Muscle_Temp3_°C_,L-Proline,Group_8C vs Group_15C (Reference),-0.7107838838952564,0.6434008722491064,-3.719993531695193,2.2984257639046803,0.16378532560271164,-0.010426064896723375,-0.14549506294919504,0.876491403881597,2.2203654458020003,0.23283570251596597,-0.8562789468444514,0.48165352143335083,0.9985735007953371,False
Core_Temp_°C_,Glutamine_[-H2O],Group_22C vs Group_15C (Reference),-1.2967804584531628,0.6434957307914126,-6.788463822473471,4.194902905567146,0.14453864055676147,-0.033682475993913163,-0.49046344632815886,0.6710485306360525,-1.7872439047813216,0.4838718056445881,-0.8416723999994521,0.660161926672612,0.9985735007953371,False
Mean_Skin_Temp_°C_,Methyl_galactoside,Group_22C vs Group_15C (Reference),0.8573555425429763,0.6438132477426138,-2.7769027115019047,4.491613796587857,0.2997119495008864,0.15381860564690453,1.5179414810553333,0.34177844788902834,2.3752970235983097,0.011746726764418902,-1.1246756827690048,0.2748708185154731,0.9985735007953371,False
Muscle_Temp1_°C_,Threonine,Group_8C vs Group_22C Contrast,0.5449831264496472,0.6444040085682974,-1.7693203503390544,2.859286603238349,0.09688790340518894,-0.09126045005206329,-0.13260559302452374,0.9066868640535763,-0.9083219984140274,0.38140712341349947,-0.3633388719643802,0.5189441572372959,0.9985735007953371,False
Mean_Body_Temp_°C_,beta-Alanine,Group_8C vs Group_22C Contrast,3.14124199612952,0.6461110301279896,-10.267331043144086,16.549815035403128,0.07646271635987267,-0.11594088439848704,0.0930588955695499,0.983107174616827,-3.0271575948322123,0.3025012905822022,0.11408440129730789,0.9852695355271939,0.9985735007953371,False
Core_Temp_°C_,Phenylalanine,Group_22C vs Group_15C (Reference),-0.4827168857275044,0.6463002098375028,-2.544366807785824,1.5789330363308156,0.08957980031176804,-0.10009107462328015,0.06286724377018185,0.9093669895452636,-0.41984964195732255,0.6390866157241746,0.032402373912196816,0.9320701184684876,0.9985735007953371,False
Muscle_Temp3_°C_,Arachidonic_acid1,Group_22C vs Group_15C (Reference),0.5277146882806802,0.6465539784107366,-1.7278543835229778,2.7832837600843385,0.06654384092412846,-0.12792619221667811,-1.0242176959166471,0.2126296535355381,-0.4965030076359669,0.5377200374173592,0.15842907705797016,0.8633547096450247,0.9985735007953371,False
Muscle_Temp2_°C_,Arachidonic_acid,Group_8C vs Group_22C Contrast,-0.20333073973185614,0.6466122013295352,-1.0725808364082097,0.6659193569444973,0.052295574895446006,-0.14514284700133606,-0.09405123736435951,0.8367523655208287,0.010204470471877045,0.976568135760032,-0.1931262692599791,0.4835411253344486,0.9985735007953371,False
Muscle_Temp2_°C_,Citric_acid,Group_8C vs Group_22C Contrast,-1.1276906498904775,0.6469564616024005,-5.953674666463942,3.6982933666829867,0.15202908442277607,-0.024631522989145616,1.7467704424131092,0.1413550793517343,0.5940837612600216,0.7648484679714502,-0.5336068886304559,0.7138756496572023,0.9985735007953371,False
Muscle_Temp1_°C_,Indole-3-Propionic_Acid,Group_8C vs Group_15C (Reference),0.0606643340569705,0.6477357487259183,-0.19956178159665997,0.320890449710601,0.1233723515122419,-0.05925840858937437,-0.16264545620952048,0.05672463559364932,0.48241972290929586,0.3758613624413676,-0.10198112215254998,0.31595219695965504,0.9985735007953371,False
Mean_Body_Temp_°C_,Glycine,Group_8C vs Group_15C (Reference),-2.0685684437678544,0.6490036619476467,-10.976287962482466,6.839151074946757,0.06522975783226936,-0.12951404261934107,3.124777086994473,0.456988764854695,-0.3562046645209125,0.9465185379077639,1.0562086432266184,0.5424640634150073,0.9985735007953371,False
Mean_Body_Temp_°C_,2-OH-Butanoic_Acid,Group_22C vs Group_15C (Reference),-0.9036264187965812,0.6490886650807648,-4.795854830897432,2.98860199330427,0.0706808294885527,-0.12292733103466547,-0.2960840766191207,0.8787167653861423,-1.1997104954157018,0.0045576090273866665,0.25206408910810135,0.4265630281612578,0.9985735007953371,False
Muscle_Temp2_°C_,Palmitelaidic_acid,Group_22C vs Group_15C (Reference),0.9042101962274599,0.6491983445534484,-2.9918380634640993,4.800258455919019,0.052641324908758946,-0.14472506573524946,-0.9584515909486659,0.3004495606064145,-0.05424139472120604,0.975402160664838,0.3631705643970118,0.838118468335648,0.9985735007953371,False
Muscle_Temp3_°C_,DL-Ornithine,Group_22C vs Group_15C (Reference),-0.4142905920090275,0.649853259904728,-2.202958781872076,1.374377597854021,0.2077839441663678,0.04273893253436112,0.8931932907200697,0.2976067001684046,0.4789026987110422,0.12504752947975528,-0.9889379018688682,0.22628905900747176,0.9985735007953371,False
Muscle_Temp1_°C_,N-Acetylglutamine,Group_8C vs Group_15C (Reference),-1.2766058292808102,0.65017010662127,-6.793603902565786,4.240392244004165,0.18608569160595057,0.016520210690523673,-0.4671503009719221,0.7783981166835242,0.7388720483468348,0.6300468469982232,-1.7437561302527325,0.4430329198017855,0.9985735007953371,False
Core_Temp_°C_,Dodecanoic_acid,Group_22C vs Group_15C (Reference),2.7019411150539683,0.6503543613032826,-8.981399373614474,14.38528160372241,0.0491315161634992,-0.14896608463577166,-3.2140982677494803,0.24644709050473046,-0.512157152695512,0.9226783445754447,1.7829020067012529,0.7894413904942452,0.9985735007953371,False
Muscle_Temp3_°C_,"2,3-Butanediol",Group_22C vs Group_15C (Reference),1.694956811667847,0.6505230485641813,-5.637918820211607,9.0278324435473,0.061191119447527864,-0.1343940640009038,-1.675544576326184,0.6140272950045491,0.01941223534166303,0.9909974093374883,1.1509111164010917,0.531536939635529,0.9985735007953371,False
Mean_Skin_Temp_°C_,beta-Alanine,Group_22C vs Group_15C (Reference),-1.3913862709552374,0.6505760096443924,-7.411904956364158,4.629132414453683,0.045829403706771576,-0.1529561371876509,0.5502530258326436,0.8203129938374671,-0.8411332451225938,0.6560639290990673,0.135406367941604,0.9190126622344126,0.9985735007953371,False
Core_Temp_°C_,Indole-3-Propionic_Acid,Group_8C vs Group_22C Contrast,-0.4249104671672005,0.6506664279247268,-2.264038687132615,1.4142177527982138,0.0401879278100421,-0.15977292056286574,-0.9008856132523864,0.14076889557707917,0.4135884414669113,0.5791078577291733,-0.011322025700289173,0.9841429980121583,0.9985735007953371,False
Mean_Body_Temp_°C_,Oxalic_acid,Group_22C vs Group_15C (Reference),-2.8483782957646757,0.650939603629719,-15.187043956216169,9.490287364686818,0.3396419936822441,0.2020674090327117,1.888095155528532,0.7261168524353601,-0.9602831402361438,0.7678130062023276,-0.31560478341200837,0.7824697697422305,0.9985735007953371,False
Mean_Skin_Temp_°C_,"2,3-Butanediol",Group_22C vs Group_15C (Reference),1.9004130301637931,0.6521181955915512,-6.3617062229131935,10.16253228324078,0.04981670468426158,-0.1481381485065172,-1.3159391584779387,0.7449840165687216,0.5844738716858544,0.6215082367405163,0.5016906558444874,0.5421418766828712,0.9985735007953371,False
Mean_Body_Temp_°C_,Indole-3-Propionic_Acid,Group_8C vs Group_22C Contrast,0.4890968038539194,0.652610366647846,-1.6405346587177947,2.6187282664256335,0.0213067534080551,-0.18258767296526668,-0.03483461514487973,0.9736120474199113,-0.47155941137580487,0.6533719233459174,0.017537392478114533,0.9499237323646725,0.9985735007953371,False
Muscle_Temp3_°C_,"2,3-Butanediol",Group_8C vs Group_22C Contrast,1.1314988810594286,0.6532553699367405,-3.8050965769449006,6.068094339063758,0.061191119447527864,-0.1343940640009038,-1.675544576326184,0.6140272950045491,0.01941223534166303,0.9909974093374883,1.1509111164010917,0.531536939635529,0.9985735007953371,False
Mean_Skin_Temp_°C_,L-Norvaline,Group_8C vs Group_22C Contrast,-1.6002145259172762,0.6539015933134658,-8.59570889144915,5.395279839614596,0.0986932473687595,-0.08907899276274889,-1.0853948279542105,0.7234484633831941,0.8119547066381685,0.8118297990777836,-0.7882598192791078,0.4535988538564635,0.9985735007953371,False
Muscle_Temp2_°C_,2-OH-Butanoic_Acid,Group_22C vs Group_15C (Reference),0.7692305748486574,0.6543894407695132,-2.5985519306396525,4.137013080336967,0.08455271190225222,-0.10616547311811186,-0.7486538143258985,0.6324248390510119,0.02057676052275892,0.9768475534456706,0.3605934608941672,0.5078578470204729,0.9985735007953371,False
Mean_Body_Temp_°C_,Proline,Group_8C vs Group_22C Contrast,1.9116825900584418,0.6549122683975096,-6.471605759385479,10.294970939502363,0.1231065715659988,-0.05957955935775128,1.777741657810013,0.5267784215210956,-2.0119170146854595,0.6350057862483003,-0.1002344246270177,0.8616276106151939,0.9985735007953371,False
Muscle_Temp3_°C_,"2-Ethyl-3-hydroxypropionic_acid,_di-",Group_8C vs Group_15C (Reference),0.5312516872604357,0.6553637664590145,-1.8016632608606913,2.864166635381563,0.15720569927585726,-0.018376446708339156,-0.20144876653002725,0.7752893371366354,-0.5547418212348425,0.812611598089205,0.32980292073040846,0.730792169000233,0.9985735007953371,False
Muscle_Temp2_°C_,Glutamic_Acid,Group_8C vs Group_22C Contrast,0.3389113315356619,0.6560611283289437,-1.1526221145954207,1.8304447776667443,0.04978107912449581,-0.14818119605790092,-0.035753284765345755,0.8758731575303424,-0.14473258422655022,0.5993640924583763,0.19417874730911164,0.7842859896363008,0.9985735007953371,False
Muscle_Temp3_°C_,1-Monopalmitin,Group_22C vs Group_15C (Reference),-0.5269925662080283,0.6565977294102352,-2.850093591474591,1.7961084590585341,0.11865273501399287,-0.06496127852475864,0.36272573755359394,0.7080600879878095,-0.16426682865443432,0.8099562271540539,0.25232398047806254,0.7112854379318199,0.9985735007953371,False
Muscle_Temp2_°C_,Glyceraldehyde-3-PMOX,Group_8C vs Group_15C (Reference),-0.9001456626654147,0.6567077766854083,-4.869548169701668,3.069256844370839,0.14986482375583587,-0.027246671295031666,1.0032404948930123,0.6007272873976337,-0.3799855783066386,0.5458762133304007,0.10309483222759752,0.8746304202453259,0.9985735007953371,False
Muscle_Temp2_°C_,"9-Hexadecenoic_acid,_Z-",Group_8C vs Group_22C Contrast,-0.3879900142226024,0.6567184373201025,-2.099010802213424,1.3230307737682194,0.16055915353734107,-0.014324356142379369,0.6614434155260468,0.1943691907082027,-0.1603952191067748,0.805819500558062,-0.5483852333293772,0.34436602151326534,0.9985735007953371,False
Core_Temp_°C_,"2,3,4-Trihydroxybutyric_acid",Group_8C vs Group_22C Contrast,-4.586233511226902,0.6577202587515554,-24.874590387942007,15.702123365488205,0.19417562091523566,0.026295541939243106,3.4918690422729295,0.06787994527034615,8.400259540297164,0.1095981404160975,3.8140260290702614,0.6689888950680736,0.9985735007953371,False
Muscle_Temp3_°C_,Lactic_Acid1,Group_22C vs Group_15C (Reference),2.28597688461939,0.6578436641542748,-7.83032620019013,12.40227996942891,0.13347154547344497,-0.04705521588625383,-2.6591274328816104,0.3014518470977505,-0.3731505482622204,0.933533275746969,2.39856827435204,0.15862483711545838,0.9985735007953371,False
Core_Temp_°C_,Erythritol,Group_22C vs Group_15C (Reference),1.8727517658666666,0.6583683969586774,-6.4284701515061915,10.173973683239526,0.07378725570941547,-0.11917373268445619,-4.82860496400481,0.22540394371836603,-2.955853198138143,0.040111431633246486,-0.9136848323735616,0.8775437928801633,0.9985735007953371,False
Muscle_Temp3_°C_,Arginine_[-NH3],Group_8C vs Group_15C (Reference),0.15646768524463645,0.6587943245619687,-0.5380206203758833,0.850955990865156,0.08471642083895958,-0.10596765815292386,-0.19442992659682898,0.42456006515212874,0.21925817584685645,0.7058850958098568,-0.03796224135219253,0.882764528044701,0.9985735007953371,False
Muscle_Temp2_°C_,L-Aspartic_acid,Group_8C vs Group_22C Contrast,1.178911557150005,0.658821308028217,-4.054274230172702,6.412097344472713,0.10517633443408325,-0.08124526255881603,1.4689806194434443,0.6046669580196558,-0.33839270070381344,0.813402851558503,0.8405188564461915,0.7090318012437666,0.9985735007953371,False
Muscle_Temp3_°C_,Glycerol-3-P,Group_8C vs Group_22C Contrast,0.7363599250421649,0.6593599249636257,-2.5378576159019373,4.010577465986267,0.22655100764418235,0.06541580090338706,1.4116696955788546,0.20059350729806757,-1.7739192642871602,0.24812893294719496,-1.0375593392449953,0.11416933299630228,0.9985735007953371,False
Muscle_Temp1_°C_,L-5-Oxoproline,Group_8C vs Group_22C Contrast,-0.8016251316458771,0.6595511511047646,-4.36818070615747,2.764930442865716,0.2652998341066014,0.11223729954547679,0.5018869587445342,0.7732867600406463,-0.6242053567370588,0.6489043854303578,-1.4258304883829358,0.23337360979637456,0.9985735007953371,False
Mean_Skin_Temp_°C_,"2,3-Butanediol",Group_8C vs Group_15C (Reference),1.817629814322426,0.6597586085062496,-6.274403265914051,9.909662894558904,0.04981670468426158,-0.1481381485065172,-1.3159391584779387,0.7449840165687216,0.5844738716858544,0.6215082367405163,0.5016906558444874,0.5421418766828712,0.9985735007953371,False
Muscle_Temp1_°C_,Glycerol,Group_22C vs Group_15C (Reference),0.8810154059960078,0.6601338229974005,-3.045859509511047,4.807890321503062,0.043096265303993686,-0.1562586794243408,-0.7177511881880679,0.48862046235772283,0.16326421780793987,0.9241412950458987,-1.1514156594251161,0.7701730649829326,0.9985735007953371,False
Muscle_Temp1_°C_,Methionine,Group_8C vs Group_22C Contrast,-0.40943719325105954,0.6603243732806237,-2.235512610915472,1.416638224413353,0.12741620233418238,-0.054372088846196265,0.2572842919245871,0.09791498730351313,0.07732730953016201,0.9242719841612246,-0.33210988372089756,0.46456683601333904,0.9985735007953371,False
Muscle_Temp1_°C_,Cysteine,Group_22C vs Group_15C (Reference),-0.6501802018973111,0.6614224156056092,-3.5599400455578962,2.259579641763274,0.12728588866279722,-0.05452955119911995,0.607667205048497,0.06058656757930113,-0.042512996848814044,0.9765913726719007,-0.6460075030464494,0.2555200242359179,0.9985735007953371,False
Muscle_Temp2_°C_,Glycine,Group_8C vs Group_22C Contrast,-0.907341809243472,0.6618461669941643,-4.973481455513415,3.158797837026471,0.1630182539800168,-0.011352943107479696,2.9435307694629382,0.14873090412144782,0.3197201548282784,0.8589787132189037,-0.5876216544151935,0.5692070850249968,0.9985735007953371,False
Muscle_Temp3_°C_,L-Alanine,Group_22C vs Group_15C (Reference),-2.0116473740383976,0.6625331444377198,-11.045995645434907,7.022700897358111,0.2097221555852914,0.04508093799889379,3.050602279667213,0.08665692033568716,1.0389549056288154,0.8069488228159407,-3.157336202243554,0.16889588664038824,0.9985735007953371,False
Muscle_Temp2_°C_,"1,3-Dioxolane-2-methanol",Group_22C vs Group_15C (Reference),-1.616196879687916,0.6625564535626968,-8.875103586962783,5.642709827586951,0.09052549736688409,-0.09894835734834828,1.8572981188904876,0.545874629942203,0.24110123920257154,0.9070023692936966,2.4550307743794475,0.16946617746323378,0.9985735007953371,False
Mean_Skin_Temp_°C_,Serine,Group_8C vs Group_15C (Reference),-0.26018121881385786,0.6629993174597206,-1.430383142605665,0.9100207049779492,0.3267192907112635,0.18645247627611006,0.15724869979359415,0.7706842946324711,-2.4514394796150656,0.3404473977411975,-0.10293251902026371,0.6873837250841528,0.9985735007953371,False
Muscle_Temp2_°C_,Butanoic_acid,Group_8C vs Group_22C Contrast,-0.6670835576033004,0.6632918556536537,-3.670219708832892,2.3360525936262913,0.06765758752011142,-0.12658041507986528,-0.32653353078358943,0.38855307511107784,0.27064954757128784,0.8379291984474686,-0.39643401003201256,0.6078480367685442,0.9985735007953371,False
Mean_Skin_Temp_°C_,Decanoic_acid,Group_22C vs Group_15C (Reference),-0.22892853005389202,0.6634380044358217,-1.2599973256618058,0.8021402655540218,0.02239878704144016,-0.18126813232492633,0.35573514678574997,0.3237530917159396,0.12680661673185795,0.7406576197407164,-0.011299087910988437,0.9720120395998961,0.9985735007953371,False
Muscle_Temp2_°C_,Butanoic_acid,Group_22C vs Group_15C (Reference),0.5971830783548773,0.6643617112283782,-2.1003503295454706,3.2947164862552247,0.06765758752011142,-0.12658041507986528,-0.32653353078358943,0.38855307511107784,0.27064954757128784,0.8379291984474686,-0.39643401003201256,0.6078480367685442,0.9985735007953371,False
Mean_Body_Temp_°C_,3-OH-Butanoic_Acid,Group_8C vs Group_15C (Reference),-2.3270985658597323,0.6652746589086893,-12.869362806211178,8.215165674491715,0.13350075624964175,-0.04701991953168272,2.117774517500508,0.6931366506973161,-1.7605554012812377,0.1693844855965505,-0.20932404835922425,0.5590052726303663,0.9985735007953371,False
Core_Temp_°C_,Lactic_Acid,Group_8C vs Group_15C (Reference),3.8776870372540544,0.6657316557548076,-13.714652674960883,21.470026749468992,0.11436162969331087,-0.07014636412058262,-3.826487549632717,0.5615205788037121,3.6949466513542144,0.3012537008922713,0.051199487621337525,0.9932957429548526,0.9985735007953371,False
Core_Temp_°C_,Cholesterol,Group_22C vs Group_15C (Reference),-1.0738413651604461,0.6658425087667159,-5.947379036134427,3.799696305813534,0.10142598325647123,-0.08577693689843047,-0.07130805720431989,0.9710102955853792,-1.145149422364766,0.4533927819490988,0.5512217961649721,0.530022558599565,0.9985735007953371,False
Muscle_Temp3_°C_,1-Monopalmitin,Group_8C vs Group_22C Contrast,0.41659080913249685,0.6659760532751848,-1.4749105687997044,2.308092187064698,0.11865273501399287,-0.06496127852475864,0.36272573755359394,0.7080600879878095,-0.16426682865443432,0.8099562271540539,0.25232398047806254,0.7112854379318199,0.9985735007953371,False
Core_Temp_°C_,D---Ribofuranose,Group_8C vs Group_15C (Reference),-3.5474486059960135,0.6663142010871135,-19.671468527137296,12.57657131514527,0.2282293964925417,0.06744385409515463,9.029047782515963,0.1653765296052424,1.7324251952631915,0.8208213198698608,5.48159917651995,0.2759381654675843,0.9985735007953371,False
Mean_Skin_Temp_°C_,Arachidonic_acid1,Group_22C vs Group_15C (Reference),0.5325842328307463,0.6673300206307327,-1.8960077139369282,2.9611761795984206,0.08662132720906668,-0.10366589628904443,0.4393454706783398,0.50796575486875,0.9719297035090861,0.35297141894673767,-0.19889082466186453,0.7638685313902822,0.9985735007953371,False
Muscle_Temp2_°C_,Ethyl_alpha-D-glucopyranoside,Group_8C vs Group_15C (Reference),1.1325725231077954,0.6674611746798846,-4.034141937896081,6.2992869841116725,0.10358813032935521,-0.08316434251869564,-0.9069268861054772,0.7135711245225698,-1.4725581788272248,0.3673067080257568,0.2256456370023182,0.8060385739698634,0.9985735007953371,False
Mean_Body_Temp_°C_,Stearic_Acid,Group_8C vs Group_22C Contrast,0.6530509575962334,0.6685266412390021,-2.336361988994948,3.6424639041874145,0.18193369409858295,0.01150321370245444,0.2282688100243755,0.6397277563152206,-1.0811724499835549,0.4744579368756927,-0.42812149238732145,0.03513928712248493,0.9985735007953371,False
Muscle_Temp2_°C_,Doconexent,Group_8C vs Group_15C (Reference),-0.5084866877542825,0.6688696218363397,-2.838661634820515,1.82168825931195,0.048692151422311536,-0.1494969836980402,0.3539986341165081,0.6204219389928398,-0.1156137928116201,0.8571892560660543,-0.1544880536377744,0.8708208979598275,0.9985735007953371,False
Muscle_Temp2_°C_,Proline,Group_22C vs Group_15C (Reference),-0.7923334710636816,0.6690109151677845,-4.424903685915291,2.8402367437879277,0.10343976311432368,-0.0833436195701922,1.11376931467502,0.47926537498086375,0.3214358436113385,0.7424391228937859,-0.5367515468989594,0.2814903669332778,0.9985735007953371,False
Mean_Body_Temp_°C_,Cysteine,Group_8C vs Group_22C Contrast,2.0697969083669743,0.6716657662710472,-7.501225862401011,11.64081967913496,0.09960363248704984,-0.08797894407814799,0.3016918041436096,0.8599665484810097,-1.1794876117552053,0.8036904971771457,0.8903092966117689,0.44014751955455544,0.9985735007953371,False
Mean_Skin_Temp_°C_,beta-Alanine,Group_8C vs Group_22C Contrast,0.9765396130641978,0.6726122505031621,-3.552976686578361,5.506055912706756,0.045829403706771576,-0.1529561371876509,0.5502530258326436,0.8203129938374671,-0.8411332451225938,0.6560639290990673,0.135406367941604,0.9190126622344126,0.9985735007953371,False
Core_Temp_°C_,1H-Indole-3-Acetic_Acid,Group_8C vs Group_22C Contrast,0.91223182701558,0.6727150149420524,-3.320414049502806,5.1448777035339655,0.08825025566922873,-0.10169760773301517,2.061559572647948,0.20156932187435717,0.08291675064114101,0.9609176170551654,0.995148577656721,0.4582792538853413,0.9985735007953371,False
Mean_Body_Temp_°C_,"1,5-Anhydrohexitol",Group_8C vs Group_15C (Reference),4.66339491622799,0.673169773383597,-17.005759896517425,26.332549728973405,0.21644668031489545,0.0532064053804987,-7.193837263531837,0.16725249877086856,0.809778913916757,0.4450016335418019,-2.530442347303847,0.7952648309584989,0.9985735007953371,False
Muscle_Temp2_°C_,Threonine,Group_8C vs Group_22C Contrast,0.5320253222457463,0.674132679204132,-1.947907862152663,3.011958506644156,0.16035908322258108,-0.014566107772714387,-1.6681870548395006,0.4710192955190613,-0.9857645495371572,0.3610189064535563,-0.4537392272914109,0.49210090009231733,0.9985735007953371,False
Core_Temp_°C_,Linoleic_Acid,Group_8C vs Group_22C Contrast,4.050417307982741,0.6741372720235324,-14.830102271291658,22.93093688725714,0.25523672126076036,0.10007770485675216,8.459242799945457,0.12254594778028896,-1.9099551052248138,0.4020058656233503,2.140462202757927,0.8191054275893475,0.9985735007953371,False
Muscle_Temp3_°C_,Butanoic_acid,Group_8C vs Group_15C (Reference),-0.5131722721567402,0.6742674037912859,-2.9062314087481056,1.8798868644346252,0.07164636328920282,-0.1217606443588799,-0.026408018032854478,0.9556135050465209,0.4752983791324828,0.7808826400086966,-0.5395802901895947,0.6314969505310453,0.9985735007953371,False
Mean_Skin_Temp_°C_,Proline,Group_22C vs Group_15C (Reference),-1.1821855273646096,0.6749419018719591,-6.707168226801248,4.3427971720720295,0.07475782571041756,-0.11800096059991194,0.37887578220928253,0.6372473749397702,-0.803309745155327,0.7662352360123306,-0.03858846291513912,0.850120805051968,0.9985735007953371,False
Mean_Body_Temp_°C_,Leucine,Group_8C vs Group_15C (Reference),0.8550447405434549,0.6753723193218419,-3.146654702005256,4.856744183092166,0.22908849733981118,0.06848193428560523,0.3258154918422243,0.7590016863764426,-4.271810846083522,0.31416962001725013,1.1808602323856792,0.49828876015901913,0.9985735007953371,False
Mean_Skin_Temp_°C_,2-OH-Butanoic_Acid,Group_8C vs Group_15C (Reference),-0.2573644817110978,0.6763591471273673,-1.465752082447837,0.9510231190256413,0.07035324480831673,-0.12332316252328379,0.36955124150359014,0.5402840289157409,-0.5368941932784221,0.1289365203931203,0.11218675979249232,0.3743434850740073,0.9985735007953371,False
Muscle_Temp1_°C_,"2,3,4-Trihydroxybutyric_acid",Group_8C vs Group_15C (Reference),-1.1814321385625415,0.6767353960623097,-6.735382151146942,4.372517874021858,0.07240310438948439,-0.12084624886270623,0.15811694837361412,0.8540042760016798,-0.17842154090788676,0.9307447633726551,-1.0233151901889275,0.7047126296195485,0.9985735007953371,False
Mean_Body_Temp_°C_,Decanoic_acid,Group_22C vs Group_15C (Reference),-0.5102187399472888,0.6767731605190213,-2.909070295907042,1.8886328160124641,0.01916381429067815,-0.18517705773209725,0.6061246606439182,0.5241111330589199,0.0959059206966294,0.9008561991448256,-0.1923542650107537,0.8624830104944403,0.9985735007953371,False
Muscle_Temp3_°C_,Erythritol,Group_8C vs Group_22C Contrast,-1.218985674147285,0.6768459318788298,-6.951659119171046,4.513687770876476,0.131952735275233,-0.04889044487576011,-0.9098382864310793,0.4643080066331605,-1.3193940396776664,0.5956592554597444,-2.5383797138249515,0.09936753564354284,0.9985735007953371,False
Mean_Body_Temp_°C_,"2,3-Butanediol",Group_22C vs Group_15C (Reference),3.390527139436986,0.677276173196284,-12.576758195901121,19.35781247477509,0.08698074125254618,-0.10323160431984002,-1.9585168382492941,0.8046068254280621,1.432010301187692,0.45625418227847114,3.1882127392083186,0.12849825748588684,0.9985735007953371,False
Mean_Body_Temp_°C_,"Ethanolamine,_3TMS",Group_8C vs Group_22C Contrast,2.690081456406591,0.6773143297576425,-9.980358432871967,15.360521345685147,0.2471540142686779,0.09031110057465253,7.2433898577407865,0.3208837896867932,-2.3442665470211557,0.48741915654120804,0.34581490938543524,0.949983970381056,0.9985735007953371,False
Core_Temp_°C_,Diethanolamine,Group_22C vs Group_15C (Reference),-3.970750078029015,0.6776259403779673,-22.692027513612516,14.750527357554487,0.26193985961885624,0.10817733037278465,6.688818935885311,0.33496087664639873,2.718068857856296,0.6788958363994873,3.7835784771433807,0.376797947668452,0.9985735007953371,False
Mean_Skin_Temp_°C_,Linoleic_Acid,Group_8C vs Group_22C Contrast,-0.7570735131778807,0.6779296880986581,-4.33015356354434,2.8160065371885787,0.2368117898630011,0.07781424608445975,2.6637935119332945,0.3081739339305909,-0.008714883080283453,0.9929216664778757,-0.7657883962581642,0.6180168604220742,0.9985735007953371,False
Muscle_Temp2_°C_,3-OH-Butanoic_Acid,Group_8C vs Group_15C (Reference),-0.9117681587073271,0.6784451293641662,-5.222173051515596,3.398636734100942,0.19436902490824481,0.02652923843079591,0.9891402850617804,0.6505603486186406,-1.3896298255111534,0.012673064839754389,0.07737212635445334,0.7674242132853994,0.9985735007953371,False
Core_Temp_°C_,Arachidonic_acid1,Group_8C vs Group_15C (Reference),1.9229170195805045,0.6791336858750239,-7.188380836476885,11.034214875637893,0.04723416867319663,-0.15125871285322057,-2.474281651071782,0.42335568201829765,-0.013208026098449732,0.9928058981216892,-0.5513646314912777,0.8738478166752284,0.9985735007953371,False
Mean_Skin_Temp_°C_,L-Norvaline,Group_22C vs Group_15C (Reference),1.897349534592379,0.6791438654708942,-7.093104765820742,10.887803835005501,0.0986932473687595,-0.08907899276274889,-1.0853948279542105,0.7234484633831941,0.8119547066381685,0.8118297990777836,-0.7882598192791078,0.4535988538564635,0.9985735007953371,False
Muscle_Temp1_°C_,Palmitelaidic_acid,Group_8C vs Group_15C (Reference),0.6781527878438326,0.6801928443020455,-2.546386444665356,3.9026920203530215,0.06953476828497573,-0.12431215498898762,-0.20971334271986827,0.5150436954002198,-1.0042317234569897,0.6305955143005697,0.4684394451239643,0.7715479079467358,0.9985735007953371,False
Mean_Skin_Temp_°C_,Cysteine,Group_8C vs Group_22C Contrast,1.2073507397706513,0.6807423350752307,-4.544029485079035,6.958730964620337,0.11892364493358654,-0.0646339290385829,-0.19185038132183943,0.7967779513179776,-0.9563823488771632,0.7430347292322683,0.2509683908934882,0.4279627649966269,0.9985735007953371,False
Mean_Body_Temp_°C_,Aminomalonic_acid,Group_8C vs Group_22C Contrast,1.8332906231186161,0.6816538652961928,-6.926303294677139,10.59288454091437,0.3487287971041745,0.2130472965008775,5.798460315872275,0.29884770774961955,-0.7818498935577507,0.8582768206047457,1.0514407295608654,0.2406079623836288,0.9985735007953371,False
Core_Temp_°C_,Cysteine,Group_8C vs Group_15C (Reference),-1.646996635332479,0.6817455718575793,-9.518719068171976,6.224725797507017,0.09999889835247511,-0.08750133115742575,2.5032319411283837,0.1829004109639708,-0.2628955057910045,0.9377632959022277,0.8562353057959047,0.8093714089398878,0.9985735007953371,False
Core_Temp_°C_,D---Ribofuranose,Group_8C vs Group_22C Contrast,3.7491739812567584,0.6821718562608471,-14.195535992165569,21.693883954679087,0.2282293964925417,0.06744385409515463,9.029047782515963,0.1653765296052424,1.7324251952631915,0.8208213198698608,5.48159917651995,0.2759381654675843,0.9985735007953371,False
Core_Temp_°C_,"Ethanolamine,_2TMS",Group_8C vs Group_22C Contrast,-2.749062169623379,0.6826246672172065,-15.926784025387597,10.42865968614084,0.3771268244942717,0.24736157959724503,-14.975155343498644,4.135659382904199e-50,-0.6697671890077981,0.8590240030996508,-3.418829358631177,0.539082725073682,0.9985735007953371,False
Muscle_Temp1_°C_,4-Aminobutanoic_acid,Group_22C vs Group_15C (Reference),0.5574804778109489,0.6836592814742365,-2.1240144142245136,3.2389753698464117,0.06327222253459197,-0.13187939777070135,0.0378722164759518,0.8871003920771865,0.5953526942869007,0.6572801378706741,-0.17039770904381332,0.9562097562361043,0.9985735007953371,False
Muscle_Temp1_°C_,"11-Eicosenoic_acid,_E-",Group_22C vs Group_15C (Reference),0.24933139453265107,0.683733697119018,-0.9502571151429694,1.4489199042082714,0.22368752178845375,0.061955755494381703,-0.5744313028858168,0.04017163611378482,-0.3250999083531657,0.5503008669253877,-0.5514590859540475,0.07958803897434041,0.9985735007953371,False
Muscle_Temp2_°C_,1-Monopalmitin,Group_22C vs Group_15C (Reference),-0.5651817686425382,0.6840780953025747,-3.287530083382423,2.157166546097346,0.14042245965440048,-0.03865619458426606,0.4580464267940951,0.7160772038004097,-0.10713534184844314,0.8548969825219235,0.5860219546905033,0.32529648353233576,0.9985735007953371,False
Muscle_Temp2_°C_,L-+-Erythrulose,Group_22C vs Group_15C (Reference),0.8686521727470691,0.6852351100386056,-3.3316977773635337,5.069002122857672,0.186557561554608,0.017090386878484742,0.8471981957064358,0.5493399601395121,1.715850368453505,0.2864083583987631,1.7560803912173604,0.3909869711184659,0.9985735007953371,False
Muscle_Temp3_°C_,Ascorbic_Acid,Group_8C vs Group_22C Contrast,-0.7794914644827973,0.6852555993784346,-4.549035144439017,2.9900522154734226,0.17185911418374666,-0.0006702370279727532,1.1640570828943917,0.664423089981026,-0.9876515031874964,0.44383818623524673,-1.7671429676702937,0.2154547720547968,0.9985735007953371,False
Muscle_Temp3_°C_,Arginine_[-NH3],Group_8C vs Group_22C Contrast,-0.257220417199049,0.6856437421502007,-1.5027356612857168,0.9882948268876187,0.08471642083895958,-0.10596765815292386,-0.19442992659682898,0.42456006515212874,0.21925817584685645,0.7058850958098568,-0.03796224135219253,0.882764528044701,0.9985735007953371,False
Muscle_Temp1_°C_,Arachidonic_acid,Group_8C vs Group_15C (Reference),-0.14813262174660038,0.6857364573454566,-0.8656322413869175,0.5693669978937168,0.04305269417188329,-0.15631132787564095,0.004609039868530625,0.9850733068205075,0.008629489364809652,0.979759625074381,-0.14352358187806977,0.5960869182767377,0.9985735007953371,False
Muscle_Temp3_°C_,1-Monooleoylglycerol,Group_22C vs Group_15C (Reference),-0.876605046495627,0.6882430907814683,-5.15861164151433,3.4054015485230766,0.12102791864654616,-0.06209126496875661,-0.8095998966710926,0.43637938663929576,-1.6862049431667194,0.38012080681713645,0.21795831596726456,0.8249773273285443,0.9985735007953371,False
Muscle_Temp1_°C_,Aminomalonic_acid,Group_8C vs Group_22C Contrast,1.545367359188584,0.688887124566012,-6.020014531622094,9.11074924999926,0.34452626921421403,0.20796924196717537,-0.10470954742554875,0.902010072192163,-2.1552036313250995,0.1938300006066085,-0.6098362721365158,0.8611009658065418,0.9985735007953371,False
Muscle_Temp2_°C_,Glycerol,Group_8C vs Group_15C (Reference),-2.3516339577546197,0.6889326579964439,-13.8656793393975,9.16241142388826,0.05982523928266592,-0.13604450253344536,0.9140485914073919,0.8320436599299113,1.5273500217723455,0.4937070973855513,-1.4375853663472278,0.7187589580733849,0.9985735007953371,False
Mean_Body_Temp_°C_,Oxalic_acid,Group_8C vs Group_15C (Reference),-2.2036999389405403,0.6891901803324506,-13.002865149169228,8.595465271288148,0.3396419936822441,0.2020674090327117,1.888095155528532,0.7261168524353601,-0.9602831402361438,0.7678130062023276,-0.31560478341200837,0.7824697697422305,0.9985735007953371,False
Muscle_Temp2_°C_,Methionine,Group_22C vs Group_15C (Reference),-0.330210338074148,0.6904959459226976,-1.9555981691439452,1.295177492995649,0.1195182558178105,-0.06391544088681234,0.27734705382969815,0.4348929432647295,-0.05286328424444986,0.9437617707263879,-0.40984469370711385,0.4993431435301465,0.9985735007953371,False
Muscle_Temp3_°C_,Methionine,Group_22C vs Group_15C (Reference),0.37040135297419796,0.6923004533139369,-1.46409171545282,2.2048944214012156,0.13838820782738226,-0.041114248875246284,0.16384591095945708,0.6679030125786062,0.5342472639336551,0.5318420912159203,-0.5096834517273111,0.43400622214704154,0.9985735007953371,False
Muscle_Temp3_°C_,Tyrosine,Group_22C vs Group_15C (Reference),0.3909854911348736,0.6923278893727036,-1.5456369685346425,2.3276079508043894,0.13742137185338799,-0.042282509010489466,0.6092723185808526,0.2669989103164029,1.0002578097157262,0.22343692112163405,-0.3140357052130145,0.30574433962008607,0.9985735007953371,False
Muscle_Temp2_°C_,Leucine,Group_8C vs Group_15C (Reference),-0.6275162903777101,0.6924104048015884,-3.736597672886293,2.4815650921308725,0.03916514589434783,-0.16100878204432956,0.06542068231498728,0.9659690601418214,-0.32587204604393816,0.7964138322378445,-0.5620956080627227,0.16652979583787575,0.9985735007953371,False
Muscle_Temp2_°C_,beta-Alanine,Group_8C vs Group_22C Contrast,-0.6876729064157243,0.6942227047855861,-4.116145310005853,2.7407994971744043,0.17369704492821614,0.0015505959549279025,-0.28929463622852997,0.822491930418675,-1.5708029200542368,0.21920060315126078,-2.258475826469961,0.058523564404432404,0.9985735007953371,False
Core_Temp_°C_,L-+-Erythrulose,Group_8C vs Group_22C Contrast,4.264313653907667,0.6945552891335327,-17.020291539950502,25.548918847765837,0.2207762328377646,0.05843794801229896,-8.492432234615487,0.20188730877168903,-2.920517678252738,0.6169679807800641,1.3437959756549294,0.8833156759110148,0.9985735007953371,False
Core_Temp_°C_,Proline,Group_8C vs Group_15C (Reference),-2.0498815117645406,0.6946564436000484,-12.284901847443537,8.185138823914455,0.12236690078688983,-0.06047332821584139,2.9403658368457424,0.5302519403566065,-1.8722911786629113,0.5730388863711149,0.8904843250812018,0.6994725145416321,0.9985735007953371,False
Muscle_Temp2_°C_,Lactic_Acid1,Group_22C vs Group_15C (Reference),1.470647216209423,0.6950003548233998,-5.880985149858535,8.822279582277382,0.09110447874777472,-0.0982487548464388,-2.281330321236864,0.23394331313350458,-0.8106831050274408,0.8014782055457026,1.0554932293980985,0.5538380453622993,0.9985735007953371,False
Core_Temp_°C_,Indole-3-Latic_Acid,Group_8C vs Group_22C Contrast,-0.5412139834500942,0.6950340110205087,-3.2470577945473105,2.164629827647122,0.24889236522284708,0.09241160797760695,0.11994986807242441,0.932559156186949,-0.30197863444943485,0.7331317914509392,-0.843192617899529,0.42590375294325256,0.9985735007953371,False
Muscle_Temp1_°C_,Glycolic_acid,Group_8C vs Group_22C Contrast,-0.6537284724847441,0.6966291551610853,-3.940188439466038,2.632731494496549,0.11850701772034067,-0.06513735358792161,0.9834514987497529,0.5049365309280416,0.33554001460388716,0.812502386402945,-0.3181884578808569,0.7237583513627124,0.9985735007953371,False
Mean_Skin_Temp_°C_,Citric_acid,Group_22C vs Group_15C (Reference),-0.9190485901595313,0.6969833784735664,-5.54493858879417,3.706841408475108,0.23220732473812122,0.07225051739189658,-1.4992197698322016,0.3535373210502334,-2.4182683599917327,0.159784612976702,-0.0040079545732261135,0.9967492067653729,0.9985735007953371,False
Core_Temp_°C_,"1,5-Anhydrohexitol",Group_8C vs Group_22C Contrast,3.455552566247725,0.697161970754884,-13.948552097827886,20.859657230323336,0.32499462346065244,0.18436850334828847,-12.944649990832916,0.10629234579239509,1.8119137308139717,0.0077515096768465686,5.267466297061697,0.5518726077899927,0.9985735007953371,False
Mean_Body_Temp_°C_,1H-Indole-3-Acetic_Acid,Group_22C vs Group_15C (Reference),-0.7483945754302972,0.69770185255474,-4.5247425873856955,3.0279534365251015,0.01804422510036996,-0.18652989467038616,0.22336656815090056,0.8700163856094217,-0.5250280072793967,0.69942072880617,0.24954729389369562,0.6840284156371714,0.9985735007953371,False
Muscle_Temp1_°C_,Cysteine,Group_8C vs Group_22C Contrast,-0.6034945061976353,0.6981757871430441,-3.65377203364493,2.4467830212496593,0.12728588866279722,-0.05452955119911995,0.607667205048497,0.06058656757930113,-0.042512996848814044,0.9765913726719007,-0.6460075030464494,0.2555200242359179,0.9985735007953371,False
Muscle_Temp3_°C_,L-5-Oxoproline,Group_22C vs Group_15C (Reference),1.8061020379017076,0.6983828894939608,-7.329008953486879,10.941213029290294,0.26812990807658466,0.11565697225920646,-1.303947218152082,0.7514222105214785,0.5021548197496257,0.8183100593790238,-1.491179213927108,0.17688210582249653,0.9985735007953371,False
Mean_Body_Temp_°C_,Lysine,Group_8C vs Group_22C Contrast,-1.7979617220087478,0.6991951248689585,-10.917887676438422,7.3219642324209255,0.21498215844441393,0.05143677478700026,3.313844889360593,0.5029285092512705,1.0992633822258688,0.810123231460226,-0.698698339782879,0.40975211594550864,0.9985735007953371,False
Mean_Body_Temp_°C_,"11-Eicosenoic_acid,_E-",Group_8C vs Group_22C Contrast,-0.5395460890105278,0.6995236091196779,-3.2794683728732803,2.2003761948522245,0.13544681828072558,-0.04466842791078984,-1.3270126647334064,0.38557249254589465,-0.1362184159846056,0.8938091927500702,-0.6757645049951334,0.47938034021198206,0.9985735007953371,False
Muscle_Temp1_°C_,"2,3-Butanediol",Group_22C vs Group_15C (Reference),0.9563857153656782,0.6996132028600075,-3.9017644514080936,5.81453588213945,0.07638076753802459,-0.11603990589155355,-0.7676892828514762,0.6873989036383845,0.18869643251420198,0.9050814510951191,1.6777921279383543,0.32385135952342425,0.9985735007953371,False
Muscle_Temp1_°C_,3-OH-Butanoic_Acid,Group_8C vs Group_15C (Reference),0.38636706906851254,0.7013483214398076,-1.5882445231399531,2.3609786612769783,0.16665669721575982,-0.006956490864290066,-0.2189124533508882,0.8230035821290095,-1.3135860979565506,0.05033262812591022,0.16745461571762435,0.48385103314620936,0.9985735007953371,False
Muscle_Temp3_°C_,"11-Eicosenoic_acid,_E-",Group_8C vs Group_15C (Reference),-0.2232447446085021,0.701626921122741,-1.365303885462673,0.9188143962456686,0.21308199247222526,0.04914074090393894,-0.3663740174848533,0.45276687743652577,-1.2738319803485019,0.2520290852668101,-0.5896187620933554,0.06410113551919938,0.9985735007953371,False
Mean_Skin_Temp_°C_,Cholesterol,Group_22C vs Group_15C (Reference),1.0626721188278898,0.7026697254476544,-4.393693668803602,6.519037906459381,0.2702019155630314,0.11816064797199632,-2.109391805087888,0.3793419719715627,-1.0467196862599981,0.4583956864067975,0.029793077154391057,0.7396771768037242,0.9985735007953371,False
Muscle_Temp2_°C_,1-Monooleoylglycerol,Group_22C vs Group_15C (Reference),0.7431730687722768,0.7036338009275401,-3.0857347712376124,4.572080908782166,0.09317416716784377,-0.09574788133885548,-1.0160659911149352,0.4799151602197186,-0.2728929223426584,0.8364608012925034,0.5091343600971487,0.4524672465013957,0.9985735007953371,False
Muscle_Temp2_°C_,2-OH-Butanoic_Acid,Group_8C vs Group_22C Contrast,0.3400167003714083,0.7037022541874578,-1.412243040904722,2.0922764416475386,0.08455271190225222,-0.10616547311811186,-0.7486538143258985,0.6324248390510119,0.02057676052275892,0.9768475534456706,0.3605934608941672,0.5078578470204729,0.9985735007953371,False
Mean_Skin_Temp_°C_,"1,5-Anhydrohexitol",Group_8C vs Group_22C Contrast,-0.8804549609756847,0.7049631302754276,-5.438188697617035,3.677278775665665,0.13380778382835679,-0.04664892787406871,-1.1178074992479008,0.5203419801377906,-0.0695846012399528,0.9179345883420642,-0.9500395622156375,0.6694113790731895,0.9985735007953371,False
Muscle_Temp1_°C_,"D-Arabinose,_tetrakis",Group_22C vs Group_15C (Reference),-0.9220870316713895,0.7057227240867674,-5.708169930311066,3.8639958669682875,0.20320481442697602,0.0372058174325961,-1.539904094323765,0.15221293455507875,-2.4619911259951546,0.26143212433970975,3.1230929196883315,0.011138818470793455,0.9985735007953371,False
Mean_Skin_Temp_°C_,beta-D-Xylopyranose,Group_8C vs Group_22C Contrast,-1.0453667375138538,0.7063140108178398,-6.4828895423227415,4.3921560672950335,0.07109022780236252,-0.1224326414054786,0.31224636639194586,0.8657551170487559,1.178839112684109,0.5043783982542749,0.13347237517025518,0.9502625200397845,0.9985735007953371,False
Muscle_Temp1_°C_,Palmitelaidic_acid,Group_22C vs Group_15C (Reference),-0.7945183807371216,0.7069039473802158,-4.935888803970875,3.3468520424966317,0.06953476828497573,-0.12431215498898762,-0.20971334271986827,0.5150436954002198,-1.0042317234569897,0.6305955143005697,0.4684394451239643,0.7715479079467358,0.9985735007953371,False
Muscle_Temp3_°C_,Glutamic_Acid,Group_8C vs Group_15C (Reference),-0.14431054765222756,0.710287244767567,-0.9057265935115639,0.6171054982071087,0.05740977975011197,-0.13896318280194797,-0.11408595506563202,0.3780341823495922,0.25120583002053376,0.4363418473583285,-0.2583965027178596,0.48053943091011053,0.9985735007953371,False
Muscle_Temp2_°C_,Methionine,Group_8C vs Group_22C Contrast,-0.356981409462664,0.7112042049024292,-2.24679587117253,1.5328330522472025,0.1195182558178105,-0.06391544088681234,0.27734705382969815,0.4348929432647295,-0.05286328424444986,0.9437617707263879,-0.40984469370711385,0.4993431435301465,0.9985735007953371,False
Core_Temp_°C_,Threonine,Group_8C vs Group_22C Contrast,1.2229634518851586,0.7129219441404209,-5.291802696843482,7.737729600613799,0.09637732750784533,-0.09187739592802013,-3.1810618050886865,0.7022084491743397,-0.24845512165694972,0.9252017952557958,0.9745083302282089,0.6279838032635248,0.9985735007953371,False
Mean_Skin_Temp_°C_,"2,3,4-Trihydroxybutyric_acid",Group_8C vs Group_15C (Reference),-0.9908813369390506,0.7134331401127776,-6.279093571511365,4.297330897633263,0.15777424333001,-0.017689455976237944,-0.5764144768795709,0.8228755009106667,1.043585573074544,0.8204466002478576,-1.5672958138186215,0.051730891545406,0.9985735007953371,False
Muscle_Temp1_°C_,Glycine,Group_8C vs Group_22C Contrast,-0.6907297609158007,0.7136160043235535,-4.379600135718762,2.9981406138871605,0.12869051189132108,-0.05283229813132029,1.3542132054879554,0.21414376669393775,0.080109289128377,0.9622226157926985,-0.6106204717874237,0.45953639550709724,0.9985735007953371,False
Muscle_Temp2_°C_,L-+-Erythrulose,Group_8C vs Group_15C (Reference),0.9088821955109245,0.714940799622646,-3.9685467801473275,5.786311171169176,0.186557561554608,0.017090386878484742,0.8471981957064358,0.5493399601395121,1.715850368453505,0.2864083583987631,1.7560803912173604,0.3909869711184659,0.9985735007953371,False
Muscle_Temp3_°C_,Tryptophan,Group_22C vs Group_15C (Reference),0.15550688995951661,0.7152455385190475,-0.6799397394132858,0.9909535193323191,0.15213773759370408,-0.02450023374094079,0.20447009668508784,0.3507227747038887,0.3599769866446044,0.32485085222156673,-2.1124044865550284,0.2839582894116983,0.9985735007953371,False
Mean_Body_Temp_°C_,"11-Eicosenoic_acid,_E-",Group_8C vs Group_15C (Reference),0.651248159738273,0.7179912980520301,-2.8831330103853565,4.185629329861903,0.13544681828072558,-0.04466842791078984,-1.3270126647334064,0.38557249254589465,-0.1362184159846056,0.8938091927500702,-0.6757645049951334,0.47938034021198206,0.9985735007953371,False
Mean_Skin_Temp_°C_,Arachidonic_acid,Group_8C vs Group_22C Contrast,0.23229235121769604,0.7180706166969824,-1.0287723948424286,1.4933570972778205,0.09669576961419168,-0.09149261171618495,0.26513141562735953,0.4686686187244722,-0.27756171832728915,0.6598976900760329,-0.04526936710959312,0.7214772234172704,0.9985735007953371,False
Muscle_Temp1_°C_,"9-Hexadecenoic_acid,_Z-",Group_8C vs Group_22C Contrast,0.22192846085214346,0.7181640251610726,-0.9832900870878551,1.427147008792142,0.1456545674219757,-0.03233406436511266,0.2660022305844423,0.11027662675813495,-0.45721521452546665,0.282413014495831,-0.2352867536733232,0.5962125315218505,0.9985735007953371,False
Muscle_Temp1_°C_,"11-Eicosenoic_acid,_E-",Group_8C vs Group_22C Contrast,-0.2263591776008818,0.7187882172178404,-1.4584894958402335,1.00577114063847,0.22368752178845375,0.061955755494381703,-0.5744313028858168,0.04017163611378482,-0.3250999083531657,0.5503008669253877,-0.5514590859540475,0.07958803897434041,0.9985735007953371,False
Muscle_Temp3_°C_,Indole-3-Latic_Acid,Group_8C vs Group_22C Contrast,0.16254639962179224,0.7191077692308472,-0.7232859896754662,1.0483787889190506,0.2478018427177433,0.09109389328393991,0.15748545142154466,0.811470530686376,0.09997642358343917,0.8168330133284727,0.2625228232052314,0.05006587619401803,0.9985735007953371,False
Muscle_Temp1_°C_,Glutamine_[-H2O],Group_8C vs Group_15C (Reference),0.1349311534614849,0.7194231610991748,-0.6012554808245261,0.8711177877474958,0.08490662240590374,-0.10573783125953296,-0.0035190669647544204,0.98954672666711,0.1808913256080742,0.8434756996349948,0.13141208649673047,0.6167258832369091,0.9985735007953371,False
Mean_Body_Temp_°C_,Oleic_Acid,Group_22C vs Group_15C (Reference),-0.4988566332665912,0.7197404312532807,-3.2238439251240565,2.2261306585908742,0.18590710247023678,0.016304415484869494,-0.6232927349043452,0.47484787729619105,-1.1221493681709365,0.30000190464335064,1.1573360707469567,0.4607794318945828,0.9985735007953371,False
Core_Temp_°C_,Glycerol-3-P,Group_22C vs Group_15C (Reference),-1.3676807462225167,0.7200241853287028,-8.84649502809993,6.111133535654896,0.1106368573334856,-0.07464713072203821,0.03489193294782361,0.9782144697297264,-1.332788813274693,0.7108742931202718,2.0082640333707262,0.36285054445468967,0.9985735007953371,False
Mean_Skin_Temp_°C_,L-5-Oxoproline,Group_22C vs Group_15C (Reference),1.674018718304954,0.7203877495850548,-7.492351875209732,10.840389311819639,0.2438884605853846,0.08636522320733975,-1.0392792461142828,0.8049329301342527,0.6347394721906712,0.7557562401274025,0.10382490233898345,0.90755502993885,0.9985735007953371,False
Core_Temp_°C_,Diethanolamine,Group_8C vs Group_15C (Reference),-2.9052404587419303,0.7215512310526214,-18.882749850568388,13.072268933084528,0.26193985961885624,0.10817733037278465,6.688818935885311,0.33496087664639873,2.718068857856296,0.6788958363994873,3.7835784771433807,0.376797947668452,0.9985735007953371,False
Core_Temp_°C_,2-OH-Butanoic_Acid,Group_8C vs Group_22C Contrast,-0.6454510954110637,0.7223789027252701,-4.206247384018818,2.91534519319669,0.19484270897229683,0.027101606674858725,-3.0443011446479957,0.2850216269199122,-0.8087760057577884,0.5727697163346854,-1.4542271011688521,0.19228956668926278,0.9985735007953371,False
Muscle_Temp2_°C_,4-Aminobutanoic_acid,Group_8C vs Group_22C Contrast,-1.1989867754414265,0.7242179702234515,-7.8595103871029295,5.461536836220077,0.0956428210648469,-0.09276492454664331,0.0998279538942161,0.9280965721552351,1.2883288320575295,0.41803638935706244,0.08934205661610287,0.976264510379554,0.9985735007953371,False
Mean_Skin_Temp_°C_,"2-Ethyl-3-hydroxypropionic_acid,_di-",Group_22C vs Group_15C (Reference),-0.5673146197834996,0.724517880893337,-3.722338171241696,2.5877089316746966,0.18961970824278562,0.020790480793365984,0.4600352334299907,0.6362423843270281,-0.10727938635350892,0.9333427904281304,-0.47330050622260617,0.2236116404060171,0.9985735007953371,False
Mean_Skin_Temp_°C_,L-+-Erythrulose,Group_22C vs Group_15C (Reference),1.2284204170562334,0.7246574793053124,-5.606840958281607,8.063681792394075,0.19548168953589717,0.02787370818920909,-1.2745737784957025,0.663888184749664,-0.04615336143946913,0.9804827691614453,1.1967823175887562,0.10384332507284699,0.9985735007953371,False
Muscle_Temp1_°C_,Glyceraldehyde-3-PMOX,Group_8C vs Group_15C (Reference),-0.3740532394452787,0.7261479933838952,-2.4671931458557435,1.719086666965186,0.11457054749641227,-0.0698939217751684,0.38405099366217277,0.6647057709538066,-0.15856972984415285,0.7958497040413093,0.009997754216894084,0.9866192016507556,0.9985735007953371,False
Muscle_Temp1_°C_,Arachidonic_acid,Group_8C vs Group_22C Contrast,-0.1521530712428794,0.7263626997633901,-1.0042881362168685,0.6999819937311096,0.04305269417188329,-0.15631132787564095,0.004609039868530625,0.9850733068205075,0.008629489364809652,0.979759625074381,-0.14352358187806977,0.5960869182767377,0.9985735007953371,False
Muscle_Temp3_°C_,"2-Ethyl-3-hydroxypropionic_acid,_di-",Group_8C vs Group_22C Contrast,0.884544741965251,0.7264986174080184,-4.071923336676769,5.841012820607271,0.15720569927585726,-0.018376446708339156,-0.20144876653002725,0.7752893371366354,-0.5547418212348425,0.812611598089205,0.32980292073040846,0.730792169000233,0.9985735007953371,False
Mean_Skin_Temp_°C_,Ethyl_alpha-D-glucopyranoside,Group_22C vs Group_15C (Reference),0.6117455618809219,0.7266334691027421,-2.81781509103839,4.041306214800234,0.16282416374922404,-0.011587468803020862,0.6492296197132357,0.6018597937932632,1.2609751815941577,0.30534674951031815,-0.9025290964450605,0.0007889129657716598,0.9985735007953371,False
Core_Temp_°C_,Glycolic_acid,Group_8C vs Group_22C Contrast,-1.930858614380111,0.7275329818011668,-12.793040642295573,8.931323413535353,0.1748178193446971,0.002904865041508997,5.171154629116535,0.5576562888365562,4.412606703010377,0.2585205226082097,2.4817480886302663,0.5279420576597766,0.9985735007953371,False
Muscle_Temp1_°C_,2-OH-Butanoic_Acid,Group_8C vs Group_22C Contrast,0.3101365434739707,0.7280145591988871,-1.4377756874815095,2.0580487744294507,0.22884318027937034,0.06818550950423918,-0.7199329026374474,0.1539480997017202,0.10610880888086449,0.8794117580277936,0.4162453523548352,0.451871239070746,0.9985735007953371,False
Muscle_Temp1_°C_,Glutamic_Acid,Group_8C vs Group_15C (Reference),0.1960722392633869,0.7280723410543571,-0.909204146561444,1.3013486250882178,0.04553726430806504,-0.1533091389610881,-0.07059037516451176,0.054138571861275554,-0.031567417455192995,0.8943513462375181,0.12548186409887513,0.8235463955042472,0.9985735007953371,False
Muscle_Temp2_°C_,"2,3,4-Trihydroxybutyric_acid",Group_8C vs Group_15C (Reference),-1.1039426775775683,0.729737534584282,-7.366884508440904,5.158999153285768,0.09188193575753245,-0.09730932762631483,0.24816770706206384,0.8609894573080299,1.684220033052378,0.5005111264218494,-0.8557749705155044,0.7650887780450129,0.9985735007953371,False
Muscle_Temp2_°C_,Cholesterol,Group_22C vs Group_15C (Reference),0.5065581252629877,0.7297704282431614,-2.36763638704774,3.3807526375737154,0.12710689569008193,-0.054745834374484215,-0.7211557581700414,0.5998207473334479,-0.2145976329070537,0.6745436490414589,-0.6820804950942225,0.35635522345262016,0.9985735007953371,False
Mean_Body_Temp_°C_,Nonanoic_acid,Group_8C vs Group_15C (Reference),-1.2449593276157194,0.7310479933665894,-8.343736455911692,5.853817800680253,0.2594643171485361,0.10518604988781455,2.7620065957291784,0.3969304533077763,1.4988197296390973,0.6395884918074626,1.517047268113459,0.3360995717483275,0.9985735007953371,False
Muscle_Temp3_°C_,Diethanolamine,Group_8C vs Group_15C (Reference),-0.8148974921624266,0.7310899274634605,-5.46220926593748,3.8324142816126265,0.19875133114508614,0.031824525133645865,0.6510955983993384,0.7111463127660751,1.2444827804319396,0.7479925567465553,-0.16380189376308818,0.9179924071645986,0.9985735007953371,False
Mean_Skin_Temp_°C_,Methionine,Group_8C vs Group_15C (Reference),0.2315551593404024,0.7312082178893162,-1.0895946704906414,1.5527049891714462,0.5607276946727134,0.46921263106286215,0.08789807862978495,0.8112072281444558,-2.0793674039893606,0.05732997206713053,0.3194532379701874,0.5716404076427593,0.9985735007953371,False
Mean_Body_Temp_°C_,DL-Ornithine,Group_22C vs Group_15C (Reference),0.37258343114915715,0.7316338011552435,-1.7567172504559745,2.501884112754289,0.10587835462218864,-0.08039698816485541,1.0488167029056112,0.20725180184011172,1.4214001340547684,0.04201519332371362,0.13873729968316006,0.844280164032787,0.9985735007953371,False
Muscle_Temp2_°C_,Cysteine,Group_8C vs Group_22C Contrast,-0.549889537401188,0.731818569951,-3.6947979581996737,2.595018883397298,0.10565342644858255,-0.08066877637462944,0.7820972344139776,0.47038612027170434,-0.11467190392243698,0.9380905721526782,-0.6645614413236249,0.29021622433420147,0.9985735007953371,False
Muscle_Temp2_°C_,L-5-Oxoproline,Group_22C vs Group_15C (Reference),-1.6593208395203365,0.7319152198964718,-11.152632752219388,7.833991073178714,0.2637130310770671,0.11031991255145612,1.2236523613098504,0.7877132874776762,-0.43566847821048604,0.7949914607036541,-1.4138648237015405,0.2098316926604702,0.9985735007953371,False
Mean_Body_Temp_°C_,"1,5-Anhydrohexitol",Group_8C vs Group_22C Contrast,-3.340221261220604,0.7334716962072032,-22.566714806830902,15.886272284389692,0.21644668031489545,0.0532064053804987,-7.193837263531837,0.16725249877086856,0.809778913916757,0.4450016335418019,-2.530442347303847,0.7952648309584989,0.9985735007953371,False
Muscle_Temp3_°C_,Glyceraldehyde-3-PMOX,Group_8C vs Group_22C Contrast,0.41784145013341045,0.7335203763601734,-1.987733193072221,2.823416093339042,0.10316289981308158,-0.0836781627258596,0.2544591987115582,0.8812498217613588,0.038390565991369696,0.9689294891467046,0.45623201612478015,0.5327611991851318,0.9985735007953371,False
Mean_Skin_Temp_°C_,beta-D-Xylopyranose,Group_22C vs Group_15C (Reference),0.8665927462921631,0.7345043237745329,-4.141636754917541,5.874822247501867,0.07109022780236252,-0.1224326414054786,0.31224636639194586,0.8657551170487559,1.178839112684109,0.5043783982542749,0.13347237517025518,0.9502625200397845,0.9985735007953371,False
Muscle_Temp3_°C_,Lactic_Acid,Group_8C vs Group_22C Contrast,1.1182839426012836,0.7349606103667934,-5.3562055172379175,7.592773402440486,0.2478894180261092,0.09119971344821531,-0.5471801074924713,0.7630976792475492,1.9944933560340803,0.4183530022536601,3.112777298635364,0.1570121440521388,0.9985735007953371,False
Muscle_Temp3_°C_,1-Ethyl-1-tetradecyloxy-1-silacyclohexane,Group_8C vs Group_15C (Reference),0.8437661385204256,0.734969802537982,-4.041443473021983,5.728975750062834,0.1347035253610469,-0.04556657352206828,-1.4307305878877554,0.5273165945624989,0.17361814618542937,0.8472247551537357,-0.5869644493673298,0.5738752153067217,0.9985735007953371,False
Muscle_Temp3_°C_,"R*,R*-2,3-Dihydroxybutanoic_acid",Group_22C vs Group_15C (Reference),-0.6228881228898184,0.7352688215816939,-4.23349802299598,2.9877217772163434,0.2059763713424133,0.040554782038749515,1.8592616925156016,0.18537843286691458,1.2363735696257832,0.2999526208458958,-0.0897695683195181,0.9497585101066559,0.9985735007953371,False
Muscle_Temp3_°C_,Diethanolamine,Group_8C vs Group_22C Contrast,-1.408284674195028,0.7366335265589273,-9.61559031136419,6.799020962974136,0.19875133114508614,0.031824525133645865,0.6510955983993384,0.7111463127660751,1.2444827804319396,0.7479925567465553,-0.16380189376308818,0.9179924071645986,0.9985735007953371,False
Core_Temp_°C_,Threonine,Group_22C vs Group_15C (Reference),2.932606683431737,0.7369496141437855,-14.17926947884574,20.04448284570921,0.09637732750784533,-0.09187739592802013,-3.1810618050886865,0.7022084491743397,-0.24845512165694972,0.9252017952557958,0.9745083302282089,0.6279838032635248,0.9985735007953371,False
Core_Temp_°C_,Alanine,Group_8C vs Group_15C (Reference),-1.2600946793895844,0.7376199944213947,-8.63230490815662,6.11211554937745,0.058088052169668836,-0.1381436036283168,2.597320744181851,0.15173684678759605,0.6937868860955769,0.7865351905011619,1.3372260647922667,0.6849719982617213,0.9985735007953371,False
Core_Temp_°C_,Erythritol,Group_8C vs Group_22C Contrast,2.0421683657645815,0.7378788377462842,-9.918049606107616,14.002386337636779,0.07378725570941547,-0.11917373268445619,-4.82860496400481,0.22540394371836603,-2.955853198138143,0.040111431633246486,-0.9136848323735616,0.8775437928801633,0.9985735007953371,False
Mean_Skin_Temp_°C_,Asparagine,Group_8C vs Group_15C (Reference),-0.4598863412616343,0.7385782506406761,-3.160700056574284,2.240927374051015,0.36538586769585235,0.2331745901324883,-0.9068923703456578,0.4919318330983623,-2.8212165548278474,0.01787747660821304,-1.3667787116072923,0.0005726507153627214,0.9985735007953371,False
Muscle_Temp2_°C_,D---Ribofuranose,Group_22C vs Group_15C (Reference),-1.2707054244982419,0.7386713639166205,-8.736045386043626,6.194634537047142,0.1148899678977855,-0.06950795545684252,1.0911015978773084,0.6987731057789006,-0.17960382662093344,0.9440867751374635,-1.0055177986755617,0.4589484451630561,0.9985735007953371,False
Muscle_Temp2_°C_,2-Keto-3-methylvaleric_acid,Group_8C vs Group_22C Contrast,-0.6512931152726584,0.7410585734973845,-4.514290185365958,3.2117039548206416,0.13005375978662914,-0.05118504025782311,1.4488841591128245,0.3910195795387108,-0.41978249902775233,0.7732356895004917,-1.0710756143004108,0.41974239763845156,0.9985735007953371,False
Mean_Body_Temp_°C_,Lysine,Group_22C vs Group_15C (Reference),-2.2145815071347243,0.7424128654778672,-15.421248073952464,10.992085059683015,0.21498215844441393,0.05143677478700026,3.313844889360593,0.5029285092512705,1.0992633822258688,0.810123231460226,-0.698698339782879,0.40975211594550864,0.9985735007953371,False
Core_Temp_°C_,Ascorbic_Acid,Group_8C vs Group_15C (Reference),-2.2820929462895925,0.7425735231417843,-15.900170124255249,11.335984231676063,0.08459049227778792,-0.10611982183100621,0.34888635090369335,0.9539063194821842,-1.188890358910351,0.6887315245325647,-1.933206595385899,0.5743078361135849,0.9985735007953371,False
Mean_Body_Temp_°C_,alpha-D-Glucopyranoside,Group_8C vs Group_15C (Reference),-1.5387010414226094,0.7442258665014938,-10.782178153895954,7.704776071050736,0.199881766138985,0.033190467417940295,3.3581682303644507,0.40279531490085285,4.352601635080038,0.17081054708816312,1.8194671889418412,0.46244507010478975,0.9985735007953371,False
Muscle_Temp3_°C_,Methyl_galactoside,Group_8C vs Group_15C (Reference),-0.773122382543304,0.7448477282647186,-5.429248930985208,3.8830041658986,0.06935579925126656,-0.12452840923805275,0.3029259740703999,0.8840203461469138,-1.9077245757555432,0.3737354640577957,-0.4701964084729041,0.6836222280902111,0.9985735007953371,False
Mean_Skin_Temp_°C_,Doconexent,Group_8C vs Group_22C Contrast,-0.26064390356278677,0.7474147633969481,-1.8469253525351637,1.3256375454095901,0.1122913346857547,-0.07264797058804628,0.8814393205276168,0.008554794562044919,0.26718750413427705,0.6872453771855067,0.006543600571490282,0.9887289642126023,0.9985735007953371,False
Mean_Skin_Temp_°C_,Tyrosine,Group_8C vs Group_15C (Reference),-0.0889922086131117,0.7496432484350918,-0.6355800001137863,0.4575955828875629,0.03424734697758658,-0.16695112240208276,-0.012929399921327292,0.9576624246785588,0.1913988779053406,0.9003438230934455,-0.10192160853443899,0.45310532604734766,0.9985735007953371,False
Muscle_Temp1_°C_,1H-Indole-3-Acetic_Acid,Group_22C vs Group_15C (Reference),-0.1519287550777943,0.7498782745711352,-1.0859783371730654,0.7821208270174769,0.35500019311145525,0.22062523334300843,0.41382652525793284,0.22652996311109586,0.26189777018013854,0.4297725054193666,1.2392411698197643,0.1783140812059396,0.9985735007953371,False
Muscle_Temp1_°C_,Glycolic_acid,Group_22C vs Group_15C (Reference),-0.6479114841458657,0.7512222742564089,-4.6534969237162365,3.3576739554245054,0.11850701772034067,-0.06513735358792161,0.9834514987497529,0.5049365309280416,0.33554001460388716,0.812502386402945,-0.3181884578808569,0.7237583513627124,0.9985735007953371,False
Core_Temp_°C_,Ethyl_alpha-D-glucopyranoside,Group_22C vs Group_15C (Reference),-1.5062116110300274,0.753797712675084,-10.91878851955622,7.906365297496166,0.11222257992543705,-0.07273104925676344,2.381053992641852,0.5589384718619903,0.8748423816118245,0.7307737017054925,4.8343412517205095,0.02730611249547721,0.9985735007953371,False
Core_Temp_°C_,L-5-Oxoproline,Group_22C vs Group_15C (Reference),2.66493491996121,0.7547688798935603,-14.056857311257646,19.386727151180068,0.29053586538301324,0.14273083733780767,0.8693365481639074,0.9169199330268786,3.5342714681251173,0.05302512348582722,5.662255187848692,0.04498835144773139,0.9985735007953371,False
Muscle_Temp1_°C_,L-Proline,Group_22C vs Group_15C (Reference),0.4309932263768823,0.7551472336083316,-2.2776975607420757,3.13968401349584,0.08527323041942725,-0.10529484657652532,0.013488794298410916,0.975248521093837,0.44448202067529324,0.7347442080487241,-0.380436805784973,0.750085003169606,0.9985735007953371,False
Core_Temp_°C_,1-Heptadecanol,Group_22C vs Group_15C (Reference),1.2300612572226965,0.7555219720703269,-6.512824678924675,8.972947193370068,0.031805872090523546,-0.16990123789061728,-1.3619857416663739,0.6806955730717734,-0.13192448444367733,0.9512305126181337,0.6484978475787466,0.7717508849239523,0.9985735007953371,False
Muscle_Temp1_°C_,Citric_acid,Group_8C vs Group_22C Contrast,-0.7602329744458454,0.7561342560128252,-5.558182010678931,4.037716061787241,0.14362379514159618,-0.03478791420390448,0.8684340281589984,0.6187754424394076,0.5841139314864041,0.7703398229641798,-0.17611904295944125,0.9006171761828716,0.9985735007953371,False
Muscle_Temp3_°C_,"Ethanolamine,_3TMS",Group_22C vs Group_15C (Reference),-0.938247270254381,0.7565736075920739,-6.8706006617325714,4.994106121223809,0.1617065797713787,-0.012937882776250742,0.8253436819071277,0.629702008430967,-0.11290358834725334,0.9639238405723294,-1.9210052650348532,0.2635087705788335,0.9985735007953371,False
Muscle_Temp1_°C_,L-Proline,Group_8C vs Group_15C (Reference),-0.39392560008338395,0.7566164872713836,-2.8850930208808965,2.097241820714128,0.08527323041942725,-0.10529484657652532,0.013488794298410916,0.975248521093837,0.44448202067529324,0.7347442080487241,-0.380436805784973,0.750085003169606,0.9985735007953371,False
Mean_Skin_Temp_°C_,Glycine,Group_8C vs Group_15C (Reference),-0.6275623874284375,0.7566433604543824,-4.596690685692199,3.3415659108353233,0.0363917337980314,-0.16435998832737875,0.8553602868039417,0.6666967930856531,-0.2944993016910854,0.9256907483716412,0.2277978993755042,0.5649521993831839,0.9985735007953371,False
Mean_Body_Temp_°C_,1-Ethyl-1-tetradecyloxy-1-silacyclohexane,Group_8C vs Group_15C (Reference),-1.6647384602649935,0.7567592631006589,-12.198849244900764,8.869372324370776,0.16981110175290803,-0.0031449187152361446,-1.1039209029503114,0.8086409925411981,1.5229964972900047,0.44705274287698993,-2.768659363215305,0.3309159523856442,0.9985735007953371,False
Mean_Body_Temp_°C_,D---Ribofuranose,Group_22C vs Group_15C (Reference),2.2416095987714284,0.7575293717141189,-11.989336282116462,16.47255547965932,0.19273641386502027,0.02455650008689958,2.3293767778097516,0.7111435947186946,4.57098637658118,0.20754291738875352,-2.3435351223769905,0.053592128826192686,0.9985735007953371,False
Muscle_Temp1_°C_,2-Aminoadipic_acid,Group_8C vs Group_22C Contrast,-0.4046843640331097,0.757553946039361,-2.97415487427232,2.164786146206101,0.049627863117351345,-0.14836633206653382,0.12677275713691696,0.8135171461904325,0.7321365788124102,0.4439767154798979,0.32745221477930053,0.7149448532700298,0.9985735007953371,False
Muscle_Temp2_°C_,Glutamic_Acid,Group_8C vs Group_15C (Reference),0.2299320320744574,0.7577180283918048,-1.2309738709457372,1.6908379350946519,0.04978107912449581,-0.14818119605790092,-0.035753284765345755,0.8758731575303424,-0.14473258422655022,0.5993640924583763,0.19417874730911164,0.7842859896363008,0.9985735007953371,False
Muscle_Temp2_°C_,Dodecanoic_acid,Group_22C vs Group_15C (Reference),-0.4732779630554552,0.7577890472478269,-3.481227084048911,2.5346711579380004,0.09810176638995827,-0.08979369894546707,-0.6504067187215662,0.5411902156159232,-1.1236846817770214,0.30942812277695686,1.3563260469931975,0.5143897188350319,0.9985735007953371,False
Mean_Skin_Temp_°C_,Glycine,Group_22C vs Group_15C (Reference),-1.1498595884950271,0.7578884514203055,-8.46096497562374,6.161245798633686,0.0363917337980314,-0.16435998832737875,0.8553602868039417,0.6666967930856531,-0.2944993016910854,0.9256907483716412,0.2277978993755042,0.5649521993831839,0.9985735007953371,False
Mean_Skin_Temp_°C_,"Ethanolamine,_2TMS",Group_22C vs Group_15C (Reference),0.6804738744232002,0.7583915374618198,-3.6554550358925044,5.016402784738904,0.13519319431547128,-0.04497489020213874,-2.5927520409135285,0.17471576758861995,-1.9122781664903283,0.08650675232472005,0.2631000479447003,0.41797925115369594,0.9985735007953371,False
Mean_Skin_Temp_°C_,"2,3,4-Trihydroxybutyric_acid",Group_22C vs Group_15C (Reference),1.620000049954115,0.7585320389087562,-8.708719063072762,11.948719162980991,0.15777424333001,-0.017689455976237944,-0.5764144768795709,0.8228755009106667,1.043585573074544,0.8204466002478576,-1.5672958138186215,0.051730891545406,0.9985735007953371,False
Muscle_Temp3_°C_,1-Heptadecanol,Group_8C vs Group_15C (Reference),0.42316636541845265,0.7588357246020235,-2.278344033908098,3.124676764745003,0.06358914763476897,-0.13149644660798732,-0.7475073232969878,0.4896352593678903,-0.5955377886533502,0.5157791888817029,-0.3243409578785351,0.7040834266885616,0.9985735007953371,False
Muscle_Temp1_°C_,Glycerol,Group_8C vs Group_22C Contrast,-1.314679877233056,0.7596959082424566,-9.738804979453171,7.109445224987059,0.043096265303993686,-0.1562586794243408,-0.7177511881880679,0.48862046235772283,0.16326421780793987,0.9241412950458987,-1.1514156594251161,0.7701730649829326,0.9985735007953371,False
Muscle_Temp2_°C_,2-Aminoadipic_acid,Group_8C vs Group_22C Contrast,-0.5287562087019411,0.7600752393258705,-3.9224146871068237,2.8649022697029416,0.07395862714942025,-0.11896665886111712,-0.7009985042663441,0.5624556391222839,1.1117678566875586,0.4280710906517533,0.5830116479856174,0.5656408641050414,0.9985735007953371,False
Mean_Body_Temp_°C_,L-5-Oxoproline,Group_8C vs Group_22C Contrast,-1.1409041641261495,0.7604142889275833,-8.47413576138309,6.192327433130792,0.2611324670038334,0.10720173096296548,0.7119283694778196,0.9295505107079247,2.631713229644544,0.40795595672777685,1.4908090655183948,0.4493706621820355,0.9985735007953371,False
Muscle_Temp2_°C_,Glutamic_Acid,Group_22C vs Group_15C (Reference),-0.10897929946120447,0.7609370195595594,-0.811017489838339,0.5930588909159301,0.04978107912449581,-0.14818119605790092,-0.035753284765345755,0.8758731575303424,-0.14473258422655022,0.5993640924583763,0.19417874730911164,0.7842859896363008,0.9985735007953371,False
Muscle_Temp1_°C_,Doconexent,Group_22C vs Group_15C (Reference),-0.21550915669398096,0.7620592110775437,-1.6105592581025667,1.179540944714605,0.03739104468240595,-0.163152487675426,0.07533190110975686,0.7384097383346281,-0.14017725558422411,0.8355068708323503,-0.07408511839718847,0.9348624423201313,0.9985735007953371,False
Core_Temp_°C_,3-OH-Butanoic_Acid,Group_22C vs Group_15C (Reference),-1.853576050171209,0.7624570196915323,-13.873003003043626,10.165850902701207,0.09373530884891679,-0.09506983514089207,-0.34275781116179077,0.9549178747194601,-2.1963338613329997,0.01698153234547428,-0.36661553599105573,0.7324076370699037,0.9985735007953371,False
Muscle_Temp2_°C_,Decanoic_acid,Group_22C vs Group_15C (Reference),-0.2610365866362051,0.7624944685330611,-1.9539912602335314,1.4319180869611214,0.18507037916077562,0.015293374819270622,0.1251608194570734,0.875401268173395,-0.1358757671791317,0.6806008210263306,1.1209319504340687,0.20689783514833948,0.9985735007953371,False
Muscle_Temp1_°C_,Ascorbic_Acid,Group_22C vs Group_15C (Reference),-0.6312146969156727,0.7635069943561273,-4.7430314498502035,3.480602056018858,0.12780455017912928,-0.05390283520021866,0.6407117311009071,0.7462691437325619,0.009497034185234399,0.9890642147882682,-1.1917106566470443,0.487715743546542,0.9985735007953371,False
Muscle_Temp1_°C_,Campesterol,Group_8C vs Group_22C Contrast,0.4000656777519328,0.7640507683803397,-2.2122538966108936,3.0123852521147594,0.2179508921192682,0.05502399464411578,0.4723611294622133,0.014780423420731692,-0.6467637649174295,0.358523290574408,-0.24669808716549668,0.8274032843500283,0.9985735007953371,False
Muscle_Temp1_°C_,Arachidonic_acid1,Group_8C vs Group_22C Contrast,0.3776765246976985,0.7640650693464175,-2.088602050074816,2.8439550994702127,0.059102734158996806,-0.13691752955787884,-0.5183202931534737,0.4671744178174394,-0.01565274040114073,0.981592075086714,0.3620237842965578,0.7326463760871385,0.9985735007953371,False
Mean_Body_Temp_°C_,Arachidonic_acid,Group_8C vs Group_22C Contrast,0.3679227164094906,0.7646147337085472,-2.040443957957464,2.7762893907764448,0.076354772351794,-0.11607131674158211,0.4288333540407867,0.4924640564990985,-0.45526728738247146,0.683979881815798,-0.08734457097298087,0.8636870682680982,0.9985735007953371,False
Muscle_Temp3_°C_,L-Aspartic_acid,Group_8C vs Group_15C (Reference),-1.0207863808043538,0.7655933099645102,-7.731318796154323,5.689746034545616,0.08722932841639941,-0.1029312281635173,1.2484019359992231,0.5510935010868331,-0.6405682111173248,0.6805745546696151,0.2276155551948693,0.933030125662732,0.9985735007953371,False
Core_Temp_°C_,Tryptophan,Group_22C vs Group_15C (Reference),0.5201137230400228,0.7660410287017488,-2.905794448796283,3.9460218948763286,0.019742826187108653,-0.18447741835724374,-0.5151768524811305,0.4699757357043336,0.004936870558892248,0.9975317721930399,-1.8438110993801646,0.8067891925648172,0.9985735007953371,False
Mean_Skin_Temp_°C_,Nonanoic_acid,Group_22C vs Group_15C (Reference),-0.7278941947442218,0.7666455882123682,-5.535214010748724,4.079425621260281,0.21108353043196448,0.046725932605290454,0.8769686377171539,0.5416180506576169,0.14907444297293215,0.9402213774834371,0.49836826248009586,0.2518219720038246,0.9985735007953371,False
Muscle_Temp1_°C_,Arginine_[-NH3],Group_8C vs Group_22C Contrast,0.15054093924573017,0.7667994028459986,-0.8443884729186385,1.1454703514100988,0.08714228402162416,-0.10303640680720405,-0.006921619369952124,0.9361792726283813,-0.2157768659771419,0.601576205439303,-0.06523592673141175,0.8248530708981132,0.9985735007953371,False
Core_Temp_°C_,Glutamine_[-H2O],Group_8C vs Group_22C Contrast,0.9455715047818696,0.7669716694136566,-5.308495468082971,7.199638477646711,0.14453864055676147,-0.033682475993913163,-0.49046344632815886,0.6710485306360525,-1.7872439047813216,0.4838718056445881,-0.8416723999994521,0.660161926672612,0.9985735007953371,False
Mean_Body_Temp_°C_,Indole-3-Propionic_Acid,Group_22C vs Group_15C (Reference),-0.43672479623092514,0.769013040513172,-3.351480002461831,2.478030409999981,0.0213067534080551,-0.18258767296526668,-0.03483461514487973,0.9736120474199113,-0.47155941137580487,0.6533719233459174,0.017537392478114533,0.9499237323646725,0.9985735007953371,False
Mean_Body_Temp_°C_,Cysteine,Group_22C vs Group_15C (Reference),-1.481179415898815,0.7690141208130028,-11.366801283918297,8.404442452120668,0.09960363248704984,-0.08797894407814799,0.3016918041436096,0.8599665484810097,-1.1794876117552053,0.8036904971771457,0.8903092966117689,0.44014751955455544,0.9985735007953371,False
Mean_Body_Temp_°C_,L-Alanine,Group_22C vs Group_15C (Reference),-1.9911764607292128,0.7691834100936061,-15.290629868103409,11.308276946644984,0.14180859156045866,-0.0369812851977791,5.8964963948205895,0.28533862578962854,3.9053199340913767,0.3225391431727256,0.6832422439928445,0.784210154596167,0.9985735007953371,False
Muscle_Temp1_°C_,Leucine,Group_8C vs Group_22C Contrast,-0.404532499029532,0.7699725361940515,-3.1160727126678935,2.3070077146088295,0.04664818284319583,-0.15196677906447165,-0.23223656339760823,0.5623758934030602,-0.21546490499343096,0.8672107479211846,-0.619997404022963,0.21798322440438667,0.9985735007953371,False
Muscle_Temp2_°C_,Valine,Group_8C vs Group_22C Contrast,0.23616296212892943,0.7703692631425221,-1.3496274535401287,1.8219533777979875,0.16742244985238974,-0.006031206428362301,-0.5282479228571829,0.6260546085785559,-0.5351433249103714,0.47962018755765,-0.29898036278144197,0.29507383101624374,0.9985735007953371,False
Muscle_Temp3_°C_,4-Aminobutanoic_acid,Group_22C vs Group_15C (Reference),0.6494249615853402,0.7704596763606967,-3.7130301087324478,5.011880031903128,0.10765640035580215,-0.07824851623673901,0.4908713323858183,0.5858449099657871,1.1402962939711585,0.5753043643099722,-1.181466649863318,0.6146351469019209,0.9985735007953371,False
Mean_Skin_Temp_°C_,L-Proline,Group_22C vs Group_15C (Reference),0.7529855815703557,0.7706790365783681,-4.310106854055636,5.816078017196347,0.176764957704042,0.005257657225717471,-0.5737962738682486,0.5381647297948289,0.17918930770210706,0.9407111127703758,0.8772487831367882,0.16743491259322996,0.9985735007953371,False
Core_Temp_°C_,Cholesterol,Group_8C vs Group_15C (Reference),0.622529853369292,0.7721173246770028,-3.590553286218247,4.835612992956831,0.10142598325647123,-0.08577693689843047,-0.07130805720431989,0.9710102955853792,-1.145149422364766,0.4533927819490988,0.5512217961649721,0.530022558599565,0.9985735007953371,False
Core_Temp_°C_,L-Aspartic_acid,Group_8C vs Group_15C (Reference),-1.6902725291705258,0.7724674860326091,-13.147601460758867,9.767056402417815,0.21662023398964125,0.05341611607081653,4.600453976284294,0.27737919961689494,-5.133881043997848,0.08136766502706205,2.9101814471137684,0.47012796921374145,0.9985735007953371,False
Core_Temp_°C_,Arginine_[-NH3],Group_22C vs Group_15C (Reference),0.4261661701348184,0.773394061110172,-2.4747007696992465,3.3270331099688835,0.0895457764914297,-0.1001321867395224,-0.5838053430978032,0.2973651029566452,-0.1576391729629848,0.9083895296087907,-0.5068440899458572,0.6003839186796611,0.9985735007953371,False
Muscle_Temp2_°C_,"2,3-Butanediol",Group_22C vs Group_15C (Reference),-1.0270497705378856,0.7740723007823945,-8.039642242168743,5.985542701092971,0.07561983255283122,-0.1169593689986621,1.1393458500261606,0.7343555476969956,0.11229607948827502,0.927622389205655,1.9590168477197976,0.24759379618714217,0.9985735007953371,False
Mean_Body_Temp_°C_,Diethanolamine,Group_22C vs Group_15C (Reference),-2.399540282140333,0.7742211440269491,-18.79446227047151,13.995381706190845,0.3061467524717584,0.16159399257004148,4.771562693958001,0.42823454613103273,2.372022411817668,0.6828050742801013,-3.9886306815626655,0.3730564429565093,0.9985735007953371,False
Core_Temp_°C_,1-Ethyl-1-tetradecyloxy-1-silacyclohexane,Group_22C vs Group_15C (Reference),-2.8517707849840144,0.7745939576503971,-22.369694623788256,16.666153053820224,0.119990310150622,-0.06334504190133172,2.1495294216700263,0.8142042390396311,-0.7022413633139881,0.8584581668285178,2.1017793598980714,0.6116095516826041,0.9985735007953371,False
Mean_Body_Temp_°C_,Cysteine,Group_8C vs Group_15C (Reference),0.5886174924681593,0.7753642619519499,-3.4541618552705393,4.6313968402068575,0.09960363248704984,-0.08797894407814799,0.3016918041436096,0.8599665484810097,-1.1794876117552053,0.8036904971771457,0.8903092966117689,0.44014751955455544,0.9985735007953371,False
Muscle_Temp2_°C_,D---Ribofuranose,Group_8C vs Group_22C Contrast,-0.8259139720546282,0.7756880244308493,-6.507025502755143,4.855197558645887,0.1148899678977855,-0.06950795545684252,1.0911015978773084,0.6987731057789006,-0.17960382662093344,0.9440867751374635,-1.0055177986755617,0.4589484451630561,0.9985735007953371,False
Mean_Body_Temp_°C_,Methionine,Group_8C vs Group_15C (Reference),0.7211711061578819,0.7769600254584034,-4.268433496241256,5.710775708557019,0.42531392900223863,0.30558766421103845,0.3029685702118819,0.695275413731302,-3.256865430763895,0.1999469999540402,1.0241396763697639,0.6728409912461015,0.9985735007953371,False
Muscle_Temp3_°C_,Butanoic_acid,Group_22C vs Group_15C (Reference),0.5017063971653373,0.77723855918985,-2.973934300011422,3.9773470943420968,0.07164636328920282,-0.1217606443588799,-0.026408018032854478,0.9556135050465209,0.4752983791324828,0.7808826400086966,-0.5395802901895947,0.6314969505310453,0.9985735007953371,False
Muscle_Temp3_°C_,Proline,Group_22C vs Group_15C (Reference),0.3422054288274592,0.7775879745915011,-2.0322954662249084,2.716706323879827,0.11574529986526505,-0.06847442932947123,0.8501550435121493,0.3661607806916345,1.1923604723396086,0.11828634447731035,-0.5408340883301382,0.18998661083526547,0.9985735007953371,False
Mean_Skin_Temp_°C_,Proline,Group_8C vs Group_22C Contrast,0.7647212822401879,0.777777441841941,-4.546283781917806,6.075726346398181,0.07475782571041756,-0.11800096059991194,0.37887578220928253,0.6372473749397702,-0.803309745155327,0.7662352360123306,-0.03858846291513912,0.850120805051968,0.9985735007953371,False
Muscle_Temp2_°C_,Phenylalanine,Group_8C vs Group_22C Contrast,0.11402527633363495,0.7782315158865423,-0.6795477534308544,0.9075983060981242,0.0850156003983098,-0.10560614951870884,-0.07342217667697122,0.49377686480330696,-0.1448807757084688,0.6873626175473151,-0.030855499374833867,0.8677291394649214,0.9985735007953371,False
Muscle_Temp2_°C_,Ornithine,Group_8C vs Group_22C Contrast,0.18427970787566061,0.7787685057459972,-1.1014342745357124,1.4699936902870336,0.34206356768838475,0.20499347762346498,1.1958397758176167,0.16922510581863948,-0.48970659782351733,0.18637724707523562,-0.3054268899478567,0.5725544591767988,0.9985735007953371,False
Muscle_Temp3_°C_,Lysine,Group_8C vs Group_22C Contrast,0.8250128438727717,0.7788102201131504,-4.932191523303442,6.582217211048985,0.3015546374081848,0.15604518686822333,3.234603679971354,0.07204224984998997,-0.817413247707365,0.7704915204829916,0.00759959616540673,0.9931220453690066,0.9985735007953371,False
Muscle_Temp2_°C_,Methyl_galactoside,Group_8C vs Group_22C Contrast,-0.4420958244973494,0.7788626701507321,-3.5279336307749087,2.6437419817802095,0.05234267075756083,-0.14508593950128068,-0.6357713148939399,0.787944637539028,-0.44174402913049177,0.7208133931026699,-0.8838398536278412,0.3647236808701799,0.9985735007953371,False
Mean_Skin_Temp_°C_,L-Proline,Group_8C vs Group_22C Contrast,0.6980594754346812,0.7793531887685714,-4.185530653476526,5.581649604345888,0.176764957704042,0.005257657225717471,-0.5737962738682486,0.5381647297948289,0.17918930770210706,0.9407111127703758,0.8772487831367882,0.16743491259322996,0.9985735007953371,False
Mean_Body_Temp_°C_,Linoleic_Acid,Group_8C vs Group_22C Contrast,-1.7451106583695406,0.7797139635902536,-13.974345795571658,10.484124478832577,0.26868087769375737,0.11632272721329018,6.378941176368349,0.14069188530979077,-0.6619866480825234,0.6661718153806022,-2.407097306452064,0.6906199780213269,0.9985735007953371,False
Mean_Body_Temp_°C_,2-OH-Butanoic_Acid,Group_8C vs Group_15C (Reference),0.548148165727222,0.7803920462405665,-3.3052205253340152,4.40151685678846,0.0706808294885527,-0.12292733103466547,-0.2960840766191207,0.8787167653861423,-1.1997104954157018,0.0045576090273866665,0.25206408910810135,0.4265630281612578,0.9985735007953371,False
Core_Temp_°C_,"Ethanolamine,_3TMS",Group_8C vs Group_15C (Reference),-3.831412226732242,0.7804410784167337,-30.771624171629192,23.108799718164704,0.1737980744991594,0.0016726733531510218,5.090537295108399,0.677759255295102,-3.42354617511511,0.5013414759514254,1.2591250683761572,0.8399026828368439,0.9985735007953371,False
Core_Temp_°C_,Glycolic_acid,Group_8C vs Group_15C (Reference),-2.689406540486269,0.7806212006284032,-21.615648420333883,16.23683533936135,0.1748178193446971,0.002904865041508997,5.171154629116535,0.5576562888365562,4.412606703010377,0.2585205226082097,2.4817480886302663,0.5279420576597766,0.9985735007953371,False
Muscle_Temp3_°C_,L-Aspartic_acid,Group_8C vs Group_22C Contrast,0.8681837663121941,0.7810664253649521,-5.254375236925736,6.990742769550125,0.08722932841639941,-0.1029312281635173,1.2484019359992231,0.5510935010868331,-0.6405682111173248,0.6805745546696151,0.2276155551948693,0.933030125662732,0.9985735007953371,False
Muscle_Temp3_°C_,L-Rhamnose,Group_8C vs Group_15C (Reference),0.4588224776827099,0.7818179460517907,-2.788237254650134,3.7058822100155537,0.22530775309326545,0.06391353498769581,-0.7160125373003186,0.6297736635260297,2.5740386162213804,0.3028868986978337,-0.25719005961760866,0.7259381165793792,0.9985735007953371,False
Mean_Body_Temp_°C_,Nonanoic_acid,Group_22C vs Group_15C (Reference),-1.2631868660900811,0.7821861334927507,-10.218189253751762,7.6918155215716,0.2594643171485361,0.10518604988781455,2.7620065957291784,0.3969304533077763,1.4988197296390973,0.6395884918074626,1.517047268113459,0.3360995717483275,0.9985735007953371,False
Mean_Skin_Temp_°C_,Decanoic_acid,Group_8C vs Group_22C Contrast,-0.13810570464284638,0.7825968172382467,-1.119081956352213,0.8428705470665201,0.02239878704144016,-0.18126813232492633,0.35573514678574997,0.3237530917159396,0.12680661673185795,0.7406576197407164,-0.011299087910988437,0.9720120395998961,0.9985735007953371,False
Muscle_Temp1_°C_,L-Norvaline,Group_8C vs Group_15C (Reference),1.0809778068714282,0.7840678372689345,-6.650805773115907,8.812761386858764,0.0763479285603893,-0.11607958632286297,0.1587423611296736,0.9559770747775056,0.49682750836162687,0.7452256348718003,1.2397201680011019,0.6461824418194042,0.9985735007953371,False
Mean_Skin_Temp_°C_,"2-Ethyl-3-hydroxypropionic_acid,_di-",Group_8C vs Group_22C Contrast,-0.36602111986909724,0.7847849817042085,-2.993010886624265,2.2609686468860706,0.18961970824278562,0.020790480793365984,0.4600352334299907,0.6362423843270281,-0.10727938635350892,0.9333427904281304,-0.47330050622260617,0.2236116404060171,0.9985735007953371,False
Muscle_Temp1_°C_,2-Keto-3-methylvaleric_acid,Group_22C vs Group_15C (Reference),-0.3314620647177906,0.7859471176243289,-2.723613035900029,2.0606889064644482,0.09081901795405989,-0.09859368663884416,0.4120901092559121,0.42454073546148596,0.0806280445381215,0.9418878284727257,-1.1488354342998521,0.3714337032498465,0.9985735007953371,False
Mean_Skin_Temp_°C_,L-Rhamnose,Group_8C vs Group_15C (Reference),0.5013811186551688,0.7859830833429363,-3.1176934088224924,4.12045564613283,0.31665860730836803,0.1742958171642781,-0.5283399079019062,0.770132349684389,3.26468321001048,0.2284687673216672,-0.026958789246737447,0.9426060803374268,0.9985735007953371,False
Core_Temp_°C_,Oxalic_acid,Group_22C vs Group_15C (Reference),-1.3983773393181596,0.7865416204527848,-11.519228877027482,8.722474198391163,0.3772256569081297,0.2474810020973235,2.656881276034763,0.5516981919352352,1.2585039367166033,0.6278486538424857,5.4754238697645885,0.12735175592535475,0.9985735007953371,False
Core_Temp_°C_,Arachidonic_acid,Group_8C vs Group_15C (Reference),0.3427170612776776,0.7869322100620968,-2.1423808437655665,2.8278149663209216,0.08284400847426743,-0.1082301564269268,0.44186221260405834,0.5533840872782955,-0.3167218749391554,0.770196786431748,0.7845792738817359,0.4442753462950446,0.9985735007953371,False
Core_Temp_°C_,Dodecanoic_acid,Group_8C vs Group_22C Contrast,2.295059159396765,0.7873999773515482,-14.384619227743965,18.974737546537494,0.0491315161634992,-0.14896608463577166,-3.2140982677494803,0.24644709050473046,-0.512157152695512,0.9226783445754447,1.7829020067012529,0.7894413904942452,0.9985735007953371,False
Mean_Body_Temp_°C_,1-Monooleoylglycerol,Group_22C vs Group_15C (Reference),-0.9007358337821425,0.7891002257478142,-7.5009117861813515,5.699440118617066,0.24851239405214332,0.09195247614633995,4.046063726474333,0.1948833061465366,3.145327892692191,0.012824429108132973,-0.5747575309235957,0.9135934260495997,0.9985735007953371,False
Muscle_Temp2_°C_,Threonine,Group_22C vs Group_15C (Reference),0.6824225053023434,0.7892802482444641,-4.322429584183929,5.687274594788617,0.16035908322258108,-0.014566107772714387,-1.6681870548395006,0.4710192955190613,-0.9857645495371572,0.3610189064535563,-0.4537392272914109,0.49210090009231733,0.9985735007953371,False
Muscle_Temp2_°C_,beta-D-Xylopyranose,Group_8C vs Group_22C Contrast,0.5518852724031986,0.7894128616423606,-3.4982981586139785,4.602068703420375,0.1196366373447153,-0.06377239654180222,2.618066010491972,0.20671590328049083,-0.6431485725946482,0.7116204247337825,-0.09126330019144957,0.9347700273535904,0.9985735007953371,False
Mean_Skin_Temp_°C_,L-5-Oxoproline,Group_8C vs Group_15C (Reference),1.1431041484532662,0.7904631458673008,-7.288830522546622,9.575038819453155,0.2438884605853846,0.08636522320733975,-1.0392792461142828,0.8049329301342527,0.6347394721906712,0.7557562401274025,0.10382490233898345,0.90755502993885,0.9985735007953371,False
Mean_Skin_Temp_°C_,Oleic_Acid,Group_8C vs Group_15C (Reference),0.21390889907647276,0.7934086908152532,-1.3869876889208814,1.814805487073827,0.17775660994473774,0.006455903683224795,0.03683758102021978,0.9476206774882808,-0.7917436415574222,0.337963811906282,0.25074648009669254,0.6728844424839984,0.9985735007953371,False
Mean_Body_Temp_°C_,Lactic_Acid,Group_8C vs Group_15C (Reference),1.3384189864707154,0.7936739216489406,-8.691498355602835,11.368336328544267,0.06712010288255821,-0.12722987568357547,-0.2598244492223326,0.950575488450936,1.8356542576121782,0.22618546573155163,1.078594537248383,0.7132893046942681,0.9985735007953371,False
Muscle_Temp1_°C_,Indole-3-Latic_Acid,Group_8C vs Group_15C (Reference),0.13656314920879498,0.7936854849709318,-0.8868799247277154,1.1600062231453054,0.2744878058518595,0.12333943207099696,0.16082950214598904,0.7474491145136171,0.02752659210647257,0.9146016914856978,0.297392651354784,0.05089477003202947,0.9985735007953371,False
Core_Temp_°C_,Glyceraldehyde-3-PMOX,Group_22C vs Group_15C (Reference),-0.8853015588347739,0.7937783964915343,-7.523061477989955,5.752458360320407,0.14302010213174066,-0.03551737659081322,0.19815975070026481,0.9412815366357162,-0.6871418081345091,0.7383717400769589,-2.5752756568843544,0.3739057673377053,0.9985735007953371,False
Mean_Body_Temp_°C_,"2,3,4-Trihydroxybutyric_acid",Group_22C vs Group_15C (Reference),2.020861698741939,0.7951706251333771,-13.236389087803033,17.27811248528691,0.22538019203180182,0.06400106537176053,3.147345028451425,0.33938235127462835,5.168206727193364,0.4637022751719051,-5.132291563083515,0.025628971162585,0.9985735007953371,False
Core_Temp_°C_,Glycine,Group_8C vs Group_22C Contrast,1.734736684071815,0.7957117162546573,-11.398026135591131,14.86749950373476,0.12950339925404142,-0.051850059234699986,6.943467124430638,0.15154685657201056,-0.36590340592440285,0.9422284894045869,1.3688332781474122,0.7559815458441712,0.9985735007953371,False
Muscle_Temp1_°C_,L-Alanine,Group_8C vs Group_22C Contrast,-0.8338844928326687,0.7967546370059844,-7.179902803482069,5.51213381781673,0.22589274027801187,0.06462039450259771,2.250882822716205,0.07953779111854425,-1.1801082406688699,0.6657974347609166,-2.0139927335015386,0.24633870007838476,0.9985735007953371,False
Muscle_Temp1_°C_,Glutamic_Acid,Group_8C vs Group_22C Contrast,0.15704928155406814,0.7971115367331062,-1.0402748685569603,1.3543734316650964,0.04553726430806504,-0.1533091389610881,-0.07059037516451176,0.054138571861275554,-0.031567417455192995,0.8943513462375181,0.12548186409887513,0.8235463955042472,0.9985735007953371,False
Muscle_Temp2_°C_,Aminomalonic_acid,Group_8C vs Group_22C Contrast,1.0476716202008658,0.7979552017266869,-6.9737413254923215,9.069084565894054,0.2997394066546416,0.15385178304102531,0.10653242367905406,0.8987492278977123,-1.3105381932055111,0.5788208019719314,-0.2628665730046454,0.9373244541009831,0.9985735007953371,False
Mean_Skin_Temp_°C_,Cysteine,Group_22C vs Group_15C (Reference),-0.7645319675553238,0.799554440209489,-6.665732321212652,5.136668386102005,0.11892364493358654,-0.0646339290385829,-0.19185038132183943,0.7967779513179776,-0.9563823488771632,0.7430347292322683,0.2509683908934882,0.4279627649966269,0.9985735007953371,False
Mean_Body_Temp_°C_,Glycine,Group_8C vs Group_22C Contrast,1.412413307747531,0.8003907903598488,-9.536467338580398,12.36129395407546,0.06522975783226936,-0.12951404261934107,3.124777086994473,0.456988764854695,-0.3562046645209125,0.9465185379077639,1.0562086432266184,0.5424640634150073,0.9985735007953371,False
Core_Temp_°C_,Indole-3-Latic_Acid,Group_22C vs Group_15C (Reference),-0.42192850252185926,0.8006975646160226,-3.697757092919359,2.853900087875641,0.24889236522284708,0.09241160797760695,0.11994986807242441,0.932559156186949,-0.30197863444943485,0.7331317914509392,-0.843192617899529,0.42590375294325256,0.9985735007953371,False
Mean_Skin_Temp_°C_,Nonanoic_acid,Group_8C vs Group_15C (Reference),-0.3786003752370581,0.8008830314213154,-3.320828684662414,2.563627934188298,0.21108353043196448,0.046725932605290454,0.8769686377171539,0.5416180506576169,0.14907444297293215,0.9402213774834371,0.49836826248009586,0.2518219720038246,0.9985735007953371,False
Core_Temp_°C_,1-Heptadecanol,Group_8C vs Group_22C Contrast,0.780422332022424,0.8016409092710441,-5.308277817983944,6.869122482028791,0.031805872090523546,-0.16990123789061728,-1.3619857416663739,0.6806955730717734,-0.13192448444367733,0.9512305126181337,0.6484978475787466,0.7717508849239523,0.9985735007953371,False
Muscle_Temp2_°C_,Oxalic_acid,Group_22C vs Group_15C (Reference),0.7875403353040835,0.802824084424168,-5.394231672857893,6.969312343466061,0.4452153657746978,0.3296352336444265,0.08677517040159634,0.9710946099972435,0.8743155057056798,0.670134243242215,3.169600020323875,0.007667040609882658,0.9985735007953371,False
Muscle_Temp1_°C_,Phenylalanine,Group_8C vs Group_15C (Reference),-0.05482268577069859,0.8029839503360613,-0.4855080873622271,0.3758627158208299,0.07166708361630691,-0.12173560729696242,0.031592613503914124,0.7511884800149657,-0.026687234038466442,0.9376413902746337,-0.023230072266784467,0.9055846896549002,0.9985735007953371,False
Muscle_Temp1_°C_,"2,3,4-Trihydroxybutyric_acid",Group_8C vs Group_22C Contrast,-0.8448936492810406,0.8033009330783634,-7.493396258573927,5.803608960011847,0.07240310438948439,-0.12084624886270623,0.15811694837361412,0.8540042760016798,-0.17842154090788676,0.9307447633726551,-1.0233151901889275,0.7047126296195485,0.9985735007953371,False
Core_Temp_°C_,Glutamic_Acid,Group_22C vs Group_15C (Reference),0.2093732141705715,0.8033308402675529,-1.4384186629039182,1.8571650912450612,0.19838440018035353,0.0313811502179272,-0.5994375388544553,0.04385945499399326,-0.39006432468388375,0.6198667099456971,-2.940595173342568,0.2969862130034604,0.9985735007953371,False
Muscle_Temp2_°C_,Nonanoic_acid,Group_8C vs Group_15C (Reference),-0.2941957480077976,0.8033597151715693,-2.609898071326763,2.0215065753111676,0.20272252447703498,0.03662305040975067,-0.5663155787841462,0.5756350097432824,-0.6586573133921934,0.6810612128875244,-0.8605113267919438,0.15852616158813992,0.9985735007953371,False
Muscle_Temp1_°C_,Erythritol,Group_8C vs Group_22C Contrast,-0.7846204008987403,0.8047199923470201,-7.004632967339975,5.435392165542495,0.12668448359688111,-0.05525624898710202,-1.1915562356274743,0.013966675943185753,-0.854934032235438,0.7309834480252266,-1.6395544331341783,0.4056792898325563,0.9985735007953371,False
Muscle_Temp1_°C_,Butanoic_acid,Group_8C vs Group_15C (Reference),-0.2121905108766557,0.8048463833434196,-1.8953939879484738,1.4710129661951623,0.05740111259694425,-0.13897365561202557,0.017731634593095166,0.9771586090944872,-0.12637452254016546,0.8850225199225901,-0.1944588762835605,0.7437880069563949,0.9985735007953371,False
Core_Temp_°C_,Tryptophan,Group_8C vs Group_22C Contrast,-1.8487479699390568,0.8104010213404623,-16.952600944388983,13.255105004510868,0.019742826187108653,-0.18447741835724374,-0.5151768524811305,0.4699757357043336,0.004936870558892248,0.9975317721930399,-1.8438110993801646,0.8067891925648172,0.9985735007953371,False
Muscle_Temp1_°C_,L-Norvaline,Group_8C vs Group_22C Contrast,0.7428926596394749,0.8108043292377258,-5.3395610823204045,6.825346401599354,0.0763479285603893,-0.11607958632286297,0.1587423611296736,0.9559770747775056,0.49682750836162687,0.7452256348718003,1.2397201680011019,0.6461824418194042,0.9985735007953371,False
Mean_Skin_Temp_°C_,Erythritol,Group_8C vs Group_15C (Reference),0.5878161953574211,0.8108956667757861,-4.227225795807384,5.402858186522226,0.057899218942389474,-0.13837177711127935,-0.09006064462312734,0.9639350596380769,-1.4479190720180422,0.4333790348004478,0.4977555507342938,0.7292549524444965,0.9985735007953371,False
Mean_Skin_Temp_°C_,L-5-Oxoproline,Group_8C vs Group_22C Contrast,-0.5309145698516877,0.8116432003841025,-4.897524561565664,3.8356954218622885,0.2438884605853846,0.08636522320733975,-1.0392792461142828,0.8049329301342527,0.6347394721906712,0.7557562401274025,0.10382490233898345,0.90755502993885,0.9985735007953371,False
Muscle_Temp1_°C_,Indole-3-Latic_Acid,Group_22C vs Group_15C (Reference),-0.13330291003951647,0.812363557465746,-1.2339478961308668,0.9673420760518339,0.2744878058518595,0.12333943207099696,0.16082950214598904,0.7474491145136171,0.02752659210647257,0.9146016914856978,0.297392651354784,0.05089477003202947,0.9985735007953371,False
Mean_Body_Temp_°C_,Ethyl_alpha-D-glucopyranoside,Group_22C vs Group_15C (Reference),0.8144768208267168,0.8134987160384866,-5.952138269679196,7.58109191133263,0.1734924533351775,0.0013033811133394968,1.6309517985524606,0.553074660379212,2.4454286193791774,0.2414787083079779,-2.9675154023655037,0.012106973149545786,0.9985735007953371,False
Muscle_Temp3_°C_,Oleic_Acid,Group_22C vs Group_15C (Reference),-0.1489445249188513,0.8145208098977113,-1.3933114049014592,1.0954223550637567,0.13733265578662002,-0.04238970759116745,-0.45619078898751897,0.2503076045016004,-0.6051353139063702,0.22207966031911885,0.4268992390038918,0.7216886772539006,0.9985735007953371,False
Mean_Body_Temp_°C_,Glycerol-3-P,Group_22C vs Group_15C (Reference),0.8378243664503207,0.8159369610507254,-6.216683901053624,7.8923326339542665,0.1794787398511185,0.008536810653434923,-1.9500208998341186,0.3402316998884729,-1.112196533383798,0.7073110074679563,2.0472601617169164,0.1999721341071703,0.9985735007953371,False
Mean_Skin_Temp_°C_,4-Aminobutanoic_acid,Group_8C vs Group_22C Contrast,-0.3628508657164205,0.8166558135373724,-3.4303203634365795,2.704618632003738,0.11813628164110868,-0.06558532635032699,0.9160435509004491,0.5991475807307026,0.8967427140499663,0.5308430374829336,0.5338918483335457,0.39975736574842546,0.9985735007953371,False
Muscle_Temp1_°C_,"R*,R*-2,3-Dihydroxybutanoic_acid",Group_22C vs Group_15C (Reference),0.3381182302802999,0.8179130916647654,-2.5403064034002076,3.2165428639608074,0.14461092377485574,-0.03359513377204926,0.2690034799708472,0.8225412130484095,0.6071217102511471,0.4737490118474874,0.43767130447377184,0.6757395603559901,0.9985735007953371,False
Mean_Body_Temp_°C_,Lactic_Acid,Group_8C vs Group_22C Contrast,-0.7570597203637954,0.8187711691742696,-7.23314091301874,5.71902147229115,0.06712010288255821,-0.12722987568357547,-0.2598244492223326,0.950575488450936,1.8356542576121782,0.22618546573155163,1.078594537248383,0.7132893046942681,0.9985735007953371,False
Core_Temp_°C_,Cysteine,Group_8C vs Group_22C Contrast,1.1191308115869092,0.8190590047882684,-8.469696553799027,10.707958176972847,0.09999889835247511,-0.08750133115742575,2.5032319411283837,0.1829004109639708,-0.2628955057910045,0.9377632959022277,0.8562353057959047,0.8093714089398878,0.9985735007953371,False
Muscle_Temp1_°C_,1-Heptadecanol,Group_8C vs Group_15C (Reference),0.266264463966903,0.8190999863308743,-2.0156007305836687,2.548129658517475,0.022158534582625178,-0.18155843737932775,-0.17557273886261815,0.8191670114408598,-0.09482657509848044,0.8551416070647138,0.09069172510428486,0.9174507487238501,0.9985735007953371,False
Core_Temp_°C_,Ascorbic_Acid,Group_22C vs Group_15C (Reference),-1.5377767098140445,0.8191581609697767,-14.72071440373605,11.64516098410796,0.08459049227778792,-0.10611982183100621,0.34888635090369335,0.9539063194821842,-1.188890358910351,0.6887315245325647,-1.933206595385899,0.5743078361135849,0.9985735007953371,False
Muscle_Temp1_°C_,4-Aminobutanoic_acid,Group_8C vs Group_22C Contrast,-0.765750403330714,0.8208174369270652,-7.392295008328542,5.8607942016671135,0.06327222253459197,-0.13187939777070135,0.0378722164759518,0.8871003920771865,0.5953526942869007,0.6572801378706741,-0.17039770904381332,0.9562097562361043,0.9985735007953371,False
Mean_Skin_Temp_°C_,"Ethanolamine,_3TMS",Group_8C vs Group_22C Contrast,0.5108772559063466,0.8215796553890758,-3.929293541255176,4.951048053067869,0.25648727994630816,0.1015887966017891,3.9905095681848652,0.18639271636974653,-0.5856491532753823,0.7619926263236521,-0.07477189736903567,0.9494827707767974,0.9985735007953371,False
Muscle_Temp2_°C_,Stearic_Acid,Group_8C vs Group_15C (Reference),0.08313486060795995,0.8217335235860654,-0.640033480022727,0.8063032012386468,0.0994105725276172,-0.08821222486246239,-0.17629771055512927,0.37860133985944266,-0.40436278366740475,0.34506047204657486,-0.09316284994716932,0.7637132520739596,0.9985735007953371,False
Muscle_Temp1_°C_,Proline,Group_22C vs Group_15C (Reference),0.21108851948301935,0.8218609753330595,-1.6264513139507548,2.0486283529167935,0.08105079300595563,-0.11039695845113684,0.314582441595145,0.5955248717476173,0.5256709610781644,0.4693294418233458,-0.507788870768189,0.3149344454346388,0.9985735007953371,False
Muscle_Temp1_°C_,"Ethanolamine,_3TMS",Group_22C vs Group_15C (Reference),0.4770801126517587,0.8226780033781266,-3.6953958060095258,4.649556031313043,0.12552995003361522,-0.0566513103760482,-0.0636336774729332,0.9633006287682004,0.4134464351788255,0.7983694860850445,-1.0778753310126892,0.35219468349158767,0.9985735007953371,False
Muscle_Temp3_°C_,Ethyl_alpha-D-glucopyranoside,Group_8C vs Group_15C (Reference),0.4540549056737153,0.8230342485640088,-3.5251749334449336,4.433284744792364,0.11536705429694927,-0.06893147605785299,-0.17762843923339705,0.9232796549742794,-2.6230897622532265,0.19863405104361043,0.27642646644031826,0.7445764726601571,0.9985735007953371,False
Mean_Body_Temp_°C_,Campesterol,Group_22C vs Group_15C (Reference),0.3318282125051628,0.8236365238291674,-2.586333669691414,3.2499900947017393,0.12923241750188086,-0.052177495518560546,0.681353175447809,0.4914481969332427,1.0131813879529719,0.3621247097270244,-0.46571574292964635,0.44240526870132246,0.9985735007953371,False
Mean_Body_Temp_°C_,"9-Hexadecenoic_acid,_Z-",Group_22C vs Group_15C (Reference),-0.33391028563224456,0.8240176601985311,-3.2768482644284895,2.6090276931640006,0.2993309950336749,0.15335828566569054,2.1247152682399513,1.7725199202021246e-15,1.7908049826077068,0.22552070271583613,-0.787459885608861,0.4895641400035051,0.9985735007953371,False
Mean_Body_Temp_°C_,L-5-Oxoproline,Group_22C vs Group_15C (Reference),1.9197848601667244,0.8245164370718031,-15.049243720368029,18.88881344070148,0.2611324670038334,0.10720173096296548,0.7119283694778196,0.9295505107079247,2.631713229644544,0.40795595672777685,1.4908090655183948,0.4493706621820355,0.9985735007953371,False
Muscle_Temp1_°C_,Erythritol,Group_8C vs Group_15C (Reference),-0.44799819750670394,0.825374096056536,-4.427635597995183,3.5316392029817747,0.12668448359688111,-0.05525624898710202,-1.1915562356274743,0.013966675943185753,-0.854934032235438,0.7309834480252266,-1.6395544331341783,0.4056792898325563,0.9985735007953371,False
Muscle_Temp1_°C_,"Ethanolamine,_2TMS",Group_22C vs Group_15C (Reference),0.5508486632471202,0.82538614116361,-4.3427684356069065,5.444465762101148,0.4786514092886247,0.3700371195570882,-2.8729686099339493,1.1222052877248213e-11,-2.322119946686829,0.3453269681785398,1.7567060188508496,0.19190326427167537,0.9985735007953371,False
Mean_Body_Temp_°C_,beta-D-Xylopyranose,Group_22C vs Group_15C (Reference),-1.3407765101824527,0.8261622889134765,-13.305987093725005,10.6244340733601,0.15043032397441525,-0.02656335853091485,4.8469376101592125,0.31433187871453516,3.50616109997676,0.34981496074915697,-1.1612153115006718,0.8511005950372701,0.9985735007953371,False
Muscle_Temp3_°C_,Citric_acid,Group_8C vs Group_22C Contrast,-0.7334417978770409,0.8268369002405043,-7.30477576634647,5.837892170592388,0.11537146340826221,-0.0689261483816832,0.8740264387486473,0.5667674919051033,0.6701498322094372,0.8287875260669366,-0.06329196566760364,0.9605560451168262,0.9985735007953371,False
Mean_Skin_Temp_°C_,Alanine,Group_22C vs Group_15C (Reference),-0.517069283846991,0.8268703157200828,-5.150618779442285,4.116480211748302,0.03919830052529372,-0.16096872019860342,0.6889369362963675,0.5307613781477023,0.17186765244937652,0.9345578240371708,-0.16079315381003034,0.7019372266827697,0.9985735007953371,False
Muscle_Temp2_°C_,"2,3-Butanediol",Group_8C vs Group_15C (Reference),0.8196709976936368,0.827469363298553,-6.551459438286311,8.190801433673585,0.07561983255283122,-0.1169593689986621,1.1393458500261606,0.7343555476969956,0.11229607948827502,0.927622389205655,1.9590168477197976,0.24759379618714217,0.9985735007953371,False
Muscle_Temp1_°C_,Methionine,Group_22C vs Group_15C (Reference),-0.17995698239442512,0.8279908403067544,-1.8032571384578193,1.443343173668969,0.12741620233418238,-0.054372088846196265,0.2572842919245871,0.09791498730351313,0.07732730953016201,0.9242719841612246,-0.33210988372089756,0.46456683601333904,0.9985735007953371,False
Muscle_Temp2_°C_,N-Acetylglutamine,Group_22C vs Group_15C (Reference),-0.5588182028071343,0.8281689568917707,-5.604940371183253,4.487303965568985,0.19654097689633498,0.02915368041640487,1.2518389368152236,0.5121369640493135,0.6930207340080893,0.6881628493959833,-1.9927907132764304,0.43397038931227927,0.9985735007953371,False
Muscle_Temp3_°C_,1-Heptadecanol,Group_8C vs Group_22C Contrast,0.27119683077481505,0.8285930237176565,-2.1839072517079448,2.7263009132575746,0.06358914763476897,-0.13149644660798732,-0.7475073232969878,0.4896352593678903,-0.5955377886533502,0.5157791888817029,-0.3243409578785351,0.7040834266885616,0.9985735007953371,False
Muscle_Temp2_°C_,Diethanolamine,Group_8C vs Group_22C Contrast,-0.7527427264039039,0.8291121957021926,-7.588238275177596,6.082752822369788,0.19631364777293403,0.028878991058961967,0.8058665411955299,0.6655548136900629,0.15616482469735726,0.9600991052468375,-0.5965779017065467,0.7012971140248889,0.9985735007953371,False
Mean_Body_Temp_°C_,Decanoic_acid,Group_8C vs Group_22C Contrast,-0.2882601857073831,0.8310696891231366,-2.9366938328343375,2.3601734614195715,0.01916381429067815,-0.18517705773209725,0.6061246606439182,0.5241111330589199,0.0959059206966294,0.9008561991448256,-0.1923542650107537,0.8624830104944403,0.9985735007953371,False
Mean_Skin_Temp_°C_,D---Ribofuranose,Group_8C vs Group_15C (Reference),-0.48754585029982017,0.832059924866698,-4.993678887111407,4.018587186511767,0.1906349291420294,0.022017206046618942,-0.2128011528600333,0.9248179226083871,2.579914590175713,0.2701175913691103,-0.7003470031598534,0.11787279384001281,0.9985735007953371,False
Muscle_Temp3_°C_,Glycolic_acid,Group_22C vs Group_15C (Reference),-0.7369147241840146,0.8337039260925697,-7.6161807041097305,6.142351255741701,0.13132658664607755,-0.0496470411359895,1.5225398839543154,0.5485184448425132,0.7856251597703008,0.7459425154122752,-1.3001439285525758,0.3086079099583068,0.9985735007953371,False
Core_Temp_°C_,Arginine_[-NH3],Group_8C vs Group_22C Contrast,-0.34920491698287237,0.8350634681840491,-3.6364398458968417,2.9380300119310974,0.0895457764914297,-0.1001321867395224,-0.5838053430978032,0.2973651029566452,-0.1576391729629848,0.9083895296087907,-0.5068440899458572,0.6003839186796611,0.9985735007953371,False
Mean_Skin_Temp_°C_,4-Aminobutanoic_acid,Group_8C vs Group_15C (Reference),-0.3821517025669033,0.8367397304591202,-4.016935277537921,3.2526318724041143,0.11813628164110868,-0.06558532635032699,0.9160435509004491,0.5991475807307026,0.8967427140499663,0.5308430374829336,0.5338918483335457,0.39975736574842546,0.9985735007953371,False
Core_Temp_°C_,Serine,Group_8C vs Group_15C (Reference),0.521514440452999,0.8368873881749495,-4.443353122087036,5.486382002993034,0.309767986641865,0.16596965052558688,0.3069437746374171,0.8531364496005532,-5.457363460469915,0.3064664871112759,0.8284582150904161,0.6653070379513921,0.9985735007953371,False
Mean_Body_Temp_°C_,Glycolic_acid,Group_8C vs Group_15C (Reference),1.7035266960476858,0.8377676427470966,-14.603457042478443,18.010510434573813,0.2175877884161117,0.054585244336134986,0.7501470198333009,0.9275168709531098,5.332747043769539,0.01735492694346652,2.4536737158809867,0.02658182933526132,0.9985735007953371,False
Muscle_Temp2_°C_,Valine,Group_8C vs Group_15C (Reference),0.22926756007574095,0.8379515579330362,-1.967918605609547,2.426453725761029,0.16742244985238974,-0.006031206428362301,-0.5282479228571829,0.6260546085785559,-0.5351433249103714,0.47962018755765,-0.29898036278144197,0.29507383101624374,0.9985735007953371,False
Mean_Skin_Temp_°C_,Glutamine_[-H2O],Group_8C vs Group_15C (Reference),0.18561721109641982,0.8384846681509194,-1.5991996033006382,1.9704340254934778,0.3855525292605385,0.2575426395231507,-0.030164293076036772,0.9720637792280153,-1.7949632518682799,0.10677947118246034,0.15545291802038305,0.5988967506720944,0.9985735007953371,False
Mean_Skin_Temp_°C_,L-Alanine,Group_22C vs Group_15C (Reference),-0.5470790445653135,0.8393817301859797,-5.8373495963735085,4.743191507242882,0.054629667471587484,-0.14232248513849832,1.0623603702858826,0.4288706425148284,0.5152813257205691,0.8258152701224584,0.1256706718957532,0.8432696192470086,0.9985735007953371,False
Muscle_Temp2_°C_,Phenylalanine,Group_8C vs Group_15C (Reference),0.042566677302137354,0.8424024543579378,-0.37705190448901005,0.4621852590932848,0.0850156003983098,-0.10560614951870884,-0.07342217667697122,0.49377686480330696,-0.1448807757084688,0.6873626175473151,-0.030855499374833867,0.8677291394649214,0.9985735007953371,False
Mean_Body_Temp_°C_,Citric_acid,Group_8C vs Group_15C (Reference),0.9259802939885601,0.8425378410913249,-8.210205146372116,10.062165734349238,0.21046615262678425,0.04597993442403103,-1.8653726256873808,0.6305039441703192,-4.347981131403038,0.11374457236990865,-0.9393923316988207,0.7164636044431869,0.9985735007953371,False
Muscle_Temp1_°C_,"2-Ethyl-3-hydroxypropionic_acid,_di-",Group_8C vs Group_15C (Reference),0.23907634920077692,0.8430911922540371,-2.128199423283896,2.60635212168545,0.2703154461874352,0.1182978308098176,0.5502245681471484,0.6113056849931077,-1.1876528678161207,0.32244734687122634,0.7893009173479253,0.14041427459332656,0.9985735007953371,False
Muscle_Temp1_°C_,Glyceraldehyde-3-PMOX,Group_8C vs Group_22C Contrast,0.16856748406104693,0.8437048245963112,-1.5072166892884544,1.8443516574105483,0.11457054749641227,-0.0698939217751684,0.38405099366217277,0.6647057709538066,-0.15856972984415285,0.7958497040413093,0.009997754216894084,0.9866192016507556,0.9985735007953371,False
Muscle_Temp2_°C_,Leucine,Group_22C vs Group_15C (Reference),-0.3912927283589254,0.8438566074343088,-4.2850201184838275,3.5024346617659767,0.03916514589434783,-0.16100878204432956,0.06542068231498728,0.9659690601418214,-0.32587204604393816,0.7964138322378445,-0.5620956080627227,0.16652979583787575,0.9985735007953371,False
Mean_Body_Temp_°C_,alpha-D-Glucopyranoside,Group_22C vs Group_15C (Reference),0.9944334047155873,0.8459893411292918,-9.039912300409403,11.02877910984058,0.199881766138985,0.033190467417940295,3.3581682303644507,0.40279531490085285,4.352601635080038,0.17081054708816312,1.8194671889418412,0.46244507010478975,0.9985735007953371,False
Mean_Skin_Temp_°C_,Campesterol,Group_8C vs Group_15C (Reference),0.1471589070756775,0.8466057910962423,-1.3437932401436545,1.6381110542950097,0.15402319113233054,-0.022221977381767122,-0.3102260194876317,0.6772112221882115,0.6832098667306539,0.01158869758863923,-0.16306711241195418,0.2851253697344376,0.9985735007953371,False
Muscle_Temp1_°C_,Glutamine_[-H2O],Group_22C vs Group_15C (Reference),0.18441039257282862,0.8468335294232885,-1.68677104238191,2.055591827527567,0.08490662240590374,-0.10573783125953296,-0.0035190669647544204,0.98954672666711,0.1808913256080742,0.8434756996349948,0.13141208649673047,0.6167258832369091,0.9985735007953371,False
Mean_Skin_Temp_°C_,Oxalic_acid,Group_22C vs Group_15C (Reference),-0.7428935745462477,0.8476948357169384,-8.324071631526962,6.838284482434467,0.3567487312274663,0.2227380502331885,-0.656837928468878,0.8540773550281118,-1.3997315030151256,0.346091266513346,-0.19733045112374498,0.6421586326478121,0.9985735007953371,False
Muscle_Temp2_°C_,Erythritol,Group_22C vs Group_15C (Reference),-0.42680406079364386,0.8477139614410857,-4.782864061681504,3.929255940094217,0.07970162648713586,-0.11202720132804411,-1.0242361980023542,0.42975928535012187,-1.451040258795998,0.42138092867566534,-1.3039612768293987,0.5631894008000407,0.9985735007953371,False
Muscle_Temp1_°C_,2-Aminoadipic_acid,Group_8C vs Group_15C (Reference),0.20067945764238357,0.8477576429924873,-1.848095993998411,2.249454909283178,0.049627863117351345,-0.14836633206653382,0.12677275713691696,0.8135171461904325,0.7321365788124102,0.4439767154798979,0.32745221477930053,0.7149448532700298,0.9985735007953371,False
Mean_Skin_Temp_°C_,Tyrosine,Group_8C vs Group_22C Contrast,-0.2933204864397796,0.8484018702279323,-3.300824188112582,2.7141832152330228,0.03424734697758658,-0.16695112240208276,-0.012929399921327292,0.9576624246785588,0.1913988779053406,0.9003438230934455,-0.10192160853443899,0.45310532604734766,0.9985735007953371,False
Muscle_Temp2_°C_,Ethyl_alpha-D-glucopyranoside,Group_22C vs Group_15C (Reference),-0.5656312927217475,0.8485480149481468,-6.370778404613814,5.23951581917032,0.10358813032935521,-0.08316434251869564,-0.9069268861054772,0.7135711245225698,-1.4725581788272248,0.3673067080257568,0.2256456370023182,0.8060385739698634,0.9985735007953371,False
Mean_Body_Temp_°C_,Asparagine,Group_8C vs Group_22C Contrast,0.37257357519377887,0.8487149643154316,-3.4555388908881373,4.200686041275695,0.3103521629343775,0.1666755302123729,-0.1248167326174647,0.9701057886897791,-4.6998396301679515,0.0021357559069274945,-4.327266054974173,0.00036170127546708564,0.9985735007953371,False
Muscle_Temp2_°C_,Phenylalanine,Group_22C vs Group_15C (Reference),-0.0714585990314976,0.8491343736019069,-0.807732689096456,0.6648154910334609,0.0850156003983098,-0.10560614951870884,-0.07342217667697122,0.49377686480330696,-0.1448807757084688,0.6873626175473151,-0.030855499374833867,0.8677291394649214,0.9985735007953371,False
Muscle_Temp1_°C_,Arginine_[-NH3],Group_8C vs Group_15C (Reference),-0.05831430736145962,0.8494403166719956,-0.6603918636419428,0.5437632489190236,0.08714228402162416,-0.10303640680720405,-0.006921619369952124,0.9361792726283813,-0.2157768659771419,0.601576205439303,-0.06523592673141175,0.8248530708981132,0.9985735007953371,False
Core_Temp_°C_,Citric_acid,Group_22C vs Group_15C (Reference),-1.3337159778147767,0.8500289588755459,-15.158630635635063,12.49119868000551,0.22894963621533393,0.06831414376019518,-0.676140190248766,0.8748789846883158,-2.0098561680635427,0.7194803170533015,-7.729625266381715,0.0040083256232827935,0.9985735007953371,False
Muscle_Temp3_°C_,beta-D-Xylopyranose,Group_8C vs Group_22C Contrast,0.6235226284563913,0.8503712847022605,-5.854816050332547,7.101861307245329,0.09978074784372903,-0.08776492968882743,2.2012310026937008,0.2916355717596282,-0.4372544883844953,0.8763977673596992,0.18626814007189596,0.9146659776263026,0.9985735007953371,False
Mean_Body_Temp_°C_,Oxalic_acid,Group_8C vs Group_22C Contrast,0.6446783568241354,0.851665762173022,-6.112614611250498,7.401971324898769,0.3396419936822441,0.2020674090327117,1.888095155528532,0.7261168524353601,-0.9602831402361438,0.7678130062023276,-0.31560478341200837,0.7824697697422305,0.9985735007953371,False
Muscle_Temp2_°C_,Arachidonic_acid,Group_8C vs Group_15C (Reference),-0.09907503189561959,0.8525992495342587,-1.1441792078648438,0.9460291440736047,0.052295574895446006,-0.14514284700133606,-0.09405123736435951,0.8367523655208287,0.010204470471877045,0.976568135760032,-0.1931262692599791,0.4835411253344486,0.9985735007953371,False
Mean_Body_Temp_°C_,Tyrosine,Group_22C vs Group_15C (Reference),-0.4555379324560358,0.8526757843404662,-5.263356583238757,4.352280718326686,0.03959881440113544,-0.16048476593196126,0.049774478532032804,0.9278934809517937,-0.405763453924003,0.8652176861924623,-0.4249505801030433,0.5183761043570814,0.9985735007953371,False
Mean_Body_Temp_°C_,Ornithine,Group_8C vs Group_15C (Reference),0.33493653512389004,0.8533634365030311,-3.216804768368131,3.886677838615911,0.27978478745101465,0.12973995150330941,1.0287761975778176,0.12076923950138099,-0.5548930888056234,0.617414569725377,1.3637127327017076,0.4187373481089822,0.9985735007953371,False
Mean_Body_Temp_°C_,Methyl_galactoside,Group_22C vs Group_15C (Reference),0.6341974495799209,0.8534245920920327,-6.093811067435035,7.362205966594877,0.24476092543818873,0.08741945157114472,2.5923078149670635,0.37540476750102625,3.2265052645469843,0.07263488166828891,-3.806235890143295,0.20276706314085358,0.9985735007953371,False
Muscle_Temp1_°C_,Threonine,Group_8C vs Group_15C (Reference),-0.23073327893985646,0.8551313583396283,-2.707679543170738,2.246212985291025,0.09688790340518894,-0.09126045005206329,-0.13260559302452374,0.9066868640535763,-0.9083219984140274,0.38140712341349947,-0.3633388719643802,0.5189441572372959,0.9985735007953371,False
Muscle_Temp1_°C_,1-Monopalmitin,Group_8C vs Group_15C (Reference),-0.11288928416411549,0.8552708293955373,-1.3259486506367744,1.1001700823085432,0.19878571912292076,0.0318660772735293,0.6214691189602729,0.04505832823730826,-0.19295187428109506,0.7351688789715958,0.5085798347961574,0.34236811193615346,0.9985735007953371,False
Muscle_Temp1_°C_,1-Heptadecanol,Group_8C vs Group_22C Contrast,0.1855183002027653,0.8553360559668288,-1.8089265404063755,2.179963140811906,0.022158534582625178,-0.18155843737932775,-0.17557273886261815,0.8191670114408598,-0.09482657509848044,0.8551416070647138,0.09069172510428486,0.9174507487238501,0.9985735007953371,False
Muscle_Temp2_°C_,Arachidonic_acid,Group_22C vs Group_15C (Reference),0.10425570783623656,0.855780933995531,-1.0200376096218555,1.2285490252943285,0.052295574895446006,-0.14514284700133606,-0.09405123736435951,0.8367523655208287,0.010204470471877045,0.976568135760032,-0.1931262692599791,0.4835411253344486,0.9985735007953371,False
Mean_Body_Temp_°C_,Indole-3-Latic_Acid,Group_8C vs Group_15C (Reference),-0.11330814911147084,0.8567907686294359,-1.3439344189905276,1.1173181207675857,0.2918758060580715,0.1443499323201698,0.30213653557664555,0.5467986988490054,-0.8122333278841761,0.015465740804564643,0.1888283864651747,0.6173108358740884,0.9985735007953371,False
Muscle_Temp2_°C_,Diethanolamine,Group_22C vs Group_15C (Reference),-0.6497017164981727,0.8581780056866557,-7.775806633958338,6.476403200961991,0.19631364777293403,0.028878991058961967,0.8058665411955299,0.6655548136900629,0.15616482469735726,0.9600991052468375,-0.5965779017065467,0.7012971140248889,0.9985735007953371,False
Core_Temp_°C_,Lactic_Acid1,Group_22C vs Group_15C (Reference),1.679176645939167,0.8583875239136917,-16.76602990096876,20.124383192847098,0.2147136139154492,0.05111228348116781,6.40204694960619,0.44309217500217657,8.081223595545357,0.06300080812849451,7.0958885842647135,0.354362663735897,0.9985735007953371,False
Muscle_Temp2_°C_,Leucine,Group_8C vs Group_22C Contrast,-0.23622356201878464,0.8586970790741135,-2.8368551668425392,2.36440804280497,0.03916514589434783,-0.16100878204432956,0.06542068231498728,0.9659690601418214,-0.32587204604393816,0.7964138322378445,-0.5620956080627227,0.16652979583787575,0.9985735007953371,False
Muscle_Temp1_°C_,Cholesterol,Group_22C vs Group_15C (Reference),-0.10297904712703296,0.8594274230901333,-1.2426273475774572,1.0366692533233914,0.11097056634773306,-0.07424389899648909,0.02697543561707586,0.9432689771877192,-0.0760036115099571,0.8631407189362954,-0.6704098278692538,0.38535866679122877,0.9985735007953371,False
Core_Temp_°C_,Stearic_Acid,Group_8C vs Group_15C (Reference),0.18375439053244644,0.8603213214650247,-1.8629689944837247,2.2304777755486174,0.05318134298427746,-0.14407254389399804,0.14286092719518825,0.8717159569266948,-0.5987111872426054,0.5719216216065235,0.3266153177276347,0.5560514689149538,0.9985735007953371,False
Core_Temp_°C_,Tryptophan,Group_8C vs Group_15C (Reference),-1.328634246899034,0.8607243071514009,-16.17071031134663,13.513441817548564,0.019742826187108653,-0.18447741835724374,-0.5151768524811305,0.4699757357043336,0.004936870558892248,0.9975317721930399,-1.8438110993801646,0.8067891925648172,0.9985735007953371,False
Mean_Skin_Temp_°C_,Glyceric_acid,Group_8C vs Group_22C Contrast,-0.5650775824544181,0.8611014718708667,-6.894951780291306,5.764796615382469,0.03494577609299088,-0.16610718722096918,-0.2760694032172975,0.9357310154906954,-0.015502351251942437,0.9956411139871251,-0.5805799337063605,0.706524416037674,0.9985735007953371,False
Muscle_Temp2_°C_,L-Aspartic_acid,Group_8C vs Group_15C (Reference),-0.6284617629972528,0.8622805338492308,-7.729108060203424,6.472184534208918,0.10517633443408325,-0.08124526255881603,1.4689806194434443,0.6046669580196558,-0.33839270070381344,0.813402851558503,0.8405188564461915,0.7090318012437666,0.9985735007953371,False
Mean_Skin_Temp_°C_,Nonanoic_acid,Group_8C vs Group_22C Contrast,0.3492938195071637,0.8637113296905318,-3.639106720647002,4.337694359661329,0.21108353043196448,0.046725932605290454,0.8769686377171539,0.5416180506576169,0.14907444297293215,0.9402213774834371,0.49836826248009586,0.2518219720038246,0.9985735007953371,False
Mean_Skin_Temp_°C_,Lysine,Group_22C vs Group_15C (Reference),0.5978944799689994,0.8639899083125506,-6.243140493624013,7.438929453562013,0.21305719927186595,0.04911078245350475,0.6733011840540526,0.7414879661583007,1.271195664023052,0.6534617632349133,-0.288420398536104,0.3096774066793704,0.9985735007953371,False
Core_Temp_°C_,"R*,R*-2,3-Dihydroxybutanoic_acid",Group_8C vs Group_15C (Reference),-1.7112516270928038,0.8641299958728514,-21.311568128993034,17.889064874807428,0.20618205576205095,0.040803317379145,4.137065981042406,0.6056544037372282,-2.301702707790004,0.46058794807173253,2.4258143539496024,0.6851479261549696,0.9985735007953371,False
Mean_Skin_Temp_°C_,2-Aminoadipic_acid,Group_8C vs Group_22C Contrast,-0.5453140462516437,0.8649748006125222,-6.8308029377526776,5.74017484524939,0.0565926651259987,-0.13995052963941812,-0.9202937407430284,0.45602258436134024,0.6841975551944389,0.8290258579089556,0.13888350894279522,0.779455432550213,0.9985735007953371,False
Muscle_Temp1_°C_,Glyceric_acid,Group_22C vs Group_15C (Reference),-0.34301696091874523,0.865763528933712,-4.320138044690605,3.634104122853115,0.24132675116925573,0.08326982432951735,-1.8311008745437236,0.17825056410600126,-2.174117835462469,0.14877724548693072,-3.7071533358531976,0.011184965074495068,0.9985735007953371,False
Muscle_Temp1_°C_,Alanine,Group_8C vs Group_15C (Reference),0.10326917304307545,0.8660232614295599,-1.0964320035235497,1.3029703496097007,0.11307572287525802,-0.07170016819239655,0.3026188267586952,0.06407565130045352,-1.3154621875784795,0.45338873400707635,0.4058879998017707,0.4914004161378114,0.9985735007953371,False
Muscle_Temp1_°C_,Lactic_Acid1,Group_8C vs Group_15C (Reference),0.5333923345679952,0.8662441831097112,-5.673478482692765,6.740263151828755,0.08946039270939998,-0.10023535880947487,0.3357737325155176,0.9036534261537198,-1.876870361521679,0.3220404677372217,0.8691660670835128,0.5694325191599008,0.9985735007953371,False
Muscle_Temp2_°C_,"1,3-Dioxolane-2-methanol",Group_8C vs Group_15C (Reference),0.5977326554889599,0.8665368903952533,-6.373240115901997,7.568705426879917,0.09052549736688409,-0.09894835734834828,1.8572981188904876,0.545874629942203,0.24110123920257154,0.9070023692936966,2.4550307743794475,0.16946617746323378,0.9985735007953371,False
Muscle_Temp2_°C_,Palmitelaidic_acid,Group_8C vs Group_22C Contrast,0.4174119591182178,0.8674460648502322,-4.484390421147338,5.319214339383774,0.052641324908758946,-0.14472506573524946,-0.9584515909486659,0.3004495606064145,-0.05424139472120604,0.975402160664838,0.3631705643970118,0.838118468335648,0.9985735007953371,False
Mean_Body_Temp_°C_,Erythritol,Group_22C vs Group_15C (Reference),-0.8911683455850017,0.8675004761281242,-11.360589101702718,9.578252410532716,0.08134192213718061,-0.11004517741757347,-2.273856043309418,0.6300182979172039,-3.1650243888944196,0.20551918728509477,1.542959641962617,0.7907556999462282,0.9985735007953371,False
Muscle_Temp2_°C_,Lactic_Acid,Group_22C vs Group_15C (Reference),0.48940539530653665,0.8682953198001756,-5.295136832571872,6.273947623184945,0.28615889289976093,0.13744199558721115,0.12362880471023255,0.9637911977120781,0.6130342000167692,0.5899592484607077,3.7767730229778307,0.11565895937656934,0.9985735007953371,False
Mean_Skin_Temp_°C_,Glycine,Group_8C vs Group_22C Contrast,0.5222972010665896,0.8696312661739757,-5.714966010451576,6.759560412584756,0.0363917337980314,-0.16435998832737875,0.8553602868039417,0.6666967930856531,-0.2944993016910854,0.9256907483716412,0.2277978993755042,0.5649521993831839,0.9985735007953371,False
Muscle_Temp1_°C_,Phenylalanine,Group_22C vs Group_15C (Reference),-0.05827984754238057,0.8697336594382208,-0.754795871712341,0.6382361766275798,0.07166708361630691,-0.12173560729696242,0.031592613503914124,0.7511884800149657,-0.026687234038466442,0.9376413902746337,-0.023230072266784467,0.9055846896549002,0.9985735007953371,False
Core_Temp_°C_,Ascorbic_Acid,Group_8C vs Group_22C Contrast,-0.744316236475548,0.8699036371409212,-9.651703632826955,8.163071159875859,0.08459049227778792,-0.10611982183100621,0.34888635090369335,0.9539063194821842,-1.188890358910351,0.6887315245325647,-1.933206595385899,0.5743078361135849,0.9985735007953371,False
Core_Temp_°C_,L-Rhamnose,Group_8C vs Group_22C Contrast,-1.217740119811216,0.8701888537090317,-15.822996410365823,13.38751617074339,0.24762202952533885,0.0908766190097845,-6.431011726926411,0.0962747667540438,2.274764795630399,0.7204738209130244,1.057024675819183,0.7857015004802637,0.9985735007953371,False
Muscle_Temp2_°C_,Arachidonic_acid1,Group_8C vs Group_22C Contrast,-0.2094621044340652,0.8709760662749736,-2.7371603876159396,2.318236178747809,0.0785222258224142,-0.11345231046458282,-1.2139890696265077,0.20169300989283268,0.2066891920502989,0.7912507307995134,-0.0027729123837663128,0.9978443457811346,0.9985735007953371,False
Muscle_Temp1_°C_,Glutamic_Acid,Group_22C vs Group_15C (Reference),0.03902295770931877,0.8711113625462943,-0.43237928411850735,0.5104251995371448,0.04553726430806504,-0.1533091389610881,-0.07059037516451176,0.054138571861275554,-0.031567417455192995,0.8943513462375181,0.12548186409887513,0.8235463955042472,0.9985735007953371,False
Mean_Body_Temp_°C_,Doconexent,Group_8C vs Group_22C Contrast,-0.2339127860770136,0.8716511188202096,-3.0716485670793094,2.6038229949252827,0.09908663093596726,-0.08860365428570627,1.6221549069399936,0.010152784968350785,-0.11183948780126807,0.8831807364105455,-0.34575227387828167,0.7789166908787353,0.9985735007953371,False
Mean_Body_Temp_°C_,L-Proline,Group_8C vs Group_22C Contrast,0.8370047232483446,0.8722315458614378,-9.363730806334065,11.037740252830755,0.17566350880604953,0.0039267398073099535,-1.2530019043256229,0.3476259370794266,1.6101673281977498,0.7209199376739683,2.4471720514460946,0.34694681421534135,0.9985735007953371,False
Mean_Skin_Temp_°C_,L-Alanine,Group_8C vs Group_22C Contrast,-0.38961065382481586,0.8724187212630694,-5.144896219066828,4.365674911417196,0.054629667471587484,-0.14232248513849832,1.0623603702858826,0.4288706425148284,0.5152813257205691,0.8258152701224584,0.1256706718957532,0.8432696192470086,0.9985735007953371,False
Muscle_Temp1_°C_,Doconexent,Group_8C vs Group_15C (Reference),-0.14941701950694533,0.8729167233479862,-1.980259717271668,1.6814256782577774,0.03739104468240595,-0.163152487675426,0.07533190110975686,0.7384097383346281,-0.14017725558422411,0.8355068708323503,-0.07408511839718847,0.9348624423201313,0.9985735007953371,False
Muscle_Temp3_°C_,D---Ribofuranose,Group_8C vs Group_22C Contrast,0.5808514122622328,0.87505349840974,-6.659345079880806,7.8210479044052725,0.1746836274936997,0.0027427165548872257,2.735205221005125,0.07633491265819489,-1.3885145353045738,0.6957915186651484,-0.807663123042341,0.4272673797174362,0.9985735007953371,False
Core_Temp_°C_,Glutamine_[-H2O],Group_8C vs Group_15C (Reference),-0.35120895367129323,0.8751677248550782,-4.73291666351032,4.030498756167734,0.14453864055676147,-0.033682475993913163,-0.49046344632815886,0.6710485306360525,-1.7872439047813216,0.4838718056445881,-0.8416723999994521,0.660161926672612,0.9985735007953371,False
Muscle_Temp3_°C_,Indole-3-Latic_Acid,Group_8C vs Group_15C (Reference),0.10503737178368673,0.8761016071632661,-1.215375171720501,1.4254499152878746,0.2478018427177433,0.09109389328393991,0.15748545142154466,0.811470530686376,0.09997642358343917,0.8168330133284727,0.2625228232052314,0.05006587619401803,0.9985735007953371,False
Mean_Skin_Temp_°C_,Alanine,Group_8C vs Group_22C Contrast,-0.33266080625940686,0.8761715092738502,-4.516957766187206,3.8516361536683923,0.03919830052529372,-0.16096872019860342,0.6889369362963675,0.5307613781477023,0.17186765244937652,0.9345578240371708,-0.16079315381003034,0.7019372266827697,0.9985735007953371,False
Mean_Body_Temp_°C_,L-Norvaline,Group_8C vs Group_15C (Reference),0.8361691432199059,0.876479780504988,-9.707659196906583,11.379997483346393,0.12777885798630073,-0.05393387993321985,-3.8935434179818103,0.3703185365965037,1.0168860632660728,0.8813298562892737,-3.057374274761904,0.3348795294745974,0.9985735007953371,False
Core_Temp_°C_,Leucine,Group_22C vs Group_15C (Reference),-0.5060317841032267,0.8766555207506161,-6.896097451983942,5.884033883777488,0.06565712221420683,-0.12899764399116664,-1.59411640186951,0.23375886969217285,-2.1001481859727367,0.47989788503707675,0.5874280242944454,0.7963721790293865,0.9985735007953371,False
Muscle_Temp3_°C_,Cysteine,Group_22C vs Group_15C (Reference),-0.24618704506397138,0.8769696363694994,-3.362987808477059,2.870613718349116,0.15340002652147267,-0.022974967953220515,1.0987318168765603,0.11874876832927327,0.8525447718125889,0.549869989382429,-0.8936477751323166,0.1511755007287945,0.9985735007953371,False
Muscle_Temp1_°C_,Ornithine,Group_8C vs Group_22C Contrast,0.08863049497672237,0.877011543630799,-1.0338638073058415,1.2111247972592865,0.26884549186262885,0.11652163600067655,0.52602367515073,0.32370976990754086,-0.3798355810233043,0.35981049538997656,-0.2912050860465819,0.46085367944697797,0.9985735007953371,False
Muscle_Temp2_°C_,Campesterol,Group_8C vs Group_22C Contrast,0.19419092340509825,0.8771222093573685,-2.26744594218769,2.655827788997886,0.1462940957052007,-0.03156130102288235,0.5381019603013625,0.12428596647783512,-0.5175339136299347,0.4477096642121836,-0.3233429902248365,0.7592039184082191,0.9985735007953371,False
Core_Temp_°C_,Alanine,Group_8C vs Group_22C Contrast,0.6434391786966898,0.8775084917086948,-7.538964240076613,8.825842597469993,0.058088052169668836,-0.1381436036283168,2.597320744181851,0.15173684678759605,0.6937868860955769,0.7865351905011619,1.3372260647922667,0.6849719982617213,0.9985735007953371,False
Core_Temp_°C_,DL-Ornithine,Group_8C vs Group_15C (Reference),-0.4970797154601787,0.8776016207963393,-6.823009813743664,5.828850382823307,0.20775919218920091,0.042709023895284526,2.917390460699839,0.061177423059618194,0.9796976049700721,0.1685510608391454,2.42031074523966,0.3918349248087438,0.9985735007953371,False
Core_Temp_°C_,"11-Eicosenoic_acid,_E-",Group_22C vs Group_15C (Reference),0.49901217498915296,0.8783543252330431,-5.891116951199205,6.88914130117751,0.20793092819123093,0.04291653823107078,-2.2705530010912316,0.3280069736859893,-1.7715408261020786,0.4390455993519291,0.6088286273437515,0.7502654646039928,0.9985735007953371,False
Muscle_Temp1_°C_,"2,3,4-Trihydroxybutyric_acid",Group_22C vs Group_15C (Reference),-0.3365384892815009,0.8798063906128627,-4.698571525316664,4.025494546753663,0.07240310438948439,-0.12084624886270623,0.15811694837361412,0.8540042760016798,-0.17842154090788676,0.9307447633726551,-1.0233151901889275,0.7047126296195485,0.9985735007953371,False
Mean_Skin_Temp_°C_,beta-Alanine,Group_8C vs Group_15C (Reference),-0.4148466578910396,0.880712104965302,-5.833005946428108,5.00331263064603,0.045829403706771576,-0.1529561371876509,0.5502530258326436,0.8203129938374671,-0.8411332451225938,0.6560639290990673,0.135406367941604,0.9190126622344126,0.9985735007953371,False
Muscle_Temp3_°C_,Erythritol,Group_22C vs Group_15C (Reference),-0.4095557532465872,0.882873698926771,-5.858068147506855,5.038956641013681,0.131952735275233,-0.04889044487576011,-0.9098382864310793,0.4643080066331605,-1.3193940396776664,0.5956592554597444,-2.5383797138249515,0.09936753564354284,0.9985735007953371,False
Core_Temp_°C_,Palmitelaidic_acid,Group_8C vs Group_22C Contrast,0.6106851424461119,0.8846862969789033,-7.642321754482037,8.86369203937426,0.04530452525780082,-0.15359036531349068,-1.6060076067640112,0.3891385728485388,0.5615865118238121,0.7520113017644816,1.172271654269924,0.7587698070985052,0.9985735007953371,False
Muscle_Temp3_°C_,"2-Ethyl-3-hydroxypropionic_acid,_di-",Group_22C vs Group_15C (Reference),-0.3532930547048153,0.885071265009995,-5.143832899150842,4.437246789741211,0.15720569927585726,-0.018376446708339156,-0.20144876653002725,0.7752893371366354,-0.5547418212348425,0.812611598089205,0.32980292073040846,0.730792169000233,0.9985735007953371,False
Muscle_Temp3_°C_,Glyceric_acid,Group_8C vs Group_22C Contrast,0.38424562518837524,0.8851630791822312,-4.830291713835681,5.598782964212431,0.23655331233847987,0.07750191907566328,-1.6862438021758517,0.6125348557996625,-4.515926805069229,0.021267023713168687,-4.131681179880854,0.021585047095763255,0.9985735007953371,False
Core_Temp_°C_,Arachidonic_acid1,Group_8C vs Group_22C Contrast,-0.538156605392828,0.8864593332806276,-7.925353163787645,6.849039953001989,0.04723416867319663,-0.15125871285322057,-2.474281651071782,0.42335568201829765,-0.013208026098449732,0.9928058981216892,-0.5513646314912777,0.8738478166752284,0.9985735007953371,False
Muscle_Temp2_°C_,Glyceric_acid,Group_22C vs Group_15C (Reference),-0.7597160140718522,0.8873821846776088,-11.274070366029898,9.754638337886194,0.236423501683929,0.07734506453474765,-1.6836301277616863,0.7430005437664966,-2.4433461418335387,0.11564567323690222,-4.6613708425163765,0.009957888363782752,0.9985735007953371,False
Muscle_Temp1_°C_,Aminomalonic_acid,Group_8C vs Group_15C (Reference),-0.5051267247109671,0.888028882602545,-7.536650520217576,6.526397070795642,0.34452626921421403,0.20796924196717537,-0.10470954742554875,0.902010072192163,-2.1552036313250995,0.1938300006066085,-0.6098362721365158,0.8611009658065418,0.9985735007953371,False
Muscle_Temp1_°C_,Lysine,Group_8C vs Group_22C Contrast,0.3803333907893467,0.8882480496709189,-4.924577277918644,5.685244059497338,0.2384800871327698,0.07983010528543022,1.1904418516565438,0.25966310666497405,-0.5277510618460519,0.8330834932386959,-0.14741767105670522,0.8858619127515202,0.9985735007953371,False
Muscle_Temp1_°C_,Glycerol-3-P,Group_8C vs Group_22C Contrast,0.11444687856257008,0.8888981515024121,-1.4912665673819399,1.72016032450708,0.17393305605363263,0.001835776064806116,0.08792106224742498,0.5626904903093717,-1.111466464077572,0.08961023820175673,-0.9970195855150018,0.04286819471516057,0.9985735007953371,False
Muscle_Temp3_°C_,Diethanolamine,Group_22C vs Group_15C (Reference),0.5933871820326013,0.8890581157939915,-7.743887308193563,8.930661672258765,0.19875133114508614,0.031824525133645865,0.6510955983993384,0.7111463127660751,1.2444827804319396,0.7479925567465553,-0.16380189376308818,0.9179924071645986,0.9985735007953371,False
Mean_Body_Temp_°C_,N-Acetylglutamine,Group_8C vs Group_15C (Reference),-0.5874352218142719,0.8892311536642432,-8.854060170708335,7.679189727079792,0.299555293974224,0.15362931355218734,-4.323036454980033,0.15781100879877874,1.335405092127135,0.7003987340705677,-4.910471676794305,0.0906342794120607,0.9985735007953371,False
Mean_Body_Temp_°C_,"D-Arabinose,_tetrakis",Group_8C vs Group_22C Contrast,-0.8232607281665434,0.8893815640020939,-12.424585238741088,10.778063782408001,0.13844155303083883,-0.04104979008773646,-8.923612028082543,0.1756253407928542,-1.3603660279843979,0.7138431387035853,-2.1836267561509413,0.6358982497455083,0.9985735007953371,False
Muscle_Temp3_°C_,"1,3-Dioxolane-2-methanol",Group_8C vs Group_15C (Reference),0.5130901184962964,0.8895501051661765,-6.7283064821008205,7.754486719093413,0.12672764496157884,-0.05520409567142548,1.803094321559052,0.5128837328441458,-3.0366143010911104,0.40568050698538327,2.3161844400553484,0.3466653572039142,0.9985735007953371,False
Muscle_Temp1_°C_,Stearic_Acid,Group_8C vs Group_15C (Reference),-0.04917427226997189,0.8910367824231455,-0.7527153799323226,0.6543668353923789,0.08775925334232826,-0.1022909022113534,-0.012249756314385962,0.9624099456910475,-0.3709745222873454,0.3638084136624453,-0.06142402858435785,0.8040542449062011,0.9985735007953371,False
Mean_Skin_Temp_°C_,Ascorbic_Acid,Group_8C vs Group_22C Contrast,-0.13247996821541985,0.8912116968697992,-2.030985306168091,1.7660253697372514,0.3651490802692715,0.23288847199203644,-3.1530955240234237,0.04579678169372813,1.2167097686300887,0.004871612307529638,1.0842298004146689,0.21103120801584296,0.9985735007953371,False
Mean_Skin_Temp_°C_,DL-Ornithine,Group_8C vs Group_15C (Reference),-0.08017453705141876,0.8915320514838585,-1.2325098121139415,1.0721607380111038,0.08862571379881257,-0.10124392915976799,0.009979081714953028,0.9856713655017707,0.7558625836947651,0.012678113967912408,-0.07019545533646573,0.7148743459391258,0.9985735007953371,False
Muscle_Temp3_°C_,Glutamine_[-H2O],Group_8C vs Group_22C Contrast,-0.21072886786470257,0.8918617652900421,-3.248847732263113,2.827389996533708,0.15254673907894778,-0.02400602361293802,-0.8659336419731198,0.231141032418971,0.5144114369145107,0.735619731150565,0.30368256904980817,0.2881861701506425,0.9985735007953371,False
Core_Temp_°C_,Diethanolamine,Group_8C vs Group_22C Contrast,1.0655096192870848,0.8918701174521712,-14.297342641078929,16.4283618796531,0.26193985961885624,0.10817733037278465,6.688818935885311,0.33496087664639873,2.718068857856296,0.6788958363994873,3.7835784771433807,0.376797947668452,0.9985735007953371,False
Muscle_Temp1_°C_,Butanoic_acid,Group_22C vs Group_15C (Reference),-0.14410615713326064,0.8929770175887068,-2.2434571784805954,1.9552448642140743,0.05740111259694425,-0.13897365561202557,0.017731634593095166,0.9771586090944872,-0.12637452254016546,0.8850225199225901,-0.1944588762835605,0.7437880069563949,0.9985735007953371,False
Muscle_Temp1_°C_,Diethanolamine,Group_8C vs Group_22C Contrast,-0.46196350026750865,0.8932475021493844,-7.209166999578002,6.285239999042986,0.2733823846685455,0.12200371480782579,1.8107463674937008,0.05689650016657789,0.005810858947431274,0.9985102233270862,-0.4561526413200774,0.7565535400828352,0.9985735007953371,False
Muscle_Temp1_°C_,Erythritol,Group_22C vs Group_15C (Reference),0.3366222033920363,0.8942932625704489,-4.628749939251385,5.301994346035459,0.12668448359688111,-0.05525624898710202,-1.1915562356274743,0.013966675943185753,-0.854934032235438,0.7309834480252266,-1.6395544331341783,0.4056792898325563,0.9985735007953371,False
Mean_Skin_Temp_°C_,Tyrosine,Group_22C vs Group_15C (Reference),0.2043282778266679,0.8949678737584617,-2.8291043030309995,3.237760858684335,0.03424734697758658,-0.16695112240208276,-0.012929399921327292,0.9576624246785588,0.1913988779053406,0.9003438230934455,-0.10192160853443899,0.45310532604734766,0.9985735007953371,False
Muscle_Temp1_°C_,Methyl_galactoside,Group_8C vs Group_22C Contrast,0.15340893280465817,0.8956735842826682,-2.139618900163782,2.4464367657730985,0.05997437072954459,-0.13586430203513356,0.34432285922575406,0.8056893061265386,-0.8163450859549142,0.2211392605052933,-0.662936153150256,0.49029311963879807,0.9985735007953371,False
Muscle_Temp3_°C_,3-OH-Butanoic_Acid,Group_8C vs Group_15C (Reference),-0.2529937758953287,0.8978343832052776,-4.1148957659966525,3.6089082142059956,0.18800705850473276,0.018841862359885497,0.4370752674088195,0.8231887162192758,-2.2543407261541804,0.0006341762423547337,0.18408149151349085,0.43763097555264263,0.9985735007953371,False
Muscle_Temp3_°C_,2-Keto-3-methylvaleric_acid,Group_8C vs Group_22C Contrast,-0.3160653703647398,0.8978502684505606,-5.141586373130233,4.509455632400753,0.05360210683292166,-0.14356412091021964,0.751049627107961,0.4562794183568196,-0.4032168665043978,0.8543340748933397,-0.7192822368691376,0.5179546856297708,0.9985735007953371,False
Muscle_Temp1_°C_,2-Aminoheptanedioic_acid,Group_22C vs Group_15C (Reference),0.2792457115841991,0.8982200131538355,-3.9996264831945796,4.558117906362978,0.08682030102825877,-0.10342546959085386,0.13712518580343572,0.7881909573835367,0.4163708973876348,0.8444868718725465,1.8817247602848368,0.05142532469314354,0.9985735007953371,False
Mean_Skin_Temp_°C_,Oxalic_acid,Group_8C vs Group_15C (Reference),0.45950747734513303,0.8983351101491537,-6.589524275867214,7.50853923055748,0.3567487312274663,0.2227380502331885,-0.656837928468878,0.8540773550281118,-1.3997315030151256,0.346091266513346,-0.19733045112374498,0.6421586326478121,0.9985735007953371,False
Muscle_Temp3_°C_,Arachidonic_acid,Group_22C vs Group_15C (Reference),0.06950102524819901,0.8993769908541145,-1.0077724311049492,1.1467744816013474,0.06433099442662449,-0.13060004840116202,0.029893360583581136,0.9424244754158503,0.09939438583178015,0.7834394152809272,-0.24929035569682198,0.3164748991813182,0.9985735007953371,False
Muscle_Temp2_°C_,Glycerol,Group_22C vs Group_15C (Reference),0.6133014303649535,0.8994421065572242,-8.899126111242893,10.125728971972801,0.05982523928266592,-0.13604450253344536,0.9140485914073919,0.8320436599299113,1.5273500217723455,0.4937070973855513,-1.4375853663472278,0.7187589580733849,0.9985735007953371,False
Muscle_Temp1_°C_,"R*,R*-2,3-Dihydroxybutanoic_acid",Group_8C vs Group_22C Contrast,-0.1694504057773753,0.8998543470593845,-2.8085849376269123,2.469684126072162,0.14461092377485574,-0.03359513377204926,0.2690034799708472,0.8225412130484095,0.6071217102511471,0.4737490118474874,0.43767130447377184,0.6757395603559901,0.9985735007953371,False
Muscle_Temp2_°C_,1-Heptadecanol,Group_8C vs Group_22C Contrast,-0.16208698316075654,0.9003662097720768,-2.699576346865711,2.3754023805441973,0.08952801237848595,-0.10015365170932933,-1.193137765935884,0.08443570268912981,0.18194690933035296,0.804255611801389,0.01985992616959642,0.9851412207320682,0.9985735007953371,False
Mean_Body_Temp_°C_,L-Aspartic_acid,Group_8C vs Group_15C (Reference),0.43035653692764275,0.9003963718984481,-6.308848938847532,7.1695620127028175,0.1878741218173805,0.01868123052933479,1.2488603297062142,0.6607862275612341,-4.337053037921989,0.2253961515482561,1.679216866633857,0.3841892818133861,0.9985735007953371,False
Mean_Body_Temp_°C_,Glutamine_[-H2O],Group_8C vs Group_15C (Reference),0.1632190186362427,0.9009515953957522,-2.407125715429139,2.733563752701624,0.34395572463721624,0.2072798339366363,0.41880405033750845,0.700381648227772,-3.1361942922679322,0.026451259108715597,0.5820230689737511,0.4263306557062754,0.9985735007953371,False
Mean_Skin_Temp_°C_,"D-Arabinose,_tetrakis",Group_8C vs Group_22C Contrast,0.3788358982966211,0.9016429385832712,-5.629266182076497,6.386937978669739,0.07609158786986048,-0.1163893313239186,-3.261853093879421,0.44915797569948446,-0.7636892627013512,0.7778725454387514,-0.38485336440473006,0.7889577417203448,0.9985735007953371,False
Muscle_Temp2_°C_,2-Aminoheptanedioic_acid,Group_8C vs Group_22C Contrast,0.34657733241732647,0.9018035545534971,-5.15896020618621,5.852114871020863,0.13339291831262245,-0.047150223705581196,-0.9148785154235644,0.6372382880625695,1.6335546032475483,0.514530593026796,1.9801319356648748,0.11851642279169439,0.9985735007953371,False
Mean_Skin_Temp_°C_,"11-Eicosenoic_acid,_E-",Group_8C vs Group_15C (Reference),0.08641188451409731,0.9023017662412058,-1.2932901705836384,1.466113939611833,0.1335308377807095,-0.04698357101497597,-0.2675239484275961,0.6675030340327238,0.5391509370801096,0.4160111922545826,-0.18111206391349877,0.5810425310254264,0.9985735007953371,False
Mean_Body_Temp_°C_,Threonine,Group_22C vs Group_15C (Reference),-0.7564832471206498,0.9025315517725057,-12.863550361144048,11.350583866902747,0.1914498628098661,0.023001917561921603,-2.5422308147183426,0.5255446991774679,-3.2987140618389925,0.48307249288880083,-0.585056193735626,0.5057784989269747,0.9985735007953371,False
Muscle_Temp3_°C_,Stearic_Acid,Group_8C vs Group_15C (Reference),0.04634705624835411,0.9037402315467229,-0.7047704140110461,0.7974645265077543,0.04452243833867797,-0.15453538700743064,-0.08022442318071348,0.7780589563222002,-0.3361713647748295,0.40146792064455283,-0.03387736693235936,0.8949687371896344,0.9985735007953371,False
Muscle_Temp2_°C_,L-Proline,Group_8C vs Group_15C (Reference),0.22396540283134975,0.90559725971186,-3.4774465350786534,3.925377340741353,0.12645232390770023,-0.05553677527819545,-0.9793973685556895,0.46048113894362086,0.7388631333445456,0.6433217708534267,-0.7554319657243398,0.5739796195333655,0.9985735007953371,False
Muscle_Temp2_°C_,Nonanoic_acid,Group_8C vs Group_22C Contrast,-0.20185401339975034,0.9062942015544061,-3.5628268887019723,3.159118861902472,0.20272252447703498,0.03662305040975067,-0.5663155787841462,0.5756350097432824,-0.6586573133921934,0.6810612128875244,-0.8605113267919438,0.15852616158813992,0.9985735007953371,False
Mean_Skin_Temp_°C_,1-Monopalmitin,Group_8C vs Group_15C (Reference),-0.1852930773242936,0.9066106799507991,-3.2809645610912646,2.910378406442677,0.20212940350809439,0.03590636257228075,0.2544417618540352,0.8660957182989123,1.1446658439827593,0.00666924884663489,0.06914868452974163,0.8821804553015526,0.9985735007953371,False
Core_Temp_°C_,beta-Alanine,Group_8C vs Group_15C (Reference),-0.8197778550242065,0.9091333077497782,-14.89766812934657,13.258112419298158,0.1234119621110279,-0.05921054578250784,-0.0828765515824895,0.9806751298914287,-5.024722502315967,0.0099981509069067,-0.902654406606696,0.8863474048257058,0.9985735007953371,False
Mean_Skin_Temp_°C_,Dodecanoic_acid,Group_22C vs Group_15C (Reference),-0.2559347678577259,0.9095946344625548,-4.673579301461653,4.161709765746202,0.13496144245109998,-0.0452549237049209,0.7455171156584527,0.25912526142267456,0.4895823478007268,0.8202760049052469,-0.9874662609761341,0.4292185081397779,0.9985735007953371,False
Muscle_Temp2_°C_,Glycolic_acid,Group_22C vs Group_15C (Reference),-0.41468819405147495,0.9106917048494305,-7.660851680903527,6.831475292800577,0.12073288356900003,-0.062447765687458245,1.4542231660520812,0.6547114660614658,1.0395349720006064,0.5546091047721105,-0.5311330861169516,0.6150912820592684,0.9985735007953371,False
Core_Temp_°C_,Lactic_Acid1,Group_8C vs Group_22C Contrast,-0.9853350112806435,0.9109352900496748,-18.25044963913099,16.279779616569705,0.2147136139154492,0.05111228348116781,6.40204694960619,0.44309217500217657,8.081223595545357,0.06300080812849451,7.0958885842647135,0.354362663735897,0.9985735007953371,False
Mean_Skin_Temp_°C_,N-Acetylglutamine,Group_8C vs Group_15C (Reference),0.19506492917073465,0.9116693632355588,-3.25133733092585,3.641467189267319,0.3377661534008717,0.19980076869272,-1.7930721195805122,0.2784659278907715,1.9576664443865623,0.017636410978608685,-1.5980071904097775,0.007292003527406665,0.9985735007953371,False
Mean_Body_Temp_°C_,Cholesterol,Group_8C vs Group_15C (Reference),0.1554443354191292,0.9118889353780374,-2.597814355313758,2.908703026152016,0.13239061622161774,-0.048361338732211934,0.0716193893240424,0.9588750966628203,-1.874132159198345,0.39005185679286924,0.2270637247431716,0.2804389374098806,0.9985735007953371,False
Muscle_Temp1_°C_,Valine,Group_8C vs Group_15C (Reference),-0.03442105898576918,0.911917979328416,-0.6442950478610531,0.5754529298895147,0.1501178300531093,-0.026940955352492857,-0.21073019300056986,0.3207000450583175,-0.251398211885955,0.6977466853386856,-0.24515125198633902,0.28137714678980896,0.9985735007953371,False
Core_Temp_°C_,Decanoic_acid,Group_8C vs Group_22C Contrast,0.25947016473870765,0.9121824936915024,-4.351823542791682,4.870763872269097,0.00815769507988362,-0.19847611844514046,-0.01409043485462448,0.9928468172230462,-0.14666427665069576,0.9140839399519471,0.11280588808801191,0.9531540285630797,0.9985735007953371,False
Core_Temp_°C_,"2-Ethyl-3-hydroxypropionic_acid,_di-",Group_8C vs Group_22C Contrast,-0.4337850952269362,0.9125309448604251,-8.173832804846285,7.306262614392412,0.26002490481379126,0.10586342664999782,2.471010680574968,0.6691185000629454,2.9075729513249278,0.26667433004854435,2.4737878560979913,0.4027884948371294,0.9985735007953371,False
Muscle_Temp3_°C_,Glyceraldehyde-3-PMOX,Group_22C vs Group_15C (Reference),-0.2160686327201885,0.9125740930406737,-4.073230883603111,3.641093618162734,0.10316289981308158,-0.0836781627258596,0.2544591987115582,0.8812498217613588,0.038390565991369696,0.9689294891467046,0.45623201612478015,0.5327611991851318,0.9985735007953371,False
Muscle_Temp1_°C_,1-Monooleoylglycerol,Group_8C vs Group_15C (Reference),-0.1770986022680617,0.9129934793856709,-3.3538851376210763,2.999687933084953,0.11766629854190813,-0.06615322259519418,0.4195315178651649,0.7796964652195151,-1.0350240675464488,0.2704625891637773,0.2424329155971032,0.6931746955447702,0.9985735007953371,False
Muscle_Temp3_°C_,Glyceraldehyde-3-PMOX,Group_8C vs Group_15C (Reference),0.20177281741322198,0.9133251341000925,-3.4315231102465495,3.8350687450729937,0.10316289981308158,-0.0836781627258596,0.2544591987115582,0.8812498217613588,0.038390565991369696,0.9689294891467046,0.45623201612478015,0.5327611991851318,0.9985735007953371,False
Muscle_Temp2_°C_,Erythritol,Group_8C vs Group_15C (Reference),-0.2797250788270444,0.9143875848038776,-5.379451638567617,4.820001480913528,0.07970162648713586,-0.11202720132804411,-1.0242361980023542,0.42975928535012187,-1.451040258795998,0.42138092867566534,-1.3039612768293987,0.5631894008000407,0.9985735007953371,False
Mean_Body_Temp_°C_,Glyceric_acid,Group_8C vs Group_22C Contrast,0.8093559067800079,0.9144778456783493,-13.962085982782297,15.580797796342312,0.04754305680273885,-0.15088547303002375,-2.1092046309540198,0.8070200584590267,-2.3157682613992154,0.6224247188748508,-1.5064123546192079,0.7981068775171949,0.9985735007953371,False
Muscle_Temp2_°C_,Aminomalonic_acid,Group_8C vs Group_15C (Reference),-0.36939899668369947,0.9146380712173413,-7.123827762824695,6.385029769457296,0.2997394066546416,0.15385178304102531,0.10653242367905406,0.8987492278977123,-1.3105381932055111,0.5788208019719314,-0.2628665730046454,0.9373244541009831,0.9985735007953371,False
Muscle_Temp3_°C_,1-Heptadecanol,Group_22C vs Group_15C (Reference),0.15196953464363763,0.9146460431372425,-2.6270408145137676,2.930979883801043,0.06358914763476897,-0.13149644660798732,-0.7475073232969878,0.4896352593678903,-0.5955377886533502,0.5157791888817029,-0.3243409578785351,0.7040834266885616,0.9985735007953371,False
Muscle_Temp1_°C_,Citric_acid,Group_22C vs Group_15C (Reference),-0.2843200966725942,0.9147216746155684,-5.488204736458917,4.919564543113728,0.14362379514159618,-0.03478791420390448,0.8684340281589984,0.6187754424394076,0.5841139314864041,0.7703398229641798,-0.17611904295944125,0.9006171761828716,0.9985735007953371,False
Muscle_Temp1_°C_,Glycerol,Group_8C vs Group_15C (Reference),-0.43366447123704815,0.915252797609201,-8.420919815751635,7.553590873277539,0.043096265303993686,-0.1562586794243408,-0.7177511881880679,0.48862046235772283,0.16326421780793987,0.9241412950458987,-1.1514156594251161,0.7701730649829326,0.9985735007953371,False
Muscle_Temp1_°C_,"R*,R*-2,3-Dihydroxybutanoic_acid",Group_8C vs Group_15C (Reference),0.1686678245029246,0.9156076419000131,-2.950976499885229,3.2883121488910785,0.14461092377485574,-0.03359513377204926,0.2690034799708472,0.8225412130484095,0.6071217102511471,0.4737490118474874,0.43767130447377184,0.6757395603559901,0.9985735007953371,False
Muscle_Temp2_°C_,"Ethanolamine,_2TMS",Group_22C vs Group_15C (Reference),0.2743035723769834,0.915994073689997,-4.822582693885883,5.37118983863985,0.24240059618553278,0.08456738705751887,-2.85498210945393,0.03881605308013843,-2.5806785370769467,0.24142351931236172,1.7265064214413837,0.3548681379741332,0.9985735007953371,False
Mean_Body_Temp_°C_,2-Aminoheptanedioic_acid,Group_8C vs Group_22C Contrast,-0.3366624407423071,0.9162476572935847,-6.611376702224891,5.938051820740276,0.35109627978695956,0.2159080047425762,-2.944668307648747,0.29760213379298794,5.467739246011405,0.053434510079904074,5.131076805269098,0.0005977417946207986,0.9985735007953371,False
Mean_Body_Temp_°C_,Arachidonic_acid1,Group_8C vs Group_15C (Reference),-0.301187265975883,0.916519151507864,-5.932935270683839,5.330560738732074,0.054973365581539535,-0.14190718325563956,-0.454091901124238,0.7917660966965387,1.3559167430467514,0.4407463487831642,-0.755279167100121,0.7428157463154692,0.9985735007953371,False
Muscle_Temp2_°C_,1H-Indole-3-Acetic_Acid,Group_22C vs Group_15C (Reference),-0.11802206942049087,0.9166289453818307,-2.3277738241605563,2.0917296853195744,0.3116288540774579,0.16821819867692833,0.4768001466341914,0.6597496109252925,0.35877807721370053,0.25235533192960435,1.316625584141865,0.14306663008521814,0.9985735007953371,False
Muscle_Temp1_°C_,L-Norvaline,Group_22C vs Group_15C (Reference),0.33808514723195326,0.9173220519442283,-6.045212872640835,6.721383167104742,0.0763479285603893,-0.11607958632286297,0.1587423611296736,0.9559770747775056,0.49682750836162687,0.7452256348718003,1.2397201680011019,0.6461824418194042,0.9985735007953371,False
Mean_Body_Temp_°C_,Glyceraldehyde-3-PMOX,Group_8C vs Group_15C (Reference),0.15101890262477408,0.9175880988262362,-2.7095678189226677,3.011605624172216,0.17751058571558231,0.006158624406328639,-0.42779584204397875,0.718206694689927,-2.1001045259140154,1.8493713869194295e-05,-0.27677693941920467,0.7450957432560938,0.9985735007953371,False
Muscle_Temp2_°C_,Arginine_[-NH3],Group_8C vs Group_15C (Reference),-0.042169945096360226,0.9184112917421658,-0.8490373215866843,0.764697431393964,0.14025154044322852,-0.03886272196443219,-0.02491811754294393,0.936583892859685,-0.45358791884490113,0.26847273871025346,-0.06708806263930416,0.8017493386255372,0.9985735007953371,False
Mean_Skin_Temp_°C_,Indole-3-Propionic_Acid,Group_8C vs Group_15C (Reference),-0.06528172992914544,0.9185276474572639,-1.3161533659338291,1.1855899060755382,0.07044021931141375,-0.12321806833204163,0.056566249698529206,0.9290469016728916,-0.4488501272804465,0.2531037295735441,-0.008715480230616232,0.886928099944621,0.9985735007953371,False
Mean_Skin_Temp_°C_,1H-Indole-3-Acetic_Acid,Group_22C vs Group_15C (Reference),0.05421929511588214,0.919567243787054,-0.9981580887361807,1.1065966789679451,0.04447868892152573,-0.15458825088648975,-0.4328737529675053,0.2562635802560145,-0.37865445785162316,0.31652428448770564,0.027826989115777745,0.7944744054947785,0.9985735007953371,False
Muscle_Temp3_°C_,Aminomalonic_acid,Group_22C vs Group_15C (Reference),-0.37279174388782255,0.919867085400962,-7.635714748844109,6.890131261068463,0.2903470689664135,0.14250270833441636,-0.5750056216974014,0.5781937016161081,-0.947797365585224,0.789966909491508,-0.5329317457326782,0.8482312119252247,0.9985735007953371,False
Mean_Skin_Temp_°C_,Glycerol-3-P,Group_22C vs Group_15C (Reference),0.22079902618500974,0.921524275260553,-4.172066971786336,4.613665024156356,0.13395523573535684,-0.04647075681977708,-0.7115468698542244,0.639934746433827,-0.4907478436692147,0.7656094700498561,0.4477744683312228,0.5257223937127697,0.9985735007953371,False
Muscle_Temp1_°C_,1-Ethyl-1-tetradecyloxy-1-silacyclohexane,Group_22C vs Group_15C (Reference),-0.22126129519589005,0.9222906008348244,-4.666874917713015,4.224352327321235,0.1341715513208961,-0.04620937548725057,0.5857468161542471,0.789747819348433,0.364485520958357,0.5186558982370719,-0.8824387372850421,0.23622517785229613,0.9985735007953371,False
Muscle_Temp2_°C_,Methyl_galactoside,Group_8C vs Group_15C (Reference),-0.2480685387339013,0.9227102809524247,-5.259447075874407,4.763309998406605,0.05234267075756083,-0.14508593950128068,-0.6357713148939399,0.787944637539028,-0.44174402913049177,0.7208133931026699,-0.8838398536278412,0.3647236808701799,0.9985735007953371,False
Mean_Body_Temp_°C_,Dodecanoic_acid,Group_22C vs Group_15C (Reference),0.5008044177161814,0.92322583322399,-9.684390959305189,10.685999794737553,0.14683852011361243,-0.030903454862718283,-0.08154486954783116,0.9737997005062681,0.4192595481683503,0.9268253142759972,-3.515071823060511,0.34858634842364533,0.9985735007953371,False
Core_Temp_°C_,Doconexent,Group_8C vs Group_22C Contrast,0.2792060714344644,0.9238874109490833,-5.448809957934776,6.007222100803704,0.12664496077926868,-0.05530400572505023,1.5075727772407361,0.14520799290568545,-1.3560066940341498,0.4406479623099,-1.0768006225996853,0.6445672723279225,0.9985735007953371,False
Muscle_Temp3_°C_,2-Aminoheptanedioic_acid,Group_8C vs Group_15C (Reference),0.2598075239636315,0.9245448291697356,-5.1167213552964075,5.63633640322367,0.06666451979430177,-0.12778037191521863,-0.17240947360423486,0.9099681450173019,2.4426852344228114,0.427954451799772,0.08739805035939663,0.9694283460252668,0.9985735007953371,False
Mean_Body_Temp_°C_,L-5-Oxoproline,Group_8C vs Group_15C (Reference),0.7788806960405751,0.9251472579734855,-15.46960289088724,17.02736428296839,0.2611324670038334,0.10720173096296548,0.7119283694778196,0.9295505107079247,2.631713229644544,0.40795595672777685,1.4908090655183948,0.4493706621820355,0.9985735007953371,False
Core_Temp_°C_,"D-Arabinose,_tetrakis",Group_8C vs Group_22C Contrast,-0.9364989860238744,0.925512262324017,-20.569484416869567,18.69648644482182,0.10058816363093215,-0.08678930227929027,-9.62497741032377,0.1034045511063141,-2.147066313203739,0.8057633717648842,-3.0835652992276135,0.5298847413410115,0.9985735007953371,False
Muscle_Temp3_°C_,1-Monopalmitin,Group_8C vs Group_15C (Reference),-0.1104017570755314,0.9257402203712509,-2.4319731263132525,2.2111696121621893,0.11865273501399287,-0.06496127852475864,0.36272573755359394,0.7080600879878095,-0.16426682865443432,0.8099562271540539,0.25232398047806254,0.7112854379318199,0.9985735007953371,False
Muscle_Temp2_°C_,1-Monopalmitin,Group_8C vs Group_15C (Reference),0.1279755278964083,0.92681126681346,-2.6026393197085915,2.8585903755014077,0.14042245965440048,-0.03865619458426606,0.4580464267940951,0.7160772038004097,-0.10713534184844314,0.8548969825219235,0.5860219546905033,0.32529648353233576,0.9985735007953371,False
Muscle_Temp3_°C_,Aminomalonic_acid,Group_8C vs Group_22C Contrast,0.4148656198525458,0.926845594886179,-8.441453659819823,9.271184899524913,0.2903470689664135,0.14250270833441636,-0.5750056216974014,0.5781937016161081,-0.947797365585224,0.789966909491508,-0.5329317457326782,0.8482312119252247,0.9985735007953371,False
Mean_Skin_Temp_°C_,L-Norvaline,Group_8C vs Group_15C (Reference),0.2971350086751027,0.9269899973502866,-6.058401116195446,6.652671133545651,0.0986932473687595,-0.08907899276274889,-1.0853948279542105,0.7234484633831941,0.8119547066381685,0.8118297990777836,-0.7882598192791078,0.4535988538564635,0.9985735007953371,False
Core_Temp_°C_,Palmitic_Acid,Group_8C vs Group_15C (Reference),-0.07176029319021303,0.9281608923320286,-1.6317559023686874,1.4882353159882613,0.18811150361028872,0.018968066862432242,-0.06450999904638222,0.8044481121801506,-0.7148491784056409,0.4254993286981854,-0.13627029223659526,0.8562170774891509,0.9985735007953371,False
Muscle_Temp3_°C_,"2,3,4-Trihydroxybutyric_acid",Group_8C vs Group_22C Contrast,-0.4280256963182052,0.9286342742644803,-9.794927725641907,8.938876333005497,0.10908544890456118,-0.07652174924032185,-1.6364676583996538,0.5074261958023067,1.865868342247876,0.6479123511579863,1.4378426459296707,0.561889874466925,0.9985735007953371,False
Muscle_Temp2_°C_,Glycerol-3-P,Group_8C vs Group_22C Contrast,-0.0956100533821882,0.9292548736320041,-2.206341235503506,2.0151211287391297,0.15073834813578613,-0.02619116266925836,-0.2195840603366554,0.7923971542127362,-0.9311282821004596,0.29405317884521875,-1.0267383354826478,0.09239967577805541,0.9985735007953371,False
Muscle_Temp1_°C_,1-Heptadecanol,Group_22C vs Group_15C (Reference),0.08074616376413771,0.9305987226688831,-1.736416680400626,1.8979090079289016,0.022158534582625178,-0.18155843737932775,-0.17557273886261815,0.8191670114408598,-0.09482657509848044,0.8551416070647138,0.09069172510428486,0.9174507487238501,0.9985735007953371,False
Muscle_Temp3_°C_,1H-Indole-3-Acetic_Acid,Group_22C vs Group_15C (Reference),0.0777459048989198,0.9310267509821104,-1.6827824068202386,1.838274216618078,0.24910915777429454,0.09267356564393925,0.4351319279692489,0.5691852685334072,0.5128778328681687,0.2769568920043428,1.1365878008685726,0.2081444471746412,0.9985735007953371,False
Mean_Body_Temp_°C_,Butanoic_acid,Group_22C vs Group_15C (Reference),0.29072955705922876,0.9323312635266146,-6.419967605303954,7.001426719422412,0.15939939159086325,-0.015725735161040255,2.030114071896873,0.25739043290023056,2.320843628956102,0.42628099609528425,-0.7975057483131014,0.7807632481692375,0.9985735007953371,False
Muscle_Temp2_°C_,Butanoic_acid,Group_8C vs Group_15C (Reference),-0.06990047924842313,0.9352481342424926,-1.756214559435668,1.6164136009388215,0.06765758752011142,-0.12658041507986528,-0.32653353078358943,0.38855307511107784,0.27064954757128784,0.8379291984474686,-0.39643401003201256,0.6078480367685442,0.9985735007953371,False
Mean_Skin_Temp_°C_,Glyceric_acid,Group_8C vs Group_15C (Reference),-0.304510530489063,0.9353637888261189,-7.663848225461506,7.05482716448338,0.03494577609299088,-0.16610718722096918,-0.2760694032172975,0.9357310154906954,-0.015502351251942437,0.9956411139871251,-0.5805799337063605,0.706524416037674,0.9985735007953371,False
Muscle_Temp1_°C_,Nonanoic_acid,Group_8C vs Group_22C Contrast,0.10979874394461109,0.9368723900668837,-2.6073931000507002,2.826990587939922,0.24635354652259467,0.08934386871480193,0.5730174284560772,0.4868831597952351,-0.9086759324246032,0.4642583971971357,-0.7988771884799921,0.19516533957505255,0.9985735007953371,False
Core_Temp_°C_,Glycolic_acid,Group_22C vs Group_15C (Reference),-0.7585479261061581,0.9373171731392858,-19.663480455559593,18.14638460334728,0.1748178193446971,0.002904865041508997,5.171154629116535,0.5576562888365562,4.412606703010377,0.2585205226082097,2.4817480886302663,0.5279420576597766,0.9985735007953371,False
Muscle_Temp3_°C_,2-OH-Butanoic_Acid,Group_8C vs Group_22C Contrast,0.08232951626628848,0.9379072196702662,-1.9891064659490811,2.153765498481658,0.2439868055210891,0.08648405667131609,-1.3888766486581252,0.1288201661593718,0.2803077561448064,0.7676845549312274,0.3626372724110949,0.4358089610331519,0.9985735007953371,False
Core_Temp_°C_,Aminomalonic_acid,Group_8C vs Group_22C Contrast,-0.46242806191443936,0.9384965145683072,-12.208964208337068,11.28410808450819,0.354836635276663,0.22042760095930114,4.24113112709851,0.2594719128325844,4.298942163316622,0.08519520602831188,3.8365141014021824,0.4813005731515856,0.9985735007953371,False
Muscle_Temp3_°C_,2-Aminoadipic_acid,Group_8C vs Group_15C (Reference),-0.1270944483474372,0.9385439041289745,-3.357965790128105,3.103776893433231,0.05650874969815123,-0.14005192744806716,-0.10916578539672843,0.9258053554974051,1.4949882731381006,0.3955903313377276,-0.2362602337441656,0.8384626875371628,0.9985735007953371,False
Core_Temp_°C_,Butanoic_acid,Group_22C vs Group_15C (Reference),-0.3334479141111517,0.9395398520097666,-8.949944072795706,8.2830482445734,0.19803912833679982,0.030963946740299786,1.9373817081525126,0.18853832001026927,1.603933794041361,0.6985810565879906,4.81586973145241,0.037819826417318625,0.9985735007953371,False
Mean_Skin_Temp_°C_,Ornithine,Group_8C vs Group_15C (Reference),0.04520679998613745,0.9401796962799065,-1.135483047580441,1.2258966475527158,0.32908298008423054,0.18930860093511193,0.41133511299668124,0.3447818135666155,-0.559209789606242,0.48938840101000514,0.4565419129828187,0.2728201953393401,0.9985735007953371,False
Muscle_Temp3_°C_,L-+-Erythrulose,Group_22C vs Group_15C (Reference),0.2523536910296731,0.940180110977196,-6.33854658273027,6.843253964789616,0.17933184237312394,0.008359309534191506,2.0462175073285516,0.29474285783737164,2.298571198358225,0.40111107485842323,0.35742181308693577,0.888180325142272,0.9985735007953371,False
Core_Temp_°C_,1-Monooleoylglycerol,Group_8C vs Group_15C (Reference),0.39600157208187137,0.9418187873021298,-10.238493456822429,11.030496600986172,0.2604268530090318,0.10634911405258018,4.965284518346229,0.20265460001379032,1.4240711505131385,0.6592366173037587,5.3612860904281,0.15555060291307954,0.9985735007953371,False
Muscle_Temp3_°C_,Indole-3-Latic_Acid,Group_22C vs Group_15C (Reference),-0.05750902783810549,0.9418809526514854,-1.6035503421556854,1.4885322864794746,0.2478018427177433,0.09109389328393991,0.15748545142154466,0.811470530686376,0.09997642358343917,0.8168330133284727,0.2625228232052314,0.05006587619401803,0.9985735007953371,False
Muscle_Temp2_°C_,Methyl_galactoside,Group_22C vs Group_15C (Reference),0.19402728576344813,0.9420114416990417,-5.0338547626079775,5.421909334134873,0.05234267075756083,-0.14508593950128068,-0.6357713148939399,0.787944637539028,-0.44174402913049177,0.7208133931026699,-0.8838398536278412,0.3647236808701799,0.9985735007953371,False
Mean_Body_Temp_°C_,Alanine,Group_22C vs Group_15C (Reference),0.2373614293174489,0.9421828295236332,-6.1771097957612335,6.651832654396132,0.041487319576974824,-0.158202822177822,0.7642684706093742,0.5384759039827685,1.0016298999268232,0.7407814444759646,-0.5984671301366159,0.6022226043208216,0.9985735007953371,False
Muscle_Temp1_°C_,Dodecanoic_acid,Group_22C vs Group_15C (Reference),0.0683563300319201,0.9434094823722783,-1.819020495647896,1.9557331557117361,0.23193803285496706,0.07192512303308529,-1.1066365801370506,0.00013720845775263866,-1.0382802501051305,0.25814438021839914,1.9176764985621861,0.36146591091734526,0.9985735007953371,False
Core_Temp_°C_,Arginine_[-NH3],Group_8C vs Group_15C (Reference),0.07696125315194603,0.9451195096530124,-2.114326562027306,2.268249068331198,0.0895457764914297,-0.1001321867395224,-0.5838053430978032,0.2973651029566452,-0.1576391729629848,0.9083895296087907,-0.5068440899458572,0.6003839186796611,0.9985735007953371,False
Core_Temp_°C_,"2-Ethyl-3-hydroxypropionic_acid,_di-",Group_22C vs Group_15C (Reference),0.4365622707499597,0.9451627451381008,-12.00332115680476,12.87644569830468,0.26002490481379126,0.10586342664999782,2.471010680574968,0.6691185000629454,2.9075729513249278,0.26667433004854435,2.4737878560979913,0.4027884948371294,0.9985735007953371,False
Muscle_Temp3_°C_,"Ethanolamine,_2TMS",Group_22C vs Group_15C (Reference),-0.22584991721246106,0.9457505077277045,-6.731300510678824,6.279600676253902,0.18294877736066673,0.012729772644138992,-2.8937631244713096,0.11610206454840011,-3.1196130416837704,0.2585975728523111,0.7968176475907138,0.6101346329044541,0.9985735007953371,False
Muscle_Temp1_°C_,4-Aminobutanoic_acid,Group_8C vs Group_15C (Reference),-0.20826992551976511,0.9466866287746031,-6.312839074039634,5.896299223000104,0.06327222253459197,-0.13187939777070135,0.0378722164759518,0.8871003920771865,0.5953526942869007,0.6572801378706741,-0.17039770904381332,0.9562097562361043,0.9985735007953371,False
Muscle_Temp3_°C_,Oxalic_acid,Group_8C vs Group_22C Contrast,0.1949442834004147,0.9472891548500472,-5.584557298140758,5.974445864941587,0.40480104262636096,0.2808012598401862,-0.3197000157695238,0.8903563439284227,1.9921745741881292,0.40997841833619075,2.187118857588544,0.195040652308613,0.9985735007953371,False
Core_Temp_°C_,Methionine,Group_8C vs Group_22C Contrast,0.2422603014311926,0.9477579986978462,-7.0045670933419775,7.489087696204363,0.14745079051769094,-0.03016362812445661,0.6733639325217323,0.3288184493927214,-1.3255553894041392,0.5564928945703789,-1.0832950879729464,0.7116596391945531,0.9985735007953371,False
Muscle_Temp1_°C_,Butanoic_acid,Group_8C vs Group_22C Contrast,-0.06808435374339505,0.9486525962636783,-2.14025186439886,2.0040831569120705,0.05740111259694425,-0.13897365561202557,0.017731634593095166,0.9771586090944872,-0.12637452254016546,0.8850225199225901,-0.1944588762835605,0.7437880069563949,0.9985735007953371,False
Core_Temp_°C_,Decanoic_acid,Group_22C vs Group_15C (Reference),-0.1325738417960713,0.9491305493155153,-4.205386280113005,3.9402385965208624,0.00815769507988362,-0.19847611844514046,-0.01409043485462448,0.9928468172230462,-0.14666427665069576,0.9140839399519471,0.11280588808801191,0.9531540285630797,0.9985735007953371,False
Muscle_Temp2_°C_,Indole-3-Propionic_Acid,Group_8C vs Group_15C (Reference),-0.023205042754504312,0.9493672570950926,-0.7394264083618212,0.6930163228528126,0.08578820073115612,-0.10467259078318625,-0.14006364771268187,0.6831760300715043,0.45214313679718143,0.294090758574602,-0.16326869046718617,0.19345074040807608,0.9985735007953371,False
Mean_Skin_Temp_°C_,Butanoic_acid,Group_22C vs Group_15C (Reference),0.12518827925459436,0.9493889158242989,-3.740391433428838,3.9907679919380263,0.1680626005659509,-0.00525769098280926,1.0107637868135462,0.2801195468251454,1.1359520660681406,0.5129102145236031,-0.39623989271278215,0.6139425375940823,0.9985735007953371,False
Mean_Skin_Temp_°C_,beta-D-Xylopyranose,Group_8C vs Group_15C (Reference),-0.1787739912216907,0.9495712769363702,-5.718969213218081,5.361421230774699,0.07109022780236252,-0.1224326414054786,0.31224636639194586,0.8657551170487559,1.178839112684109,0.5043783982542749,0.13347237517025518,0.9502625200397845,0.9985735007953371,False
Core_Temp_°C_,Lactic_Acid1,Group_8C vs Group_15C (Reference),0.6938416346585236,0.9511695493783157,-21.512979919795995,22.90066318911304,0.2147136139154492,0.05111228348116781,6.40204694960619,0.44309217500217657,8.081223595545357,0.06300080812849451,7.0958885842647135,0.354362663735897,0.9985735007953371,False
Core_Temp_°C_,Aminomalonic_acid,Group_8C vs Group_15C (Reference),-0.40461702569632724,0.9512641033997357,-13.379786000425756,12.570551949033103,0.354836635276663,0.22042760095930114,4.24113112709851,0.2594719128325844,4.298942163316622,0.08519520602831188,3.8365141014021824,0.4813005731515856,0.9985735007953371,False
Core_Temp_°C_,Tyrosine,Group_8C vs Group_15C (Reference),0.09951808859727142,0.951381809017761,-3.0995417641158456,3.2985779413103886,0.06365070966850195,-0.13142205915056016,0.5211290447992413,0.5357582205649952,-1.1078659602905176,0.6233057810742648,0.6206471333965127,0.6571957070251364,0.9985735007953371,False
Muscle_Temp1_°C_,Valine,Group_22C vs Group_15C (Reference),-0.04066801888538515,0.9523957428673618,-1.3758408093830496,1.2945047716122793,0.1501178300531093,-0.026940955352492857,-0.21073019300056986,0.3207000450583175,-0.251398211885955,0.6977466853386856,-0.24515125198633902,0.28137714678980896,0.9985735007953371,False
Mean_Skin_Temp_°C_,"1,5-Anhydrohexitol",Group_8C vs Group_15C (Reference),0.16776793703226336,0.9526276022335288,-5.367215869157426,5.702751743221953,0.13380778382835679,-0.04664892787406871,-1.1178074992479008,0.5203419801377906,-0.0695846012399528,0.9179345883420642,-0.9500395622156375,0.6694113790731895,0.9985735007953371,False
Muscle_Temp3_°C_,Citric_acid,Group_22C vs Group_15C (Reference),-0.20387660653921003,0.9529331648314444,-6.973873107052713,6.566119893974292,0.11537146340826221,-0.0689261483816832,0.8740264387486473,0.5667674919051033,0.6701498322094372,0.8287875260669366,-0.06329196566760364,0.9605560451168262,0.9985735007953371,False
Mean_Skin_Temp_°C_,Glyceric_acid,Group_22C vs Group_15C (Reference),0.26056705196535507,0.9532728744767877,-8.454888810969257,8.976022914899966,0.03494577609299088,-0.16610718722096918,-0.2760694032172975,0.9357310154906954,-0.015502351251942437,0.9956411139871251,-0.5805799337063605,0.706524416037674,0.9985735007953371,False
Muscle_Temp1_°C_,Doconexent,Group_8C vs Group_22C Contrast,0.06609213718703563,0.9533692301514983,-2.1491739000586323,2.281358174432704,0.03739104468240595,-0.163152487675426,0.07533190110975686,0.7384097383346281,-0.14017725558422411,0.8355068708323503,-0.07408511839718847,0.9348624423201313,0.9985735007953371,False
Mean_Body_Temp_°C_,Glyceric_acid,Group_8C vs Group_15C (Reference),0.602792276334812,0.9540083024040721,-19.882194119507393,21.08777867217702,0.04754305680273885,-0.15088547303002375,-2.1092046309540198,0.8070200584590267,-2.3157682613992154,0.6224247188748508,-1.5064123546192079,0.7981068775171949,0.9985735007953371,False
Mean_Skin_Temp_°C_,"2,3-Butanediol",Group_8C vs Group_22C Contrast,-0.08278321584136705,0.9542135908176405,-2.9087254192250387,2.7431589875423046,0.04981670468426158,-0.1481381485065172,-1.3159391584779387,0.7449840165687216,0.5844738716858544,0.6215082367405163,0.5016906558444874,0.5421418766828712,0.9985735007953371,False
Muscle_Temp3_°C_,Nonanoic_acid,Group_22C vs Group_15C (Reference),-0.11696486707618414,0.9551065548660777,-4.189185559960307,3.955255825807938,0.22835067665448328,0.06759040095750068,-0.004626166596780258,0.9935953713031807,-0.1215910336729644,0.9514292039462211,-1.4413688716664381,0.08541936441912812,0.9985735007953371,False
Core_Temp_°C_,Valine,Group_22C vs Group_15C (Reference),0.15566227535538196,0.955223521157345,-5.278009987037298,5.589334537748061,0.16861831307062114,-0.004586205039666114,-1.4257100828830194,0.3367521025922289,-1.2700478075276374,0.5875514680274239,0.9108930286950707,0.4683351709567738,0.9985735007953371,False
Muscle_Temp1_°C_,"11-Eicosenoic_acid,_E-",Group_8C vs Group_15C (Reference),0.022972216931769273,0.9564937904846276,-0.8023517119961631,0.8482961458597017,0.22368752178845375,0.061955755494381703,-0.5744313028858168,0.04017163611378482,-0.3250999083531657,0.5503008669253877,-0.5514590859540475,0.07958803897434041,0.9985735007953371,False
Core_Temp_°C_,Glyceric_acid,Group_22C vs Group_15C (Reference),-0.6826418605191347,0.9568080032619317,-25.38654136728184,24.021257646243573,0.10300476970242112,-0.08386923660957435,-5.223289986226458,0.6639508343851441,-5.905931846745593,0.11873187152882858,3.3957875160599595,0.748345268222874,0.9985735007953371,False
Mean_Body_Temp_°C_,1-Monopalmitin,Group_22C vs Group_15C (Reference),-0.19540483183834909,0.9578535961301208,-7.442447395241282,7.0516377315645835,0.26398565612645686,0.11064933448613545,2.3582646987665767,0.5032833316836894,2.1628598669282275,0.0538194540282555,0.2608364219983681,0.8818743585472131,0.9985735007953371,False
Muscle_Temp1_°C_,Glutamine_[-H2O],Group_8C vs Group_22C Contrast,-0.04947923911134372,0.9585938210658379,-1.9174020192291494,1.818443541006462,0.08490662240590374,-0.10573783125953296,-0.0035190669647544204,0.98954672666711,0.1808913256080742,0.8434756996349948,0.13141208649673047,0.6167258832369091,0.9985735007953371,False
Core_Temp_°C_,Decanoic_acid,Group_8C vs Group_15C (Reference),0.1268963229426364,0.9592147651655757,-4.736559348596225,4.9903519944814985,0.00815769507988362,-0.19847611844514046,-0.01409043485462448,0.9928468172230462,-0.14666427665069576,0.9140839399519471,0.11280588808801191,0.9531540285630797,0.9985735007953371,False
Muscle_Temp2_°C_,Erythritol,Group_8C vs Group_22C Contrast,0.14707898196659946,0.9593928808225547,-5.514752739059294,5.808910702992493,0.07970162648713586,-0.11202720132804411,-1.0242361980023542,0.42975928535012187,-1.451040258795998,0.42138092867566534,-1.3039612768293987,0.5631894008000407,0.9985735007953371,False
Muscle_Temp2_°C_,Nonanoic_acid,Group_22C vs Group_15C (Reference),-0.09234173460804723,0.9611380510213179,-3.806751242305563,3.622067773089469,0.20272252447703498,0.03662305040975067,-0.5663155787841462,0.5756350097432824,-0.6586573133921934,0.6810612128875244,-0.8605113267919438,0.15852616158813992,0.9985735007953371,False
Mean_Body_Temp_°C_,Indole-3-Propionic_Acid,Group_8C vs Group_15C (Reference),0.052372007622994265,0.9616601669378216,-2.0829821983638976,2.1877262136098863,0.0213067534080551,-0.18258767296526668,-0.03483461514487973,0.9736120474199113,-0.47155941137580487,0.6533719233459174,0.017537392478114533,0.9499237323646725,0.9985735007953371,False
Core_Temp_°C_,Phenylalanine,Group_8C vs Group_15C (Reference),-0.03046486985798504,0.9637563126836612,-1.3444960429095278,1.2835663031935578,0.08957980031176804,-0.10009107462328015,0.06286724377018185,0.9093669895452636,-0.41984964195732255,0.6390866157241746,0.032402373912196816,0.9320701184684876,0.9985735007953371,False
Muscle_Temp2_°C_,Lysine,Group_8C vs Group_22C Contrast,0.10433003411371189,0.964151096265028,-4.445376721427728,4.6540367896551516,0.2456815667361376,0.08853189313949972,2.4809812029857943,0.3899933592799243,-0.07757378249427704,0.9703452862059816,0.026756251619434845,0.9790078839934753,0.9985735007953371,False
Mean_Skin_Temp_°C_,Indole-3-Latic_Acid,Group_8C vs Group_15C (Reference),0.013362483890043932,0.9646770389812657,-0.5780306915407915,0.6047556593208793,0.3146636349120284,0.1718852255187011,0.05595200415935459,0.8410183063309646,-0.5011777284693468,0.016936478227984386,0.06931448804939852,0.5469124329232755,0.9985735007953371,False
Muscle_Temp3_°C_,L-5-Oxoproline,Group_8C vs Group_15C (Reference),-0.18723199577502614,0.9649596607409306,-8.540573632214361,8.16610964066431,0.26812990807658466,0.11565697225920646,-1.303947218152082,0.7514222105214785,0.5021548197496257,0.8183100593790238,-1.491179213927108,0.17688210582249653,0.9985735007953371,False
Mean_Body_Temp_°C_,4-Aminobutanoic_acid,Group_8C vs Group_22C Contrast,-0.13527561129018828,0.9650413177677233,-6.184804594992019,5.914253372411642,0.17709500660995336,0.0056564663203604315,0.3668781397425277,0.8960744916902903,2.7263667141355166,0.3339821910736227,2.5910911028453283,0.03821297961984227,0.9985735007953371,False
Core_Temp_°C_,Asparagine,Group_8C vs Group_15C (Reference),-0.39261347345255576,0.9654180254775023,-18.141353340272705,17.356126393367592,0.07577470129509456,-0.116772235935094,3.317056447348797,0.6445990949833265,-2.252458387252023,0.3750557780456665,2.9244429738962414,0.5951900929718279,0.9985735007953371,False
Muscle_Temp2_°C_,"R*,R*-2,3-Dihydroxybutanoic_acid",Group_8C vs Group_22C Contrast,0.06669286728769563,0.9663494198592112,-3.031826090989211,3.1652118255646022,0.22534306098778967,0.06395619869357927,2.2646762270875347,0.0917117635030555,0.43766544400791974,0.6673715061059715,0.5043583112956154,0.6765911698641083,0.9985735007953371,False
Mean_Skin_Temp_°C_,alpha-D-Glucopyranoside,Group_8C vs Group_15C (Reference),0.07498501034001027,0.9685968936011665,-3.6581855067672464,3.8081555274472674,0.2552034358290407,0.1000374849600909,0.5803824092897825,0.7427974682068703,2.9795937510682906,0.02263085917025287,0.6553674196297927,0.3539345109851568,0.9985735007953371,False
Core_Temp_°C_,"9-Hexadecenoic_acid,_Z-",Group_8C vs Group_22C Contrast,-0.10660998852614978,0.9687924730714181,-5.447626231057938,5.234406254005639,0.17614174775041236,0.004504611865081665,2.210568289087362,0.0025810169083700834,0.9911793248426759,0.5173682816925753,0.8845693363165261,0.6947642330505202,0.9985735007953371,False
Mean_Skin_Temp_°C_,Diethanolamine,Group_22C vs Group_15C (Reference),-0.16327177693123296,0.9689829011441135,-8.393060179507728,8.066516625645264,0.2593378185890318,0.10503319746174689,0.7236156669177226,0.7705083484254418,0.5603438899864897,0.8686321974336912,-1.2492413597291647,0.31989214119557596,0.9985735007953371,False
Muscle_Temp2_°C_,"11-Eicosenoic_acid,_E-",Group_22C vs Group_15C (Reference),0.03483323860096044,0.9695529935951464,-1.7538439452661916,1.8235104224681125,0.12283256533779219,-0.05991065021683428,-0.14463653096764556,0.8291629008014171,-0.10980329236668512,0.859271460656815,-0.6110234655814155,0.05689338879839645,0.9985735007953371,False
Core_Temp_°C_,"2,3,4-Trihydroxybutyric_acid",Group_8C vs Group_15C (Reference),0.3221569867973319,0.9718324651125899,-17.559865102985036,18.2041790765797,0.19417562091523566,0.026295541939243106,3.4918690422729295,0.06787994527034615,8.400259540297164,0.1095981404160975,3.8140260290702614,0.6689888950680736,0.9985735007953371,False
Muscle_Temp1_°C_,Oxalic_acid,Group_22C vs Group_15C (Reference),0.08760240313514855,0.9724397508254603,-4.882148759516776,5.057353565787073,0.45610417949022497,0.3427925502173552,0.7196663585078731,0.4942729027063095,0.8072687616430216,0.7263644985863957,2.8878394494895048,0.003807240923596078,0.9985735007953371,False
Muscle_Temp2_°C_,Doconexent,Group_8C vs Group_22C Contrast,-0.038874260826154305,0.9729599721447503,-2.2867276661928093,2.2089791445405007,0.048692151422311536,-0.1494969836980402,0.3539986341165081,0.6204219389928398,-0.1156137928116201,0.8571892560660543,-0.1544880536377744,0.8708208979598275,0.9985735007953371,False
Mean_Body_Temp_°C_,2-Aminoadipic_acid,Group_8C vs Group_22C Contrast,0.1857734322513358,0.9731735779472807,-10.641899697016367,11.01344656151904,0.06068390335924856,-0.13500695010757457,-2.4619956635722766,0.2204345441143416,0.5230453279219689,0.9226637806920315,0.7088187601733047,0.5613621353629763,0.9985735007953371,False
Muscle_Temp1_°C_,L-+-Erythrulose,Group_8C vs Group_22C Contrast,0.07494134325787538,0.9758930691802357,-4.78587926449552,4.935761951011271,0.2536926522163946,0.09821195476147682,-1.1113784188876759,0.5975921548087342,1.9221508684516824,0.2107466536330509,1.9970922117095578,0.3050695785596904,0.9985735007953371,False
Muscle_Temp1_°C_,Ethyl_alpha-D-glucopyranoside,Group_8C vs Group_15C (Reference),0.044085955848160115,0.9763141707584478,-2.866202376595463,2.9543742882917834,0.14987007403146013,-0.02724032721198566,0.24338883422073576,0.8487370680029716,-1.9518459386008618,0.10187366533566178,0.28747479006889587,0.7049544910800964,0.9985735007953371,False
Muscle_Temp3_°C_,L-Norvaline,Group_8C vs Group_22C Contrast,0.13582952626252132,0.9766470991026388,-8.95885129840574,9.230510350930782,0.2296630349844888,0.06917616727292408,4.392037562886471,0.011501142102202478,0.8538976770123203,0.8278715097221487,0.9897272032748416,0.6888157332419955,0.9985735007953371,False
Muscle_Temp1_°C_,D---Ribofuranose,Group_8C vs Group_22C Contrast,-0.06390008301442274,0.97686876225015,-4.3834434098842365,4.255643243855392,0.2694181465494947,0.11721359374730611,2.3133444688027973,0.00015026360205973432,-0.925672560235383,0.6176120811348369,-0.9895726432498058,0.40612857999832896,0.9985735007953371,False
Core_Temp_°C_,N-Acetylglutamine,Group_22C vs Group_15C (Reference),0.2035802198342198,0.9770038572860845,-13.638730602461766,14.045891042130208,0.16250005912656085,-0.011979095222072189,-2.2810843065926623,0.7326618431972152,-2.0775040867584424,0.3661583899621714,3.4413505107399294,0.6523676970300212,0.9985735007953371,False
Muscle_Temp2_°C_,"2-Ethyl-3-hydroxypropionic_acid,_di-",Group_22C vs Group_15C (Reference),0.0567987947223938,0.9791417855117325,-4.2011522943329584,4.314749883777747,0.21529303748305084,0.05181242029201982,-0.8500161029267558,0.511861605839602,-0.793217308204362,0.6491685188371932,0.7853295480170827,0.24660538167197354,0.9985735007953371,False
Muscle_Temp1_°C_,Palmitic_Acid,Group_8C vs Group_15C (Reference),-0.005040333791539154,0.9793448181444017,-0.38660654635430386,0.3765258787712255,0.2328715748758079,0.07305315297493464,-0.004072732572599922,0.9386675574717476,-0.4336568909453556,0.2772598615541799,-0.009113066364139076,0.9612039380531365,0.9985735007953371,False
Muscle_Temp2_°C_,Cholesterol,Group_8C vs Group_15C (Reference),0.03907526307581882,0.9800271591837996,-3.0201035235744698,3.0982540497261075,0.12710689569008193,-0.054745834374484215,-0.7211557581700414,0.5998207473334479,-0.2145976329070537,0.6745436490414589,-0.6820804950942225,0.35635522345262016,0.9985735007953371,False
Mean_Body_Temp_°C_,"2-Ethyl-3-hydroxypropionic_acid,_di-",Group_22C vs Group_15C (Reference),0.09622899253494177,0.9818717014972711,-8.204183539981656,8.396641525051539,0.20766697290992053,0.042597592266154005,1.38654719503727,0.6740768805208868,1.4827761875722119,0.5769569862706581,-1.22810476016293,0.35140612321528586,0.9985735007953371,False
Core_Temp_°C_,1-Monopalmitin,Group_8C vs Group_22C Contrast,0.07932771543480266,0.9822156573562159,-6.895721838395801,7.054377269265405,0.26798339662414905,0.11547993758751351,4.220379128026064,0.11355243728897975,1.2452557154915156,0.25083233294490936,1.3245834309263183,0.6959484206932829,0.9985735007953371,False
Core_Temp_°C_,2-Aminoadipic_acid,Group_22C vs Group_15C (Reference),0.15643661861028324,0.9822385762147764,-13.616067886980971,13.928941124201536,0.07189500948449579,-0.12146019687290077,-0.8932166885241012,0.5443405300376127,-0.736780069913818,0.9146028304162181,3.944348035733198,0.4617157760325994,0.9985735007953371,False
Mean_Body_Temp_°C_,Glyceric_acid,Group_22C vs Group_15C (Reference),-0.20656363044519588,0.9832387310542667,-19.477515628581102,19.06438836769071,0.04754305680273885,-0.15088547303002375,-2.1092046309540198,0.8070200584590267,-2.3157682613992154,0.6224247188748508,-1.5064123546192079,0.7981068775171949,0.9985735007953371,False
Muscle_Temp2_°C_,L-Norvaline,Group_8C vs Group_22C Contrast,-0.07198640638306708,0.9833721217679976,-6.8418255801570265,6.697852767390891,0.17153366518055801,-0.0010634879068256442,3.4481819214507503,0.19996868048784766,1.0623856510379497,0.6254436223792761,0.9903992446548826,0.71193101923928,0.9985735007953371,False
Mean_Skin_Temp_°C_,Glycerol,Group_8C vs Group_22C Contrast,0.05553644090681509,0.9852244463799813,-5.822138853725743,5.933211735539373,0.22662161392994717,0.06550111683201953,4.5968491323109495,0.15345047242982968,-1.5477274610881233,0.5540370331458562,-1.4921910201813082,0.3089875928702992,0.9985735007953371,False
Mean_Body_Temp_°C_,1H-Indole-3-Acetic_Acid,Group_8C vs Group_15C (Reference),0.02618072574279507,0.9860411435768007,-2.906723205431924,2.9590846569175144,0.01804422510036996,-0.18652989467038616,0.22336656815090056,0.8700163856094217,-0.5250280072793967,0.69942072880617,0.24954729389369562,0.6840284156371714,0.9985735007953371,False
Muscle_Temp2_°C_,Glutamine_[-H2O],Group_22C vs Group_15C (Reference),0.01946628715781623,0.9867085754713487,-2.270766674662108,2.3096992489777404,0.10407401430453767,-0.08257723271535022,-0.3855060838815931,0.5433177513487322,-0.36603979672377684,0.7091621580835104,0.14655431793255697,0.5853730220038529,0.9985735007953371,False
Core_Temp_°C_,L-Norvaline,Group_8C vs Group_22C Contrast,-0.20273242545120798,0.9867862383731032,-24.195095644681043,23.789630793778624,0.05518471666956637,-0.14165180069094063,-0.5735430573650893,0.9537272667989551,-0.3439307754581111,0.976968530605683,-0.5466632009093191,0.84595583031376,0.9985735007953371,False
Mean_Skin_Temp_°C_,Valine,Group_22C vs Group_15C (Reference),0.0436280492174404,0.9872497856849092,-5.3071628188719275,5.394418917306809,0.33271774757566064,0.19370061165392327,-1.506454906289396,0.33945957692417494,-1.4628268570719556,0.511548476780251,0.04365011477758074,0.5649602327896726,0.9985735007953371,False
Muscle_Temp3_°C_,beta-Alanine,Group_8C vs Group_22C Contrast,0.027319587902315146,0.9873433380993767,-3.3481397707439635,3.402778946548594,0.28712584850801437,0.1386104002805174,-0.3665697289129118,0.7672863001206303,-2.998807444337245,0.03726239869021186,-2.97148785643493,0.0016640624856365527,0.9985735007953371,False
Core_Temp_°C_,Campesterol,Group_8C vs Group_15C (Reference),0.027294118284342965,0.9874064532478102,-3.361858527032528,3.4164467636012144,0.1313049295495885,-0.049673210127580525,1.4754960396712848,0.028424512810381004,0.10015222879140584,0.9284436514806682,1.5027901579556278,0.34540508547224436,0.9985735007953371,False
Muscle_Temp2_°C_,L-+-Erythrulose,Group_8C vs Group_22C Contrast,0.040230022763855455,0.9876742557297581,-5.063832476517209,5.144292522044921,0.186557561554608,0.017090386878484742,0.8471981957064358,0.5493399601395121,1.715850368453505,0.2864083583987631,1.7560803912173604,0.3909869711184659,0.9985735007953371,False
Core_Temp_°C_,4-Aminobutanoic_acid,Group_8C vs Group_22C Contrast,-0.11363639784851554,0.9878633411037017,-14.755545172972457,14.528272377275428,0.1211269512414006,-0.06197160058330753,-0.24031961977964836,0.9191586239951813,3.054678963038125,0.42139285389043524,2.9410425651896093,0.6474935977762553,0.9985735007953371,False
Core_Temp_°C_,2-Aminoheptanedioic_acid,Group_8C vs Group_15C (Reference),0.1156513899958323,0.9878634149464446,-14.785703473196618,15.017006253188283,0.13752440097011365,-0.042158015494445866,-1.881378756209777,0.6593354911636118,5.899318253602119,0.20212260484798472,-1.7657273662139448,0.7789944899952987,0.9985735007953371,False
Core_Temp_°C_,L-Norvaline,Group_22C vs Group_15C (Reference),0.22961228190697813,0.9881652943677789,-30.10998987423019,30.569214438044146,0.05518471666956637,-0.14165180069094063,-0.5735430573650893,0.9537272667989551,-0.3439307754581111,0.976968530605683,-0.5466632009093191,0.84595583031376,0.9985735007953371,False
Muscle_Temp3_°C_,Aminomalonic_acid,Group_8C vs Group_15C (Reference),0.0420738759647232,0.988699438449115,-5.780112844533879,5.864260596463326,0.2903470689664135,0.14250270833441636,-0.5750056216974014,0.5781937016161081,-0.947797365585224,0.789966909491508,-0.5329317457326782,0.8482312119252247,0.9985735007953371,False
Mean_Skin_Temp_°C_,Lactic_Acid,Group_8C vs Group_22C Contrast,-0.015173425583027589,0.9887980320476117,-2.1333939801500312,2.1030471289839756,0.07123632246262945,-0.12225611035765604,1.3601566241057292,0.37471238084037195,0.28741686981276016,0.7513649062535048,0.27224344422973257,0.6430418979535615,0.9985735007953371,False
Muscle_Temp2_°C_,Asparagine,Group_8C vs Group_15C (Reference),-0.03944386440678585,0.988993961451503,-5.6437623393411105,5.564874610527539,0.2736586931987828,0.12233758761519586,2.5846167530875173,0.26478961967572834,-1.0741379628538672,0.2565884776602796,2.545172888680731,0.12853873908213131,0.9985735007953371,False
Muscle_Temp3_°C_,Glycerol,Group_8C vs Group_15C (Reference),0.05836323667373509,0.989039877448316,-8.268826348890073,8.385552822237543,0.07718015053131888,-0.11507398477465625,-0.6247094043395832,0.7917766653120745,3.716930656001175,0.3263936875859925,-0.5663461676658481,0.8724892199346668,0.9985735007953371,False
Core_Temp_°C_,Aminomalonic_acid,Group_22C vs Group_15C (Reference),0.05781103621811212,0.9897834542442598,-8.790959920826344,8.906581993262568,0.354836635276663,0.22042760095930114,4.24113112709851,0.2594719128325844,4.298942163316622,0.08519520602831188,3.8365141014021824,0.4813005731515856,0.9985735007953371,False
Muscle_Temp1_°C_,Leucine,Group_22C vs Group_15C (Reference),0.01677165840417727,0.9900845532659495,-2.628319819083857,2.6618631358922116,0.04664818284319583,-0.15196677906447165,-0.23223656339760823,0.5623758934030602,-0.21546490499343096,0.8672107479211846,-0.619997404022963,0.21798322440438667,0.9985735007953371,False
Muscle_Temp1_°C_,L-Aspartic_acid,Group_8C vs Group_15C (Reference),-0.02586372999502921,0.9907114499771528,-4.380196100560784,4.328468640570726,0.15845641594525883,-0.016865164066145466,1.1816539931954995,0.1963137601716669,-0.1499877752630121,0.8864141493120485,1.1557902632004702,0.5681023055553505,0.9985735007953371,False
Mean_Skin_Temp_°C_,"9-Hexadecenoic_acid,_Z-",Group_22C vs Group_15C (Reference),0.008855403400834724,0.9919460828361985,-1.7105645751173715,1.728275381919041,0.297329651945459,0.15093999610076303,0.9524072169963587,1.1265248811659784e-05,0.9612626203971933,0.2581202990146694,-0.2874541939064803,0.3106321617895178,0.9985735007953371,False
Mean_Skin_Temp_°C_,Palmitelaidic_acid,Group_8C vs Group_15C (Reference),0.014204754646728502,0.9920291435945743,-2.7726201300600426,2.8010296393534997,0.370157066146782,0.23893978826069495,-1.4854802648494674,0.16752620938811835,2.081568681001267,0.07135204883098822,-1.4712755102027388,0.11332155177544156,0.9985735007953371,False
Core_Temp_°C_,Methyl_galactoside,Group_8C vs Group_15C (Reference),0.057297176928252064,0.992053547448705,-11.218335062488237,11.33292941634474,0.07614323923496469,-0.11632691925775096,3.291943385647574,0.42716227463656165,-0.17716044014854937,0.9724976477227711,3.3492405625758264,0.4010864331772821,0.9985735007953371,False
Muscle_Temp1_°C_,Arachidonic_acid,Group_22C vs Group_15C (Reference),0.004020449496279027,0.992362092580049,-0.8191347779992911,0.8271756769918491,0.04305269417188329,-0.15631132787564095,0.004609039868530625,0.9850733068205075,0.008629489364809652,0.979759625074381,-0.14352358187806977,0.5960869182767377,0.9985735007953371,False
Muscle_Temp1_°C_,Valine,Group_8C vs Group_22C Contrast,0.006246959899615968,0.9927360227724507,-1.338635648682533,1.351129568481765,0.1501178300531093,-0.026940955352492857,-0.21073019300056986,0.3207000450583175,-0.251398211885955,0.6977466853386856,-0.24515125198633902,0.28137714678980896,0.9985735007953371,False
Muscle_Temp1_°C_,Phenylalanine,Group_8C vs Group_22C Contrast,0.0034571617716819755,0.9929873662486078,-0.7674979384426834,0.7744122619860474,0.07166708361630691,-0.12173560729696242,0.031592613503914124,0.7511884800149657,-0.026687234038466442,0.9376413902746337,-0.023230072266784467,0.9055846896549002,0.9985735007953371,False
Mean_Skin_Temp_°C_,4-Aminobutanoic_acid,Group_22C vs Group_15C (Reference),-0.019300836850482783,0.9931705764205511,-4.43881916596189,4.400217492260925,0.11813628164110868,-0.06558532635032699,0.9160435509004491,0.5991475807307026,0.8967427140499663,0.5308430374829336,0.5338918483335457,0.39975736574842546,0.9985735007953371,False
Mean_Body_Temp_°C_,Tyrosine,Group_8C vs Group_22C Contrast,-0.019187126179040337,0.9938256661161721,-4.878911285783666,4.840537033425585,0.03959881440113544,-0.16048476593196126,0.049774478532032804,0.9278934809517937,-0.405763453924003,0.8652176861924623,-0.4249505801030433,0.5183761043570814,0.9985735007953371,False
Muscle_Temp2_°C_,Valine,Group_22C vs Group_15C (Reference),-0.006895402053188488,0.9958390192425379,-2.5983885829640876,2.5845977788577104,0.16742244985238974,-0.006031206428362301,-0.5282479228571829,0.6260546085785559,-0.5351433249103714,0.47962018755765,-0.29898036278144197,0.29507383101624374,0.9985735007953371,False
Mean_Body_Temp_°C_,Nonanoic_acid,Group_8C vs Group_22C Contrast,0.01822753847436176,0.9959241581879698,-6.975439424076468,7.011894501025191,0.2594643171485361,0.10518604988781455,2.7620065957291784,0.3969304533077763,1.4988197296390973,0.6395884918074626,1.517047268113459,0.3360995717483275,0.9985735007953371,False
Core_Temp_°C_,1-Ethyl-1-tetradecyloxy-1-silacyclohexane,Group_8C vs Group_15C (Reference),-0.04775006177195484,0.9962051661902507,-19.725149049828108,19.6296489262842,0.119990310150622,-0.06334504190133172,2.1495294216700263,0.8142042390396311,-0.7022413633139881,0.8584581668285178,2.1017793598980714,0.6116095516826041,0.9985735007953371,False
Core_Temp_°C_,3-OH-Butanoic_Acid,Group_8C vs Group_15C (Reference),-0.023857724829264935,0.9969083573399025,-12.091621481318553,12.043906031660024,0.09373530884891679,-0.09506983514089207,-0.34275781116179077,0.9549178747194601,-2.1963338613329997,0.01698153234547428,-0.36661553599105573,0.7324076370699037,0.9985735007953371,False
Muscle_Temp2_°C_,4-Aminobutanoic_acid,Group_8C vs Group_15C (Reference),-0.010485897278113242,0.9973855775780551,-6.282647144446412,6.261675349890186,0.0956428210648469,-0.09276492454664331,0.0998279538942161,0.9280965721552351,1.2883288320575295,0.41803638935706244,0.08934205661610287,0.976264510379554,0.9985735007953371,False
Mean_Body_Temp_°C_,beta-Alanine,Group_8C vs Group_15C (Reference),0.021025505727757996,0.9977876146540077,-14.840838176354202,14.882889187809718,0.07646271635987267,-0.11594088439848704,0.0930588955695499,0.983107174616827,-3.0271575948322123,0.3025012905822022,0.11408440129730789,0.9852695355271939,0.9985735007953371,False
Core_Temp_°C_,L-Norvaline,Group_8C vs Group_15C (Reference),0.026879856455770148,0.9979130685858164,-20.115297978182582,20.169057691094125,0.05518471666956637,-0.14165180069094063,-0.5735430573650893,0.9537272667989551,-0.3439307754581111,0.976968530605683,-0.5466632009093191,0.84595583031376,0.9985735007953371,False
Core_Temp_°C_,"2-Ethyl-3-hydroxypropionic_acid,_di-",Group_8C vs Group_15C (Reference),0.0027771755230234754,0.999658793553595,-12.725635297321316,12.731189648367364,0.26002490481379126,0.10586342664999782,2.471010680574968,0.6691185000629454,2.9075729513249278,0.26667433004854435,2.4737878560979913,0.4027884948371294,0.999658793553595,False
