Physical_Metric,Molecular_Target,Interaction_Contrast,Interaction_Beta,Interaction_P_Value,Interaction_CI_Lower,Interaction_CI_Upper,Model_R2,Model_R2_Adj,Simple_Slope_15C,Simple_Slope_15C_P,Simple_Slope_22C,Simple_Slope_22C_P,Simple_Slope_8C,Simple_Slope_8C_P,FDR_Adjusted_P,Significant_After_FDR
VO2max_ml_per_kg_per_min,beta-Alanine,Group_8C vs Group_15C (Reference),0.6021751662773341,4.646282331161225e-07,0.3680175129023245,0.8363328196523439,0.29284954137335917,0.14552652915947573,-0.07113356162219253,0.30504026112419746,0.04369659095691904,0.9084821091402213,0.5310416046551416,4.791272911752742e-08,0.0012879494621978915,True
Body_Density_kg_per_m3,1-Monooleoylglycerol,Group_22C vs Group_15C (Reference),358.8355278596324,8.953179762580207e-06,200.47009070697982,517.200965012285,0.43834182709107783,0.32132970773505243,-130.37871112594607,0.0007942852683928222,228.45681673368634,0.0012598411965154543,65.9263171391903,0.18164988384858205,0.009253372932552075,True
Body_Fat__Percent,1-Monooleoylglycerol,Group_22C vs Group_15C (Reference),-0.8222352601721163,1.0014472870727354e-05,-1.187098816276658,-0.45737170406757477,0.4368923541723133,0.3195782612915453,0.29520446454626365,0.0011238892681557171,-0.5270307956258526,0.0011909338509406009,-0.1536414305251801,0.18000924797664153,0.009253372932552075,True
BMI_kg·m2,1-Monooleoylglycerol,Group_8C vs Group_15C (Reference),-1.1896948997071344,5.376402006535271e-05,-1.7670586260964112,-0.6123311733178576,0.3954799783697893,0.2695383071968288,0.617533419346433,0.0020172550648073907,-0.7415990010044082,0.0598067355327867,-0.5721614803607014,0.008157792845218337,0.037258465905289424,True
Max_Watts_W,1-Ethyl-1-tetradecyloxy-1-silacyclohexane,Group_8C vs Group_15C (Reference),0.07546316947335985,0.00012793292620002342,0.03684972661948753,0.11407661232723217,0.3749865380585329,0.24477540015406063,-0.04607809250299931,6.883974985651546e-05,-0.07348952079075564,0.4594515555987144,0.029385076970360538,0.06527520356205718,0.07092601428529298,False
Weight_kg,1-Monooleoylglycerol,Group_8C vs Group_15C (Reference),-0.2640062312676167,0.00020039588649276444,-0.4031592104611986,-0.12485325207403478,0.3272130977316182,0.18704915975903869,0.16819920128543003,0.0004806209285121751,-0.15935395817996972,0.1241678536621531,-0.09580702998218665,0.06619388823700767,0.09258289955965718,False
Max_Watts_W,beta-Alanine,Group_8C vs Group_15C (Reference),0.06171155542131071,0.0005253774163396924,0.026829541322695036,0.09659356951992638,0.27497294970365327,0.12392564755858104,-0.002905450566415375,0.7705223583948295,0.012432800367702753,0.9177862597651558,0.05880610485489533,6.686483204143556e-05,0.20804945687051815,False
Skinfold_Thickness_mm,Glutamine_[-H2O],Group_8C vs Group_15C (Reference),0.03455466059758811,0.0007442766155970186,0.014474207344676235,0.05463511385049999,0.2770977106119986,0.12649306698949836,-0.014539103551128606,0.1036973540903171,0.042402825673271576,0.3877717842320707,0.020015557046459506,6.531881758298219e-05,0.24074521035675342,False
Body_Fat__Percent,Ethyl_alpha-D-glucopyranoside,Group_8C vs Group_15C (Reference),-0.5080564328841576,0.0008738623493497155,-0.8072423336700456,-0.2088705320982695,0.22916762708984117,0.06857754940022476,0.22835838021945076,0.04129765123972662,-0.37436959283274096,0.23636631128564,-0.2796980526647068,0.007055613223314605,0.24074521035675342,False
Skinfold_Thickness_mm,Arginine_[-NH3],Group_8C vs Group_15C (Reference),0.016068746815978644,0.000908938778809911,0.006574814734041959,0.02556267889791533,0.2614904539256454,0.10763429849348827,-0.008369421970646567,0.0005407477765562723,0.02185015597434476,0.373317183334996,0.007699324845332077,0.06655752169335383,0.24074521035675342,False
Body_Density_kg_per_m3,Ethyl_alpha-D-glucopyranoside,Group_8C vs Group_15C (Reference),219.8987679777334,0.0010192106390418,88.70502739732638,351.0925085581404,0.22715576818693461,0.06614655322587937,-99.94230099586598,0.04182184009296307,161.20329875887342,0.24334771873067274,119.95646698186742,0.008363417964473152,0.24074521035675342,False
Skinfold_Thickness_mm,Ethyl_alpha-D-glucopyranoside,Group_8C vs Group_15C (Reference),-0.0772290960702286,0.0010421870578214434,-0.12339305821176622,-0.03106513392869098,0.2400359709171096,0.08171013152484086,0.03518050811660985,0.0013428025276420834,-0.06890962487136273,0.18502641127985764,-0.042048587953618745,0.0436473833228308,0.24074521035675342,False
Body_Density_kg_per_m3,1-Monooleoylglycerol,Group_8C vs Group_15C (Reference),196.30502826513637,0.0017792006398315277,73.17728268068873,319.432773849584,0.43834182709107783,0.32132970773505243,-130.37871112594607,0.0007942852683928222,228.45681673368634,0.0012598411965154543,65.9263171391903,0.18164988384858205,0.35291807477918985,False
Muscle_Mass_kg,Oxalic_acid,Group_22C vs Group_15C (Reference),0.418929298905838,0.0018277780576375765,0.15549691629137902,0.6823616815202971,0.39881074848041564,0.2735629877471689,-0.38348422161298007,0.0005822894546338479,0.03544507729285795,0.6368242210419823,-0.07523056811167922,0.6161188428409017,0.35291807477918985,False
BMI_kg·m2,1-Monooleoylglycerol,Group_22C vs Group_15C (Reference),-1.3591324203508413,0.0020983241996196506,-2.225157500249817,-0.49310734045186577,0.3954799783697893,0.2695383071968288,0.617533419346433,0.0020172550648073907,-0.7415990010044082,0.0598067355327867,-0.5721614803607014,0.008157792845218337,0.35291807477918985,False
Body_Fat__Percent,1-Monooleoylglycerol,Group_8C vs Group_15C (Reference),-0.44884589507144373,0.002124670474485128,-0.7351923703093382,-0.16249941983354932,0.4368923541723133,0.3195782612915453,0.29520446454626365,0.0011238892681557171,-0.5270307956258526,0.0011909338509406009,-0.1536414305251801,0.18000924797664153,0.35291807477918985,False
Body_Density_kg_per_m3,beta-Alanine,Group_8C vs Group_15C (Reference),294.26274073016083,0.0022935223726201354,105.1246892771305,483.40079218319113,0.2187077636594602,0.055938547755181145,-65.66013623989153,0.20887665779292164,20.956196835007745,0.9073026203873777,228.6026044902693,0.004837354161496554,0.35291807477918985,False
Body_Fat__Percent,beta-Alanine,Group_8C vs Group_15C (Reference),-0.6811257862249965,0.0024844281314928282,-1.1224083694192724,-0.2398432030307207,0.21907526457411175,0.05638261136038514,0.15072675609772918,0.1948892128796803,-0.048950936032920195,0.9052561449459464,-0.5303990301272674,0.005940179498469922,0.35291807477918985,False
VO2max_ml_per_kg_per_min,Tyrosine,Group_8C vs Group_22C Contrast,0.31109241309805824,0.0027245748925406672,0.10765658907150655,0.5145282371246099,0.4511145256617016,0.3367633851745562,-0.052669660784061184,0.33355838238762825,-0.2713613668250101,0.004343945613985545,0.03973104627304816,0.3381072976500832,0.35291807477918985,False
Age_years,L-5-Oxoproline,Group_8C vs Group_15C (Reference),-0.5890210818827957,0.002935414676588398,-0.9771503609444854,-0.2008918028211059,0.5172286573812006,0.41665129433561743,0.3979450693084799,0.00045397511743284813,0.14264071183822918,0.21726386855513913,-0.19107601257431578,0.23902982200665424,0.35291807477918985,False
Body_Fat__Percent,Glutamine_[-H2O],Group_8C vs Group_15C (Reference),0.24052339438828343,0.0029995223169811554,0.08167870293557772,0.39936808584098915,0.349756812405294,0.21428948165639694,-0.1057999185010885,0.14885071323287236,0.301496000753579,0.15573117076977772,0.13472347588719494,9.860074542311636e-05,0.35291807477918985,False
Skinfold_Thickness_mm,1-Ethyl-1-tetradecyloxy-1-silacyclohexane,Group_8C vs Group_15C (Reference),-0.0896951056547681,0.003128177525802899,-0.14919016634151222,-0.030200044968023976,0.23605060085313556,0.07689447603087218,0.042167972279796975,0.07428451848406241,0.015488075410402386,0.6806653259315312,-0.04752713337497112,0.012646355588948,0.35291807477918985,False
Age_years,1-Monooleoylglycerol,Group_22C vs Group_15C (Reference),-0.3546559870057887,0.003230542920215514,-0.5906952019099501,-0.11861677210162738,0.37836473254659087,0.24885738516046396,0.07337710948456971,0.4226585427801033,-0.281278877521219,0.00032695911534941224,-0.09799083086812513,0.17652307688010094,0.35291807477918985,False
Muscle_Mass_kg,"R*,R*-2,3-Dihydroxybutanoic_acid",Group_8C vs Group_22C Contrast,-0.32419542429917997,0.003259899533145997,-0.5401711119959081,-0.10821973660245188,0.35933714979022,0.2258657226631826,0.2099716374715048,0.26575361435488487,0.10756641802046825,0.003564500641948909,-0.2166290062787117,0.03693731491486485,0.35291807477918985,False
BMI_kg·m2,L-+-Erythrulose,Group_22C vs Group_15C (Reference),1.679107561211981,0.0032873892708311864,0.5595338863076607,2.7986812361163014,0.2774886575441987,0.12696546119924013,-0.6302604611218017,0.21856987062956024,1.0488471000901793,3.326492639454948e-05,-0.6137153898898824,0.7338863131650584,0.35291807477918985,False
BSA_m2,Methyl_galactoside,Group_22C vs Group_15C (Reference),-28.58420216491175,0.003310198392589804,-47.65711496947701,-9.511289360346495,0.24063507993098088,0.08243405491660194,20.975767389261435,3.986907199348802e-05,-7.608434775650316,0.3583965340993336,2.520969785014593,0.8615072226744098,0.35291807477918985,False
Body_Density_kg_per_m3,Glutamine_[-H2O],Group_8C vs Group_15C (Reference),-104.09483270442269,0.0036097758090273603,-174.1961239885367,-33.993541420308674,0.34850397547606193,0.21277563703357494,45.956969425667914,0.15951288956943233,-130.7651656856762,0.15903461576356026,-58.13786327875477,6.509852736580335e-05,0.3535374808484845,False
Max_Watts_W,"1,5-Anhydrohexitol",Group_8C vs Group_22C Contrast,-0.13214261219025986,0.0036168190812072448,-0.22115257743735478,-0.04313264694316492,0.4296805812871275,0.31086403572194576,0.029251785743290844,0.5756462398674497,0.04973737932152586,0.06047358218039012,-0.082405232868734,0.0254724937880213,0.3535374808484845,False
Muscle_Mass_kg,beta-D-Xylopyranose,Group_8C vs Group_15C (Reference),0.6459533623802716,0.0037658673701430187,0.20895440026704193,1.082952324493501,0.2040478651467964,0.03822450371904573,-0.4510442286386491,0.01372489354630876,-0.03891067366991263,0.7092589281997312,0.19490913374162244,0.1258483584020691,0.3535374808484845,False
VO2max_ml_per_kg_per_min,Indole-3-Latic_Acid,Group_8C vs Group_15C (Reference),-0.09915821232855423,0.0038261632126459365,-0.16635617419791338,-0.031960250459195094,0.4376690864417593,0.3205168127837925,0.06951786402180864,0.012807203831770338,-0.009871245873935022,0.7477077914934127,-0.029640348306745598,0.13608728066185027,0.3535374808484845,False
Weight_kg,1-Monooleoylglycerol,Group_22C vs Group_15C (Reference),-0.32755315946539976,0.004158361061986916,-0.5515645316247109,-0.10354178730608865,0.3272130977316182,0.18704915975903869,0.16819920128543003,0.0004806209285121751,-0.15935395817996972,0.1241678536621531,-0.09580702998218665,0.06619388823700767,0.3659362804039944,False
Age_years,"2,3,4-Trihydroxybutyric_acid",Group_22C vs Group_15C (Reference),-0.6713638118085243,0.004249273608670492,-1.131605583187518,-0.21112204042953064,0.28788757183031677,0.13953081596163286,0.24251383745725744,0.010644250189346999,-0.4288499743512669,0.04584787966460002,0.09259328449990162,0.7787203637264684,0.3659362804039944,False
Body_Fat__Percent,Arginine_[-NH3],Group_8C vs Group_15C (Reference),0.10451575949301546,0.004356384290523743,0.03266811976598577,0.17636339922004515,0.3386910157328168,0.2009183106771537,-0.05730486262209611,0.03585213171410476,0.16689752424825657,0.2913165902201933,0.04721089687091935,0.05356325458226219,0.3659362804039944,False
Muscle_Mass_kg,L-Proline,Group_8C vs Group_15C (Reference),0.4193439694350124,0.004723326583257243,0.12843930136823323,0.7102486375017916,0.336969196441649,0.1988377790336593,-0.19782268008271256,0.09688417419898056,0.08378665213689182,0.38238578816569135,0.22152128935229984,0.012302806118096754,0.38509003790556107,False
Max_Watts_W,Ascorbic_Acid,Group_8C vs Group_22C Contrast,0.09088560859721102,0.004926187369518026,0.02753314834319652,0.15423806885122554,0.3028629787725232,0.15762609935013228,0.01560047420073142,0.279277543818488,-0.043281703280012344,0.12358797714369252,0.04760390531719868,0.0028586409218072095,0.3901540396658277,False
Body_Density_kg_per_m3,Arginine_[-NH3],Group_8C vs Group_15C (Reference),-45.372337476036705,0.005407004244835462,-77.34098827637213,-13.40368667570128,0.3404557750892656,0.20305072823286263,24.96996300950711,0.043621135073385345,-72.93170659855205,0.2888546089219246,-20.402374466529594,0.05483265457897035,0.41633932685233055,False
Max_Watts_W,Indole-3-Propionic_Acid,Group_8C vs Group_15C (Reference),-0.012104121710514677,0.005691245530605244,-0.0206839170671287,-0.0035243263539006513,0.12135779469714691,-0.06169266474094748,0.007985029031789832,0.0005599627289254218,0.000575145743072724,0.9778369680070798,-0.004119092678724845,0.2676239407549894,0.42326799216510036,False
Max_Watts_W,"2,3-Butanediol",Group_8C vs Group_15C (Reference),-0.09096233202619251,0.005802375072970351,-0.15558696370660852,-0.02633770034577651,0.2989805783604309,0.15293486551885405,0.06402735026965412,0.0004174716414055398,0.02842385197381688,0.434392900217373,-0.026934981756538398,0.3279022197767567,0.42326799216510036,False
BMI_kg·m2,"1,3-Dioxolane-2-methanol",Group_22C vs Group_15C (Reference),-1.5687626624732882,0.006055538253317599,-2.688977048635669,-0.4485482763109072,0.1400444740682779,-0.03911292716749748,0.6988485724271047,0.044662757247402915,-0.8699140900461835,0.05499818193571615,-0.7124913291892474,0.6638197473546525,0.4304090266204201,False
Weight_kg,Methyl_galactoside,Group_22C vs Group_15C (Reference),-0.31821861407221463,0.006374275832726816,-0.5468565978040071,-0.08958063034042216,0.20127395593009312,0.03487269674886262,0.2166935239389294,0.0030187439452855854,-0.10152509013328523,0.264247625167203,0.022549101695010093,0.9227646447923987,0.44173731520796833,False
Muscle_Mass_kg,"2-Ethyl-3-hydroxypropionic_acid,_di-",Group_8C vs Group_22C Contrast,-0.2224784154836133,0.007465750030930283,-0.3854710159766769,-0.05948581499054975,0.42161273661204934,0.301115390072893,0.009319577464456476,0.9653766555869188,-0.011408886976803811,0.873039316254637,-0.2338873024604171,4.1330077360512973e-08,0.5047575386765547,False
Age_years,"9-Hexadecenoic_acid,_Z-",Group_22C vs Group_15C (Reference),-0.19873425707132641,0.007765135863883272,-0.34505099986520704,-0.052417514277445815,0.36958335495510486,0.2382465539040851,0.06423917737981708,0.0005369034962809832,-0.13449507969150934,0.06288650466599699,-0.0420841781752536,0.6581215608748887,0.5124989670162959,False
BMI_kg·m2,"2-Ethyl-3-hydroxypropionic_acid,_di-",Group_8C vs Group_15C (Reference),-1.0476080315568188,0.008214043790773494,-1.8244386225287597,-0.27077744058487796,0.3393632512223501,0.20173059522700643,0.2009973719849218,0.42685155513664086,0.2802869141400961,0.5594421129759053,-0.846610659571897,0.00552745343007488,0.5295192880935843,False
Skinfold_Thickness_mm,beta-Alanine,Group_8C vs Group_15C (Reference),-0.10781103416939543,0.009346285611836026,-0.18910996340781547,-0.02651210493097539,0.20539187438952744,0.039848514887345754,0.021562634336239575,0.12809790996133757,-0.018358018705926404,0.7919215896774181,-0.08624839983315585,0.026939503117054286,0.5690549217148096,False
VO2max_ml_per_kg_per_min,L-+-Erythrulose,Group_22C vs Group_15C (Reference),-0.6428498329061386,0.009363046924586112,-1.1277294628041188,-0.1579702030081585,0.2813882815292018,0.13167750684778556,0.0835178906009712,0.6941090129916585,-0.5593319423051675,1.0466510430351406e-05,-0.17885938541277457,0.6021821064325024,0.5690549217148096,False
Weight_kg,"2-Ethyl-3-hydroxypropionic_acid,_di-",Group_8C vs Group_15C (Reference),-0.22685665110684383,0.009443191341587751,-0.39815985706388995,-0.05555344514979771,0.34233608949753414,0.20532277480952044,0.0110843308293295,0.8482964650943676,0.028514142336820803,0.7673213198274522,-0.21577232027751433,0.0009750403288648624,0.5690549217148096,False
Height_m,Ascorbic_Acid,Group_8C vs Group_22C Contrast,52.006898331519245,0.009807577767517325,12.53665162685126,91.47714503618724,0.2673555828282529,0.11472132925080558,-9.326577660535845,0.7958228914518978,-11.742374636728654,0.325969961082873,40.26452369479059,0.012970377121653831,0.5784384164161281,False
Body_Density_kg_per_m3,Methyl_galactoside,Group_22C vs Group_15C (Reference),216.26989966651612,0.011816117574811198,47.90197068834382,384.6378286446884,0.1914195623121897,0.022965304460562663,-117.6094315760442,0.014143965530834926,98.66046809047192,0.16635958257910177,121.78408739391499,0.2026029902020159,0.6771977626161251,False
Body_Fat__Percent,Methyl_galactoside,Group_22C vs Group_15C (Reference),-0.49618832794965817,0.01197066752099211,-0.883179262684996,-0.10919739321432032,0.19165126601610882,0.02324527976946489,0.2683990904605247,0.01384825152706648,-0.2277892374891335,0.1663899564996143,-0.2817822995051775,0.21615487679895096,0.6771977626161251,False
BSA_m2,1-Monooleoylglycerol,Group_22C vs Group_15C (Reference),-22.471276196973673,0.012877981431073753,-40.179624600909065,-4.76292779303828,0.24544568367359465,0.0882468677722602,12.529129665325764,0.004242283654019073,-9.942146531647909,0.2083003062951656,-4.426708381684039,0.5809432188102766,0.7069386296306942,False
BSA_m2,Ethyl_alpha-D-glucopyranoside,Group_22C vs Group_15C (Reference),-25.894170755700127,0.01300644664904957,-46.328939108697014,-5.459402402703244,0.21484665041207307,0.051273035914588316,17.458595202405817,0.0020159050643524506,-8.43557555329431,0.33556217883228556,-2.059237754875287,0.9150545261572434,0.7069386296306942,False
VO2max_ml_per_kg_per_min,"1,5-Anhydrohexitol",Group_8C vs Group_15C (Reference),-0.8054364378219441,0.015646929120575057,-1.458557947106753,-0.15231492853713524,0.34687602722153366,0.21080853289268653,0.12314248146180008,0.5945887761689956,-0.02218521151596485,0.868795762629538,-0.682293956360144,0.0044375714356126306,0.8341016831198858,False
VO2max_ml_per_kg_per_min,"1,5-Anhydrohexitol",Group_8C vs Group_22C Contrast,-0.6601087448441791,0.01631809611911735,-1.1988109932015336,-0.12140649648682467,0.34687602722153366,0.21080853289268653,0.12314248146180008,0.5945887761689956,-0.02218521151596485,0.868795762629538,-0.682293956360144,0.0044375714356126306,0.8534672158904394,False
Max_Watts_W,N-Acetylglutamine,Group_8C vs Group_22C Contrast,0.132861687663569,0.01832064724054861,0.02247557477826702,0.24324780054887102,0.3071126463923085,0.16276111439070617,-0.010965309975335744,0.7763557274626459,-0.08173821080462244,0.05785967365350375,0.05112347685894657,0.15857041348878376,0.9110777712584264,False
BSA_m2,"2-Ethyl-3-hydroxypropionic_acid,_di-",Group_8C vs Group_15C (Reference),-11.293100019623585,0.01832345864123975,-20.675854510163774,-1.9103455290833988,0.3081356946264481,0.1639972976736248,-2.2153927547903924,0.5655447540040347,0.6823161646635238,0.9207104423875039,-13.508492774413977,1.9350807962670302e-06,0.9110777712584264,False
Max_Watts_W,L-Rhamnose,Group_8C vs Group_22C Contrast,0.18961130521287917,0.01917082592438265,0.030940246559675227,0.34828236386608313,0.45486522985990474,0.34129548608071825,0.011178038021091154,0.4480050095386726,-0.17415350529848944,0.02716162757073315,0.015457799914389732,0.40133122625651785,0.9110777712584264,False
Skinfold_Thickness_mm,Methyl_galactoside,Group_22C vs Group_15C (Reference),-0.07094395776303154,0.01925376783070103,-0.1303512628416582,-0.011536652684404868,0.18231357799753234,0.011962240080351627,0.039358086183872355,0.0006925907420737585,-0.03158587157915919,0.2593298465630114,-0.04097584331056688,0.3646483533175504,0.9110777712584264,False
Muscle_Mass_kg,Oleic_Acid,Group_8C vs Group_22C Contrast,0.11418658249892723,0.019306831365673946,0.01852484687895932,0.20984831811889515,0.19417462633972615,0.026294340160502472,0.029925753564982522,0.5767332738188994,-0.051429881188747445,0.013163695776709616,0.06275670131017978,0.15546375312197647,0.9110777712584264,False
Max_Watts_W,Methionine,Group_8C vs Group_15C (Reference),-0.016455148945548653,0.019391626444533606,-0.03025012904932929,-0.002660168841768012,0.22272585693752156,0.060793743799505306,0.003986113270435555,0.45314199876260086,0.03118304715692615,0.3464152505188298,-0.012469035675113097,0.006905280340687714,0.9110777712584264,False
Age_years,"D-Arabinose,_tetrakis",Group_8C vs Group_15C (Reference),0.5514442744601648,0.020667181834185516,0.0843715360359879,1.0185170128843417,0.1734500183288874,0.001252105480738952,-0.07663437131125375,0.6360397096237862,0.007155297230947891,0.9785136186565562,0.47480990314891103,0.00661245876026384,0.9390746706956044,False
Max_Watts_W,L-Rhamnose,Group_22C vs Group_15C (Reference),-0.1853315433195806,0.020834270340062012,-0.3425133597988665,-0.02814972684029471,0.45486522985990474,0.34129548608071825,0.011178038021091154,0.4480050095386726,-0.17415350529848944,0.02716162757073315,0.015457799914389732,0.40133122625651785,0.9390746706956044,False
VO2max_ml_per_kg_per_min,1-Monooleoylglycerol,Group_8C vs Group_15C (Reference),0.2814477280519125,0.021003834625947862,0.04243230429592412,0.5204631518079008,0.21246968852048342,0.04840087362891754,-0.1115409728756319,0.12269661518758024,0.21888716561637278,0.23253263619832687,0.16990675517628057,0.08369547063055216,0.9390746706956044,False
Age_years,Cysteine,Group_8C vs Group_15C (Reference),-0.18086698701535536,0.0227147201810292,-0.33646918461818914,-0.025264789412521582,0.28220937125561174,0.13266965693386423,0.045092530316351825,0.4201235440681109,0.1839244486592548,0.4160048789383497,-0.13577445669900354,0.015960902994737847,0.9967266517932953,False
Height_m,Lactic_Acid,Group_8C vs Group_15C (Reference),-103.62207584906014,0.02404858932390561,-193.63264522273278,-13.611506475387515,0.4028764067265811,0.27847565812795216,49.83568641600297,0.051694102224642144,1.1214704632117432,0.9610080915229955,-53.78638943305717,0.15823434996626773,0.9967266517932953,False
Height_m,Leucine,Group_22C vs Group_15C (Reference),-27.014988143255234,0.024500846410049057,-50.55615860577031,-3.473817680740158,0.11545552430023487,-0.06882457480388271,25.41652615952243,0.008221426454432886,-1.598461983732804,0.8241994293758277,14.10166571506001,0.41433435346457737,0.9967266517932953,False
Skinfold_Thickness_mm,1-Monooleoylglycerol,Group_22C vs Group_15C (Reference),-0.11295982467326937,0.02474209112794773,-0.2115599015684443,-0.014359747778094456,0.3413692791012871,0.204154545580722,0.03696897472537251,0.06508832462852929,-0.07599084994789687,0.09958599524819078,-0.02375146445381051,0.34626700199335847,0.9967266517932953,False
Body_Density_kg_per_m3,Methyl_galactoside,Group_8C vs Group_15C (Reference),239.3935189699592,0.025163264454207593,29.82391635597287,448.9631215839455,0.1914195623121897,0.022965304460562663,-117.6094315760442,0.014143965530834926,98.66046809047192,0.16635958257910177,121.78408739391499,0.2026029902020159,0.9967266517932953,False
Weight_kg,Arginine_[-NH3],Group_8C vs Group_15C (Reference),0.049627541030293515,0.02671656884400899,0.0057267040819892895,0.09352837797859774,0.21792746403839114,0.05499568571305602,-0.029671234256315945,0.15608743492194904,0.04885048267787119,0.4224734242496111,0.01995630677397757,0.012668492253818275,0.9967266517932953,False
BSA_m2,Glyceraldehyde-3-PMOX,Group_22C vs Group_15C (Reference),15.136750862620385,0.026889978696187845,1.7314207310888357,28.542080994151934,0.35004555283397254,0.2146383763410502,-13.556849392700535,0.007649573471481144,1.5799014699198501,0.7299274405722225,-1.3319930910332953,0.7809501219316739,0.9967266517932953,False
Age_years,L-Alanine,Group_8C vs Group_15C (Reference),-0.7325920011458356,0.027112706228213334,-1.382331618958669,-0.08285238333300227,0.3288549212986712,0.1890330299025611,0.2886126305692253,0.053363346032079303,0.08395782221122747,0.7724684511651516,-0.44397937057661024,0.13355137243908932,0.9967266517932953,False
Body_Density_kg_per_m3,"2,3,4-Trihydroxybutyric_acid",Group_22C vs Group_15C (Reference),401.93526669447544,0.027228856314540726,45.1872008781213,758.6833325108296,0.2007224640293438,0.034206310702123766,-44.043992234600395,0.45657711602129636,357.89127445987504,0.03760566036533253,-146.4234758639534,0.5104517061593019,0.9967266517932953,False
Body_Fat__Percent,"2,3,4-Trihydroxybutyric_acid",Group_22C vs Group_15C (Reference),-0.922248876398218,0.02729047958740242,-1.7411424387974723,-0.10335531399896358,0.19946073066607517,0.032681716221507506,0.09792723523730555,0.47247217743429915,-0.8243216411609124,0.036875465604145674,0.33462066916541344,0.5230729982606475,0.9967266517932953,False
Age_years,Butanoic_acid,Group_8C vs Group_15C (Reference),-0.28200745401454613,0.028047936888208672,-0.5336329745977488,-0.030381933431343378,0.2820042227575329,0.1324217691653523,0.0400757756657666,0.2799126027783856,-0.013456731261362848,0.9353872268528591,-0.24193167834877954,0.04902331546639238,0.9967266517932953,False
BSA_m2,Methionine,Group_22C vs Group_15C (Reference),12.808626217336618,0.028252495998896107,1.3650687010169982,24.25218373365624,0.35427242310555596,0.2197458445858802,-1.8509343693723408,0.41613476411798045,10.957691847964277,0.04154905035846057,0.9457133476146966,0.8836827264195419,0.9967266517932953,False
Skinfold_Thickness_mm,Indole-3-Latic_Acid,Group_8C vs Group_15C (Reference),0.016059441775621783,0.029011379030683314,0.0016429767885439341,0.03047590676269963,0.47191099872946507,0.36189245679810367,-0.014809189550997448,0.0006757521302975252,-0.00010192441368732721,0.9947973645734467,0.001250252224624335,0.8329173719259297,0.9967266517932953,False
Body_Fat__Percent,Methyl_galactoside,Group_8C vs Group_15C (Reference),-0.5501813899657022,0.029389990987882735,-1.0452360214852854,-0.05512675844611903,0.19165126601610882,0.02324527976946489,0.2683990904605247,0.01384825152706648,-0.2277892374891335,0.1663899564996143,-0.2817822995051775,0.21615487679895096,0.9967266517932953,False
Skinfold_Thickness_mm,L-+-Erythrulose,Group_22C vs Group_15C (Reference),0.12813199511721432,0.03132092048673924,0.01148665229089084,0.2447773379435378,0.22091941019689254,0.05861095398791183,-0.020101661169023812,0.6818549479540947,0.1080303339481905,0.001358570642893131,0.03146751973495847,0.6555088085247796,0.9967266517932953,False
Max_Watts_W,"Ethanolamine,_3TMS",Group_8C vs Group_15C (Reference),-0.07435229925807683,0.03243038134219976,-0.14247917208607586,-0.006225426430077813,0.2764043414876999,0.1256552459643041,0.044607363025377475,0.05796027647730086,-0.025836619275410436,0.43621066019932964,-0.02974493623269936,0.24502649954880096,0.9967266517932953,False
Age_years,Serine,Group_8C vs Group_15C (Reference),-0.13348377883029353,0.03283922250224203,-0.25607893798909687,-0.010888619671490171,0.29801880665584257,0.15177272470914316,0.027000325858927643,0.4816574727143219,0.2107372816448829,0.25102591170668465,-0.10648345297136588,0.03110835352875907,0.9967266517932953,False
Muscle_Mass_kg,Dodecanoic_acid,Group_22C vs Group_15C (Reference),-0.32981523434870547,0.03371172473197904,-0.6342301479064297,-0.0254003207909812,0.10882477577621852,-0.07683672927040264,0.23418035843097015,0.11179251712499322,-0.09563487591773531,0.05266498808684328,-0.01438199586010322,0.9288976821324331,0.9967266517932953,False
VO2max_ml_per_kg_per_min,Glutamine_[-H2O],Group_8C vs Group_15C (Reference),-0.14517756310122373,0.034896733227199925,-0.2800604369585793,-0.010294689243868144,0.27961799035545987,0.1295384050128474,0.10329739980793652,0.023542451857919963,-0.14875213195948928,0.4325156024458898,-0.04188016329328721,0.41636477804224925,0.9967266517932953,False
Body_Density_kg_per_m3,L-Rhamnose,Group_8C vs Group_15C (Reference),-117.98690028051213,0.035219525077880266,-227.8013604724261,-8.17244008859818,0.24151313484444825,0.08349503793704172,113.13861475009874,0.01607089059232563,-95.54236629555338,0.601579221674863,-4.848285530413392,0.8737107633937631,0.9967266517932953,False
Weight_kg,Dodecanoic_acid,Group_22C vs Group_15C (Reference),-0.26426388321624433,0.03554497943033882,-0.5106598657147199,-0.017867900717768836,0.2429203079187443,0.08519537206848271,0.031701457327529055,0.6365719383150391,-0.23256242588871529,0.028705328838862565,-0.15742779286920852,0.05982131754284459,0.9967266517932953,False
Weight_kg,"2-Ethyl-3-hydroxypropionic_acid,_di-",Group_8C vs Group_22C Contrast,-0.24428646261433512,0.03597982198589487,-0.4725964242318934,-0.01597650099677686,0.34233608949753414,0.20532277480952044,0.0110843308293295,0.8482964650943676,0.028514142336820803,0.7673213198274522,-0.21577232027751433,0.0009750403288648624,0.9967266517932953,False
Body_Fat__Percent,Butanoic_acid,Group_8C vs Group_15C (Reference),-0.4434063305778894,0.03603376941126265,-0.8579263893489559,-0.02888627180682296,0.24203429158610046,0.08412476899987142,0.13241377421292816,0.032098583929372024,0.16134379077813527,0.4282535821295248,-0.31099255636496126,0.12416431399507966,0.9967266517932953,False
Muscle_Mass_kg,"Ethanolamine,_3TMS",Group_8C vs Group_15C (Reference),-0.7823066150080531,0.03672028268141937,-1.5163397360845714,-0.048273493931534905,0.36770403919635053,0.2359757140289236,0.6366490760226506,0.06614517709899032,0.11297514186831514,0.4071491916442478,-0.14565753898540246,0.30552100015739114,0.9967266517932953,False
Body_Density_kg_per_m3,Butanoic_acid,Group_8C vs Group_15C (Reference),192.32085792086292,0.03677869991400766,11.81144405050972,372.8302717912161,0.24271206479960117,0.08494374496618484,-58.43888303028128,0.029206427568710332,-70.75457500003355,0.42489844833332224,133.88197489058163,0.1286542729843616,0.9967266517932953,False
Body_Density_kg_per_m3,"1,3-Dioxolane-2-methanol",Group_22C vs Group_15C (Reference),368.8554783173039,0.03683986225466301,22.540954635474804,715.170001999133,0.17536002875005086,0.003560034739644835,-214.92995376337066,0.005369461018222545,153.92552455393323,0.33280790295603624,-66.7634430353254,0.7420514062768993,0.9967266517932953,False
Height_m,"2,3,4-Trihydroxybutyric_acid",Group_8C vs Group_22C Contrast,-113.61651677241572,0.03717923812821718,-220.48349065605345,-6.749542888777995,0.2858852708563485,0.13711136895142118,-29.10244311694346,0.2090363748649361,56.383332343139585,0.14848982324444582,-57.233184429276136,0.13284714640768325,0.9967266517932953,False
Max_Watts_W,Arginine_[-NH3],Group_8C vs Group_22C Contrast,-0.028198065009766876,0.03737975278235243,-0.054748996904558124,-0.0016471331149756283,0.3296041815143619,0.1899383859965207,0.0050173069778328095,0.15045047226502933,0.03061985656000298,0.018330251057766977,0.0024217915502361,0.5318624409906074,0.9967266517932953,False
Age_years,Glycine,Group_8C vs Group_15C (Reference),-0.3033074488883875,0.03756578043337929,-0.5891714179290203,-0.01744347984775474,0.18448915514347053,0.01459106246502695,0.15920029593971866,0.19035334814344917,0.15052704165875339,0.610642370670317,-0.14410715294866885,0.07372165945062337,0.9967266517932953,False
Body_Fat__Percent,1-Ethyl-1-tetradecyloxy-1-silacyclohexane,Group_8C vs Group_15C (Reference),-0.5602294957398822,0.03757737802572668,-1.0882717701467817,-0.03218722133298291,0.2175884454219068,0.054586038218137456,0.27396207494485547,0.19088123555488523,0.0461964178661215,0.8579550145479533,-0.28626742079502676,0.0911410482863555,0.9967266517932953,False
Weight_kg,Ascorbic_Acid,Group_8C vs Group_15C (Reference),0.46113880143369207,0.03773193190763526,0.026142639923263322,0.8961349629441209,0.36921144680400597,0.23779716488817393,-0.2255756508637821,0.03779225310287317,-0.043454819855572396,0.6254353411148141,0.23556315056990998,0.2235910250985489,0.9967266517932953,False
Body_Fat__Percent,"1,3-Dioxolane-2-methanol",Group_22C vs Group_15C (Reference),-0.8432320051822577,0.03822747538702619,-1.640712490727576,-0.04575151963693924,0.1754341762647883,0.0036496296532859684,0.48893413418818205,0.005835911289775374,-0.35429787099407567,0.3332941845219557,0.1585193456473883,0.7326425146628424,0.9967266517932953,False
Body_Fat__Percent,L-Rhamnose,Group_8C vs Group_15C (Reference),0.2673887332798923,0.03870014746932041,0.013890539416430148,0.5208869271433545,0.24066698059444713,0.08247260155162373,-0.25653760141522786,0.01851985602504068,0.2158745256630235,0.6088486420484875,0.010851131864664465,0.8763383751352862,0.9967266517932953,False
Muscle_Mass_kg,2-Aminoadipic_acid,Group_22C vs Group_15C (Reference),0.41112218557478863,0.03895205888568267,0.0208536646095156,0.8013907065400616,0.16919764799262682,-0.0038861753422425593,-0.33118049681800865,0.03309282121599423,0.07994168875677998,0.5207408812278684,-0.10190624241913496,0.4450124262830246,0.9967266517932953,False
Body_Density_kg_per_m3,1-Ethyl-1-tetradecyloxy-1-silacyclohexane,Group_8C vs Group_15C (Reference),243.0101128634407,0.04048927115480061,10.52811449447421,475.4921112324072,0.21721674377151434,0.05413689872391325,-120.38949930240688,0.19227162766229278,-20.825179658126487,0.8523122638783232,122.62061356103382,0.09960843395181262,0.9967266517932953,False
VO2max_ml_per_kg_per_min,beta-D-Xylopyranose,Group_8C vs Group_22C Contrast,-0.6339536654454629,0.042256161295182074,-1.2457489488170557,-0.02215838207387022,0.17080461523053103,-0.0019444232631082858,-0.07313595732355846,0.6570272064749407,0.43130860596610476,0.05013957678389924,-0.2026450594793582,0.35968935433627025,0.9967266517932953,False
VO2max_ml_per_kg_per_min,"9-Hexadecenoic_acid,_Z-",Group_22C vs Group_15C (Reference),0.21680556015440947,0.04299440705160389,0.006834920088986091,0.42677620021983287,0.27171993847898124,0.11999492566210235,-0.014160780994994604,0.7903033931026353,0.20264477915941487,0.02925817208635717,0.0363917939065058,0.6312411434081178,0.9967266517932953,False
BMI_kg·m2,Dodecanoic_acid,Group_22C vs Group_15C (Reference),-1.2478602296496681,0.044388701346620194,-2.464413732462173,-0.03130672683716296,0.3329294969454627,0.19395647547576744,0.12065885076914505,0.6435569388289104,-1.127201378880523,0.04537546385419322,-0.8722040495033793,0.1290089552403373,0.9967266517932953,False
Muscle_Mass_kg,Ascorbic_Acid,Group_8C vs Group_15C (Reference),0.4407620733894471,0.04461906803015994,0.010592896333994128,0.8709312504449,0.2541338027463722,0.09874501165186644,-0.22083539025093313,0.2416755582169372,0.04534762602351128,0.19287972903079043,0.219926683138514,0.05002718902522374,0.9967266517932953,False
VO2max_ml_per_kg_per_min,2-OH-Butanoic_Acid,Group_8C vs Group_15C (Reference),-0.16385626285874408,0.045251895113863586,-0.3242475663653149,-0.00346495935217328,0.2892229867283773,0.14114444229678935,0.11679507339947282,0.05464279572754981,-0.08438637461865597,0.34058113524775835,-0.04706118945927126,0.39045473084966664,0.9967266517932953,False
BMI_kg·m2,Butanoic_acid,Group_8C vs Group_22C Contrast,-1.2439580233995307,0.04539486026600313,-2.462441610159286,-0.025474436639775222,0.3060885118649799,0.16152361850351737,0.31756580308880145,0.10480388632942796,0.47840080224984954,0.14152249089130597,-0.7655572211496812,0.14838762605297728,0.9967266517932953,False
Weight_kg,Ethyl_alpha-D-glucopyranoside,Group_22C vs Group_15C (Reference),-0.30419567896610444,0.04548864983974589,-0.602285934123534,-0.0061054238086749035,0.1955350419495855,0.027938175689082523,0.17613141469224555,0.029731783734398803,-0.1280642642738589,0.31973093614337933,-0.05410437427192169,0.8549030307879921,0.9967266517932953,False
VO2max_ml_per_kg_per_min,Tyrosine,Group_22C vs Group_15C (Reference),-0.2186917060409489,0.04607136678147659,-0.433570892644372,-0.0038125194375258353,0.4511145256617016,0.3367633851745562,-0.052669660784061184,0.33355838238762825,-0.2713613668250101,0.004343945613985545,0.03973104627304816,0.3381072976500832,0.9967266517932953,False
BSA_m2,Ascorbic_Acid,Group_8C vs Group_15C (Reference),37.482076723551245,0.047303208152783736,0.4461641011568531,74.51798934594564,0.40191361080506405,0.2773122797227857,-18.106545218157553,0.13199039172547467,-3.851827948830227,0.4808817651711035,19.375531505393692,0.18387417193761646,0.9967266517932953,False
Skinfold_Thickness_mm,"2,3-Butanediol",Group_8C vs Group_15C (Reference),0.13303852476954842,0.047544375835341296,0.0014405131554531547,0.2646365363836437,0.21752415185278207,0.054508350155445084,-0.05450177669774455,0.1822493311449136,-0.006024777512985392,0.9531947850442162,0.07853674807180386,0.14046310187298938,0.9967266517932953,False
Muscle_Mass_kg,"R*,R*-2,3-Dihydroxybutanoic_acid",Group_8C vs Group_15C (Reference),-0.4266006437502165,0.04759827272028411,-0.8486845604693858,-0.0045167270310472185,0.35933714979022,0.2258657226631826,0.2099716374715048,0.26575361435488487,0.10756641802046825,0.003564500641948909,-0.2166290062787117,0.03693731491486485,0.9967266517932953,False
BMI_kg·m2,"2-Ethyl-3-hydroxypropionic_acid,_di-",Group_8C vs Group_22C Contrast,-1.126897573711993,0.047631729715291046,-2.242052240433168,-0.011742906990817925,0.3393632512223501,0.20173059522700643,0.2009973719849218,0.42685155513664086,0.2802869141400961,0.5594421129759053,-0.846610659571897,0.00552745343007488,0.9967266517932953,False
Max_Watts_W,Ornithine,Group_8C vs Group_22C Contrast,-0.031660207888506105,0.048186963547925676,-0.06306857363197439,-0.0002518421450378172,0.19718850405835475,0.02993610907051203,0.0021415344484863,0.7505707373682728,0.02618519074769563,0.07537773498114753,-0.0054750171408104766,0.38628060930100805,0.9967266517932953,False
VO2max_ml_per_kg_per_min,L-Rhamnose,Group_22C vs Group_15C (Reference),-0.5597253068391647,0.048645922495680366,-1.1161240852023373,-0.003326528475991908,0.29581993838436926,0.14911575888111295,0.10602011751618785,0.15782547993180351,-0.4537051893229768,0.0974794739827669,0.004051775859672785,0.9538421105105994,0.9967266517932953,False
BSA_m2,Doconexent,Group_22C vs Group_15C (Reference),-6.1736073768044,0.049791006884108244,-12.341578239187138,-0.005636514421661687,0.20765527754772295,0.04258346037016525,6.818745317343856,7.403068316606949e-05,0.6451379405394562,0.8065809965717565,4.284150101671269,0.6714789705942525,0.9967266517932953,False
Skinfold_Thickness_mm,Ethyl_alpha-D-glucopyranoside,Group_22C vs Group_15C (Reference),-0.1040901329879726,0.05011611456268835,-0.20823299720297356,5.2731227028354755e-05,0.2400359709171096,0.08171013152484086,0.03518050811660985,0.0013428025276420834,-0.06890962487136273,0.18502641127985764,-0.042048587953618745,0.0436473833228308,0.9967266517932953,False
Body_Density_kg_per_m3,L-+-Erythrulose,Group_22C vs Group_15C (Reference),-342.08277861661253,0.050291953084830025,-684.600979218897,0.435421985671951,0.22644384887543867,0.06528631739115509,117.25124832954464,0.41870720147532847,-224.8315302870679,0.021185959746979677,-46.52620954686873,0.824508431771724,0.9967266517932953,False
Muscle_Mass_kg,beta-D-Xylopyranose,Group_22C vs Group_15C (Reference),0.4121335549687365,0.05044884711088566,-0.0008059921931140579,0.825073102130587,0.2040478651467964,0.03822450371904573,-0.4510442286386491,0.01372489354630876,-0.03891067366991263,0.7092589281997312,0.19490913374162244,0.1258483584020691,0.9967266517932953,False
Age_years,"11-Eicosenoic_acid,_E-",Group_22C vs Group_15C (Reference),-0.13787250448815042,0.050858796688011264,-0.2762600679853039,0.0005150590090030605,0.48837799898386336,0.3817900821055016,-0.0326463795832027,0.4472926095609163,-0.17051888407135313,0.002341521291700621,-0.09130003614910612,0.03141181702865481,0.9967266517932953,False
Body_Fat__Percent,L-+-Erythrulose,Group_22C vs Group_15C (Reference),0.7795426735675469,0.050883816364011486,-0.0029967329354717576,1.5620820800705655,0.22462957027373898,0.06309406408076801,-0.2604604252869891,0.43000398569017906,0.5190822482805578,0.020876298058214227,0.11383187054438015,0.8142886246051775,0.9967266517932953,False
Weight_kg,Glyceraldehyde-3-PMOX,Group_22C vs Group_15C (Reference),0.1659886257434402,0.05145804235251622,-0.001050309589043008,0.3330275610759234,0.2901090816747155,0.14221514035694793,-0.13658338000678477,0.0390631882215977,0.029405245736655428,0.5838896708603207,0.00742787879099005,0.8633284907712804,0.9967266517932953,False
BSA_m2,Arginine_[-NH3],Group_8C vs Group_15C (Reference),3.7593774153886974,0.052196943963496514,-0.035740756611843505,7.554495587389239,0.15822827535953699,-0.01714083394055943,-2.4854398477003024,0.1630763473659732,2.3028567394026043,0.5552721016707318,1.273937567688395,0.0926833485370353,0.9967266517932953,False
Weight_kg,"9-Hexadecenoic_acid,_Z-",Group_22C vs Group_15C (Reference),-0.12960575442689334,0.05245716289220387,-0.2605882584727364,0.0013767496189497352,0.23299665307236872,0.07320428912911225,0.04794314505316974,0.10953789159248803,-0.0816626093737236,0.1716170539853874,-0.044288284544468495,0.502345430876673,0.9967266517932953,False
Age_years,"1,5-Anhydrohexitol",Group_22C vs Group_15C (Reference),0.35607627376672485,0.052634816446873935,-0.004053185619586841,0.7162057331530365,0.21593232998903766,0.05258489873675387,-0.2172986162465058,0.21114377659498995,0.13877765752021906,0.020059576852226924,0.1776988330496064,0.29974595350967737,0.9967266517932953,False
BSA_m2,"9-Hexadecenoic_acid,_Z-",Group_22C vs Group_15C (Reference),-9.227093047661974,0.0534086491227189,-18.589668815742336,0.13548272041838594,0.2061315864690676,0.040742333650123363,4.468210547283877,0.08693770767724171,-4.758882500378097,0.23423442875827938,-2.900634720056388,0.3986838443977936,0.9967266517932953,False
Age_years,Glutamine_[-H2O],Group_8C vs Group_15C (Reference),0.1129241987633848,0.05451819433520714,-0.0021888098411124712,0.22803720736788208,0.41741628393414654,0.2960446764204271,-0.020113419582291833,0.6561846876212576,0.1700650680549763,0.06508794922196715,0.09281077918109297,0.01339155996347463,0.9967266517932953,False
Age_years,1-Monopalmitin,Group_8C vs Group_15C (Reference),-0.12329565997633188,0.05476527329732216,-0.24910958078001114,0.0025182608273473794,0.16641390393484357,-0.007249866078730571,0.05708663275913338,0.2312212139704355,0.0005289161554145813,0.994917811135265,-0.0662090272171985,0.12341614821294256,0.9967266517932953,False
BMI_kg·m2,Butanoic_acid,Group_8C vs Group_15C (Reference),-1.0831230242384826,0.05511778715001763,-2.18997456976862,0.023728521291655147,0.3060885118649799,0.16152361850351737,0.31756580308880145,0.10480388632942796,0.47840080224984954,0.14152249089130597,-0.7655572211496812,0.14838762605297728,0.9967266517932953,False
Body_Density_kg_per_m3,Indole-3-Latic_Acid,Group_8C vs Group_15C (Reference),-51.43876994238613,0.055480256527009546,-104.08267619821864,1.2051363134463742,0.4074297803117828,0.2839776512100709,40.52584737441207,0.03846667547964334,0.5142717544897053,0.9879103589875895,-10.912922567974057,0.552846586146791,0.9967266517932953,False
BMI_kg·m2,Arginine_[-NH3],Group_8C vs Group_15C (Reference),0.16818813563211005,0.055480758822471846,-0.0039407599144520855,0.3403170311786722,0.3312005573737573,0.19186734015995677,-0.0928716544984553,0.14971886789114175,0.31673327814937974,0.3688876372861827,0.07531648113365474,0.20660340505193497,0.9967266517932953,False
VO2max_ml_per_kg_per_min,Indole-3-Latic_Acid,Group_22C vs Group_15C (Reference),-0.07938910989574366,0.055716887066220126,-0.16071686360982695,0.001938643818339636,0.4376690864417593,0.3205168127837925,0.06951786402180864,0.012807203831770338,-0.009871245873935022,0.7477077914934127,-0.029640348306745598,0.13608728066185027,0.9967266517932953,False
BSA_m2,"2-Ethyl-3-hydroxypropionic_acid,_di-",Group_8C vs Group_22C Contrast,-14.190808939077503,0.05577766284909908,-28.732025934698893,0.3504080565438876,0.3081356946264481,0.1639972976736248,-2.2153927547903924,0.5655447540040347,0.6823161646635238,0.9207104423875039,-13.508492774413977,1.9350807962670302e-06,0.9967266517932953,False
Body_Fat__Percent,Indole-3-Latic_Acid,Group_8C vs Group_15C (Reference),0.11812692736518168,0.056032883530041884,-0.0030406306006663386,0.2392944853310297,0.4106251061987958,0.28783866999021157,-0.0930713064137304,0.034256330064778656,-0.0006981738518966885,0.9929515159717393,0.02505562095145128,0.5643005582769227,0.9967266517932953,False
VO2max_ml_per_kg_per_min,1-Monopalmitin,Group_8C vs Group_22C Contrast,-0.19557388175931623,0.05618227828925086,-0.396307533211479,0.005159769692846539,0.1657109099597518,-0.008099317131966544,-0.012256298166622055,0.8271635532335682,0.12846004178815992,0.01885465085297744,-0.0671138399711563,0.4382580827490685,0.9967266517932953,False
Weight_kg,"1,3-Dioxolane-2-methanol",Group_22C vs Group_15C (Reference),-0.39812943981804383,0.0565387462765106,-0.8073463980075472,0.011087518371459493,0.13591911831514591,-0.04409773203586531,0.2627878755414057,0.07120078203404892,-0.13534156427663813,0.3656001839534029,-0.09839681059432975,0.9041684832060115,0.9967266517932953,False
Weight_kg,Methionine,Group_22C vs Group_15C (Reference),0.17937655558349316,0.056638540147819876,-0.005069930777698711,0.36382304194468507,0.4058469001389059,0.2820650043345113,-0.015391235799082654,0.5926418104462421,0.1639853197844105,0.06722755322159335,0.025965390794606618,0.7461975000878107,0.9967266517932953,False
Max_Watts_W,Arginine_[-NH3],Group_22C vs Group_15C (Reference),0.02560254958217017,0.0568132694960066,-0.0007422282346546301,0.051947327398994964,0.3296041815143619,0.1899383859965207,0.0050173069778328095,0.15045047226502933,0.03061985656000298,0.018330251057766977,0.0024217915502361,0.5318624409906074,0.9967266517932953,False
BSA_m2,Indole-3-Latic_Acid,Group_22C vs Group_15C (Reference),6.354419489980664,0.05709286587293289,-0.19159054486519178,12.90042952482652,0.43605900556737887,0.3185712983939162,-5.2418472769550855,0.044903679209350206,1.1125722130255786,0.5925991964214978,-1.4696355692668135,0.5821024727966904,0.9967266517932953,False
Skinfold_Thickness_mm,"1,5-Anhydrohexitol",Group_8C vs Group_15C (Reference),0.12722353238523115,0.05826270893447559,-0.004450664822295142,0.2588977295927575,0.23711841112716303,0.07818474677865539,-0.021189160757967725,0.6677096365736936,0.04047914945811053,0.0002895757624445938,0.10603437162726342,0.01999004970149154,0.9967266517932953,False
Max_Watts_W,Valine,Group_8C vs Group_15C (Reference),-0.02102811317656181,0.05837080436386652,-0.04280120460041131,0.0007449782472876941,0.2224916849741987,0.06051078601049009,0.01375722706191052,0.02141783899024137,0.028999227472306974,0.38127715542911633,-0.007270886114651291,0.437374025011495,0.9967266517932953,False
Age_years,alpha-D-Glucopyranoside,Group_8C vs Group_15C (Reference),-0.3915617265653734,0.05838530152569347,-0.7970189387463357,0.013895485615588843,0.2502119716405037,0.09400613239894196,0.17547963008654044,0.1656946897727004,-0.14581423722760484,0.5143337149487475,-0.21608209647883297,0.18660521193571578,0.9967266517932953,False
VO2max_ml_per_kg_per_min,L-Alanine,Group_8C vs Group_15C (Reference),0.7172661106535005,0.059263246626905235,-0.028036294420241248,1.4625685157272423,0.232847861031251,0.07302449874609496,-0.29647486093299397,0.153480999411855,0.21052468990529866,0.6878803379639165,0.4207912497205066,0.18647672371374924,0.9967266517932953,False
VO2max_ml_per_kg_per_min,Proline,Group_8C vs Group_22C Contrast,0.45606853695341343,0.05939895612970881,-0.018088413930296032,0.9302254878371229,0.3874163850008887,0.25979479854274057,-0.01336498593589845,0.8163696731458134,-0.41202144938767093,0.08127278298113927,0.04404708756574252,0.3937557520235273,0.9967266517932953,False
Skinfold_Thickness_mm,1-Monooleoylglycerol,Group_8C vs Group_15C (Reference),-0.06072043917918302,0.05942285345902292,-0.12385391808379881,0.002413039725432775,0.3413692791012871,0.204154545580722,0.03696897472537251,0.06508832462852929,-0.07599084994789687,0.09958599524819078,-0.02375146445381051,0.34626700199335847,0.9967266517932953,False
Height_m,"2,3,4-Trihydroxybutyric_acid",Group_22C vs Group_15C (Reference),85.48577546008305,0.05960266296753538,-3.4599870837384685,174.43153800390456,0.2858852708563485,0.13711136895142118,-29.10244311694346,0.2090363748649361,56.383332343139585,0.14848982324444582,-57.233184429276136,0.13284714640768325,0.9967266517932953,False
Body_Density_kg_per_m3,1-Monooleoylglycerol,Group_8C vs Group_22C Contrast,-162.53049959449604,0.059772731828896024,-331.755191585902,6.694192396909926,0.43834182709107783,0.32132970773505243,-130.37871112594607,0.0007942852683928222,228.45681673368634,0.0012598411965154543,65.9263171391903,0.18164988384858205,0.9967266517932953,False
Body_Fat__Percent,1-Monooleoylglycerol,Group_8C vs Group_22C Contrast,0.3733893651006726,0.06052457322666248,-0.01652091072474987,0.763299640926095,0.4368923541723133,0.3195782612915453,0.29520446454626365,0.0011238892681557171,-0.5270307956258526,0.0011909338509406009,-0.1536414305251801,0.18000924797664153,0.9967266517932953,False
VO2max_ml_per_kg_per_min,2-OH-Butanoic_Acid,Group_22C vs Group_15C (Reference),-0.2011814480181288,0.06103589842143506,-0.4116773693827653,0.009314473346507701,0.2892229867283773,0.14114444229678935,0.11679507339947282,0.05464279572754981,-0.08438637461865597,0.34058113524775835,-0.04706118945927126,0.39045473084966664,0.9967266517932953,False
Muscle_Mass_kg,4-Aminobutanoic_acid,Group_8C vs Group_22C Contrast,-0.2274730172396796,0.06183951988895396,-0.4662201814390029,0.011274146959643655,0.20615322636908484,0.04076848186264426,0.22941050722420392,0.3093682881416805,0.06773052199486779,0.46867976325768446,-0.15974249524481182,0.040844460816212846,0.9967266517932953,False
Max_Watts_W,Ascorbic_Acid,Group_22C vs Group_15C (Reference),-0.058882177480743765,0.062326764466579455,-0.12079697259121767,0.0030326176297301444,0.3028629787725232,0.15762609935013228,0.01560047420073142,0.279277543818488,-0.043281703280012344,0.12358797714369252,0.04760390531719868,0.0028586409218072095,0.9967266517932953,False
VO2max_ml_per_kg_per_min,Leucine,Group_22C vs Group_15C (Reference),-0.49358426373454656,0.06243396238527653,-1.0128021419932578,0.025633614524164794,0.30784433007330947,0.16364523217191562,0.068822477518672,0.46124149594615194,-0.42476178621587457,0.08662933176270182,-0.08275839269874764,0.6675360930180883,0.9967266517932953,False
Weight_kg,"11-Eicosenoic_acid,_E-",Group_22C vs Group_15C (Reference),-0.09235696427317351,0.06337763116322792,-0.18985931339051348,0.005145384844166448,0.16421089130834654,-0.009911839669081157,0.03229527270978877,0.2962612341277179,-0.06006169156338474,0.1232696090983465,0.043744284402502304,0.6679832298997741,0.9967266517932953,False
BSA_m2,1-Monooleoylglycerol,Group_8C vs Group_15C (Reference),-16.955838047009802,0.06352590578812907,-34.86635450274962,0.9546784087300182,0.24544568367359465,0.0882468677722602,12.529129665325764,0.004242283654019073,-9.942146531647909,0.2083003062951656,-4.426708381684039,0.5809432188102766,0.9967266517932953,False
Skinfold_Thickness_mm,Dodecanoic_acid,Group_22C vs Group_15C (Reference),-0.10439794925868813,0.06360911455564462,-0.21470855597430172,0.0059126574569254575,0.2704728125033572,0.11848798177488995,-0.005777442438975182,0.6884403322935513,-0.11017539169766331,0.04286260719189583,-0.05106350888076114,0.024086878865414052,0.9967266517932953,False
Max_Watts_W,Lysine,Group_8C vs Group_15C (Reference),0.03830853221623231,0.0639480586009629,-0.0022213725719473568,0.07883843700441198,0.28409288193826243,0.1349455656754005,-0.025764488636113518,0.18301806199116055,-0.07286553533230355,0.23256147324591736,0.012544043580118791,0.0854856670296491,0.9967266517932953,False
Age_years,Glutamine_[-H2O],Group_22C vs Group_15C (Reference),0.19017848763726813,0.0639752401314636,-0.011048337511492895,0.3914053127860292,0.41741628393414654,0.2960446764204271,-0.020113419582291833,0.6561846876212576,0.1700650680549763,0.06508794922196715,0.09281077918109297,0.01339155996347463,0.9967266517932953,False
Muscle_Mass_kg,L-Proline,Group_22C vs Group_15C (Reference),0.2816093322196044,0.06562813583992964,-0.01820468433865735,0.5814233487778662,0.336969196441649,0.1988377790336593,-0.19782268008271256,0.09688417419898056,0.08378665213689182,0.38238578816569135,0.22152128935229984,0.012302806118096754,0.9967266517932953,False
VO2max_ml_per_kg_per_min,Indole-3-Propionic_Acid,Group_22C vs Group_15C (Reference),-0.13218858184704507,0.0661231817776283,-0.27318041519867675,0.008803251504586579,0.17427801330665127,0.002252599412203682,0.035199643260303295,0.22321320543949374,-0.09698893858674178,0.14094045714862413,0.0021173116883806894,0.8636870801537506,0.9967266517932953,False
Age_years,Arachidonic_acid,Group_8C vs Group_15C (Reference),-0.060135365062595925,0.06621709809360901,-0.12429773854368928,0.00402700841849743,0.24403201011625908,0.08653867889047973,0.0038724395895071116,0.891272825553133,0.04047423926420403,0.4851701052918149,-0.05626292547308881,0.0006045065978204089,0.9967266517932953,False
VO2max_ml_per_kg_per_min,beta-D-Xylopyranose,Group_22C vs Group_15C (Reference),0.5044445632896633,0.06658576606488166,-0.03451146204311051,1.0434005886224371,0.17080461523053103,-0.0019444232631082858,-0.07313595732355846,0.6570272064749407,0.43130860596610476,0.05013957678389924,-0.2026450594793582,0.35968935433627025,0.9967266517932953,False
Body_Density_kg_per_m3,Dodecanoic_acid,Group_22C vs Group_15C (Reference),249.62126571563937,0.06802284935408216,-18.481447475005325,517.7239789062841,0.25376115555802214,0.0982947296326101,20.140133858337258,0.7383201893163492,269.76139957397663,0.028023465332077224,106.52948108215821,0.13561505786418815,0.9967266517932953,False
Weight_kg,Glyceraldehyde-3-PMOX,Group_8C vs Group_15C (Reference),0.14401125879777482,0.06835904840373565,-0.010850930200980907,0.2988734477965306,0.2901090816747155,0.14221514035694793,-0.13658338000678477,0.0390631882215977,0.029405245736655428,0.5838896708603207,0.00742787879099005,0.8633284907712804,0.9967266517932953,False
Body_Fat__Percent,Glutamine_[-H2O],Group_22C vs Group_15C (Reference),0.4072959192546675,0.06985804883005338,-0.03305719862293027,0.8476490371322654,0.349756812405294,0.21428948165639694,-0.1057999185010885,0.14885071323287236,0.301496000753579,0.15573117076977772,0.13472347588719494,9.860074542311636e-05,0.9967266517932953,False
BSA_m2,"11-Eicosenoic_acid,_E-",Group_22C vs Group_15C (Reference),-7.13163308146787,0.06999354034872221,-14.845822163885687,0.582556000949948,0.1663056765088703,-0.00738064088511492,3.738375636283558,0.030661746762367773,-3.393257445184312,0.33717168686248544,3.4921536374752593,0.5482172823074718,0.9967266517932953,False
Max_Watts_W,Indole-3-Latic_Acid,Group_8C vs Group_15C (Reference),-0.01513324376240872,0.0700650131757294,-0.031506842493911544,0.0012403549690940992,0.5075959563160145,0.4050117805485176,0.012797446857869545,0.004382308048891068,0.006849464779995144,0.5468399731496116,-0.0023357969045391756,0.7401858814765307,0.9967266517932953,False
Body_Fat__Percent,Dodecanoic_acid,Group_22C vs Group_15C (Reference),-0.5746443849485372,0.0703823734147871,-1.1970917137503783,0.04780294385330386,0.25262151070121586,0.09691765876396918,-0.04459724602853169,0.7412316145194718,-0.6192416309770689,0.031210858908919503,-0.2490460990751651,0.12977165168445337,0.9967266517932953,False
Age_years,Proline,Group_8C vs Group_15C (Reference),-0.11537289387838301,0.07127589357913097,-0.24074005790963512,0.009994270152869106,0.22726462486197396,0.06627808837488525,0.02016600279640618,0.6999505690598535,0.16696645959809178,0.39012437579878334,-0.09520689108197683,0.009652898620358785,0.9967266517932953,False
Body_Fat__Percent,Ethyl_alpha-D-glucopyranoside,Group_22C vs Group_15C (Reference),-0.6027279730521917,0.07231306450212069,-1.260063374258448,0.0546074281540645,0.22916762708984117,0.06857754940022476,0.22835838021945076,0.04129765123972662,-0.37436959283274096,0.23636631128564,-0.2796980526647068,0.007055613223314605,0.9967266517932953,False
Body_Density_kg_per_m3,Glutamine_[-H2O],Group_22C vs Group_15C (Reference),-176.72213511134413,0.07259222129448971,-369.64389114835575,16.19962092566749,0.34850397547606193,0.21277563703357494,45.956969425667914,0.15951288956943233,-130.7651656856762,0.15903461576356026,-58.13786327875477,6.509852736580335e-05,0.9967266517932953,False
VO2max_ml_per_kg_per_min,1-Monopalmitin,Group_22C vs Group_15C (Reference),0.14071633995478197,0.07259993715264877,-0.012903217360926034,0.29433589727049,0.1657109099597518,-0.008099317131966544,-0.012256298166622055,0.8271635532335682,0.12846004178815992,0.01885465085297744,-0.0671138399711563,0.4382580827490685,0.9967266517932953,False
Body_Density_kg_per_m3,"2,3,4-Trihydroxybutyric_acid",Group_8C vs Group_22C Contrast,-504.31475032382843,0.0730037483523781,-1055.660638458868,47.03113781121124,0.2007224640293438,0.034206310702123766,-44.043992234600395,0.45657711602129636,357.89127445987504,0.03760566036533253,-146.4234758639534,0.5104517061593019,0.9967266517932953,False
Muscle_Mass_kg,Butanoic_acid,Group_8C vs Group_15C (Reference),-0.3042067246449802,0.07361162210842656,-0.6374809647232045,0.029067515433244095,0.20349934722375673,0.03756171122870611,0.18758246679326326,0.1574790084583948,0.05126367867774381,0.5299018196742846,-0.11662425785171696,0.272702205438192,0.9967266517932953,False
Height_m,L-Proline,Group_8C vs Group_15C (Reference),30.583998887858776,0.07428205499685427,-3.0002194087972285,64.16821718451479,0.20307426109282145,0.03704806548715933,-1.1868201407315162,0.9254474307865352,-0.4807679747754907,0.9937580297565738,29.39717874712726,0.010726949858570256,0.9967266517932953,False
BSA_m2,4-Aminobutanoic_acid,Group_8C vs Group_22C Contrast,-13.96847427696066,0.07444691933808976,-29.31623531957719,1.3792867656558716,0.11032004093000503,-0.07502995054291062,-2.8450153062169856,0.4828273840709698,7.767918297087334,0.19035552869911232,-6.200555979873324,0.22512780256306808,0.9967266517932953,False
VO2max_ml_per_kg_per_min,"1,3-Dioxolane-2-methanol",Group_22C vs Group_15C (Reference),0.49129413967713875,0.07474804271259941,-0.04906213397614567,1.0316504133304232,0.11983007914679533,-0.06353865436428885,-0.22681167985609188,0.0763344503406111,0.2644824598210469,0.27877734339312443,-0.24590059104044643,0.4971130846962195,0.9967266517932953,False
VO2max_ml_per_kg_per_min,"D-Arabinose,_tetrakis",Group_8C vs Group_22C Contrast,-0.9304201705244335,0.07482857174784893,-1.9540572902448852,0.0932169491960182,0.2408546480210203,0.08269936635873287,-0.20678603427746442,0.35565197389177017,0.24064134157528036,0.6024025833732294,-0.6897788289491531,0.004645349509880603,0.9967266517932953,False
Body_Density_kg_per_m3,Ethyl_alpha-D-glucopyranoside,Group_22C vs Group_15C (Reference),261.1455997547394,0.07493723233731263,-26.2657215639465,548.5569210734253,0.22715576818693461,0.06614655322587937,-99.94230099586598,0.04182184009296307,161.20329875887342,0.24334771873067274,119.95646698186742,0.008363417964473152,0.9967266517932953,False
Muscle_Mass_kg,3-OH-Butanoic_Acid,Group_8C vs Group_22C Contrast,0.11626992474447709,0.07517537746289714,-0.011801317185102217,0.2443411666740564,0.1307905737326157,-0.0502947234064226,-0.05997078283196129,0.6965029303351558,-0.0818734647533599,0.15659718718338445,0.03439645999111719,0.25918946551152344,0.9967266517932953,False
VO2max_ml_per_kg_per_min,"Ethanolamine,_3TMS",Group_22C vs Group_15C (Reference),-0.4394784007325412,0.07603976857967785,-0.9249875320686927,0.04603073060361035,0.1904882429367457,0.02183996021523449,0.1357029910425301,0.2690107864664575,-0.30377540969001104,0.15797188080576818,0.11720393364101153,0.6610125435174847,0.9967266517932953,False
Weight_kg,Butanoic_acid,Group_8C vs Group_15C (Reference),-0.21960433246927935,0.07670450138239288,-0.4627588711353914,0.02355020619683265,0.20750381451186994,0.042400442535176275,0.07707605527006926,0.05055854632331055,0.07196342535953103,0.4741741507403585,-0.14252827719921007,0.22564421939220747,0.9967266517932953,False
Body_Fat__Percent,"2,3,4-Trihydroxybutyric_acid",Group_8C vs Group_22C Contrast,1.1589423103263259,0.07735221046968235,-0.1271235628650238,2.4450081835176753,0.19946073066607517,0.032681716221507506,0.09792723523730555,0.47247217743429915,-0.8243216411609124,0.036875465604145674,0.33462066916541344,0.5230729982606475,0.9967266517932953,False
Weight_kg,Dodecanoic_acid,Group_8C vs Group_15C (Reference),-0.18912925019673757,0.07776574127223407,-0.3992928874130071,0.021034387019531975,0.2429203079187443,0.08519537206848271,0.031701457327529055,0.6365719383150391,-0.23256242588871529,0.028705328838862565,-0.15742779286920852,0.05982131754284459,0.9967266517932953,False
Max_Watts_W,2-Aminoheptanedioic_acid,Group_22C vs Group_15C (Reference),-0.11250827085721901,0.07891931830401251,-0.23801383148238212,0.012997289767944092,0.15943896254091638,-0.015677920263059253,0.00044448761873792995,0.9679305792809142,-0.11206378323848108,0.07561237719950853,-0.007805492234207056,0.8996222898646693,0.9967266517932953,False
Body_Density_kg_per_m3,L-Alanine,Group_8C vs Group_15C (Reference),411.46871480689583,0.07921209858405985,-47.98258070235187,870.9200103161436,0.2242359632577915,0.06261845560316481,-192.02356622002276,0.10742662645681123,15.988823434006463,0.9589703679334987,219.44514858687307,0.27684986170732806,0.9967266517932953,False
Body_Fat__Percent,"1,5-Anhydrohexitol",Group_8C vs Group_15C (Reference),0.8337197060778616,0.07982513279621674,-0.0991221680288541,1.7665615801845773,0.2583110502734174,0.10379251908037934,-0.24220812346837273,0.5550300965034258,0.2764421925906856,0.0041290358917636105,0.5915115826094889,0.014156758732412067,0.9967266517932953,False
BSA_m2,Glyceraldehyde-3-PMOX,Group_8C vs Group_15C (Reference),12.22485630166724,0.08005708239484108,-1.4639545889539587,25.913667192288436,0.35004555283397254,0.2146383763410502,-13.556849392700535,0.007649573471481144,1.5799014699198501,0.7299274405722225,-1.3319930910332953,0.7809501219316739,0.9967266517932953,False
Weight_kg,Doconexent,Group_22C vs Group_15C (Reference),-0.07062348552272141,0.0801211356929423,-0.14972107502774368,0.008474103982300848,0.15585642662817822,-0.020006817824284484,0.07308344635174087,0.0003532288046369512,0.0024599608290194613,0.9436266859843911,0.03742933276796389,0.7723674557598275,0.9967266517932953,False
Age_years,Linoleic_Acid,Group_22C vs Group_15C (Reference),-0.27499030879204645,0.08082972137499414,-0.583698466739369,0.033717849155276036,0.2633814643770207,0.10991926945556674,0.23928421927165638,0.030730411581370902,-0.03570608952039006,0.7498606783217223,0.0765967132687205,0.6707688206426039,0.9967266517932953,False
Max_Watts_W,"1,5-Anhydrohexitol",Group_8C vs Group_15C (Reference),-0.11165701861202484,0.08087522087449625,-0.23702362133548546,0.013709584111435774,0.4296805812871275,0.31086403572194576,0.029251785743290844,0.5756462398674497,0.04973737932152586,0.06047358218039012,-0.082405232868734,0.0254724937880213,0.9967266517932953,False
BMI_kg·m2,Methyl_galactoside,Group_22C vs Group_15C (Reference),-0.8802838126271609,0.08212431467777404,-1.8727102657052632,0.11214264045094124,0.11886850712818764,-0.0647005538867731,0.5331441693119419,0.21269259176800592,-0.34713964331521907,0.19996602777012962,-0.019930952510036848,0.953461006670689,0.9967266517932953,False
BMI_kg·m2,L-Rhamnose,Group_8C vs Group_15C (Reference),0.852566850818636,0.08264602379481516,-0.11024863504462712,1.8153823366818993,0.2628999918282552,0.1093374901258084,-0.4394914533601367,0.13527665200398636,0.7188207793872572,0.3286474706993303,0.41307539745849936,0.29367002929597996,0.9967266517932953,False
Height_m,L-5-Oxoproline,Group_8C vs Group_15C (Reference),89.66147257058904,0.08291078113271075,-11.681714400045507,191.0046595412236,0.36870642066268633,0.23718692496741267,-59.400710879109134,0.2007882008294377,-18.833366985770198,0.6020419845509408,30.260761691479907,0.1835124733615321,0.9967266517932953,False
Max_Watts_W,"Ethanolamine,_3TMS",Group_22C vs Group_15C (Reference),-0.07044398230078791,0.0833133788871787,-0.1501700179530301,0.00928205335145428,0.2764043414876999,0.1256552459643041,0.044607363025377475,0.05796027647730086,-0.025836619275410436,0.43621066019932964,-0.02974493623269936,0.24502649954880096,0.9967266517932953,False
Muscle_Mass_kg,1-Ethyl-1-tetradecyloxy-1-silacyclohexane,Group_22C vs Group_15C (Reference),0.5293858744200413,0.08331476860008648,-0.06975724428149943,1.128528993121582,0.24312524679811176,0.08544300654771841,-0.44385731563992786,0.0728399956857953,0.0855285587801134,0.6337437519563165,-0.026863166918273895,0.8571722619373798,0.9967266517932953,False
Body_Fat__Percent,L-Alanine,Group_8C vs Group_15C (Reference),-0.938843701179869,0.08347986162159265,-2.001967500458834,0.12428009809909579,0.22140454234009666,0.059197155327616824,0.43335688202384026,0.11273702051959601,-0.04254599199935466,0.9529085621992597,-0.5054868191560288,0.28068652151440365,0.9967266517932953,False
Max_Watts_W,1-Heptadecanol,Group_8C vs Group_15C (Reference),0.026321770965162385,0.08413004624769262,-0.0035470569077255786,0.056190598838050346,0.20327634221789037,0.03729224684661758,-0.012489932807489059,0.11137336263327109,-0.04458171847846212,0.4599053241719515,0.013831838157673327,0.28973984861002666,0.9967266517932953,False
BSA_m2,Arachidonic_acid,Group_8C vs Group_15C (Reference),-3.073353521080343,0.08472173770110929,-6.56751310912751,0.4208060669668239,0.3717054728738448,0.24081077972256248,4.710526487739145,3.387793298940961e-09,3.184638225981459,0.2065645030741674,1.637172966658802,0.30461752598172853,0.9967266517932953,False
VO2max_ml_per_kg_per_min,Butanoic_acid,Group_8C vs Group_15C (Reference),0.30803388088356853,0.0847578245961704,-0.04221685094623062,0.6582846127133677,0.21288056148930534,0.04889734513291066,-0.047266189959447084,0.26768697756824056,-0.09953730663493782,0.6494049301273723,0.26076769092412144,0.13293282633987213,0.9967266517932953,False
Body_Density_kg_per_m3,"1,5-Anhydrohexitol",Group_8C vs Group_15C (Reference),-363.4936501430177,0.0850361580490956,-777.1744093815946,50.18710909555915,0.26000825875866407,0.10584331266671909,109.40047228171686,0.5504187866712595,-120.15116428011275,0.0036329085033723896,-254.09317786130083,0.015326425032470503,0.9967266517932953,False
Skinfold_Thickness_mm,Methyl_galactoside,Group_8C vs Group_15C (Reference),-0.08033392949443924,0.08516115838685487,-0.17179609982806965,0.011128240839191172,0.18231357799753234,0.011962240080351627,0.039358086183872355,0.0006925907420737585,-0.03158587157915919,0.2593298465630114,-0.04097584331056688,0.3646483533175504,0.9967266517932953,False
Max_Watts_W,"11-Eicosenoic_acid,_E-",Group_8C vs Group_22C Contrast,0.06110909753034846,0.0853745027559306,-0.008513945115182595,0.13073214017587953,0.33935346636580144,0.20171877185867682,0.00079693824760334,0.9545676073982475,-0.059322591400009984,0.07135978406144972,0.0017865061303384785,0.8939142917297633,0.9967266517932953,False
Age_years,1-Monooleoylglycerol,Group_8C vs Group_22C Contrast,0.18328804665309387,0.08584319163757831,-0.025849301168893363,0.39242539447508107,0.37836473254659087,0.24885738516046396,0.07337710948456971,0.4226585427801033,-0.281278877521219,0.00032695911534941224,-0.09799083086812513,0.17652307688010094,0.9967266517932953,False
Max_Watts_W,Palmitelaidic_acid,Group_8C vs Group_22C Contrast,0.12809657585251188,0.08741178247500547,-0.018795304460050066,0.27498845616507384,0.29754896203236836,0.15120499578911184,-0.02308001955267612,0.22581685595554446,-0.11075827579077442,0.11153414142906382,0.017338300061737456,0.5327348038149293,0.9967266517932953,False
Body_Density_kg_per_m3,"9-Hexadecenoic_acid,_Z-",Group_22C vs Group_15C (Reference),158.42077688751172,0.08752782669259038,-23.307960699179603,340.14951447420304,0.31531743091738307,0.1726752290251713,-27.418429870483223,0.3465237859029884,131.0023470170285,0.136695689734045,22.94261283725463,0.564238405292369,0.9967266517932953,False
VO2max_ml_per_kg_per_min,Methyl_galactoside,Group_22C vs Group_15C (Reference),0.2965458377722527,0.08771254568439966,-0.043828225096091966,0.6369199006405973,0.09636273317104527,-0.0918950307516535,-0.1401725845382821,0.22797589849493072,0.15637325323397058,0.22543076204515855,0.018534520578263713,0.930113559599699,0.9967266517932953,False
BSA_m2,"9-Hexadecenoic_acid,_Z-",Group_8C vs Group_15C (Reference),-7.368845267340265,0.0877416217722672,-15.827550396206831,1.0898598615263007,0.2061315864690676,0.040742333650123363,4.468210547283877,0.08693770767724171,-4.758882500378097,0.23423442875827938,-2.900634720056388,0.3986838443977936,0.9967266517932953,False
Skinfold_Thickness_mm,Dodecanoic_acid,Group_8C vs Group_15C (Reference),-0.045286066441785955,0.09147708286841917,-0.0978791331065364,0.007307000222964481,0.2704728125033572,0.11848798177488995,-0.005777442438975182,0.6884403322935513,-0.11017539169766331,0.04286260719189583,-0.05106350888076114,0.024086878865414052,0.9967266517932953,False
Max_Watts_W,"11-Eicosenoic_acid,_E-",Group_22C vs Group_15C (Reference),-0.06011952964761332,0.09262664285745256,-0.13018670795782078,0.009947648662594129,0.33935346636580144,0.20171877185867682,0.00079693824760334,0.9545676073982475,-0.059322591400009984,0.07135978406144972,0.0017865061303384785,0.8939142917297633,0.9967266517932953,False
VO2max_ml_per_kg_per_min,1-Monooleoylglycerol,Group_22C vs Group_15C (Reference),0.3304281384920047,0.09360164167226716,-0.05582354673657525,0.7166798237205847,0.21246968852048342,0.04840087362891754,-0.1115409728756319,0.12269661518758024,0.21888716561637278,0.23253263619832687,0.16990675517628057,0.08369547063055216,0.9967266517932953,False
Age_years,L-5-Oxoproline,Group_8C vs Group_22C Contrast,-0.33371672441254496,0.09396383732594238,-0.7242502773075612,0.05681682848247127,0.5172286573812006,0.41665129433561743,0.3979450693084799,0.00045397511743284813,0.14264071183822918,0.21726386855513913,-0.19107601257431578,0.23902982200665424,0.9967266517932953,False
Weight_kg,Oxalic_acid,Group_22C vs Group_15C (Reference),0.30401415242302404,0.09446384223398685,-0.05229414853361547,0.6603224533796636,0.40651594833477045,0.282873437571181,-0.07860382811078663,0.4717173622795583,0.2254103243122374,0.12088817933979645,0.03679243913293341,0.8542502982965143,0.9967266517932953,False
Body_Fat__Percent,"9-Hexadecenoic_acid,_Z-",Group_22C vs Group_15C (Reference),-0.3624295384109887,0.09512358839070292,-0.7880509737775476,0.06319189695557026,0.31312361130624433,0.17002436366171192,0.06168289129230002,0.3621197817388673,-0.30074664711868865,0.1449709822295926,-0.05316138660807525,0.5615566830867025,0.9967266517932953,False
Age_years,Serine,Group_8C vs Group_22C Contrast,-0.3172207346162488,0.09521151753048611,-0.6898567889357412,0.055415319703243704,0.29801880665584257,0.15177272470914316,0.027000325858927643,0.4816574727143219,0.2107372816448829,0.25102591170668465,-0.10648345297136588,0.03110835352875907,0.9967266517932953,False
Muscle_Mass_kg,Oxalic_acid,Group_8C vs Group_15C (Reference),0.30825365350130085,0.09915296388042816,-0.05813542445535147,0.6746427314579532,0.39881074848041564,0.2735629877471689,-0.38348422161298007,0.0005822894546338479,0.03544507729285795,0.6368242210419823,-0.07523056811167922,0.6161188428409017,0.9967266517932953,False
BMI_kg·m2,Arachidonic_acid1,Group_8C vs Group_15C (Reference),-0.5228609226235377,0.09957605044267344,-1.1451093009871205,0.09938745574004515,0.11776126634280926,-0.0660384698357721,0.07970677565104976,0.6561061869969884,-0.29640260359103415,0.5787310141932815,-0.4431541469724879,0.09101168457781106,0.9967266517932953,False
Weight_kg,L-+-Erythrulose,Group_22C vs Group_15C (Reference),0.3025551684321528,0.09964161218464161,-0.05758059479532318,0.6626909316596288,0.1828447886710941,0.012604119644238798,-0.1016617891723108,0.4865312962284818,0.200893379259842,0.071417674256125,0.019160560208669325,0.9744584702556034,0.9967266517932953,False
BMI_kg·m2,Glyceraldehyde-3-PMOX,Group_22C vs Group_15C (Reference),0.4949345890475114,0.09981711917908202,-0.09449840277169708,1.08436758086672,0.22063979733572203,0.05827308844733081,-0.3287426139879293,0.16640020927366572,0.1661919750595821,0.3675016924039487,0.2551426772042131,0.5617199817550267,0.9967266517932953,False
Body_Fat__Percent,Butanoic_acid,Group_8C vs Group_22C Contrast,-0.4723363471430965,0.09986167016107653,-1.0349406559626821,0.09026796167648915,0.24203429158610046,0.08412476899987142,0.13241377421292816,0.032098583929372024,0.16134379077813527,0.4282535821295248,-0.31099255636496126,0.12416431399507966,0.9967266517932953,False
VO2max_ml_per_kg_per_min,Proline,Group_22C vs Group_15C (Reference),-0.39865646345177247,0.10123365584748711,-0.8754099701064388,0.0780970432028939,0.3874163850008887,0.25979479854274057,-0.01336498593589845,0.8163696731458134,-0.41202144938767093,0.08127278298113927,0.04404708756574252,0.3937557520235273,0.9967266517932953,False
Body_Density_kg_per_m3,Butanoic_acid,Group_8C vs Group_22C Contrast,204.63654989061519,0.10162606242424366,-40.37412200152616,449.64722178275656,0.24271206479960117,0.08494374496618484,-58.43888303028128,0.029206427568710332,-70.75457500003355,0.42489844833332224,133.88197489058163,0.1286542729843616,0.9967266517932953,False
Skinfold_Thickness_mm,Palmitelaidic_acid,Group_8C vs Group_15C (Reference),-0.08391622122771361,0.10185411386634591,-0.18445396518892232,0.016621522733495084,0.2842083612800418,0.13508510321338385,0.01632030018987587,0.5498973862124559,-0.09857397371744585,0.25510495398512445,-0.06759592103783774,0.11960947551090673,0.9967266517932953,False
Age_years,Glyceric_acid,Group_8C vs Group_22C Contrast,-0.5535262428200223,0.10185690219675242,-1.2167085767542667,0.10965609111422225,0.276659254125761,0.12596326540196123,-0.20675912354432655,0.1344064718091645,-0.012724180808485558,0.9634081436173918,-0.5662504236285079,0.0034811936106526886,0.9967266517932953,False
Muscle_Mass_kg,4-Aminobutanoic_acid,Group_8C vs Group_15C (Reference),-0.38915300246901574,0.10319807529644892,-0.8572141526983359,0.07890814776030436,0.20615322636908484,0.04076848186264426,0.22941050722420392,0.3093682881416805,0.06773052199486779,0.46867976325768446,-0.15974249524481182,0.040844460816212846,0.9967266517932953,False
Weight_kg,Arachidonic_acid,Group_8C vs Group_15C (Reference),-0.034784235994711823,0.10365284567353443,-0.076676814855627,0.007108342866203342,0.34539041557915384,0.20901341882481095,0.04906884488418649,0.0007126105626208875,0.049272943905908306,0.2095947568314105,0.014284608889474665,0.36308961112567384,0.9967266517932953,False
BMI_kg·m2,"11-Eicosenoic_acid,_E-",Group_8C vs Group_22C Contrast,0.4167733659643899,0.10399089899563536,-0.08567017302782992,0.9192169049566097,0.161642202086952,-0.013015672478266183,0.04596423836762578,0.7629007583574497,-0.3247395642949862,0.06621806384773454,0.09203380166940368,0.6200624904809968,0.9967266517932953,False
VO2max_ml_per_kg_per_min,L-Rhamnose,Group_8C vs Group_22C Contrast,0.4577569651826496,0.10525646122498046,-0.09611093759037542,1.0116248679556745,0.29581993838436926,0.14911575888111295,0.10602011751618785,0.15782547993180351,-0.4537051893229768,0.0974794739827669,0.004051775859672785,0.9538421105105994,0.9967266517932953,False
Age_years,"1,5-Anhydrohexitol",Group_8C vs Group_15C (Reference),0.3949974492961122,0.10556415783870693,-0.0833475420873172,0.8733424406795416,0.21593232998903766,0.05258489873675387,-0.2172986162465058,0.21114377659498995,0.13877765752021906,0.020059576852226924,0.1776988330496064,0.29974595350967737,0.9967266517932953,False
BMI_kg·m2,Oxalic_acid,Group_22C vs Group_15C (Reference),1.1134865164251457,0.10594364871554986,-0.2364220548991367,2.4633950877494284,0.390327246625253,0.26331208967218067,-0.4208353804280081,0.22213352742045744,0.6926511359971377,0.24538761045787094,-0.17633643313279176,0.8304012040083968,0.9967266517932953,False
BMI_kg·m2,4-Aminobutanoic_acid,Group_8C vs Group_22C Contrast,-1.1661890463612827,0.10598775870229697,-2.5801948512066577,0.24781675848409246,0.1945530143214126,0.02675155897170689,0.05565888310609277,0.8655758252438165,0.17888150740626715,0.6829362793023832,-0.9873075389550156,0.0850415481238147,0.9967266517932953,False
Body_Fat__Percent,Palmitelaidic_acid,Group_22C vs Group_15C (Reference),-0.6877747027470382,0.10673850633683132,-1.5234787083496568,0.14792930285558037,0.28542422753951013,0.13655427494357475,0.06518197777802957,0.6875605830421362,-0.6225927249690086,0.1144157371342851,-0.34812894331329836,0.12881496276212756,0.9967266517932953,False
BSA_m2,Threonine,Group_8C vs Group_22C Contrast,-16.652282716919142,0.10766206611466607,-36.93986243761097,3.635297003772685,0.18862859962359702,0.019592891211846486,-7.719964444231021,0.3722162852682894,8.690202484421729,0.3200428096078578,-7.962080232497413,0.1511293159686704,0.9967266517932953,False
Age_years,Arachidonic_acid,Group_8C vs Group_22C Contrast,-0.09673716473729284,0.10842764540115235,-0.21484889482491978,0.021374565350334107,0.24403201011625908,0.08653867889047973,0.0038724395895071116,0.891272825553133,0.04047423926420403,0.4851701052918149,-0.05626292547308881,0.0006045065978204089,0.9967266517932953,False
Body_Density_kg_per_m3,Palmitelaidic_acid,Group_22C vs Group_15C (Reference),296.50724753681556,0.10890130168396753,-65.99353702776244,659.0080321013936,0.28296257418911164,0.13357977714517666,-27.541996580884486,0.6968651243724556,268.9652509559311,0.11554283293268597,149.3326132381129,0.1327594570774342,0.9967266517932953,False
Weight_kg,Indole-3-Latic_Acid,Group_22C vs Group_15C (Reference),0.07136282307887583,0.10944765572867482,-0.01601785326606732,0.158743499423819,0.4150020051529911,0.2931274228931977,-0.05705728348608141,0.12076048407440643,0.014305539592794417,0.5703431657499083,-0.021846749675818518,0.7172572403075295,0.9967266517932953,False
Body_Density_kg_per_m3,2-OH-Butanoic_Acid,Group_8C vs Group_15C (Reference),-80.44665489322293,0.10986398128999358,-179.06566446315895,18.1723546767131,0.1413064170243885,-0.037588079428863885,50.56452921294087,0.20111628863133346,-2.4087668849894754,0.956875282703723,-29.88212568028206,0.33665060122471036,0.9967266517932953,False
Height_m,"D-Arabinose,_tetrakis",Group_8C vs Group_15C (Reference),-84.54231724159382,0.11066170768787602,-188.41468232610148,19.330047842913842,0.14149483448995015,-0.03736040832464349,47.13302196897146,0.2809490685936896,-39.14565823112632,0.23858886688766012,-37.40929527262236,0.2118194654454375,0.9967266517932953,False
Muscle_Mass_kg,"2,3-Butanediol",Group_8C vs Group_15C (Reference),-0.6123036716532968,0.11113490494727364,-1.3656045049388386,0.14099716163224507,0.1627979006200605,-0.011619203417426727,0.5378004067408354,0.08394611222548903,0.046813640002834556,0.7405482607538272,-0.0745032649124614,0.7411882825108045,0.9967266517932953,False
VO2max_ml_per_kg_per_min,N-Acetylglutamine,Group_8C vs Group_15C (Reference),0.5088514030663712,0.11137080540113278,-0.11758808871493653,1.135290894847679,0.23899455476573017,0.08045175367525736,-0.09140740879567599,0.5825334088771471,0.015339102297803262,0.9660671279597517,0.41744399427069523,0.12617466982298264,0.9967266517932953,False
BMI_kg·m2,"11-Eicosenoic_acid,_E-",Group_22C vs Group_15C (Reference),-0.370703802662612,0.11219501418927058,-0.8281227612049864,0.08671515587976247,0.161642202086952,-0.013015672478266183,0.04596423836762578,0.7629007583574497,-0.3247395642949862,0.06621806384773454,0.09203380166940368,0.6200624904809968,0.9967266517932953,False
Body_Fat__Percent,2-OH-Butanoic_Acid,Group_8C vs Group_15C (Reference),0.18328741515352717,0.11273921290464581,-0.043217399481385366,0.4097922297884397,0.13981347105270903,-0.03939205581130989,-0.11449762425769133,0.2034567399108128,0.005701930734818381,0.955876264091915,0.06878979089583584,0.3424209113013814,0.9967266517932953,False
Max_Watts_W,Oleic_Acid,Group_22C vs Group_15C (Reference),0.023596263081650498,0.11347271514380529,-0.005623190392490478,0.052815716555791474,0.12603554046445997,-0.056040388605444136,0.0005147112891228865,0.9382448177801296,0.024110974370773385,0.07082484258705346,-0.0019995434710421444,0.88242945497445,0.9967266517932953,False
Skinfold_Thickness_mm,Butanoic_acid,Group_8C vs Group_22C Contrast,-0.08123323317769562,0.1143251933704967,-0.18206436756998703,0.019597901214595786,0.20947838047478307,0.04478637640702965,0.016093913836136852,0.2740554292116143,0.03576794743588235,0.2986551501157946,-0.04546528574181326,0.2344390453894718,0.9967266517932953,False
BMI_kg·m2,4-Aminobutanoic_acid,Group_8C vs Group_15C (Reference),-1.0429664220611083,0.11453790505208276,-2.338289869470055,0.25235702534783844,0.1945530143214126,0.02675155897170689,0.05565888310609277,0.8655758252438165,0.17888150740626715,0.6829362793023832,-0.9873075389550156,0.0850415481238147,0.9967266517932953,False
Age_years,L-5-Oxoproline,Group_22C vs Group_15C (Reference),-0.2553043574702507,0.11503868121274426,-0.572820276015237,0.06221156107473552,0.5172286573812006,0.41665129433561743,0.3979450693084799,0.00045397511743284813,0.14264071183822918,0.21726386855513913,-0.19107601257431578,0.23902982200665424,0.9967266517932953,False
BMI_kg·m2,"R*,R*-2,3-Dihydroxybutanoic_acid",Group_8C vs Group_22C Contrast,-1.3582045015422688,0.11528526450003175,-3.0485485358896023,0.3321395328050649,0.32151220496134414,0.18016058099495758,0.3312535580302751,0.23197992111901589,0.9796935280300861,0.13987534699931814,-0.37851097351218266,0.4919396358359105,0.9967266517932953,False
BMI_kg·m2,Dodecanoic_acid,Group_8C vs Group_15C (Reference),-0.9928629002725243,0.11558953954692537,-2.2295347174068567,0.24380891686180794,0.3329294969454627,0.19395647547576744,0.12065885076914505,0.6435569388289104,-1.127201378880523,0.04537546385419322,-0.8722040495033793,0.1290089552403373,0.9967266517932953,False
BMI_kg·m2,Glutamine_[-H2O],Group_22C vs Group_15C (Reference),0.7135907054816136,0.116046736488623,-0.17634635403358345,1.6035277649968107,0.2958231716243359,0.14911966571273927,-0.1550835196167411,0.16735926427621362,0.5585071858648725,0.20426677159172524,0.1226906597130834,0.4709897793731592,0.9967266517932953,False
Height_m,"D-Arabinose,_tetrakis",Group_22C vs Group_15C (Reference),-86.27868020009778,0.11606968521586924,-193.88578000383387,21.32841960363831,0.14149483448995015,-0.03736040832464349,47.13302196897146,0.2809490685936896,-39.14565823112632,0.23858886688766012,-37.40929527262236,0.2118194654454375,0.9967266517932953,False
Age_years,"1,3-Dioxolane-2-methanol",Group_22C vs Group_15C (Reference),-0.41350967279939715,0.1170043841450735,-0.9305613442288254,0.10354199863003105,0.1258522176199527,-0.05626190370922379,0.22536396918124943,0.10492423322916988,-0.18814570361814772,0.40141135418744955,-0.10884486270877211,0.7938890873358073,0.9967266517932953,False
Age_years,DL-Ornithine,Group_8C vs Group_22C Contrast,-0.20361762411804502,0.11701437913429459,-0.4582323251291201,0.05099707689303007,0.371295669128889,0.2403156001974076,0.017309690479099193,0.7250944035531017,0.01351573811163166,0.7139953696364305,-0.19010188600641337,0.1269659816361668,0.9967266517932953,False
Max_Watts_W,Decanoic_acid,Group_8C vs Group_15C (Reference),-0.01905153737653114,0.11828931980020652,-0.042957082937551544,0.004854008184489261,0.13177622185456728,-0.04910373192573125,0.009129981875593387,0.00960571896847719,-0.013295430009238359,0.5820150550134777,-0.009921555500937753,0.39548237245173645,0.9967266517932953,False
VO2max_ml_per_kg_per_min,Erythritol,Group_8C vs Group_15C (Reference),0.4847473215214983,0.11986915104610657,-0.12611438560962013,1.0956090286526168,0.2284019610366268,0.06765236958592413,0.057747996492408346,0.6835897597664558,-0.08134716555309059,0.7843884249499995,0.5424953180139066,0.050674546546372046,0.9967266517932953,False
BMI_kg·m2,beta-D-Xylopyranose,Group_8C vs Group_22C Contrast,1.1649155542834169,0.12046253316702177,-0.30544950647458413,2.6352806150414176,0.10397113045204642,-0.08270155070377716,0.12992846570077132,0.8295122320345295,-0.5020887444600376,0.065077611729629,0.6628268098233793,0.3430510158562181,0.9967266517932953,False
Skinfold_Thickness_mm,Glyceraldehyde-3-PMOX,Group_8C vs Group_15C (Reference),0.03893511092253356,0.12073148161135447,-0.01024378519234373,0.08811400703741085,0.25033938099025654,0.09416008536322673,-0.02552521222315668,0.016791382804417332,0.005335223720500663,0.8435352746244922,0.01340989869937688,0.5548303898506834,0.9967266517932953,False
Muscle_Mass_kg,Aminomalonic_acid,Group_22C vs Group_15C (Reference),-0.60256470024624,0.12146325534850473,-1.3651623115481397,0.16003291105565975,0.4149721658565705,0.29309136707668937,0.5368563586814747,0.12929230080595774,-0.06570834156476524,0.6843922851782891,0.10896324442860944,0.40180355696798653,0.9967266517932953,False
Age_years,DL-Ornithine,Group_8C vs Group_15C (Reference),-0.20741157648551256,0.12147549134341966,-0.4699174429168978,0.055094289945872676,0.371295669128889,0.2403156001974076,0.017309690479099193,0.7250944035531017,0.01351573811163166,0.7139953696364305,-0.19010188600641337,0.1269659816361668,0.9967266517932953,False
BMI_kg·m2,"9-Hexadecenoic_acid,_Z-",Group_22C vs Group_15C (Reference),-0.555817296410031,0.12178966710194525,-1.2598683647148285,0.1482337718947665,0.2558938497889365,0.10087173516163161,0.12462788767811078,0.2931003889245648,-0.4311894087319202,0.20351705277038223,-0.16200561565851423,0.5567263435866656,0.9967266517932953,False
Skinfold_Thickness_mm,Valine,Group_8C vs Group_15C (Reference),0.021215707100068364,0.12183247473536048,-0.005661210653871682,0.048092624854008406,0.25005744115376516,0.09381940806079958,-0.01607019290924514,0.06941639287073655,0.04629914703352921,0.4281201756567641,0.005145514190823222,0.6232483441653431,0.9967266517932953,False
BSA_m2,Oxalic_acid,Group_22C vs Group_15C (Reference),20.81527855138179,0.1223931613271135,-5.593987434620292,47.22454453738388,0.412883397232387,0.2905674383224677,-2.975210157387721,0.7808204254947424,17.84006839399407,0.029568378826072106,4.580807394371451,0.5786301761841053,0.9967266517932953,False
VO2max_ml_per_kg_per_min,1-Ethyl-1-tetradecyloxy-1-silacyclohexane,Group_8C vs Group_22C Contrast,0.3238013701063879,0.12335642284171415,-0.08808555845916866,0.7356882986719444,0.19522291248910517,0.02756101925766885,-0.16984153752596695,0.3387532587209109,-0.15536704119216094,0.3046681839925647,0.1684343289142269,0.24792488244685784,0.9967266517932953,False
Muscle_Mass_kg,Campesterol,Group_8C vs Group_15C (Reference),0.11186994822313052,0.12380132830658003,-0.030598757063937346,0.2543386535101984,0.12528449335908642,-0.05694790385777049,-0.06791326847729728,0.2727773524026782,0.008189829849857222,0.8299311131922604,0.04395667974583324,0.248183369890971,0.9967266517932953,False
Skinfold_Thickness_mm,beta-D-Xylopyranose,Group_22C vs Group_15C (Reference),-0.0835257874607991,0.12446045422586985,-0.1900841664924903,0.023032591570892103,0.09672589229498929,-0.09145621347688793,0.01615683516476488,0.6207668390627161,-0.06736895229603422,0.1211740230031686,-0.006951599030545149,0.8417864578456391,0.9967266517932953,False
VO2max_ml_per_kg_per_min,Erythritol,Group_8C vs Group_22C Contrast,0.6238424835669972,0.12511327176559334,-0.17342100007567174,1.4211059672096662,0.2284019610366268,0.06765236958592413,0.057747996492408346,0.6835897597664558,-0.08134716555309059,0.7843884249499995,0.5424953180139066,0.050674546546372046,0.9967266517932953,False
Body_Density_kg_per_m3,3-OH-Butanoic_Acid,Group_8C vs Group_15C (Reference),-70.06897906953017,0.12559520938689983,-159.72897324855347,19.591015109493128,0.19315701600448165,0.02506472767208201,74.27401140062884,0.0808743194313257,97.74625835279488,0.3761742816066471,4.205032331098664,0.8023780565583873,0.9967266517932953,False
Muscle_Mass_kg,L-Aspartic_acid,Group_8C vs Group_22C Contrast,-0.24158650581805724,0.12606838394890454,-0.5511120840018905,0.06793907236577601,0.15431913201861303,-0.021864382144175964,-0.10573895556985738,0.6016206015931753,0.09532339422734179,0.24368750757816438,-0.14626311159071545,0.27899388335306385,0.9967266517932953,False
Skinfold_Thickness_mm,L-Rhamnose,Group_8C vs Group_15C (Reference),0.036429088865157076,0.12652921716654938,-0.010300519255000924,0.08315869698531508,0.23799114711308633,0.07923930276164604,-0.029081252736120992,0.1778460908234042,0.05553983399295286,0.4858134868902295,0.007347836129036084,0.4682414543691449,0.9967266517932953,False
Body_Density_kg_per_m3,1-Monopalmitin,Group_22C vs Group_15C (Reference),86.6923210517871,0.12681394114317737,-24.596160749676343,197.98080285325057,0.1808032546184153,0.010137265997251843,-55.68246126208605,0.14802179170170246,31.009859789701054,0.45753968187004723,9.216175950117616,0.8186816240955106,0.9967266517932953,False
Skinfold_Thickness_mm,"11-Eicosenoic_acid,_E-",Group_22C vs Group_15C (Reference),-0.03735234179792042,0.127158280556377,-0.08534567932813823,0.01064099573229739,0.17610378115188408,0.004458735558526605,0.002071699701079757,0.8697312107122077,-0.03528064209684066,0.0925919018298278,-0.010658946054276228,0.6831501421706756,0.9967266517932953,False
BSA_m2,"1,3-Dioxolane-2-methanol",Group_22C vs Group_15C (Reference),-30.378049191597714,0.12765643779254407,-69.46137245321668,8.70527407002125,0.12992553247644234,-0.05133998159096542,24.142128369164865,0.1278262928154912,-6.235920822432849,0.6061275428378179,-4.389034400372651,0.895875888816382,0.9967266517932953,False
Height_m,2-Keto-3-methylvaleric_acid,Group_8C vs Group_15C (Reference),-35.56939394168424,0.12921015387888765,-81.51826755342336,10.379479670054884,0.13112093937922398,-0.049895531583437736,17.67185824319355,0.3361214144652265,13.128563506021639,0.5511011024157195,-17.89753569849069,0.21905318949312935,0.9967266517932953,False
Weight_kg,Glutamine_[-H2O],Group_22C vs Group_15C (Reference),0.1702347527008573,0.12933125770310147,-0.04974562676935371,0.3902151321710683,0.2592808881954999,0.10496440656956241,-0.0589539142029163,0.2454790013275675,0.11128083849794101,0.26627905723442447,0.018928063849249853,0.8605723302300965,0.9967266517932953,False
Body_Fat__Percent,1-Monopalmitin,Group_22C vs Group_15C (Reference),-0.1971133050166486,0.13077994810087964,-0.4527893115306776,0.05856270149738041,0.179400418356642,0.008442172180942453,0.12539937463434908,0.15496975773302904,-0.0717139303822995,0.4556992205705961,-0.020986022286631795,0.821818498251548,0.9967266517932953,False
Age_years,Glyceric_acid,Group_8C vs Group_15C (Reference),-0.35949130008418134,0.13090649218242387,-0.8259413557826609,0.1069587556142983,0.276659254125761,0.12596326540196123,-0.20675912354432655,0.1344064718091645,-0.012724180808485558,0.9634081436173918,-0.5662504236285079,0.0034811936106526886,0.9967266517932953,False
Skinfold_Thickness_mm,Butanoic_acid,Group_8C vs Group_15C (Reference),-0.06155919957795011,0.13297136774285281,-0.14186193058249313,0.01874353142659292,0.20947838047478307,0.04478637640702965,0.016093913836136852,0.2740554292116143,0.03576794743588235,0.2986551501157946,-0.04546528574181326,0.2344390453894718,0.9967266517932953,False
BSA_m2,Dodecanoic_acid,Group_22C vs Group_15C (Reference),-16.939984117002687,0.13412253540925043,-39.10343183947875,5.223463605473377,0.16757411563632252,-0.005847943606110295,2.3838800566489344,0.6952854135320564,-14.556104060353753,0.12668579199719798,-7.9667747533255735,0.4768090739152777,0.9967266517932953,False
Body_Fat__Percent,3-OH-Butanoic_Acid,Group_8C vs Group_15C (Reference),0.15862405651619665,0.13452696123451907,-0.04912754573123068,0.366375658763624,0.19391828400826605,0.025984593176654913,-0.1689198446225342,0.08669705916896568,-0.22718274280635392,0.3688251047383573,-0.01029578810633755,0.7912081343336737,0.9967266517932953,False
Age_years,Tyrosine,Group_8C vs Group_15C (Reference),-0.0888851413111043,0.1345662327807829,-0.20531068137425817,0.027540398752049583,0.18488224927340502,0.015066051205364417,0.031191673294728054,0.21822841098306123,0.08878252103425631,0.4184008923399811,-0.057693468016376245,0.28291862430848935,0.9967266517932953,False
Skinfold_Thickness_mm,1-Ethyl-1-tetradecyloxy-1-silacyclohexane,Group_8C vs Group_22C Contrast,-0.0630152087853735,0.13522676497749092,-0.14569659169241397,0.019666174121666963,0.23605060085313556,0.07689447603087218,0.042167972279796975,0.07428451848406241,0.015488075410402386,0.6806653259315312,-0.04752713337497112,0.012646355588948,0.9967266517932953,False
BSA_m2,L-Proline,Group_8C vs Group_15C (Reference),10.801980342357895,0.13568780044296547,-3.387616405776953,24.991577090492743,0.33504085485620416,0.19650769961791337,4.913097906133729,0.40188822232997545,11.962343716897546,0.3319991494327017,15.715078248491626,0.00021745744192624983,0.9967266517932953,False
BSA_m2,Ascorbic_Acid,Group_8C vs Group_22C Contrast,23.22735945422392,0.13575839388344285,-7.290415739457583,53.74513464790542,0.40191361080506405,0.2773122797227857,-18.106545218157553,0.13199039172547467,-3.851827948830227,0.4808817651711035,19.375531505393692,0.18387417193761646,0.9967266517932953,False
Max_Watts_W,Ascorbic_Acid,Group_8C vs Group_15C (Reference),0.03200343111646726,0.13678216782822566,-0.010154210903955914,0.07416107313689044,0.3028629787725232,0.15762609935013228,0.01560047420073142,0.279277543818488,-0.043281703280012344,0.12358797714369252,0.04760390531719868,0.0028586409218072095,0.9967266517932953,False
Muscle_Mass_kg,Ascorbic_Acid,Group_8C vs Group_22C Contrast,0.1745790571150027,0.13734601648822686,-0.05572591373881508,0.4048840279688205,0.2541338027463722,0.09874501165186644,-0.22083539025093313,0.2416755582169372,0.04534762602351128,0.19287972903079043,0.219926683138514,0.05002718902522374,0.9967266517932953,False
Max_Watts_W,Ornithine,Group_22C vs Group_15C (Reference),0.02404365629920933,0.13761186425236063,-0.007695637413861724,0.05578295001228038,0.19718850405835475,0.02993610907051203,0.0021415344484863,0.7505707373682728,0.02618519074769563,0.07537773498114753,-0.0054750171408104766,0.38628060930100805,0.9967266517932953,False
BMI_kg·m2,Ascorbic_Acid,Group_8C vs Group_15C (Reference),1.1191662133175715,0.1380579785948826,-0.35988570202489756,2.5982181286600405,0.24674169786865607,0.08981288492462614,-0.7615323660483652,0.024908708193767823,-0.09702407199710839,0.7974097137638756,0.35763384726920633,0.5956475305987836,0.9967266517932953,False
Age_years,Arginine_[-NH3],Group_22C vs Group_15C (Reference),0.101066971553532,0.13807882574848523,-0.03250675998144553,0.23464070308850954,0.42744438066849066,0.3081619599744263,-0.00013334131707022891,0.994608307247046,0.10093363023646178,0.12179031892794123,0.02203311233451318,0.2307826078476527,0.9967266517932953,False
BMI_kg·m2,N-Acetylglutamine,Group_8C vs Group_15C (Reference),-1.108131213954296,0.13897237375889912,-2.575997665114342,0.35973523720574985,0.26057193183292227,0.10652441763144782,-0.20906858551715432,0.6995261335747955,-0.30802068931255255,0.7147911697944653,-1.3171997994714504,0.010867622527195753,0.9967266517932953,False
VO2max_ml_per_kg_per_min,Indole-3-Propionic_Acid,Group_8C vs Group_22C Contrast,0.09910625027512246,0.1392075932224676,-0.03225366279008243,0.23046616334032735,0.17427801330665127,0.002252599412203682,0.035199643260303295,0.22321320543949374,-0.09698893858674178,0.14094045714862413,0.0021173116883806894,0.8636870801537506,0.9967266517932953,False
BMI_kg·m2,Methionine,Group_22C vs Group_15C (Reference),0.740479272414116,0.13956263987704431,-0.24184874601495598,1.7228072908431882,0.43439759534084654,0.31656376103685624,-0.02056808470205798,0.833189154778621,0.7199111877120581,0.14307027746043133,0.1825728444655413,0.5679157160517869,0.9967266517932953,False
BSA_m2,4-Aminobutanoic_acid,Group_22C vs Group_15C (Reference),10.61293360330432,0.13964342784302905,-3.4691756664983444,24.695042873106985,0.11032004093000503,-0.07502995054291062,-2.8450153062169856,0.4828273840709698,7.767918297087334,0.19035552869911232,-6.200555979873324,0.22512780256306808,0.9967266517932953,False
Body_Fat__Percent,Alanine,Group_8C vs Group_15C (Reference),-0.2436783880886204,0.13999987727906327,-0.5673019279048571,0.07994515172761629,0.11478284321294152,-0.06963739778436229,0.19581618731693456,0.12629383561731414,0.09588255145380756,0.7656665770820905,-0.04786220077168585,0.646027771643366,0.9967266517932953,False
Body_Density_kg_per_m3,Lysine,Group_8C vs Group_15C (Reference),163.64890355265698,0.1400937817518636,-53.74085638851733,381.0386634938313,0.3145656897959499,0.17176687517010614,-170.69373627214466,0.0038795385882119024,-49.90441810245744,0.9080526692574367,-7.044832719487687,0.9401648964815601,0.9967266517932953,False
VO2max_ml_per_kg_per_min,1-Ethyl-1-tetradecyloxy-1-silacyclohexane,Group_8C vs Group_15C (Reference),0.33827586644019386,0.14087528390740642,-0.11197254728961409,0.7885242801700019,0.19522291248910517,0.02756101925766885,-0.16984153752596695,0.3387532587209109,-0.15536704119216094,0.3046681839925647,0.1684343289142269,0.24792488244685784,0.9967266517932953,False
Body_Fat__Percent,Palmitelaidic_acid,Group_8C vs Group_15C (Reference),-0.41331092109132794,0.14094426925136402,-0.9635272221765151,0.1369053799938592,0.28542422753951013,0.13655427494357475,0.06518197777802957,0.6875605830421362,-0.6225927249690086,0.1144157371342851,-0.34812894331329836,0.12881496276212756,0.9967266517932953,False
Max_Watts_W,Glutamine_[-H2O],Group_8C vs Group_22C Contrast,-0.053104057099220815,0.1410888711578063,-0.12382535842700781,0.017617244228566177,0.32511967370920125,0.18451960573195159,0.012975699588586458,0.12694810840768656,0.05313521721538785,0.13738661634115457,3.116011616703836e-05,0.9947765323970807,0.9967266517932953,False
Age_years,"D-Arabinose,_tetrakis",Group_8C vs Group_22C Contrast,0.4676546059179631,0.14144917058803283,-0.1557085394228192,1.0910177512587453,0.1734500183288874,0.001252105480738952,-0.07663437131125375,0.6360397096237862,0.007155297230947891,0.9785136186565562,0.47480990314891103,0.00661245876026384,0.9967266517932953,False
BMI_kg·m2,2-Aminoheptanedioic_acid,Group_8C vs Group_22C Contrast,-1.5309382859218776,0.14161803760109545,-3.572477902747859,0.5106013309041035,0.1365506263168621,-0.043334659867124925,-0.0657603060371834,0.8012939082246159,0.5405135480192838,0.4395618446185843,-0.990424737902594,0.19948803704579943,0.9967266517932953,False
Age_years,1-Monooleoylglycerol,Group_8C vs Group_15C (Reference),-0.17136794035269484,0.14216591026728237,-0.40020101263387564,0.057465131928485985,0.37836473254659087,0.24885738516046396,0.07337710948456971,0.4226585427801033,-0.281278877521219,0.00032695911534941224,-0.09799083086812513,0.17652307688010094,0.9967266517932953,False
VO2max_ml_per_kg_per_min,Tryptophan,Group_8C vs Group_22C Contrast,0.4302722548236362,0.14286577705931133,-0.14530267700823973,1.005847186655512,0.1369799149699672,-0.04281593607795631,0.021404534535134394,0.5491565285343272,-0.19148226693651516,0.30258893797441555,0.23878998788712102,0.29379561785402064,0.9967266517932953,False
Skinfold_Thickness_mm,Erythritol,Group_8C vs Group_15C (Reference),-0.10041226973228279,0.1431723743175022,-0.23483427644760935,0.03400973698304377,0.2378210096324067,0.07903371997249153,-0.016096815869573792,0.6001598019680557,0.024075411459608172,0.845551936715045,-0.11650908560185658,0.05744942513718554,0.9967266517932953,False
Age_years,L-+-Erythrulose,Group_22C vs Group_15C (Reference),0.3116423206844217,0.14318205714084728,-0.10556366762988256,0.728848308998726,0.2598088036768893,0.10560230444290797,-0.28095405584116845,0.013562263944960384,0.030688264843253266,0.8645390307010692,-0.08784871535988772,0.803096680332942,0.9967266517932953,False
Body_Density_kg_per_m3,Alanine,Group_8C vs Group_15C (Reference),106.0600583073364,0.1433716750445208,-35.99339197157683,248.11350858624962,0.1137173166541321,-0.07092490904292359,-85.2547616182046,0.13311584427536752,-42.81562769899425,0.759802033872661,20.805296689131808,0.6443192940509914,0.9967266517932953,False
Body_Density_kg_per_m3,Lactic_Acid1,Group_22C vs Group_15C (Reference),329.73619434437535,0.14379792210497802,-112.3722517592094,771.84464044796,0.13635760069382352,-0.04356789916162995,-161.7798393754567,0.33706234813004754,167.95635496891865,0.2626428204009186,-62.290785512428144,0.8300995192016833,0.9967266517932953,False
BMI_kg·m2,L-Rhamnose,Group_22C vs Group_15C (Reference),1.1583122327473938,0.1438585916929702,-0.39498147952772,2.711605945022508,0.2628999918282552,0.1093374901258084,-0.4394914533601367,0.13527665200398636,0.7188207793872572,0.3286474706993303,0.41307539745849936,0.29367002929597996,0.9967266517932953,False
Body_Density_kg_per_m3,Glyceraldehyde-3-PMOX,Group_8C vs Group_15C (Reference),-122.46661953831806,0.14420636322930253,-286.836542452201,41.9033033755649,0.22226754569873086,0.060239951052633134,65.57847235813504,0.15181149482043324,-21.762971351171302,0.7153030381570766,-56.88814718018301,0.41825942438898034,0.9967266517932953,False
VO2max_ml_per_kg_per_min,"D-Arabinose,_tetrakis",Group_8C vs Group_15C (Reference),-0.4829927946716887,0.14439921232042707,-1.1315585195354452,0.1655729301920677,0.2408546480210203,0.08269936635873287,-0.20678603427746442,0.35565197389177017,0.24064134157528036,0.6024025833732294,-0.6897788289491531,0.004645349509880603,0.9967266517932953,False
Age_years,2-OH-Butanoic_Acid,Group_8C vs Group_15C (Reference),0.1408210758651743,0.1446285677864293,-0.048382387994947956,0.33002453972529655,0.1746590514708536,0.0027130205272815067,-0.07033075283701974,0.28299814665185086,-0.004733828069853091,0.9159604385492868,0.07049032302815457,0.3201455697854827,0.9967266517932953,False
Skinfold_Thickness_mm,Alanine,Group_8C vs Group_15C (Reference),-0.03062402366462018,0.1453018446992988,-0.07183861607875627,0.010590568749515923,0.11294387289352026,-0.07185948692032973,0.027720550981954497,0.09896897686812714,0.0053573095527517,0.915130642439276,-0.0029034726826656816,0.8183893035153114,0.9967266517932953,False
Body_Fat__Percent,Lactic_Acid1,Group_22C vs Group_15C (Reference),-0.7523160333464008,0.14548692950039396,-1.7652678335292573,0.2606357668364555,0.1344123712769707,-0.04591838470699372,0.36308247097915924,0.347085348608725,-0.3892335623672416,0.25715338515310826,0.13686145805933844,0.8412348005746901,0.9967266517932953,False
Body_Fat__Percent,Glyceraldehyde-3-PMOX,Group_8C vs Group_15C (Reference),0.2813939232164235,0.14554298073067945,-0.09754013077691437,0.6603279772097613,0.22366548516116758,0.061929127903077585,-0.15106737138870155,0.13944895321927533,0.05026082440646787,0.7149330185062905,0.13032655182772193,0.42709597757605855,0.9967266517932953,False
BSA_m2,Lactic_Acid,Group_8C vs Group_15C (Reference),-39.90786673535024,0.14594027151413172,-93.7020968388346,13.886363368134127,0.35364346098950195,0.2189858486956482,15.649302707840562,0.035665820129930643,1.247333031619677,0.9043055876747765,-24.258564027509678,0.35845120457112056,0.9967266517932953,False
Body_Density_kg_per_m3,Palmitelaidic_acid,Group_8C vs Group_15C (Reference),176.87460981899738,0.14687565007133038,-62.098547908194746,415.8477675461895,0.28296257418911164,0.13357977714517666,-27.541996580884486,0.6968651243724556,268.9652509559311,0.11554283293268597,149.3326132381129,0.1327594570774342,0.9967266517932953,False
Body_Fat__Percent,Lysine,Group_8C vs Group_15C (Reference),-0.3718558798292604,0.14815430503162608,-0.8758551785835393,0.13214341892501857,0.3149392700574818,0.17221828465279054,0.38973875367084637,0.003222198830808066,0.10763141955427546,0.9148248694924452,0.01788287384158599,0.9353607115831799,0.9967266517932953,False
Age_years,Nonanoic_acid,Group_8C vs Group_15C (Reference),-0.15566353101372585,0.1489592684999275,-0.36706268425068594,0.05573562222323425,0.23208892450932816,0.07210745044877154,0.002746275929262026,0.966515284222228,0.0363265186019388,0.7977964038674039,-0.15291725508446383,0.07455202426539254,0.9967266517932953,False
Muscle_Mass_kg,1-Ethyl-1-tetradecyloxy-1-silacyclohexane,Group_8C vs Group_15C (Reference),0.41699414872165397,0.14900856791844105,-0.1493742368620019,0.9833625343053098,0.24312524679811176,0.08544300654771841,-0.44385731563992786,0.0728399956857953,0.0855285587801134,0.6337437519563165,-0.026863166918273895,0.8571722619373798,0.9967266517932953,False
Muscle_Mass_kg,"2,3-Butanediol",Group_22C vs Group_15C (Reference),-0.49098676673800085,0.15086063946270406,-1.1608911260253203,0.17891759254931866,0.1627979006200605,-0.011619203417426727,0.5378004067408354,0.08394611222548903,0.046813640002834556,0.7405482607538272,-0.0745032649124614,0.7411882825108045,0.9967266517932953,False
Body_Density_kg_per_m3,"R*,R*-2,3-Dihydroxybutanoic_acid",Group_8C vs Group_22C Contrast,245.0530569575627,0.1513939292146745,-89.74100017643107,579.8471140915565,0.23495235321185592,0.07556742679765927,-27.194918786324777,0.6841858456899162,-199.52298688512792,0.14490686694385913,45.53007007243478,0.6559439864219558,0.9967266517932953,False
Skinfold_Thickness_mm,Methionine,Group_22C vs Group_15C (Reference),0.05493991317325989,0.1515117001293522,-0.020139804320135256,0.13001963066665503,0.2712140944129572,0.11938369741565669,-0.0031480734148218235,0.5686895893053083,0.05179183975843807,0.17184243237352437,0.011874003759017248,0.38936904388549487,0.9967266517932953,False
BMI_kg·m2,Lactic_Acid1,Group_22C vs Group_15C (Reference),-1.7288807773543597,0.15231087648055278,-4.096147054609894,0.6383854999011747,0.24788053725524073,0.09118898251674923,1.422481854688129,0.07133589684738315,-0.3063989226662307,0.7376333619907331,0.37592212465905317,0.8127827867505024,0.9967266517932953,False
Body_Fat__Percent,"R*,R*-2,3-Dihydroxybutanoic_acid",Group_8C vs Group_22C Contrast,-0.5608083037249325,0.15262572709801003,-1.329297659158573,0.2076810517087081,0.23393275329918561,0.07433541023651602,0.06263755287700594,0.6753829269558712,0.45837804622112976,0.143076620838533,-0.10243025750380276,0.6644438837411584,0.9967266517932953,False
BMI_kg·m2,Phenylalanine,Group_8C vs Group_15C (Reference),0.0679814364639655,0.15441389184071774,-0.025579403495904873,0.16154227642383587,0.4416303014594305,0.32530328093014527,0.0025263766550951087,0.9333405625955705,0.30680606216357065,0.3593069544302758,0.07050781311906061,0.05646683256415841,0.9967266517932953,False
Max_Watts_W,1-Monooleoylglycerol,Group_8C vs Group_15C (Reference),0.03118982965122239,0.15496824892237898,-0.011793541341236911,0.07417320064368169,0.2864508552838556,0.13779478346799223,-0.016467778116343035,0.3298036421570897,-0.08406702518923403,0.2301552656362844,0.014722051534879356,0.29224850913032174,0.9967266517932953,False
Muscle_Mass_kg,beta-D-Xylopyranose,Group_8C vs Group_22C Contrast,0.23381980741153507,0.1555437491314298,-0.08886748073919742,0.5565070955622675,0.2040478651467964,0.03822450371904573,-0.4510442286386491,0.01372489354630876,-0.03891067366991263,0.7092589281997312,0.19490913374162244,0.1258483584020691,0.9967266517932953,False
Weight_kg,Cholesterol,Group_22C vs Group_15C (Reference),0.18274967963237382,0.15578435817496472,-0.06959952289356963,0.43509888215831727,0.18357005097001888,0.01348047825543952,-0.08902957770398189,0.3394629905730683,0.09372010192839193,0.2913896488064538,0.0021588935901394463,0.9377494203004066,0.9967266517932953,False
Height_m,Lactic_Acid,Group_22C vs Group_15C (Reference),-48.71421595279123,0.15655187997293873,-116.10588836017646,18.677456454594015,0.4028764067265811,0.27847565812795216,49.83568641600297,0.051694102224642144,1.1214704632117432,0.9610080915229955,-53.78638943305717,0.15823434996626773,0.9967266517932953,False
Height_m,"2,3-Butanediol",Group_22C vs Group_15C (Reference),55.72717308669004,0.15662335539784072,-21.379583938583927,132.833930111964,0.11704715634866569,-0.06690135274536213,-51.9331761945691,0.1529156144879286,3.793996892120937,0.8014023033555824,17.5579804845666,0.7654230990291222,0.9967266517932953,False
Skinfold_Thickness_mm,Indole-3-Propionic_Acid,Group_8C vs Group_15C (Reference),0.008631158838164055,0.15680003802195122,-0.0033164128729857613,0.020578730549313872,0.2047063774137997,0.039020206041674665,-0.006505174827381229,0.195907877080859,0.02750380342714555,0.25294347649458016,0.002125984010782826,0.5369983850833264,0.9967266517932953,False
VO2max_ml_per_kg_per_min,1H-Indole-3-Acetic_Acid,Group_22C vs Group_15C (Reference),-0.08363580753010304,0.15699541452935004,-0.19946216449651288,0.032190549436306795,0.24797144420692585,0.09129882841670212,-0.039867783674132753,0.32342524408869344,-0.12350359120423579,0.004210423404063635,-0.13054566633985784,0.3453401517711734,0.9967266517932953,False
BMI_kg·m2,L-Proline,Group_22C vs Group_15C (Reference),0.8008565470025081,0.15701104639051117,-0.30828312299178273,1.9099962169967988,0.33147953224482407,0.19220443479582916,0.2466579669032583,0.5197182342131208,1.0475145139057664,0.01189496210660157,0.4519513646554539,0.6514759547757507,0.9967266517932953,False
Muscle_Mass_kg,Oleic_Acid,Group_22C vs Group_15C (Reference),-0.08135563475372996,0.15701498218466597,-0.19402951919202943,0.031318249684569505,0.19417462633972615,0.026294340160502472,0.029925753564982522,0.5767332738188994,-0.051429881188747445,0.013163695776709616,0.06275670131017978,0.15546375312197647,0.9967266517932953,False
VO2max_ml_per_kg_per_min,Oxalic_acid,Group_8C vs Group_15C (Reference),-0.4047180658782988,0.15702704681096055,-0.965250633509658,0.1558145017530605,0.3964847774374609,0.2707524394035986,0.14225673593316523,0.3540968620312005,-0.11093422752478238,0.799019435945127,-0.26246132994513355,0.2767242373085108,0.9967266517932953,False
Age_years,Lactic_Acid1,Group_22C vs Group_15C (Reference),-0.36439241812178746,0.1573086208103155,-0.8694167165839732,0.1406318803403983,0.11435685993969769,-0.07015212757286515,0.09125721777102476,0.6778536394603358,-0.2731352003507627,0.042512685874326106,0.0069963722291737085,0.9829184292555937,0.9967266517932953,False
Age_years,"Ethanolamine,_3TMS",Group_8C vs Group_15C (Reference),-0.3925788702439955,0.15831451129881957,-0.9379861806075526,0.15282844011956154,0.2237126072139516,0.06198606705019161,0.14044657900323973,0.18100250953192532,0.0594688822088886,0.7474684130605538,-0.25213229124075576,0.3278925438648219,0.9967266517932953,False
BMI_kg·m2,Indole-3-Propionic_Acid,Group_8C vs Group_22C Contrast,-0.31063298469190903,0.1584645447100937,-0.7423569356616604,0.12109096627784238,0.2209887157387196,0.05869469818428619,0.008549666754628454,0.9547258487044692,0.31819095289419186,0.13020030535215987,0.007557968202282799,0.9083245391228068,0.9967266517932953,False
VO2max_ml_per_kg_per_min,"R*,R*-2,3-Dihydroxybutanoic_acid",Group_22C vs Group_15C (Reference),-0.4137436433077233,0.15890351326073993,-0.9893686718167766,0.16188138520133,0.26926977098446525,0.11703430660622893,0.05400795133186602,0.49994146661915584,-0.35973569197585725,0.20298539142169592,-0.12733219610388335,0.5051846636340176,0.9967266517932953,False
Muscle_Mass_kg,"Ethanolamine,_3TMS",Group_22C vs Group_15C (Reference),-0.5236739341543355,0.15958113952735298,-1.2534253854966209,0.20607751718794987,0.36770403919635053,0.2359757140289236,0.6366490760226506,0.06614517709899032,0.11297514186831514,0.4071491916442478,-0.14565753898540246,0.30552100015739114,0.9967266517932953,False
Body_Density_kg_per_m3,N-Acetylglutamine,Group_8C vs Group_15C (Reference),334.70303807547214,0.15991326436565156,-132.0843647660344,801.4904409169787,0.3704703512955393,0.2393183411487767,6.150997122633088,0.9616027606731045,104.27370535844629,0.6261984563068577,340.85403519810524,0.08990722183879685,0.9967266517932953,False
Body_Density_kg_per_m3,Arginine_[-NH3],Group_22C vs Group_15C (Reference),-97.90166960805917,0.1611363142417397,-234.83823783823263,39.0348986221143,0.3404557750892656,0.20305072823286263,24.96996300950711,0.043621135073385345,-72.93170659855205,0.2888546089219246,-20.402374466529594,0.05483265457897035,0.9967266517932953,False
BMI_kg·m2,1-Monopalmitin,Group_22C vs Group_15C (Reference),-0.4256964842840666,0.16131053176194698,-1.0213723434163415,0.16997937484820824,0.16669048045829737,-0.006915669446224015,0.21729668794056034,0.44529918411488634,-0.20839979634350625,0.05014692626000561,-0.037016845211398364,0.8377616228008429,0.9967266517932953,False
Skinfold_Thickness_mm,"1,5-Anhydrohexitol",Group_8C vs Group_22C Contrast,0.0655552221691529,0.16240311013059688,-0.026416886580825208,0.15752733091913101,0.23711841112716303,0.07818474677865539,-0.021189160757967725,0.6677096365736936,0.04047914945811053,0.0002895757624445938,0.10603437162726342,0.01999004970149154,0.9967266517932953,False
Body_Fat__Percent,Arginine_[-NH3],Group_22C vs Group_15C (Reference),0.22420238687035268,0.1624462138308378,-0.09037366780346054,0.5387784415441659,0.3386910157328168,0.2009183106771537,-0.05730486262209611,0.03585213171410476,0.16689752424825657,0.2913165902201933,0.04721089687091935,0.05356325458226219,0.9967266517932953,False
Age_years,Ornithine,Group_8C vs Group_15C (Reference),-0.06792956876029399,0.16252704339994428,-0.16325918274411533,0.027400045223527333,0.24227045692235272,0.08441013544784293,0.05274059979400303,0.1936359310420951,0.06380612437382835,0.20247799999778593,-0.015188968966290961,0.5712306005359711,0.9967266517932953,False
VO2max_ml_per_kg_per_min,Asparagine,Group_8C vs Group_15C (Reference),-0.4041743573153476,0.1640397387319067,-0.973418397668415,0.16506968303771968,0.13721463713983162,-0.0425323134560367,0.11610417625306813,0.1898144778707166,-0.11970619203896646,0.5202930966061032,-0.2880701810622795,0.29767042361448315,0.9967266517932953,False
Age_years,Ornithine,Group_8C vs Group_22C Contrast,-0.07899509334011931,0.16427103262067355,-0.19031581463943878,0.03232562795920016,0.24227045692235272,0.08441013544784293,0.05274059979400303,0.1936359310420951,0.06380612437382835,0.20247799999778593,-0.015188968966290961,0.5712306005359711,0.9967266517932953,False
Max_Watts_W,Lysine,Group_8C vs Group_22C Contrast,0.08540957891242235,0.1647067287909154,-0.03507481851185654,0.20589397633670123,0.28409288193826243,0.1349455656754005,-0.025764488636113518,0.18301806199116055,-0.07286553533230355,0.23256147324591736,0.012544043580118791,0.0854856670296491,0.9967266517932953,False
Body_Fat__Percent,N-Acetylglutamine,Group_8C vs Group_15C (Reference),-0.7793668131610442,0.16496906224350827,-1.8794559924344298,0.3207223661123416,0.36842778445938296,0.23685023955508777,-0.009038959250433158,0.9750589315934558,-0.23669921947997968,0.6358878844629696,-0.7884057724114774,0.10125666372633146,0.9967266517932953,False
Skinfold_Thickness_mm,1-Monopalmitin,Group_22C vs Group_15C (Reference),-0.0299022936818796,0.16519162731754533,-0.07213211165566713,0.012327524291907924,0.16190107914784635,-0.012702862696352346,0.014269585487713881,0.34520117011408313,-0.01563270819416572,0.3085732386330797,0.0008796895533414138,0.9643711592562216,0.9967266517932953,False
Muscle_Mass_kg,Ascorbic_Acid,Group_22C vs Group_15C (Reference),0.2661830162744444,0.16520643771809507,-0.10974982329432048,0.6421158558432093,0.2541338027463722,0.09874501165186644,-0.22083539025093313,0.2416755582169372,0.04534762602351128,0.19287972903079043,0.219926683138514,0.05002718902522374,0.9967266517932953,False
Weight_kg,Butanoic_acid,Group_8C vs Group_22C Contrast,-0.21449170255874112,0.1657273853946698,-0.517799313490966,0.08881590837348374,0.20750381451186994,0.042400442535176275,0.07707605527006926,0.05055854632331055,0.07196342535953103,0.4741741507403585,-0.14252827719921007,0.22564421939220747,0.9967266517932953,False
VO2max_ml_per_kg_per_min,"9-Hexadecenoic_acid,_Z-",Group_8C vs Group_22C Contrast,-0.16625298525290905,0.16576338236878352,-0.40136737124828925,0.06886140074247113,0.27171993847898124,0.11999492566210235,-0.014160780994994604,0.7903033931026353,0.20264477915941487,0.02925817208635717,0.0363917939065058,0.6312411434081178,0.9967266517932953,False
Skinfold_Thickness_mm,Indole-3-Propionic_Acid,Group_22C vs Group_15C (Reference),0.03400897825452678,0.16644856814271836,-0.014163382011319815,0.08218133852037338,0.2047063774137997,0.039020206041674665,-0.006505174827381229,0.195907877080859,0.02750380342714555,0.25294347649458016,0.002125984010782826,0.5369983850833264,0.9967266517932953,False
Max_Watts_W,1-Monooleoylglycerol,Group_8C vs Group_22C Contrast,0.09878907672411338,0.16671327488942195,-0.04123167102626732,0.2388098244744941,0.2864508552838556,0.13779478346799223,-0.016467778116343035,0.3298036421570897,-0.08406702518923403,0.2301552656362844,0.014722051534879356,0.29224850913032174,0.9967266517932953,False
Weight_kg,Threonine,Group_8C vs Group_22C Contrast,-0.2615834747962776,0.1676542779429532,-0.6331669682226759,0.11000001863012071,0.20371314548631636,0.03782005079596562,-0.07146557884807092,0.4156224194188699,0.15241046438871234,0.3153221072076464,-0.10917301040756527,0.3365008444907367,0.9967266517932953,False
Body_Fat__Percent,"2,3-Butanediol",Group_8C vs Group_15C (Reference),0.6909696980602987,0.1677300706973497,-0.29072078853475813,1.6726601846553555,0.14727403642935322,-0.030377205981198196,-0.3137982983441868,0.26370276329510545,-0.06112771205408557,0.9134612094253367,0.3771713997161119,0.3631834380934347,0.9967266517932953,False
BSA_m2,Glyceric_acid,Group_22C vs Group_15C (Reference),-27.911171052001052,0.16782616783527693,-67.57474285998845,11.752400755986343,0.09286648324418423,-0.09611966607994393,20.31808969946156,0.17379400890838448,-7.5930813525394925,0.5780771061990073,2.1234255951249565,0.8957282312816901,0.9967266517932953,False
Height_m,Oleic_Acid,Group_8C vs Group_22C Contrast,25.30032631920897,0.16794446636417693,-10.663732878127057,61.264385516545,0.2914414819108001,0.14382512397555014,5.298434214880251,0.3771529017763985,-6.621712990922747,0.5674828268738226,18.67861332828622,0.18938504667214673,0.9967266517932953,False
Body_Fat__Percent,Methionine,Group_22C vs Group_15C (Reference),0.3316732547438029,0.16817056687356735,-0.14003765813505842,0.8033841676226642,0.2903327380094729,0.14248539176144648,-0.016102406032141033,0.7166109280231399,0.31557084871166186,0.18218518351895918,0.04502191732067866,0.6654950676609526,0.9967266517932953,False
Weight_kg,Indole-3-Propionic_Acid,Group_8C vs Group_22C Contrast,-0.07264767004586609,0.16907169467171856,-0.17618910672739174,0.03089376663565957,0.20428885318779522,0.03851569760191931,-0.0054161506623661634,0.9065628812676634,0.07186555092980162,0.09380793988144642,-0.0007821191160644718,0.9797695795432397,0.9967266517932953,False
Max_Watts_W,Oleic_Acid,Group_8C vs Group_22C Contrast,-0.02611051784181553,0.16932073632514386,-0.06334640187114422,0.011125366187513159,0.12603554046445997,-0.056040388605444136,0.0005147112891228865,0.9382448177801296,0.024110974370773385,0.07082484258705346,-0.0019995434710421444,0.88242945497445,0.9967266517932953,False
Max_Watts_W,Serine,Group_8C vs Group_22C Contrast,-0.06847435179120728,0.16950296818334332,-0.166166500400712,0.02921779681829742,0.158049318653937,-0.017357073293159386,0.00035380810155444405,0.9685899159337926,0.057656171689239824,0.24444242097607471,-0.010818180101967457,0.050613739332395546,0.9967266517932953,False
Weight_kg,Serine,Group_8C vs Group_15C (Reference),-0.11010550426440166,0.16978114606013262,-0.26729223662874463,0.04708122809994131,0.08734516986357876,-0.10279125308150894,0.0049323485615021135,0.9138044969943723,0.023619896429465936,0.9090021381307629,-0.10517315570289955,0.11101552507608914,0.9967266517932953,False
Age_years,Cysteine,Group_8C vs Group_22C Contrast,-0.31969890535825835,0.17010517603137204,-0.7764562586289906,0.1370584479124739,0.28220937125561174,0.13266965693386423,0.045092530316351825,0.4201235440681109,0.1839244486592548,0.4160048789383497,-0.13577445669900354,0.015960902994737847,0.9967266517932953,False
Age_years,Valine,Group_8C vs Group_22C Contrast,-0.22344353571068362,0.17099367707848093,-0.5433439017636182,0.09645683034225103,0.3081145263216778,0.1639717193053607,0.03267775527349918,0.6749218940678419,0.16834366075033078,0.29287815439115583,-0.05509987496035284,0.08500517833113519,0.9967266517932953,False
Age_years,Aminomalonic_acid,Group_22C vs Group_15C (Reference),-0.26054909995601405,0.17110417327080063,-0.6336623454872048,0.11256414557517663,0.34819378852321126,0.21240082779888037,0.13723568741473682,0.11199432238710869,-0.12331341254127723,0.4673234808013089,-0.15275775629879093,0.664888110593695,0.9967266517932953,False
Body_Density_kg_per_m3,Methionine,Group_22C vs Group_15C (Reference),-144.21215631004284,0.17125329156667823,-350.79975147316645,62.375438853080794,0.291348702032858,0.14371301495637012,6.778050349932668,0.7309872035115594,-137.43410596011017,0.1844077113237792,-18.802225356878502,0.6777191748912428,0.9967266517932953,False
VO2max_ml_per_kg_per_min,Citric_acid,Group_8C vs Group_15C (Reference),-0.26719066788827733,0.17136998708278028,-0.650052444488986,0.11567110871243136,0.21184731636369902,0.04764884060613639,0.20988711272380695,0.07296326172967721,-0.15614882332498847,0.549122066547393,-0.05730355516447039,0.7140471002492952,0.9967266517932953,False
VO2max_ml_per_kg_per_min,2-Aminoadipic_acid,Group_8C vs Group_22C Contrast,0.4863607736640693,0.17255036198029094,-0.21248740429106233,1.185208951619201,0.19234823236061704,0.024087447435745646,3.173558193073315e-05,0.9998677314914105,-0.4403919745388037,0.16810195087658863,0.04596879912526561,0.7714511195151428,0.9967266517932953,False
VO2max_ml_per_kg_per_min,alpha-D-Glucopyranoside,Group_22C vs Group_15C (Reference),0.35354814455090744,0.17271119347606978,-0.15464355069799762,0.8617398397998125,0.11624895232770815,-0.06786584927068584,-0.06513508445436952,0.6701600014552322,0.2884130600965379,0.16838551813222824,0.16149266365070278,0.4544678544315115,0.9967266517932953,False
BSA_m2,"D-Arabinose,_tetrakis",Group_22C vs Group_15C (Reference),-21.260463974585317,0.17275787864837222,-51.82367307534123,9.3027451261706,0.045158562591466,-0.15376673686864528,10.830391296795526,0.36650102069964186,-10.430072677789791,0.29531984985541637,-2.0401179346020815,0.9316916025806614,0.9967266517932953,False
Body_Density_kg_per_m3,"2,3-Butanediol",Group_8C vs Group_15C (Reference),-297.1659777896365,0.17301320040847878,-724.6141195254797,130.28216394620677,0.14493517090596952,-0.03320333515528673,137.06029459442377,0.26284004283735796,28.24089083479349,0.9069056413648986,-160.10568319521272,0.3750670874179529,0.9967266517932953,False
BMI_kg·m2,Glutamine_[-H2O],Group_8C vs Group_15C (Reference),0.2777741793298245,0.17314170164992926,-0.12189999530488943,0.6774483539645384,0.2958231716243359,0.14911966571273927,-0.1550835196167411,0.16735926427621362,0.5585071858648725,0.20426677159172524,0.1226906597130834,0.4709897793731592,0.9967266517932953,False
Skinfold_Thickness_mm,"1,3-Dioxolane-2-methanol",Group_22C vs Group_15C (Reference),-0.10893407523721932,0.17327220236083896,-0.2657209911986229,0.0478528407241843,0.14422115206249775,-0.034066107924481726,0.05806149331490737,0.10593607926860209,-0.05087258192231195,0.4766501033778541,0.041893310961513885,0.458618671127776,0.9967266517932953,False
Skinfold_Thickness_mm,"R*,R*-2,3-Dihydroxybutanoic_acid",Group_8C vs Group_22C Contrast,-0.08686051781057161,0.17347304734960475,-0.2119380547181007,0.03821701909695749,0.21627336110384554,0.05299697800048009,0.009007769091082689,0.6022473316507151,0.07568036790887026,0.14441483458588245,-0.011180149901701356,0.7637553061572211,0.9967266517932953,False
Max_Watts_W,Glycerol,Group_22C vs Group_15C (Reference),-0.0769150709374965,0.17391359086354707,-0.18778277406425894,0.03395263218926595,0.19254123050654537,0.024320653528742353,0.05506954457747099,0.007895799463331072,-0.021845526360025506,0.6780894661001335,0.04649815698300133,0.36872038760631476,0.9967266517932953,False
Max_Watts_W,Alanine,Group_8C vs Group_15C (Reference),0.02267524894316529,0.17456808013354752,-0.010059241914132884,0.055409739800463466,0.14541424817387738,-0.03262445012323134,-0.02010452229907893,0.12923225481117584,0.04717065797540164,0.6579418161088273,0.0025707266440863595,0.800355002150819,0.9967266517932953,False
Body_Density_kg_per_m3,Proline,Group_8C vs Group_22C Contrast,231.65961676096973,0.17669349443958562,-104.42536864439538,567.7446021663349,0.3188099835594128,0.17689539680095723,-46.86352567811181,0.2764865528241509,-212.5785701785322,0.20603380615173172,19.081046582437523,0.5724591212779875,0.9967266517932953,False
VO2max_ml_per_kg_per_min,Tyrosine,Group_8C vs Group_15C (Reference),0.09240070705710934,0.17712891987953716,-0.04178395302376878,0.22658536713798746,0.4511145256617016,0.3367633851745562,-0.052669660784061184,0.33355838238762825,-0.2713613668250101,0.004343945613985545,0.03973104627304816,0.3381072976500832,0.9967266517932953,False
Max_Watts_W,2-OH-Butanoic_Acid,Group_8C vs Group_15C (Reference),-0.018314159812733124,0.17728920749706478,-0.04491989538483308,0.00829157575936684,0.20837015735847653,0.04344727347482591,0.016739051482490563,0.16235277126218473,-0.012970661358472257,0.61843728479495,-0.0015751083302425611,0.8050822629380465,0.9967266517932953,False
Muscle_Mass_kg,1H-Indole-3-Acetic_Acid,Group_22C vs Group_15C (Reference),0.09569880614665403,0.1774291778516469,-0.04337171334193239,0.23476932563524044,0.12821965593423412,-0.053401249079467084,-0.08087786651855552,0.19455705511789667,0.014820939628098509,0.661735970152662,-0.06401387139300732,0.2205791124570533,0.9967266517932953,False
Skinfold_Thickness_mm,"2,3,4-Trihydroxybutyric_acid",Group_22C vs Group_15C (Reference),-0.12187382568699225,0.1774294703128002,-0.298982280544783,0.05523462917079848,0.15924484867868316,-0.015912474513257724,0.001981704178374887,0.9146734282345194,-0.11989212150861736,0.17526524963712098,0.057686418539994955,0.6211715439179573,0.9967266517932953,False
Skinfold_Thickness_mm,L-Alanine,Group_8C vs Group_15C (Reference),-0.11389038021942678,0.17806615798419057,-0.2796403850172572,0.05185962457840361,0.15356042520123714,-0.022781152881838462,0.045761114269308366,0.3605541202375714,-0.02334062913689392,0.8476408777257585,-0.06812926595011842,0.3175781583273225,0.9967266517932953,False
Height_m,Methyl_galactoside,Group_8C vs Group_15C (Reference),-38.27606590127841,0.17853527334398867,-94.04125029711778,17.489118494560977,0.15447034246950142,-0.02168166951601913,45.98006663428726,0.01690866041954873,-16.730059187028218,0.7449756855024658,7.704000733008854,0.71310212790706,0.9967266517932953,False
Age_years,Diethanolamine,Group_8C vs Group_15C (Reference),-0.3294290932047621,0.1793428858082079,-0.8102738034718187,0.1514156170622945,0.29033581643386486,0.14248911152425348,0.21007085772707432,0.3070379440960762,0.1643771518900345,0.48877178605171157,-0.11935823547768779,0.37223582510124453,0.9967266517932953,False
Max_Watts_W,Asparagine,Group_8C vs Group_15C (Reference),-0.038758260600186986,0.17941445908365394,-0.09534030498291979,0.017823783782545823,0.10267803906472384,-0.08426403613012523,0.02173604216308841,0.30918824412852275,0.03985945217999334,0.3833423496399475,-0.017022218437098575,0.3803751596390148,0.9967266517932953,False
Body_Density_kg_per_m3,beta-D-Xylopyranose,Group_22C vs Group_15C (Reference),210.45476819381628,0.18017499738030485,-97.31923182728059,518.2287682149131,0.09760482788123681,-0.09039416631017216,-78.67016040939679,0.5178535572265188,131.7846077844195,0.18441343535540122,-3.2452136733998174,0.9733203431389601,0.9967266517932953,False
Body_Fat__Percent,beta-D-Xylopyranose,Group_22C vs Group_15C (Reference),-0.4792401846297544,0.18053882976098234,-1.1806777398810304,0.22219737062152178,0.09663010259063143,-0.09157195936965357,0.17530751873830977,0.5221354582824094,-0.30393266589144463,0.18702818515062125,0.005803377230039236,0.979211331705022,0.9967266517932953,False
BMI_kg·m2,Doconexent,Group_8C vs Group_15C (Reference),-0.2760488007458054,0.18119465788272027,-0.6806942915767977,0.12859669008518687,0.0990570323692298,-0.08863941922051399,0.19144636455924965,0.04450960712164125,-0.0390063250190954,0.8309527012752174,-0.08460243618655575,0.6441381767688603,0.9967266517932953,False
Body_Fat__Percent,Proline,Group_8C vs Group_22C Contrast,-0.530613297764023,0.18123564295906353,-1.3084989055557268,0.2472723100276808,0.31614079343835555,0.17367012540467963,0.10749744767316677,0.2653155656646188,0.48691378311362893,0.2106751453318867,-0.04369951465039407,0.5787278999165899,0.9967266517932953,False
Body_Density_kg_per_m3,Doconexent,Group_8C vs Group_15C (Reference),92.96775978422048,0.18165292368230035,-43.45193512597206,229.387454694413,0.15648943134821514,-0.019241937120906716,-37.060321341311784,0.08300090694955661,-9.942396609933837,0.8244474043087335,55.90743844290869,0.3986524900201007,0.9967266517932953,False
Height_m,Ethyl_alpha-D-glucopyranoside,Group_8C vs Group_15C (Reference),-37.20138605325832,0.1819925931802091,-91.83267898834221,17.429906881825573,0.1411278516269533,-0.0378038459507648,41.522164799022825,0.047498811295255045,-11.846151590653129,0.7384740896860635,4.320778745764507,0.8141867669969005,0.9967266517932953,False
BSA_m2,Threonine,Group_22C vs Group_15C (Reference),16.41016692865275,0.18205779684133028,-7.692225266697456,40.512559124002955,0.18862859962359702,0.019592891211846486,-7.719964444231021,0.3722162852682894,8.690202484421729,0.3200428096078578,-7.962080232497413,0.1511293159686704,0.9967266517932953,False
BSA_m2,Asparagine,Group_22C vs Group_15C (Reference),18.994259894820253,0.1826922865130438,-8.944017290319827,46.93253707996033,0.15812065689839516,-0.017270872914439073,-14.889513495958054,0.22464098402252142,4.104746398862199,0.5722650242583038,-9.996383317985044,0.41266097044100114,0.9967266517932953,False
VO2max_ml_per_kg_per_min,"2,3,4-Trihydroxybutyric_acid",Group_8C vs Group_22C Contrast,-0.6488610475186316,0.1826951638408355,-1.6032816051525458,0.3055595101152826,0.14045018775065676,-0.03862268980128958,-0.072348434949888,0.5766441371979869,0.40791545215025804,0.2650707807857433,-0.24094559536837362,0.4531368313576456,0.9967266517932953,False
Age_years,4-Aminobutanoic_acid,Group_8C vs Group_15C (Reference),-0.19496972112916633,0.1830823275182344,-0.4820024395620598,0.09206299730372713,0.13137826215838577,-0.04958459989195041,0.015580710065197288,0.7818217105112217,-0.052841624920453384,0.6870598753312276,-0.17938901106396904,0.18459563181180716,0.9967266517932953,False
Weight_kg,Asparagine,Group_22C vs Group_15C (Reference),0.2170533113977821,0.1834501471750909,-0.10275912365581924,0.5368657464513835,0.12944377391038375,-0.05192210652495288,-0.15304055985804133,0.21015028976101569,0.06401275153974079,0.5541705331261473,-0.1247597653160278,0.5356530726010416,0.9967266517932953,False
Age_years,Glycerol,Group_22C vs Group_15C (Reference),-0.30344776628369136,0.18375006152414253,-0.750862280600409,0.14396674803302628,0.06990379401014735,-0.12386624890440512,0.06651580561073331,0.7123381807615412,-0.23693196067295805,0.09030397444580451,-0.010804049072111549,0.9659305873016835,0.9967266517932953,False
Max_Watts_W,Glutamine_[-H2O],Group_8C vs Group_15C (Reference),-0.01294453947241942,0.1839971980189159,-0.03204120339670521,0.006152124451866371,0.32511967370920125,0.18451960573195159,0.012975699588586458,0.12694810840768656,0.05313521721538785,0.13738661634115457,3.116011616703836e-05,0.9947765323970807,0.9967266517932953,False
Weight_kg,alpha-D-Glucopyranoside,Group_8C vs Group_22C Contrast,0.22086555083215448,0.18415544275992485,-0.1050938739489945,0.5468249756133035,0.08186885656638299,-0.10940846498228707,0.06312438379134859,0.6637758519399967,-0.12867730804756522,0.30820346412263033,0.09218824278458927,0.394289773212821,0.9967266517932953,False
VO2max_ml_per_kg_per_min,Lysine,Group_8C vs Group_15C (Reference),0.19114350031039917,0.1841696950231534,-0.09095528979547757,0.4732422904162759,0.31632125196186656,0.1738881794539221,-0.23522068486457268,0.0006514657815468185,-0.27151647170698395,0.4618903538008543,-0.044077184554173504,0.7271310120630241,0.9967266517932953,False
Height_m,Nonanoic_acid,Group_8C vs Group_15C (Reference),35.371227286377604,0.18422905090509123,-16.83839767655104,87.58085224930625,0.25151152009967026,0.09557642012043499,-18.83362332454714,0.4335854229541367,-12.918865309976164,0.6807429372740468,16.537603961830463,0.1486979418628891,0.9967266517932953,False
Body_Density_kg_per_m3,"11-Eicosenoic_acid,_E-",Group_22C vs Group_15C (Reference),117.31706735027728,0.1843399787794724,-55.89232296683906,290.52645766739363,0.2637305356517161,0.11034106391249032,1.875085835587445,0.9702353976940516,119.19215318586473,0.10108470873119568,38.92383575067504,0.5124167565752502,0.9967266517932953,False
Body_Fat__Percent,"11-Eicosenoic_acid,_E-",Group_22C vs Group_15C (Reference),-0.2712458573827383,0.1845377785584572,-0.6718994744360343,0.12940775967055757,0.2618133809420514,0.10802450197164548,-0.0023841355896710905,0.983034916668101,-0.2736299929724094,0.10940932364211231,-0.08941443011165762,0.5261915270155837,0.9967266517932953,False
Age_years,Proline,Group_8C vs Group_22C Contrast,-0.26217335068006864,0.18488222847068758,-0.6497370965270584,0.12539039516692108,0.22726462486197396,0.06627808837488525,0.02016600279640618,0.6999505690598535,0.16696645959809178,0.39012437579878334,-0.09520689108197683,0.009652898620358785,0.9967266517932953,False
Body_Density_kg_per_m3,Oxalic_acid,Group_22C vs Group_15C (Reference),-236.09745555689545,0.18490247925852743,-585.1235909659439,112.92867985215298,0.38556009599123775,0.25755178265607903,46.84555087144312,0.5410635393523078,-189.25190468545233,0.23904411473579312,-64.41028215903309,0.6035921239418147,0.9967266517932953,False
Age_years,"2,3,4-Trihydroxybutyric_acid",Group_8C vs Group_22C Contrast,0.5214432588511685,0.18494373980672538,-0.2495001003416597,1.2923866180439967,0.28788757183031677,0.13953081596163286,0.24251383745725744,0.010644250189346999,-0.4288499743512669,0.04584787966460002,0.09259328449990162,0.7787203637264684,0.9967266517932953,False
Body_Fat__Percent,Oxalic_acid,Group_22C vs Group_15C (Reference),0.5430154937196626,0.18796758626327248,-0.26533813789481375,1.351369125334139,0.3855497112043549,0.2575392343719288,-0.10825079129344566,0.5315775945100014,0.43476470242621695,0.2455217921565822,0.14993548450573663,0.5973425567475268,0.9967266517932953,False
Skinfold_Thickness_mm,"9-Hexadecenoic_acid,_Z-",Group_22C vs Group_15C (Reference),-0.050933899615514415,0.18799135122067778,-0.12676013146157855,0.02489233223054973,0.2452659744761334,0.08802971915866131,0.004998908566067785,0.725823860332518,-0.04593499104944663,0.20153573723147788,-0.008156256225449666,0.6263419138673552,0.9967266517932953,False
Age_years,beta-Alanine,Group_8C vs Group_15C (Reference),-0.25841123159036283,0.18840598190932878,-0.6434740577746998,0.12665159459397407,0.1569741504464458,-0.018656234877211242,-0.008465798075212645,0.9145969185803842,0.06216976017964692,0.793484234585794,-0.26687702966557547,0.13796367745213356,0.9967266517932953,False
BSA_m2,alpha-D-Glucopyranoside,Group_8C vs Group_22C Contrast,17.95322174275086,0.18854888926004482,-8.808313489223792,44.71475697472551,0.09799832325306757,-0.0899186927358766,5.152917131076561,0.6874693555679938,-7.862903380255433,0.2949205650875466,10.090318362495427,0.37629640938028475,0.9967266517932953,False
Muscle_Mass_kg,"Ethanolamine,_3TMS",Group_8C vs Group_22C Contrast,-0.2586326808537176,0.18908002590791664,-0.6446205979054241,0.12735523619798894,0.36770403919635053,0.2359757140289236,0.6366490760226506,0.06614517709899032,0.11297514186831514,0.4071491916442478,-0.14565753898540246,0.30552100015739114,0.9967266517932953,False
BSA_m2,Indole-3-Propionic_Acid,Group_8C vs Group_22C Contrast,-4.824703232851618,0.1892744606842457,-12.028339440793186,2.378932975089949,0.16559221110577294,-0.00824274491385757,-0.9497517355769193,0.8049510005908473,4.664997982817427,0.1486547999653307,-0.15970525003419078,0.9274393984228382,0.9967266517932953,False
VO2max_ml_per_kg_per_min,Dodecanoic_acid,Group_22C vs Group_15C (Reference),0.3869454914998589,0.18964896224766237,-0.19127092954047686,0.9651619125401947,0.18851062762134996,0.01945034170913129,0.01310926173506708,0.8876945800464923,0.400054753234926,0.15311372701303805,-0.12066110534443064,0.69024074468226,0.9967266517932953,False
BSA_m2,Glutamine_[-H2O],Group_22C vs Group_15C (Reference),11.915187501303507,0.1898916710662022,-5.89955405679364,29.729929059400654,0.21574510438419547,0.05235866779756959,-5.324253902521648,0.37784429454961677,6.5909335987818585,0.3320270184790082,0.6814650912113587,0.9215881559114196,0.9967266517932953,False
Muscle_Mass_kg,2-Aminoheptanedioic_acid,Group_8C vs Group_22C Contrast,-0.3087601912440075,0.1901799694291056,-0.7707054650400178,0.15318508255200275,0.15902112947822877,-0.016182801880473496,-0.0863929506134056,0.7190677089777645,0.178325184419563,0.32596229825510514,-0.1304350068244445,0.3854908619140296,0.9967266517932953,False
Weight_kg,Ascorbic_Acid,Group_8C vs Group_22C Contrast,0.2790179704254824,0.19030584685336027,-0.13854766564765353,0.6965836064986183,0.36921144680400597,0.23779716488817393,-0.2255756508637821,0.03779225310287317,-0.043454819855572396,0.6254353411148141,0.23556315056990998,0.2235910250985489,0.9967266517932953,False
BMI_kg·m2,Ascorbic_Acid,Group_22C vs Group_15C (Reference),0.6645082940512568,0.1909154096962682,-0.3313142741361995,1.660330862238713,0.24674169786865607,0.08981288492462614,-0.7615323660483652,0.024908708193767823,-0.09702407199710839,0.7974097137638756,0.35763384726920633,0.5956475305987836,0.9967266517932953,False
Max_Watts_W,Methionine,Group_8C vs Group_22C Contrast,-0.04365208283203925,0.19174068971444466,-0.1091913836342247,0.0218872179701462,0.22272585693752156,0.060793743799505306,0.003986113270435555,0.45314199876260086,0.03118304715692615,0.3464152505188298,-0.012469035675113097,0.006905280340687714,0.9967266517932953,False
BMI_kg·m2,L-Norvaline,Group_22C vs Group_15C (Reference),1.6295664083717938,0.1923461819214648,-0.8203571909565146,4.079490007700102,0.17488696318419683,0.002988413847571203,-0.5455421662569289,0.4226106179460428,1.084024242114865,0.30125416254025694,-0.010091369020194696,0.9847892951168686,0.9967266517932953,False
BMI_kg·m2,Ethyl_alpha-D-glucopyranoside,Group_8C vs Group_15C (Reference),-0.7630960868931203,0.19369087050166534,-1.9138211910398983,0.38762901725365784,0.14612487090614645,-0.03176578098840621,0.41864284197824686,0.29661686266047504,-0.536781324922522,0.4411725320496753,-0.3444532449148734,0.4217373984569788,0.9967266517932953,False
VO2max_ml_per_kg_per_min,DL-Ornithine,Group_8C vs Group_15C (Reference),0.17030816684716787,0.1943677092921221,-0.08690140568476118,0.42751773937909693,0.1785839700556895,0.007455630483958142,0.005527219656804423,0.8990995917532961,0.024899340274619118,0.5953277796892191,0.1758353865039723,0.15545054557913018,0.9967266517932953,False
Weight_kg,Ascorbic_Acid,Group_22C vs Group_15C (Reference),0.1821208310082097,0.19464664993864034,-0.09310094080926834,0.4573426028256877,0.36921144680400597,0.23779716488817393,-0.2255756508637821,0.03779225310287317,-0.043454819855572396,0.6254353411148141,0.23556315056990998,0.2235910250985489,0.9967266517932953,False
Body_Fat__Percent,Doconexent,Group_8C vs Group_15C (Reference),-0.2134226877089438,0.1948643643529976,-0.5361053133694189,0.10925993795153127,0.1557538445743365,-0.02013077113934325,0.08436547376550722,0.08498153510035371,0.02267934252694799,0.8264789846174596,-0.12905721394343656,0.41160936964640493,0.9967266517932953,False
Height_m,Ethyl_alpha-D-glucopyranoside,Group_22C vs Group_15C (Reference),-53.368316389675954,0.19525478308884892,-134.1286673691062,27.39203458975429,0.1411278516269533,-0.0378038459507648,41.522164799022825,0.047498811295255045,-11.846151590653129,0.7384740896860635,4.320778745764507,0.8141867669969005,0.9967266517932953,False
BSA_m2,Phenylalanine,Group_8C vs Group_15C (Reference),0.9075403759929447,0.1958810812752877,-0.4677337818707047,2.282814533856594,0.23339787699583092,0.07368910136996243,-0.1082039381970998,0.8621371985105881,3.498122412646358,0.30827536864191973,0.7993364377958448,0.013235330815183355,0.9967266517932953,False
VO2max_ml_per_kg_per_min,Glutamine_[-H2O],Group_22C vs Group_15C (Reference),-0.2520495317674258,0.1960046133202108,-0.6341074468005768,0.13000838326572528,0.27961799035545987,0.1295384050128474,0.10329739980793652,0.023542451857919963,-0.14875213195948928,0.4325156024458898,-0.04188016329328721,0.41636477804224925,0.9967266517932953,False
VO2max_ml_per_kg_per_min,Cysteine,Group_8C vs Group_15C (Reference),0.13344904913451197,0.1965351016943393,-0.06907367953481702,0.33597177780384097,0.22579731960340443,0.06450509452078046,-0.08805482027072765,0.03047196531943543,-0.2729491455815502,0.5465674742082385,0.04539422886378432,0.632696018774267,0.9967266517932953,False
Age_years,Doconexent,Group_8C vs Group_15C (Reference),-0.0852321058126059,0.19670656612820114,-0.21463019694223134,0.04416598531701954,0.09833392690568343,-0.08951317165563255,0.03776203681394671,0.20577317303774312,0.030216230931483137,0.7331051304776048,-0.047470068998659194,0.42019471671577424,0.9967266517932953,False
VO2max_ml_per_kg_per_min,Butanoic_acid,Group_8C vs Group_22C Contrast,0.36030499755905926,0.19718892031299595,-0.18730415413576967,0.9079141492538882,0.21288056148930534,0.04889734513291066,-0.047266189959447084,0.26768697756824056,-0.09953730663493782,0.6494049301273723,0.26076769092412144,0.13293282633987213,0.9967266517932953,False
Age_years,Lactic_Acid,Group_8C vs Group_15C (Reference),0.2848953148378026,0.19742884055732657,-0.1483264678274956,0.7181170975031008,0.12991504382879682,-0.05135265537353706,-0.058208409294328245,0.6529510357027719,-0.01871426599164564,0.857723769514364,0.22668690554347437,0.20578386976133034,0.9967266517932953,False
BMI_kg·m2,Cholesterol,Group_22C vs Group_15C (Reference),0.7700888103655493,0.19905713656888158,-0.40519264367306473,1.9453702644041635,0.19864112827875235,0.03169136333682587,-0.28230031629050123,0.305417353956423,0.4877884940750481,0.3597729999238808,-0.03779904922999466,0.5661677789421065,0.9967266517932953,False
VO2max_ml_per_kg_per_min,Citric_acid,Group_22C vs Group_15C (Reference),-0.3660359360487954,0.20016976809620146,-0.926050883540491,0.19397901144290025,0.21184731636369902,0.04764884060613639,0.20988711272380695,0.07296326172967721,-0.15614882332498847,0.549122066547393,-0.05730355516447039,0.7140471002492952,0.9967266517932953,False
BSA_m2,Serine,Group_8C vs Group_15C (Reference),-7.164308559938568,0.2002429988686314,-18.127092595757436,3.798475475880301,0.08185629295712238,-0.10942364601014365,0.047171449933702495,0.9887879976566509,-0.06238516184860719,0.9958908948371885,-7.117137110004865,0.11166941592512547,0.9967266517932953,False
Max_Watts_W,L-Aspartic_acid,Group_8C vs Group_15C (Reference),-0.03296840180826849,0.20061086985428833,-0.08345771103306204,0.017520907416525067,0.18126174315958976,0.01069127298450434,-0.006369795790227141,0.7290929511245028,-0.029214386898467348,0.7214937432700952,-0.039338197598495626,0.029182958720261887,0.9967266517932953,False
Weight_kg,Threonine,Group_22C vs Group_15C (Reference),0.22387604323678326,0.20168396889264073,-0.11979546934721133,0.5675475558207779,0.20371314548631636,0.03782005079596562,-0.07146557884807092,0.4156224194188699,0.15241046438871234,0.3153221072076464,-0.10917301040756527,0.3365008444907367,0.9967266517932953,False
Age_years,L-Alanine,Group_8C vs Group_22C Contrast,-0.5279371927878377,0.2028846624481275,-1.3405462943083535,0.2846719087326782,0.3288549212986712,0.1890330299025611,0.2886126305692253,0.053363346032079303,0.08395782221122747,0.7724684511651516,-0.44397937057661024,0.13355137243908932,0.9967266517932953,False
Weight_kg,"9-Hexadecenoic_acid,_Z-",Group_8C vs Group_15C (Reference),-0.09223142959763823,0.20333036908443936,-0.2343329871854004,0.049870127990123955,0.23299665307236872,0.07320428912911225,0.04794314505316974,0.10953789159248803,-0.0816626093737236,0.1716170539853874,-0.044288284544468495,0.502345430876673,0.9967266517932953,False
Weight_kg,Phenylalanine,Group_8C vs Group_15C (Reference),0.014711340062299768,0.20426742463521796,-0.008001532706684066,0.0374242128312836,0.31862629661019803,0.1766734417373227,-0.0003416323178981091,0.9664920290069152,0.05888673058354754,0.29251167757388097,0.014369707744401659,0.0817515119606862,0.9967266517932953,False
BMI_kg·m2,"2,3,4-Trihydroxybutyric_acid",Group_8C vs Group_22C Contrast,2.52741851330381,0.20484218882637104,-1.379698404730434,6.434535431338054,0.2218000014484418,0.059675001750200574,0.21453635600610696,0.6096137445384441,-0.9993562818896046,0.33705939104906024,1.5280622314142056,0.36873209543338126,0.9967266517932953,False
Muscle_Mass_kg,1H-Indole-3-Acetic_Acid,Group_8C vs Group_22C Contrast,-0.07883481102110584,0.2055498089787543,-0.20089543515694336,0.043225813114731684,0.12821965593423412,-0.053401249079467084,-0.08087786651855552,0.19455705511789667,0.014820939628098509,0.661735970152662,-0.06401387139300732,0.2205791124570533,0.9967266517932953,False
Skinfold_Thickness_mm,Palmitelaidic_acid,Group_22C vs Group_15C (Reference),-0.11489427390732172,0.2058263088647444,-0.2928913357434512,0.06310278792880779,0.2842083612800418,0.13508510321338385,0.01632030018987587,0.5498973862124559,-0.09857397371744585,0.25510495398512445,-0.06759592103783774,0.11960947551090673,0.9967266517932953,False
Age_years,Oxalic_acid,Group_22C vs Group_15C (Reference),0.24924661882239124,0.2059005362078784,-0.13695564387706666,0.6354488815218491,0.38165495526039095,0.25283307093963914,-0.043754473494855325,0.7029249273207625,0.2054921453275359,0.19959254526110448,-0.04226760031277455,0.8674086613884999,0.9967266517932953,False
VO2max_ml_per_kg_per_min,Dodecanoic_acid,Group_8C vs Group_22C Contrast,-0.5207158585793566,0.20672936352176038,-1.329043895784576,0.28761217862586275,0.18851062762134996,0.01945034170913129,0.01310926173506708,0.8876945800464923,0.400054753234926,0.15311372701303805,-0.12066110534443064,0.69024074468226,0.9967266517932953,False
Body_Fat__Percent,Erythritol,Group_8C vs Group_15C (Reference),-0.5115745542049844,0.20702945450108534,-1.306222590652871,0.2830734822429022,0.25245953720891934,0.0967219407941109,-0.16104199050565582,0.38186416230778386,0.17245653920126297,0.783534588892516,-0.6726165447106403,0.062580108800937,0.9967266517932953,False
Skinfold_Thickness_mm,Cholesterol,Group_22C vs Group_15C (Reference),0.04946090065663388,0.20754483720604722,-0.027455787595968457,0.12637758890923623,0.1569069359571067,-0.018737452385162667,-0.015292636246482057,0.3006450452566025,0.034168264410151826,0.3473136480153127,-0.01003635913058392,0.5488785138266361,0.9967266517932953,False
Body_Density_kg_per_m3,Arachidonic_acid1,Group_8C vs Group_15C (Reference),48.730347140395025,0.2077038075179044,-27.0767666000404,124.53746088083045,0.10037074777609012,-0.08705201310389099,8.814089460360073,0.766485464653653,94.06739582871671,0.4995838184164798,57.5444366007551,0.02032832089698866,0.9967266517932953,False
Body_Fat__Percent,Arachidonic_acid1,Group_8C vs Group_15C (Reference),-0.11277073497735088,0.20794011608785468,-0.288293159219457,0.06275168926475519,0.09898968598408076,-0.08872079610256911,-0.0204569515404805,0.764173196547888,-0.21459603113273942,0.510161323134412,-0.13322768651783137,0.02173814512004557,0.9967266517932953,False
VO2max_ml_per_kg_per_min,Cholesterol,Group_8C vs Group_22C Contrast,0.2555083761694321,0.2079518042386636,-0.14219610416751577,0.65321285650638,0.17940387443574712,0.008446348276527793,0.06909773086895563,0.3335833642450774,-0.18046118582599263,0.33181655715059666,0.07504719034343948,0.355379996865153,0.9967266517932953,False
BSA_m2,Tryptophan,Group_22C vs Group_15C (Reference),7.367715067771897,0.20862151997475475,-4.116982624414563,18.852412759958355,0.05032644473076653,-0.1475222126169904,-1.895450289700875,0.32040137908984256,5.472264778071022,0.3233026194199826,5.3736230376225915,0.5726441824516986,0.9967266517932953,False
Height_m,Ascorbic_Acid,Group_8C vs Group_15C (Reference),49.59110135532644,0.2095313798746563,-27.865471574091096,127.04767428474398,0.2673555828282529,0.11472132925080558,-9.326577660535845,0.7958228914518978,-11.742374636728654,0.325969961082873,40.26452369479059,0.012970377121653831,0.9967266517932953,False
BSA_m2,Cholesterol,Group_22C vs Group_15C (Reference),12.978050903640057,0.20981894593648498,-7.305223017237125,33.26132482451724,0.16469618818768184,-0.009325439273217828,-7.393529049082119,0.4053966208272398,5.584521854557938,0.2923947794929642,0.5256560703553683,0.8138191820771974,0.9967266517932953,False
VO2max_ml_per_kg_per_min,Cholesterol,Group_22C vs Group_15C (Reference),-0.24955891669494826,0.2103051816860554,-0.6400083934723343,0.14089056008243775,0.17940387443574712,0.008446348276527793,0.06909773086895563,0.3335833642450774,-0.18046118582599263,0.33181655715059666,0.07504719034343948,0.355379996865153,0.9967266517932953,False
Muscle_Mass_kg,Butanoic_acid,Group_8C vs Group_22C Contrast,-0.16788793652946077,0.21036155786203792,-0.43059570103482103,0.0948198279758995,0.20349934722375673,0.03756171122870611,0.18758246679326326,0.1574790084583948,0.05126367867774381,0.5299018196742846,-0.11662425785171696,0.272702205438192,0.9967266517932953,False
VO2max_ml_per_kg_per_min,"2,3-Butanediol",Group_8C vs Group_22C Contrast,-0.473889481574078,0.21060446077564476,-1.2158174548587393,0.2680384917105833,0.15651691049734373,-0.019208733149042923,0.22725420791343523,0.38270201842731055,0.21385009643023395,0.2909174982152749,-0.26003938514384406,0.41617688861416857,0.9967266517932953,False
VO2max_ml_per_kg_per_min,3-OH-Butanoic_Acid,Group_8C vs Group_15C (Reference),-0.13886936889347704,0.21065450936625307,-0.3563050428302479,0.07856630504329384,0.16370461350959054,-0.010523592009244798,0.1319402529391011,0.21639461289106732,0.057000610631751436,0.6936722928290917,-0.006929115954375925,0.818859477672597,0.9967266517932953,False
Age_years,alpha-D-Glucopyranoside,Group_22C vs Group_15C (Reference),-0.3212938673141453,0.2111551671152172,-0.8249141142333183,0.1823263796050278,0.2502119716405037,0.09400613239894196,0.17547963008654044,0.1656946897727004,-0.14581423722760484,0.5143337149487475,-0.21608209647883297,0.18660521193571578,0.9967266517932953,False
Muscle_Mass_kg,"9-Hexadecenoic_acid,_Z-",Group_22C vs Group_15C (Reference),-0.08412618580284338,0.2133898801256925,-0.21663807981782213,0.04838570821213538,0.11769443292276294,-0.06611922688499461,0.07118267523434386,0.15831952253507775,-0.012943510568499517,0.7736309457794266,-0.013777367703035642,0.8164495821316009,0.9967266517932953,False
Weight_kg,Valine,Group_8C vs Group_15C (Reference),0.0910982705592473,0.21360485425424547,-0.05246313849854556,0.23465967961704015,0.26216387340785685,0.10844801370116042,-0.07353372735817892,0.2944431688612107,0.1165277030364788,0.4014002682050082,0.017564543201068372,0.40550489444546933,0.9967266517932953,False
VO2max_ml_per_kg_per_min,beta-Alanine,Group_8C vs Group_22C Contrast,0.4873450136982226,0.21422221909463882,-0.2817100021529809,1.2564000295494262,0.29284954137335917,0.14552652915947573,-0.07113356162219253,0.30504026112419746,0.04369659095691904,0.9084821091402213,0.5310416046551416,4.791272911752742e-08,0.9967266517932953,False
Muscle_Mass_kg,"Ethanolamine,_2TMS",Group_8C vs Group_22C Contrast,0.2074068391639322,0.21544752237421788,-0.1207673328207271,0.5355810111485915,0.12384573900229168,-0.058686398705564136,0.160120294040885,0.6708654045507414,-0.1867600631840123,0.1874066170882629,0.0206467759799199,0.8170448880227625,0.9967266517932953,False
Skinfold_Thickness_mm,Proline,Group_8C vs Group_22C Contrast,-0.08248412482985515,0.2154603206013671,-0.2130001406745209,0.04803189101481059,0.28071178111015904,0.1308600688414422,0.014572731687022193,0.16864372096193536,0.08089924827035172,0.2178680571893401,-0.0015848765595034373,0.8867458670368227,0.9967266517932953,False
Height_m,Arachidonic_acid,Group_8C vs Group_15C (Reference),-4.72075045561638,0.2155175905223411,-12.191268126987325,2.7497672157545656,0.21881531410304123,0.056068504541174846,10.018830062237603,0.0002903502786322561,2.1957771461653524,0.8168623158852941,5.298079606621223,0.04345860518455669,0.9967266517932953,False
Body_Density_kg_per_m3,Erythritol,Group_8C vs Group_15C (Reference),217.86952588579078,0.2161073295696866,-127.34894672104969,563.0879984926312,0.2523837724922884,0.09663039176151522,71.55947214478917,0.37388950591172787,-74.39572606743329,0.7830143932915132,289.4289980305799,0.06470207519455773,0.9967266517932953,False
VO2max_ml_per_kg_per_min,"2,3,4-Trihydroxybutyric_acid",Group_22C vs Group_15C (Reference),0.48026388710014606,0.21611896389076335,-0.28074279832676313,1.2412705725270552,0.14045018775065676,-0.03862268980128958,-0.072348434949888,0.5766441371979869,0.40791545215025804,0.2650707807857433,-0.24094559536837362,0.4531368313576456,0.9967266517932953,False
BMI_kg·m2,"Ethanolamine,_3TMS",Group_8C vs Group_22C Contrast,-1.5423764270372318,0.2163153734317608,-3.987453838902583,0.9027009848281193,0.2638195001641275,0.11044856269832071,0.6069363311146744,0.3393055203770754,0.8559675149912824,0.07698242174048331,-0.6864089120459494,0.5505073138145611,0.9967266517932953,False
Height_m,Lactic_Acid,Group_8C vs Group_22C Contrast,-54.90785989626891,0.21712686555256372,-142.1052745595778,32.28955476703998,0.4028764067265811,0.27847565812795216,49.83568641600297,0.051694102224642144,1.1214704632117432,0.9610080915229955,-53.78638943305717,0.15823434996626773,0.9967266517932953,False
Age_years,Threonine,Group_8C vs Group_15C (Reference),-0.0922619830336156,0.2180376408646486,-0.23906795852148705,0.05454399245425584,0.08806913181135378,-0.10191646572794744,-0.0028590008539520896,0.959993420224486,0.03255220492613617,0.9096041577630627,-0.09512098388756769,0.05031731204926726,0.9967266517932953,False
Weight_kg,Lactic_Acid,Group_8C vs Group_15C (Reference),-0.4280257270984179,0.218273193957072,-1.1094428731422485,0.2533914189454127,0.24430660210723187,0.08687047754623856,0.14366027194024336,0.1585817262536825,0.013455058398549408,0.9430344809406976,-0.2843654551581746,0.3922798646109107,0.9967266517932953,False
Body_Fat__Percent,"1,5-Anhydrohexitol",Group_22C vs Group_15C (Reference),0.5186503160590583,0.2185399106452286,-0.3075196379341706,1.344820270052287,0.2583110502734174,0.10379251908037934,-0.24220812346837273,0.5550300965034258,0.2764421925906856,0.0041290358917636105,0.5915115826094889,0.014156758732412067,0.9967266517932953,False
VO2max_ml_per_kg_per_min,"Ethanolamine,_3TMS",Group_8C vs Group_22C Contrast,0.4209793433310226,0.21984170280834145,-0.2515175660936786,1.0934762527557238,0.1904882429367457,0.02183996021523449,0.1357029910425301,0.2690107864664575,-0.30377540969001104,0.15797188080576818,0.11720393364101153,0.6610125435174847,0.9967266517932953,False
Age_years,Stearic_Acid,Group_8C vs Group_15C (Reference),-0.03735671806628763,0.21991665710204955,-0.09704111669968807,0.022327680567112797,0.16532585961598123,-0.008564586297356014,0.0147919289960903,0.39447992362513995,0.0539122230105271,0.5176995311379857,-0.022564789070197332,0.36695465878347155,0.9967266517932953,False
Weight_kg,Indole-3-Propionic_Acid,Group_22C vs Group_15C (Reference),0.07728170159216778,0.21991884735458644,-0.04619097019750085,0.2007543733818364,0.20428885318779522,0.03851569760191931,-0.0054161506623661634,0.9065628812676634,0.07186555092980162,0.09380793988144642,-0.0007821191160644718,0.9797695795432397,0.9967266517932953,False
VO2max_ml_per_kg_per_min,Arachidonic_acid1,Group_22C vs Group_15C (Reference),0.1563047762715308,0.2201714692558504,-0.0935595526806691,0.40616910522373073,0.07442740982591645,-0.11840021312701765,0.009515727618408009,0.8471555293314309,0.16582050388993883,0.15830553351929244,-0.004509665794314567,0.9692785678772999,0.9967266517932953,False
Skinfold_Thickness_mm,Arginine_[-NH3],Group_22C vs Group_15C (Reference),0.030219577944991326,0.22044402350121683,-0.018117115540848848,0.07855627143083149,0.2614904539256454,0.10763429849348827,-0.008369421970646567,0.0005407477765562723,0.02185015597434476,0.373317183334996,0.007699324845332077,0.06655752169335383,0.9967266517932953,False
Age_years,Glycolic_acid,Group_8C vs Group_15C (Reference),-0.24648721915368096,0.22081681586493673,-0.6410659812320564,0.14809154292469448,0.2125131559889436,0.048453396819973626,-0.01958826750174338,0.8927647785656674,-0.1970334014346558,0.22427683624214323,-0.26607548665542435,0.0561916898131225,0.9967266517932953,False
Max_Watts_W,N-Acetylglutamine,Group_22C vs Group_15C (Reference),-0.0707729008292867,0.22121409961992744,-0.18416425510596476,0.042618453447391375,0.3071126463923085,0.16276111439070617,-0.010965309975335744,0.7763557274626459,-0.08173821080462244,0.05785967365350375,0.05112347685894657,0.15857041348878376,0.9967266517932953,False
Body_Density_kg_per_m3,"1,5-Anhydrohexitol",Group_22C vs Group_15C (Reference),-229.5516365618296,0.2216103758886223,-597.6516871473935,138.54841402373435,0.26000825875866407,0.10584331266671909,109.40047228171686,0.5504187866712595,-120.15116428011275,0.0036329085033723896,-254.09317786130083,0.015326425032470503,0.9967266517932953,False
Weight_kg,Valine,Group_22C vs Group_15C (Reference),0.19006143039465773,0.221833231164702,-0.11486067758640789,0.49498353837572334,0.26216387340785685,0.10844801370116042,-0.07353372735817892,0.2944431688612107,0.1165277030364788,0.4014002682050082,0.017564543201068372,0.40550489444546933,0.9967266517932953,False
Skinfold_Thickness_mm,2-OH-Butanoic_Acid,Group_8C vs Group_15C (Reference),0.02114457830465435,0.22215385738554583,-0.012801935566299608,0.055091092175608314,0.09352402072921662,-0.09532514161886319,-0.012848596575546864,0.3513372897763244,0.002020268761830828,0.9206604261536042,0.008295981729107487,0.4287931442420989,0.9967266517932953,False
Skinfold_Thickness_mm,"R*,R*-2,3-Dihydroxybutanoic_acid",Group_22C vs Group_15C (Reference),0.06667259881778756,0.2225243294777135,-0.04045255853410569,0.1737977561696808,0.21627336110384554,0.05299697800048009,0.009007769091082689,0.6022473316507151,0.07568036790887026,0.14441483458588245,-0.011180149901701356,0.7637553061572211,0.9967266517932953,False
Weight_kg,Arginine_[-NH3],Group_22C vs Group_15C (Reference),0.07852171693418714,0.22268844831105394,-0.04768659798801708,0.20473003185639135,0.21792746403839114,0.05499568571305602,-0.029671234256315945,0.15608743492194904,0.04885048267787119,0.4224734242496111,0.01995630677397757,0.012668492253818275,0.9967266517932953,False
Skinfold_Thickness_mm,"1,5-Anhydrohexitol",Group_22C vs Group_15C (Reference),0.061668310216078256,0.22299708638257942,-0.037517589962717174,0.1608542103948737,0.23711841112716303,0.07818474677865539,-0.021189160757967725,0.6677096365736936,0.04047914945811053,0.0002895757624445938,0.10603437162726342,0.01999004970149154,0.9967266517932953,False
Weight_kg,Lactic_Acid1,Group_22C vs Group_15C (Reference),-0.3770766625146606,0.2239250050042223,-0.9847749232364895,0.23062159820716827,0.1651520574177303,-0.008774597286909103,0.3164508219000693,0.17700068564610372,-0.06062584061459131,0.7651587909825273,-0.06235575153403028,0.902328193233205,0.9967266517932953,False
BSA_m2,Diethanolamine,Group_8C vs Group_15C (Reference),14.940664969651388,0.2241329270151804,-9.148580411803492,39.02991035110627,0.25062713778376833,0.09450779148872013,-1.8356996354100679,0.8647922423573806,10.983252990964465,0.5814241775889373,13.10496533424132,0.026398308723916797,0.9967266517932953,False
Max_Watts_W,3-OH-Butanoic_Acid,Group_8C vs Group_15C (Reference),-0.018556685573396126,0.22427932464109812,-0.048485595684249594,0.011372224537457346,0.1067878721615736,-0.07929798780476527,0.014805438567341359,0.28505553805390604,-0.01323600466154707,0.5905524682403007,-0.003751247006054767,0.5597503872101721,0.9967266517932953,False
Max_Watts_W,Palmitelaidic_acid,Group_22C vs Group_15C (Reference),-0.0876782562380983,0.22435997890910453,-0.22911361240029637,0.05375709992409977,0.29754896203236836,0.15120499578911184,-0.02308001955267612,0.22581685595554446,-0.11075827579077442,0.11153414142906382,0.017338300061737456,0.5327348038149293,0.9967266517932953,False
Body_Fat__Percent,Proline,Group_8C vs Group_15C (Reference),-0.15119696232356084,0.22468704649630278,-0.39526764975833484,0.0928737251112132,0.31614079343835555,0.17367012540467963,0.10749744767316677,0.2653155656646188,0.48691378311362893,0.2106751453318867,-0.04369951465039407,0.5787278999165899,0.9967266517932953,False
Age_years,Glyceraldehyde-3-PMOX,Group_8C vs Group_22C Contrast,0.12336376642318819,0.22481218686935503,-0.0758344258959951,0.3225619587423715,0.33690432704975126,0.1987593951851162,0.07880218286239524,0.2721331771359219,0.04198513173980349,0.6159767465094248,0.1653488981629917,0.004119145130988988,0.9967266517932953,False
Max_Watts_W,"2,3-Butanediol",Group_8C vs Group_22C Contrast,-0.05535883373035528,0.22483069711679274,-0.14475153153231038,0.03403386407159981,0.2989805783604309,0.15293486551885405,0.06402735026965412,0.0004174716414055398,0.02842385197381688,0.434392900217373,-0.026934981756538398,0.3279022197767567,0.9967266517932953,False
BMI_kg·m2,Citric_acid,Group_8C vs Group_15C (Reference),0.7699448096170154,0.22488712546426493,-0.4734801607952661,2.013369780029297,0.19942456135585596,0.032638011638326025,-0.6453601220451234,0.22489312804959372,-0.21625038937155427,0.7653289144466993,0.124584687571892,0.7187812901329391,0.9967266517932953,False
Body_Fat__Percent,"1,5-Anhydrohexitol",Group_8C vs Group_22C Contrast,0.3150693900188033,0.22498596648239072,-0.19387081436637343,0.82400959440398,0.2583110502734174,0.10379251908037934,-0.24220812346837273,0.5550300965034258,0.2764421925906856,0.0041290358917636105,0.5915115826094889,0.014156758732412067,0.9967266517932953,False
Skinfold_Thickness_mm,"2,3,4-Trihydroxybutyric_acid",Group_8C vs Group_22C Contrast,0.17757854004861232,0.22531645019295365,-0.10947341260130153,0.4646304926985262,0.15924484867868316,-0.015912474513257724,0.001981704178374887,0.9146734282345194,-0.11989212150861736,0.17526524963712098,0.057686418539994955,0.6211715439179573,0.9967266517932953,False
Body_Density_kg_per_m3,Proline,Group_8C vs Group_15C (Reference),65.94457226054934,0.22838681721757714,-41.3583165489909,173.24746107008957,0.3188099835594128,0.17689539680095723,-46.86352567811181,0.2764865528241509,-212.5785701785322,0.20603380615173172,19.081046582437523,0.5724591212779875,0.9967266517932953,False
BSA_m2,Methyl_galactoside,Group_8C vs Group_15C (Reference),-18.454797604246842,0.22853069673599002,-48.49313822664453,11.583543018150849,0.24063507993098088,0.08243405491660194,20.975767389261435,3.986907199348802e-05,-7.608434775650316,0.3583965340993336,2.520969785014593,0.8615072226744098,0.9967266517932953,False
Height_m,Aminomalonic_acid,Group_22C vs Group_15C (Reference),69.45692802705103,0.22877765619976542,-43.656114126989976,182.56997018109206,0.35124926525455913,0.21609286218259238,-45.07274757360592,0.25420899551742904,24.38418045344511,0.5619635995001249,7.781757001752638,0.7162388483274114,0.9967266517932953,False
Height_m,Arginine_[-NH3],Group_8C vs Group_22C Contrast,7.251963315668897,0.2291515591111991,-4.567819843190081,19.071746474527878,0.10477000993972019,-0.0817362379895048,-1.7988949948950397,0.7694119207727002,-5.830167687837044,0.293022252574894,1.4217956278318533,0.5488517983637338,0.9967266517932953,False
Height_m,Methionine,Group_22C vs Group_15C (Reference),18.002917054899495,0.229166780842885,-11.339981272363534,47.34581538216253,0.1465078935269205,-0.03130296198830429,-5.950583644713765,0.3002949686000076,12.05233341018573,0.38332997792267864,-1.5932214295846556,0.8695247759184483,0.9967266517932953,False
Max_Watts_W,Palmitelaidic_acid,Group_8C vs Group_15C (Reference),0.04041831961441358,0.23036268239573576,-0.025628696599599286,0.10646533582842643,0.29754896203236836,0.15120499578911184,-0.02308001955267612,0.22581685595554446,-0.11075827579077442,0.11153414142906382,0.017338300061737456,0.5327348038149293,0.9967266517932953,False
Age_years,Tyrosine,Group_8C vs Group_22C Contrast,-0.14647598905063255,0.230531388820103,-0.38592140927534724,0.0929694311740821,0.18488224927340502,0.015066051205364417,0.031191673294728054,0.21822841098306123,0.08878252103425631,0.4184008923399811,-0.057693468016376245,0.28291862430848935,0.9967266517932953,False
VO2max_ml_per_kg_per_min,Ethyl_alpha-D-glucopyranoside,Group_22C vs Group_15C (Reference),0.37274510041220643,0.23076995829690683,-0.23688481121060112,0.982375012035014,0.1400852007256198,-0.03906371578987611,-0.08290669615678674,0.510595625447746,0.2898384042554197,0.3080957147122443,0.08984924669192824,0.5576472499456706,0.9967266517932953,False
BSA_m2,"R*,R*-2,3-Dihydroxybutanoic_acid",Group_8C vs Group_22C Contrast,-20.384926372585912,0.23083765181392615,-53.7302159859766,12.960363240804778,0.27068373267956125,0.11874284365446985,6.0312157680293454,0.5507857635322484,14.922190739093857,0.055376649217451,-5.4627356334920565,0.7179771689084222,0.9967266517932953,False
Skinfold_Thickness_mm,L-Proline,Group_22C vs Group_15C (Reference),0.05873290165654464,0.23102565554150145,-0.037378273691879974,0.15484407700496927,0.3161403212417634,0.17366955483379742,0.027571232792986462,0.3253473500123556,0.08630413444953111,0.03194984338464524,0.037457792351499666,0.648766556960485,0.9967266517932953,False
BMI_kg·m2,Indole-3-Propionic_Acid,Group_22C vs Group_15C (Reference),0.3096412861395634,0.2312096840732093,-0.19725910576503752,0.8165416780441643,0.2209887157387196,0.05869469818428619,0.008549666754628454,0.9547258487044692,0.31819095289419186,0.13020030535215987,0.007557968202282799,0.9083245391228068,0.9967266517932953,False
BMI_kg·m2,Indole-3-Latic_Acid,Group_22C vs Group_15C (Reference),0.19870307895466824,0.23159133983152325,-0.12685134029569692,0.5242574982050334,0.34365179551760705,0.20691258625044195,-0.15709290302138823,0.21379592776213807,0.04161017593328001,0.6995219214447244,-0.08163084982219349,0.4294752570128604,0.9967266517932953,False
Height_m,1H-Indole-3-Acetic_Acid,Group_22C vs Group_15C (Reference),14.810865475713564,0.23318330583541014,-9.538062769539602,39.15979372096673,0.11061584320181472,-0.07467252279780712,-10.332484054742924,0.3768687988514209,4.47838142097064,0.2860061256329218,-8.68425366303148,0.5127141770741825,0.9967266517932953,False
BMI_kg·m2,Erythritol,Group_8C vs Group_22C Contrast,-1.71045993119021,0.23320475147026654,-4.522621223132125,1.1017013607517048,0.1606122912951048,-0.01426014801841502,-0.19773117361151574,0.6939890130123438,0.5687010710569722,0.47732880461956095,-1.141758860133238,0.33766642983623707,0.9967266517932953,False
Body_Density_kg_per_m3,Citric_acid,Group_8C vs Group_15C (Reference),-118.7756678353712,0.23334274007447386,-314.1084059938021,76.55707032305969,0.16980680780536572,-0.0031501072351829418,110.54704229488465,0.11595429623877676,28.44384065411856,0.8848047560157997,-8.228625540486547,0.9072392044336492,0.9967266517932953,False
BSA_m2,Methionine,Group_8C vs Group_22C Contrast,-10.011978500349581,0.23374031291370306,-26.491506686484342,6.46754968578518,0.35427242310555596,0.2197458445858802,-1.8509343693723408,0.41613476411798045,10.957691847964277,0.04154905035846057,0.9457133476146966,0.8836827264195419,0.9967266517932953,False
Weight_kg,L-Norvaline,Group_22C vs Group_15C (Reference),0.36748668347517377,0.2341167669966676,-0.23786545319922847,0.972838820149576,0.14865032133436118,-0.028714195054313496,-0.14536581536478985,0.5134654290227683,0.22212086811038392,0.29987373012891183,0.002038501923118108,0.9715424635876218,0.9967266517932953,False
Body_Fat__Percent,Citric_acid,Group_8C vs Group_15C (Reference),0.27002664817920163,0.23429421458139432,-0.17495063738364608,0.7150039337420493,0.1703319588594745,-0.002515549711468168,-0.25256843921081584,0.11107361119963083,-0.06680721498004044,0.8839353661178724,0.01745820896838579,0.9144636786442115,0.9967266517932953,False
Body_Density_kg_per_m3,"1,5-Anhydrohexitol",Group_8C vs Group_22C Contrast,-133.9420135811881,0.23442663606588954,-354.7317823974445,86.84775523506832,0.26000825875866407,0.10584331266671909,109.40047228171686,0.5504187866712595,-120.15116428011275,0.0036329085033723896,-254.09317786130083,0.015326425032470503,0.9967266517932953,False
BMI_kg·m2,Ethyl_alpha-D-glucopyranoside,Group_22C vs Group_15C (Reference),-0.9554241669007688,0.23476344366566337,-2.5314486135176324,0.620600279716095,0.14612487090614645,-0.03176578098840621,0.41864284197824686,0.29661686266047504,-0.536781324922522,0.4411725320496753,-0.3444532449148734,0.4217373984569788,0.9967266517932953,False
Age_years,Lactic_Acid,Group_8C vs Group_22C Contrast,0.24540117153512,0.23662387493822667,-0.16102000223393467,0.6518223453041747,0.12991504382879682,-0.05135265537353706,-0.058208409294328245,0.6529510357027719,-0.01871426599164564,0.857723769514364,0.22668690554347437,0.20578386976133034,0.9967266517932953,False
Body_Density_kg_per_m3,Arachidonic_acid,Group_8C vs Group_22C Contrast,70.13528717814981,0.23703526821427262,-46.12123940781615,186.39181376411577,0.2865626252671728,0.1379298388645005,-25.766614920203175,0.017863112042590463,-50.84257929693826,0.2703864579268813,19.29270788121154,0.6048659007857538,0.9967266517932953,False
VO2max_ml_per_kg_per_min,2-Aminoadipic_acid,Group_22C vs Group_15C (Reference),-0.44042371012073445,0.23703531613476936,-1.1704584359466028,0.28961101570513403,0.19234823236061704,0.024087447435745646,3.173558193073315e-05,0.9998677314914105,-0.4403919745388037,0.16810195087658863,0.04596879912526561,0.7714511195151428,0.9967266517932953,False
BSA_m2,"2,3-Butanediol",Group_22C vs Group_15C (Reference),19.31488750696344,0.23713008186124052,-12.707430975510984,51.33720598943786,0.12351963641919517,-0.059080439326805845,-19.652964370922366,0.12899159206224514,-0.3380768639589249,0.9729414323193182,6.132982059168764,0.8651833944171259,0.9967266517932953,False
VO2max_ml_per_kg_per_min,"2,3-Butanediol",Group_8C vs Group_15C (Reference),-0.4872935930572793,0.2373458933838528,-1.2955536657690794,0.3209664796545208,0.15651691049734373,-0.019208733149042923,0.22725420791343523,0.38270201842731055,0.21385009643023395,0.2909174982152749,-0.26003938514384406,0.41617688861416857,0.9967266517932953,False
Age_years,D---Ribofuranose,Group_8C vs Group_15C (Reference),-0.3281889846795054,0.23745152164622252,-0.8726693458462407,0.21629137648722985,0.17933400094830254,0.00836191781253226,0.035681178762924426,0.854463031448415,-0.03851258716794559,0.8917340254395238,-0.292507805916581,0.1402449142087625,0.9967266517932953,False
Muscle_Mass_kg,Arginine_[-NH3],Group_8C vs Group_15C (Reference),0.04319861005181029,0.23776507673614522,-0.02851775091069969,0.11491497101432027,0.10673727757344498,-0.07935912293208736,-0.01733577920146964,0.6123559752963325,-0.01057817205487603,0.839581295286653,0.025862830850340652,0.046263263139388666,0.9967266517932953,False
Max_Watts_W,2-Aminoheptanedioic_acid,Group_8C vs Group_22C Contrast,0.10425829100427403,0.23802613218142968,-0.06892606090188777,0.27744264291043585,0.15943896254091638,-0.015677920263059253,0.00044448761873792995,0.9679305792809142,-0.11206378323848108,0.07561237719950853,-0.007805492234207056,0.8996222898646693,0.9967266517932953,False
Age_years,Cholesterol,Group_8C vs Group_15C (Reference),-0.15153525017170055,0.23829711536379872,-0.4033925044451229,0.10032200410172182,0.19835239159281226,0.03134247317464822,0.0978645883475286,0.35813396962579414,0.09105652611881451,0.4524887062662031,-0.05367066182417195,0.45542682095821907,0.9967266517932953,False
Body_Density_kg_per_m3,"Ethanolamine,_3TMS",Group_8C vs Group_22C Contrast,299.184271897142,0.2383275564769279,-198.11256347210343,796.4811072663874,0.18887205376178973,0.019887064962162637,-43.02250050680425,0.7527086506506868,-164.79012230167012,0.3237916308634827,134.3941495954719,0.4816682358491913,0.9967266517932953,False
Body_Fat__Percent,Valine,Group_8C vs Group_15C (Reference),0.1061052639111882,0.2389429912748272,-0.0704883904834488,0.2826989183058252,0.27693738091804276,0.12629933527596837,-0.10119613307721513,0.04051074700452304,0.3261689564094196,0.38312161587044447,0.004909130833973069,0.9480542267041265,0.9967266517932953,False
Body_Density_kg_per_m3,Valine,Group_8C vs Group_15C (Reference),-45.91890673653356,0.2390183758297485,-122.35516265794011,30.517349184872998,0.27840538954315885,0.12807317903131699,44.10689928070024,0.039891953134622606,-142.77740935896185,0.3794640571303134,-1.8120074558333172,0.9556200654305289,0.9967266517932953,False
Height_m,Aminomalonic_acid,Group_8C vs Group_15C (Reference),52.85450457535856,0.23971533517338228,-35.25729950854499,140.9663086592621,0.35124926525455913,0.21609286218259238,-45.07274757360592,0.25420899551742904,24.38418045344511,0.5619635995001249,7.781757001752638,0.7162388483274114,0.9967266517932953,False
Height_m,2-Keto-3-methylvaleric_acid,Group_8C vs Group_22C Contrast,-31.026099204512327,0.23994866870447204,-82.77520381010837,20.723005401083704,0.13112093937922398,-0.049895531583437736,17.67185824319355,0.3361214144652265,13.128563506021639,0.5511011024157195,-17.89753569849069,0.21905318949312935,0.9967266517932953,False
Body_Fat__Percent,Glyceraldehyde-3-PMOX,Group_22C vs Group_15C (Reference),0.20132819579516942,0.2402144073754937,-0.13465516646017384,0.5373115580505127,0.22366548516116758,0.061929127903077585,-0.15106737138870155,0.13944895321927533,0.05026082440646787,0.7149330185062905,0.13032655182772193,0.42709597757605855,0.9967266517932953,False
BMI_kg·m2,beta-Alanine,Group_8C vs Group_15C (Reference),-0.895567997471475,0.24101700480770694,-2.3926750346975023,0.6015390397545526,0.0984143602854558,-0.08941598132174078,0.45171732407713194,0.061199544750375354,0.0643248437784964,0.9415989760600247,-0.44385067339434303,0.5402497190618205,0.9967266517932953,False
Max_Watts_W,N-Acetylglutamine,Group_8C vs Group_15C (Reference),0.06208878683428231,0.24105320866598934,-0.04171205585977016,0.16588962952833478,0.3071126463923085,0.16276111439070617,-0.010965309975335744,0.7763557274626459,-0.08173821080462244,0.05785967365350375,0.05112347685894657,0.15857041348878376,0.9967266517932953,False
Age_years,"Ethanolamine,_2TMS",Group_8C vs Group_15C (Reference),0.29675767254691493,0.2415332320572039,-0.1998720111146935,0.7933873562085234,0.09869683796170603,-0.08907465412960525,-0.1824073699316121,0.27435062522891696,0.023877751510193973,0.873178665241835,0.11435030261530282,0.5487077007634378,0.9967266517932953,False
Skinfold_Thickness_mm,"Ethanolamine,_3TMS",Group_8C vs Group_22C Contrast,-0.11569124138008685,0.24220599617098176,-0.3095831962204487,0.07820071346027499,0.17415006028579616,0.002097989512003795,0.005441580949601991,0.9041756213697543,0.07483583740097023,0.24334375336157987,-0.040855403979116627,0.5874731101418342,0.9967266517932953,False
VO2max_ml_per_kg_per_min,Valine,Group_8C vs Group_15C (Reference),-0.06908652511888062,0.24225548224499005,-0.18488166028450354,0.04670861004674229,0.29705941439878814,0.1506134590652024,0.08995959551159304,0.021559859481462263,-0.2317035416661763,0.4150790821599708,0.02087307039271241,0.637133352222176,0.9967266517932953,False
VO2max_ml_per_kg_per_min,"1,3-Dioxolane-2-methanol",Group_8C vs Group_22C Contrast,-0.5103830508614933,0.24259219580481384,-1.36645775613013,0.34569165440714344,0.11983007914679533,-0.06353865436428885,-0.22681167985609188,0.0763344503406111,0.2644824598210469,0.27877734339312443,-0.24590059104044643,0.4971130846962195,0.9967266517932953,False
BMI_kg·m2,Glyceraldehyde-3-PMOX,Group_8C vs Group_15C (Reference),0.5838852911921424,0.24266605605435,-0.3956116183965467,1.5633822007808313,0.22063979733572203,0.05827308844733081,-0.3287426139879293,0.16640020927366572,0.1661919750595821,0.3675016924039487,0.2551426772042131,0.5617199817550267,0.9967266517932953,False
Height_m,4-Aminobutanoic_acid,Group_22C vs Group_15C (Reference),44.089216918034566,0.2427334623155636,-29.88324295603003,118.06167679209916,0.12470396903099834,-0.05764937075421028,-19.632531191491715,0.39585505615039795,24.45668572654285,0.4122742333977094,7.693220592015649,0.8350188316658629,0.9967266517932953,False
Body_Fat__Percent,Erythritol,Group_8C vs Group_22C Contrast,-0.8450730839119032,0.2432880049152218,-2.2646241655710977,0.5744779977472911,0.25245953720891934,0.0967219407941109,-0.16104199050565582,0.38186416230778386,0.17245653920126297,0.783534588892516,-0.6726165447106403,0.062580108800937,0.9967266517932953,False
Body_Density_kg_per_m3,1-Monopalmitin,Group_8C vs Group_15C (Reference),64.89863721220367,0.24361887203779065,-44.19243135169725,173.98970577610459,0.1808032546184153,0.010137265997251843,-55.68246126208605,0.14802179170170246,31.009859789701054,0.45753968187004723,9.216175950117616,0.8186816240955106,0.9967266517932953,False
Body_Density_kg_per_m3,Erythritol,Group_8C vs Group_22C Contrast,363.82472409801323,0.2440101407919353,-248.26375103870225,975.9131992347287,0.2523837724922884,0.09663039176151522,71.55947214478917,0.37388950591172787,-74.39572606743329,0.7830143932915132,289.4289980305799,0.06470207519455773,0.9967266517932953,False
Age_years,Erythritol,Group_8C vs Group_22C Contrast,-0.36098307907124805,0.24414246378590818,-0.9684612774131814,0.24649511927068535,0.14008238220645453,-0.03906712150053404,-0.10397138195586716,0.5124074549126851,0.10660100595805552,0.5168784780981399,-0.2543820731131925,0.33288018812001274,0.9967266517932953,False
Age_years,Arginine_[-NH3],Group_8C vs Group_22C Contrast,-0.07890051790194859,0.24435237603481064,-0.21173688522439538,0.053935849420498214,0.42744438066849066,0.3081619599744263,-0.00013334131707022891,0.994608307247046,0.10093363023646178,0.12179031892794123,0.02203311233451318,0.2307826078476527,0.9967266517932953,False
Body_Fat__Percent,"Ethanolamine,_3TMS",Group_8C vs Group_22C Contrast,-0.6871739086596428,0.2445475861265699,-1.8445740155545973,0.47022619823531164,0.18759851324054144,0.01834820349898758,0.09732154187717039,0.7522600480565228,0.38072222975755476,0.3247792775522935,-0.306451678902088,0.4923308428558102,0.9967266517932953,False
Body_Density_kg_per_m3,Glutamic_Acid,Group_22C vs Group_15C (Reference),-58.56839325058873,0.24472063728192872,-157.24892563824528,40.11213913706784,0.09384336569115981,-0.09493926645651518,10.359524577894753,0.29183291935204037,-48.208868672693974,0.3289206916813121,20.28811183792515,0.6753272880710472,0.9967266517932953,False
Body_Density_kg_per_m3,Glyceraldehyde-3-PMOX,Group_22C vs Group_15C (Reference),-87.34144370930635,0.2454083625061777,-234.7156244726678,60.03273705405509,0.22226754569873086,0.060239951052633134,65.57847235813504,0.15181149482043324,-21.762971351171302,0.7153030381570766,-56.88814718018301,0.41825942438898034,0.9967266517932953,False
Skinfold_Thickness_mm,Arachidonic_acid1,Group_8C vs Group_15C (Reference),-0.023042755480357335,0.2455628617788007,-0.06193630493155529,0.015850793970840618,0.09028782722508721,-0.09923554210301955,-0.0031723715080051577,0.7964390902546415,-0.031406435841199364,0.5735781649445586,-0.026215126988362494,0.09232064165134846,0.9967266517932953,False
Body_Fat__Percent,Arachidonic_acid,Group_8C vs Group_22C Contrast,-0.16034622145469926,0.2456417480983218,-0.43104259812001555,0.11035015521061706,0.2845882609270436,0.13554414862017772,0.05889536350326753,0.016197995112128036,0.11639550134035737,0.27428022009219966,-0.04395072011434188,0.6173638346823638,0.9967266517932953,False
Body_Density_kg_per_m3,Arachidonic_acid,Group_8C vs Group_15C (Reference),45.059322801414716,0.24601362048006004,-31.06832419271364,121.18696979554306,0.2865626252671728,0.1379298388645005,-25.766614920203175,0.017863112042590463,-50.84257929693826,0.2703864579268813,19.29270788121154,0.6048659007857538,0.9967266517932953,False
Body_Fat__Percent,Glutamic_Acid,Group_22C vs Group_15C (Reference),0.1340761996767651,0.24608403869996776,-0.09247908205122268,0.3606314814047529,0.09314302209203329,-0.09578551497212628,-0.023731598370778643,0.29405682182937265,0.11034460130598645,0.33034281268506693,-0.046560436873439984,0.6817495218471734,0.9967266517932953,False
Body_Density_kg_per_m3,"D-Arabinose,_tetrakis",Group_8C vs Group_22C Contrast,-302.12941756086536,0.24608908832535958,-812.6674930364853,208.4086579147546,0.11479516380605259,-0.06962251040101974,-15.060847198808998,0.9209705550107534,14.344872676137085,0.9102213023144534,-287.78454488472823,0.20547613165653766,0.9967266517932953,False
Max_Watts_W,Doconexent,Group_8C vs Group_15C (Reference),0.013307819086265275,0.24677370131558252,-0.009211922250109614,0.03582756042264017,0.08477366809276687,-0.10589848438790672,-0.003923962226842714,0.4290502674498111,0.0042488168215423505,0.9288869169751219,0.00938385685942256,0.3652034651171019,0.9967266517932953,False
VO2max_ml_per_kg_per_min,Glycerol-3-P,Group_8C vs Group_15C (Reference),0.21992512759954758,0.24710882198179096,-0.15250030068837805,0.5923505558874732,0.16604102520947406,-0.007700427871885518,-0.09672822354661688,0.2773942396930572,-0.12263614024796266,0.6737762730972681,0.1231969040529307,0.4629848407216026,0.9967266517932953,False
Weight_kg,Glutamic_Acid,Group_22C vs Group_15C (Reference),0.05364187218333406,0.24815598244107873,-0.03739770384587525,0.14468144821254336,0.08042044105496993,-0.1111586337252446,-0.009430335458632859,0.5345158652106632,0.044211536724701204,0.3138689588073955,-0.011787109864482805,0.8848325326549542,0.9967266517932953,False
Skinfold_Thickness_mm,N-Acetylglutamine,Group_8C vs Group_15C (Reference),-0.1417239534312821,0.24955845270161792,-0.3829680138570536,0.0995201069944894,0.3578682939933038,0.22409085524190875,0.006939512495983583,0.8726874067103074,-0.0292624493814585,0.7332392342448908,-0.1347844409352985,0.24206605945912973,0.9967266517932953,False
BMI_kg·m2,"R*,R*-2,3-Dihydroxybutanoic_acid",Group_8C vs Group_15C (Reference),-0.7097645315424578,0.2496733424170562,-1.9182266598750477,0.49869759679013204,0.32151220496134414,0.18016058099495758,0.3312535580302751,0.23197992111901589,0.9796935280300861,0.13987534699931814,-0.37851097351218266,0.4919396358359105,0.9967266517932953,False
Height_m,DL-Ornithine,Group_8C vs Group_15C (Reference),20.91991589338643,0.24988880807269087,-14.715045788559202,56.554877575332064,0.11967254380138426,-0.06372900957332739,-14.645418479543657,0.2335294557612485,-8.199525356800574,0.6355664215453014,6.274497413842774,0.6394921081322991,0.9967266517932953,False
Body_Density_kg_per_m3,"2-Ethyl-3-hydroxypropionic_acid,_di-",Group_8C vs Group_15C (Reference),160.6037304174945,0.25000458989572405,-113.03537732090899,434.24283815589797,0.25608168415468513,0.10109870168691126,-43.6303362213683,0.5458225886429902,-18.418185536090053,0.8522587673053121,116.97339419612618,0.32755712276302384,0.9967266517932953,False
Height_m,L-5-Oxoproline,Group_8C vs Group_22C Contrast,49.094128677250104,0.25008611866172814,-34.569140913334586,132.7573982678348,0.36870642066268633,0.23718692496741267,-59.400710879109134,0.2007882008294377,-18.833366985770198,0.6020419845509408,30.260761691479907,0.1835124733615321,0.9967266517932953,False
Body_Density_kg_per_m3,Dodecanoic_acid,Group_8C vs Group_22C Contrast,-163.23191849181842,0.2504456601740031,-441.61318023775965,115.14934325412281,0.25376115555802214,0.0982947296326101,20.140133858337258,0.7383201893163492,269.76139957397663,0.028023465332077224,106.52948108215821,0.13561505786418815,0.9967266517932953,False
Body_Fat__Percent,Aminomalonic_acid,Group_22C vs Group_15C (Reference),-0.4977394335297402,0.25057940997475925,-1.3468252529144915,0.35134638585501116,0.3271271973994375,0.18694536352432034,0.20945803486626022,0.3182652243769454,-0.28828139866348,0.4468551770907436,-0.07458780479675661,0.8242100905253134,0.9967266517932953,False
Weight_kg,Methionine,Group_8C vs Group_22C Contrast,-0.1380199289898039,0.2511356144997453,-0.37374678200647976,0.09770692402687198,0.4058469001389059,0.2820650043345113,-0.015391235799082654,0.5926418104462421,0.1639853197844105,0.06722755322159335,0.025965390794606618,0.7461975000878107,0.9967266517932953,False
Body_Fat__Percent,"2-Ethyl-3-hydroxypropionic_acid,_di-",Group_8C vs Group_15C (Reference),-0.36907928407342905,0.25126027204754886,-0.9995910068798469,0.2614324387329888,0.2552523747457247,0.10009661948441739,0.09683647677359972,0.5511634658981045,0.03987990991015761,0.8603162629194661,-0.2722428072998293,0.3268307204159848,0.9967266517932953,False
Body_Density_kg_per_m3,Cholesterol,Group_8C vs Group_22C Contrast,126.74760483362529,0.2517209799344342,-89.99449662701464,343.4897062942652,0.149241142111874,-0.028000286614818792,30.622389523785337,0.49182108542127534,-95.65480010247467,0.34607797110726235,31.092804731150636,0.4782059376731822,0.9967266517932953,False
BMI_kg·m2,Palmitelaidic_acid,Group_22C vs Group_15C (Reference),-0.9776415195316771,0.25193334510419274,-2.650155183052931,0.6948721439895768,0.19396688204020018,0.02604331579857533,-0.014818580038509903,0.9692839158944392,-0.992460099570187,0.1925533662909371,-0.40635551761555944,0.5286567995672831,0.9967266517932953,False
Max_Watts_W,Asparagine,Group_8C vs Group_22C Contrast,-0.05688167061709192,0.2521358718684758,-0.1542361241083765,0.040472782874192655,0.10267803906472384,-0.08426403613012523,0.02173604216308841,0.30918824412852275,0.03985945217999334,0.3833423496399475,-0.017022218437098575,0.3803751596390148,0.9967266517932953,False
Skinfold_Thickness_mm,Oxalic_acid,Group_22C vs Group_15C (Reference),0.07853234238999504,0.25213800417551824,-0.05587593142971467,0.21294061620970475,0.37756905114669137,0.24789593680225208,-0.013241603783760582,0.6092238977757902,0.06529073860623447,0.30382728207338916,0.03415732952510394,0.3513042665516999,0.9967266517932953,False
Height_m,L-Aspartic_acid,Group_22C vs Group_15C (Reference),43.07156506182503,0.25222173296560746,-30.65852624061469,116.80165636426474,0.1357447518724919,-0.04430842482073882,-41.13806191071675,0.17451154409366998,1.933503151108276,0.9309034058305086,3.2173232653844295,0.9263112066173897,0.9967266517932953,False
Body_Fat__Percent,Cholesterol,Group_22C vs Group_15C (Reference),0.2904783721002251,0.25241856164407794,-0.20697013510044993,0.7879268793009001,0.14916836456705918,-0.028088226148136775,-0.07167801158783849,0.477577902990177,0.2188003605123866,0.34744309182028443,-0.07125028121160612,0.48397585316489344,0.9967266517932953,False
VO2max_ml_per_kg_per_min,Asparagine,Group_22C vs Group_15C (Reference),-0.23581036829203458,0.2527518547620239,-0.6399229086673922,0.16830217208332307,0.13721463713983162,-0.0425323134560367,0.11610417625306813,0.1898144778707166,-0.11970619203896646,0.5202930966061032,-0.2880701810622795,0.29767042361448315,0.9967266517932953,False
BMI_kg·m2,Arginine_[-NH3],Group_22C vs Group_15C (Reference),0.40960493264783504,0.2530095991187338,-0.2927239140454282,1.1119337793410984,0.3312005573737573,0.19186734015995677,-0.0928716544984553,0.14971886789114175,0.31673327814937974,0.3688876372861827,0.07531648113365474,0.20660340505193497,0.9967266517932953,False
Age_years,Nonanoic_acid,Group_8C vs Group_22C Contrast,-0.1892437736864026,0.253431411367579,-0.5140249740690082,0.135537426696203,0.23208892450932816,0.07210745044877154,0.002746275929262026,0.966515284222228,0.0363265186019388,0.7977964038674039,-0.15291725508446383,0.07455202426539254,0.9967266517932953,False
Height_m,Methyl_galactoside,Group_22C vs Group_15C (Reference),-62.71012582131548,0.2535022109916083,-170.3476621493887,44.927410506757745,0.15447034246950142,-0.02168166951601913,45.98006663428726,0.01690866041954873,-16.730059187028218,0.7449756855024658,7.704000733008854,0.71310212790706,0.9967266517932953,False
Height_m,Stearic_Acid,Group_22C vs Group_15C (Reference),-6.353363985032176,0.2535094464380462,-17.258634246094644,4.551906276030292,0.0867318831035011,-0.10353230791660284,5.3668401066618685,0.13448167692476365,-0.9865238783703072,0.8166279123961875,4.3725369392891915,0.26672784062557864,0.9967266517932953,False
Body_Density_kg_per_m3,Aminomalonic_acid,Group_22C vs Group_15C (Reference),216.44377195502662,0.2535763648828516,-155.12483148340092,588.0123753934541,0.3273591288955304,0.18722561408209937,-92.91031084392263,0.3115261404727635,123.53346111110399,0.45640860275805784,32.98943402294583,0.8213591084462026,0.9967266517932953,False
Body_Fat__Percent,Cholesterol,Group_8C vs Group_22C Contrast,-0.29005064172399275,0.2537677464861658,-0.7881899324570526,0.2080886490090671,0.14916836456705918,-0.028088226148136775,-0.07167801158783849,0.477577902990177,0.2188003605123866,0.34744309182028443,-0.07125028121160612,0.48397585316489344,0.9967266517932953,False
Body_Fat__Percent,1-Monopalmitin,Group_8C vs Group_15C (Reference),-0.14638539692098088,0.2538450427857448,-0.39782717792012023,0.10505638407815845,0.179400418356642,0.008442172180942453,0.12539937463434908,0.15496975773302904,-0.0717139303822995,0.4556992205705961,-0.020986022286631795,0.821818498251548,0.9967266517932953,False
Skinfold_Thickness_mm,Glutamine_[-H2O],Group_22C vs Group_15C (Reference),0.05694192922440018,0.2538462668160505,-0.0408657572579358,0.15474961570673618,0.2770977106119986,0.12649306698949836,-0.014539103551128606,0.1036973540903171,0.042402825673271576,0.3877717842320707,0.020015557046459506,6.531881758298219e-05,0.9967266517932953,False
Body_Fat__Percent,"R*,R*-2,3-Dihydroxybutanoic_acid",Group_22C vs Group_15C (Reference),0.3957404933441238,0.25397032567766364,-0.2841903911492187,1.0756713778374662,0.23393275329918561,0.07433541023651602,0.06263755287700594,0.6753829269558712,0.45837804622112976,0.143076620838533,-0.10243025750380276,0.6644438837411584,0.9967266517932953,False
Body_Density_kg_per_m3,Valine,Group_22C vs Group_15C (Reference),-186.8843086396621,0.25408734027464275,-508.0536887376716,134.28507145834743,0.27840538954315885,0.12807317903131699,44.10689928070024,0.039891953134622606,-142.77740935896185,0.3794640571303134,-1.8120074558333172,0.9556200654305289,0.9967266517932953,False
VO2max_ml_per_kg_per_min,DL-Ornithine,Group_8C vs Group_22C Contrast,0.1509360462293532,0.25414539097365674,-0.10849104915804497,0.41036314161675136,0.1785839700556895,0.007455630483958142,0.005527219656804423,0.8990995917532961,0.024899340274619118,0.5953277796892191,0.1758353865039723,0.15545054557913018,0.9967266517932953,False
BSA_m2,Oxalic_acid,Group_8C vs Group_22C Contrast,-13.259260999622619,0.25424685735745556,-36.05399197679826,9.535469977553017,0.412883397232387,0.2905674383224677,-2.975210157387721,0.7808204254947424,17.84006839399407,0.029568378826072106,4.580807394371451,0.5786301761841053,0.9967266517932953,False
Body_Density_kg_per_m3,Cholesterol,Group_22C vs Group_15C (Reference),-126.27718962626,0.25469112440201613,-343.5664578796375,91.01207862711746,0.149241142111874,-0.028000286614818792,30.622389523785337,0.49182108542127534,-95.65480010247467,0.34607797110726235,31.092804731150636,0.4782059376731822,0.9967266517932953,False
Muscle_Mass_kg,Dodecanoic_acid,Group_8C vs Group_15C (Reference),-0.24856235429107337,0.2549081349719968,-0.676467094351255,0.17934238576910816,0.10882477577621852,-0.07683672927040264,0.23418035843097015,0.11179251712499322,-0.09563487591773531,0.05266498808684328,-0.01438199586010322,0.9288976821324331,0.9967266517932953,False
Max_Watts_W,Serine,Group_22C vs Group_15C (Reference),0.05730236358768538,0.2550211726166829,-0.04136819779141382,0.15597292496678458,0.158049318653937,-0.017357073293159386,0.00035380810155444405,0.9685899159337926,0.057656171689239824,0.24444242097607471,-0.010818180101967457,0.050613739332395546,0.9967266517932953,False
Body_Density_kg_per_m3,alpha-D-Glucopyranoside,Group_22C vs Group_15C (Reference),212.77309136809203,0.2551336178043372,-153.6936254945013,579.2398082306854,0.12398517547875465,-0.05851791296317144,-62.29903420674237,0.4939332775707367,150.47405716134966,0.3568041384145606,103.53863566699877,0.6076173212926523,0.9967266517932953,False
Body_Fat__Percent,"D-Arabinose,_tetrakis",Group_8C vs Group_22C Contrast,0.6957124943346571,0.2552524764387439,-0.502859820272263,1.8942848089415771,0.11312501223512106,-0.0716406102158953,0.04084390529284366,0.9045166991321848,-0.03379054678862382,0.9079417908785901,0.6619219475460333,0.2178676408711131,0.9967266517932953,False
VO2max_ml_per_kg_per_min,1-Heptadecanol,Group_22C vs Group_15C (Reference),0.11527572174520646,0.25560763201014725,-0.08346590347803533,0.31401734696844824,0.05446700769579116,-0.14251903236758556,-0.04682886356281386,0.33783039539663395,0.0684468581823926,0.4411020222796811,0.05438888024734989,0.617777659663155,0.9967266517932953,False
Body_Density_kg_per_m3,4-Aminobutanoic_acid,Group_8C vs Group_22C Contrast,168.03268673477365,0.2557528698593606,-121.75867222142224,457.82404569096957,0.12758734194578347,-0.05416529514884494,6.69858954004216,0.9012868296777083,-34.67605837835186,0.6961137062633775,133.3566283564218,0.2593394124348931,0.9967266517932953,False
Muscle_Mass_kg,Aminomalonic_acid,Group_8C vs Group_15C (Reference),-0.4278931142528653,0.25640957846126133,-1.1668495136189891,0.3110632851132586,0.4149721658565705,0.29309136707668937,0.5368563586814747,0.12929230080595774,-0.06570834156476524,0.6843922851782891,0.10896324442860944,0.40180355696798653,0.9967266517932953,False
BMI_kg·m2,2-Aminoheptanedioic_acid,Group_8C vs Group_15C (Reference),-0.9246644318654106,0.2565465942035877,-2.5219875930186286,0.6726587292878076,0.1365506263168621,-0.043334659867124925,-0.0657603060371834,0.8012939082246159,0.5405135480192838,0.4395618446185843,-0.990424737902594,0.19948803704579943,0.9967266517932953,False
Body_Fat__Percent,Valine,Group_22C vs Group_15C (Reference),0.42736508948663476,0.2572515474100011,-0.3119869319879962,1.1667171109612657,0.27693738091804276,0.12629933527596837,-0.10119613307721513,0.04051074700452304,0.3261689564094196,0.38312161587044447,0.004909130833973069,0.9480542267041265,0.9967266517932953,False
BSA_m2,Oleic_Acid,Group_8C vs Group_22C Contrast,4.708103411357211,0.25732559410917827,-3.438447587250888,12.85465440996531,0.12581622964719374,-0.05630538917630745,1.4974200122519385,0.6316655140402208,-0.7084238608519353,0.8501597193631392,3.999679550505276,0.02566711845279479,0.9967266517932953,False
Body_Density_kg_per_m3,"R*,R*-2,3-Dihydroxybutanoic_acid",Group_22C vs Group_15C (Reference),-172.32806809880313,0.25792470192372674,-470.8818271688723,126.225690971266,0.23495235321185592,0.07556742679765927,-27.194918786324777,0.6841858456899162,-199.52298688512792,0.14490686694385913,45.53007007243478,0.6559439864219558,0.9967266517932953,False
Body_Fat__Percent,4-Aminobutanoic_acid,Group_8C vs Group_22C Contrast,-0.3854456123507109,0.25857767760502937,-1.0541486046539226,0.28325737995250083,0.12574613983652327,-0.056390081030867734,-0.01635960767311567,0.8950120825804528,0.08000660947835135,0.6941418728726443,-0.30543900287235953,0.26474046203848256,0.9967266517932953,False
BSA_m2,Lactic_Acid,Group_22C vs Group_15C (Reference),-14.401969676220885,0.25949928215840234,-39.4356321330854,10.631692780643627,0.35364346098950195,0.2189858486956482,15.649302707840562,0.035665820129930643,1.247333031619677,0.9043055876747765,-24.258564027509678,0.35845120457112056,0.9967266517932953,False
Age_years,"11-Eicosenoic_acid,_E-",Group_8C vs Group_22C Contrast,0.07921884792224698,0.2597028619168187,-0.05854160656861265,0.21697930241310662,0.48837799898386336,0.3817900821055016,-0.0326463795832027,0.4472926095609163,-0.17051888407135313,0.002341521291700621,-0.09130003614910612,0.03141181702865481,0.9967266517932953,False
Body_Fat__Percent,Arachidonic_acid,Group_8C vs Group_15C (Reference),-0.10284608361760941,0.2600737661378837,-0.281829935289094,0.07613776805387518,0.2845882609270436,0.13554414862017772,0.05889536350326753,0.016197995112128036,0.11639550134035737,0.27428022009219966,-0.04395072011434188,0.6173638346823638,0.9967266517932953,False
VO2max_ml_per_kg_per_min,Tryptophan,Group_22C vs Group_15C (Reference),-0.21288680147164954,0.26037825203376097,-0.5836121408752589,0.15783853793195982,0.1369799149699672,-0.04281593607795631,0.021404534535134394,0.5491565285343272,-0.19148226693651516,0.30258893797441555,0.23878998788712102,0.29379561785402064,0.9967266517932953,False
Muscle_Mass_kg,Lactic_Acid,Group_8C vs Group_15C (Reference),-0.3925770928737788,0.26168152486430074,-1.0780897569382213,0.29293557119066377,0.20892216527786,0.04411428304408094,0.1294015729176399,0.6435279225657213,-0.019128660910378875,0.9188939932358746,-0.26317551995613886,0.21034170083514803,0.9967266517932953,False
VO2max_ml_per_kg_per_min,Valine,Group_22C vs Group_15C (Reference),-0.32166313717776934,0.262358268102052,-0.8841441287369916,0.24081785438145292,0.29705941439878814,0.1506134590652024,0.08995959551159304,0.021559859481462263,-0.2317035416661763,0.4150790821599708,0.02087307039271241,0.637133352222176,0.9967266517932953,False
Body_Density_kg_per_m3,2-Aminoadipic_acid,Group_8C vs Group_22C Contrast,251.92303039352785,0.26238189064856077,-188.63579803271782,692.4818588197735,0.12650567709585891,-0.055472306842503816,3.7760965347213267,0.9664498469886885,-196.95308568949912,0.34772599933261916,54.96994470402874,0.4963635510601354,0.9967266517932953,False
Skinfold_Thickness_mm,Glutamic_Acid,Group_22C vs Group_15C (Reference),0.020577163998239792,0.2625220844458107,-0.015417751799620814,0.0565720797961004,0.10446351305873702,-0.08210658838735929,-0.003965840975931097,0.28354288172031594,0.016611323022308694,0.35578795910437355,-0.013736704759206724,0.6703569367463154,0.9967266517932953,False
Muscle_Mass_kg,2-Aminoadipic_acid,Group_8C vs Group_15C (Reference),0.2292742543988737,0.2630020296427764,-0.1721907057024413,0.6307392145001887,0.16919764799262682,-0.0038861753422425593,-0.33118049681800865,0.03309282121599423,0.07994168875677998,0.5207408812278684,-0.10190624241913496,0.4450124262830246,0.9967266517932953,False
Body_Density_kg_per_m3,"9-Hexadecenoic_acid,_Z-",Group_8C vs Group_22C Contrast,-108.05973417977387,0.26331298091579003,-297.401801124332,81.28233276478423,0.31531743091738307,0.1726752290251713,-27.418429870483223,0.3465237859029884,131.0023470170285,0.136695689734045,22.94261283725463,0.564238405292369,0.9967266517932953,False
BMI_kg·m2,Doconexent,Group_22C vs Group_15C (Reference),-0.23045268957834505,0.2634248380639528,-0.6343386607119823,0.17343328155529222,0.0990570323692298,-0.08863941922051399,0.19144636455924965,0.04450960712164125,-0.0390063250190954,0.8309527012752174,-0.08460243618655575,0.6441381767688603,0.9967266517932953,False
Body_Fat__Percent,Dodecanoic_acid,Group_8C vs Group_22C Contrast,0.3701955319019038,0.26356511662136406,-0.27880302862764583,1.0191940924314533,0.25262151070121586,0.09691765876396918,-0.04459724602853169,0.7412316145194718,-0.6192416309770689,0.031210858908919503,-0.2490460990751651,0.12977165168445337,0.9967266517932953,False
BSA_m2,Indole-3-Propionic_Acid,Group_22C vs Group_15C (Reference),5.6147497183943464,0.26358995602229307,-4.22893226717054,15.458431703959233,0.16559221110577294,-0.00824274491385757,-0.9497517355769193,0.8049510005908473,4.664997982817427,0.1486547999653307,-0.15970525003419078,0.9274393984228382,0.9967266517932953,False
Body_Fat__Percent,alpha-D-Glucopyranoside,Group_22C vs Group_15C (Reference),-0.48321593391828394,0.26410894154417364,-1.331302894465336,0.3648710266287681,0.12074996072242783,-0.062427130793732966,0.13906506351811915,0.5041719123636652,-0.3441508704001648,0.36426187991291803,-0.23607774128591974,0.6194713872819535,0.9967266517932953,False
Muscle_Mass_kg,Methionine,Group_22C vs Group_15C (Reference),0.08837713698173323,0.26434439208065263,-0.06680907952147051,0.24356335348493696,0.17954658049981986,0.008618784770615728,-0.023906709379693566,0.7204809679928352,0.06447042760203966,0.12916920139629262,0.004758996242125568,0.9225059910643905,0.9967266517932953,False
BSA_m2,Arginine_[-NH3],Group_22C vs Group_15C (Reference),4.788296587102907,0.2645125724664458,-3.6226942007690726,13.199287374974887,0.15822827535953699,-0.01714083394055943,-2.4854398477003024,0.1630763473659732,2.3028567394026043,0.5552721016707318,1.273937567688395,0.0926833485370353,0.9967266517932953,False
Muscle_Mass_kg,Stearic_Acid,Group_8C vs Group_22C Contrast,0.03311901928115471,0.26533561912272946,-0.02515830855190502,0.09139634711421443,0.059484803169385314,-0.13645586283699274,0.007592736209255563,0.8340339126281553,-0.00723395110414697,0.6761966406151534,0.02588506817700774,0.28414322454125274,0.9967266517932953,False
VO2max_ml_per_kg_per_min,Decanoic_acid,Group_8C vs Group_15C (Reference),-0.15625435498450946,0.26615236625925576,-0.4316698353731432,0.11916112540412427,0.13634941024886815,-0.04357779594928424,0.06479453648461209,0.001144523895011667,0.019120983809592963,0.7872200824561446,-0.09145981849989737,0.5108560811673373,0.9967266517932953,False
Muscle_Mass_kg,"2-Ethyl-3-hydroxypropionic_acid,_di-",Group_8C vs Group_15C (Reference),-0.24320687992487358,0.26653505488915297,-0.6722289673504063,0.18581520750065914,0.42161273661204934,0.301115390072893,0.009319577464456476,0.9653766555869188,-0.011408886976803811,0.873039316254637,-0.2338873024604171,4.1330077360512973e-08,0.9967266517932953,False
Age_years,Asparagine,Group_8C vs Group_15C (Reference),0.23635085774922795,0.26699958195856854,-0.18098221150015895,0.6536839269986149,0.1093618111172514,-0.07618781156665455,-0.016277211277675528,0.8948937237600358,0.05856958201904842,0.7682824523418028,0.22007364647155242,0.2050701348027224,0.9967266517932953,False
Body_Fat__Percent,2-Aminoadipic_acid,Group_8C vs Group_22C Contrast,-0.5771457331091732,0.26722795354028245,-1.5967377529829077,0.4424462867645613,0.12496245687579977,-0.05733703127507517,-0.006714837416171748,0.974200646380455,0.450236495635848,0.35392747405586666,-0.1269092374733252,0.4957560654243469,0.9967266517932953,False
BSA_m2,Valine,Group_22C vs Group_15C (Reference),11.964621716013559,0.2674316938516387,-9.180826217532465,33.110069649559584,0.2162132891409313,0.05292439104529201,-5.54310759009967,0.429693318313745,6.421514125913889,0.43317819990322226,1.194218887279268,0.2646392632589678,0.9967266517932953,False
Age_years,Butanoic_acid,Group_8C vs Group_22C Contrast,-0.22847494708741667,0.2686441166341059,-0.6332975669655139,0.17634767279068053,0.2820042227575329,0.1324217691653523,0.0400757756657666,0.2799126027783856,-0.013456731261362848,0.9353872268528591,-0.24193167834877954,0.04902331546639238,0.9967266517932953,False
BSA_m2,Decanoic_acid,Group_8C vs Group_22C Contrast,3.0285031974924967,0.269221663011731,-2.3440179327766737,8.401024327761668,0.034549573493942276,-0.16658593202815308,0.7597108947369018,0.8179070311919773,-2.862782485760934,0.23130904493294158,0.165720711731563,0.9015194738349996,0.9967266517932953,False
Body_Density_kg_per_m3,L-Rhamnose,Group_22C vs Group_15C (Reference),-208.68098104565212,0.2693447510776191,-578.966411255526,161.60444916422176,0.24151313484444825,0.08349503793704172,113.13861475009874,0.01607089059232563,-95.54236629555338,0.601579221674863,-4.848285530413392,0.8737107633937631,0.9967266517932953,False
Age_years,beta-Alanine,Group_8C vs Group_22C Contrast,-0.3290467898452224,0.26940423829940446,-0.9129936726790263,0.2549000929885815,0.1569741504464458,-0.018656234877211242,-0.008465798075212645,0.9145969185803842,0.06216976017964692,0.793484234585794,-0.26687702966557547,0.13796367745213356,0.9967266517932953,False
Age_years,Campesterol,Group_22C vs Group_15C (Reference),-0.10261319453269269,0.26940871536988986,-0.2847153030883901,0.07948891402300473,0.18991278201086614,0.021144611596463303,0.03373669624008006,0.5064867921182326,-0.06887649829261264,0.3760171690697649,-0.05749512080712393,0.4952400354308546,0.9967266517932953,False
Skinfold_Thickness_mm,Cholesterol,Group_8C vs Group_22C Contrast,-0.044204623540735746,0.2694258291814273,-0.12265643284264419,0.034247185761172694,0.1569069359571067,-0.018737452385162667,-0.015292636246482057,0.3006450452566025,0.034168264410151826,0.3473136480153127,-0.01003635913058392,0.5488785138266361,0.9967266517932953,False
Age_years,Glycerol-3-P,Group_8C vs Group_22C Contrast,-0.19153844916205437,0.27010002891502843,-0.531948667678682,0.1488717693545732,0.18635600396714302,0.016846838126964525,-0.09140817125293468,0.2680183474992929,0.09184509980197153,0.5425181709583529,-0.09969334936008284,0.24714389179583396,0.9967266517932953,False
Body_Density_kg_per_m3,Serine,Group_8C vs Group_15C (Reference),75.26201901294941,0.2704901507912487,-58.603330855046224,209.12736888094503,0.0834827176359787,-0.10745838285652565,0.029300739143727692,0.9992142385647005,-49.29192128566773,0.8149602345083169,75.29131975209313,0.22069939347617762,0.9967266517932953,False
Body_Fat__Percent,Serine,Group_8C vs Group_15C (Reference),-0.17406425910358636,0.2713770555570605,-0.48423849993965823,0.1361099817324855,0.0833384117565753,-0.10763275246080473,-0.0010417131087716608,0.9876183371421714,0.11209025455083924,0.8152297415114513,-0.17510597221235802,0.2217685114051302,0.9967266517932953,False
Muscle_Mass_kg,"1,3-Dioxolane-2-methanol",Group_8C vs Group_15C (Reference),-0.42073421016761103,0.27148240202810214,-1.1706273900932054,0.3291589697579833,0.15586701432800565,-0.019994024353659823,0.08706886225931788,0.7773377262957708,-0.06699898521138399,0.6749971018835419,-0.33366534790829316,0.14182468022199668,0.9967266517932953,False
Body_Density_kg_per_m3,Tyrosine,Group_8C vs Group_22C Contrast,139.94048696077647,0.27194715421024546,-109.72815752306047,389.6091314446134,0.25961790316531264,0.1053716329914195,-26.095835037937125,0.3668546809742512,-122.16828166097687,0.32163604602263085,17.772205299799584,0.5800846120851695,0.9967266517932953,False
Age_years,"9-Hexadecenoic_acid,_Z-",Group_8C vs Group_15C (Reference),-0.10632335555507068,0.2725199016836096,-0.29623872327170925,0.08359201216156788,0.36958335495510486,0.2382465539040851,0.06423917737981708,0.0005369034962809832,-0.13449507969150934,0.06288650466599699,-0.0420841781752536,0.6581215608748887,0.9967266517932953,False
Body_Fat__Percent,"9-Hexadecenoic_acid,_Z-",Group_8C vs Group_22C Contrast,0.24758526051061341,0.27275788526031763,-0.19488056000664333,0.6900510810278702,0.31312361130624433,0.17002436366171192,0.06168289129230002,0.3621197817388673,-0.30074664711868865,0.1449709822295926,-0.05316138660807525,0.5615566830867025,0.9967266517932953,False
Skinfold_Thickness_mm,3-OH-Butanoic_Acid,Group_8C vs Group_22C Contrast,0.04171104317532342,0.27375444378594105,-0.032986837690288824,0.11640892404093567,0.1888931440995707,0.019912549120314704,-0.020875773672617462,0.28330814032148577,-0.04474747366960123,0.2342948048172495,-0.0030364304942778163,0.617546902856736,0.9967266517932953,False
Body_Fat__Percent,Indole-3-Propionic_Acid,Group_8C vs Group_15C (Reference),0.05153683274532447,0.27400492398863274,-0.040803981876958065,0.143877647367607,0.13327261255562173,-0.04729559316195697,-0.039772662405547325,0.34840084256144555,0.122789105539576,0.4425256307358487,0.011764170339777148,0.5662343084874719,0.9967266517932953,False
Max_Watts_W,Glutamine_[-H2O],Group_22C vs Group_15C (Reference),0.040159517626801394,0.27466871424185935,-0.03189566030111056,0.11221469555471335,0.32511967370920125,0.18451960573195159,0.012975699588586458,0.12694810840768656,0.05313521721538785,0.13738661634115457,3.116011616703836e-05,0.9947765323970807,0.9967266517932953,False
Height_m,Glycolic_acid,Group_8C vs Group_15C (Reference),63.46609428544552,0.2747057478693904,-50.41509411273857,177.3472826836296,0.17860667827548715,0.007483069582880364,-38.10583619109329,0.4766653686497987,16.996246951617543,0.7447865009177232,25.360258094352233,0.26103056099691657,0.9967266517932953,False
Muscle_Mass_kg,"9-Hexadecenoic_acid,_Z-",Group_8C vs Group_15C (Reference),-0.0849600429373795,0.27546321277347374,-0.2376499185876596,0.06772983271290058,0.11769443292276294,-0.06611922688499461,0.07118267523434386,0.15831952253507775,-0.012943510568499517,0.7736309457794266,-0.013777367703035642,0.8164495821316009,0.9967266517932953,False
VO2max_ml_per_kg_per_min,Arachidonic_acid,Group_8C vs Group_15C (Reference),0.05001308803710062,0.27554134968444577,-0.039884878839021386,0.13991105491322262,0.19427104893622316,0.02641085079793637,-0.032759943321659095,0.08050288952577674,-0.07163921538619794,0.5189974512024746,0.017253144715441524,0.6802377104068422,0.9967266517932953,False
VO2max_ml_per_kg_per_min,Leucine,Group_8C vs Group_22C Contrast,0.34200339351712694,0.27602374810455743,-0.2733731162068229,0.9573799032410768,0.30784433007330947,0.16364523217191562,0.068822477518672,0.46124149594615194,-0.42476178621587457,0.08662933176270182,-0.08275839269874764,0.6675360930180883,0.9967266517932953,False
BSA_m2,Glutamic_Acid,Group_22C vs Group_15C (Reference),3.212384517581462,0.2760877280897178,-2.5684149614585494,8.993183996621473,0.06490215273789945,-0.129909898775038,-0.6695235973574649,0.5543872058674223,2.5428609202239967,0.35044719727658435,0.5541599633015377,0.7789774360567516,0.9967266517932953,False
VO2max_ml_per_kg_per_min,Glyceraldehyde-3-PMOX,Group_22C vs Group_15C (Reference),-0.11926374366221991,0.2776705936697741,-0.3345914351554818,0.09606394783104198,0.14192708945561172,-0.03683810024113576,0.06632624310503248,0.4094395554880833,-0.052937500557187434,0.4794936877816589,-0.0606110508718387,0.5421844171347998,0.9967266517932953,False
Skinfold_Thickness_mm,beta-D-Xylopyranose,Group_8C vs Group_22C Contrast,0.06041735326548907,0.27804272348797016,-0.0487511714739438,0.16958587800492192,0.09672589229498929,-0.09145621347688793,0.01615683516476488,0.6207668390627161,-0.06736895229603422,0.1211740230031686,-0.006951599030545149,0.8417864578456391,0.9967266517932953,False
Body_Fat__Percent,L-Rhamnose,Group_22C vs Group_15C (Reference),0.47241212707825136,0.27824874371494757,-0.3815428560029686,1.3263671101594714,0.24066698059444713,0.08247260155162373,-0.25653760141522786,0.01851985602504068,0.2158745256630235,0.6088486420484875,0.010851131864664465,0.8763383751352862,0.9967266517932953,False
Muscle_Mass_kg,Erythritol,Group_8C vs Group_15C (Reference),-0.32294146732809687,0.27907363856084355,-0.9077087240577886,0.2618257894015949,0.09723644898676209,-0.09083929080766251,0.1550990155454638,0.4880097090668575,0.07843019859655165,0.6707397873836562,-0.16784245178263307,0.3953504931246017,0.9967266517932953,False
Body_Density_kg_per_m3,Indole-3-Propionic_Acid,Group_8C vs Group_15C (Reference),-22.335927515488454,0.2793739525127207,-62.80604856457876,18.13419353360185,0.1312459102257375,-0.049744525143900375,17.33241413281431,0.3519307180380453,-52.865650988540224,0.4427361496819957,-5.003513382674143,0.575052310541508,0.9967266517932953,False
BMI_kg·m2,"2,3,4-Trihydroxybutyric_acid",Group_22C vs Group_15C (Reference),-1.2138926378957116,0.2795503446492903,-3.4141329334067176,0.9863476576152943,0.2218000014484418,0.059675001750200574,0.21453635600610696,0.6096137445384441,-0.9993562818896046,0.33705939104906024,1.5280622314142056,0.36873209543338126,0.9967266517932953,False
BSA_m2,Ascorbic_Acid,Group_22C vs Group_15C (Reference),14.254717269327326,0.28034293228790697,-11.625279739755957,40.13471427841061,0.40191361080506405,0.2773122797227857,-18.106545218157553,0.13199039172547467,-3.851827948830227,0.4808817651711035,19.375531505393692,0.18387417193761646,0.9967266517932953,False
BSA_m2,L-Rhamnose,Group_8C vs Group_15C (Reference),14.215946940102803,0.28085076763548955,-11.62092457658347,40.052818456789076,0.21523057334776496,0.05173694279521601,-11.043256747366005,0.30731838672170575,3.229638835854322,0.8659121644251686,3.1726901927367983,0.6736513142510587,0.9967266517932953,False
Skinfold_Thickness_mm,4-Aminobutanoic_acid,Group_8C vs Group_22C Contrast,-0.07012632660082554,0.28099882675599375,-0.19761948138300545,0.05736682818135436,0.11557965649404822,-0.06867458173635832,-0.004513822017019346,0.852328468684694,0.024192868145285568,0.5788975018130866,-0.04593345845553997,0.3414069336079044,0.9967266517932953,False
Max_Watts_W,Palmitic_Acid,Group_8C vs Group_22C Contrast,-0.02183479745712858,0.2813099468112301,-0.061557226555472744,0.01788763164121558,0.26878225682239343,0.11644522699372539,0.0033248576016825585,0.4432398624922401,0.01942656907538643,0.30642391653436674,-0.002408228381742151,0.733287883979624,0.9967266517932953,False
Body_Fat__Percent,Tyrosine,Group_8C vs Group_22C Contrast,-0.3206808765998225,0.2815159954699826,-0.9043217252774612,0.2629599720778163,0.2567360829095825,0.10188943351574553,0.0595733248091842,0.371274110965649,0.27953272152815734,0.331538419596797,-0.04114815507166508,0.5889331023052709,0.9967266517932953,False
Body_Fat__Percent,1-Ethyl-1-tetradecyloxy-1-silacyclohexane,Group_8C vs Group_22C Contrast,-0.33246383866114826,0.2815874728588885,-0.9376396323288737,0.2727119550065772,0.2175884454219068,0.054586038218137456,0.27396207494485547,0.19088123555488523,0.0461964178661215,0.8579550145479533,-0.28626742079502676,0.0911410482863555,0.9967266517932953,False
Age_years,Citric_acid,Group_8C vs Group_15C (Reference),0.24718874370300262,0.2825690043953363,-0.203673239668869,0.6980507270748743,0.17123388397274586,-0.0014257235329320217,-0.0422366049067993,0.8338672277141912,0.0226005036099593,0.8637732855554077,0.20495213879620333,0.06531982112336143,0.9967266517932953,False
BMI_kg·m2,Valine,Group_8C vs Group_15C (Reference),0.3164727901591399,0.28420220901552473,-0.26272188154608495,0.8956674618643647,0.33002549442210183,0.19044747242670645,-0.2597791621844269,0.1529708248150998,0.6645015611309442,0.4326010287361828,0.056693627974713,0.8077509268339031,0.9967266517932953,False
BMI_kg·m2,"D-Arabinose,_tetrakis",Group_8C vs Group_22C Contrast,1.408707150903754,0.2847307315155132,-1.1723254105262946,3.9897397123338028,0.07782162300125672,-0.11429887220681478,0.057576160975029704,0.9401863838911402,-0.16162867917829543,0.7925537367065654,1.2470784717254586,0.28427049757224765,0.9967266517932953,False
VO2max_ml_per_kg_per_min,Serine,Group_8C vs Group_15C (Reference),0.1247814454665198,0.2848062551417736,-0.10387470853187124,0.3534375994649108,0.07551131363012731,-0.11709049603026278,0.0027494057967869185,0.9513115702510565,-0.08066384879795764,0.8240491561119501,0.1275308512633067,0.23602875581595417,0.9967266517932953,False
Skinfold_Thickness_mm,Tryptophan,Group_8C vs Group_15C (Reference),0.015359365568901464,0.2854575589976224,-0.012824033116442837,0.04354276425424576,0.024264990091524608,-0.17901313697274102,-0.006616912339401244,0.3146751916594498,0.022944754146482615,0.6092049438981271,0.00874245322950022,0.4941058565863794,0.9967266517932953,False
Body_Density_kg_per_m3,1-Ethyl-1-tetradecyloxy-1-silacyclohexane,Group_8C vs Group_22C Contrast,143.4457932191603,0.2857576801837771,-119.93641247499647,406.82799891331706,0.21721674377151434,0.05413689872391325,-120.38949930240688,0.19227162766229278,-20.825179658126487,0.8523122638783232,122.62061356103382,0.09960843395181262,0.9967266517932953,False
BMI_kg·m2,Valine,Group_22C vs Group_15C (Reference),0.9242807233153711,0.28587102915658347,-0.7731681500825887,2.621729596713331,0.33002549442210183,0.19044747242670645,-0.2597791621844269,0.1529708248150998,0.6645015611309442,0.4326010287361828,0.056693627974713,0.8077509268339031,0.9967266517932953,False
Age_years,Glycerol-3-P,Group_22C vs Group_15C (Reference),0.1832532710549062,0.2864410012242271,-0.1536911475680375,0.52019768967785,0.18635600396714302,0.016846838126964525,-0.09140817125293468,0.2680183474992929,0.09184509980197153,0.5425181709583529,-0.09969334936008284,0.24714389179583396,0.9967266517932953,False
Skinfold_Thickness_mm,L-Norvaline,Group_22C vs Group_15C (Reference),0.11548602061994065,0.28777473962931177,-0.09744441678360288,0.3284164580234842,0.1302922067914093,-0.050896916793713665,-0.0104682851313271,0.8046540075867101,0.10501773548861355,0.2939068196429133,-0.0057329569032364795,0.8996314197480431,0.9967266517932953,False
Skinfold_Thickness_mm,Glyceraldehyde-3-PMOX,Group_22C vs Group_15C (Reference),0.030860435943657342,0.28829597646100236,-0.026100870413603625,0.08782174230091831,0.25033938099025654,0.09416008536322673,-0.02552521222315668,0.016791382804417332,0.005335223720500663,0.8435352746244922,0.01340989869937688,0.5548303898506834,0.9967266517932953,False
Max_Watts_W,Phenylalanine,Group_22C vs Group_15C (Reference),0.0160959750389799,0.2883165866737458,-0.013614783468505975,0.04580673354646578,0.170393097267865,-0.0024416741346631188,-0.00027209082974602813,0.9199338692917278,0.015823884209233873,0.2887242108092041,-0.00011252158069447561,0.9725126191966087,0.9967266517932953,False
Body_Fat__Percent,beta-Alanine,Group_8C vs Group_22C Contrast,-0.4814480940943472,0.2891662408752892,-1.371712823735828,0.40881663554713354,0.21907526457411175,0.05638261136038514,0.15072675609772918,0.1948892128796803,-0.048950936032920195,0.9052561449459464,-0.5303990301272674,0.005940179498469922,0.9967266517932953,False
Weight_kg,L-Rhamnose,Group_22C vs Group_15C (Reference),0.22712750360607106,0.2892972576885725,-0.19296935359033854,0.6472243608024807,0.2318037096231842,0.07176281579468091,-0.13692348520974396,0.18193002868945474,0.09020401839632711,0.6317259134117403,0.06629661875818796,0.7635494252697883,0.9967266517932953,False
Max_Watts_W,Serine,Group_8C vs Group_15C (Reference),-0.011171988203521901,0.28974899348843564,-0.031855151514588925,0.009511175107545119,0.158049318653937,-0.017357073293159386,0.00035380810155444405,0.9685899159337926,0.057656171689239824,0.24444242097607471,-0.010818180101967457,0.050613739332395546,0.9967266517932953,False
Age_years,Citric_acid,Group_8C vs Group_22C Contrast,0.18235163518624403,0.29014612675332785,-0.15552776544553104,0.5202310358180191,0.17123388397274586,-0.0014257235329320217,-0.0422366049067993,0.8338672277141912,0.0226005036099593,0.8637732855554077,0.20495213879620333,0.06531982112336143,0.9967266517932953,False
Max_Watts_W,Oxalic_acid,Group_8C vs Group_22C Contrast,-0.10078019507854163,0.29039562522824086,-0.28761246013480923,0.08605206997772596,0.3987903806731147,0.27353837664668024,0.003174404136852294,0.8505084128355398,0.09381512908309665,0.3125473501378635,-0.006965065995444981,0.7444801849443754,0.9967266517932953,False
BSA_m2,Palmitelaidic_acid,Group_22C vs Group_15C (Reference),-15.079140722158373,0.29047022893084684,-43.037550346433434,12.879268902116687,0.10162432148598599,-0.08553727820443346,3.9324511228578016,0.42882635517536083,-11.146689599300572,0.40447551389037484,-1.5899064260794296,0.9374086897216878,0.9967266517932953,False
Muscle_Mass_kg,Citric_acid,Group_8C vs Group_15C (Reference),0.3953510913437715,0.2906201727691332,-0.33790182916813766,1.1286040118556806,0.1800886414459617,0.009273775080537172,-0.33354091210151937,0.343980542969476,-0.014867505004426296,0.9434972355401905,0.06181017924225213,0.6222018715254205,0.9967266517932953,False
Skinfold_Thickness_mm,Oxalic_acid,Group_8C vs Group_15C (Reference),0.04739893330886452,0.2908871825266458,-0.04055996814212469,0.13535783475985375,0.37756905114669137,0.24789593680225208,-0.013241603783760582,0.6092238977757902,0.06529073860623447,0.30382728207338916,0.03415732952510394,0.3513042665516999,0.9967266517932953,False
Height_m,Proline,Group_8C vs Group_15C (Reference),-17.449541924755035,0.2908977408378143,-49.83162358379994,14.932539734289872,0.07965374202884379,-0.11208506171514698,18.342801375452876,0.2424852998227186,-4.939237076393095,0.8947430337754916,0.8932594506978404,0.86269057147442,0.9967266517932953,False
Skinfold_Thickness_mm,Valine,Group_22C vs Group_15C (Reference),0.062369339942774354,0.2912357493840054,-0.053454015416549455,0.17819269530209816,0.25005744115376516,0.09381940806079958,-0.01607019290924514,0.06941639287073655,0.04629914703352921,0.4281201756567641,0.005145514190823222,0.6232483441653431,0.9967266517932953,False
Muscle_Mass_kg,L-Proline,Group_8C vs Group_22C Contrast,0.13773463721540802,0.29123748943829775,-0.1180519163061634,0.39352119073697944,0.336969196441649,0.1988377790336593,-0.19782268008271256,0.09688417419898056,0.08378665213689182,0.38238578816569135,0.22152128935229984,0.012302806118096754,0.9967266517932953,False
Body_Density_kg_per_m3,L-Norvaline,Group_22C vs Group_15C (Reference),-263.8014933467248,0.2912640476428694,-753.7243662417748,226.1213795483252,0.11252430320544216,-0.07236646696009075,57.20304638624382,0.6510195586805161,-206.59844696048097,0.3379762734192413,12.176123856035552,0.9289311686601454,0.9967266517932953,False
Skinfold_Thickness_mm,"2-Ethyl-3-hydroxypropionic_acid,_di-",Group_8C vs Group_15C (Reference),-0.05762260527567851,0.2914242137418229,-0.1646728147425124,0.049427604191155404,0.24749208842433612,0.09071960684607283,0.010316026886771947,0.6196160472219765,0.007804885906841624,0.8671460743001673,-0.04730657838890656,0.3489780829904052,0.9967266517932953,False
VO2max_ml_per_kg_per_min,Glycerol,Group_22C vs Group_15C (Reference),-0.2787174532181885,0.2914618642854554,-0.7965539843825045,0.2391190779461274,0.07734242610549114,-0.1148779017891981,0.24523576479841352,0.08951145102949057,-0.033481688419775,0.87970889433634,0.04773348680475836,0.9205798904478497,0.9967266517932953,False
Max_Watts_W,Tyrosine,Group_8C vs Group_15C (Reference),0.015214584754949924,0.29166017773337194,-0.013064615049737894,0.04349378455963774,0.14095246898642633,-0.03801576664140138,-0.008099333334833186,0.4164225475522483,-0.024480520384614575,0.4228115175121865,0.007115251420116738,0.49523812769535147,0.9967266517932953,False
Max_Watts_W,Valine,Group_8C vs Group_22C Contrast,-0.036270113586958266,0.2919833256687397,-0.10373141910148069,0.031191191927564157,0.2224916849741987,0.06051078601049009,0.01375722706191052,0.02141783899024137,0.028999227472306974,0.38127715542911633,-0.007270886114651291,0.437374025011495,0.9967266517932953,False
VO2max_ml_per_kg_per_min,Indole-3-Propionic_Acid,Group_8C vs Group_15C (Reference),-0.033082331571922606,0.29238959807339815,-0.09466515123785879,0.028500488094013572,0.17427801330665127,0.002252599412203682,0.035199643260303295,0.22321320543949374,-0.09698893858674178,0.14094045714862413,0.0021173116883806894,0.8636870801537506,0.9967266517932953,False
Muscle_Mass_kg,Proline,Group_8C vs Group_22C Contrast,-0.06569854104934467,0.2926136259351204,-0.1880555238712663,0.05665844177257698,0.07063203649907768,-0.1229862892302811,0.014009967243555955,0.8905503365010725,0.05799045129921587,0.19353621739496862,-0.007708089750128794,0.8599229855586745,0.9967266517932953,False
Skinfold_Thickness_mm,Proline,Group_8C vs Group_15C (Reference),-0.01615760824652563,0.2928019212605838,-0.04626073167674415,0.013945515183692893,0.28071178111015904,0.1308600688414422,0.014572731687022193,0.16864372096193536,0.08089924827035172,0.2178680571893401,-0.0015848765595034373,0.8867458670368227,0.9967266517932953,False
Body_Density_kg_per_m3,beta-Alanine,Group_8C vs Group_22C Contrast,207.64640765526156,0.29287618006722105,-179.2847521634007,594.5775674739239,0.2187077636594602,0.055938547755181145,-65.66013623989153,0.20887665779292164,20.956196835007745,0.9073026203873777,228.6026044902693,0.004837354161496554,0.9967266517932953,False
Weight_kg,Palmitelaidic_acid,Group_22C vs Group_15C (Reference),-0.21999116015661685,0.29322281143769535,-0.6302126567621806,0.19023033644894688,0.13977753232195889,-0.03943548177763301,0.025602375731930256,0.7525505062697859,-0.1943887844246866,0.31360250108345,-0.05373778843202678,0.8406479918058698,0.9967266517932953,False
Age_years,"R*,R*-2,3-Dihydroxybutanoic_acid",Group_8C vs Group_22C Contrast,-0.2659983081183218,0.293361378059683,-0.7621616890037062,0.23016507276706255,0.21162936421992928,0.04738548176574797,-0.0002968130678243965,0.9968770829174758,0.16788961008154743,0.4063242816886501,-0.0981086980367744,0.5195342953985644,0.9967266517932953,False
Weight_kg,Glyceric_acid,Group_22C vs Group_15C (Reference),-0.3041192297386438,0.29365330543016854,-0.8717218234611531,0.2634833639838655,0.07606400878350772,-0.11642265605326152,0.1990111035896207,0.29168023564260614,-0.1051081261490231,0.6322760752686536,-0.007725041376247854,0.9716413267225215,0.9967266517932953,False
Body_Density_kg_per_m3,Methionine,Group_8C vs Group_22C Contrast,118.63188060323168,0.29377827287024866,-102.84189446064829,340.10565566711165,0.291348702032858,0.14371301495637012,6.778050349932668,0.7309872035115594,-137.43410596011017,0.1844077113237792,-18.802225356878502,0.6777191748912428,0.9967266517932953,False
Muscle_Mass_kg,Glyceric_acid,Group_22C vs Group_15C (Reference),-0.6080705696706948,0.2942592461425989,-1.7443877256912912,0.5282465863499014,0.1152518644846039,-0.06907066374777027,0.45823214644587845,0.4214531283387245,-0.14983842322481639,0.15711692352923734,-0.06441358616476928,0.7709792827169097,0.9967266517932953,False
Height_m,"1,5-Anhydrohexitol",Group_22C vs Group_15C (Reference),-38.64701837122566,0.29426112182965836,-110.86797890450484,33.573942162053505,0.11769940442820392,-0.06611321964925354,31.17040617161506,0.3692901827114152,-7.476612199610603,0.5447666275292067,-13.547725812009244,0.7331597628759463,0.9967266517932953,False
Weight_kg,Phenylalanine,Group_22C vs Group_15C (Reference),0.059228362901445654,0.2947668817452891,-0.05156963486273792,0.17002636066562923,0.31862629661019803,0.1766734417373227,-0.0003416323178981091,0.9664920290069152,0.05888673058354754,0.29251167757388097,0.014369707744401659,0.0817515119606862,0.9967266517932953,False
Body_Fat__Percent,Methionine,Group_8C vs Group_22C Contrast,-0.2705489313909832,0.29519873792271956,-0.7771246772820335,0.23602681450006707,0.2903327380094729,0.14248539176144648,-0.016102406032141033,0.7166109280231399,0.31557084871166186,0.18218518351895918,0.04502191732067866,0.6654950676609526,0.9967266517932953,False
Muscle_Mass_kg,Campesterol,Group_22C vs Group_15C (Reference),0.0761030983271545,0.2953407736070799,-0.06643162112833317,0.21863781778264219,0.12528449335908642,-0.05694790385777049,-0.06791326847729728,0.2727773524026782,0.008189829849857222,0.8299311131922604,0.04395667974583324,0.248183369890971,0.9967266517932953,False
Skinfold_Thickness_mm,Indole-3-Propionic_Acid,Group_8C vs Group_22C Contrast,-0.02537781941636272,0.29638517640994244,-0.07301211752599548,0.022256478693270045,0.2047063774137997,0.039020206041674665,-0.006505174827381229,0.195907877080859,0.02750380342714555,0.25294347649458016,0.002125984010782826,0.5369983850833264,0.9967266517932953,False
Max_Watts_W,Phenylalanine,Group_8C vs Group_22C Contrast,-0.01593640578992835,0.2966032613210685,-0.04586263050201104,0.01398981892215434,0.170393097267865,-0.0024416741346631188,-0.00027209082974602813,0.9199338692917278,0.015823884209233873,0.2887242108092041,-0.00011252158069447561,0.9725126191966087,0.9967266517932953,False
BMI_kg·m2,"1,5-Anhydrohexitol",Group_22C vs Group_15C (Reference),0.5457246369818467,0.29665304105161117,-0.47915270142805944,1.5706019753917528,0.15154652458693463,-0.02521461612412068,-0.2005988195187211,0.6968462178115635,0.3451258174631256,0.00015168823723477054,0.952249796042427,0.4146565250769363,0.9967266517932953,False
Age_years,Valine,Group_8C vs Group_15C (Reference),-0.08777763023385202,0.29733903372328574,-0.2528593244368028,0.07730406396909881,0.3081145263216778,0.1639717193053607,0.03267775527349918,0.6749218940678419,0.16834366075033078,0.29287815439115583,-0.05509987496035284,0.08500517833113519,0.9967266517932953,False
Body_Density_kg_per_m3,DL-Ornithine,Group_8C vs Group_22C Contrast,93.97626830023457,0.297779171435129,-82.92742646523372,270.87996306570284,0.1279420456830117,-0.05373669479969423,-1.0419418262128421,0.9729571677362707,-17.65470215188322,0.6147912263488173,76.32156614835134,0.35874103782368527,0.9967266517932953,False
Age_years,Diethanolamine,Group_8C vs Group_22C Contrast,-0.2837353873677223,0.2978300583250414,-0.8179034949417873,0.25043272020634266,0.29033581643386486,0.14248911152425348,0.21007085772707432,0.3070379440960762,0.1643771518900345,0.48877178605171157,-0.11935823547768779,0.37223582510124453,0.9967266517932953,False
Height_m,Campesterol,Group_22C vs Group_15C (Reference),-17.985518182874877,0.29786371859325167,-51.847290299475596,15.876253933725842,0.15625185796646712,-0.01952900495718546,7.108658683743638,0.3464675957934462,-10.876859499131239,0.48395643079860373,6.561489081337207,0.35748533874178,0.9967266517932953,False
VO2max_ml_per_kg_per_min,L-+-Erythrulose,Group_8C vs Group_22C Contrast,0.38047255689239284,0.2983456539789412,-0.33658041532273214,1.0975255291075179,0.2813882815292018,0.13167750684778556,0.0835178906009712,0.6941090129916585,-0.5593319423051675,1.0466510430351406e-05,-0.17885938541277457,0.6021821064325024,0.9967266517932953,False
Body_Fat__Percent,DL-Ornithine,Group_8C vs Group_22C Contrast,-0.2167228800166897,0.2984058184039877,-0.6252178788950563,0.1917721188616769,0.12627860088852205,-0.05574669059303572,0.0016170989607895631,0.9814919812098395,0.04110176962692378,0.6091649012828277,-0.1756211103897659,0.3610697872212407,0.9967266517932953,False
Body_Fat__Percent,L-Norvaline,Group_22C vs Group_15C (Reference),0.5984693025051122,0.29879227667778685,-0.5304508458657258,1.7273894508759502,0.11110115989571878,-0.07408609845933967,-0.12582786658064385,0.6620157073136121,0.4726414359244684,0.34345821232857743,-0.029432191235610652,0.9250943018184976,0.9967266517932953,False
Body_Density_kg_per_m3,Phenylalanine,Group_22C vs Group_15C (Reference),-68.13642583772427,0.29893113645288283,-196.7022369799443,60.42938530449574,0.359395790261244,0.2259365798990033,-0.29717179843431724,0.970494125940417,-68.4335976361586,0.2931792336525656,-7.576380616832058,0.3779466966656617,0.9967266517932953,False
VO2max_ml_per_kg_per_min,Glycine,Group_8C vs Group_15C (Reference),0.16091524111290442,0.2989446094091832,-0.1427222782624675,0.4645527604882763,0.1379841776215187,-0.04160245204066482,-0.11963292541027164,0.14734881029854982,-0.31717047073642596,0.5182031293074392,0.041282315702632785,0.7528163338667324,0.9967266517932953,False
BSA_m2,3-OH-Butanoic_Acid,Group_8C vs Group_22C Contrast,6.534986993315429,0.2990218249094997,-5.798343190397762,18.86831717702862,0.0928583799868129,-0.09612945751593438,0.2563908342521621,0.9782105223398,-6.597211751187867,0.23910998952439133,-0.06222475787243792,0.9826528425361951,0.9967266517932953,False
Body_Density_kg_per_m3,Glycine,Group_8C vs Group_15C (Reference),93.85638443183444,0.29902604314009706,-83.2748958908063,270.9876647544752,0.14553940446302638,-0.03247321960717642,-75.58625417825449,0.15619482356862355,-201.99803696727867,0.47163054915967617,18.27013025357995,0.8023220902077794,0.9967266517932953,False
VO2max_ml_per_kg_per_min,Lactic_Acid1,Group_22C vs Group_15C (Reference),0.4016507791108471,0.2999856149547573,-0.35787476208488667,1.161176320306581,0.08810008435023908,-0.10187906474346109,-0.04764025100384916,0.8294559203907839,0.35401052810699796,0.26591441458138876,0.04075314595878684,0.8809904983423742,0.9967266517932953,False
Max_Watts_W,2-OH-Butanoic_Acid,Group_22C vs Group_15C (Reference),-0.02970971284096282,0.300004766241285,-0.08589329588653846,0.02647387020461283,0.20837015735847653,0.04344727347482591,0.016739051482490563,0.16235277126218473,-0.012970661358472257,0.61843728479495,-0.0015751083302425611,0.8050822629380465,0.9967266517932953,False
Age_years,Phenylalanine,Group_8C vs Group_22C Contrast,-0.07015220485153092,0.30069237052158504,-0.203007272525203,0.06270286282214116,0.3928935220864618,0.2664130058544747,0.0086261490265978,0.17364776882104627,0.07303171519351462,0.27496946231983,0.002879510341983681,0.7920104702916488,0.9967266517932953,False
BMI_kg·m2,Glutamic_Acid,Group_22C vs Group_15C (Reference),0.27552117091777917,0.3007910182128243,-0.24636096203136648,0.7974033038669248,0.14007493665395976,-0.039076118209798505,-0.03696975155738018,0.5226809101550169,0.23855141936039898,0.3587192833045334,-0.2133745275637895,0.5667892995351749,0.9967266517932953,False
BMI_kg·m2,Threonine,Group_8C vs Group_22C Contrast,-1.1167558297927802,0.3009857987390996,-3.232965362081596,0.9994537024960355,0.22139406505678116,0.059184495276943916,-0.14148217253359657,0.5361311845253337,0.8506350734424637,0.3646857620768884,-0.2661207563503165,0.618232676406753,0.9967266517932953,False
BSA_m2,Phenylalanine,Group_22C vs Group_15C (Reference),3.6063263508434575,0.30137872505041274,-3.2329554804806273,10.445608182167543,0.23339787699583092,0.07368910136996243,-0.1082039381970998,0.8621371985105881,3.498122412646358,0.30827536864191973,0.7993364377958448,0.013235330815183355,0.9967266517932953,False
Body_Fat__Percent,Phenylalanine,Group_22C vs Group_15C (Reference),0.1562403324764292,0.30140432374755044,-0.14008011964639788,0.4525607845992563,0.3552850037895968,0.22096937957909624,0.00039624379710124103,0.9825480960121912,0.15663657627353045,0.2966866667559027,0.017525441405825234,0.3801510181415304,0.9967266517932953,False
Height_m,L-+-Erythrulose,Group_22C vs Group_15C (Reference),-52.78357159113025,0.3014587703447662,-152.90249279216926,47.33534960990877,0.24164345169553547,0.08365250413210545,52.24349169460537,0.0717113452570565,-0.5400798965248796,0.989751443535086,30.426291106815786,0.5787102959516848,0.9967266517932953,False
Skinfold_Thickness_mm,Arachidonic_acid,Group_8C vs Group_22C Contrast,-0.023575022729590948,0.30196513009084913,-0.06833938321719636,0.02118933775801447,0.24895824420034096,0.09249121174207875,0.008064181936483394,0.033667920873650704,0.019262694045806647,0.26036027419247754,-0.0043123286837843024,0.7755374549648386,0.9967266517932953,False
Weight_kg,2-Aminoadipic_acid,Group_8C vs Group_22C Contrast,-0.24571746846295886,0.3020292384003219,-0.7123487906542033,0.22091385372828556,0.13555833630829184,-0.044533676960814006,-0.013077320619712925,0.8929880041718309,0.20134522504867544,0.2985170173801359,-0.04437224341428342,0.7486165521647627,0.9967266517932953,False
Height_m,Glycerol-3-P,Group_22C vs Group_15C (Reference),-36.4633050356804,0.3021211590927796,-105.72107112333367,32.79446105197287,0.1605521124461704,-0.014332864127543976,13.710946779688715,0.5368347996780696,-22.752358255991684,0.4078956592400891,8.098730626939272,0.5612023932298191,0.9967266517932953,False
Weight_kg,Tryptophan,Group_22C vs Group_15C (Reference),0.11457758998100556,0.3022955212779622,-0.10312758977414621,0.33228276973615734,0.07869951482794191,-0.1132380862495701,-0.025879217580381905,0.1790539772637013,0.08869837240062366,0.41746969009214574,0.10829335688011567,0.7297393524521751,0.9967266517932953,False
VO2max_ml_per_kg_per_min,Glutamic_Acid,Group_22C vs Group_15C (Reference),-0.0947381497405362,0.3024230234277554,-0.27479452834631624,0.08531822886524383,0.08486503004647905,-0.10578808869383782,0.01264432283238351,0.5524541791652344,-0.08209382690815269,0.35830101706101924,0.004962263461219495,0.8906388119571362,0.9967266517932953,False
BMI_kg·m2,Threonine,Group_22C vs Group_15C (Reference),0.9921172459760602,0.3043354851763391,-0.900942540117729,2.8851770320698495,0.22139406505678116,0.059184495276943916,-0.14148217253359657,0.5361311845253337,0.8506350734424637,0.3646857620768884,-0.2661207563503165,0.618232676406753,0.9967266517932953,False
Age_years,Cholesterol,Group_8C vs Group_22C Contrast,-0.14472718794298645,0.30443986370215315,-0.42094594939510216,0.13149157350912927,0.19835239159281226,0.03134247317464822,0.0978645883475286,0.35813396962579414,0.09105652611881451,0.4524887062662031,-0.05367066182417195,0.45542682095821907,0.9967266517932953,False
VO2max_ml_per_kg_per_min,Arachidonic_acid1,Group_8C vs Group_22C Contrast,-0.17033016968425338,0.3045881786273225,-0.4955131620096638,0.15485282264115705,0.07442740982591645,-0.11840021312701765,0.009515727618408009,0.8471555293314309,0.16582050388993883,0.15830553351929244,-0.004509665794314567,0.9692785678772999,0.9967266517932953,False
Skinfold_Thickness_mm,L-Rhamnose,Group_22C vs Group_15C (Reference),0.08462108672907385,0.3053635829227924,-0.0771881014331366,0.24643027489128433,0.23799114711308633,0.07923930276164604,-0.029081252736120992,0.1778460908234042,0.05553983399295286,0.4858134868902295,0.007347836129036084,0.4682414543691449,0.9967266517932953,False
Skinfold_Thickness_mm,2-Aminoadipic_acid,Group_8C vs Group_22C Contrast,-0.09759332911328981,0.3053733490918401,-0.28421473789621804,0.0890280796696384,0.14045883675610948,-0.038612238919701,0.009496617359496598,0.7948033147587463,0.08857561359308865,0.3079023086651673,-0.00901771552020117,0.8170520541747315,0.9967266517932953,False
Skinfold_Thickness_mm,Threonine,Group_8C vs Group_22C Contrast,-0.0741702087694148,0.3054065293626906,-0.21601083066794086,0.06767041312911126,0.13791849611346285,-0.04168181719623232,-0.011901484862333963,0.4980592522577194,0.047192368542409886,0.4321633926409585,-0.026977840227004904,0.5036716135455539,0.9967266517932953,False
Body_Density_kg_per_m3,D---Ribofuranose,Group_8C vs Group_15C (Reference),180.50089361239029,0.3060376473597318,-165.12733377029642,526.129120995077,0.1418034340194375,-0.036987517226512834,-104.7181428471819,0.38856950206054275,-13.10201581280539,0.9417185737352078,75.78275076520839,0.5533614521618295,0.9967266517932953,False
Max_Watts_W,1-Ethyl-1-tetradecyloxy-1-silacyclohexane,Group_8C vs Group_22C Contrast,0.10287459776111618,0.30656198785824856,-0.09432988127815067,0.30007907680038304,0.3749865380585329,0.24477540015406063,-0.04607809250299931,6.883974985651546e-05,-0.07348952079075564,0.4594515555987144,0.029385076970360538,0.06527520356205718,0.9967266517932953,False
Body_Density_kg_per_m3,L-Proline,Group_22C vs Group_15C (Reference),-130.70846659136924,0.30660695975142827,-381.28750735860007,119.87057417586158,0.25211874685877833,0.09631015245435726,-63.11958360948113,0.39698123104706107,-193.82805020085038,0.06207155582725532,-81.23218244581838,0.6649017052995099,0.9967266517932953,False
BMI_kg·m2,2-Aminoadipic_acid,Group_8C vs Group_22C Contrast,-1.1399345874752775,0.3066640002036615,-3.3255822263006127,1.0457130513500577,0.16570858525642085,-0.008102126148491484,-0.0383047843389463,0.9288211638579913,0.9839215286086889,0.3263026529515969,-0.15601305886658867,0.7495030899734214,0.9967266517932953,False
Body_Fat__Percent,Indole-3-Latic_Acid,Group_22C vs Group_15C (Reference),0.09237313256183372,0.30705861526291367,-0.0848793016035988,0.26962556672726623,0.4106251061987958,0.28783866999021157,-0.0930713064137304,0.034256330064778656,-0.0006981738518966885,0.9929515159717393,0.02505562095145128,0.5643005582769227,0.9967266517932953,False
Body_Density_kg_per_m3,"9-Hexadecenoic_acid,_Z-",Group_8C vs Group_15C (Reference),50.36104270773785,0.30713694625183596,-46.29112005777044,147.01320547324616,0.31531743091738307,0.1726752290251713,-27.418429870483223,0.3465237859029884,131.0023470170285,0.136695689734045,22.94261283725463,0.564238405292369,0.9967266517932953,False
Body_Density_kg_per_m3,Indole-3-Latic_Acid,Group_22C vs Group_15C (Reference),-40.01157561992237,0.30717108383247993,-116.80661476912194,36.7834635292772,0.4074297803117828,0.2839776512100709,40.52584737441207,0.03846667547964334,0.5142717544897053,0.9879103589875895,-10.912922567974057,0.552846586146791,0.9967266517932953,False
BMI_kg·m2,N-Acetylglutamine,Group_8C vs Group_22C Contrast,-1.0091791101588978,0.3074948417356994,-2.9474497353283216,0.9290915150105257,0.26057193183292227,0.10652441763144782,-0.20906858551715432,0.6995261335747955,-0.30802068931255255,0.7147911697944653,-1.3171997994714504,0.010867622527195753,0.9967266517932953,False
Height_m,Campesterol,Group_8C vs Group_22C Contrast,17.438348580468446,0.3077559720599956,-16.072540708745105,50.949237869681994,0.15625185796646712,-0.01952900495718546,7.108658683743638,0.3464675957934462,-10.876859499131239,0.48395643079860373,6.561489081337207,0.35748533874178,0.9967266517932953,False
Skinfold_Thickness_mm,Erythritol,Group_8C vs Group_22C Contrast,-0.14058449706146475,0.30822753382261087,-0.4110060943909259,0.12983710026799639,0.2378210096324067,0.07903371997249153,-0.016096815869573792,0.6001598019680557,0.024075411459608172,0.845551936715045,-0.11650908560185658,0.05744942513718554,0.9967266517932953,False
Body_Fat__Percent,L-Proline,Group_22C vs Group_15C (Reference),0.29912377763844467,0.3086465886720168,-0.27674441482945333,0.8749919701063427,0.2530260544833782,0.09740648250074879,0.1456429205045217,0.3955280908352522,0.4447666981429664,0.062343133563865116,0.19144897872070427,0.6626117533641107,0.9967266517932953,False
Skinfold_Thickness_mm,"1,3-Dioxolane-2-methanol",Group_8C vs Group_22C Contrast,0.09276589288382583,0.30870209193527764,-0.0858492556921524,0.2713810414598041,0.14422115206249775,-0.034066107924481726,0.05806149331490737,0.10593607926860209,-0.05087258192231195,0.4766501033778541,0.041893310961513885,0.458618671127776,0.9967266517932953,False
Body_Fat__Percent,Glycine,Group_8C vs Group_15C (Reference),-0.21159494425968764,0.30875306244718204,-0.6190437249731331,0.19585383645375778,0.14316541995069865,-0.035341784226239126,0.17114972943900955,0.16380917637866943,0.46066096301282644,0.479302253971013,-0.04044521482067809,0.8093657409192874,0.9967266517932953,False
BSA_m2,L-Aspartic_acid,Group_22C vs Group_15C (Reference),16.8245639501608,0.3090169568913933,-15.590616796418004,49.239744696739606,0.1254559010905293,-0.05674078618227707,-8.380251558946197,0.4910747951402098,8.444312391214604,0.4508373648408792,-4.946936976460627,0.7337930431792432,0.9967266517932953,False
Height_m,D---Ribofuranose,Group_8C vs Group_15C (Reference),53.361189732265316,0.3091462106455827,-49.475043838493505,156.19742330302415,0.14951241076800859,-0.027672503655322922,-33.436802311476654,0.5015955426760934,-12.506474605782216,0.8784317109044208,19.924387420788662,0.23127325646683317,0.9967266517932953,False
Height_m,Glyceraldehyde-3-PMOX,Group_8C vs Group_15C (Reference),20.473431287653206,0.3098426763234309,-19.039247537181012,59.986110112487424,0.28529761968940903,0.13640129045803595,-30.943036378240688,0.04814589072148831,-0.9764663456560534,0.9756306587740748,-10.469605090587482,0.40962771978928014,0.9967266517932953,False
Body_Density_kg_per_m3,Tyrosine,Group_8C vs Group_15C (Reference),43.86804033773671,0.31013415933366906,-40.84606212290061,128.58214279837404,0.25961790316531264,0.1053716329914195,-26.095835037937125,0.3668546809742512,-122.16828166097687,0.32163604602263085,17.772205299799584,0.5800846120851695,0.9967266517932953,False
VO2max_ml_per_kg_per_min,2-Keto-3-methylvaleric_acid,Group_8C vs Group_22C Contrast,0.2338914388806864,0.3101453005798456,-0.2177978439218822,0.685580721683255,0.13909957249638272,-0.040254683233537536,0.12436265690591639,0.4251173576866064,-0.09715017415020569,0.5976056351480923,0.1367412647304807,0.3241534149555285,0.9967266517932953,False
Weight_kg,Citric_acid,Group_8C vs Group_15C (Reference),0.16075937277116809,0.3106121176409343,-0.14999181477426726,0.47151056031660343,0.1617374831773133,-0.012900541160746348,-0.1498352878252173,0.27941808079196273,0.03439699456793363,0.8801971753276645,0.01092408494595079,0.8873610497950914,0.9967266517932953,False
VO2max_ml_per_kg_per_min,Threonine,Group_8C vs Group_15C (Reference),0.16005837422761382,0.31162281525475866,-0.14998471591632884,0.4701014643715565,0.16641069474806458,-0.007253743846088678,-0.042888165607914086,0.6621763870492297,-0.26015979517331167,0.48137335669208325,0.11717020861969973,0.344881670181026,0.9967266517932953,False
BSA_m2,"11-Eicosenoic_acid,_E-",Group_8C vs Group_22C Contrast,6.885411082659571,0.3117207335473259,-6.455005607580754,20.225827772899898,0.1663056765088703,-0.00738064088511492,3.738375636283558,0.030661746762367773,-3.393257445184312,0.33717168686248544,3.4921536374752593,0.5482172823074718,0.9967266517932953,False
Skinfold_Thickness_mm,Methionine,Group_8C vs Group_15C (Reference),0.015022077173839072,0.3120394708508537,-0.014101693588418196,0.04414584793609634,0.2712140944129572,0.11938369741565669,-0.0031480734148218235,0.5686895893053083,0.05179183975843807,0.17184243237352437,0.011874003759017248,0.38936904388549487,0.9967266517932953,False
BMI_kg·m2,Methyl_galactoside,Group_8C vs Group_15C (Reference),-0.5530751218219787,0.3123279417547157,-1.6259785801709732,0.5198283365270158,0.11886850712818764,-0.0647005538867731,0.5331441693119419,0.21269259176800592,-0.34713964331521907,0.19996602777012962,-0.019930952510036848,0.953461006670689,0.9967266517932953,False
Muscle_Mass_kg,Arachidonic_acid1,Group_8C vs Group_15C (Reference),-0.11236525461548866,0.31240324568745037,-0.3303751203437528,0.10564461111277548,0.05090807140015885,-0.146819413724808,0.11873159287268818,0.12309824285711297,0.033303410333037256,0.4907357790660136,0.006366338257199525,0.9367831001226208,0.9967266517932953,False
BSA_m2,Indole-3-Latic_Acid,Group_8C vs Group_15C (Reference),3.772211707688272,0.31273382842237163,-3.551594822102084,11.096018237478628,0.43605900556737887,0.3185712983939162,-5.2418472769550855,0.044903679209350206,1.1125722130255786,0.5925991964214978,-1.4696355692668135,0.5821024727966904,0.9967266517932953,False
BMI_kg·m2,Asparagine,Group_22C vs Group_15C (Reference),0.6791482399826302,0.3131562549967607,-0.6405799864229277,1.9988764663881882,0.0679591782933473,-0.12621599289553864,-0.37489737816678514,0.2814381666076109,0.30425086181584504,0.5976088275714535,-0.24433097617590507,0.5594682761373355,0.9967266517932953,False
Body_Fat__Percent,"9-Hexadecenoic_acid,_Z-",Group_8C vs Group_15C (Reference),-0.11484427790037527,0.31319746568134266,-0.33802993064968667,0.10834137484893616,0.31312361130624433,0.17002436366171192,0.06168289129230002,0.3621197817388673,-0.30074664711868865,0.1449709822295926,-0.05316138660807525,0.5615566830867025,0.9967266517932953,False
Skinfold_Thickness_mm,L-Norvaline,Group_8C vs Group_22C Contrast,-0.11075069239185004,0.3135638787635534,-0.3261479585981573,0.10464657381445724,0.1302922067914093,-0.050896916793713665,-0.0104682851313271,0.8046540075867101,0.10501773548861355,0.2939068196429133,-0.0057329569032364795,0.8996314197480431,0.9967266517932953,False
Age_years,Palmitelaidic_acid,Group_8C vs Group_22C Contrast,0.2502971361040227,0.3140406243883014,-0.236981618934495,0.7375758911425404,0.24503320962725972,0.08774846163293892,-0.11060128266802091,0.05008604213282829,-0.2757826726007625,0.13126363785180728,-0.02548553649673979,0.8798227652189177,0.9967266517932953,False
Height_m,"2,3-Butanediol",Group_8C vs Group_15C (Reference),69.4911566791357,0.3150013516301796,-66.06066334397586,205.04297670224724,0.11704715634866569,-0.06690135274536213,-51.9331761945691,0.1529156144879286,3.793996892120937,0.8014023033555824,17.5579804845666,0.7654230990291222,0.9967266517932953,False
Body_Fat__Percent,D---Ribofuranose,Group_8C vs Group_15C (Reference),-0.4098409284128489,0.3154169622633337,-1.2099774980390001,0.3902956412133024,0.1405974437843187,-0.03844475542728154,0.23497902863948694,0.3904235094833871,0.02658577373827331,0.9487871263875143,-0.17486189977336197,0.5638614661768826,0.9967266517932953,False
Skinfold_Thickness_mm,Dodecanoic_acid,Group_8C vs Group_22C Contrast,0.059111882816902175,0.31580151136174084,-0.05638670366527995,0.1746104692990843,0.2704728125033572,0.11848798177488995,-0.005777442438975182,0.6884403322935513,-0.11017539169766331,0.04286260719189583,-0.05106350888076114,0.024086878865414052,0.9967266517932953,False
Height_m,Glycerol-3-P,Group_8C vs Group_22C Contrast,30.851088882930956,0.3168730031929726,-29.562404123254527,91.26458188911644,0.1605521124461704,-0.014332864127543976,13.710946779688715,0.5368347996780696,-22.752358255991684,0.4078956592400891,8.098730626939272,0.5612023932298191,0.9967266517932953,False
Skinfold_Thickness_mm,Phenylalanine,Group_22C vs Group_15C (Reference),0.02396139550414901,0.31783795581280805,-0.023053290131598375,0.0709760811398964,0.2733723956335633,0.12199164472388901,-0.0005435976936142269,0.8328691419060354,0.023417797810534782,0.32613558026041867,0.0033044707259302017,0.33763133656957045,0.9967266517932953,False
Age_years,Indole-3-Latic_Acid,Group_8C vs Group_22C Contrast,0.046618830502204375,0.3183339766583381,-0.04494752303351143,0.13818518403792018,0.32858913567368997,0.1887118722723754,0.026857123551349272,0.47086032648565557,0.001983397767378766,0.9456344417664169,0.048602228269583145,0.1837015487814635,0.9967266517932953,False
Body_Density_kg_per_m3,"D-Arabinose,_tetrakis",Group_8C vs Group_15C (Reference),-272.72369768591926,0.3183876563323256,-808.4433944142777,262.9959990424392,0.11479516380605259,-0.06962251040101974,-15.060847198808998,0.9209705550107534,14.344872676137085,0.9102213023144534,-287.78454488472823,0.20547613165653766,0.9967266517932953,False
Skinfold_Thickness_mm,Proline,Group_22C vs Group_15C (Reference),0.06632651658332953,0.3185849821481944,-0.06401387165248779,0.19666690481914684,0.28071178111015904,0.1308600688414422,0.014572731687022193,0.16864372096193536,0.08089924827035172,0.2178680571893401,-0.0015848765595034373,0.8867458670368227,0.9967266517932953,False
Weight_kg,alpha-D-Glucopyranoside,Group_22C vs Group_15C (Reference),-0.1918016918389138,0.3189147650921438,-0.5689743550852836,0.18537097140745604,0.08186885656638299,-0.10940846498228707,0.06312438379134859,0.6637758519399967,-0.12867730804756522,0.30820346412263033,0.09218824278458927,0.394289773212821,0.9967266517932953,False
Body_Density_kg_per_m3,1-Heptadecanol,Group_8C vs Group_15C (Reference),93.90518246149756,0.3189821086193113,-90.78243174104821,278.59279666404336,0.10118121734783792,-0.08607269570469578,-24.024862875289315,0.4024360698921219,54.08719165576092,0.5147484305472889,69.88031958620824,0.4362347875336332,0.9967266517932953,False
Muscle_Mass_kg,2-Aminoadipic_acid,Group_8C vs Group_22C Contrast,-0.18184793117591494,0.31898479213717895,-0.5395051238946238,0.17580926154279394,0.16919764799262682,-0.0038861753422425593,-0.33118049681800865,0.03309282121599423,0.07994168875677998,0.5207408812278684,-0.10190624241913496,0.4450124262830246,0.9967266517932953,False
Age_years,Alanine,Group_8C vs Group_22C Contrast,-0.18622300348610019,0.319515186023006,-0.5528867019527576,0.18044069498055723,0.08396664454472447,-0.10687363784179116,0.011421096171919977,0.8799256263813469,0.10550616445421002,0.5114733476776587,-0.08071683903189017,0.399338717715918,0.9967266517932953,False
Body_Fat__Percent,Tyrosine,Group_8C vs Group_15C (Reference),-0.10072147988084929,0.3195191752838198,-0.2990349828109864,0.09759202304928785,0.2567360829095825,0.10188943351574553,0.0595733248091842,0.371274110965649,0.27953272152815734,0.331538419596797,-0.04114815507166508,0.5889331023052709,0.9967266517932953,False
BMI_kg·m2,Glutamic_Acid,Group_8C vs Group_22C Contrast,-0.45192594692418847,0.31977363747996346,-1.342220686310644,0.43836879246226707,0.14007493665395976,-0.039076118209798505,-0.03696975155738018,0.5226809101550169,0.23855141936039898,0.3587192833045334,-0.2133745275637895,0.5667892995351749,0.9967266517932953,False
Muscle_Mass_kg,Glycerol,Group_8C vs Group_15C (Reference),-0.6091627010360953,0.32015083993816396,-1.8101277532546143,0.5918023511824236,0.18903997025497998,0.020089964058100818,0.693183472873468,0.20692158576619035,0.13573441317936963,0.5064051892437691,0.08402077183737278,0.7570973721836636,0.9967266517932953,False
VO2max_ml_per_kg_per_min,L-Rhamnose,Group_8C vs Group_15C (Reference),-0.10196834165651507,0.3204739342447749,-0.30313332329032044,0.09919663997729032,0.29581993838436926,0.14911575888111295,0.10602011751618785,0.15782547993180351,-0.4537051893229768,0.0974794739827669,0.004051775859672785,0.9538421105105994,0.9967266517932953,False
Skinfold_Thickness_mm,1-Monooleoylglycerol,Group_8C vs Group_22C Contrast,0.052239385494086354,0.320493543091781,-0.05082548538049443,0.15530425636866713,0.3413692791012871,0.204154545580722,0.03696897472537251,0.06508832462852929,-0.07599084994789687,0.09958599524819078,-0.02375146445381051,0.34626700199335847,0.9967266517932953,False
Max_Watts_W,3-OH-Butanoic_Acid,Group_22C vs Group_15C (Reference),-0.02804144322888843,0.3205728019476006,-0.08337341115422972,0.027290524696452857,0.1067878721615736,-0.07929798780476527,0.014805438567341359,0.28505553805390604,-0.01323600466154707,0.5905524682403007,-0.003751247006054767,0.5597503872101721,0.9967266517932953,False
BSA_m2,Asparagine,Group_8C vs Group_22C Contrast,-14.101129716847243,0.3207997031565589,-41.939337758165706,13.73707832447122,0.15812065689839516,-0.017270872914439073,-14.889513495958054,0.22464098402252142,4.104746398862199,0.5722650242583038,-9.996383317985044,0.41266097044100114,0.9967266517932953,False
VO2max_ml_per_kg_per_min,Glyceraldehyde-3-PMOX,Group_8C vs Group_15C (Reference),-0.12693729397687117,0.32090113231033135,-0.37758264426380084,0.12370805631005846,0.14192708945561172,-0.03683810024113576,0.06632624310503248,0.4094395554880833,-0.052937500557187434,0.4794936877816589,-0.0606110508718387,0.5421844171347998,0.9967266517932953,False
Weight_kg,L-Norvaline,Group_8C vs Group_22C Contrast,-0.22008236618726582,0.32095470348817207,-0.6547043818556886,0.21453964948115697,0.14865032133436118,-0.028714195054313496,-0.14536581536478985,0.5134654290227683,0.22212086811038392,0.29987373012891183,0.002038501923118108,0.9715424635876218,0.9967266517932953,False
Body_Density_kg_per_m3,Glutamic_Acid,Group_8C vs Group_22C Contrast,68.49698051061912,0.32204673394093986,-67.0775084595443,204.07146948078255,0.09384336569115981,-0.09493926645651518,10.359524577894753,0.29183291935204037,-48.208868672693974,0.3289206916813121,20.28811183792515,0.6753272880710472,0.9967266517932953,False
Skinfold_Thickness_mm,Methionine,Group_8C vs Group_22C Contrast,-0.03991783599942082,0.32238322110219997,-0.11898124509046848,0.039145573091626834,0.2712140944129572,0.11938369741565669,-0.0031480734148218235,0.5686895893053083,0.05179183975843807,0.17184243237352437,0.011874003759017248,0.38936904388549487,0.9967266517932953,False
Weight_kg,2-Aminoadipic_acid,Group_22C vs Group_15C (Reference),0.21442254566838836,0.3224238772448913,-0.2103021400474136,0.6391472313841904,0.13555833630829184,-0.044533676960814006,-0.013077320619712925,0.8929880041718309,0.20134522504867544,0.2985170173801359,-0.04437224341428342,0.7486165521647627,0.9967266517932953,False
Body_Density_kg_per_m3,Nonanoic_acid,Group_8C vs Group_15C (Reference),127.36098761743187,0.3224681713330092,-124.93667583436243,379.65865106922615,0.27304314977757016,0.12159380598123071,-92.5068533701754,0.02954501696504335,-63.04169132858725,0.572393712002893,34.85413424725647,0.7742227109722593,0.9967266517932953,False
Height_m,Indole-3-Propionic_Acid,Group_8C vs Group_22C Contrast,-5.647664251056597,0.32279516663831653,-16.843258376096642,5.547929873983447,0.03770174826620032,-0.16277705417834132,-4.024409511187548,0.6274589192964839,5.032621543948478,0.3502250428968121,-0.615042707108119,0.745945466137353,0.9967266517932953,False
Muscle_Mass_kg,Glutamic_Acid,Group_8C vs Group_15C (Reference),-0.06278502483421772,0.3244282920416054,-0.18766482583846072,0.062094776170025304,0.07727505187863715,-0.11495931231331347,0.02203127419730795,0.31073997024925915,0.0033847822350781473,0.8637981406708439,-0.040753750636909766,0.4962303262747596,0.9967266517932953,False
BMI_kg·m2,"Ethanolamine,_3TMS",Group_8C vs Group_15C (Reference),-1.2933452431606238,0.32481062586790865,-3.867850517712638,1.28116003139139,0.2638195001641275,0.11044856269832071,0.6069363311146744,0.3393055203770754,0.8559675149912824,0.07698242174048331,-0.6864089120459494,0.5505073138145611,0.9967266517932953,False
Weight_kg,Cholesterol,Group_8C vs Group_22C Contrast,-0.09156120833825249,0.32500898540394124,-0.2738990732549516,0.09077665657844664,0.18357005097001888,0.01348047825543952,-0.08902957770398189,0.3394629905730683,0.09372010192839193,0.2913896488064538,0.0021588935901394463,0.9377494203004066,0.9967266517932953,False
Body_Density_kg_per_m3,Indole-3-Propionic_Acid,Group_22C vs Group_15C (Reference),-70.19806512135453,0.3251572181040058,-210.03296338136482,69.63683313865575,0.1312459102257375,-0.049744525143900375,17.33241413281431,0.3519307180380453,-52.865650988540224,0.4427361496819957,-5.003513382674143,0.575052310541508,0.9967266517932953,False
Age_years,"Ethanolamine,_3TMS",Group_8C vs Group_22C Contrast,-0.3116011734496444,0.32571237093527167,-0.9330363502094754,0.3098340033101867,0.2237126072139516,0.06198606705019161,0.14044657900323973,0.18100250953192532,0.0594688822088886,0.7474684130605538,-0.25213229124075576,0.3278925438648219,0.9967266517932953,False
Body_Fat__Percent,Indole-3-Propionic_Acid,Group_22C vs Group_15C (Reference),0.16256176794512334,0.325759909598087,-0.16166573878526935,0.486789274675516,0.13327261255562173,-0.04729559316195697,-0.039772662405547325,0.34840084256144555,0.122789105539576,0.4425256307358487,0.011764170339777148,0.5662343084874719,0.9967266517932953,False
BSA_m2,L-5-Oxoproline,Group_8C vs Group_15C (Reference),26.382785296747834,0.3257902457453098,-26.240664844501453,79.00623543799712,0.30444950770751056,0.15954315514657536,-12.31746199356673,0.6096767585417096,-0.427623991438308,0.9693210541670594,14.065323303181103,0.2325095391308043,0.9967266517932953,False
Body_Density_kg_per_m3,Stearic_Acid,Group_8C vs Group_15C (Reference),25.53895617025189,0.32624084845921186,-25.448849642846458,76.52676198335024,0.14637247121679586,-0.03146659727970502,-17.1253036302855,0.08780139863915529,-46.015284186973304,0.5848926873381222,8.413652539966389,0.7259407889718881,0.9967266517932953,False
Weight_kg,Diethanolamine,Group_8C vs Group_15C (Reference),0.17723042090065008,0.3270828665857626,-0.1772215247277206,0.5316823665290208,0.2501768868338351,0.09396373825755078,-0.007365416693102974,0.9636191976108228,0.17089591596310247,0.5219615412791596,0.1698650042075471,0.03696497386242781,0.9967266517932953,False
Age_years,Serine,Group_22C vs Group_15C (Reference),0.18373695578595525,0.32727140829340273,-0.18387098248110303,0.5513448940530136,0.29801880665584257,0.15177272470914316,0.027000325858927643,0.4816574727143219,0.2107372816448829,0.25102591170668465,-0.10648345297136588,0.03110835352875907,0.9967266517932953,False
Max_Watts_W,L-+-Erythrulose,Group_22C vs Group_15C (Reference),-0.08028793814916421,0.32734589880963094,-0.24094711830384333,0.0803712420055149,0.21127695696320192,0.04695965633053567,0.0055159021983751015,0.9036368362887746,-0.07477203595078911,0.2725163130297692,-0.0358318817050213,0.2895223560210216,0.9967266517932953,False
BMI_kg·m2,Cholesterol,Group_8C vs Group_22C Contrast,-0.5255875433050428,0.32743188505967363,-1.5775142551709398,0.5263391685608543,0.19864112827875235,0.03169136333682587,-0.28230031629050123,0.305417353956423,0.4877884940750481,0.3597729999238808,-0.03779904922999466,0.5661677789421065,0.9967266517932953,False
Skinfold_Thickness_mm,L-+-Erythrulose,Group_8C vs Group_22C Contrast,-0.07656281421323205,0.3274446630814144,-0.22980198040455097,0.07667635197808687,0.22091941019689254,0.05861095398791183,-0.020101661169023812,0.6818549479540947,0.1080303339481905,0.001358570642893131,0.03146751973495847,0.6555088085247796,0.9967266517932953,False
Max_Watts_W,Tyrosine,Group_8C vs Group_22C Contrast,0.03159577180473131,0.3275893049249893,-0.03166153831718043,0.09485308192664305,0.14095246898642633,-0.03801576664140138,-0.008099333334833186,0.4164225475522483,-0.024480520384614575,0.4228115175121865,0.007115251420116738,0.49523812769535147,0.9967266517932953,False
Weight_kg,1-Monopalmitin,Group_22C vs Group_15C (Reference),-0.07658129961874147,0.327949966640833,-0.23001484306676795,0.07685224382928502,0.13781351321349378,-0.04180867153369494,0.024920566363194716,0.7210358101155667,-0.05166073325554675,0.14518061666503268,-0.023474197436886786,0.581750702951332,0.9967266517932953,False
Body_Fat__Percent,Glutamic_Acid,Group_8C vs Group_22C Contrast,-0.15690503817942644,0.32809405519766904,-0.4713696801955116,0.15755960383665876,0.09314302209203329,-0.09578551497212628,-0.023731598370778643,0.29405682182937265,0.11034460130598645,0.33034281268506693,-0.046560436873439984,0.6817495218471734,0.9967266517932953,False
Body_Fat__Percent,"D-Arabinose,_tetrakis",Group_8C vs Group_15C (Reference),0.6210780422531896,0.3287957991797962,-0.625453317245884,1.8676094017522633,0.11312501223512106,-0.0716406102158953,0.04084390529284366,0.9045166991321848,-0.03379054678862382,0.9079417908785901,0.6619219475460333,0.2178676408711131,0.9967266517932953,False
Body_Density_kg_per_m3,4-Aminobutanoic_acid,Group_8C vs Group_15C (Reference),126.65803881637963,0.32983420509941797,-128.0966783228348,381.4127559555941,0.12758734194578347,-0.05416529514884494,6.69858954004216,0.9012868296777083,-34.67605837835186,0.6961137062633775,133.3566283564218,0.2593394124348931,0.9967266517932953,False
Skinfold_Thickness_mm,"D-Arabinose,_tetrakis",Group_8C vs Group_22C Contrast,0.10419169828663039,0.33003546398435785,-0.10546623739789701,0.3138496339711578,0.08463031879761629,-0.10607169811954686,0.012289950404609304,0.7464239405465567,-0.008503614983122682,0.8507554606856822,0.0956880833035077,0.3236595569139824,0.9967266517932953,False
VO2max_ml_per_kg_per_min,Methionine,Group_22C vs Group_15C (Reference),-0.24784667662990026,0.3303277466863138,-0.7468641904621705,0.2511708372023699,0.2986258750822751,0.15250626572441583,0.022387326495722927,0.3913326374921493,-0.22545935013417734,0.37334759940486695,-0.03567934508463917,0.6286776950936388,0.9967266517932953,False
Body_Density_kg_per_m3,beta-D-Xylopyranose,Group_8C vs Group_22C Contrast,-135.0298214578193,0.33073846129331647,-407.13650706243044,137.07686414679182,0.09760482788123681,-0.09039416631017216,-78.67016040939679,0.5178535572265188,131.7846077844195,0.18441343535540122,-3.2452136733998174,0.9733203431389601,0.9967266517932953,False
Age_years,"11-Eicosenoic_acid,_E-",Group_8C vs Group_15C (Reference),-0.05865365656590343,0.3313452330463009,-0.17699638695948225,0.0596890738276754,0.48837799898386336,0.3817900821055016,-0.0326463795832027,0.4472926095609163,-0.17051888407135313,0.002341521291700621,-0.09130003614910612,0.03141181702865481,0.9967266517932953,False
BSA_m2,Ethyl_alpha-D-glucopyranoside,Group_8C vs Group_15C (Reference),-19.517832957281104,0.33192658412803266,-58.94542458265174,19.909758668089527,0.21484665041207307,0.051273035914588316,17.458595202405817,0.0020159050643524506,-8.43557555329431,0.33556217883228556,-2.059237754875287,0.9150545261572434,0.9967266517932953,False
Body_Fat__Percent,1-Heptadecanol,Group_8C vs Group_15C (Reference),-0.21627604760395164,0.33233960873891877,-0.6535444253069602,0.2209923300990569,0.10051746889413093,-0.08687472508625849,0.05512879909924632,0.4002979140747732,-0.12413447956048593,0.5219502586391149,-0.16114724850470533,0.44985557563931344,0.9967266517932953,False
Body_Fat__Percent,Glyceric_acid,Group_8C vs Group_15C (Reference),-0.7333265075508866,0.3323909529863437,-2.2161284670094776,0.7494754519077047,0.11524727164414794,-0.06907621342998782,0.16074528920294526,0.7057338449530279,-0.24472048572711283,0.6740211574933315,-0.5725812183479413,0.35990944465333374,0.9967266517932953,False
VO2max_ml_per_kg_per_min,Threonine,Group_8C vs Group_22C Contrast,0.3773300037930114,0.33299236392240644,-0.38660310946402066,1.1412631170500434,0.16641069474806458,-0.007253743846088678,-0.042888165607914086,0.6621763870492297,-0.26015979517331167,0.48137335669208325,0.11717020861969973,0.344881670181026,0.9967266517932953,False
Body_Density_kg_per_m3,Glyceric_acid,Group_8C vs Group_15C (Reference),317.2555522616074,0.3330367406537018,-325.09945166883966,959.6105561920544,0.11568599891923415,-0.06854608463925871,-68.02069287903333,0.7222310967297353,104.82813342682562,0.6803744244803911,249.2348593825741,0.34891409511236615,0.9967266517932953,False
Skinfold_Thickness_mm,Lysine,Group_8C vs Group_15C (Reference),-0.04548868040723437,0.333502548370499,-0.1376795019435823,0.04670214112911356,0.30392374629722196,0.15890786010914326,0.05119177268942593,0.00918697357676309,0.014765049687754647,0.9370347668685748,0.005703092282191562,0.8938363506792872,0.9967266517932953,False
Body_Fat__Percent,beta-D-Xylopyranose,Group_8C vs Group_22C Contrast,0.30973604312148384,0.3337027996303829,-0.31827022737873245,0.9377423136217001,0.09663010259063143,-0.09157195936965357,0.17530751873830977,0.5221354582824094,-0.30393266589144463,0.18702818515062125,0.005803377230039236,0.979211331705022,0.9967266517932953,False
Body_Fat__Percent,4-Aminobutanoic_acid,Group_8C vs Group_15C (Reference),-0.28907939519924386,0.3362521971540192,-0.8782922793205781,0.30013348892209035,0.12574613983652327,-0.056390081030867734,-0.01635960767311567,0.8950120825804528,0.08000660947835135,0.6941418728726443,-0.30543900287235953,0.26474046203848256,0.9967266517932953,False
Height_m,L-Aspartic_acid,Group_8C vs Group_15C (Reference),44.35538517610118,0.33628817697410085,-46.05822055627847,134.76899090848082,0.1357447518724919,-0.04430842482073882,-41.13806191071675,0.17451154409366998,1.933503151108276,0.9309034058305086,3.2173232653844295,0.9263112066173897,0.9967266517932953,False
Age_years,Glycine,Group_8C vs Group_22C Contrast,-0.29463419460742224,0.3362902508383886,-0.895227417678953,0.3059590284641085,0.18448915514347053,0.01459106246502695,0.15920029593971866,0.19035334814344917,0.15052704165875339,0.610642370670317,-0.14410715294866885,0.07372165945062337,0.9967266517932953,False
Body_Fat__Percent,Dodecanoic_acid,Group_8C vs Group_15C (Reference),-0.2044488530466334,0.33655823675251373,-0.6214284801134233,0.21253077402015647,0.25262151070121586,0.09691765876396918,-0.04459724602853169,0.7412316145194718,-0.6192416309770689,0.031210858908919503,-0.2490460990751651,0.12977165168445337,0.9967266517932953,False
Muscle_Mass_kg,"1,3-Dioxolane-2-methanol",Group_8C vs Group_22C Contrast,-0.26666636269690913,0.3369339649074575,-0.8109735748780742,0.27764084948425594,0.15586701432800565,-0.019994024353659823,0.08706886225931788,0.7773377262957708,-0.06699898521138399,0.6749971018835419,-0.33366534790829316,0.14182468022199668,0.9967266517932953,False
Max_Watts_W,Oxalic_acid,Group_22C vs Group_15C (Reference),0.09064072494624435,0.33702143803137385,-0.09440108487722716,0.2756825347697159,0.3987903806731147,0.27353837664668024,0.003174404136852294,0.8505084128355398,0.09381512908309665,0.3125473501378635,-0.006965065995444981,0.7444801849443754,0.9967266517932953,False
Age_years,Methionine,Group_8C vs Group_22C Contrast,-0.14957018581765819,0.3371434291026718,-0.45499840850515677,0.1558580368698404,0.24054341980721716,0.08232329893372081,0.008728378590405067,0.7788764037493336,0.11723908799147482,0.41908451516978085,-0.03233109782618335,0.5694609544395419,0.9967266517932953,False
Muscle_Mass_kg,L-Norvaline,Group_8C vs Group_22C Contrast,-0.16059931619960957,0.33757069564089703,-0.488839614598648,0.16764098219942883,0.07582739974881147,-0.11670855863685281,-0.005969114764911301,0.984503505355719,0.06526875415794041,0.604145657734751,-0.09533056204166916,0.38803603205520476,0.9967266517932953,False
Age_years,Phenylalanine,Group_22C vs Group_15C (Reference),0.06440556616691681,0.33783585820931994,-0.06729935434357392,0.19611048667740755,0.3928935220864618,0.2664130058544747,0.0086261490265978,0.17364776882104627,0.07303171519351462,0.27496946231983,0.002879510341983681,0.7920104702916488,0.9967266517932953,False
Height_m,Alanine,Group_22C vs Group_15C (Reference),-40.41665044828038,0.3378657321305527,-123.07101145942895,42.23771056286819,0.10708076835247982,-0.07894407157408678,28.622767879616493,0.3276566833172866,-11.793882568663886,0.6979247188962892,3.4141252770043593,0.7151565981052423,0.9967266517932953,False
BSA_m2,2-Keto-3-methylvaleric_acid,Group_8C vs Group_22C Contrast,-10.771549724441154,0.33837649799257563,-32.82369363729023,11.280594188407925,0.07407292645174157,-0.11882854720414548,3.334859090482769,0.6660063014076882,6.324115257668604,0.48424916940936624,-4.4474344667725525,0.5066101043021676,0.9967266517932953,False
Max_Watts_W,Dodecanoic_acid,Group_8C vs Group_15C (Reference),-0.03908822147046202,0.33873949645177726,-0.11917059335022309,0.040994150409299046,0.1094927719102049,-0.07602956727516896,0.007920773745337591,0.5646058198252658,-0.006184451730776861,0.8694022633649336,-0.031167447725124434,0.4179078017205855,0.9967266517932953,False
Height_m,Glyceric_acid,Group_22C vs Group_15C (Reference),-67.26191923208428,0.33926036861733866,-205.21411662550827,70.69027816133972,0.08355869180877507,-0.10736658073106331,50.95230795988515,0.348557293251192,-16.309611272199135,0.7153088756889758,16.34181822786416,0.6614958613210749,0.9967266517932953,False
BMI_kg·m2,"9-Hexadecenoic_acid,_Z-",Group_8C vs Group_15C (Reference),-0.286633503336625,0.3394543764949344,-0.8747464980440689,0.3014794913708189,0.2558938497889365,0.10087173516163161,0.12462788767811078,0.2931003889245648,-0.4311894087319202,0.20351705277038223,-0.16200561565851423,0.5567263435866656,0.9967266517932953,False
Body_Density_kg_per_m3,Proline,Group_22C vs Group_15C (Reference),-165.7150445004204,0.33960826232065944,-505.83658971773446,174.40650071689367,0.3188099835594128,0.17689539680095723,-46.86352567811181,0.2764865528241509,-212.5785701785322,0.20603380615173172,19.081046582437523,0.5724591212779875,0.9967266517932953,False
BMI_kg·m2,beta-D-Xylopyranose,Group_22C vs Group_15C (Reference),-0.6320172101608089,0.33968490475026414,-1.9294056754243192,0.6653712551027012,0.10397113045204642,-0.08270155070377716,0.12992846570077132,0.8295122320345295,-0.5020887444600376,0.065077611729629,0.6628268098233793,0.3430510158562181,0.9967266517932953,False
Weight_kg,L-Alanine,Group_8C vs Group_15C (Reference),-0.2372297459458855,0.3399373442505139,-0.7244634130562223,0.25000392116445125,0.08374662094615004,-0.10713949969006853,0.1473661995885949,0.43120768410161003,0.039399041726866285,0.8899506389158718,-0.0898635463572906,0.5826817422405199,0.9967266517932953,False
Body_Fat__Percent,Stearic_Acid,Group_8C vs Group_15C (Reference),-0.058438371717845106,0.3404107332558637,-0.1785795808750165,0.06170283743932628,0.14373033713798933,-0.034659175958262844,0.03892537432077909,0.09362129066119267,0.10449355635294649,0.5899918529630064,-0.019512997397066016,0.730877894770767,0.9967266517932953,False
Body_Fat__Percent,Nonanoic_acid,Group_8C vs Group_15C (Reference),-0.28744332125385236,0.34041849027936566,-0.8783965242824747,0.30350988177476995,0.27081347988807203,0.11889962153142042,0.20931246884437518,0.0313330124408316,0.14265549090458662,0.577050889421741,-0.07813085240947718,0.7842740834154174,0.9967266517932953,False
Skinfold_Thickness_mm,"9-Hexadecenoic_acid,_Z-",Group_8C vs Group_22C Contrast,0.03777873482399696,0.3410017324841918,-0.03998567048304222,0.11554314013103614,0.2452659744761334,0.08802971915866131,0.004998908566067785,0.725823860332518,-0.04593499104944663,0.20153573723147788,-0.008156256225449666,0.6263419138673552,0.9967266517932953,False
Muscle_Mass_kg,Glycerol,Group_22C vs Group_15C (Reference),-0.5574490596940984,0.34146365902986997,-1.705989188200824,0.5910910688126272,0.18903997025497998,0.020089964058100818,0.693183472873468,0.20692158576619035,0.13573441317936963,0.5064051892437691,0.08402077183737278,0.7570973721836636,0.9967266517932953,False
Weight_kg,"11-Eicosenoic_acid,_E-",Group_8C vs Group_22C Contrast,0.10380597596588705,0.3417155970572956,-0.11018623536672419,0.3177981872984983,0.16421089130834654,-0.009911839669081157,0.03229527270978877,0.2962612341277179,-0.06006169156338474,0.1232696090983465,0.043744284402502304,0.6679832298997741,0.9967266517932953,False
Muscle_Mass_kg,Doconexent,Group_22C vs Group_15C (Reference),-0.06199765811454355,0.34248243939641543,-0.19000439855471768,0.06600908232563057,0.09840980377675934,-0.08942148710308229,0.061521527109217086,0.2555374548338939,-0.00047613100532646613,0.9896135995034079,0.053533588043956234,0.31181926422202855,0.9967266517932953,False
BSA_m2,Valine,Group_8C vs Group_15C (Reference),6.737326477378938,0.34268103529233185,-7.178975367310768,20.65362832206864,0.2162132891409313,0.05292439104529201,-5.54310759009967,0.429693318313745,6.421514125913889,0.43317819990322226,1.194218887279268,0.2646392632589678,0.9967266517932953,False
Weight_kg,4-Aminobutanoic_acid,Group_8C vs Group_22C Contrast,-0.23401077970794038,0.3431982605202607,-0.7178995192773923,0.24987795986151157,0.1326096616422725,-0.04809665884892067,-0.01297732815660262,0.8308167076122055,0.0868728486387476,0.359273199781474,-0.1471379310691928,0.5186532255453584,0.9967266517932953,False
Muscle_Mass_kg,DL-Ornithine,Group_22C vs Group_15C (Reference),0.09356133440801535,0.34361180169641414,-0.10006759326249563,0.2871902620785263,0.07016645501410246,-0.1235488668579594,-0.09611740138066806,0.2641703437168784,-0.002556066972652704,0.9579478731098268,-0.027529230400456614,0.7192884816227463,0.9967266517932953,False
Body_Fat__Percent,Proline,Group_22C vs Group_15C (Reference),0.37941633544046216,0.34380679284319426,-0.4061183196431516,1.1649509905240758,0.31614079343835555,0.17367012540467963,0.10749744767316677,0.2653155656646188,0.48691378311362893,0.2106751453318867,-0.04369951465039407,0.5787278999165899,0.9967266517932953,False
Weight_kg,Decanoic_acid,Group_22C vs Group_15C (Reference),-0.04054670166767634,0.34394865193714275,-0.12451832192238049,0.043424918587027815,0.03742116036458387,-0.16311609789279435,0.0012152379716812223,0.9719808167636547,-0.03933146369599512,0.1195827610678386,-0.016681426039190955,0.8105802414385834,0.9967266517932953,False
Max_Watts_W,1-Heptadecanol,Group_8C vs Group_22C Contrast,0.058413556636135455,0.34397238925249163,-0.06256823073248374,0.17939534400475465,0.20327634221789037,0.03729224684661758,-0.012489932807489059,0.11137336263327109,-0.04458171847846212,0.4599053241719515,0.013831838157673327,0.28973984861002666,0.9967266517932953,False
Height_m,1H-Indole-3-Acetic_Acid,Group_8C vs Group_22C Contrast,-13.16263508400212,0.34416160186603906,-40.4347922710096,14.109522103005355,0.11061584320181472,-0.07467252279780712,-10.332484054742924,0.3768687988514209,4.47838142097064,0.2860061256329218,-8.68425366303148,0.5127141770741825,0.9967266517932953,False
VO2max_ml_per_kg_per_min,Tryptophan,Group_8C vs Group_15C (Reference),0.21738545335198664,0.34509410801220597,-0.2338867348172977,0.6686576415212709,0.1369799149699672,-0.04281593607795631,0.021404534535134394,0.5491565285343272,-0.19148226693651516,0.30258893797441555,0.23878998788712102,0.29379561785402064,0.9967266517932953,False
Skinfold_Thickness_mm,Threonine,Group_22C vs Group_15C (Reference),0.05909385340474385,0.34513527087718665,-0.06359001397805263,0.18177772078754034,0.13791849611346285,-0.04168181719623232,-0.011901484862333963,0.4980592522577194,0.047192368542409886,0.4321633926409585,-0.026977840227004904,0.5036716135455539,0.9967266517932953,False
Weight_kg,L-Proline,Group_22C vs Group_15C (Reference),0.1352747281541823,0.34547360365947244,-0.14576416246749002,0.4163136187758546,0.35941456605552435,0.22595926731709193,0.06648388538583547,0.44869004951410063,0.20175861354001776,0.07521077130205533,0.20698079584419685,0.08925545950556169,0.9967266517932953,False
Age_years,"2-Ethyl-3-hydroxypropionic_acid,_di-",Group_8C vs Group_15C (Reference),-0.14419070865131614,0.34561594986603916,-0.44384133643858226,0.15545991913595,0.19214673180056396,0.023843967592348192,0.041491551056317105,0.4971952552683543,-0.0034831777505014636,0.972033733654244,-0.10269915759499904,0.463658265435857,0.9967266517932953,False
BMI_kg·m2,alpha-D-Glucopyranoside,Group_22C vs Group_15C (Reference),-0.8415070282352872,0.3461194270721032,-2.592115429864589,0.9091013733940143,0.08065763895060785,-0.11087201960134885,0.18093428902649122,0.718382861393298,-0.660572739208796,0.3713560018405755,-0.15884298295401422,0.8703413415482872,0.9967266517932953,False
Max_Watts_W,"Ethanolamine,_2TMS",Group_22C vs Group_15C (Reference),0.10661017825786982,0.3463761806074287,-0.11529178213923862,0.32851213865497825,0.17619920085764873,0.004574034369658975,0.0005391292513806275,0.9911085018236586,0.10714930750925045,0.29520064681619407,0.031364856341184244,0.37939375175670564,0.9967266517932953,False
Age_years,Glyceraldehyde-3-PMOX,Group_8C vs Group_15C (Reference),0.08654671530059645,0.3470462638133547,-0.09384498024682893,0.26693841084802183,0.33690432704975126,0.1987593951851162,0.07880218286239524,0.2721331771359219,0.04198513173980349,0.6159767465094248,0.1653488981629917,0.004119145130988988,0.9967266517932953,False
BSA_m2,1-Heptadecanol,Group_22C vs Group_15C (Reference),-7.404354629764275,0.347126765614322,-22.84003115516717,8.03132189563862,0.0982723254351845,-0.08958760676581856,4.252349711907445,0.44880988952488854,-3.1520049178568303,0.5681888810692244,5.426208281923173,0.6400971815058143,0.9967266517932953,False
Muscle_Mass_kg,Arachidonic_acid1,Group_22C vs Group_15C (Reference),-0.08542818253965093,0.3473806217152646,-0.2636120081090485,0.09275564302974668,0.05090807140015885,-0.146819413724808,0.11873159287268818,0.12309824285711297,0.033303410333037256,0.4907357790660136,0.006366338257199525,0.9367831001226208,0.9967266517932953,False
Weight_kg,Cholesterol,Group_8C vs Group_15C (Reference),0.09118847129412133,0.34824270972769555,-0.09935042966421229,0.2817273722524549,0.18357005097001888,0.01348047825543952,-0.08902957770398189,0.3394629905730683,0.09372010192839193,0.2913896488064538,0.0021588935901394463,0.9377494203004066,0.9967266517932953,False
Max_Watts_W,1-Monooleoylglycerol,Group_22C vs Group_15C (Reference),-0.067599247072891,0.34824461265235185,-0.20884886894439045,0.07365037479860845,0.2864508552838556,0.13779478346799223,-0.016467778116343035,0.3298036421570897,-0.08406702518923403,0.2301552656362844,0.014722051534879356,0.29224850913032174,0.9967266517932953,False
BMI_kg·m2,2-Aminoadipic_acid,Group_22C vs Group_15C (Reference),1.0222263129476352,0.3484447309779938,-1.1146175537379461,3.1590701796332166,0.16570858525642085,-0.008102126148491484,-0.0383047843389463,0.9288211638579913,0.9839215286086889,0.3263026529515969,-0.15601305886658867,0.7495030899734214,0.9967266517932953,False
Body_Density_kg_per_m3,Cysteine,Group_8C vs Group_22C Contrast,216.34693725452053,0.3486782457459584,-236.1283523016137,668.8222268106547,0.2685547708921757,0.11617034816137906,-42.1523421407893,0.08259710147679956,-206.9640910593652,0.34581788717867434,9.382846195155352,0.8954459640751784,0.9967266517932953,False
Weight_kg,L-Proline,Group_8C vs Group_15C (Reference),0.14049691045836138,0.34933151396106865,-0.15373622454656471,0.4347300454632875,0.35941456605552435,0.22595926731709193,0.06648388538583547,0.44869004951410063,0.20175861354001776,0.07521077130205533,0.20698079584419685,0.08925545950556169,0.9967266517932953,False
Age_years,1-Heptadecanol,Group_8C vs Group_15C (Reference),-0.06954957991930735,0.35061938701109874,-0.21559237305563875,0.07649321321702404,0.10711482706984843,-0.07890291729059973,-0.019438863515760664,0.7332309506964142,-0.07734840105414255,0.5797922454330524,-0.08898844343506801,0.06348138128134351,0.9967266517932953,False
Max_Watts_W,"9-Hexadecenoic_acid,_Z-",Group_8C vs Group_15C (Reference),-0.01887318283735465,0.3506523615170887,-0.05850650641339132,0.020760140738682025,0.27198569425436403,0.12031604722402323,-0.0005755835523031462,0.9509831718783562,-0.02144118484154455,0.6361819485561666,-0.019448766389657795,0.27786572909912755,0.9967266517932953,False
Skinfold_Thickness_mm,Tyrosine,Group_8C vs Group_22C Contrast,-0.05090633173553856,0.3507303246992374,-0.157827923160559,0.05601525968948187,0.22230462648313076,0.060284757000449773,0.006826523872040288,0.5383209816528616,0.04710230567870746,0.374773843354524,-0.0038040260568310957,0.763315671684738,0.9967266517932953,False
Height_m,Lactic_Acid1,Group_8C vs Group_22C Contrast,-29.236428087670703,0.35080813574850134,-90.65335362165655,32.18049744631514,0.12725715643612645,-0.05456426930634706,-49.73282136068075,0.4413339554843543,-1.0755320438287654,0.9433160790704038,-30.311960131499468,0.269346477133374,0.9967266517932953,False
Height_m,"2-Ethyl-3-hydroxypropionic_acid,_di-",Group_22C vs Group_15C (Reference),19.478545566036775,0.3514665141041956,-21.495223302494093,60.45231443456764,0.2882338983635073,0.1399492938559047,-31.76247983859519,0.08573049618327122,-12.283934272558415,0.2084442288619961,-13.098356098945054,0.47439650672316414,0.9967266517932953,False
BMI_kg·m2,L-Norvaline,Group_8C vs Group_22C Contrast,-1.0941156111350596,0.35162759226794216,-3.3964363757005476,1.2082051534304286,0.17488696318419683,0.002988413847571203,-0.5455421662569289,0.4226106179460428,1.084024242114865,0.30125416254025694,-0.010091369020194696,0.9847892951168686,0.9967266517932953,False
BSA_m2,Alanine,Group_8C vs Group_15C (Reference),-10.310097764235927,0.3538048545870872,-32.103314953858806,11.483119425386953,0.12253774422628938,-0.060266892393233684,11.807324856388535,0.24774919761887282,-0.12239780071941198,0.9880719019168556,1.4972270921526079,0.7331266306171451,0.9967266517932953,False
Age_years,Campesterol,Group_8C vs Group_15C (Reference),-0.09123181704720398,0.3539367376512821,-0.28412811305566654,0.1016644789612586,0.18991278201086614,0.021144611596463303,0.03373669624008006,0.5064867921182326,-0.06887649829261264,0.3760171690697649,-0.05749512080712393,0.4952400354308546,0.9967266517932953,False
Body_Density_kg_per_m3,Phenylalanine,Group_8C vs Group_22C Contrast,60.857217019326534,0.35405234839798416,-67.84971953957009,189.56415357822314,0.359395790261244,0.2259365798990033,-0.29717179843431724,0.970494125940417,-68.4335976361586,0.2931792336525656,-7.576380616832058,0.3779466966656617,0.9967266517932953,False
Max_Watts_W,Glycerol,Group_8C vs Group_22C Contrast,0.06834368334302683,0.354388876904124,-0.07629748870972362,0.21298485539577727,0.19254123050654537,0.024320653528742353,0.05506954457747099,0.007895799463331072,-0.021845526360025506,0.6780894661001335,0.04649815698300133,0.36872038760631476,0.9967266517932953,False
BSA_m2,Butanoic_acid,Group_8C vs Group_15C (Reference),-12.27383344272943,0.3547087646518826,-38.266718940311854,13.719052054852995,0.13444890462242576,-0.04587424024790221,5.141556063107331,0.002834938708213176,3.355663171615205,0.74440548226241,-7.132277379622098,0.5875462445436421,0.9967266517932953,False
Weight_kg,"D-Arabinose,_tetrakis",Group_8C vs Group_22C Contrast,0.19818765017502737,0.35500607177464594,-0.22179096765082618,0.6181662680008809,0.034305947206225595,-0.16688031379247725,0.08831623417634085,0.5958387675897643,-0.11182062630281239,0.44460004894927785,0.086367023872215,0.581230806470691,0.9967266517932953,False
Age_years,"2,3-Butanediol",Group_22C vs Group_15C (Reference),-0.21056337898532934,0.3551000099554047,-0.6568462763707565,0.23571951840009786,0.07662273370557815,-0.11574753010575978,0.17484983580635102,0.33805577801083686,-0.03571354317897832,0.7930785249938186,-0.001125728001438231,0.9966331770355552,0.9967266517932953,False
Body_Density_kg_per_m3,Dodecanoic_acid,Group_8C vs Group_15C (Reference),86.38934722382096,0.3551800745606236,-96.74080897234397,269.5195034199859,0.25376115555802214,0.0982947296326101,20.140133858337258,0.7383201893163492,269.76139957397663,0.028023465332077224,106.52948108215821,0.13561505786418815,0.9967266517932953,False
Height_m,Stearic_Acid,Group_8C vs Group_22C Contrast,5.359060817659499,0.35521004180721316,-6.00211785837201,16.720239493691007,0.0867318831035011,-0.10353230791660284,5.3668401066618685,0.13448167692476365,-0.9865238783703072,0.8166279123961875,4.3725369392891915,0.26672784062557864,0.9967266517932953,False
BMI_kg·m2,Glutamine_[-H2O],Group_8C vs Group_22C Contrast,-0.4358165261517891,0.35554517713827893,-1.3603889419838437,0.4887558896802654,0.2958231716243359,0.14911966571273927,-0.1550835196167411,0.16735926427621362,0.5585071858648725,0.20426677159172524,0.1226906597130834,0.4709897793731592,0.9967266517932953,False
Age_years,N-Acetylglutamine,Group_8C vs Group_15C (Reference),-0.19020022935412628,0.35598089243211684,-0.5940628589884709,0.21366240028021838,0.25735921739663203,0.10264238768759715,-0.09325013107231683,0.4977228325321431,-0.1448244501453809,0.342857589039681,-0.2834503604264431,0.0647210040417161,0.9967266517932953,False
Body_Fat__Percent,Cysteine,Group_8C vs Group_22C Contrast,-0.49321465515970175,0.35645302034713144,-1.5415322963843665,0.5551029860649629,0.26547902615651686,0.1124538232724579,0.09578061100419728,0.08393502176089171,0.47316171322601946,0.3519791508311516,-0.020052941933682247,0.9039922845447803,0.9967266517932953,False
Age_years,Methyl_galactoside,Group_8C vs Group_15C (Reference),-0.16666479560649572,0.3564939196908956,-0.5209310196984731,0.18760142848548167,0.14224128228881106,-0.036458450567686596,-0.03454613926344776,0.8106892027845989,-0.12996319743298443,0.4092712945810342,-0.2012109348699435,0.06478939913563808,0.9967266517932953,False
BMI_kg·m2,Arachidonic_acid,Group_8C vs Group_22C Contrast,-0.2675262975036757,0.3567385453478089,-0.8364856575805197,0.3014330625731683,0.28618664636638225,0.13747553102604526,0.12134860479883118,0.15018346463614418,0.2305822476164771,0.3137700677830262,-0.03694404988719856,0.8360526576425813,0.9967266517932953,False
Muscle_Mass_kg,Methionine,Group_8C vs Group_22C Contrast,-0.059711431359914094,0.3567762518627837,-0.1867121862020356,0.06728932348220741,0.17954658049981986,0.008618784770615728,-0.023906709379693566,0.7204809679928352,0.06447042760203966,0.12916920139629262,0.004758996242125568,0.9225059910643905,0.9967266517932953,False
Age_years,Erythritol,Group_22C vs Group_15C (Reference),0.2105723879139227,0.35688884079109995,-0.2373924682992899,0.6585372441271353,0.14008238220645453,-0.03906712150053404,-0.10397138195586716,0.5124074549126851,0.10660100595805552,0.5168784780981399,-0.2543820731131925,0.33288018812001274,0.9967266517932953,False
Muscle_Mass_kg,L-Aspartic_acid,Group_22C vs Group_15C (Reference),0.20106234979719917,0.35729348231605385,-0.22703126236368454,0.6291559619580829,0.15431913201861303,-0.021864382144175964,-0.10573895556985738,0.6016206015931753,0.09532339422734179,0.24368750757816438,-0.14626311159071545,0.27899388335306385,0.9967266517932953,False
Age_years,"Ethanolamine,_2TMS",Group_22C vs Group_15C (Reference),0.20628512144180608,0.35732015100823344,-0.23295296169429705,0.6455232045779092,0.09869683796170603,-0.08907465412960525,-0.1824073699316121,0.27435062522891696,0.023877751510193973,0.873178665241835,0.11435030261530282,0.5487077007634378,0.9967266517932953,False
Muscle_Mass_kg,"D-Arabinose,_tetrakis",Group_8C vs Group_22C Contrast,0.3199491293509154,0.35764265760289715,-0.36178073465118327,1.0016789933530141,0.0912349916170132,-0.09809105179610889,-0.10390922488322604,0.8414012183413351,-0.20558724752685692,0.4553307210173141,0.11436188182405846,0.5904124701705684,0.9967266517932953,False
Body_Fat__Percent,Phenylalanine,Group_8C vs Group_22C Contrast,-0.1391111348677052,0.3582474381053109,-0.4358945760294534,0.157672306294043,0.3552850037895968,0.22096937957909624,0.00039624379710124103,0.9825480960121912,0.15663657627353045,0.2966866667559027,0.017525441405825234,0.3801510181415304,0.9967266517932953,False
Max_Watts_W,Decanoic_acid,Group_22C vs Group_15C (Reference),-0.022425411884831745,0.3582527691563886,-0.07026804097618378,0.025417217206520282,0.13177622185456728,-0.04910373192573125,0.009129981875593387,0.00960571896847719,-0.013295430009238359,0.5820150550134777,-0.009921555500937753,0.39548237245173645,0.9967266517932953,False
Muscle_Mass_kg,N-Acetylglutamine,Group_8C vs Group_22C Contrast,-0.2732657812893544,0.3584011909265078,-0.8564448780804845,0.3099133155017757,0.2084708500181105,0.043568943771883584,-0.052818437441707694,0.8582089791216467,0.06815609985433635,0.4193108786303754,-0.20510968143501804,0.4722196061864732,0.9967266517932953,False
VO2max_ml_per_kg_per_min,2-Keto-3-methylvaleric_acid,Group_22C vs Group_15C (Reference),-0.22151283105612207,0.35846162311885865,-0.6942962205248451,0.2512705584126009,0.13909957249638272,-0.040254683233537536,0.12436265690591639,0.4251173576866064,-0.09715017415020569,0.5976056351480923,0.1367412647304807,0.3241534149555285,0.9967266517932953,False
BMI_kg·m2,Methionine,Group_8C vs Group_22C Contrast,-0.5373383432465167,0.3594826815290304,-1.6866608566034245,0.6119841701103909,0.43439759534084654,0.31656376103685624,-0.02056808470205798,0.833189154778621,0.7199111877120581,0.14307027746043133,0.1825728444655413,0.5679157160517869,0.9967266517932953,False
Muscle_Mass_kg,1-Monooleoylglycerol,Group_8C vs Group_15C (Reference),-0.19989589389961876,0.35969382701210983,-0.6276368503416965,0.22784506254245895,0.13462229502168066,-0.045664726848802406,0.0877518329056194,0.6680914326086258,-0.04683299569122697,0.7740535576427767,-0.11214406099399936,0.13891054018702675,0.9967266517932953,False
Height_m,Indole-3-Propionic_Acid,Group_22C vs Group_15C (Reference),9.057031055136026,0.3597283481818411,-10.324765289245,28.438827399517052,0.03770174826620032,-0.16277705417834132,-4.024409511187548,0.6274589192964839,5.032621543948478,0.3502250428968121,-0.615042707108119,0.745945466137353,0.9967266517932953,False
Height_m,Oleic_Acid,Group_22C vs Group_15C (Reference),-11.920147205802998,0.3607609946440784,-37.48383101272438,13.643536601118388,0.2914414819108001,0.14382512397555014,5.298434214880251,0.3771529017763985,-6.621712990922747,0.5674828268738226,18.67861332828622,0.18938504667214673,0.9967266517932953,False
BSA_m2,Lactic_Acid1,Group_8C vs Group_15C (Reference),-27.261029841789014,0.36096979085730607,-85.7498547581131,31.227795074535077,0.114043670214799,-0.07053056515711775,18.76626897404121,0.45734287143946883,-3.156749172411857,0.8078491299477153,-8.494760867747804,0.5932905815894898,0.9967266517932953,False
BMI_kg·m2,L-+-Erythrulose,Group_8C vs Group_22C Contrast,-1.6625624899800617,0.3617362011064972,-5.23537146317385,1.9102464832137267,0.2774886575441987,0.12696546119924013,-0.6302604611218017,0.21856987062956024,1.0488471000901793,3.326492639454948e-05,-0.6137153898898824,0.7338863131650584,0.9967266517932953,False
Skinfold_Thickness_mm,Leucine,Group_8C vs Group_15C (Reference),0.054320262202758804,0.36191276986915366,-0.06245354085774364,0.17109406526326126,0.1628552212364206,-0.011549941005991604,-0.009374775434140739,0.7012754931198535,0.05062033380654639,0.46194557037338346,0.044945486768618065,0.4081415289656998,0.9967266517932953,False
Skinfold_Thickness_mm,Glyceric_acid,Group_8C vs Group_15C (Reference),-0.10551092190969417,0.3619859764673373,-0.3323653244649444,0.12134348064555601,0.10027929662509039,-0.08716251657801566,0.033616391011481554,0.4628784159870113,-0.05194514718441815,0.5450542767057538,-0.07189453089821263,0.49882997205904145,0.9967266517932953,False
Muscle_Mass_kg,Erythritol,Group_8C vs Group_22C Contrast,-0.24627265037918472,0.3621315628304346,-0.7759430105032183,0.28339770974484885,0.09723644898676209,-0.09083929080766251,0.1550990155454638,0.4880097090668575,0.07843019859655165,0.6707397873836562,-0.16784245178263307,0.3953504931246017,0.9967266517932953,False
BSA_m2,Alanine,Group_22C vs Group_15C (Reference),-11.929722657107947,0.3621526850916845,-37.58820490782007,13.72875959360418,0.12253774422628938,-0.060266892393233684,11.807324856388535,0.24774919761887282,-0.12239780071941198,0.9880719019168556,1.4972270921526079,0.7331266306171451,0.9967266517932953,False
Weight_kg,L-Aspartic_acid,Group_22C vs Group_15C (Reference),0.19410814417258915,0.36434568364170017,-0.22529262790258053,0.6135089162477588,0.13016284181502047,-0.05105323280685026,-0.05455187223678448,0.6628956556153509,0.13955627193580467,0.421392303797099,-0.09775444596738493,0.8087887884615983,0.9967266517932953,False
Skinfold_Thickness_mm,Indole-3-Latic_Acid,Group_22C vs Group_15C (Reference),0.01470726513731012,0.36475176372746254,-0.017096980696435088,0.046511510971055325,0.47191099872946507,0.36189245679810367,-0.014809189550997448,0.0006757521302975252,-0.00010192441368732721,0.9947973645734467,0.001250252224624335,0.8329173719259297,0.9967266517932953,False
Muscle_Mass_kg,"1,5-Anhydrohexitol",Group_22C vs Group_15C (Reference),-0.3399047334559189,0.3651181755931385,-1.0755055991861215,0.3956961322742838,0.1359093704112294,-0.04410951075309777,0.338629262297266,0.34926611009659114,-0.0012754711586528966,0.9898116687490015,0.08028955265583743,0.7294564940046837,0.9967266517932953,False
Height_m,Diethanolamine,Group_8C vs Group_15C (Reference),37.03543784657752,0.36514470730512916,-43.11880806603642,117.18968375919147,0.2225634176799125,0.06059746302989433,-12.307876209738868,0.7359900439810028,4.419174809166961,0.9667666468523062,24.727561636838654,0.1798735933433484,0.9967266517932953,False
BMI_kg·m2,Phenylalanine,Group_22C vs Group_15C (Reference),0.30427968550847556,0.36522259751825237,-0.3543670678852689,0.9629264389022201,0.4416303014594305,0.32530328093014527,0.0025263766550951087,0.9333405625955705,0.30680606216357065,0.3593069544302758,0.07050781311906061,0.05646683256415841,0.9967266517932953,False
Weight_kg,"R*,R*-2,3-Dihydroxybutanoic_acid",Group_22C vs Group_15C (Reference),0.1391244683489847,0.3661944066667475,-0.16263679237454196,0.44088572907251133,0.3058402647180337,0.16122365320095744,0.08474759976095368,0.36718467360251883,0.22387206810993837,0.06639547801634338,-0.08737923909787147,0.7953926743263122,0.9967266517932953,False
BMI_kg·m2,"1,5-Anhydrohexitol",Group_8C vs Group_15C (Reference),1.1528486155611481,0.3662227138972165,-1.3478301066466318,3.653527337768928,0.15154652458693463,-0.02521461612412068,-0.2005988195187211,0.6968462178115635,0.3451258174631256,0.00015168823723477054,0.952249796042427,0.4146565250769363,0.9967266517932953,False
VO2max_ml_per_kg_per_min,Glutamic_Acid,Group_8C vs Group_22C Contrast,0.08705609036937217,0.3663882415847346,-0.10184860089654368,0.27596078163528803,0.08486503004647905,-0.10578808869383782,0.01264432283238351,0.5524541791652344,-0.08209382690815269,0.35830101706101924,0.004962263461219495,0.8906388119571362,0.9967266517932953,False
Weight_kg,"D-Arabinose,_tetrakis",Group_22C vs Group_15C (Reference),-0.20013686047915324,0.36652696293097686,-0.6345354348511285,0.23426171389282208,0.034305947206225595,-0.16688031379247725,0.08831623417634085,0.5958387675897643,-0.11182062630281239,0.44460004894927785,0.086367023872215,0.581230806470691,0.9967266517932953,False
BMI_kg·m2,"R*,R*-2,3-Dihydroxybutanoic_acid",Group_22C vs Group_15C (Reference),0.648439969999811,0.3672468410800638,-0.7611198924855652,2.057999832485187,0.32151220496134414,0.18016058099495758,0.3312535580302751,0.23197992111901589,0.9796935280300861,0.13987534699931814,-0.37851097351218266,0.4919396358359105,0.9967266517932953,False
Skinfold_Thickness_mm,DL-Ornithine,Group_8C vs Group_22C Contrast,-0.02863379083905225,0.36734681998699836,-0.09089122290907267,0.03362364123096817,0.0765045707961074,-0.11589031028803687,-0.00038015044229402063,0.97146533572622,0.0072215894622354735,0.5808167516727236,-0.021412201376816774,0.45947649824001546,0.9967266517932953,False
Muscle_Mass_kg,Indole-3-Propionic_Acid,Group_8C vs Group_22C Contrast,-0.04415894770022426,0.3674609993022878,-0.14019506082485433,0.05187716542440583,0.1804844365487399,0.009752027496394144,0.03652900886645254,0.5395290952991554,0.04918653302898499,0.29051834020804,0.005027585328760735,0.7431097742999384,0.9967266517932953,False
VO2max_ml_per_kg_per_min,L-Norvaline,Group_22C vs Group_15C (Reference),-0.41802521159175676,0.3675646577669721,-1.327319209522641,0.4912687863391274,0.15071804839395142,-0.026215691523975293,-0.02322512656025719,0.8877013295717158,-0.441250338152014,0.3090736509872474,-0.17412470108980183,0.5861766929879586,0.9967266517932953,False
VO2max_ml_per_kg_per_min,L-Alanine,Group_22C vs Group_15C (Reference),0.5069995508382926,0.3684361405999471,-0.5978410098287695,1.6118401115053547,0.232847861031251,0.07302449874609496,-0.29647486093299397,0.153480999411855,0.21052468990529866,0.6878803379639165,0.4207912497205066,0.18647672371374924,0.9967266517932953,False
BSA_m2,Lactic_Acid,Group_8C vs Group_22C Contrast,-25.505897059129353,0.36880801349279313,-81.1319037593716,30.120109641112883,0.35364346098950195,0.2189858486956482,15.649302707840562,0.035665820129930643,1.247333031619677,0.9043055876747765,-24.258564027509678,0.35845120457112056,0.9967266517932953,False
BMI_kg·m2,Proline,Group_8C vs Group_22C Contrast,-0.8084648697400758,0.3689363112886337,-2.5721246226959633,0.9551948832158117,0.3493149750569906,0.21375559486053042,0.16336542825908457,0.3210800061741854,0.9315213601081858,0.26748941920172853,0.12305649036811005,0.7027324593333362,0.9967266517932953,False
BMI_kg·m2,Proline,Group_22C vs Group_15C (Reference),0.7681559318491012,0.3695455972059132,-0.9096733981850219,2.4459852618832243,0.3493149750569906,0.21375559486053042,0.16336542825908457,0.3210800061741854,0.9315213601081858,0.26748941920172853,0.12305649036811005,0.7027324593333362,0.9967266517932953,False
Age_years,2-OH-Butanoic_Acid,Group_8C vs Group_22C Contrast,0.07522415109800766,0.36995975350873644,-0.08922796087561062,0.23967626307162593,0.1746590514708536,0.0027130205272815067,-0.07033075283701974,0.28299814665185086,-0.004733828069853091,0.9159604385492868,0.07049032302815457,0.3201455697854827,0.9967266517932953,False
BSA_m2,L-5-Oxoproline,Group_8C vs Group_22C Contrast,14.49294729461941,0.37096230246650796,-17.257423674678734,46.24331826391755,0.30444950770751056,0.15954315514657536,-12.31746199356673,0.6096767585417096,-0.427623991438308,0.9693210541670594,14.065323303181103,0.2325095391308043,0.9967266517932953,False
Skinfold_Thickness_mm,Phenylalanine,Group_8C vs Group_15C (Reference),0.0038480684195444288,0.3711323806485052,-0.004584916032090285,0.012281052871179142,0.2733723956335633,0.12199164472388901,-0.0005435976936142269,0.8328691419060354,0.023417797810534782,0.32613558026041867,0.0033044707259302017,0.33763133656957045,0.9967266517932953,False
Skinfold_Thickness_mm,alpha-D-Glucopyranoside,Group_22C vs Group_15C (Reference),-0.062334836867901484,0.3730101393883698,-0.19947819552898052,0.07480852179317757,0.06922356719740852,-0.12468818963646466,0.009416952074948949,0.7892237518532301,-0.052917884792952535,0.3814192912195076,-0.029195741822864753,0.7395934754434588,0.9967266517932953,False
Body_Fat__Percent,Threonine,Group_8C vs Group_22C Contrast,-0.41056384756627157,0.3737357962420742,-1.3152377694489223,0.49411007431637927,0.13249622949825146,-0.04823372268961279,-0.07939231773304685,0.6318611966722967,0.24595529178437842,0.5592006204095408,-0.16460855578189315,0.3835808758377781,0.9967266517932953,False
Body_Density_kg_per_m3,2-OH-Butanoic_Acid,Group_22C vs Group_15C (Reference),-52.973296097930344,0.37387253207462023,-169.73076278196743,63.784170586106754,0.1413064170243885,-0.037588079428863885,50.56452921294087,0.20111628863133346,-2.4087668849894754,0.956875282703723,-29.88212568028206,0.33665060122471036,0.9967266517932953,False
Body_Density_kg_per_m3,1-Heptadecanol,Group_22C vs Group_15C (Reference),78.11205453105023,0.3738828597346161,-94.05700817609033,250.2811172381908,0.10118121734783792,-0.08607269570469578,-24.024862875289315,0.4024360698921219,54.08719165576092,0.5147484305472889,69.88031958620824,0.4362347875336332,0.9967266517932953,False
VO2max_ml_per_kg_per_min,N-Acetylglutamine,Group_8C vs Group_22C Contrast,0.40210489197289195,0.3739186291354242,-0.48426889455936456,1.2884786785051485,0.23899455476573017,0.08045175367525736,-0.09140740879567599,0.5825334088771471,0.015339102297803262,0.9660671279597517,0.41744399427069523,0.12617466982298264,0.9967266517932953,False
BSA_m2,Decanoic_acid,Group_22C vs Group_15C (Reference),-3.6224933804978354,0.3740590222982765,-11.60988139576327,4.364894634767601,0.034549573493942276,-0.16658593202815308,0.7597108947369018,0.8179070311919773,-2.862782485760934,0.23130904493294158,0.165720711731563,0.9015194738349996,0.9967266517932953,False
Weight_kg,Proline,Group_8C vs Group_22C Contrast,-0.14709239335303473,0.3741322843597883,-0.4714782971570325,0.177293510450963,0.2528627897079696,0.09720920423046331,0.07291171250820042,0.23423932517626778,0.16926950121705153,0.246797374794953,0.02217710786401681,0.7751983930700281,0.9967266517932953,False
Muscle_Mass_kg,Threonine,Group_8C vs Group_22C Contrast,-0.07813264185941257,0.3747974750513713,-0.2506802892674464,0.09441500554862126,0.09688567322911579,-0.09126314484815179,-0.1014735969320519,0.41310085454083234,-0.0017706180171043612,0.978899417642886,-0.07990325987651693,0.16222013302115412,0.9967266517932953,False
Body_Density_kg_per_m3,Threonine,Group_8C vs Group_22C Contrast,178.48810234429308,0.37489347305001963,-215.76316582296798,572.7393705115542,0.13263161952240088,-0.04807012641043218,34.199249133813254,0.6447503212435408,-108.03203705384834,0.5576590192261235,70.45606529044474,0.3825872935206953,0.9967266517932953,False
Weight_kg,4-Aminobutanoic_acid,Group_22C vs Group_15C (Reference),0.09985017679535022,0.3750214601071654,-0.12075772928612641,0.32045808287682687,0.1326096616422725,-0.04809665884892067,-0.01297732815660262,0.8308167076122055,0.0868728486387476,0.359273199781474,-0.1471379310691928,0.5186532255453584,0.9967266517932953,False
VO2max_ml_per_kg_per_min,Campesterol,Group_22C vs Group_15C (Reference),0.08545104339752577,0.3750815551316985,-0.10336733147495536,0.2742694182700069,0.19747388716016656,0.03028094698520134,0.040126064670340446,0.3971890219530555,0.1255771080678662,0.13433625699348983,0.06526160690541845,0.46901751766300226,0.9967266517932953,False
Skinfold_Thickness_mm,"Ethanolamine,_3TMS",Group_22C vs Group_15C (Reference),0.06939425645136824,0.3765152796176733,-0.08440516243867319,0.22319367534140966,0.17415006028579616,0.002097989512003795,0.005441580949601991,0.9041756213697543,0.07483583740097023,0.24334375336157987,-0.040855403979116627,0.5874731101418342,0.9967266517932953,False
Height_m,Nonanoic_acid,Group_8C vs Group_22C Contrast,29.456469271806625,0.37812154067982184,-36.04968376640316,94.96262231001641,0.25151152009967026,0.09557642012043499,-18.83362332454714,0.4335854229541367,-12.918865309976164,0.6807429372740468,16.537603961830463,0.1486979418628891,0.9967266517932953,False
Body_Density_kg_per_m3,2-Aminoadipic_acid,Group_22C vs Group_15C (Reference),-200.72918222422044,0.3789635062691593,-647.8973293598272,246.43896491138634,0.12650567709585891,-0.055472306842503816,3.7760965347213267,0.9664498469886885,-196.95308568949912,0.34772599933261916,54.96994470402874,0.4963635510601354,0.9967266517932953,False
Skinfold_Thickness_mm,Glyceric_acid,Group_22C vs Group_15C (Reference),-0.0855615381958997,0.37912945807768605,-0.27623494428399875,0.10511186789219931,0.10027929662509039,-0.08716251657801566,0.033616391011481554,0.4628784159870113,-0.05194514718441815,0.5450542767057538,-0.07189453089821263,0.49882997205904145,0.9967266517932953,False
Muscle_Mass_kg,2-Aminoheptanedioic_acid,Group_22C vs Group_15C (Reference),0.2647181350329686,0.3792602876648362,-0.325366682747704,0.8548029528136412,0.15902112947822877,-0.016182801880473496,-0.0863929506134056,0.7190677089777645,0.178325184419563,0.32596229825510514,-0.1304350068244445,0.3854908619140296,0.9967266517932953,False
BSA_m2,Cholesterol,Group_8C vs Group_22C Contrast,-5.0588657842025695,0.37934333908842355,-16.337786924386446,6.220055355981308,0.16469618818768184,-0.009325439273217828,-7.393529049082119,0.4053966208272398,5.584521854557938,0.2923947794929642,0.5256560703553683,0.8138191820771974,0.9967266517932953,False
Age_years,Stearic_Acid,Group_8C vs Group_22C Contrast,-0.07647701208072444,0.3794422147243225,-0.24702060714308063,0.09406658298163176,0.16532585961598123,-0.008564586297356014,0.0147919289960903,0.39447992362513995,0.0539122230105271,0.5176995311379857,-0.022564789070197332,0.36695465878347155,0.9967266517932953,False
Body_Fat__Percent,2-OH-Butanoic_Acid,Group_22C vs Group_15C (Reference),0.12019955499250971,0.37973705973481164,-0.14800619209806692,0.3884053020830864,0.13981347105270903,-0.03939205581130989,-0.11449762425769133,0.2034567399108128,0.005701930734818381,0.955876264091915,0.06878979089583584,0.3424209113013814,0.9967266517932953,False
VO2max_ml_per_kg_per_min,Valine,Group_8C vs Group_22C Contrast,0.2525766120588887,0.38003189830788964,-0.3113661982742273,0.8165194223920047,0.29705941439878814,0.1506134590652024,0.08995959551159304,0.021559859481462263,-0.2317035416661763,0.4150790821599708,0.02087307039271241,0.637133352222176,0.9967266517932953,False
Max_Watts_W,"R*,R*-2,3-Dihydroxybutanoic_acid",Group_8C vs Group_15C (Reference),-0.034046734063174856,0.38016906127649897,-0.11008539128819389,0.04199192316184417,0.18673145939950409,0.017300513441067533,0.01625687545968301,0.4351388932349072,0.019508875998457614,0.7551701610745467,-0.017789858603491845,0.5867543349980626,0.9967266517932953,False
BSA_m2,alpha-D-Glucopyranoside,Group_22C vs Group_15C (Reference),-13.015820511331993,0.3806609231802174,-42.11488008736265,16.08323906469866,0.09799832325306757,-0.0899186927358766,5.152917131076561,0.6874693555679938,-7.862903380255433,0.2949205650875466,10.090318362495427,0.37629640938028475,0.9967266517932953,False
Max_Watts_W,"2,3-Butanediol",Group_22C vs Group_15C (Reference),-0.035603498295837234,0.38096045311013027,-0.11525119185874086,0.0440441952670664,0.2989805783604309,0.15293486551885405,0.06402735026965412,0.0004174716414055398,0.02842385197381688,0.434392900217373,-0.026934981756538398,0.3279022197767567,0.9967266517932953,False
Body_Fat__Percent,1-Heptadecanol,Group_22C vs Group_15C (Reference),-0.17926327865973224,0.3810274317509489,-0.5803450711234479,0.22181851380398337,0.10051746889413093,-0.08687472508625849,0.05512879909924632,0.4002979140747732,-0.12413447956048593,0.5219502586391149,-0.16114724850470533,0.44985557563931344,0.9967266517932953,False
VO2max_ml_per_kg_per_min,"R*,R*-2,3-Dihydroxybutanoic_acid",Group_8C vs Group_15C (Reference),-0.18134014743574936,0.38142712628366704,-0.5874094086009546,0.2247291137294559,0.26926977098446525,0.11703430660622893,0.05400795133186602,0.49994146661915584,-0.35973569197585725,0.20298539142169592,-0.12733219610388335,0.5051846636340176,0.9967266517932953,False
Skinfold_Thickness_mm,3-OH-Butanoic_Acid,Group_8C vs Group_15C (Reference),0.017839343178339646,0.38151144116839,-0.02211480895682488,0.05779349531350417,0.1888931440995707,0.019912549120314704,-0.020875773672617462,0.28330814032148577,-0.04474747366960123,0.2342948048172495,-0.0030364304942778163,0.617546902856736,0.9967266517932953,False
Muscle_Mass_kg,Butanoic_acid,Group_22C vs Group_15C (Reference),-0.13631878811551945,0.3815500454404528,-0.4416519600261479,0.16901438379510902,0.20349934722375673,0.03756171122870611,0.18758246679326326,0.1574790084583948,0.05126367867774381,0.5299018196742846,-0.11662425785171696,0.272702205438192,0.9967266517932953,False
Skinfold_Thickness_mm,Doconexent,Group_8C vs Group_15C (Reference),-0.03163835496564405,0.38242655749676757,-0.10263402859351917,0.03935731866223107,0.13571711482108983,-0.04434181959118311,0.009802777971892654,0.33583934291159934,0.0008326270446057781,0.9553928997218457,-0.021835576993751396,0.5299020662302552,0.9967266517932953,False
Body_Density_kg_per_m3,"2-Ethyl-3-hydroxypropionic_acid,_di-",Group_8C vs Group_22C Contrast,135.39157973221623,0.3826929576626227,-168.5994402762001,439.3825997406326,0.25608168415468513,0.10109870168691126,-43.6303362213683,0.5458225886429902,-18.418185536090053,0.8522587673053121,116.97339419612618,0.32755712276302384,0.9967266517932953,False
BSA_m2,Proline,Group_8C vs Group_15C (Reference),-6.136906048019991,0.3827059173654688,-19.916055851522678,7.642243755482694,0.19602431064200976,0.028529375359095166,7.350074516956798,0.25342719217580567,9.57488607208878,0.3690510949835972,1.2131684689368063,0.6680981752914983,0.9967266517932953,False
Body_Density_kg_per_m3,DL-Ornithine,Group_8C vs Group_15C (Reference),77.36350797456419,0.3828798446590428,-96.40371223531841,251.13072818444678,0.1279420456830117,-0.05373669479969423,-1.0419418262128421,0.9729571677362707,-17.65470215188322,0.6147912263488173,76.32156614835134,0.35874103782368527,0.9967266517932953,False
Muscle_Mass_kg,Cysteine,Group_8C vs Group_15C (Reference),0.10383428469195513,0.38322552755744044,-0.12955882930893614,0.3372273986928464,0.0833425636598274,-0.10762773557770844,-0.0920550468236438,0.3387254429003286,0.007102603971109095,0.9115171821638928,0.011779237868311337,0.866653820257012,0.9967266517932953,False
VO2max_ml_per_kg_per_min,"D-Arabinose,_tetrakis",Group_22C vs Group_15C (Reference),0.4474273758527448,0.38340745646618635,-0.5586605002376073,1.4535152519430967,0.2408546480210203,0.08269936635873287,-0.20678603427746442,0.35565197389177017,0.24064134157528036,0.6024025833732294,-0.6897788289491531,0.004645349509880603,0.9967266517932953,False
Body_Fat__Percent,"2-Ethyl-3-hydroxypropionic_acid,_di-",Group_8C vs Group_22C Contrast,-0.31212271720998697,0.3838206112969571,-1.0145865769519031,0.3903411425319291,0.2552523747457247,0.10009661948441739,0.09683647677359972,0.5511634658981045,0.03987990991015761,0.8603162629194661,-0.2722428072998293,0.3268307204159848,0.9967266517932953,False
VO2max_ml_per_kg_per_min,Ethyl_alpha-D-glucopyranoside,Group_8C vs Group_15C (Reference),0.17275594284871498,0.3838869796907969,-0.21609596370761108,0.561607849405041,0.1400852007256198,-0.03906371578987611,-0.08290669615678674,0.510595625447746,0.2898384042554197,0.3080957147122443,0.08984924669192824,0.5576472499456706,0.9967266517932953,False
Max_Watts_W,Tryptophan,Group_8C vs Group_15C (Reference),0.03048295904014535,0.3848480478033347,-0.03826918955576242,0.09923510763605312,0.14194387932802233,-0.03681781247863958,0.003517089250670004,0.6078697173662889,-0.002270544929230519,0.9448358438021904,0.034000048290815356,0.322998955203774,0.9967266517932953,False
Weight_kg,"R*,R*-2,3-Dihydroxybutanoic_acid",Group_8C vs Group_22C Contrast,-0.31125130720780986,0.3850858198841943,-1.0136207090885516,0.39111809467293185,0.3058402647180337,0.16122365320095744,0.08474759976095368,0.36718467360251883,0.22387206810993837,0.06639547801634338,-0.08737923909787147,0.7953926743263122,0.9967266517932953,False
Body_Fat__Percent,"1,3-Dioxolane-2-methanol",Group_8C vs Group_22C Contrast,0.512817216641464,0.38565267369224276,-0.6457869160735532,1.6714213493564811,0.1754341762647883,0.0036496296532859684,0.48893413418818205,0.005835911289775374,-0.35429787099407567,0.3332941845219557,0.1585193456473883,0.7326425146628424,0.9967266517932953,False
BMI_kg·m2,Tryptophan,Group_8C vs Group_15C (Reference),0.75841572009219,0.3859741236114317,-0.9561955711570146,2.4730270113413946,0.1305967733804313,-0.05052889883197875,-0.09715995722672978,0.1590324362670945,0.45886317790303477,0.49548488352783626,0.6612557628654603,0.44830745402939165,0.9967266517932953,False
Body_Fat__Percent,DL-Ornithine,Group_8C vs Group_15C (Reference),-0.17723820935055548,0.3861859833362392,-0.5781136108207768,0.22363719211966585,0.12627860088852205,-0.05574669059303572,0.0016170989607895631,0.9814919812098395,0.04110176962692378,0.6091649012828277,-0.1756211103897659,0.3610697872212407,0.9967266517932953,False
Height_m,Oleic_Acid,Group_8C vs Group_15C (Reference),13.38017911340597,0.3863260114450918,-16.8918839445774,43.65224217138934,0.2914414819108001,0.14382512397555014,5.298434214880251,0.3771529017763985,-6.621712990922747,0.5674828268738226,18.67861332828622,0.18938504667214673,0.9967266517932953,False
Muscle_Mass_kg,Lactic_Acid,Group_8C vs Group_22C Contrast,-0.24404685904576,0.3865332373989969,-0.796443201532886,0.308349483441366,0.20892216527786,0.04411428304408094,0.1294015729176399,0.6435279225657213,-0.019128660910378875,0.9188939932358746,-0.26317551995613886,0.21034170083514803,0.9967266517932953,False
Body_Fat__Percent,2-Aminoadipic_acid,Group_22C vs Group_15C (Reference),0.45695133305201974,0.3869890800302487,-0.5783254187986037,1.492228084902643,0.12496245687579977,-0.05733703127507517,-0.006714837416171748,0.974200646380455,0.450236495635848,0.35392747405586666,-0.1269092374733252,0.4957560654243469,0.9967266517932953,False
BSA_m2,Cholesterol,Group_8C vs Group_15C (Reference),7.919185119437487,0.3874085539760126,-10.038516668096662,25.876886906971635,0.16469618818768184,-0.009325439273217828,-7.393529049082119,0.4053966208272398,5.584521854557938,0.2923947794929642,0.5256560703553683,0.8138191820771974,0.9967266517932953,False
Age_years,Palmitelaidic_acid,Group_22C vs Group_15C (Reference),-0.16518138993274162,0.38778745385119706,-0.5400491391904305,0.20968635932494728,0.24503320962725972,0.08774846163293892,-0.11060128266802091,0.05008604213282829,-0.2757826726007625,0.13126363785180728,-0.02548553649673979,0.8798227652189177,0.9967266517932953,False
BMI_kg·m2,Cholesterol,Group_8C vs Group_15C (Reference),0.24450126706050657,0.38797091217981483,-0.31059201394309777,0.7995945480641109,0.19864112827875235,0.03169136333682587,-0.28230031629050123,0.305417353956423,0.4877884940750481,0.3597729999238808,-0.03779904922999466,0.5661677789421065,0.9967266517932953,False
Muscle_Mass_kg,"Ethanolamine,_2TMS",Group_22C vs Group_15C (Reference),-0.3468803572248973,0.38883835154107693,-1.1358469894209655,0.4420862749711709,0.12384573900229168,-0.058686398705564136,0.160120294040885,0.6708654045507414,-0.1867600631840123,0.1874066170882629,0.0206467759799199,0.8170448880227625,0.9967266517932953,False
Weight_kg,Leucine,Group_8C vs Group_15C (Reference),0.1494151932746752,0.38910084210281415,-0.1906123141387777,0.4894427006881281,0.24694528028496743,0.09005888034433573,0.021806106646833752,0.777468878798468,0.16159295170461854,0.33771755848238394,0.17122129992150895,0.27049662580835365,0.9967266517932953,False
BSA_m2,L-Norvaline,Group_22C vs Group_15C (Reference),24.80749966225381,0.3900937296371475,-31.7658357567853,81.38083508129293,0.12409491105719694,-0.058385315805886906,-10.74092179365518,0.6344187854144188,14.06657786859863,0.4337726518239444,0.36962517464057143,0.9349079571680337,0.9967266517932953,False
Weight_kg,3-OH-Butanoic_Acid,Group_8C vs Group_22C Contrast,0.09047774956631097,0.39018312421211154,-0.1158988591417977,0.29685435827441964,0.09805667321788425,-0.08984818652838977,-0.014251994620201432,0.8589252076336873,-0.0930612920166563,0.31928413958952095,-0.0025835424503453386,0.9575472440935722,0.9967266517932953,False
BSA_m2,Glycine,Group_8C vs Group_22C Contrast,-14.081012461091408,0.3903666483554855,-46.21175320526959,18.049728283086775,0.10190461523361827,-0.08519858992604457,4.634888294474986,0.804916077307644,12.735348676668973,0.40243473589421264,-1.3456637844224328,0.8258011329721042,0.9967266517932953,False
Muscle_Mass_kg,Cysteine,Group_22C vs Group_15C (Reference),0.09915765079475289,0.39067877731652734,-0.12725003429514667,0.3255653358846524,0.0833425636598274,-0.10762773557770844,-0.0920550468236438,0.3387254429003286,0.007102603971109095,0.9115171821638928,0.011779237868311337,0.866653820257012,0.9967266517932953,False
BSA_m2,L-+-Erythrulose,Group_22C vs Group_15C (Reference),14.129599269618218,0.3912469698598663,-18.171376770443025,46.43057530967946,0.1539579414371025,-0.02230082076350115,-2.5374613637307912,0.8322634188909374,11.592137905887427,0.3056819870469183,5.986842508927385,0.7623981677525271,0.9967266517932953,False
Body_Density_kg_per_m3,L-Norvaline,Group_8C vs Group_22C Contrast,218.77457081651653,0.391302271449957,-281.4227090288892,718.9718506619222,0.11252430320544216,-0.07236646696009075,57.20304638624382,0.6510195586805161,-206.59844696048097,0.3379762734192413,12.176123856035552,0.9289311686601454,0.9967266517932953,False
Max_Watts_W,Ethyl_alpha-D-glucopyranoside,Group_8C vs Group_15C (Reference),0.019763461753101157,0.3915160888930723,-0.02544248602187935,0.06496940952808167,0.0923550162519664,-0.09673768869554045,-0.02233226997646643,0.02185444192813735,-0.01228428444922286,0.9260288037032787,-0.002568808223365273,0.9022128391510085,0.9967266517932953,False
VO2max_ml_per_kg_per_min,alpha-D-Glucopyranoside,Group_8C vs Group_15C (Reference),0.2266277481050723,0.39168170573002425,-0.2919304692748344,0.7451859654849791,0.11624895232770815,-0.06786584927068584,-0.06513508445436952,0.6701600014552322,0.2884130600965379,0.16838551813222824,0.16149266365070278,0.4544678544315115,0.9967266517932953,False
Body_Density_kg_per_m3,"1,3-Dioxolane-2-methanol",Group_8C vs Group_22C Contrast,-220.68896758925862,0.39177672516245665,-725.7689805001389,284.3910453216216,0.17536002875005086,0.003560034739644835,-214.92995376337066,0.005369461018222545,153.92552455393323,0.33280790295603624,-66.7634430353254,0.7420514062768993,0.9967266517932953,False
Muscle_Mass_kg,Asparagine,Group_8C vs Group_22C Contrast,-0.11142380946237299,0.3918252924419967,-0.36646017173393886,0.1436125528091929,0.0764285109601548,-0.11598221592314628,-0.10982237897740367,0.6041760596122991,-0.02787956893136155,0.7439609303116499,-0.13930337839373452,0.1560645035478021,0.9967266517932953,False
Muscle_Mass_kg,Palmitic_Acid,Group_22C vs Group_15C (Reference),-0.03346731172188482,0.3924001647699079,-0.11016182229277408,0.04322719884900444,0.1830645756762853,0.012869695608844767,0.027495943281914854,0.3835279903114185,-0.005971368439969968,0.7963903910367973,0.020147882358709797,0.35963829160781113,0.9967266517932953,False
Body_Density_kg_per_m3,"11-Eicosenoic_acid,_E-",Group_8C vs Group_22C Contrast,-80.26831743518969,0.3925909148342269,-264.29068075452517,103.75404588414577,0.2637305356517161,0.11034106391249032,1.875085835587445,0.9702353976940516,119.19215318586473,0.10108470873119568,38.92383575067504,0.5124167565752502,0.9967266517932953,False
BMI_kg·m2,Oxalic_acid,Group_8C vs Group_22C Contrast,-0.8689875691299294,0.3926321798193144,-2.861393708311377,1.1234185700515187,0.390327246625253,0.26331208967218067,-0.4208353804280081,0.22213352742045744,0.6926511359971377,0.24538761045787094,-0.17633643313279176,0.8304012040083968,0.9967266517932953,False
Muscle_Mass_kg,Glyceric_acid,Group_8C vs Group_15C (Reference),-0.5226457326106477,0.3926846335302766,-1.7210735090971172,0.6757820438758217,0.1152518644846039,-0.06907066374777027,0.45823214644587845,0.4214531283387245,-0.14983842322481639,0.15711692352923734,-0.06441358616476928,0.7709792827169097,0.9967266517932953,False
BMI_kg·m2,L-Alanine,Group_8C vs Group_15C (Reference),-1.3285762266772265,0.3935895674975616,-4.380836135732984,1.7236836823785315,0.11125721221908502,-0.0738975352352722,0.5581039373472882,0.24537858156903725,0.02589809915072505,0.985354128817739,-0.7704722893299383,0.6029813086759555,0.9967266517932953,False
BMI_kg·m2,"D-Arabinose,_tetrakis",Group_8C vs Group_15C (Reference),1.189502310750429,0.39372941151103613,-1.5440583589611303,3.9230629804619883,0.07782162300125672,-0.11429887220681478,0.057576160975029704,0.9401863838911402,-0.16162867917829543,0.7925537367065654,1.2470784717254586,0.28427049757224765,0.9967266517932953,False
Body_Fat__Percent,L-Norvaline,Group_8C vs Group_22C Contrast,-0.502073627160079,0.3939722806213065,-1.6564882559500032,0.6523410016298452,0.11110115989571878,-0.07408609845933967,-0.12582786658064385,0.6620157073136121,0.4726414359244684,0.34345821232857743,-0.029432191235610652,0.9250943018184976,0.9967266517932953,False
BMI_kg·m2,Leucine,Group_22C vs Group_15C (Reference),0.913858561832455,0.3940503711770772,-1.187678855382602,3.015395979047512,0.2671751117263005,0.11450326000261313,-0.052791156414075786,0.8613257417929132,0.8610674054183791,0.4025969518132557,0.5969136090103497,0.40804106022359754,0.9967266517932953,False
BSA_m2,1H-Indole-3-Acetic_Acid,Group_22C vs Group_15C (Reference),4.5987508395421255,0.3944992757220004,-5.98672319585288,15.184224874937131,0.09815956831443862,-0.08972385495338653,-1.163345029888857,0.8120967054644976,3.4354058096532682,0.1327009367361387,-3.8832447303535087,0.6907260238577928,0.9967266517932953,False
Skinfold_Thickness_mm,beta-Alanine,Group_8C vs Group_22C Contrast,-0.06789038112722945,0.3946816237782125,-0.224224641601853,0.08844387934739409,0.20539187438952744,0.039848514887345754,0.021562634336239575,0.12809790996133757,-0.018358018705926404,0.7919215896774181,-0.08624839983315585,0.026939503117054286,0.9967266517932953,False
VO2max_ml_per_kg_per_min,L-Aspartic_acid,Group_22C vs Group_15C (Reference),-0.2677235497435298,0.3947707732227296,-0.8843276531507338,0.34888055366367426,0.16085383973091438,-0.01396827699181169,-0.07637586769382429,0.4045818572378267,-0.34409941743735406,0.2528946258508289,-0.012518438222745537,0.9734926370209402,0.9967266517932953,False
Body_Density_kg_per_m3,Valine,Group_8C vs Group_22C Contrast,140.96540190312854,0.3948753977426769,-183.77511041704932,465.7059142233064,0.27840538954315885,0.12807317903131699,44.10689928070024,0.039891953134622606,-142.77740935896185,0.3794640571303134,-1.8120074558333172,0.9556200654305289,0.9967266517932953,False
Body_Fat__Percent,3-OH-Butanoic_Acid,Group_8C vs Group_22C Contrast,0.21688695470001634,0.39645282424276174,-0.284424132052116,0.7181980414521487,0.19391828400826605,0.025984593176654913,-0.1689198446225342,0.08669705916896568,-0.22718274280635392,0.3688251047383573,-0.01029578810633755,0.7912081343336737,0.9967266517932953,False
Age_years,L-Proline,Group_22C vs Group_15C (Reference),0.17554851346004802,0.39664254979760116,-0.2303687646692376,0.5814657915893336,0.14181720987801716,-0.036970871397395966,-0.11244770819918593,0.16534097955866656,0.06310080526086209,0.7405763607645814,0.02516350393296421,0.898802703543863,0.9967266517932953,False
Height_m,"1,5-Anhydrohexitol",Group_8C vs Group_15C (Reference),-44.7181319836243,0.3967479900594164,-148.1420563566749,58.70579238942631,0.11769940442820392,-0.06611321964925354,31.17040617161506,0.3692901827114152,-7.476612199610603,0.5447666275292067,-13.547725812009244,0.7331597628759463,0.9967266517932953,False
VO2max_ml_per_kg_per_min,1-Heptadecanol,Group_8C vs Group_15C (Reference),0.10121774381016375,0.3967718407931373,-0.132890091511916,0.33532557913224353,0.05446700769579116,-0.14251903236758556,-0.04682886356281386,0.33783039539663395,0.0684468581823926,0.4411020222796811,0.05438888024734989,0.617777659663155,0.9967266517932953,False
Age_years,2-Keto-3-methylvaleric_acid,Group_8C vs Group_15C (Reference),-0.1395798145397891,0.3969373513687413,-0.46252897167216034,0.18336934259258217,0.14060380741602563,-0.038437066038969014,0.11560178708901131,0.33234762991957056,0.10122852735761717,0.38602257035144394,-0.02397802745077779,0.8329842271263117,0.9967266517932953,False
VO2max_ml_per_kg_per_min,Nonanoic_acid,Group_8C vs Group_15C (Reference),0.13617221791045486,0.397041958448458,-0.1789625194081914,0.45130695522910114,0.1753199978329254,0.0035116640481182015,-0.05503089649770453,0.4905111995507734,-0.003265407524596857,0.992541360180816,0.08114132141275032,0.5610155659262088,0.9967266517932953,False
BMI_kg·m2,1H-Indole-3-Acetic_Acid,Group_8C vs Group_22C Contrast,-0.24212445955397338,0.39833393634218306,-0.8040042444997435,0.3197553253917967,0.048453618588525704,-0.14978521087219798,0.047431107045418856,0.7439399556769055,0.2041026181855378,0.4100485468804016,-0.03802184136843558,0.7920573614200981,0.9967266517932953,False
BMI_kg·m2,"1,3-Dioxolane-2-methanol",Group_8C vs Group_15C (Reference),-1.4113399016163521,0.3996800693348139,-4.695831920357811,1.8731521171251075,0.1400444740682779,-0.03911292716749748,0.6988485724271047,0.044662757247402915,-0.8699140900461835,0.05499818193571615,-0.7124913291892474,0.6638197473546525,0.9967266517932953,False
Muscle_Mass_kg,Aminomalonic_acid,Group_8C vs Group_22C Contrast,0.17467158599337468,0.39972143260461745,-0.23186997245541757,0.5812131444421669,0.4149721658565705,0.29309136707668937,0.5368563586814747,0.12929230080595774,-0.06570834156476524,0.6843922851782891,0.10896324442860944,0.40180355696798653,0.9967266517932953,False
Body_Fat__Percent,Valine,Group_8C vs Group_22C Contrast,-0.3212598255754466,0.399726780748369,-1.06898849254932,0.42646884139842683,0.27693738091804276,0.12629933527596837,-0.10119613307721513,0.04051074700452304,0.3261689564094196,0.38312161587044447,0.004909130833973069,0.9480542267041265,0.9967266517932953,False
Height_m,Glyceraldehyde-3-PMOX,Group_22C vs Group_15C (Reference),29.966570032584634,0.3998590833819624,-39.79858789324606,99.73172795841532,0.28529761968940903,0.13640129045803595,-30.943036378240688,0.04814589072148831,-0.9764663456560534,0.9756306587740748,-10.469605090587482,0.40962771978928014,0.9967266517932953,False
Muscle_Mass_kg,Doconexent,Group_8C vs Group_22C Contrast,0.0540097190492827,0.40120195580900375,-0.07209154276849192,0.18011098086705732,0.09840980377675934,-0.08942148710308229,0.061521527109217086,0.2555374548338939,-0.00047613100532646613,0.9896135995034079,0.053533588043956234,0.31181926422202855,0.9967266517932953,False
Skinfold_Thickness_mm,2-Aminoadipic_acid,Group_22C vs Group_15C (Reference),0.07907899623359205,0.40136112380427036,-0.10561274981322821,0.2637707422804123,0.14045883675610948,-0.038612238919701,0.009496617359496598,0.7948033147587463,0.08857561359308865,0.3079023086651673,-0.00901771552020117,0.8170520541747315,0.9967266517932953,False
Height_m,Leucine,Group_8C vs Group_22C Contrast,15.700127698792814,0.40149560858386457,-20.979215867334283,52.37947126491991,0.11545552430023487,-0.06882457480388271,25.41652615952243,0.008221426454432886,-1.598461983732804,0.8241994293758277,14.10166571506001,0.41433435346457737,0.9967266517932953,False
Skinfold_Thickness_mm,Aminomalonic_acid,Group_22C vs Group_15C (Reference),-0.06835142735704881,0.40192614706380025,-0.2281802803942607,0.09147742568016305,0.3098810614196388,0.16610628254873028,0.021100275393921765,0.5659964677779294,-0.04725115196312705,0.5162456589228117,-0.002738382261665801,0.9520808356959762,0.9967266517932953,False
BSA_m2,2-Aminoadipic_acid,Group_8C vs Group_22C Contrast,-15.471105433537698,0.40222295883833636,-51.67129256828413,20.729081701208738,0.10918776313669831,-0.07639811954315623,-1.0041397541324792,0.8933420130732014,12.678945049505613,0.4260410224783333,-2.7921603840320843,0.7651961299499694,0.9967266517932953,False
Body_Density_kg_per_m3,3-OH-Butanoic_Acid,Group_8C vs Group_22C Contrast,-93.54122602169622,0.4024441163409809,-312.51728884979536,125.43483680640296,0.19315701600448165,0.02506472767208201,74.27401140062884,0.0808743194313257,97.74625835279488,0.3761742816066471,4.205032331098664,0.8023780565583873,0.9967266517932953,False
Weight_kg,L-Rhamnose,Group_8C vs Group_15C (Reference),0.20322010396793191,0.40315597831936145,-0.2732212780327602,0.679661485968624,0.2318037096231842,0.07176281579468091,-0.13692348520974396,0.18193002868945474,0.09020401839632711,0.6317259134117403,0.06629661875818796,0.7635494252697883,0.9967266517932953,False
Skinfold_Thickness_mm,Phenylalanine,Group_8C vs Group_22C Contrast,-0.02011332708460458,0.4038875369496743,-0.06734250662887079,0.027115852459661624,0.2733723956335633,0.12199164472388901,-0.0005435976936142269,0.8328691419060354,0.023417797810534782,0.32613558026041867,0.0033044707259302017,0.33763133656957045,0.9967266517932953,False
Age_years,Dodecanoic_acid,Group_22C vs Group_15C (Reference),-0.16359837085825957,0.40571489806716154,-0.5492424833384819,0.22204574162196278,0.07856347884488557,-0.11340246306242996,0.0021758263445588516,0.9839816924360436,-0.16142254451370072,0.32564290329651935,-0.00403290301580047,0.9766422145306173,0.9967266517932953,False
Body_Fat__Percent,"11-Eicosenoic_acid,_E-",Group_8C vs Group_22C Contrast,0.1842155628607518,0.4058552064252017,-0.25016643072761513,0.6185975564491187,0.2618133809420514,0.10802450197164548,-0.0023841355896710905,0.983034916668101,-0.2736299929724094,0.10940932364211231,-0.08941443011165762,0.5261915270155837,0.9967266517932953,False
Height_m,1-Ethyl-1-tetradecyloxy-1-silacyclohexane,Group_8C vs Group_15C (Reference),-32.433547442827255,0.40603688701900387,-108.9403482082835,44.07325332262898,0.1525653214849012,-0.023983569872410904,34.82364656332406,0.25302558574829814,8.534837898442195,0.8824494140265566,2.3900991204968065,0.9219795823734849,0.9967266517932953,False
BMI_kg·m2,Leucine,Group_8C vs Group_15C (Reference),0.6497047654244256,0.406202166593968,-0.8834096212710346,2.182819152119886,0.2671751117263005,0.11450326000261313,-0.052791156414075786,0.8613257417929132,0.8610674054183791,0.4025969518132557,0.5969136090103497,0.40804106022359754,0.9967266517932953,False
Max_Watts_W,1-Monopalmitin,Group_8C vs Group_15C (Reference),-0.015814822058782287,0.40637104091922027,-0.05314663468961961,0.02151699057205504,0.14879761832248384,-0.02853621119366534,0.0036190894911074774,0.8278904784151813,0.00543699811538453,0.8671418065155845,-0.01219573256767481,0.18767446370626018,0.9967266517932953,False
Weight_kg,Arachidonic_acid,Group_8C vs Group_22C Contrast,-0.03498833501643364,0.40810471791710834,-0.11788770411283674,0.04791103407996945,0.34539041557915384,0.20901341882481095,0.04906884488418649,0.0007126105626208875,0.049272943905908306,0.2095947568314105,0.014284608889474665,0.36308961112567384,0.9967266517932953,False
Age_years,Oxalic_acid,Group_8C vs Group_22C Contrast,-0.24775974564031047,0.4082581363495751,-0.8349797400812707,0.33946024880064984,0.38165495526039095,0.25283307093963914,-0.043754473494855325,0.7029249273207625,0.2054921453275359,0.19959254526110448,-0.04226760031277455,0.8674086613884999,0.9967266517932953,False
Max_Watts_W,Palmitic_Acid,Group_22C vs Group_15C (Reference),0.016101711473703872,0.4085509760866124,-0.02208440552440382,0.054287828471811565,0.26878225682239343,0.11644522699372539,0.0033248576016825585,0.4432398624922401,0.01942656907538643,0.30642391653436674,-0.002408228381742151,0.733287883979624,0.9967266517932953,False
Age_years,2-OH-Butanoic_Acid,Group_22C vs Group_15C (Reference),0.06559692476716665,0.4086957901446655,-0.09001796365933477,0.22121181319366806,0.1746590514708536,0.0027130205272815067,-0.07033075283701974,0.28299814665185086,-0.004733828069853091,0.9159604385492868,0.07049032302815457,0.3201455697854827,0.9967266517932953,False
BSA_m2,Glyceric_acid,Group_8C vs Group_15C (Reference),-18.194664104336603,0.4090242218412202,-61.387938980964165,24.99861077229096,0.09286648324418423,-0.09611966607994393,20.31808969946156,0.17379400890838448,-7.5930813525394925,0.5780771061990073,2.1234255951249565,0.8957282312816901,0.9967266517932953,False
Weight_kg,Asparagine,Group_8C vs Group_22C Contrast,-0.18877251685576857,0.4090346120905415,-0.6369277469738088,0.25938271326227175,0.12944377391038375,-0.05192210652495288,-0.15304055985804133,0.21015028976101569,0.06401275153974079,0.5541705331261473,-0.1247597653160278,0.5356530726010416,0.9967266517932953,False
BMI_kg·m2,Indole-3-Latic_Acid,Group_8C vs Group_22C Contrast,-0.1232410257554735,0.40918200679117234,-0.4159133464105318,0.16943129489958478,0.34365179551760705,0.20691258625044195,-0.15709290302138823,0.21379592776213807,0.04161017593328001,0.6995219214447244,-0.08163084982219349,0.4294752570128604,0.9967266517932953,False
Max_Watts_W,Ornithine,Group_8C vs Group_15C (Reference),-0.007616551589296776,0.40960732173479764,-0.025720409164230074,0.01048730598563652,0.19718850405835475,0.02993610907051203,0.0021415344484863,0.7505707373682728,0.02618519074769563,0.07537773498114753,-0.0054750171408104766,0.38628060930100805,0.9967266517932953,False
Height_m,Glutamic_Acid,Group_8C vs Group_22C Contrast,6.9724095430506825,0.4102614537386795,-9.623855721850697,23.568674807952064,0.07168727135922559,-0.12171121377426908,0.6333650744385965,0.7497912345851485,-0.8322200471239779,0.8682449102961822,6.1401894959267045,0.3680423947319986,0.9967266517932953,False
Body_Density_kg_per_m3,Doconexent,Group_8C vs Group_22C Contrast,65.84983505284254,0.4103068059799634,-90.90619228785192,222.605862393537,0.15648943134821514,-0.019241937120906716,-37.060321341311784,0.08300090694955661,-9.942396609933837,0.8244474043087335,55.90743844290869,0.3986524900201007,0.9967266517932953,False
Age_years,Arginine_[-NH3],Group_8C vs Group_15C (Reference),0.02216645365158341,0.411149265061719,-0.030695069499504523,0.07502797680267134,0.42744438066849066,0.3081619599744263,-0.00013334131707022891,0.994608307247046,0.10093363023646178,0.12179031892794123,0.02203311233451318,0.2307826078476527,0.9967266517932953,False
BMI_kg·m2,Tryptophan,Group_22C vs Group_15C (Reference),0.5560231351297645,0.41128594958393616,-0.7703423633656646,1.8823886336251938,0.1305967733804313,-0.05052889883197875,-0.09715995722672978,0.1590324362670945,0.45886317790303477,0.49548488352783626,0.6612557628654603,0.44830745402939165,0.9967266517932953,False
Skinfold_Thickness_mm,Leucine,Group_22C vs Group_15C (Reference),0.05999510924068713,0.41130077440278057,-0.08312477190363352,0.20311499038500777,0.1628552212364206,-0.011549941005991604,-0.009374775434140739,0.7012754931198535,0.05062033380654639,0.46194557037338346,0.044945486768618065,0.4081415289656998,0.9967266517932953,False
Skinfold_Thickness_mm,Glutamic_Acid,Group_8C vs Group_22C Contrast,-0.030348027781515418,0.4114188774599927,-0.10276364391122476,0.04206758834819392,0.10446351305873702,-0.08210658838735929,-0.003965840975931097,0.28354288172031594,0.016611323022308694,0.35578795910437355,-0.013736704759206724,0.6703569367463154,0.9967266517932953,False
Skinfold_Thickness_mm,1-Heptadecanol,Group_22C vs Group_15C (Reference),-0.024569041428409117,0.4114920865245867,-0.08320310160334342,0.03406501874652519,0.08429594122082451,-0.10647573769150376,0.008709961670627445,0.31152469059059307,-0.015859079757781672,0.5799053443794426,-0.024932903986219536,0.5768063401516188,0.9967266517932953,False
Height_m,Alanine,Group_8C vs Group_15C (Reference),-25.208642602612134,0.41159546537570935,-85.38241182445263,34.96512661922837,0.10708076835247982,-0.07894407157408678,28.622767879616493,0.3276566833172866,-11.793882568663886,0.6979247188962892,3.4141252770043593,0.7151565981052423,0.9967266517932953,False
Muscle_Mass_kg,Tryptophan,Group_22C vs Group_15C (Reference),-0.040482570057738164,0.41161492121103993,-0.1371196723451488,0.056154532229672476,0.010558939406752677,-0.19557461488350714,0.01857273965052106,0.6119848007193947,-0.021909830407217105,0.506999500712473,7.88953280877712e-05,0.9994743403874817,0.9967266517932953,False
Height_m,alpha-D-Glucopyranoside,Group_8C vs Group_15C (Reference),25.194853470841764,0.4125381439261987,-35.0673903617916,85.45709730347514,0.1212577076194793,-0.06181360329312913,6.066332601991612,0.8256291888349796,-0.8712486764530487,0.9865010126415998,31.261186072833375,0.022308287004899174,0.9967266517932953,False
Muscle_Mass_kg,Palmitic_Acid,Group_8C vs Group_22C Contrast,0.026119250798679765,0.413305541267763,-0.036457853641668016,0.08869635523902755,0.1830645756762853,0.012869695608844767,0.027495943281914854,0.3835279903114185,-0.005971368439969968,0.7963903910367973,0.020147882358709797,0.35963829160781113,0.9967266517932953,False
BMI_kg·m2,1-Monopalmitin,Group_8C vs Group_22C Contrast,0.17138295113210789,0.4139238232941509,-0.2397642597837189,0.5825301620479346,0.16669048045829737,-0.006915669446224015,0.21729668794056034,0.44529918411488634,-0.20839979634350625,0.05014692626000561,-0.037016845211398364,0.8377616228008429,0.9967266517932953,False
Skinfold_Thickness_mm,Serine,Group_8C vs Group_15C (Reference),-0.02576802933253051,0.41398318294411907,-0.08759218208096217,0.036056123415901156,0.06607615598236893,-0.12849131152130422,-0.002171888364913783,0.8110100223975929,-0.00419107591032751,0.9632433125321811,-0.027939917697444295,0.3550018863619542,0.9967266517932953,False
Height_m,"9-Hexadecenoic_acid,_Z-",Group_8C vs Group_15C (Reference),-10.809624852915656,0.41440820130430855,-36.7683288907829,15.149079184951583,0.11238966948942863,-0.07252914936694044,7.657904507313513,0.3571081286477785,0.7478856955362234,0.9568377130607726,-3.1517203456021425,0.7598016210419352,0.9967266517932953,False
BSA_m2,beta-Alanine,Group_22C vs Group_15C (Reference),-9.000285950344795,0.4150418172608421,-30.64333299072611,12.642761090036517,0.06427155975471943,-0.13067186529638053,9.417786961204364,0.11447936553488365,0.4175010108595689,0.9641610759281027,3.0084008016235035,0.9368931672271352,0.9967266517932953,False
Age_years,Glycolic_acid,Group_22C vs Group_15C (Reference),-0.17744513393291242,0.4150640357391009,-0.6041689416249935,0.2492786737591686,0.2125131559889436,0.048453396819973626,-0.01958826750174338,0.8927647785656674,-0.1970334014346558,0.22427683624214323,-0.26607548665542435,0.0561916898131225,0.9967266517932953,False
BMI_kg·m2,Serine,Group_8C vs Group_15C (Reference),-0.36192858510808174,0.41514458077455274,-1.232452384111987,0.5085952138958236,0.07980775129501172,-0.11189896718519421,0.030905734055224926,0.8509840863006126,0.27014507242659946,0.8174527714902382,-0.3310228510528568,0.4223455772089415,0.9967266517932953,False
Weight_kg,Glycine,Group_8C vs Group_22C Contrast,-0.20306672136667134,0.4151715239768311,-0.691527373493079,0.2853939307597363,0.12592627369589005,-0.05617241928413286,0.07404286363569235,0.6778523528742942,0.1926072582275094,0.4134811574700419,-0.01045946313916192,0.8978384146992684,0.9967266517932953,False
BSA_m2,Citric_acid,Group_8C vs Group_15C (Reference),9.545059169424716,0.4153500764188359,-13.423180780716008,32.51329911956544,0.1450137993893228,-0.033108325737901456,-9.413294560378656,0.3107784244600925,5.987777109705341,0.7206014802123522,0.13176460904606024,0.9852905409160779,0.9967266517932953,False
BSA_m2,Dodecanoic_acid,Group_8C vs Group_15C (Reference),-10.350654809974507,0.41671664223499305,-35.33051431460689,14.629204694657872,0.16757411563632252,-0.005847943606110295,2.3838800566489344,0.6952854135320564,-14.556104060353753,0.12668579199719798,-7.9667747533255735,0.4768090739152777,0.9967266517932953,False
BMI_kg·m2,2-Aminoheptanedioic_acid,Group_22C vs Group_15C (Reference),0.6062738540564672,0.41671699078289093,-0.8568844970143412,2.0694322051272755,0.1365506263168621,-0.043334659867124925,-0.0657603060371834,0.8012939082246159,0.5405135480192838,0.4395618446185843,-0.990424737902594,0.19948803704579943,0.9967266517932953,False
Weight_kg,Cysteine,Group_22C vs Group_15C (Reference),0.15876048854256147,0.41734004356174914,-0.22489884364902218,0.5424198207341451,0.24232478474562147,0.08447578156762603,0.025044007472745548,0.699629947855867,0.18380449601530702,0.3195901751559804,0.05566584877694519,0.3633163332948932,0.9967266517932953,False
BMI_kg·m2,Erythritol,Group_22C vs Group_15C (Reference),0.7664322446684879,0.41735092582244215,-1.0857650905912313,2.618629579928207,0.1606122912951048,-0.01426014801841502,-0.19773117361151574,0.6939890130123438,0.5687010710569722,0.47732880461956095,-1.141758860133238,0.33766642983623707,0.9967266517932953,False
Max_Watts_W,Methionine,Group_22C vs Group_15C (Reference),0.027196933886490596,0.4174598880062276,-0.038543874837228556,0.09293774261020975,0.22272585693752156,0.060793743799505306,0.003986113270435555,0.45314199876260086,0.03118304715692615,0.3464152505188298,-0.012469035675113097,0.006905280340687714,0.9967266517932953,False
Height_m,Methionine,Group_8C vs Group_22C Contrast,-13.645554839770385,0.419090647817308,-46.7461628375851,19.455053158044336,0.1465078935269205,-0.03130296198830429,-5.950583644713765,0.3002949686000076,12.05233341018573,0.38332997792267864,-1.5932214295846556,0.8695247759184483,0.9967266517932953,False
BMI_kg·m2,L-Aspartic_acid,Group_8C vs Group_22C Contrast,-1.2772194997892576,0.4200269810930619,-4.381670856687732,1.8272318571092168,0.1550982913812382,-0.020922897914337213,0.006060445919701305,0.9841827943501322,0.7073592770748661,0.4622631349356192,-0.5698602227143916,0.650587709198563,0.9967266517932953,False
Body_Fat__Percent,Doconexent,Group_8C vs Group_22C Contrast,-0.15173655647038456,0.4200327496630186,-0.5205569548629754,0.21708384192220623,0.1557538445743365,-0.02013077113934325,0.08436547376550722,0.08498153510035371,0.02267934252694799,0.8264789846174596,-0.12905721394343656,0.41160936964640493,0.9967266517932953,False
Age_years,2-Aminoadipic_acid,Group_8C vs Group_22C Contrast,-0.2661218015321134,0.4202838597456843,-0.9133237395221605,0.3810801364579337,0.23656219039274962,0.07751264672457248,-0.18841896115064305,0.006760153598285216,0.048033519313004314,0.8763920472222559,-0.21808828221910911,0.06216383321598373,0.9967266517932953,False
Body_Density_kg_per_m3,N-Acetylglutamine,Group_8C vs Group_22C Contrast,236.58032983965893,0.4204292886590394,-338.9575348009231,812.118194480241,0.3704703512955393,0.2393183411487767,6.150997122633088,0.9616027606731045,104.27370535844629,0.6261984563068577,340.85403519810524,0.08990722183879685,0.9967266517932953,False
Age_years,Tryptophan,Group_8C vs Group_15C (Reference),-0.1089669359007838,0.42061877199956366,-0.3741581521574522,0.15622428035588456,0.039923859980156795,-0.16009200252397715,0.009792528410936679,0.668273614441742,-0.039037091106616545,0.8586417997256113,-0.09917440748984711,0.4570838809468065,0.9967266517932953,False
Age_years,Oleic_Acid,Group_8C vs Group_22C Contrast,-0.08273654052617099,0.42100437634935917,-0.28426214553481327,0.11878906448247128,0.12130237400423338,-0.061759631411551164,0.0019000404466999609,0.9532043166590546,0.054179808332050834,0.4806132079849428,-0.028556732194120162,0.6760700206447785,0.9967266517932953,False
BSA_m2,Citric_acid,Group_22C vs Group_15C (Reference),15.401071670083997,0.42114442109009487,-22.122726436115233,52.92486977628323,0.1450137993893228,-0.033108325737901456,-9.413294560378656,0.3107784244600925,5.987777109705341,0.7206014802123522,0.13176460904606024,0.9852905409160779,0.9967266517932953,False
Weight_kg,Arachidonic_acid1,Group_8C vs Group_15C (Reference),-0.0822082622853844,0.4222182349215853,-0.2829676599577733,0.11855113538700447,0.046334821948207594,-0.15234542347924918,0.01764172761911596,0.7747189622860332,-0.03873127259834573,0.6487006145596204,-0.06456653466626844,0.42996720860150495,0.9967266517932953,False
BMI_kg·m2,Arachidonic_acid,Group_8C vs Group_15C (Reference),-0.15829265468602974,0.4227094798541655,-0.5452659715661444,0.22868066219408492,0.28618664636638225,0.13747553102604526,0.12134860479883118,0.15018346463614418,0.2305822476164771,0.3137700677830262,-0.03694404988719856,0.8360526576425813,0.9967266517932953,False
Skinfold_Thickness_mm,"2-Ethyl-3-hydroxypropionic_acid,_di-",Group_8C vs Group_22C Contrast,-0.05511146429574819,0.4228474794552375,-0.18988337857683646,0.0796604499853401,0.24749208842433612,0.09071960684607283,0.010316026886771947,0.6196160472219765,0.007804885906841624,0.8671460743001673,-0.04730657838890656,0.3489780829904052,0.9967266517932953,False
Skinfold_Thickness_mm,"D-Arabinose,_tetrakis",Group_8C vs Group_15C (Reference),0.0833981328988984,0.4232116954425118,-0.12070368645174524,0.28749995224954206,0.08463031879761629,-0.10607169811954686,0.012289950404609304,0.7464239405465567,-0.008503614983122682,0.8507554606856822,0.0956880833035077,0.3236595569139824,0.9967266517932953,False
Muscle_Mass_kg,Lactic_Acid1,Group_8C vs Group_22C Contrast,0.20713709613576725,0.4241499459461969,-0.3008299164524513,0.7151041087239858,0.11189995904665828,-0.07312088281862117,0.3666663051862704,0.5831494706024958,-0.11039752361430538,0.3930026777859885,0.09673957252146187,0.6667298420086567,0.9967266517932953,False
Age_years,Aminomalonic_acid,Group_8C vs Group_15C (Reference),-0.28999344371352775,0.4244433925591843,-1.001588469185537,0.4216015817584816,0.34819378852321126,0.21240082779888037,0.13723568741473682,0.11199432238710869,-0.12331341254127723,0.4673234808013089,-0.15275775629879093,0.664888110593695,0.9967266517932953,False
Max_Watts_W,DL-Ornithine,Group_8C vs Group_22C Contrast,-0.020877805372057717,0.42468048650714685,-0.07213559188209577,0.030379981137980336,0.16568386495412657,-0.008131996513763617,3.9263784346890375e-05,0.9962868670656737,0.0017884390646143416,0.8642636138680082,-0.019089366307443376,0.42577290639490784,0.9967266517932953,False
VO2max_ml_per_kg_per_min,Glyceric_acid,Group_8C vs Group_15C (Reference),0.3428013101716371,0.42522986197760726,-0.49980507935255153,1.1854076996958258,0.08765487367336477,-0.10241702764468408,0.07141430480015173,0.7637679115975784,0.08453876215403447,0.8462625270508755,0.4142156149717888,0.24761765251882784,0.9967266517932953,False
VO2max_ml_per_kg_per_min,Linoleic_Acid,Group_8C vs Group_15C (Reference),0.2163846093187478,0.42566301795810624,-0.3159872009122642,0.7487564195497598,0.16409036290011392,-0.010057478162362354,-0.008300314765643363,0.95825142789811,0.1038247375075467,0.6248535130683488,0.20808429455310445,0.34541363100776845,0.9967266517932953,False
Weight_kg,Methyl_galactoside,Group_8C vs Group_15C (Reference),-0.1941444222439193,0.4258169685257447,-0.6719575509743225,0.28366870648648385,0.20127395593009312,0.03487269674886262,0.2166935239389294,0.0030187439452855854,-0.10152509013328523,0.264247625167203,0.022549101695010093,0.9227646447923987,0.9967266517932953,False
Body_Fat__Percent,N-Acetylglutamine,Group_8C vs Group_22C Contrast,-0.5517065529314976,0.42651334667080476,-1.9115942073459045,0.8081811014829093,0.36842778445938296,0.23685023955508777,-0.009038959250433158,0.9750589315934558,-0.23669921947997968,0.6358878844629696,-0.7884057724114774,0.10125666372633146,0.9967266517932953,False
Skinfold_Thickness_mm,Cysteine,Group_8C vs Group_22C Contrast,-0.06867454117943875,0.4269055005635093,-0.2380923114904765,0.100743229131599,0.2262868249574993,0.06509658015697839,0.011465084951750675,0.20179540867629853,0.07528163555292108,0.36859641598293136,0.0066070943734823345,0.7582526884906744,0.9967266517932953,False
Skinfold_Thickness_mm,Arachidonic_acid,Group_8C vs Group_15C (Reference),-0.012376510620267697,0.4273531749970202,-0.04293796551815341,0.018184944277618013,0.24895824420034096,0.09249121174207875,0.008064181936483394,0.033667920873650704,0.019262694045806647,0.26036027419247754,-0.0043123286837843024,0.7755374549648386,0.9967266517932953,False
VO2max_ml_per_kg_per_min,D---Ribofuranose,Group_8C vs Group_15C (Reference),0.1854828769892894,0.4279736784639425,-0.27314752948469323,0.644113283463272,0.11059889373195164,-0.07469300340722507,-0.0828374512942225,0.6458857588545406,0.07061911300456662,0.8644623906285913,0.10264542569506689,0.49140286861327054,0.9967266517932953,False
Age_years,Lactic_Acid1,Group_8C vs Group_22C Contrast,0.2801315725799364,0.42800901055565577,-0.4125956871645166,0.9728588323243894,0.11435685993969769,-0.07015212757286515,0.09125721777102476,0.6778536394603358,-0.2731352003507627,0.042512685874326106,0.0069963722291737085,0.9829184292555937,0.9967266517932953,False
Height_m,Indole-3-Latic_Acid,Group_22C vs Group_15C (Reference),11.204360089036983,0.4280114720125079,-16.502136280549728,38.9108564586237,0.286908739209106,0.13834805987766974,-8.112835094279626,0.3587253173088031,3.091524994757357,0.7792917908962698,-2.0377639233852998,0.2989540566305531,0.9967266517932953,False
Height_m,Arachidonic_acid,Group_22C vs Group_15C (Reference),-7.823052916072251,0.4283090732120518,-27.180614480044003,11.534508647899504,0.21881531410304123,0.056068504541174846,10.018830062237603,0.0002903502786322561,2.1957771461653524,0.8168623158852941,5.298079606621223,0.04345860518455669,0.9967266517932953,False
Weight_kg,Alanine,Group_8C vs Group_15C (Reference),-0.0956122232065989,0.42854980583673385,-0.3323209139657104,0.1410964675525126,0.09482706631083448,-0.0937506282077416,0.11484800770997268,0.23343382518249822,0.014968786460346259,0.9012241991110808,0.01923578450337378,0.7915282618489037,0.9967266517932953,False
Height_m,1-Monopalmitin,Group_8C vs Group_15C (Reference),21.372761459413823,0.42972262066981604,-31.674756922410687,74.42027984123834,0.216064069959519,0.05274408453441881,-24.92368994029669,0.2838870330067591,-5.687711512492573,0.8066548964978055,-3.5509284808828667,0.7975493575112738,0.9967266517932953,False
Muscle_Mass_kg,2-Keto-3-methylvaleric_acid,Group_8C vs Group_15C (Reference),-0.20873555237032151,0.43108614253765776,-0.7283548775332682,0.31088377279262525,0.10727133824793778,-0.07871379961707503,0.20983405059057803,0.41229265086982225,0.06066659392205476,0.5283740332373623,0.0010984982202565108,0.9873273916049305,0.9967266517932953,False
Weight_kg,Phenylalanine,Group_8C vs Group_22C Contrast,-0.04451702283914589,0.4311433555919352,-0.1553520131981262,0.0663179675198344,0.31862629661019803,0.1766734417373227,-0.0003416323178981091,0.9664920290069152,0.05888673058354754,0.29251167757388097,0.014369707744401659,0.0817515119606862,0.9967266517932953,False
Muscle_Mass_kg,1-Heptadecanol,Group_22C vs Group_15C (Reference),0.11210063873370353,0.43166309250147195,-0.16730867362157426,0.3915099510889813,0.04693008542776722,-0.15162614677478126,-0.08084452184900358,0.518701720203992,0.03125611688469995,0.6459690473444306,0.01735060922016815,0.8305678698636347,0.9967266517932953,False
BMI_kg·m2,Tyrosine,Group_22C vs Group_15C (Reference),0.4216898740633065,0.43234929369986297,-0.6309340045445994,1.4743137526712125,0.2099949035685741,0.04541050847869377,0.0321639463605998,0.663085033928307,0.4538538204239063,0.3935671775707852,0.12724152048922813,0.30700781386817155,0.9967266517932953,False
BSA_m2,Phenylalanine,Group_8C vs Group_22C Contrast,-2.6987859748505127,0.4338689108868742,-9.457921616785384,4.06034966708436,0.23339787699583092,0.07368910136996243,-0.1082039381970998,0.8621371985105881,3.498122412646358,0.30827536864191973,0.7993364377958448,0.013235330815183355,0.9967266517932953,False
Age_years,Glycerol,Group_8C vs Group_22C Contrast,0.2261279116008465,0.4340283822898523,-0.34040814413213777,0.7926639673338307,0.06990379401014735,-0.12386624890440512,0.06651580561073331,0.7123381807615412,-0.23693196067295805,0.09030397444580451,-0.010804049072111549,0.9659305873016835,0.9967266517932953,False
Max_Watts_W,Glycolic_acid,Group_8C vs Group_15C (Reference),-0.03219653315562016,0.43544463915541454,-0.11310863021542841,0.048715563904188096,0.11870187941162902,-0.06490189571094818,0.02195750441595761,0.5256777041841858,-0.01680420383231976,0.8505327053277163,-0.01023902873966255,0.6493379636790444,0.9967266517932953,False
Weight_kg,Lactic_Acid,Group_8C vs Group_22C Contrast,-0.29782051355672395,0.43564052115501073,-1.0465970919467764,0.45095606483332845,0.24430660210723187,0.08687047754623856,0.14366027194024336,0.1585817262536825,0.013455058398549408,0.9430344809406976,-0.2843654551581746,0.3922798646109107,0.9967266517932953,False
Skinfold_Thickness_mm,Lactic_Acid1,Group_22C vs Group_15C (Reference),-0.09065015677998403,0.43565530562701293,-0.31856479035323326,0.1372644767932652,0.1061852833265663,-0.08002611598039899,0.042076690453427386,0.4888253812833179,-0.048573466326556645,0.6241389496443679,0.02208739700855939,0.8817493051911098,0.9967266517932953,False
Max_Watts_W,Glutamic_Acid,Group_8C vs Group_15C (Reference),0.019040155892078345,0.43594967399042917,-0.028861740008520105,0.06694205179267679,0.3258509439934033,0.18540322399202902,0.0026987484333898626,0.434853930230925,0.010393431604617753,0.3802376621711401,0.021738904325468208,0.3689182691033832,0.9967266517932953,False
Age_years,"R*,R*-2,3-Dihydroxybutanoic_acid",Group_22C vs Group_15C (Reference),0.16818642314937182,0.43605941517203606,-0.25504411817185324,0.5914169644705969,0.21162936421992928,0.04738548176574797,-0.0002968130678243965,0.9968770829174758,0.16788961008154743,0.4063242816886501,-0.0981086980367744,0.5195342953985644,0.9967266517932953,False
BSA_m2,2-Aminoadipic_acid,Group_22C vs Group_15C (Reference),13.683084803638092,0.43693219997265853,-20.815117530662693,48.18128713793888,0.10918776313669831,-0.07639811954315623,-1.0041397541324792,0.8933420130732014,12.678945049505613,0.4260410224783333,-2.7921603840320843,0.7651961299499694,0.9967266517932953,False
Muscle_Mass_kg,Citric_acid,Group_22C vs Group_15C (Reference),0.3186734070970931,0.4371872510770134,-0.4852226121329655,1.1225694263271517,0.1800886414459617,0.009273775080537172,-0.33354091210151937,0.343980542969476,-0.014867505004426296,0.9434972355401905,0.06181017924225213,0.6222018715254205,0.9967266517932953,False
Body_Fat__Percent,Oxalic_acid,Group_8C vs Group_15C (Reference),0.2581862757991823,0.4373588832723433,-0.39336683623542257,0.9097393878337872,0.3855497112043549,0.2575392343719288,-0.10825079129344566,0.5315775945100014,0.43476470242621695,0.2455217921565822,0.14993548450573663,0.5973425567475268,0.9967266517932953,False
Height_m,"Ethanolamine,_2TMS",Group_8C vs Group_22C Contrast,19.027516613193193,0.43742541241901445,-28.9977518417937,67.05278506818009,0.08538715181634082,-0.10515719155525471,24.12823208406893,0.5164505000915488,8.015699391821496,0.7150280621842,27.04321600501469,0.012943091079730795,0.9967266517932953,False
VO2max_ml_per_kg_per_min,Stearic_Acid,Group_8C vs Group_15C (Reference),0.032512036496040043,0.43757303569181183,-0.049572959332976736,0.11459703232505683,0.13000731095911333,-0.05124116592440475,-0.027265545104594308,0.18266475804881455,-0.06992379336856173,0.6818743267363339,0.005246491391445736,0.8858391061875555,0.9967266517932953,False
Age_years,Glutamine_[-H2O],Group_8C vs Group_22C Contrast,-0.07725428887388333,0.43767520512670843,-0.2723496835843576,0.11784110583659094,0.41741628393414654,0.2960446764204271,-0.020113419582291833,0.6561846876212576,0.1700650680549763,0.06508794922196715,0.09281077918109297,0.01339155996347463,0.9967266517932953,False
Height_m,Glutamic_Acid,Group_8C vs Group_15C (Reference),5.506824421488108,0.4382734207428849,-8.417842087224813,19.43149093020103,0.07168727135922559,-0.12171121377426908,0.6333650744385965,0.7497912345851485,-0.8322200471239779,0.8682449102961822,6.1401894959267045,0.3680423947319986,0.9967266517932953,False
Body_Fat__Percent,Glutamine_[-H2O],Group_8C vs Group_22C Contrast,-0.16677252486638408,0.438326329088783,-0.5885333428302169,0.25498829309744875,0.349756812405294,0.21428948165639694,-0.1057999185010885,0.14885071323287236,0.301496000753579,0.15573117076977772,0.13472347588719494,9.860074542311636e-05,0.9967266517932953,False
VO2max_ml_per_kg_per_min,Palmitelaidic_acid,Group_22C vs Group_15C (Reference),0.2580709537427706,0.4384866431599186,-0.39479634436744976,0.9109382518529909,0.08369044008069637,-0.10720738490249171,-0.09543053908749469,0.4194581304046727,0.16264041465527593,0.601498875753609,-0.049932692042039685,0.8662838996625042,0.9967266517932953,False
Age_years,"9-Hexadecenoic_acid,_Z-",Group_8C vs Group_22C Contrast,0.09241090151625574,0.43922706372832443,-0.1417527426051598,0.32657454563767124,0.36958335495510486,0.2382465539040851,0.06423917737981708,0.0005369034962809832,-0.13449507969150934,0.06288650466599699,-0.0420841781752536,0.6581215608748887,0.9967266517932953,False
Body_Density_kg_per_m3,Glutamine_[-H2O],Group_8C vs Group_22C Contrast,72.62730240692144,0.43967194644860574,-111.58493920125557,256.83954401509845,0.34850397547606193,0.21277563703357494,45.956969425667914,0.15951288956943233,-130.7651656856762,0.15903461576356026,-58.13786327875477,6.509852736580335e-05,0.9967266517932953,False
BSA_m2,Lactic_Acid1,Group_22C vs Group_15C (Reference),-21.923018146453067,0.4399994692833644,-77.56748036329384,33.7214440703877,0.114043670214799,-0.07053056515711775,18.76626897404121,0.45734287143946883,-3.156749172411857,0.8078491299477153,-8.494760867747804,0.5932905815894898,0.9967266517932953,False
Body_Density_kg_per_m3,L-+-Erythrulose,Group_8C vs Group_22C Contrast,178.30532074019916,0.44094326704544784,-275.20859206546663,631.8192335458649,0.22644384887543867,0.06528631739115509,117.25124832954464,0.41870720147532847,-224.8315302870679,0.021185959746979677,-46.52620954686873,0.824508431771724,0.9967266517932953,False
BMI_kg·m2,Asparagine,Group_8C vs Group_22C Contrast,-0.5485818379917501,0.44126612517623776,-1.9448687427032452,0.8477050667197449,0.0679591782933473,-0.12621599289553864,-0.37489737816678514,0.2814381666076109,0.30425086181584504,0.5976088275714535,-0.24433097617590507,0.5594682761373355,0.9967266517932953,False
Body_Density_kg_per_m3,Glycolic_acid,Group_22C vs Group_15C (Reference),150.24967644027353,0.4413045949822121,-232.20095504359503,532.7003079241421,0.1172688012747205,-0.06663353179304599,-43.1640868122472,0.6148716665135532,107.08558962802633,0.5411940507154835,76.01973863403452,0.5709464111598694,0.9967266517932953,False
Age_years,Linoleic_Acid,Group_8C vs Group_15C (Reference),-0.16268750600293588,0.44177717581520093,-0.5772265831335435,0.25185157112767165,0.2633814643770207,0.10991926945556674,0.23928421927165638,0.030730411581370902,-0.03570608952039006,0.7498606783217223,0.0765967132687205,0.6707688206426039,0.9967266517932953,False
BSA_m2,"1,3-Dioxolane-2-methanol",Group_8C vs Group_15C (Reference),-28.531162769537517,0.4418168471044265,-101.23686665220455,44.17454111312952,0.12992553247644234,-0.05133998159096542,24.142128369164865,0.1278262928154912,-6.235920822432849,0.6061275428378179,-4.389034400372651,0.895875888816382,0.9967266517932953,False
Age_years,2-Keto-3-methylvaleric_acid,Group_8C vs Group_22C Contrast,-0.12520655480839496,0.4423803898615043,-0.4446693377266475,0.19425622810985763,0.14060380741602563,-0.038437066038969014,0.11560178708901131,0.33234762991957056,0.10122852735761717,0.38602257035144394,-0.02397802745077779,0.8329842271263117,0.9967266517932953,False
Max_Watts_W,Leucine,Group_22C vs Group_15C (Reference),-0.03801595083146485,0.4424106179521893,-0.13501776387494013,0.05898586221201045,0.06357425838484754,-0.13151443778497574,0.011260342306838804,0.48811843409186584,-0.026755608524626044,0.56711658836578,-0.002221481631754568,0.901220114512961,0.9967266517932953,False
Age_years,3-OH-Butanoic_Acid,Group_8C vs Group_15C (Reference),0.06360115738709639,0.4426224569977222,-0.09875944515565206,0.22596175992984485,0.07505959636229642,-0.1176363210622251,-0.05651171811990492,0.4576639238298461,-0.037194859872492256,0.7028504156329565,0.007089439267191466,0.8286225285670363,0.9967266517932953,False
BMI_kg·m2,Linoleic_Acid,Group_8C vs Group_15C (Reference),-0.8089078822043744,0.4427255583263787,-2.8743491727166637,1.2565334083079147,0.20014683289202873,0.03351075641120138,-0.02725657311579927,0.9695270155734795,-0.3996398672667486,0.5890674443416939,-0.8361644553201737,0.28095408326491134,0.9967266517932953,False
Skinfold_Thickness_mm,4-Aminobutanoic_acid,Group_8C vs Group_15C (Reference),-0.041419636438520625,0.4432971360603616,-0.14731193481738122,0.06447266194033999,0.11557965649404822,-0.06867458173635832,-0.004513822017019346,0.852328468684694,0.024192868145285568,0.5788975018130866,-0.04593345845553997,0.3414069336079044,0.9967266517932953,False
Weight_kg,1-Heptadecanol,Group_22C vs Group_15C (Reference),-0.06939831122059742,0.44445599939387725,-0.24727188343062917,0.10847526098943433,0.04604614946548968,-0.15269423606253318,0.026905579196950902,0.6602839677584846,-0.04249273202364652,0.5259298783144066,0.03605562041190476,0.7286274884310395,0.9967266517932953,False
Body_Fat__Percent,Glycolic_acid,Group_22C vs Group_15C (Reference),-0.34247227459710705,0.44459744107597177,-1.220529500186187,0.535584950991973,0.11653858571479792,-0.06751587559461902,0.09807619985095675,0.6138399020606251,-0.2443960747461503,0.5448577204340843,-0.1733984217623534,0.579041700960574,0.9967266517932953,False
BSA_m2,"Ethanolamine,_3TMS",Group_8C vs Group_15C (Reference),-12.552520983855423,0.44523597327184483,-44.78082685758995,19.675784889879104,0.1488998741163684,-0.028412652109388148,10.102238769315534,0.4795024400424852,7.247815541005354,0.5559989994727754,-2.4502822145398895,0.7634192012756456,0.9967266517932953,False
Age_years,Ethyl_alpha-D-glucopyranoside,Group_8C vs Group_15C (Reference),-0.1333877681716584,0.44533833517654775,-0.4759347982501779,0.2091592619068611,0.15390610951425865,-0.02236345100360415,-0.06539955442324209,0.6199318179777842,-0.09561782882152048,0.6228451906369263,-0.1987873225949005,0.08307695893226952,0.9967266517932953,False
Body_Density_kg_per_m3,Oxalic_acid,Group_8C vs Group_15C (Reference),-111.25583303047621,0.44546726569505934,-397.0478124155125,174.53614635456012,0.38556009599123775,0.25755178265607903,46.84555087144312,0.5410635393523078,-189.25190468545233,0.23904411473579312,-64.41028215903309,0.6035921239418147,0.9967266517932953,False
BSA_m2,Indole-3-Latic_Acid,Group_8C vs Group_22C Contrast,-2.582207782292392,0.44549915151094166,-9.215923332215224,4.05150776763044,0.43605900556737887,0.3185712983939162,-5.2418472769550855,0.044903679209350206,1.1125722130255786,0.5925991964214978,-1.4696355692668135,0.5821024727966904,0.9967266517932953,False
Max_Watts_W,Tryptophan,Group_8C vs Group_22C Contrast,0.036270593220045874,0.4455187381421337,-0.05691290552634523,0.12945409196643698,0.14194387932802233,-0.03681781247863958,0.003517089250670004,0.6078697173662889,-0.002270544929230519,0.9448358438021904,0.034000048290815356,0.322998955203774,0.9967266517932953,False
BMI_kg·m2,Cysteine,Group_22C vs Group_15C (Reference),0.8286407633408219,0.4456933715127094,-1.301014763122194,2.9582962898038376,0.2942624303539727,0.14723377001105042,0.0822756429059645,0.6199658429539235,0.9109164062467864,0.39628123776296076,0.20162975654258541,0.677662078682022,0.9967266517932953,False
Weight_kg,Oxalic_acid,Group_8C vs Group_22C Contrast,-0.188617885179304,0.445926003601964,-0.6736338309377785,0.29639806057917056,0.40651594833477045,0.282873437571181,-0.07860382811078663,0.4717173622795583,0.2254103243122374,0.12088817933979645,0.03679243913293341,0.8542502982965143,0.9967266517932953,False
Age_years,Valine,Group_22C vs Group_15C (Reference),0.1356659054768316,0.44597614698571275,-0.21322027104197028,0.4845520819956335,0.3081145263216778,0.1639717193053607,0.03267775527349918,0.6749218940678419,0.16834366075033078,0.29287815439115583,-0.05509987496035284,0.08500517833113519,0.9967266517932953,False
Muscle_Mass_kg,L-+-Erythrulose,Group_22C vs Group_15C (Reference),0.2999665937862722,0.44598826234624533,-0.47146514801662487,1.0713983355891692,0.1781309496357386,0.006908230809850924,-0.14002905650310482,0.7145547331070525,0.1599375372831674,0.07981655016734979,0.021176313901346472,0.9028728485648487,0.9967266517932953,False
Height_m,1-Heptadecanol,Group_22C vs Group_15C (Reference),-27.275010365256186,0.4461544362819413,-97.44448494488839,42.89446421437601,0.23657379656081534,0.07752667084431863,21.411781106987725,0.06546987379909777,-5.863229258268461,0.8625323231835462,20.14465192211947,0.005648130836775955,0.9967266517932953,False
VO2max_ml_per_kg_per_min,"Ethanolamine,_2TMS",Group_8C vs Group_22C Contrast,-0.4143207658914965,0.44618162529082395,-1.4803127717512095,0.6516712399682165,0.08225448157356985,-0.10894250143193629,-0.035810365836987844,0.8617906099339316,0.3503889191997868,0.48947723038415525,-0.0639318466917097,0.7454399045287317,0.9967266517932953,False
BSA_m2,2-Keto-3-methylvaleric_acid,Group_8C vs Group_15C (Reference),-7.782293557255321,0.44656746511495593,-27.82172682278978,12.257139708279137,0.07407292645174157,-0.11882854720414548,3.334859090482769,0.6660063014076882,6.324115257668604,0.48424916940936624,-4.4474344667725525,0.5066101043021676,0.9967266517932953,False
BMI_kg·m2,Aminomalonic_acid,Group_8C vs Group_15C (Reference),-0.5905352539494215,0.4466251623609907,-2.1113586328309215,0.9302881249320785,0.36989448431629923,0.23862250188219492,0.8072639735098749,0.10447212155717656,-0.032224003484011,0.9744706814022885,0.21672871956045336,0.7159917168941761,0.9967266517932953,False
Age_years,"1,3-Dioxolane-2-methanol",Group_8C vs Group_15C (Reference),-0.33420883189002154,0.4466695742547515,-1.1949910895629925,0.5265734257829493,0.1258522176199527,-0.05626190370922379,0.22536396918124943,0.10492423322916988,-0.18814570361814772,0.40141135418744955,-0.10884486270877211,0.7938890873358073,0.9967266517932953,False
Body_Density_kg_per_m3,Glycine,Group_8C vs Group_22C Contrast,220.26816722085863,0.44745485032382093,-348.042342576727,788.5786770184443,0.14553940446302638,-0.03247321960717642,-75.58625417825449,0.15619482356862355,-201.99803696727867,0.47163054915967617,18.27013025357995,0.8023220902077794,0.9967266517932953,False
VO2max_ml_per_kg_per_min,Phenylalanine,Group_22C vs Group_15C (Reference),-0.09789011757589741,0.44779787430772555,-0.35064110525963343,0.15486087010783858,0.29626973816915403,0.14965926695439447,-0.0008681978979922847,0.943439354172652,-0.09875831547388969,0.44171799088515407,-0.011069405008376325,0.5530625078009812,0.9967266517932953,False
Body_Density_kg_per_m3,Tyrosine,Group_22C vs Group_15C (Reference),-96.07244662303975,0.4479757442009795,-344.22743209754583,152.0825388514663,0.25961790316531264,0.1053716329914195,-26.095835037937125,0.3668546809742512,-122.16828166097687,0.32163604602263085,17.772205299799584,0.5800846120851695,0.9967266517932953,False
Body_Fat__Percent,L-+-Erythrulose,Group_8C vs Group_22C Contrast,-0.40525037773617767,0.4480500692884034,-1.452202127575469,0.6417013721031136,0.22462957027373898,0.06309406408076801,-0.2604604252869891,0.43000398569017906,0.5190822482805578,0.020876298058214227,0.11383187054438015,0.8142886246051775,0.9967266517932953,False
BSA_m2,Proline,Group_8C vs Group_22C Contrast,-8.361717603151973,0.44834051807636344,-29.977783015376794,13.254347809072847,0.19602431064200976,0.028529375359095166,7.350074516956798,0.25342719217580567,9.57488607208878,0.3690510949835972,1.2131684689368063,0.6680981752914983,0.9967266517932953,False
Skinfold_Thickness_mm,Cysteine,Group_22C vs Group_15C (Reference),0.0638165506011704,0.44855422884057283,-0.10123173941768034,0.22886484062002116,0.2262868249574993,0.06509658015697839,0.011465084951750675,0.20179540867629853,0.07528163555292108,0.36859641598293136,0.0066070943734823345,0.7582526884906744,0.9967266517932953,False
Muscle_Mass_kg,Glycine,Group_8C vs Group_22C Contrast,-0.09447208254425535,0.4487252808437976,-0.3389011826322971,0.14995701754378643,0.04178739409189669,-0.15784023213895804,-0.0866132862784651,0.6172729193447929,0.018899820850822133,0.8512725015706728,-0.07557226169343322,0.3033672226405453,0.9967266517932953,False
Muscle_Mass_kg,Palmitelaidic_acid,Group_8C vs Group_15C (Reference),0.1770369926345357,0.44934296256181183,-0.2816294284181486,0.6357034136872199,0.11874384844811714,-0.06485118312519167,-0.24549247117955572,0.1461689112432068,-0.07295566276171392,0.8176716209199015,-0.06845547854502002,0.672507635769247,0.9967266517932953,False
Body_Density_kg_per_m3,"Ethanolamine,_3TMS",Group_8C vs Group_15C (Reference),177.41665010227615,0.4498717830075486,-282.7699441928665,637.6032443974188,0.18887205376178973,0.019887064962162637,-43.02250050680425,0.7527086506506868,-164.79012230167012,0.3237916308634827,134.3941495954719,0.4816682358491913,0.9967266517932953,False
Age_years,Alanine,Group_8C vs Group_15C (Reference),-0.09213793520381014,0.45017727284777664,-0.331288202421672,0.1470123320140517,0.08396664454472447,-0.10687363784179116,0.011421096171919977,0.8799256263813469,0.10550616445421002,0.5114733476776587,-0.08071683903189017,0.399338717715918,0.9967266517932953,False
Body_Density_kg_per_m3,Arginine_[-NH3],Group_8C vs Group_22C Contrast,52.52933213202246,0.4502679566591582,-83.84391755006135,188.90258181410627,0.3404557750892656,0.20305072823286263,24.96996300950711,0.043621135073385345,-72.93170659855205,0.2888546089219246,-20.402374466529594,0.05483265457897035,0.9967266517932953,False
BMI_kg·m2,1-Monopalmitin,Group_8C vs Group_15C (Reference),-0.2543135331519587,0.4507881641730588,-0.9152925151464226,0.4066654488425052,0.16669048045829737,-0.006915669446224015,0.21729668794056034,0.44529918411488634,-0.20839979634350625,0.05014692626000561,-0.037016845211398364,0.8377616228008429,0.9967266517932953,False
Weight_kg,Leucine,Group_22C vs Group_15C (Reference),0.1397868450577848,0.45080872513874004,-0.22354561826553446,0.5031193083811041,0.24694528028496743,0.09005888034433573,0.021806106646833752,0.777468878798468,0.16159295170461854,0.33771755848238394,0.17122129992150895,0.27049662580835365,0.9967266517932953,False
Height_m,"11-Eicosenoic_acid,_E-",Group_22C vs Group_15C (Reference),-12.2500526693016,0.45099039382221884,-44.10303695044169,19.60293161183849,0.1566867520679195,-0.019003507917930484,13.668873047791683,0.06263878623075687,1.418820378490084,0.9220456132277934,7.132824774440139,0.20220088574996908,0.9967266517932953,False
Max_Watts_W,DL-Ornithine,Group_8C vs Group_15C (Reference),-0.019128630091790267,0.45156690892712104,-0.06893091630910324,0.0306736561255227,0.16568386495412657,-0.008131996513763617,3.9263784346890375e-05,0.9962868670656737,0.0017884390646143416,0.8642636138680082,-0.019089366307443376,0.42577290639490784,0.9967266517932953,False
Height_m,1-Heptadecanol,Group_8C vs Group_22C Contrast,26.00788118038793,0.45270926185845606,-41.87738116011826,93.89314352089411,0.23657379656081534,0.07752667084431863,21.411781106987725,0.06546987379909777,-5.863229258268461,0.8625323231835462,20.14465192211947,0.005648130836775955,0.9967266517932953,False
BMI_kg·m2,Methyl_galactoside,Group_8C vs Group_22C Contrast,0.3272086908051822,0.4528424273152729,-0.5271167348194348,1.1815341164297992,0.11886850712818764,-0.0647005538867731,0.5331441693119419,0.21269259176800592,-0.34713964331521907,0.19996602777012962,-0.019930952510036848,0.953461006670689,0.9967266517932953,False
Weight_kg,Ethyl_alpha-D-glucopyranoside,Group_8C vs Group_15C (Reference),-0.23023578896416724,0.4529353177969444,-0.8314823879211457,0.37101080999281116,0.1955350419495855,0.027938175689082523,0.17613141469224555,0.029731783734398803,-0.1280642642738589,0.31973093614337933,-0.05410437427192169,0.8549030307879921,0.9967266517932953,False
BMI_kg·m2,"2,3,4-Trihydroxybutyric_acid",Group_8C vs Group_15C (Reference),1.3135258754080987,0.4532025532538376,-2.1186957244342386,4.745747475250436,0.2218000014484418,0.059675001750200574,0.21453635600610696,0.6096137445384441,-0.9993562818896046,0.33705939104906024,1.5280622314142056,0.36873209543338126,0.9967266517932953,False
Body_Density_kg_per_m3,alpha-D-Glucopyranoside,Group_8C vs Group_15C (Reference),165.83766987374113,0.4535356067928211,-267.8131039195448,599.4884436670271,0.12398517547875465,-0.05851791296317144,-62.29903420674237,0.4939332775707367,150.47405716134966,0.3568041384145606,103.53863566699877,0.6076173212926523,0.9967266517932953,False
VO2max_ml_per_kg_per_min,Arachidonic_acid,Group_8C vs Group_22C Contrast,0.08889236010163948,0.453978403576887,-0.14378562375113405,0.321570343954413,0.19427104893622316,0.02641085079793637,-0.032759943321659095,0.08050288952577674,-0.07163921538619794,0.5189974512024746,0.017253144715441524,0.6802377104068422,0.9967266517932953,False
Body_Density_kg_per_m3,Glycolic_acid,Group_8C vs Group_15C (Reference),119.18382544628173,0.4541873264439883,-192.92153434757518,431.28918524013864,0.1172688012747205,-0.06663353179304599,-43.1640868122472,0.6148716665135532,107.08558962802633,0.5411940507154835,76.01973863403452,0.5709464111598694,0.9967266517932953,False
BSA_m2,Tryptophan,Group_8C vs Group_15C (Reference),7.269073327323467,0.4542791060894896,-11.77024002742994,26.308386682076872,0.05032644473076653,-0.1475222126169904,-1.895450289700875,0.32040137908984256,5.472264778071022,0.3233026194199826,5.3736230376225915,0.5726441824516986,0.9967266517932953,False
VO2max_ml_per_kg_per_min,Lactic_Acid1,Group_8C vs Group_22C Contrast,-0.31325738214821114,0.45441370884180243,-1.134007735023568,0.5074929707271458,0.08810008435023908,-0.10187906474346109,-0.04764025100384916,0.8294559203907839,0.35401052810699796,0.26591441458138876,0.04075314595878684,0.8809904983423742,0.9967266517932953,False
Body_Fat__Percent,Arginine_[-NH3],Group_8C vs Group_22C Contrast,-0.11968662737733722,0.4545503359331744,-0.43336668610942736,0.19399343135475294,0.3386910157328168,0.2009183106771537,-0.05730486262209611,0.03585213171410476,0.16689752424825657,0.2913165902201933,0.04721089687091935,0.05356325458226219,0.9967266517932953,False
BMI_kg·m2,Aminomalonic_acid,Group_22C vs Group_15C (Reference),-0.8394879769938859,0.4547446912081282,-3.040563268703057,1.361587314715285,0.36989448431629923,0.23862250188219492,0.8072639735098749,0.10447212155717656,-0.032224003484011,0.9744706814022885,0.21672871956045336,0.7159917168941761,0.9967266517932953,False
Age_years,2-Aminoadipic_acid,Group_22C vs Group_15C (Reference),0.23645248046364736,0.4550801858594131,-0.38396978611628313,0.8568747470435778,0.23656219039274962,0.07751264672457248,-0.18841896115064305,0.006760153598285216,0.048033519313004314,0.8763920472222559,-0.21808828221910911,0.06216383321598373,0.9967266517932953,False
VO2max_ml_per_kg_per_min,Lactic_Acid,Group_8C vs Group_15C (Reference),-0.3519519570252861,0.45510547453357997,-1.275482458842717,0.5715785447921449,0.1469125778262017,-0.03081396846000617,0.004431997805751774,0.9718194562276338,-0.1152103318439749,0.5268494507129526,-0.3475199592195343,0.44418561148789726,0.9967266517932953,False
Max_Watts_W,Methyl_galactoside,Group_8C vs Group_15C (Reference),0.025308471607104175,0.4553552654502062,-0.04113837927841736,0.0917553224926257,0.17851779266102108,0.0073756661320671935,-0.03211117685675119,7.89586726295217e-06,-0.0564275763676861,0.5699892046772719,-0.006802705249647014,0.8373188606913202,0.9967266517932953,False
Body_Density_kg_per_m3,Cysteine,Group_22C vs Group_15C (Reference),-164.8117489185759,0.4555616831217364,-597.7196783833775,268.0961805462258,0.2685547708921757,0.11617034816137906,-42.1523421407893,0.08259710147679956,-206.9640910593652,0.34581788717867434,9.382846195155352,0.8954459640751784,0.9967266517932953,False
Body_Fat__Percent,Glycine,Group_8C vs Group_22C Contrast,-0.5011061778335045,0.45613079644896404,-1.8190402115962243,0.8168278559292154,0.14316541995069865,-0.035341784226239126,0.17114972943900955,0.16380917637866943,0.46066096301282644,0.479302253971013,-0.04044521482067809,0.8093657409192874,0.9967266517932953,False
Body_Fat__Percent,Tyrosine,Group_22C vs Group_15C (Reference),0.21995939671897316,0.4566349257660486,-0.3591820395381925,0.7991008329761388,0.2567360829095825,0.10188943351574553,0.0595733248091842,0.371274110965649,0.27953272152815734,0.331538419596797,-0.04114815507166508,0.5889331023052709,0.9967266517932953,False
Body_Fat__Percent,"Ethanolamine,_3TMS",Group_8C vs Group_15C (Reference),-0.4037732207792584,0.4566734410000811,-1.4669776695867172,0.6594312280282004,0.18759851324054144,0.01834820349898758,0.09732154187717039,0.7522600480565228,0.38072222975755476,0.3247792775522935,-0.306451678902088,0.4923308428558102,0.9967266517932953,False
Skinfold_Thickness_mm,Tyrosine,Group_22C vs Group_15C (Reference),0.040275781806667174,0.4575578204045916,-0.06598592051331895,0.1465374841266533,0.22230462648313076,0.060284757000449773,0.006826523872040288,0.5383209816528616,0.04710230567870746,0.374773843354524,-0.0038040260568310957,0.763315671684738,0.9967266517932953,False
VO2max_ml_per_kg_per_min,Proline,Group_8C vs Group_15C (Reference),0.05741207350164097,0.45783020029074295,-0.0941529696870181,0.20897711669030006,0.3874163850008887,0.25979479854274057,-0.01336498593589845,0.8163696731458134,-0.41202144938767093,0.08127278298113927,0.04404708756574252,0.3937557520235273,0.9967266517932953,False
VO2max_ml_per_kg_per_min,Methionine,Group_8C vs Group_15C (Reference),-0.0580666715803621,0.4581411583226461,-0.21146587860542318,0.09533253544469897,0.2986258750822751,0.15250626572441583,0.022387326495722927,0.3913326374921493,-0.22545935013417734,0.37334759940486695,-0.03567934508463917,0.6286776950936388,0.9967266517932953,False
Height_m,Threonine,Group_22C vs Group_15C (Reference),17.104879826328045,0.4586149158580488,-28.130059250253836,62.339818902909926,0.12525220351392063,-0.05698692075401257,-22.44558190014473,0.306911105142204,-5.340702073816686,0.4503244289993664,-12.988643810191506,0.22311954058969707,0.9967266517932953,False
Max_Watts_W,"D-Arabinose,_tetrakis",Group_8C vs Group_22C Contrast,-0.08963427080552898,0.45889378125860014,-0.32682932374649337,0.14756078213543544,0.06804514385300342,-0.12611211784428744,-0.023191232062440767,0.6041476972230095,0.06490984529694241,0.5807977438530678,-0.024724425508586566,0.39045701341957395,0.9967266517932953,False
VO2max_ml_per_kg_per_min,Arginine_[-NH3],Group_22C vs Group_15C (Reference),-0.11015327942711423,0.45892425345710997,-0.4016612605098707,0.18135470165564227,0.19408276485591214,0.02618334086756058,0.0368893324934377,0.015269259152796148,-0.07326394693367652,0.6204677208046827,0.01266484226486983,0.7584773970446128,0.9967266517932953,False
Skinfold_Thickness_mm,1-Heptadecanol,Group_8C vs Group_15C (Reference),-0.03364286565684698,0.45965749796729816,-0.12282034597437166,0.055534614660677696,0.08429594122082451,-0.10647573769150376,0.008709961670627445,0.31152469059059307,-0.015859079757781672,0.5799053443794426,-0.024932903986219536,0.5768063401516188,0.9967266517932953,False
BSA_m2,L-Norvaline,Group_8C vs Group_22C Contrast,-13.696952693958059,0.45984281497834256,-50.01926386476827,22.62535847685215,0.12409491105719694,-0.058385315805886906,-10.74092179365518,0.6344187854144188,14.06657786859863,0.4337726518239444,0.36962517464057143,0.9349079571680337,0.9967266517932953,False
Age_years,Glutamic_Acid,Group_8C vs Group_15C (Reference),0.06337638870776055,0.4603404280457004,-0.10487192122253616,0.23162469863805726,0.15387246869281845,-0.022404100329511012,0.008354797003691499,0.5252488971599116,0.050745692185994604,0.36481434077356223,0.07173118571145205,0.3977781241255005,0.9967266517932953,False
Body_Fat__Percent,Cysteine,Group_22C vs Group_15C (Reference),0.3773811022218222,0.4605297362606864,-0.6248933998058078,1.3796556042494523,0.26547902615651686,0.1124538232724579,0.09578061100419728,0.08393502176089171,0.47316171322601946,0.3519791508311516,-0.020052941933682247,0.9039922845447803,0.9967266517932953,False
Body_Fat__Percent,Glycolic_acid,Group_8C vs Group_15C (Reference),-0.27147462161331015,0.460763585732486,-0.9928515705911085,0.4499023273644882,0.11653858571479792,-0.06751587559461902,0.09807619985095675,0.6138399020606251,-0.2443960747461503,0.5448577204340843,-0.1733984217623534,0.579041700960574,0.9967266517932953,False
Age_years,Glutamic_Acid,Group_22C vs Group_15C (Reference),0.0423908951823031,0.46113787541463547,-0.07034656222256809,0.15512835258717428,0.15387246869281845,-0.022404100329511012,0.008354797003691499,0.5252488971599116,0.050745692185994604,0.36481434077356223,0.07173118571145205,0.3977781241255005,0.9967266517932953,False
Height_m,Glycolic_acid,Group_22C vs Group_15C (Reference),55.10208314271083,0.46125093898995595,-91.4774157297797,201.68158201520134,0.17860667827548715,0.007483069582880364,-38.10583619109329,0.4766653686497987,16.996246951617543,0.7447865009177232,25.360258094352233,0.26103056099691657,0.9967266517932953,False
Max_Watts_W,Arachidonic_acid1,Group_8C vs Group_15C (Reference),-0.016450397199515805,0.4619260912949107,-0.06027683153780352,0.02737603713877191,0.06715473043855036,-0.12718803405341816,0.0022545155860218325,0.8155254167796728,-0.017938598213851346,0.770929356264862,-0.014195881613493973,0.4814402649990084,0.9967266517932953,False
Max_Watts_W,Lysine,Group_22C vs Group_15C (Reference),-0.04710104669619004,0.4619754460130556,-0.17259944221744974,0.07839734882506968,0.28409288193826243,0.1349455656754005,-0.025764488636113518,0.18301806199116055,-0.07286553533230355,0.23256147324591736,0.012544043580118791,0.0854856670296491,0.9967266517932953,False
Age_years,D---Ribofuranose,Group_8C vs Group_22C Contrast,-0.2539952187486354,0.4622925609329285,-0.9312447916607144,0.4232543541634436,0.17933400094830254,0.00836191781253226,0.035681178762924426,0.854463031448415,-0.03851258716794559,0.8917340254395238,-0.292507805916581,0.1402449142087625,0.9967266517932953,False
Skinfold_Thickness_mm,"11-Eicosenoic_acid,_E-",Group_8C vs Group_22C Contrast,0.024621696042564437,0.4622994982446583,-0.04103029390202084,0.09027368598714972,0.17610378115188408,0.004458735558526605,0.002071699701079757,0.8697312107122077,-0.03528064209684066,0.0925919018298278,-0.010658946054276228,0.6831501421706756,0.9967266517932953,False
Skinfold_Thickness_mm,N-Acetylglutamine,Group_8C vs Group_22C Contrast,-0.10552199155384002,0.46271899142973827,-0.38715267882395427,0.17610869571627424,0.3578682939933038,0.22409085524190875,0.006939512495983583,0.8726874067103074,-0.0292624493814585,0.7332392342448908,-0.1347844409352985,0.24206605945912973,0.9967266517932953,False
Age_years,Dodecanoic_acid,Group_8C vs Group_22C Contrast,0.15738964149790025,0.4627727697235129,-0.2627226033351131,0.5775018863309136,0.07856347884488557,-0.11340246306242996,0.0021758263445588516,0.9839816924360436,-0.16142254451370072,0.32564290329651935,-0.00403290301580047,0.9766422145306173,0.9967266517932953,False
Max_Watts_W,Stearic_Acid,Group_22C vs Group_15C (Reference),0.017027937149604364,0.4629053888760233,-0.02843651753626155,0.06249239183547028,0.10122518579044859,-0.08601956716987447,-0.004296857084984341,0.2801320155012518,0.012731080064620023,0.577466381056015,0.0016228539859347987,0.8379239002705892,0.9967266517932953,False
Height_m,Lactic_Acid1,Group_22C vs Group_15C (Reference),48.65728931685199,0.4632849170357388,-81.36756233600424,178.6821409697082,0.12725715643612645,-0.05456426930634706,-49.73282136068075,0.4413339554843543,-1.0755320438287654,0.9433160790704038,-30.311960131499468,0.269346477133374,0.9967266517932953,False
Weight_kg,1H-Indole-3-Acetic_Acid,Group_22C vs Group_15C (Reference),0.04995836542208036,0.46388466097640824,-0.0837225162155792,0.18363924705973994,0.07502247229239878,-0.11768117931335143,-0.0011890503608986073,0.9811441265043639,0.048769315061181755,0.28961541641438027,-0.04296782524966544,0.7786683751942987,0.9967266517932953,False
Age_years,Methionine,Group_22C vs Group_15C (Reference),0.10851070940106976,0.4646200581622605,-0.18232557269994298,0.3993469915020825,0.24054341980721716,0.08232329893372081,0.008728378590405067,0.7788764037493336,0.11723908799147482,0.41908451516978085,-0.03233109782618335,0.5694609544395419,0.9967266517932953,False
Skinfold_Thickness_mm,"2,3-Butanediol",Group_8C vs Group_22C Contrast,0.08456152558478926,0.46466126540901287,-0.14210993667572624,0.3112329878453048,0.21752415185278207,0.054508350155445084,-0.05450177669774455,0.1822493311449136,-0.006024777512985392,0.9531947850442162,0.07853674807180386,0.14046310187298938,0.9967266517932953,False
VO2max_ml_per_kg_per_min,Glycerol-3-P,Group_8C vs Group_22C Contrast,0.24583304430089337,0.46467263462860264,-0.4131516886411746,0.9048177772429613,0.16604102520947406,-0.007700427871885518,-0.09672822354661688,0.2773942396930572,-0.12263614024796266,0.6737762730972681,0.1231969040529307,0.4629848407216026,0.9967266517932953,False
BMI_kg·m2,Erythritol,Group_8C vs Group_15C (Reference),-0.9440276865217222,0.4651665578164115,-3.4773610090786486,1.589305636035204,0.1606122912951048,-0.01426014801841502,-0.19773117361151574,0.6939890130123438,0.5687010710569722,0.47732880461956095,-1.141758860133238,0.33766642983623707,0.9967266517932953,False
Age_years,Doconexent,Group_8C vs Group_22C Contrast,-0.07768629993014234,0.46528805942315765,-0.28622096415513537,0.1308483642948507,0.09833392690568343,-0.08951317165563255,0.03776203681394671,0.20577317303774312,0.030216230931483137,0.7331051304776048,-0.047470068998659194,0.42019471671577424,0.9967266517932953,False
BSA_m2,1H-Indole-3-Acetic_Acid,Group_8C vs Group_22C Contrast,-7.318650540006777,0.4653198550433063,-26.965629208200127,12.328328128186572,0.09815956831443862,-0.08972385495338653,-1.163345029888857,0.8120967054644976,3.4354058096532682,0.1327009367361387,-3.8832447303535087,0.6907260238577928,0.9967266517932953,False
Weight_kg,2-Aminoheptanedioic_acid,Group_22C vs Group_15C (Reference),0.14158652921749093,0.46535955364716663,-0.2385305246751523,0.5217035831101342,0.08565850492502747,-0.10482930654892497,-0.06801948917190051,0.24905667331525827,0.07356704004559042,0.6904762404715192,-0.16250690510648041,0.6695195971378616,0.9967266517932953,False
Body_Density_kg_per_m3,Aminomalonic_acid,Group_8C vs Group_15C (Reference),125.89974486686846,0.46561423034812377,-212.29602131178063,464.0955110455175,0.3273591288955304,0.18722561408209937,-92.91031084392263,0.3115261404727635,123.53346111110399,0.45640860275805784,32.98943402294583,0.8213591084462026,0.9967266517932953,False
Age_years,Proline,Group_22C vs Group_15C (Reference),0.1468004568016856,0.46563667157948097,-0.247559282139051,0.5411601957424222,0.22726462486197396,0.06627808837488525,0.02016600279640618,0.6999505690598535,0.16696645959809178,0.39012437579878334,-0.09520689108197683,0.009652898620358785,0.9967266517932953,False
BSA_m2,L-Aspartic_acid,Group_8C vs Group_22C Contrast,-13.39124936767523,0.4657228893885694,-49.37265961706819,22.59016088171773,0.1254559010905293,-0.05674078618227707,-8.380251558946197,0.4910747951402098,8.444312391214604,0.4508373648408792,-4.946936976460627,0.7337930431792432,0.9967266517932953,False
Max_Watts_W,L-+-Erythrulose,Group_8C vs Group_15C (Reference),-0.041347783903396405,0.466224935205922,-0.15256967447552564,0.06987410666873284,0.21127695696320192,0.04695965633053567,0.0055159021983751015,0.9036368362887746,-0.07477203595078911,0.2725163130297692,-0.0358318817050213,0.2895223560210216,0.9967266517932953,False
VO2max_ml_per_kg_per_min,Glycolic_acid,Group_22C vs Group_15C (Reference),0.1949185287129614,0.4665122205765103,-0.3297331383094995,0.7195701957354224,0.15579149356620658,-0.020085278607500312,0.0824730677115636,0.5728328812347472,0.277391596424525,0.21598314878015112,0.2051856501208767,0.29242707114752564,0.9967266517932953,False
Muscle_Mass_kg,Methyl_galactoside,Group_22C vs Group_15C (Reference),0.16727436229313736,0.4671375642380984,-0.2836013803883951,0.6181501049746698,0.06328310847523344,-0.13186624392575963,-0.19795516246764722,0.3425067807831098,-0.03068080017450986,0.752032191557688,-0.03652517172014061,0.7909601920896578,0.9967266517932953,False
Max_Watts_W,L-5-Oxoproline,Group_8C vs Group_22C Contrast,-0.039200514818112424,0.4674614337864247,-0.1449414360881132,0.06654040645188836,0.24450712334815328,0.08711277404568529,0.008835652259372682,0.8604682619529008,0.03513421527846647,0.4094503113851269,-0.004066299539645954,0.9022567686480361,0.9967266517932953,False
Body_Fat__Percent,Leucine,Group_8C vs Group_15C (Reference),0.257028674255923,0.4686868974775036,-0.43818934858869096,0.952246697100537,0.12225566907189922,-0.060607733204788294,-0.050461392962338855,0.6961426983804258,0.25900361281320733,0.558934797915569,0.20656728129358415,0.5317604794763893,0.9967266517932953,False
Height_m,"Ethanolamine,_3TMS",Group_8C vs Group_22C Contrast,21.65203706965241,0.46903557810795615,-36.959998149648335,80.26407228895314,0.12269023227612363,-0.060082635999683776,-11.635939137943256,0.8000688561128085,-10.127150369652579,0.5885761429164591,11.524886699999831,0.6211256605336453,0.9967266517932953,False
BSA_m2,Campesterol,Group_8C vs Group_22C Contrast,6.050319908865356,0.4691255054469168,-10.33120195401551,22.43184177174622,0.14869072175276254,-0.028665377882078458,-2.2127601646962085,0.4906998992108691,-4.698935298051705,0.32845224913470883,1.3513846108136516,0.8432958126508541,0.9967266517932953,False
Body_Fat__Percent,alpha-D-Glucopyranoside,Group_8C vs Group_15C (Reference),-0.3751428048040389,0.4697752238749152,-1.3923270742687206,0.6420414646606429,0.12074996072242783,-0.062427130793732966,0.13906506351811915,0.5041719123636652,-0.3441508704001648,0.36426187991291803,-0.23607774128591974,0.6194713872819535,0.9967266517932953,False
Body_Density_kg_per_m3,Leucine,Group_8C vs Group_15C (Reference),-109.66300450987313,0.470593607263996,-407.5583654887305,188.23235646898422,0.12194337826448176,-0.060985084597084516,21.992032995473263,0.6940789244896872,-113.698815698566,0.5570728956615603,-87.67097151439987,0.5350478405421764,0.9967266517932953,False
Weight_kg,beta-Alanine,Group_22C vs Group_15C (Reference),-0.11637055852826703,0.471632848475825,-0.4332283421566482,0.2004872251001141,0.07268335642174806,-0.12050761099038776,0.12593247543379069,0.04214814604890938,0.00956191690552366,0.9489395113535044,-0.012968340258558253,0.9820837896672707,0.9967266517932953,False
VO2max_ml_per_kg_per_min,Methionine,Group_8C vs Group_22C Contrast,0.18978000504953815,0.4718730830871284,-0.3272492352416273,0.7068092453407037,0.2986258750822751,0.15250626572441583,0.022387326495722927,0.3913326374921493,-0.22545935013417734,0.37334759940486695,-0.03567934508463917,0.6286776950936388,0.9967266517932953,False
Body_Fat__Percent,Threonine,Group_22C vs Group_15C (Reference),0.32534760951742525,0.4722033563952024,-0.5616614006411549,1.2123566196760054,0.13249622949825146,-0.04823372268961279,-0.07939231773304685,0.6318611966722967,0.24595529178437842,0.5592006204095408,-0.16460855578189315,0.3835808758377781,0.9967266517932953,False
Weight_kg,Glyceric_acid,Group_8C vs Group_15C (Reference),-0.20673614496586856,0.47258551977758956,-0.7708562454495133,0.35738395551777613,0.07606400878350772,-0.11642265605326152,0.1990111035896207,0.29168023564260614,-0.1051081261490231,0.6322760752686536,-0.007725041376247854,0.9716413267225215,0.9967266517932953,False
Muscle_Mass_kg,beta-Alanine,Group_22C vs Group_15C (Reference),-0.1376344913763464,0.47281570696546427,-0.5133924955605991,0.23812351280790625,0.039622808918665764,-0.16045577255661203,0.13433341084116035,0.4048555042420311,-0.003301080535186046,0.9745983621553986,-0.01844238630105552,0.9248934095635921,0.9967266517932953,False
Skinfold_Thickness_mm,Ornithine,Group_8C vs Group_15C (Reference),0.008524618473409077,0.47281690043135527,-0.014748633948683029,0.03179787089550118,0.10763885072927915,-0.07826972203545424,-0.0025021071859994415,0.7679204090273801,0.008510182420637407,0.6544710865503265,0.0060225112874096355,0.4687809892977035,0.9967266517932953,False
Height_m,"2-Ethyl-3-hydroxypropionic_acid,_di-",Group_8C vs Group_15C (Reference),18.664123739650137,0.473157024476616,-32.33039250230618,69.65863998160646,0.2882338983635073,0.1399492938559047,-31.76247983859519,0.08573049618327122,-12.283934272558415,0.2084442288619961,-13.098356098945054,0.47439650672316414,0.9967266517932953,False
Body_Fat__Percent,Aminomalonic_acid,Group_8C vs Group_15C (Reference),-0.28404583966301683,0.47316561185835504,-1.060136990724113,0.4920453113980792,0.3271271973994375,0.18694536352432034,0.20945803486626022,0.3182652243769454,-0.28828139866348,0.4468551770907436,-0.07458780479675661,0.8242100905253134,0.9967266517932953,False
Body_Density_kg_per_m3,Threonine,Group_22C vs Group_15C (Reference),-142.2312861876616,0.4739385412803382,-531.5258449660826,247.06327259075934,0.13263161952240088,-0.04807012641043218,34.199249133813254,0.6447503212435408,-108.03203705384834,0.5576590192261235,70.45606529044474,0.3825872935206953,0.9967266517932953,False
Age_years,1-Monopalmitin,Group_8C vs Group_22C Contrast,-0.06673794337261307,0.4753641380528142,-0.24999698463948267,0.11652109789425652,0.16641390393484357,-0.007249866078730571,0.05708663275913338,0.2312212139704355,0.0005289161554145813,0.994917811135265,-0.0662090272171985,0.12341614821294256,0.9967266517932953,False
Max_Watts_W,Lactic_Acid,Group_22C vs Group_15C (Reference),-0.031836741169487086,0.47755866581504447,-0.11969343776825433,0.05601995542928017,0.11395483700244191,-0.07063790528871605,0.004195836237169861,0.8843301616216368,-0.027640904932317224,0.42053313893955035,-0.03126904847384748,0.6909302632677017,0.9967266517932953,False
VO2max_ml_per_kg_per_min,Decanoic_acid,Group_8C vs Group_22C Contrast,-0.11058080230949033,0.47869951437659886,-0.41653741534138955,0.19537581072240887,0.13634941024886815,-0.04357779594928424,0.06479453648461209,0.001144523895011667,0.019120983809592963,0.7872200824561446,-0.09145981849989737,0.5108560811673373,0.9967266517932953,False
Height_m,"11-Eicosenoic_acid,_E-",Group_8C vs Group_15C (Reference),-6.536048273351544,0.47884711789513645,-24.62582263257467,11.553726085871585,0.1566867520679195,-0.019003507917930484,13.668873047791683,0.06263878623075687,1.418820378490084,0.9220456132277934,7.132824774440139,0.20220088574996908,0.9967266517932953,False
Body_Density_kg_per_m3,Ascorbic_Acid,Group_22C vs Group_15C (Reference),-74.93010557252606,0.47889752345221515,-282.3374010664626,132.47718992141043,0.12845602833647163,-0.053115632426763426,91.96170734182114,0.10418593326273468,17.03160176929508,0.8489362128722202,-0.7493826037568994,0.9971948489046225,0.9967266517932953,False
VO2max_ml_per_kg_per_min,Leucine,Group_8C vs Group_15C (Reference),-0.15158087021741964,0.47898993961604963,-0.5712464652994432,0.2680847248646039,0.30784433007330947,0.16364523217191562,0.068822477518672,0.46124149594615194,-0.42476178621587457,0.08662933176270182,-0.08275839269874764,0.6675360930180883,0.9967266517932953,False
Muscle_Mass_kg,L-+-Erythrulose,Group_8C vs Group_22C Contrast,-0.13876122338182093,0.4791520148966455,-0.5230831722960604,0.24556072553241856,0.1781309496357386,0.006908230809850924,-0.14002905650310482,0.7145547331070525,0.1599375372831674,0.07981655016734979,0.021176313901346472,0.9028728485648487,0.9967266517932953,False
Muscle_Mass_kg,Threonine,Group_22C vs Group_15C (Reference),0.09970297891494753,0.47919082639197697,-0.1764600700480857,0.37586602787798074,0.09688567322911579,-0.09126314484815179,-0.1014735969320519,0.41310085454083234,-0.0017706180171043612,0.978899417642886,-0.07990325987651693,0.16222013302115412,0.9967266517932953,False
Height_m,"R*,R*-2,3-Dihydroxybutanoic_acid",Group_22C vs Group_15C (Reference),20.520155790610307,0.4792561180800643,-36.32619650885371,77.36650809007433,0.14639136781742423,-0.0314437638872791,-3.8121350287468947,0.8813830332543784,16.708020761863413,0.2236667794713605,-4.544262930704257,0.8661337368404232,0.9967266517932953,False
Muscle_Mass_kg,Glycerol-3-P,Group_8C vs Group_15C (Reference),0.11350775321898542,0.47964132035074614,-0.20121503322159046,0.4282305396595613,0.10401580292503299,-0.08264757146558499,-0.0768817843079892,0.5852774833687415,0.03195804085521882,0.6952568228404701,0.03662596891099622,0.6344868724667025,0.9967266517932953,False
VO2max_ml_per_kg_per_min,"Ethanolamine,_2TMS",Group_22C vs Group_15C (Reference),0.38619928503677464,0.4802577580689019,-0.6861190335910075,1.4585176036645566,0.08225448157356985,-0.10894250143193629,-0.035810365836987844,0.8617906099339316,0.3503889191997868,0.48947723038415525,-0.0639318466917097,0.7454399045287317,0.9967266517932953,False
Weight_kg,Linoleic_Acid,Group_8C vs Group_15C (Reference),-0.19604208589184802,0.48049352786131383,-0.7406636615733719,0.3485794897896759,0.2069825518775219,0.041770583518672355,-0.004222144631037682,0.9843206866869609,-0.09816358134764057,0.44696949709473444,-0.2002642305228857,0.2557950318668887,0.9967266517932953,False
VO2max_ml_per_kg_per_min,Glycine,Group_8C vs Group_22C Contrast,0.35845278643905876,0.48050267538951696,-0.6373985724966383,1.3543041453747557,0.1379841776215187,-0.04160245204066482,-0.11963292541027164,0.14734881029854982,-0.31717047073642596,0.5182031293074392,0.041282315702632785,0.7528163338667324,0.9967266517932953,False
Body_Density_kg_per_m3,Lactic_Acid1,Group_8C vs Group_22C Contrast,-230.24714048134678,0.48100245236211736,-870.6473887926634,410.15310782996977,0.13635760069382352,-0.04356789916162995,-161.7798393754567,0.33706234813004754,167.95635496891865,0.2626428204009186,-62.290785512428144,0.8300995192016833,0.9967266517932953,False
Weight_kg,Valine,Group_8C vs Group_22C Contrast,-0.09896315983541043,0.48109557682822046,-0.3742738070226686,0.17634748735184774,0.26216387340785685,0.10844801370116042,-0.07353372735817892,0.2944431688612107,0.1165277030364788,0.4014002682050082,0.017564543201068372,0.40550489444546933,0.9967266517932953,False
BSA_m2,beta-D-Xylopyranose,Group_8C vs Group_22C Contrast,9.733698114837097,0.4819660038931697,-17.398792338816705,36.8661885684909,0.06590299378463105,-0.128700549176904,1.5409857716137907,0.9308260918640653,-3.929057291993236,0.46967312764557967,5.8046408228438615,0.6484511565461608,0.9967266517932953,False
Height_m,"R*,R*-2,3-Dihydroxybutanoic_acid",Group_8C vs Group_22C Contrast,-21.25228369256767,0.4823753707002866,-80.54799045380393,38.04342306866859,0.14639136781742423,-0.0314437638872791,-3.8121350287468947,0.8813830332543784,16.708020761863413,0.2236667794713605,-4.544262930704257,0.8661337368404232,0.9967266517932953,False
BSA_m2,Glycolic_acid,Group_8C vs Group_15C (Reference),13.97334399650064,0.4827688349307401,-25.047826237410206,52.99451423041148,0.10977087895603055,-0.07569352126146311,-8.701672461585131,0.6067953063049148,-0.32889151271168693,0.9709410689332016,5.271671534915509,0.6160198689719154,0.9967266517932953,False
BMI_kg·m2,Phenylalanine,Group_8C vs Group_22C Contrast,-0.23629824904451008,0.4828328903453215,-0.8962800738846188,0.4236835757955986,0.4416303014594305,0.32530328093014527,0.0025263766550951087,0.9333405625955705,0.30680606216357065,0.3593069544302758,0.07050781311906061,0.05646683256415841,0.9967266517932953,False
BMI_kg·m2,Decanoic_acid,Group_22C vs Group_15C (Reference),-0.11278584395073035,0.4831240005846291,-0.4280009132512498,0.2024292253497891,0.06762469261775061,-0.12662016308688462,-0.024825118128574887,0.8350537813596883,-0.13761096207930523,0.20235355816412914,-0.2287116462520146,0.47264975019473265,0.9967266517932953,False
Muscle_Mass_kg,Lactic_Acid1,Group_22C vs Group_15C (Reference),-0.4770638288005758,0.4832860975906681,-1.8108609260721726,0.8567332684710212,0.11189995904665828,-0.07312088281862117,0.3666663051862704,0.5831494706024958,-0.11039752361430538,0.3930026777859885,0.09673957252146187,0.6667298420086567,0.9967266517932953,False
Max_Watts_W,"D-Arabinose,_tetrakis",Group_22C vs Group_15C (Reference),0.08810107735938318,0.48361019424731644,-0.15839856511091466,0.334600719829681,0.06804514385300342,-0.12611211784428744,-0.023191232062440767,0.6041476972230095,0.06490984529694241,0.5807977438530678,-0.024724425508586566,0.39045701341957395,0.9967266517932953,False
Muscle_Mass_kg,Glutamic_Acid,Group_8C vs Group_22C Contrast,-0.044138532871987914,0.483964102899999,-0.16773682883693142,0.07945976309295558,0.07727505187863715,-0.11495931231331347,0.02203127419730795,0.31073997024925915,0.0033847822350781473,0.8637981406708439,-0.040753750636909766,0.4962303262747596,0.9967266517932953,False
Max_Watts_W,"Ethanolamine,_2TMS",Group_8C vs Group_22C Contrast,-0.0757844511680662,0.48448472565641165,-0.2882517489784171,0.1366828466422847,0.17619920085764873,0.004574034369658975,0.0005391292513806275,0.9911085018236586,0.10714930750925045,0.29520064681619407,0.031364856341184244,0.37939375175670564,0.9967266517932953,False
Max_Watts_W,alpha-D-Glucopyranoside,Group_8C vs Group_22C Contrast,0.05804580472795144,0.4859662434878599,-0.10524317780706365,0.22133478726296651,0.058239818462804904,-0.13796021935744407,-0.006911550031887852,0.8171229013467702,-0.04204788788923336,0.6064508516078018,0.015997916838718082,0.3375936310462817,0.9967266517932953,False
BSA_m2,"R*,R*-2,3-Dihydroxybutanoic_acid",Group_22C vs Group_15C (Reference),8.89097497106451,0.48600196756480374,-16.12186645365241,33.90381639578143,0.27068373267956125,0.11874284365446985,6.0312157680293454,0.5507857635322484,14.922190739093857,0.055376649217451,-5.4627356334920565,0.7179771689084222,0.9967266517932953,False
BMI_kg·m2,Lysine,Group_8C vs Group_15C (Reference),-0.4412754569680023,0.48650066107212575,-1.6841296992201418,0.8015787852841373,0.23955506584371877,0.08112903789449355,0.5670366599683972,0.23568629375621242,0.07429387461034631,0.9674916368143316,0.12576120300039495,0.7626832984854774,0.9967266517932953,False
BMI_kg·m2,2-OH-Butanoic_Acid,Group_8C vs Group_22C Contrast,-0.10970793165743233,0.487050832406302,-0.41909690960990553,0.1996810462950409,0.023001727296117824,-0.1805395795171909,-0.053654171739203074,0.7945973028745976,0.10301356398205218,0.4426735085390423,-0.006694367675380147,0.9358182079845867,0.9967266517932953,False
BSA_m2,Oleic_Acid,Group_8C vs Group_15C (Reference),2.5022595382533375,0.4871868165149349,-4.556473970721221,9.560993047227896,0.12581622964719374,-0.05630538917630745,1.4974200122519385,0.6316655140402208,-0.7084238608519353,0.8501597193631392,3.999679550505276,0.02566711845279479,0.9967266517932953,False
Body_Fat__Percent,Ascorbic_Acid,Group_22C vs Group_15C (Reference),0.17046607758813426,0.48728391333524645,-0.31051638182311514,0.6514485369993837,0.12823421080528652,-0.053383661943612104,-0.20894723680109067,0.10922477081008428,-0.03848115921295642,0.8531249888879919,0.005132814392187907,0.9918274562767568,0.9967266517932953,False
BMI_kg·m2,L-Aspartic_acid,Group_22C vs Group_15C (Reference),0.7012988311551648,0.4872959220147418,-1.2775214962744772,2.6801191585848065,0.1550982913812382,-0.020922897914337213,0.006060445919701305,0.9841827943501322,0.7073592770748661,0.4622631349356192,-0.5698602227143916,0.650587709198563,0.9967266517932953,False
Max_Watts_W,Cysteine,Group_22C vs Group_15C (Reference),0.04904172602504189,0.48732086214541204,-0.08934482016754136,0.18742827221762515,0.1440384730572687,-0.034286845055800264,-0.012816469986567287,0.06360109329339521,0.03622525603847461,0.6061817896253174,-0.007407226081499069,0.6340498751220087,0.9967266517932953,False
Skinfold_Thickness_mm,Valine,Group_8C vs Group_22C Contrast,-0.04115363284270599,0.48812466792756015,-0.15749828064540727,0.0751910149599953,0.25005744115376516,0.09381940806079958,-0.01607019290924514,0.06941639287073655,0.04629914703352921,0.4281201756567641,0.005145514190823222,0.6232483441653431,0.9967266517932953,False
Skinfold_Thickness_mm,D---Ribofuranose,Group_8C vs Group_15C (Reference),-0.04247634912376126,0.48871567023332674,-0.16272153297645714,0.07776883472893462,0.1273601725763509,-0.05443979147024258,0.029518683138636717,0.4215020222760688,0.009116531964570233,0.9102102689246234,-0.012957665985124545,0.7920443616461585,0.9967266517932953,False
BMI_kg·m2,Valine,Group_8C vs Group_22C Contrast,-0.6078079331562312,0.48889007063995227,-2.3291576575454664,1.1135417912330043,0.33002549442210183,0.19044747242670645,-0.2597791621844269,0.1529708248150998,0.6645015611309442,0.4326010287361828,0.056693627974713,0.8077509268339031,0.9967266517932953,False
Max_Watts_W,Palmitic_Acid,Group_8C vs Group_15C (Reference),-0.0057330859834247095,0.4892959040576381,-0.021984414691571495,0.010518242724722078,0.26878225682239343,0.11644522699372539,0.0033248576016825585,0.4432398624922401,0.01942656907538643,0.30642391653436674,-0.002408228381742151,0.733287883979624,0.9967266517932953,False
Muscle_Mass_kg,Serine,Group_8C vs Group_15C (Reference),-0.048020665150536726,0.4899490722760591,-0.1843476654858106,0.08830633518473714,0.09071808557005112,-0.09871564660285492,-0.030625027698149877,0.525946977868263,-0.049093404646202904,0.698812890746265,-0.07864569284868661,0.11619082036577133,0.9967266517932953,False
Weight_kg,Citric_acid,Group_22C vs Group_15C (Reference),0.18423228239315093,0.49014254068485064,-0.3390223027197181,0.70748686750602,0.1617374831773133,-0.012900541160746348,-0.1498352878252173,0.27941808079196273,0.03439699456793363,0.8801971753276645,0.01092408494595079,0.8873610497950914,0.9967266517932953,False
Body_Density_kg_per_m3,Asparagine,Group_8C vs Group_15C (Reference),-126.99928022711943,0.4903135698648514,-487.843501930428,233.84494147618915,0.05096825363972912,-0.14674669351866054,54.332270289909104,0.31534557536177354,-33.55560466928759,0.7776430098173128,-72.66700993721032,0.679652379520282,0.9967266517932953,False
Height_m,L-5-Oxoproline,Group_22C vs Group_15C (Reference),40.567343893338936,0.4904231022785862,-74.72612875402703,155.86081654070492,0.36870642066268633,0.23718692496741267,-59.400710879109134,0.2007882008294377,-18.833366985770198,0.6020419845509408,30.260761691479907,0.1835124733615321,0.9967266517932953,False
Body_Density_kg_per_m3,Indole-3-Propionic_Acid,Group_8C vs Group_22C Contrast,47.86213760586608,0.490716008181344,-88.25772835066414,183.9820035623963,0.1312459102257375,-0.049744525143900375,17.33241413281431,0.3519307180380453,-52.865650988540224,0.4427361496819957,-5.003513382674143,0.575052310541508,0.9967266517932953,False
Body_Fat__Percent,Indole-3-Propionic_Acid,Group_8C vs Group_22C Contrast,-0.11102493519979886,0.49100034732558095,-0.42698687110330824,0.2049370007037105,0.13327261255562173,-0.04729559316195697,-0.039772662405547325,0.34840084256144555,0.122789105539576,0.4425256307358487,0.011764170339777148,0.5662343084874719,0.9967266517932953,False
VO2max_ml_per_kg_per_min,Cysteine,Group_8C vs Group_22C Contrast,0.3183433744453345,0.49132725625455176,-0.5883023791487769,1.224989128039446,0.22579731960340443,0.06450509452078046,-0.08805482027072765,0.03047196531943543,-0.2729491455815502,0.5465674742082385,0.04539422886378432,0.632696018774267,0.9967266517932953,False
Body_Fat__Percent,Lactic_Acid1,Group_8C vs Group_22C Contrast,0.5260950204265801,0.49148044455609885,-0.9727597494211419,2.024949790274302,0.1344123712769707,-0.04591838470699372,0.36308247097915924,0.347085348608725,-0.3892335623672416,0.25715338515310826,0.13686145805933844,0.8412348005746901,0.9967266517932953,False
VO2max_ml_per_kg_per_min,L-Aspartic_acid,Group_8C vs Group_22C Contrast,0.33158097921460855,0.4916719699822296,-0.6135173314535705,1.2766792898827877,0.16085383973091438,-0.01396827699181169,-0.07637586769382429,0.4045818572378267,-0.34409941743735406,0.2528946258508289,-0.012518438222745537,0.9734926370209402,0.9967266517932953,False
Max_Watts_W,Indole-3-Latic_Acid,Group_8C vs Group_22C Contrast,-0.00918526168453432,0.49219909608172685,-0.03539771154534127,0.017027188176272634,0.5075959563160145,0.4050117805485176,0.012797446857869545,0.004382308048891068,0.006849464779995144,0.5468399731496116,-0.0023357969045391756,0.7401858814765307,0.9967266517932953,False
Height_m,2-Aminoheptanedioic_acid,Group_8C vs Group_15C (Reference),36.85931554968125,0.49221337158822265,-68.32952983435774,142.04816093372025,0.06887956297266495,-0.12510386140802976,-31.75650944409875,0.05398581006659908,-14.163303907579404,0.795328373293291,5.1028061055824985,0.9204185639411855,0.9967266517932953,False
Max_Watts_W,Cholesterol,Group_8C vs Group_15C (Reference),-0.009493815940142262,0.49234071897549636,-0.03659517128478344,0.017607539404498915,0.11471227538185491,-0.06972266724692533,0.010483550611885316,0.41344529905518623,0.010843235964613824,0.674402650339802,0.0009897346717430543,0.8486192857461334,0.9967266517932953,False
Body_Density_kg_per_m3,1-Ethyl-1-tetradecyloxy-1-silacyclohexane,Group_22C vs Group_15C (Reference),99.56431964428039,0.4924376091904513,-184.71886178236173,383.8475010709225,0.21721674377151434,0.05413689872391325,-120.38949930240688,0.19227162766229278,-20.825179658126487,0.8523122638783232,122.62061356103382,0.09960843395181262,0.9967266517932953,False
Body_Fat__Percent,1-Ethyl-1-tetradecyloxy-1-silacyclohexane,Group_22C vs Group_15C (Reference),-0.22776565707873397,0.49321486713270346,-0.8792681891254838,0.4237368749680158,0.2175884454219068,0.054586038218137456,0.27396207494485547,0.19088123555488523,0.0461964178661215,0.8579550145479533,-0.28626742079502676,0.0911410482863555,0.9967266517932953,False
Max_Watts_W,Erythritol,Group_8C vs Group_15C (Reference),0.034393302727653736,0.4941361337586556,-0.06419553367805023,0.13298213913335769,0.12469655689151604,-0.05765832708941798,0.009312915485372235,0.6997660904772144,0.015306972240000974,0.6461627357152127,0.04370621821302597,0.3219268880130737,0.9967266517932953,False
Body_Density_kg_per_m3,Cysteine,Group_8C vs Group_15C (Reference),51.53518833594465,0.49438061037140046,-96.27474903643447,199.3451257083238,0.2685547708921757,0.11617034816137906,-42.1523421407893,0.08259710147679956,-206.9640910593652,0.34581788717867434,9.382846195155352,0.8954459640751784,0.9967266517932953,False
Muscle_Mass_kg,1-Monopalmitin,Group_22C vs Group_15C (Reference),-0.1535010544663608,0.4945335724598082,-0.5939190169434316,0.28691690801070996,0.17001828013513576,-0.0028945781700442375,0.11917393075868457,0.5922779536758065,-0.03432712370767624,0.2711603098318447,-0.037996623786724915,0.5441459284388748,0.9967266517932953,False
BSA_m2,2-Aminoheptanedioic_acid,Group_22C vs Group_15C (Reference),11.493735021096514,0.4946870476821512,-21.495274863946555,44.48274490613958,0.06723235515511483,-0.12709423752090276,-8.473472659760198,0.03829121270799534,3.020262361336316,0.8532395994094979,-7.7351114098156515,0.525494655492605,0.9967266517932953,False
Body_Density_kg_per_m3,"1,3-Dioxolane-2-methanol",Group_8C vs Group_15C (Reference),148.16651072804527,0.49481237459828287,-277.22056479162825,573.5535862477187,0.17536002875005086,0.003560034739644835,-214.92995376337066,0.005369461018222545,153.92552455393323,0.33280790295603624,-66.7634430353254,0.7420514062768993,0.9967266517932953,False
Skinfold_Thickness_mm,DL-Ornithine,Group_8C vs Group_15C (Reference),-0.021032050934522754,0.49520017651538406,-0.08146952340744652,0.039405421538401014,0.0765045707961074,-0.11589031028803687,-0.00038015044229402063,0.97146533572622,0.0072215894622354735,0.5808167516727236,-0.021412201376816774,0.45947649824001546,0.9967266517932953,False
BSA_m2,Cysteine,Group_22C vs Group_15C (Reference),9.673206135308856,0.4956064403017081,-18.1498179395695,37.49623021018721,0.1969869089444869,0.029692514974588358,1.7650554746538385,0.80966605134555,11.438261609962694,0.34680246470148446,3.703518425463714,0.2203727354687357,0.9967266517932953,False
VO2max_ml_per_kg_per_min,"R*,R*-2,3-Dihydroxybutanoic_acid",Group_8C vs Group_22C Contrast,0.23240349587197393,0.4956783840625174,-0.4361820980359917,0.9009890897799396,0.26926977098446525,0.11703430660622893,0.05400795133186602,0.49994146661915584,-0.35973569197585725,0.20298539142169592,-0.12733219610388335,0.5051846636340176,0.9967266517932953,False
Muscle_Mass_kg,1-Monopalmitin,Group_8C vs Group_15C (Reference),-0.15717055454540949,0.49659230790005104,-0.610275681480371,0.295934572389552,0.17001828013513576,-0.0028945781700442375,0.11917393075868457,0.5922779536758065,-0.03432712370767624,0.2711603098318447,-0.037996623786724915,0.5441459284388748,0.9967266517932953,False
Max_Watts_W,Threonine,Group_8C vs Group_22C Contrast,-0.026935363292612476,0.49737375106078807,-0.10472957598470721,0.05085884939948225,0.09234373091778458,-0.09675132514101015,-0.010028100690791882,0.656027649154642,0.01655870256308531,0.6724929454272275,-0.01037666072952717,0.10513516137600365,0.9967266517932953,False
VO2max_ml_per_kg_per_min,Ascorbic_Acid,Group_22C vs Group_15C (Reference),-0.08818770981455204,0.498303324806736,-0.3434365209285452,0.16706110129944113,0.12212570696541158,-0.06076477075012754,0.10345211976262975,0.18297938125052227,0.015264409948077706,0.8838894319085653,0.15622046768267145,0.6329773903439482,0.9967266517932953,False
Weight_kg,Lactic_Acid1,Group_8C vs Group_15C (Reference),-0.37880657343409957,0.4984320397564487,-1.4755456147222785,0.7179324678540795,0.1651520574177303,-0.008774597286909103,0.3164508219000693,0.17700068564610372,-0.06062584061459131,0.7651587909825273,-0.06235575153403028,0.902328193233205,0.9967266517932953,False
Muscle_Mass_kg,Arginine_[-NH3],Group_8C vs Group_22C Contrast,0.03644100290521668,0.49853522088506375,-0.06909203290485828,0.14197403871529163,0.10673727757344498,-0.07935912293208736,-0.01733577920146964,0.6123559752963325,-0.01057817205487603,0.839581295286653,0.025862830850340652,0.046263263139388666,0.9967266517932953,False
VO2max_ml_per_kg_per_min,Phenylalanine,Group_8C vs Group_22C Contrast,0.08768891046551337,0.49906366688101356,-0.16657068112430773,0.34194850205533445,0.29626973816915403,0.14965926695439447,-0.0008681978979922847,0.943439354172652,-0.09875831547388969,0.44171799088515407,-0.011069405008376325,0.5530625078009812,0.9967266517932953,False
BMI_kg·m2,Arginine_[-NH3],Group_8C vs Group_22C Contrast,-0.241416797015725,0.4994895145331425,-0.9421153002682627,0.4592817062368127,0.3312005573737573,0.19186734015995677,-0.0928716544984553,0.14971886789114175,0.31673327814937974,0.3688876372861827,0.07531648113365474,0.20660340505193497,0.9967266517932953,False
Weight_kg,"2,3-Butanediol",Group_22C vs Group_15C (Reference),0.17937177666974397,0.5000680155395877,-0.3419378643500031,0.7006814176894911,0.08730587283009172,-0.10283873699697232,-0.1860988153479436,0.32693847537451604,-0.006727038678199626,0.9711951030112271,0.06495574064050513,0.9330587136887767,0.9967266517932953,False
Max_Watts_W,Glyceric_acid,Group_8C vs Group_15C (Reference),-0.061598562606290076,0.5000737032179998,-0.24062533738858793,0.1174282121760078,0.08489321443600384,-0.1057540325564954,0.019538154907554863,0.6968839324352047,-0.016077016664629507,0.8987622722354682,-0.04206040769873522,0.5816500183839184,0.9967266517932953,False
Max_Watts_W,L-Alanine,Group_22C vs Group_15C (Reference),0.11232425433489916,0.5007538238823053,-0.21464758835942382,0.4392960970292222,0.16332772889849478,-0.01097899424765214,-0.041028677017944055,0.3431946338217218,0.0712955773169551,0.658111970120653,-0.020433392611132594,0.6145666069846156,0.9967266517932953,False
Body_Density_kg_per_m3,Leucine,Group_22C vs Group_15C (Reference),-135.69084869403926,0.5007789915476673,-530.705216086337,259.32351869825845,0.12194337826448176,-0.060985084597084516,21.992032995473263,0.6940789244896872,-113.698815698566,0.5570728956615603,-87.67097151439987,0.5350478405421764,0.9967266517932953,False
Body_Density_kg_per_m3,Asparagine,Group_22C vs Group_15C (Reference),-87.8878749591967,0.500869001116548,-343.795120590573,168.01937067217958,0.05096825363972912,-0.14674669351866054,54.332270289909104,0.31534557536177354,-33.55560466928759,0.7776430098173128,-72.66700993721032,0.679652379520282,0.9967266517932953,False
BSA_m2,"2,3-Butanediol",Group_8C vs Group_15C (Reference),25.78594643009113,0.5015942626714099,-49.423539581847024,100.99543244202928,0.12351963641919517,-0.059080439326805845,-19.652964370922366,0.12899159206224514,-0.3380768639589249,0.9729414323193182,6.132982059168764,0.8651833944171259,0.9967266517932953,False
Body_Fat__Percent,Asparagine,Group_22C vs Group_15C (Reference),0.20058656622908808,0.5016799003911407,-0.38457841820156446,0.7857515506597407,0.05004733764848268,-0.14785946700808328,-0.12393465923730411,0.3197732400921651,0.07665190699178397,0.7775577020870297,0.1641055777989412,0.6906138431557833,0.9967266517932953,False
Age_years,4-Aminobutanoic_acid,Group_8C vs Group_22C Contrast,-0.12654738614351566,0.5017352154647458,-0.4957746898354123,0.24267991754838095,0.13137826215838577,-0.04958459989195041,0.015580710065197288,0.7818217105112217,-0.052841624920453384,0.6870598753312276,-0.17938901106396904,0.18459563181180716,0.9967266517932953,False
Height_m,Indole-3-Latic_Acid,Group_8C vs Group_15C (Reference),6.075071170894327,0.5022587491708137,-11.671553845644468,23.82169618743312,0.286908739209106,0.13834805987766974,-8.112835094279626,0.3587253173088031,3.091524994757357,0.7792917908962698,-2.0377639233852998,0.2989540566305531,0.9967266517932953,False
Body_Fat__Percent,Leucine,Group_22C vs Group_15C (Reference),0.3094650057755462,0.5026185377886261,-0.5953120814726212,1.2142420930237137,0.12225566907189922,-0.060607733204788294,-0.050461392962338855,0.6961426983804258,0.25900361281320733,0.558934797915569,0.20656728129358415,0.5317604794763893,0.9967266517932953,False
Max_Watts_W,alpha-D-Glucopyranoside,Group_8C vs Group_15C (Reference),0.022909466870605934,0.5033047795888812,-0.04417823466529845,0.08999716840651033,0.058239818462804904,-0.13796021935744407,-0.006911550031887852,0.8171229013467702,-0.04204788788923336,0.6064508516078018,0.015997916838718082,0.3375936310462817,0.9967266517932953,False
Body_Fat__Percent,Asparagine,Group_8C vs Group_15C (Reference),0.2880402370362453,0.5036497863046727,-0.5561341725475601,1.132214646620051,0.05004733764848268,-0.14785946700808328,-0.12393465923730411,0.3197732400921651,0.07665190699178397,0.7775577020870297,0.1641055777989412,0.6906138431557833,0.9967266517932953,False
Muscle_Mass_kg,Glycerol-3-P,Group_22C vs Group_15C (Reference),0.10883982516320802,0.5037933972623269,-0.21025006846149197,0.427929718787908,0.10401580292503299,-0.08264757146558499,-0.0768817843079892,0.5852774833687415,0.03195804085521882,0.6952568228404701,0.03662596891099622,0.6344868724667025,0.9967266517932953,False
BMI_kg·m2,Arachidonic_acid1,Group_22C vs Group_15C (Reference),-0.37610937924208393,0.5041344622585189,-1.4796458181783616,0.7274270596941936,0.11776126634280926,-0.0660384698357721,0.07970677565104976,0.6561061869969884,-0.29640260359103415,0.5787310141932815,-0.4431541469724879,0.09101168457781106,0.9967266517932953,False
BSA_m2,1-Heptadecanol,Group_8C vs Group_22C Contrast,8.578213199780004,0.5044916249380389,-16.612542038650083,33.768968438210095,0.0982723254351845,-0.08958760676581856,4.252349711907445,0.44880988952488854,-3.1520049178568303,0.5681888810692244,5.426208281923173,0.6400971815058143,0.9967266517932953,False
Max_Watts_W,Stearic_Acid,Group_8C vs Group_15C (Reference),0.00591971107091914,0.5047867222319552,-0.011475817864177375,0.023315240006015654,0.10122518579044859,-0.08601956716987447,-0.004296857084984341,0.2801320155012518,0.012731080064620023,0.577466381056015,0.0016228539859347987,0.8379239002705892,0.9967266517932953,False
Body_Fat__Percent,"1,3-Dioxolane-2-methanol",Group_8C vs Group_15C (Reference),-0.33041478854079376,0.5059692544516119,-1.3040650342462152,0.6432354571646277,0.1754341762647883,0.0036496296532859684,0.48893413418818205,0.005835911289775374,-0.35429787099407567,0.3332941845219557,0.1585193456473883,0.7326425146628424,0.9967266517932953,False
Muscle_Mass_kg,Campesterol,Group_8C vs Group_22C Contrast,0.03576684989597602,0.5067855228069399,-0.06983365353635547,0.14136735332830752,0.12528449335908642,-0.05694790385777049,-0.06791326847729728,0.2727773524026782,0.008189829849857222,0.8299311131922604,0.04395667974583324,0.248183369890971,0.9967266517932953,False
Height_m,Citric_acid,Group_8C vs Group_22C Contrast,-39.972424799851964,0.5076170156151101,-158.22104435444675,78.27619475474282,0.19414934874526824,0.026263796400532557,25.285824218464594,0.5688921686696186,36.67919461306186,0.49275437171742653,-3.293230186790101,0.9061592533724117,0.9967266517932953,False
Muscle_Mass_kg,4-Aminobutanoic_acid,Group_22C vs Group_15C (Reference),-0.16167998522933613,0.5080353442307006,-0.640433531537655,0.31707356107898277,0.20615322636908484,0.04076848186264426,0.22941050722420392,0.3093682881416805,0.06773052199486779,0.46867976325768446,-0.15974249524481182,0.040844460816212846,0.9967266517932953,False
Height_m,DL-Ornithine,Group_8C vs Group_22C Contrast,14.474022770643348,0.5083061512824665,-28.41343059330134,57.36147613458803,0.11967254380138426,-0.06372900957332739,-14.645418479543657,0.2335294557612485,-8.199525356800574,0.6355664215453014,6.274497413842774,0.6394921081322991,0.9967266517932953,False
Skinfold_Thickness_mm,1-Monopalmitin,Group_8C vs Group_22C Contrast,0.016512397747507134,0.508442900811835,-0.03243067215102202,0.0654554676460363,0.16190107914784635,-0.012702862696352346,0.014269585487713881,0.34520117011408313,-0.01563270819416572,0.3085732386330797,0.0008796895533414138,0.9643711592562216,0.9967266517932953,False
Body_Fat__Percent,Cysteine,Group_8C vs Group_15C (Reference),-0.11583355293787953,0.5086199553436576,-0.4593035752264628,0.22763646935070378,0.26547902615651686,0.1124538232724579,0.09578061100419728,0.08393502176089171,0.47316171322601946,0.3519791508311516,-0.020052941933682247,0.9039922845447803,0.9967266517932953,False
Muscle_Mass_kg,Oxalic_acid,Group_8C vs Group_22C Contrast,-0.11067564540453717,0.5094937173707148,-0.4395350131573613,0.21818372234828698,0.39881074848041564,0.2735629877471689,-0.38348422161298007,0.0005822894546338479,0.03544507729285795,0.6368242210419823,-0.07523056811167922,0.6161188428409017,0.9967266517932953,False
Body_Density_kg_per_m3,Diethanolamine,Group_8C vs Group_22C Contrast,263.9644603047632,0.5098338680046481,-521.0046930568072,1048.9336136663337,0.24685121044740688,0.08994521262395005,-37.91760507418083,0.8428622776252945,-230.23633957546048,0.4817075231617962,33.7281207293027,0.883855050539387,0.9967266517932953,False
Weight_kg,Cysteine,Group_8C vs Group_22C Contrast,-0.12813864723836182,0.5101475287443629,-0.5094758784849457,0.25319858400822204,0.24232478474562147,0.08447578156762603,0.025044007472745548,0.699629947855867,0.18380449601530702,0.3195901751559804,0.05566584877694519,0.3633163332948932,0.9967266517932953,False
Muscle_Mass_kg,1-Heptadecanol,Group_8C vs Group_15C (Reference),0.09819513106917173,0.5105198959672033,-0.19428301517509777,0.3906732773134412,0.04693008542776722,-0.15162614677478126,-0.08084452184900358,0.518701720203992,0.03125611688469995,0.6459690473444306,0.01735060922016815,0.8305678698636347,0.9967266517932953,False
VO2max_ml_per_kg_per_min,Methyl_galactoside,Group_8C vs Group_15C (Reference),0.15870710511654582,0.5105579857770965,-0.3140509762263577,0.6314651864594494,0.09636273317104527,-0.0918950307516535,-0.1401725845382821,0.22797589849493072,0.15637325323397058,0.22543076204515855,0.018534520578263713,0.930113559599699,0.9967266517932953,False
BSA_m2,"Ethanolamine,_3TMS",Group_8C vs Group_22C Contrast,-9.698097755545245,0.5110870755443911,-38.6235923095916,19.227396798501108,0.1488998741163684,-0.028412652109388148,10.102238769315534,0.4795024400424852,7.247815541005354,0.5559989994727754,-2.4502822145398895,0.7634192012756456,0.9967266517932953,False
BMI_kg·m2,Tyrosine,Group_8C vs Group_15C (Reference),0.09507757412862833,0.5114198298109098,-0.18871855392253162,0.3788737021797883,0.2099949035685741,0.04541050847869377,0.0321639463605998,0.663085033928307,0.4538538204239063,0.3935671775707852,0.12724152048922813,0.30700781386817155,0.9967266517932953,False
Weight_kg,Glutamine_[-H2O],Group_8C vs Group_15C (Reference),0.07788197805216615,0.5132324118505491,-0.15558832028639671,0.31135227639072904,0.2592808881954999,0.10496440656956241,-0.0589539142029163,0.2454790013275675,0.11128083849794101,0.26627905723442447,0.018928063849249853,0.8605723302300965,0.9967266517932953,False
BSA_m2,Glutamine_[-H2O],Group_8C vs Group_15C (Reference),6.005718993733007,0.513240122688259,-11.998223701511643,24.00966168897766,0.21574510438419547,0.05235866779756959,-5.324253902521648,0.37784429454961677,6.5909335987818585,0.3320270184790082,0.6814650912113587,0.9215881559114196,0.9967266517932953,False
VO2max_ml_per_kg_per_min,Alanine,Group_8C vs Group_15C (Reference),0.073184324669531,0.513462048500678,-0.14632324591364365,0.29269189525270567,0.12153903746971517,-0.06147366305742752,-0.13204132948699707,0.11564247518233237,0.1163756982387946,0.7934354045379983,-0.05885700481746607,0.42739853774039815,0.9967266517932953,False
Body_Density_kg_per_m3,Campesterol,Group_22C vs Group_15C (Reference),70.05332516582604,0.513462197473591,-140.06326369761243,280.16991402926453,0.19950052590656897,0.03272980213710419,12.258254889696547,0.732577043536166,82.31158005552258,0.4152012767408517,40.96345458524457,0.33259480534911323,0.9967266517932953,False
Skinfold_Thickness_mm,Tryptophan,Group_22C vs Group_15C (Reference),0.02956166648588386,0.5146168856831894,-0.05934865358600298,0.1184719865577707,0.024264990091524608,-0.17901313697274102,-0.006616912339401244,0.3146751916594498,0.022944754146482615,0.6092049438981271,0.00874245322950022,0.4941058565863794,0.9967266517932953,False
VO2max_ml_per_kg_per_min,L-+-Erythrulose,Group_8C vs Group_15C (Reference),-0.2623772760137458,0.5155537305824458,-1.053270247533957,0.5285156955064654,0.2813882815292018,0.13167750684778556,0.0835178906009712,0.6941090129916585,-0.5593319423051675,1.0466510430351406e-05,-0.17885938541277457,0.6021821064325024,0.9967266517932953,False
Age_years,Arachidonic_acid1,Group_22C vs Group_15C (Reference),-0.0881926558263586,0.5158463030536022,-0.35422016581662696,0.17783485416390976,0.07069525957853362,-0.12290989467593838,-0.011283924798639898,0.8210894878826362,-0.0994765806249985,0.43064997968282537,-0.010634769269392077,0.9163473416748011,0.9967266517932953,False
BSA_m2,L-Rhamnose,Group_22C vs Group_15C (Reference),14.272895583220327,0.5159928414900147,-28.795415298992104,57.341206465432755,0.21523057334776496,0.05173694279521601,-11.043256747366005,0.30731838672170575,3.229638835854322,0.8659121644251686,3.1726901927367983,0.6736513142510587,0.9967266517932953,False
Skinfold_Thickness_mm,Nonanoic_acid,Group_8C vs Group_15C (Reference),-0.03155193046717301,0.5166324103256217,-0.12690480784579827,0.06380094691145227,0.2625433963618794,0.10890660393727103,0.028466914381727246,0.05020053859191909,0.02464456775150084,0.5794952944872325,-0.003085016085445761,0.947021366847451,0.9967266517932953,False
Weight_kg,Alanine,Group_22C vs Group_15C (Reference),-0.09987922124962642,0.5176703793060503,-0.4024721832076861,0.20271374070843326,0.09482706631083448,-0.0937506282077416,0.11484800770997268,0.23343382518249822,0.014968786460346259,0.9012241991110808,0.01923578450337378,0.7915282618489037,0.9967266517932953,False
Muscle_Mass_kg,Methyl_galactoside,Group_8C vs Group_15C (Reference),0.1614299907475066,0.5183900200696667,-0.3284781797419478,0.6513381612369611,0.06328310847523344,-0.13186624392575963,-0.19795516246764722,0.3425067807831098,-0.03068080017450986,0.752032191557688,-0.03652517172014061,0.7909601920896578,0.9967266517932953,False
Age_years,L-Proline,Group_8C vs Group_15C (Reference),0.13761121213215013,0.5198536707255877,-0.2814770100417354,0.5566994343060356,0.14181720987801716,-0.036970871397395966,-0.11244770819918593,0.16534097955866656,0.06310080526086209,0.7405763607645814,0.02516350393296421,0.898802703543863,0.9967266517932953,False
Height_m,N-Acetylglutamine,Group_8C vs Group_22C Contrast,39.467790482940416,0.5199916546724224,-80.77138729613145,159.70696826201228,0.20741750864578368,0.04229615628032202,9.210566065314799,0.7941611054777477,-5.191214116387046,0.9042033536388894,34.27657636655337,0.4320117518562818,0.9967266517932953,False
Body_Density_kg_per_m3,L-+-Erythrulose,Group_8C vs Group_15C (Reference),-163.77745787641337,0.5207651442982093,-663.644652902052,336.08973714922536,0.22644384887543867,0.06528631739115509,117.25124832954464,0.41870720147532847,-224.8315302870679,0.021185959746979677,-46.52620954686873,0.824508431771724,0.9967266517932953,False
Weight_kg,L-Norvaline,Group_8C vs Group_15C (Reference),0.14740431728790795,0.521016059776134,-0.3027611111656773,0.5975697457414932,0.14865032133436118,-0.028714195054313496,-0.14536581536478985,0.5134654290227683,0.22212086811038392,0.29987373012891183,0.002038501923118108,0.9715424635876218,0.9967266517932953,False
Age_years,Lysine,Group_8C vs Group_15C (Reference),-0.11756425488890777,0.5214854652871109,-0.47700437193100953,0.241875862153194,0.20638488851932502,0.0410484069608511,0.10754201563627404,0.47485590530150956,0.03097798017179057,0.9103361995643411,-0.010022239252633736,0.9238172917013334,0.9967266517932953,False
Age_years,Palmitic_Acid,Group_8C vs Group_22C Contrast,-0.05418852756173205,0.5215148356749586,-0.21987887510801213,0.11150181998454801,0.27480568104439895,0.1237235312619821,0.018348334154600705,0.3663542963972384,0.05427942419618852,0.5065300060345095,9.089663445647003e-05,0.996650856913202,0.9967266517932953,False
Skinfold_Thickness_mm,Glycine,Group_8C vs Group_22C Contrast,-0.07321767609305604,0.5216464876040949,-0.29716356746401495,0.1507282152779029,0.11206304077182327,-0.07292382573404677,0.016398972329285725,0.4449006526872893,0.0764621157986961,0.49458908321306594,0.003244439705640062,0.8871892329830173,0.9967266517932953,False
Age_years,N-Acetylglutamine,Group_8C vs Group_22C Contrast,-0.13862591028106222,0.521915413092791,-0.5629054725299296,0.2856536519678051,0.25735921739663203,0.10264238768759715,-0.09325013107231683,0.4977228325321431,-0.1448244501453809,0.342857589039681,-0.2834503604264431,0.0647210040417161,0.9967266517932953,False
Body_Fat__Percent,Diethanolamine,Group_8C vs Group_22C Contrast,-0.6006647150486847,0.5220998075240109,-2.439878628545818,1.2385491984484487,0.24506911605423687,0.08779184856553623,0.07964370284428826,0.8548192502835357,0.5257796050897857,0.49084001747389583,-0.07488510995889897,0.8909206220945161,0.9967266517932953,False
Muscle_Mass_kg,Linoleic_Acid,Group_8C vs Group_22C Contrast,0.1403167975876719,0.5221066653716253,-0.28933530805089736,0.5699689032262412,0.2051347777243977,0.0395378564169806,-0.24872517839363323,0.521256088708276,-0.12265389297152979,0.022928084728963904,0.017662904616142117,0.9337486087774194,0.9967266517932953,False
Weight_kg,3-OH-Butanoic_Acid,Group_22C vs Group_15C (Reference),-0.07880929739645487,0.5221364212382505,-0.32013735188808756,0.16251875709517782,0.09805667321788425,-0.08984818652838977,-0.014251994620201432,0.8589252076336873,-0.0930612920166563,0.31928413958952095,-0.0025835424503453386,0.9575472440935722,0.9967266517932953,False
Body_Fat__Percent,Campesterol,Group_22C vs Group_15C (Reference),-0.16018704239694753,0.5221809239888757,-0.6507606603270525,0.3303865755331574,0.19926496064714694,0.03244516078196924,-0.02902609272665262,0.7190783640029053,-0.18921313512360016,0.42452377537173636,-0.09477200298811692,0.33545328344321534,0.9967266517932953,False
Skinfold_Thickness_mm,Arachidonic_acid,Group_22C vs Group_15C (Reference),0.01119851210932325,0.5229460715670966,-0.023160147848660384,0.04555717206730689,0.24895824420034096,0.09249121174207875,0.008064181936483394,0.033667920873650704,0.019262694045806647,0.26036027419247754,-0.0043123286837843024,0.7755374549648386,0.9967266517932953,False
Body_Fat__Percent,L-+-Erythrulose,Group_8C vs Group_15C (Reference),0.37429229583136925,0.5232255172939857,-0.7748633086004197,1.5234479002631582,0.22462957027373898,0.06309406408076801,-0.2604604252869891,0.43000398569017906,0.5190822482805578,0.020876298058214227,0.11383187054438015,0.8142886246051775,0.9967266517932953,False
BMI_kg·m2,2-OH-Butanoic_Acid,Group_22C vs Group_15C (Reference),0.15666773572125525,0.5240872363897301,-0.32533429007348297,0.6386697615159935,0.023001727296117824,-0.1805395795171909,-0.053654171739203074,0.7945973028745976,0.10301356398205218,0.4426735085390423,-0.006694367675380147,0.9358182079845867,0.9967266517932953,False
Body_Fat__Percent,Phenylalanine,Group_8C vs Group_15C (Reference),0.017129197608723994,0.525214951834136,-0.035713815363903556,0.06997221058135154,0.3552850037895968,0.22096937957909624,0.00039624379710124103,0.9825480960121912,0.15663657627353045,0.2966866667559027,0.017525441405825234,0.3801510181415304,0.9967266517932953,False
Weight_kg,1-Heptadecanol,Group_8C vs Group_22C Contrast,0.07854835243555128,0.5252549822006611,-0.16379860901630622,0.3208953138874088,0.04604614946548968,-0.15269423606253318,0.026905579196950902,0.6602839677584846,-0.04249273202364652,0.5259298783144066,0.03605562041190476,0.7286274884310395,0.9967266517932953,False
Muscle_Mass_kg,Glutamic_Acid,Group_22C vs Group_15C (Reference),-0.018646491962229804,0.5252919377562284,-0.0761809996830412,0.038888015758581605,0.07727505187863715,-0.11495931231331347,0.02203127419730795,0.31073997024925915,0.0033847822350781473,0.8637981406708439,-0.040753750636909766,0.4962303262747596,0.9967266517932953,False
Skinfold_Thickness_mm,Citric_acid,Group_8C vs Group_15C (Reference),0.022403710702858286,0.5262013995166941,-0.04687588786557372,0.09168330927129029,0.17527576905924624,0.0034582209465893188,-0.034617559413614406,0.022393261814841872,-0.01841959201287295,0.8257762818926779,-0.01221384871075612,0.7020923540613566,0.9967266517932953,False
Age_years,Methionine,Group_8C vs Group_15C (Reference),-0.041059476416588414,0.526204259529545,-0.16802968003338636,0.08591072720020954,0.24054341980721716,0.08232329893372081,0.008728378590405067,0.7788764037493336,0.11723908799147482,0.41908451516978085,-0.03233109782618335,0.5694609544395419,0.9967266517932953,False
BSA_m2,Valine,Group_8C vs Group_22C Contrast,-5.227295238634621,0.526975998413049,-21.42241117556052,10.967820698291277,0.2162132891409313,0.05292439104529201,-5.54310759009967,0.429693318313745,6.421514125913889,0.43317819990322226,1.194218887279268,0.2646392632589678,0.9967266517932953,False
Skinfold_Thickness_mm,Tyrosine,Group_8C vs Group_15C (Reference),-0.010630549928871384,0.5271830165506988,-0.043581837633116384,0.022320737775373613,0.22230462648313076,0.060284757000449773,0.006826523872040288,0.5383209816528616,0.04710230567870746,0.374773843354524,-0.0038040260568310957,0.763315671684738,0.9967266517932953,False
BSA_m2,"R*,R*-2,3-Dihydroxybutanoic_acid",Group_8C vs Group_15C (Reference),-11.493951401521402,0.52752882150587,-47.151350083423495,24.163447280380694,0.27068373267956125,0.11874284365446985,6.0312157680293454,0.5507857635322484,14.922190739093857,0.055376649217451,-5.4627356334920565,0.7179771689084222,0.9967266517932953,False
Height_m,"2,3,4-Trihydroxybutyric_acid",Group_8C vs Group_15C (Reference),-28.130741312332677,0.5279683564327664,-115.49301869457769,59.23153606991234,0.2858852708563485,0.13711136895142118,-29.10244311694346,0.2090363748649361,56.383332343139585,0.14848982324444582,-57.233184429276136,0.13284714640768325,0.9967266517932953,False
Max_Watts_W,"2,3,4-Trihydroxybutyric_acid",Group_8C vs Group_15C (Reference),-0.03966455185649578,0.5281304730665977,-0.162894416706678,0.08356531299368644,0.123503895269098,-0.05909945988317311,0.00044662355915384985,0.974311690680661,-0.05502927100001533,0.6396633209391047,-0.039217928297341935,0.5224888858043983,0.9967266517932953,False
VO2max_ml_per_kg_per_min,1H-Indole-3-Acetic_Acid,Group_8C vs Group_15C (Reference),-0.09067788266572509,0.5292010297381728,-0.373128623410298,0.19177285807884786,0.24797144420692585,0.09129882841670212,-0.039867783674132753,0.32342524408869344,-0.12350359120423579,0.004210423404063635,-0.13054566633985784,0.3453401517711734,0.9967266517932953,False
Max_Watts_W,2-Keto-3-methylvaleric_acid,Group_8C vs Group_15C (Reference),-0.02153621913388608,0.5292488249471305,-0.08862674664372826,0.0455543083759561,0.16352542326589992,-0.01074011355370419,0.02512856592504362,0.36006839879066943,0.03110768507537779,0.5475882927897244,0.0035923467911575385,0.8605075652219625,0.9967266517932953,False
BSA_m2,Butanoic_acid,Group_8C vs Group_22C Contrast,-10.487940551237303,0.5299615346544189,-43.217629683819425,22.241748581344822,0.13444890462242576,-0.04587424024790221,5.141556063107331,0.002834938708213176,3.355663171615205,0.74440548226241,-7.132277379622098,0.5875462445436421,0.9967266517932953,False
Weight_kg,Glutamine_[-H2O],Group_8C vs Group_22C Contrast,-0.09235277464869115,0.5300709389174528,-0.38063449634058877,0.1959289470432065,0.2592808881954999,0.10496440656956241,-0.0589539142029163,0.2454790013275675,0.11128083849794101,0.26627905723442447,0.018928063849249853,0.8605723302300965,0.9967266517932953,False
BMI_kg·m2,DL-Ornithine,Group_8C vs Group_22C Contrast,-0.39933166305104906,0.5302610105211785,-1.6464325981052523,0.8477692720031542,0.1105173553416714,-0.07479152896214702,-0.06337573643393266,0.6814598488647152,0.031080942623440744,0.8686907017312451,-0.3682507204276083,0.5446421334944302,0.9967266517932953,False
Age_years,Oleic_Acid,Group_22C vs Group_15C (Reference),0.052279767885350874,0.5305618933470175,-0.11110491860869459,0.21566445437939635,0.12130237400423338,-0.061759631411551164,0.0019000404466999609,0.9532043166590546,0.054179808332050834,0.4806132079849428,-0.028556732194120162,0.6760700206447785,0.9967266517932953,False
Body_Fat__Percent,"2,3-Butanediol",Group_8C vs Group_22C Contrast,0.4382991117701975,0.5305670350981406,-0.9315152073322615,1.8081134308726565,0.14727403642935322,-0.030377205981198196,-0.3137982983441868,0.26370276329510545,-0.06112771205408557,0.9134612094253367,0.3771713997161119,0.3631834380934347,0.9967266517932953,False
Height_m,4-Aminobutanoic_acid,Group_8C vs Group_15C (Reference),27.325751783507364,0.5306358380540037,-58.08802907252652,112.73953263954124,0.12470396903099834,-0.05764937075421028,-19.632531191491715,0.39585505615039795,24.45668572654285,0.4122742333977094,7.693220592015649,0.8350188316658629,0.9967266517932953,False
BSA_m2,3-OH-Butanoic_Acid,Group_22C vs Group_15C (Reference),-6.853602585440029,0.5307375545683992,-28.281631872238716,14.574426701358657,0.0928583799868129,-0.09612945751593438,0.2563908342521621,0.9782105223398,-6.597211751187867,0.23910998952439133,-0.06222475787243792,0.9826528425361951,0.9967266517932953,False
Age_years,L-Alanine,Group_22C vs Group_15C (Reference),-0.20465480835799785,0.5308298006413721,-0.8446589123827166,0.43534929566672087,0.3288549212986712,0.1890330299025611,0.2886126305692253,0.053363346032079303,0.08395782221122747,0.7724684511651516,-0.44397937057661024,0.13355137243908932,0.9967266517932953,False
Weight_kg,"Ethanolamine,_3TMS",Group_8C vs Group_15C (Reference),-0.23140265736010562,0.5308749543219919,-0.9551331561301921,0.4923278414099808,0.19036830406338956,0.021695034076595787,0.14915359343280155,0.3427458127991818,0.14377490197648446,0.36891658624472057,-0.08224906392730408,0.8055532099205303,0.9967266517932953,False
Max_Watts_W,Alanine,Group_22C vs Group_15C (Reference),0.06727518027448057,0.5308989948577469,-0.14314569103475877,0.2776960515837199,0.14541424817387738,-0.03262445012323134,-0.02010452229907893,0.12923225481117584,0.04717065797540164,0.6579418161088273,0.0025707266440863595,0.800355002150819,0.9967266517932953,False
Age_years,Glyceric_acid,Group_22C vs Group_15C (Reference),0.194034942735841,0.5311584879654043,-0.41324402780888325,0.8013139132805652,0.276659254125761,0.12596326540196123,-0.20675912354432655,0.1344064718091645,-0.012724180808485558,0.9634081436173918,-0.5662504236285079,0.0034811936106526886,0.9967266517932953,False
Height_m,Asparagine,Group_22C vs Group_15C (Reference),34.210711453298906,0.5316829640108216,-72.99680355553136,141.41822646212918,0.10502234372131647,-0.0814313346700759,-31.34108067501846,0.36103986313182246,2.8696307782804453,0.9462904032189039,-20.27054928584866,0.1812941921748612,0.9967266517932953,False
Body_Density_kg_per_m3,L-Alanine,Group_22C vs Group_15C (Reference),208.01238965402922,0.5320618496898922,-444.4468830078922,860.4716623159507,0.2242359632577915,0.06261845560316481,-192.02356622002276,0.10742662645681123,15.988823434006463,0.9589703679334987,219.44514858687307,0.27684986170732806,0.9967266517932953,False
Muscle_Mass_kg,L-Rhamnose,Group_8C vs Group_22C Contrast,-0.20197388608909156,0.5321338122761712,-0.8356153812286264,0.43166760905044327,0.26923610839039847,0.11699363097173154,0.0017879467897057176,0.9897468975733661,0.19011285282609128,0.5342770201173161,-0.011861033263000299,0.9097148138598798,0.9967266517932953,False
Body_Density_kg_per_m3,"2,3-Butanediol",Group_8C vs Group_22C Contrast,-188.3465740300062,0.5321612702285203,-779.2754217205647,402.58227366055235,0.14493517090596952,-0.03320333515528673,137.06029459442377,0.26284004283735796,28.24089083479349,0.9069056413648986,-160.10568319521272,0.3750670874179529,0.9967266517932953,False
Max_Watts_W,Glutamic_Acid,Group_22C vs Group_15C (Reference),0.00769468317122789,0.5328785786241894,-0.016488879967174894,0.031878246309630674,0.3258509439934033,0.18540322399202902,0.0026987484333898626,0.434853930230925,0.010393431604617753,0.3802376621711401,0.021738904325468208,0.3689182691033832,0.9967266517932953,False
Body_Density_kg_per_m3,Stearic_Acid,Group_8C vs Group_22C Contrast,54.428936726939696,0.5343377331450102,-117.24960385326827,226.10747730714766,0.14637247121679586,-0.03146659727970502,-17.1253036302855,0.08780139863915529,-46.015284186973304,0.5848926873381222,8.413652539966389,0.7259407889718881,0.9967266517932953,False
BMI_kg·m2,L-Norvaline,Group_8C vs Group_15C (Reference),0.5354507972367342,0.534473609864612,-1.1539867155468997,2.224888310020368,0.17488696318419683,0.002988413847571203,-0.5455421662569289,0.4226106179460428,1.084024242114865,0.30125416254025694,-0.010091369020194696,0.9847892951168686,0.9967266517932953,False
VO2max_ml_per_kg_per_min,Decanoic_acid,Group_22C vs Group_15C (Reference),-0.04567355267501912,0.5348139016834546,-0.18990138584738955,0.0985542804973513,0.13634941024886815,-0.04357779594928424,0.06479453648461209,0.001144523895011667,0.019120983809592963,0.7872200824561446,-0.09145981849989737,0.5108560811673373,0.9967266517932953,False
Height_m,Serine,Group_8C vs Group_15C (Reference),-7.146230264927655,0.5348342329641239,-29.713702047440684,15.421241517585372,0.0730193167952854,-0.12010165887236335,-2.1357791144459273,0.6763554930369476,-13.19266663732775,0.5818792184516886,-9.282009379373582,0.36819969199030167,0.9967266517932953,False
VO2max_ml_per_kg_per_min,Ethyl_alpha-D-glucopyranoside,Group_8C vs Group_22C Contrast,-0.19998915756349145,0.53584841585217,-0.8331288146034291,0.43315049947644624,0.1400852007256198,-0.03906371578987611,-0.08290669615678674,0.510595625447746,0.2898384042554197,0.3080957147122443,0.08984924669192824,0.5576472499456706,0.9967266517932953,False
Body_Density_kg_per_m3,Phenylalanine,Group_8C vs Group_15C (Reference),-7.27920881839774,0.5360630081199963,-30.33594451455147,15.777526877755989,0.359395790261244,0.2259365798990033,-0.29717179843431724,0.970494125940417,-68.4335976361586,0.2931792336525656,-7.576380616832058,0.3779466966656617,0.9967266517932953,False
Body_Fat__Percent,L-Alanine,Group_22C vs Group_15C (Reference),-0.4759028740231949,0.5368160061205909,-1.986103204603173,1.034297456556783,0.22140454234009666,0.059197155327616824,0.43335688202384026,0.11273702051959601,-0.04254599199935466,0.9529085621992597,-0.5054868191560288,0.28068652151440365,0.9967266517932953,False
BSA_m2,Cysteine,Group_8C vs Group_22C Contrast,-7.734743184498981,0.5369677632747996,-32.2892929446774,16.819806575679433,0.1969869089444869,0.029692514974588358,1.7650554746538385,0.80966605134555,11.438261609962694,0.34680246470148446,3.703518425463714,0.2203727354687357,0.9967266517932953,False
BMI_kg·m2,"9-Hexadecenoic_acid,_Z-",Group_8C vs Group_22C Contrast,0.26918379307340595,0.5379081176088001,-0.5873387411791344,1.1257063273259464,0.2558938497889365,0.10087173516163161,0.12462788767811078,0.2931003889245648,-0.4311894087319202,0.20351705277038223,-0.16200561565851423,0.5567263435866656,0.9967266517932953,False
BSA_m2,Palmitic_Acid,Group_8C vs Group_22C Contrast,-2.553784200467937,0.5380469380115817,-10.682508433337437,5.574940032401562,0.20923957277928462,0.04449781710830236,0.5221319378365072,0.7789967666672195,2.682377874027119,0.4262135804959182,0.12859367355918178,0.9575464937564286,0.9967266517932953,False
Height_m,Doconexent,Group_8C vs Group_22C Contrast,8.473246472567682,0.5380730271739804,-18.49892488313862,35.44541782827398,0.2022879499711011,0.03609793954841389,12.397497661766808,0.03281234406960225,4.514685484361873,0.7006272923267125,12.987931956929556,0.07028844431392378,0.9967266517932953,False
Age_years,Palmitic_Acid,Group_8C vs Group_15C (Reference),-0.018257437520144235,0.5385996023920291,-0.07644910368932441,0.03993422864903594,0.27480568104439895,0.1237235312619821,0.018348334154600705,0.3663542963972384,0.05427942419618852,0.5065300060345095,9.089663445647003e-05,0.996650856913202,0.9967266517932953,False
Body_Density_kg_per_m3,Oxalic_acid,Group_8C vs Group_22C Contrast,124.84162252641924,0.5386442326488958,-273.11531673817393,522.7985617910124,0.38556009599123775,0.25755178265607903,46.84555087144312,0.5410635393523078,-189.25190468545233,0.23904411473579312,-64.41028215903309,0.6035921239418147,0.9967266517932953,False
Body_Fat__Percent,Palmitic_Acid,Group_8C vs Group_22C Contrast,-0.10636459659336438,0.5393246348087568,-0.44599128339764926,0.23326209021092048,0.21114244860098852,0.04679712539286118,-0.011310702140765246,0.7469668913023941,0.08724921216677287,0.6099819384770533,-0.019115384426591515,0.49081183738982737,0.9967266517932953,False
Body_Density_kg_per_m3,Palmitic_Acid,Group_8C vs Group_22C Contrast,46.48898076038714,0.5393642578748703,-101.9668146035817,194.94477612435597,0.21232719882143758,0.04822869857590384,4.795972613234034,0.7534036946738607,-38.38610796053117,0.6077264173558898,8.10287279985597,0.5009158422703228,0.9967266517932953,False
Body_Fat__Percent,Stearic_Acid,Group_8C vs Group_22C Contrast,-0.12400655375001252,0.5393822870855631,-0.5200210397916579,0.2720079322916329,0.14373033713798933,-0.034659175958262844,0.03892537432077909,0.09362129066119267,0.10449355635294649,0.5899918529630064,-0.019512997397066016,0.730877894770767,0.9967266517932953,False
Age_years,Asparagine,Group_8C vs Group_22C Contrast,0.161504064452504,0.5406481471630027,-0.355872217865025,0.678880346770033,0.1093618111172514,-0.07618781156665455,-0.016277211277675528,0.8948937237600358,0.05856958201904842,0.7682824523418028,0.22007364647155242,0.2050701348027224,0.9967266517932953,False
Height_m,Decanoic_acid,Group_8C vs Group_22C Contrast,12.466692361397747,0.5417002539209888,-27.574211087363828,52.50759581015932,0.0711716766474606,-0.12233422405098504,7.3492850418899165,0.5509813098791334,-6.015069094487711,0.7490617456187334,6.451623266910035,0.41904426844274356,0.9967266517932953,False
Weight_kg,"Ethanolamine,_3TMS",Group_8C vs Group_22C Contrast,-0.22602396590378854,0.5417845767291773,-0.9521261230937594,0.5000781912861825,0.19036830406338956,0.021695034076595787,0.14915359343280155,0.3427458127991818,0.14377490197648446,0.36891658624472057,-0.08224906392730408,0.8055532099205303,0.9967266517932953,False
BSA_m2,Glutamine_[-H2O],Group_8C vs Group_22C Contrast,-5.9094685075705,0.5423863633823004,-24.921943900074467,13.10300688493347,0.21574510438419547,0.05235866779756959,-5.324253902521648,0.37784429454961677,6.5909335987818585,0.3320270184790082,0.6814650912113587,0.9215881559114196,0.9967266517932953,False
Weight_kg,Lactic_Acid,Group_22C vs Group_15C (Reference),-0.13020521354169395,0.5430873719678164,-0.5498338186958525,0.2894233916124645,0.24430660210723187,0.08687047754623856,0.14366027194024336,0.1585817262536825,0.013455058398549408,0.9430344809406976,-0.2843654551581746,0.3922798646109107,0.9967266517932953,False
BSA_m2,Methyl_galactoside,Group_8C vs Group_22C Contrast,10.12940456066491,0.5431018152738241,-22.51766176469861,42.77647088602843,0.24063507993098088,0.08243405491660194,20.975767389261435,3.986907199348802e-05,-7.608434775650316,0.3583965340993336,2.520969785014593,0.8615072226744098,0.9967266517932953,False
Weight_kg,Proline,Group_22C vs Group_15C (Reference),0.09635778870885113,0.5431958247904576,-0.214270018260575,0.4069855956782773,0.2528627897079696,0.09720920423046331,0.07291171250820042,0.23423932517626778,0.16926950121705153,0.246797374794953,0.02217710786401681,0.7751983930700281,0.9967266517932953,False
BMI_kg·m2,Methionine,Group_8C vs Group_15C (Reference),0.2031409291675993,0.5433610745999646,-0.45199125945505214,0.8582731177902507,0.43439759534084654,0.31656376103685624,-0.02056808470205798,0.833189154778621,0.7199111877120581,0.14307027746043133,0.1825728444655413,0.5679157160517869,0.9967266517932953,False
BMI_kg·m2,1-Heptadecanol,Group_8C vs Group_15C (Reference),-0.2265736958358252,0.5436246659129154,-0.9577548912300143,0.5046074995583639,0.04916808875666767,-0.1489218927523599,-0.020311614603283012,0.9095416217591323,-0.15680533093867408,0.5392997203548755,-0.24688531043910822,0.4508486444110411,0.9967266517932953,False
Max_Watts_W,L-Norvaline,Group_22C vs Group_15C (Reference),-0.0696513930262428,0.5440534972508464,-0.29466441402598575,0.15536162797350012,0.09096307240344192,-0.098419620845841,0.0008113214231525606,0.9807106133663646,-0.06884007160309025,0.5306531413429312,-0.00730378298268837,0.7320487085043887,0.9967266517932953,False
Skinfold_Thickness_mm,2-OH-Butanoic_Acid,Group_22C vs Group_15C (Reference),0.014868865337377692,0.5443323715453452,-0.03319918315644118,0.06293691383119657,0.09352402072921662,-0.09532514161886319,-0.012848596575546864,0.3513372897763244,0.002020268761830828,0.9206604261536042,0.008295981729107487,0.4287931442420989,0.9967266517932953,False
Max_Watts_W,Cysteine,Group_8C vs Group_22C Contrast,-0.04363248211997368,0.5443428175752681,-0.18469376614661354,0.0974288019066662,0.1440384730572687,-0.034286845055800264,-0.012816469986567287,0.06360109329339521,0.03622525603847461,0.6061817896253174,-0.007407226081499069,0.6340498751220087,0.9967266517932953,False
Body_Fat__Percent,Oxalic_acid,Group_8C vs Group_22C Contrast,-0.2848292179204803,0.5443458705197521,-1.205672543697803,0.6360141078568424,0.3855497112043549,0.2575392343719288,-0.10825079129344566,0.5315775945100014,0.43476470242621695,0.2455217921565822,0.14993548450573663,0.5973425567475268,0.9967266517932953,False
Weight_kg,Glutamic_Acid,Group_8C vs Group_22C Contrast,-0.055998646589184006,0.5447548694199968,-0.2372245063197051,0.1252272131413371,0.08042044105496993,-0.1111586337252446,-0.009430335458632859,0.5345158652106632,0.044211536724701204,0.3138689588073955,-0.011787109864482805,0.8848325326549542,0.9967266517932953,False
Body_Density_kg_per_m3,Palmitelaidic_acid,Group_8C vs Group_22C Contrast,-119.63263771781817,0.5450527877245662,-507.08118510347913,267.8159096678428,0.28296257418911164,0.13357977714517666,-27.541996580884486,0.6968651243724556,268.9652509559311,0.11554283293268597,149.3326132381129,0.1327594570774342,0.9967266517932953,False
BMI_kg·m2,Palmitic_Acid,Group_8C vs Group_22C Contrast,-0.24410995978758904,0.5454036499049892,-1.0353876956492039,0.5471677760740259,0.2777567644688791,0.12728942373322893,0.016425545340440186,0.8752417816126467,0.23413105198478235,0.5574976335654291,-0.009978907802806709,0.8689369437974386,0.9967266517932953,False
BMI_kg·m2,Ornithine,Group_8C vs Group_15C (Reference),0.13628307554161653,0.5454178312541411,-0.3054833631775764,0.5780495142608094,0.14458133032738896,-0.03363089252107154,-0.009476603774667183,0.9468203749140782,0.1834494261714351,0.5319574222102332,0.12680647176694934,0.46863381909461777,0.9967266517932953,False
Max_Watts_W,Citric_acid,Group_8C vs Group_15C (Reference),-0.015418135910676384,0.5460102485927312,-0.06547034273421777,0.034634070912864995,0.16587552163386987,-0.007900411359073933,0.026329166426944182,0.0565611092275736,0.009230618535371642,0.9129911986494788,0.010911030516267798,0.611510383175601,0.9967266517932953,False
Height_m,alpha-D-Glucopyranoside,Group_8C vs Group_22C Contrast,32.132434749286425,0.5464567292112144,-72.29777298676316,136.562642485336,0.1212577076194793,-0.06181360329312913,6.066332601991612,0.8256291888349796,-0.8712486764530487,0.9865010126415998,31.261186072833375,0.022308287004899174,0.9967266517932953,False
Height_m,3-OH-Butanoic_Acid,Group_22C vs Group_15C (Reference),-27.527860753123832,0.5465096599739605,-117.00339344739503,61.94767194114736,0.09421163659931364,-0.09449427244249597,14.903406403693033,0.7083544455207671,-12.624454349430799,0.5710930198885285,0.3210016650113303,0.9409835748282322,0.9967266517932953,False
Muscle_Mass_kg,beta-Alanine,Group_8C vs Group_15C (Reference),-0.15277579714221587,0.5467823052661969,-0.6496902506270263,0.34413865634259455,0.039622808918665764,-0.16045577255661203,0.13433341084116035,0.4048555042420311,-0.003301080535186046,0.9745983621553986,-0.01844238630105552,0.9248934095635921,0.9967266517932953,False
Muscle_Mass_kg,Linoleic_Acid,Group_8C vs Group_15C (Reference),0.26638808300977534,0.5468739366892506,-0.6002566804784553,1.133032846498006,0.2051347777243977,0.0395378564169806,-0.24872517839363323,0.521256088708276,-0.12265389297152979,0.022928084728963904,0.017662904616142117,0.9337486087774194,0.9967266517932953,False
Muscle_Mass_kg,3-OH-Butanoic_Acid,Group_8C vs Group_15C (Reference),0.09436724282307848,0.5471488864351015,-0.21284993829060803,0.40158442393676497,0.1307905737326157,-0.0502947234064226,-0.05997078283196129,0.6965029303351558,-0.0818734647533599,0.15659718718338445,0.03439645999111719,0.25918946551152344,0.9967266517932953,False
BMI_kg·m2,Cysteine,Group_8C vs Group_22C Contrast,-0.709286649704201,0.5472091256884046,-3.01879366870633,1.6002203692979278,0.2942624303539727,0.14723377001105042,0.0822756429059645,0.6199658429539235,0.9109164062467864,0.39628123776296076,0.20162975654258541,0.677662078682022,0.9967266517932953,False
Height_m,Doconexent,Group_22C vs Group_15C (Reference),-7.882812177404935,0.5473638790394287,-33.55946734307736,17.793842988267485,0.2022879499711011,0.03609793954841389,12.397497661766808,0.03281234406960225,4.514685484361873,0.7006272923267125,12.987931956929556,0.07028844431392378,0.9967266517932953,False
Body_Fat__Percent,Palmitelaidic_acid,Group_8C vs Group_22C Contrast,0.2744637816557103,0.547379996578887,-0.6195984856884937,1.1685260489999143,0.28542422753951013,0.13655427494357475,0.06518197777802957,0.6875605830421362,-0.6225927249690086,0.1144157371342851,-0.34812894331329836,0.12881496276212756,0.9967266517932953,False
Muscle_Mass_kg,"1,5-Anhydrohexitol",Group_8C vs Group_15C (Reference),-0.25833970964142855,0.5478478470554115,-1.100846315226192,0.5841668959433348,0.1359093704112294,-0.04410951075309777,0.338629262297266,0.34926611009659114,-0.0012754711586528966,0.9898116687490015,0.08028955265583743,0.7294564940046837,0.9967266517932953,False
BMI_kg·m2,Alanine,Group_8C vs Group_15C (Reference),-0.1897337831814975,0.5479167553603765,-0.8086068459877059,0.429139279624711,0.057907816858693395,-0.13836138796241215,0.23871046249003347,0.2577161566986006,0.20107816023475428,0.7728964728071392,0.04897667930853597,0.8348991913567838,0.9967266517932953,False
Skinfold_Thickness_mm,1-Ethyl-1-tetradecyloxy-1-silacyclohexane,Group_22C vs Group_15C (Reference),-0.02667989686939459,0.5482162981539664,-0.11376947001921538,0.06040967628042619,0.23605060085313556,0.07689447603087218,0.042167972279796975,0.07428451848406241,0.015488075410402386,0.6806653259315312,-0.04752713337497112,0.012646355588948,0.9967266517932953,False
Skinfold_Thickness_mm,L-+-Erythrulose,Group_8C vs Group_15C (Reference),0.05156918090398228,0.5483078952843656,-0.11680352550507334,0.21994188731303788,0.22091941019689254,0.05861095398791183,-0.020101661169023812,0.6818549479540947,0.1080303339481905,0.001358570642893131,0.03146751973495847,0.6555088085247796,0.9967266517932953,False
Weight_kg,Palmitic_Acid,Group_8C vs Group_22C Contrast,-0.04429974329843382,0.548397880777865,-0.18897303328784626,0.1003735466909786,0.2352008284012279,0.07586766765148378,0.005969143558472709,0.8236274891924249,0.04454123210873419,0.48895660726693047,0.00024148881030036737,0.9946663051796034,0.9967266517932953,False
Skinfold_Thickness_mm,L-Rhamnose,Group_8C vs Group_22C Contrast,-0.04819199786391678,0.548543078068523,-0.2056336967686442,0.10924970104081064,0.23799114711308633,0.07923930276164604,-0.029081252736120992,0.1778460908234042,0.05553983399295286,0.4858134868902295,0.007347836129036084,0.4682414543691449,0.9967266517932953,False
Age_years,L-Aspartic_acid,Group_8C vs Group_15C (Reference),-0.2646399093536689,0.5486024943280299,-1.1293225369151636,0.600042718207826,0.16152479499729322,-0.013157539378270577,0.12805986075885908,0.14097651658243116,0.11064518794986428,0.6938172632645498,-0.1365800485948098,0.7521669691200461,0.9967266517932953,False
BMI_kg·m2,Decanoic_acid,Group_8C vs Group_15C (Reference),-0.20388652812343971,0.54878484577909,-0.8703679295625364,0.462594873315657,0.06762469261775061,-0.12662016308688462,-0.024825118128574887,0.8350537813596883,-0.13761096207930523,0.20235355816412914,-0.2287116462520146,0.47264975019473265,0.9967266517932953,False
Skinfold_Thickness_mm,Doconexent,Group_8C vs Group_22C Contrast,-0.022668204038357176,0.5488667630665791,-0.09678448392686628,0.05144807585015193,0.13571711482108983,-0.04434181959118311,0.009802777971892654,0.33583934291159934,0.0008326270446057781,0.9553928997218457,-0.021835576993751396,0.5299020662302552,0.9967266517932953,False
Skinfold_Thickness_mm,L-5-Oxoproline,Group_8C vs Group_15C (Reference),0.06526044842763647,0.5493128123428211,-0.14835048416032443,0.2788713810155974,0.2772153328797734,0.12663519389639288,-0.029386841265467818,0.5520470156930106,0.029279749184078448,0.7645649320386259,0.03587360716216865,0.711908365362349,0.9967266517932953,False
Body_Density_kg_per_m3,Arachidonic_acid1,Group_22C vs Group_15C (Reference),85.25330636835665,0.5495353255644728,-193.95393588238872,364.46054861910204,0.10037074777609012,-0.08705201310389099,8.814089460360073,0.766485464653653,94.06739582871671,0.4995838184164798,57.5444366007551,0.02032832089698866,0.9967266517932953,False
Skinfold_Thickness_mm,"9-Hexadecenoic_acid,_Z-",Group_8C vs Group_15C (Reference),-0.013155164791517451,0.5497931911387663,-0.056266584700230396,0.02995625511719549,0.2452659744761334,0.08802971915866131,0.004998908566067785,0.725823860332518,-0.04593499104944663,0.20153573723147788,-0.008156256225449666,0.6263419138673552,0.9967266517932953,False
BMI_kg·m2,Tyrosine,Group_8C vs Group_22C Contrast,-0.32661229993467816,0.5499701621114812,-1.3974636332049877,0.7442390333356315,0.2099949035685741,0.04541050847869377,0.0321639463605998,0.663085033928307,0.4538538204239063,0.3935671775707852,0.12724152048922813,0.30700781386817155,0.9967266517932953,False
Height_m,Threonine,Group_8C vs Group_22C Contrast,-7.64794173637482,0.5500338123542037,-32.72695890603481,17.431075433285173,0.12525220351392063,-0.05698692075401257,-22.44558190014473,0.306911105142204,-5.340702073816686,0.4503244289993664,-12.988643810191506,0.22311954058969707,0.9967266517932953,False
Age_years,Cysteine,Group_22C vs Group_15C (Reference),0.13883191834290298,0.5511770137040856,-0.31772308352964745,0.5953869202154534,0.28220937125561174,0.13266965693386423,0.045092530316351825,0.4201235440681109,0.1839244486592548,0.4160048789383497,-0.13577445669900354,0.015960902994737847,0.9967266517932953,False
BMI_kg·m2,Lactic_Acid,Group_8C vs Group_15C (Reference),-0.6093658039564055,0.5512507710245753,-2.6136639126849683,1.3949323047721576,0.06904137251559861,-0.1249083415436516,0.262863788608865,0.5777621028289587,0.06079347634818674,0.9505487489448778,-0.3465020153475405,0.7024576783130834,0.9967266517932953,False
Body_Density_kg_per_m3,"R*,R*-2,3-Dihydroxybutanoic_acid",Group_8C vs Group_15C (Reference),72.72498885875956,0.5515028347564089,-166.6302479117686,312.0802256292877,0.23495235321185592,0.07556742679765927,-27.194918786324777,0.6841858456899162,-199.52298688512792,0.14490686694385913,45.53007007243478,0.6559439864219558,0.9967266517932953,False
Muscle_Mass_kg,DL-Ornithine,Group_8C vs Group_15C (Reference),0.06858817098021144,0.5516747996567644,-0.1572493987365784,0.2944257406970013,0.07016645501410246,-0.1235488668579594,-0.09611740138066806,0.2641703437168784,-0.002556066972652704,0.9579478731098268,-0.027529230400456614,0.7192884816227463,0.9967266517932953,False
Height_m,Valine,Group_8C vs Group_22C Contrast,7.516434843255558,0.5517675481187693,-17.23886003254792,32.27172971905903,0.14212361992684874,-0.03660062592172442,0.8056522970675771,0.9549626869747597,-5.4638417281306655,0.643952005586288,2.0525931151248926,0.6443120347612272,0.9967266517932953,False
Skinfold_Thickness_mm,Ascorbic_Acid,Group_22C vs Group_15C (Reference),0.025902270517976576,0.5519404480260197,-0.0594420966591351,0.11124663769508825,0.12878862836194782,-0.05271374072931301,-0.02846828163430799,0.29378122868064616,-0.0025660111163314132,0.9399637572639226,0.008178612944444694,0.9325208708832842,0.9967266517932953,False
Height_m,Decanoic_acid,Group_22C vs Group_15C (Reference),-13.364354136377628,0.5522402124327395,-57.4312502986514,30.702542025896143,0.0711716766474606,-0.12233422405098504,7.3492850418899165,0.5509813098791334,-6.015069094487711,0.7490617456187334,6.451623266910035,0.41904426844274356,0.9967266517932953,False
Weight_kg,Serine,Group_8C vs Group_22C Contrast,-0.12879305213236547,0.5527171968442213,-0.5539862264434494,0.29640012217871853,0.08734516986357876,-0.10279125308150894,0.0049323485615021135,0.9138044969943723,0.023619896429465936,0.9090021381307629,-0.10517315570289955,0.11101552507608914,0.9967266517932953,False
Body_Density_kg_per_m3,Nonanoic_acid,Group_8C vs Group_22C Contrast,97.89582557584372,0.5530382653586655,-225.55569991740794,421.3473510690954,0.27304314977757016,0.12159380598123071,-92.5068533701754,0.02954501696504335,-63.04169132858725,0.572393712002893,34.85413424725647,0.7742227109722593,0.9967266517932953,False
Height_m,Palmitelaidic_acid,Group_22C vs Group_15C (Reference),-21.086328526358532,0.5535472985659984,-90.84451343649965,48.6718563837826,0.05838824549663191,-0.13778087002490302,20.033791402751575,0.2156967412040588,-1.0525371236069567,0.9735129442600543,5.180937160191679,0.8750433440681575,0.9967266517932953,False
VO2max_ml_per_kg_per_min,2-Aminoheptanedioic_acid,Group_22C vs Group_15C (Reference),-0.1600693995429734,0.5536350362155872,-0.6897311330810769,0.36959233399513014,0.03558418455998558,-0.16533577699001745,0.007062973339764042,0.9342546492274134,-0.15300642620320934,0.5505488156967857,0.011409214481028678,0.9724747192266299,0.9967266517932953,False
Weight_kg,1-Monopalmitin,Group_8C vs Group_15C (Reference),-0.0483947638000815,0.5539744809936361,-0.20866781350922237,0.11187828590905935,0.13781351321349378,-0.04180867153369494,0.024920566363194716,0.7210358101155667,-0.05166073325554675,0.14518061666503268,-0.023474197436886786,0.581750702951332,0.9967266517932953,False
BMI_kg·m2,Ornithine,Group_22C vs Group_15C (Reference),0.19292602994610228,0.5540937794239641,-0.4461958538842281,0.8320479137764327,0.14458133032738896,-0.03363089252107154,-0.009476603774667183,0.9468203749140782,0.1834494261714351,0.5319574222102332,0.12680647176694934,0.46863381909461777,0.9967266517932953,False
BSA_m2,Glutamic_Acid,Group_8C vs Group_22C Contrast,-1.9887009569224592,0.554388361764254,-8.581855486440277,4.604453572595359,0.06490215273789945,-0.129909898775038,-0.6695235973574649,0.5543872058674223,2.5428609202239967,0.35044719727658435,0.5541599633015377,0.7789774360567516,0.9967266517932953,False
Max_Watts_W,Arachidonic_acid,Group_22C vs Group_15C (Reference),0.011762578078537452,0.5544323633078957,-0.02723759733216994,0.05076275348924484,0.12403246778611332,-0.05846076809177969,-0.005673210172379737,0.012125966421906057,0.006089367906157715,0.7580680360293175,-0.002262783988949897,0.7159497410133921,0.9967266517932953,False
Age_years,1-Monopalmitin,Group_22C vs Group_15C (Reference),-0.0565577166037188,0.5547506954269599,-0.24423213373180766,0.13111670052437005,0.16641390393484357,-0.007249866078730571,0.05708663275913338,0.2312212139704355,0.0005289161554145813,0.994917811135265,-0.0662090272171985,0.12341614821294256,0.9967266517932953,False
Body_Fat__Percent,"R*,R*-2,3-Dihydroxybutanoic_acid",Group_8C vs Group_15C (Reference),-0.1650678103808087,0.554825653803877,-0.7129129896797197,0.3827773689181024,0.23393275329918561,0.07433541023651602,0.06263755287700594,0.6753829269558712,0.45837804622112976,0.143076620838533,-0.10243025750380276,0.6644438837411584,0.9967266517932953,False
BMI_kg·m2,Lactic_Acid1,Group_8C vs Group_15C (Reference),-1.0465597300290759,0.5548841101152071,-4.520510184457393,2.427390724399241,0.24788053725524073,0.09118898251674923,1.422481854688129,0.07133589684738315,-0.3063989226662307,0.7376333619907331,0.37592212465905317,0.8127827867505024,0.9967266517932953,False
BMI_kg·m2,Glycine,Group_8C vs Group_22C Contrast,-0.8399765567237021,0.5558583071820006,-3.635123739746164,1.95517062629876,0.14608531945504932,-0.0318135723251487,0.2836517929269696,0.5302394470599401,0.887579791977596,0.5010856839241404,0.047603235253893816,0.9299554542749622,0.9967266517932953,False
Max_Watts_W,Threonine,Group_22C vs Group_15C (Reference),0.02658680325387719,0.5562246680341616,-0.0619652157277269,0.11513882223548128,0.09234373091778458,-0.09675132514101015,-0.010028100690791882,0.656027649154642,0.01655870256308531,0.6724929454272275,-0.01037666072952717,0.10513516137600365,0.9967266517932953,False
BMI_kg·m2,Ascorbic_Acid,Group_8C vs Group_22C Contrast,0.4546579192663147,0.5562538111412689,-1.0597997514023125,1.969115589934942,0.24674169786865607,0.08981288492462614,-0.7615323660483652,0.024908708193767823,-0.09702407199710839,0.7974097137638756,0.35763384726920633,0.5956475305987836,0.9967266517932953,False
Skinfold_Thickness_mm,Glycolic_acid,Group_8C vs Group_15C (Reference),-0.029407412699505166,0.5567144325100761,-0.12747557457222697,0.06866074917321664,0.09955060288471163,-0.08804302151430665,0.014765689236427218,0.5381433376106107,-0.02502071613419842,0.7203424821642517,-0.014641723463077948,0.7388091283353531,0.9967266517932953,False
BMI_kg·m2,Palmitelaidic_acid,Group_8C vs Group_22C Contrast,0.5861045819546276,0.5570253940964764,-1.3700207829943054,2.5422299469035607,0.19396688204020018,0.02604331579857533,-0.014818580038509903,0.9692839158944392,-0.992460099570187,0.1925533662909371,-0.40635551761555944,0.5286567995672831,0.9967266517932953,False
Height_m,1-Monopalmitin,Group_22C vs Group_15C (Reference),19.235978427804117,0.5585058416261077,-45.20472526994871,83.67668212555694,0.216064069959519,0.05274408453441881,-24.92368994029669,0.2838870330067591,-5.687711512492573,0.8066548964978055,-3.5509284808828667,0.7975493575112738,0.9967266517932953,False
Weight_kg,Campesterol,Group_8C vs Group_22C Contrast,0.06216664897100874,0.5585116997712629,-0.14609912208098028,0.2704324200229977,0.15183970905976885,-0.024860351552779214,-0.038979839581398876,0.22044239797822596,-0.059736316782905065,0.39444743311238195,0.002430332188103672,0.9757078370251862,0.9967266517932953,False
Weight_kg,Ornithine,Group_22C vs Group_15C (Reference),0.04461113856063731,0.5586825064553447,-0.1049037247315841,0.19412600185285872,0.11624251906718086,-0.06787362279382303,-0.017166852947202278,0.772571462004839,0.02744428561343503,0.5664052083663993,0.012931789517296913,0.7192780636223706,0.9967266517932953,False
VO2max_ml_per_kg_per_min,Glyceric_acid,Group_8C vs Group_22C Contrast,0.3296768528177544,0.5590904715785998,-0.7764073235286714,1.4357610291641802,0.08765487367336477,-0.10241702764468408,0.07141430480015173,0.7637679115975784,0.08453876215403447,0.8462625270508755,0.4142156149717888,0.24761765251882784,0.9967266517932953,False
BSA_m2,"Ethanolamine,_2TMS",Group_8C vs Group_22C Contrast,7.579180670818001,0.5595125756714585,-17.87672835023416,33.03508969187016,0.017675956082141342,-0.1869748864007459,0.4570346264584453,0.9719173221242774,-1.9687959176127938,0.8481920879088647,5.610384753205207,0.47931990647394596,0.9967266517932953,False
Body_Fat__Percent,Arachidonic_acid1,Group_22C vs Group_15C (Reference),-0.19413907959225893,0.5597773171916438,-0.8466145226080535,0.45833636342353556,0.09898968598408076,-0.08872079610256911,-0.0204569515404805,0.764173196547888,-0.21459603113273942,0.510161323134412,-0.13322768651783137,0.02173814512004557,0.9967266517932953,False
VO2max_ml_per_kg_per_min,Lysine,Group_8C vs Group_22C Contrast,0.22743928715281042,0.5598330964108189,-0.5370763721137966,0.9919549464194173,0.31632125196186656,0.1738881794539221,-0.23522068486457268,0.0006514657815468185,-0.27151647170698395,0.4618903538008543,-0.044077184554173504,0.7271310120630241,0.9967266517932953,False
Skinfold_Thickness_mm,Palmitic_Acid,Group_8C vs Group_22C Contrast,-0.015117359153623474,0.5603321319517116,-0.06599760816496958,0.035762889857722635,0.19415051986475074,0.02626521150324057,-0.0029034197231989985,0.6339686786684076,0.011005251828653962,0.6652366305472288,-0.004112107324969512,0.42860610614456496,0.9967266517932953,False
Height_m,Cholesterol,Group_8C vs Group_15C (Reference),8.766233000147269,0.5615978711393248,-20.833070932071443,38.36553693236598,0.09452015879468678,-0.09412147478975341,-6.664628001737715,0.6557798174522771,-0.10170690158780626,0.9899976967291515,2.1016049984095533,0.322870327294134,0.9967266517932953,False
Age_years,"2-Ethyl-3-hydroxypropionic_acid,_di-",Group_8C vs Group_22C Contrast,-0.09921597984449756,0.5635649313958173,-0.43591722536762745,0.23748526567863235,0.19214673180056396,0.023843967592348192,0.041491551056317105,0.4971952552683543,-0.0034831777505014636,0.972033733654244,-0.10269915759499904,0.463658265435857,0.9967266517932953,False
Skinfold_Thickness_mm,Glycerol,Group_8C vs Group_22C Contrast,-0.061451257702743914,0.5638509823330156,-0.27014645979270485,0.14724394438721705,0.05367013272186871,-0.14348192296107531,-0.007574178142282597,0.905184525700651,-0.0022322496557072953,0.9766398948895807,-0.06368350735845121,0.3916114158914601,0.9967266517932953,False
BMI_kg·m2,beta-D-Xylopyranose,Group_8C vs Group_15C (Reference),0.532898344122608,0.5638972087657337,-1.2770641643665317,2.342860852611748,0.10397113045204642,-0.08270155070377716,0.12992846570077132,0.8295122320345295,-0.5020887444600376,0.065077611729629,0.6628268098233793,0.3430510158562181,0.9967266517932953,False
BSA_m2,Arachidonic_acid,Group_22C vs Group_15C (Reference),-1.5258882617576857,0.5639018312832041,-6.7085526990381235,3.6567761755227517,0.3717054728738448,0.24081077972256248,4.710526487739145,3.387793298940961e-09,3.184638225981459,0.2065645030741674,1.637172966658802,0.30461752598172853,0.9967266517932953,False
Body_Fat__Percent,Nonanoic_acid,Group_8C vs Group_22C Contrast,-0.2207863433140638,0.5645630098558432,-0.9719725419642486,0.5303998553361211,0.27081347988807203,0.11889962153142042,0.20931246884437518,0.0313330124408316,0.14265549090458662,0.577050889421741,-0.07813085240947718,0.7842740834154174,0.9967266517932953,False
Skinfold_Thickness_mm,4-Aminobutanoic_acid,Group_22C vs Group_15C (Reference),0.028706690162304913,0.5649554470984188,-0.06905943514477325,0.12647281546938308,0.11557965649404822,-0.06867458173635832,-0.004513822017019346,0.852328468684694,0.024192868145285568,0.5788975018130866,-0.04593345845553997,0.3414069336079044,0.9967266517932953,False
Height_m,Proline,Group_22C vs Group_15C (Reference),-23.28203845184597,0.5653512485585992,-102.65419954163951,56.090122637947566,0.07965374202884379,-0.11208506171514698,18.342801375452876,0.2424852998227186,-4.939237076393095,0.8947430337754916,0.8932594506978404,0.86269057147442,0.9967266517932953,False
Age_years,"R*,R*-2,3-Dihydroxybutanoic_acid",Group_8C vs Group_15C (Reference),-0.09781188496895,0.5654112056199962,-0.43131953564460523,0.23569576570670525,0.21162936421992928,0.04738548176574797,-0.0002968130678243965,0.9968770829174758,0.16788961008154743,0.4063242816886501,-0.0981086980367744,0.5195342953985644,0.9967266517932953,False
Weight_kg,1H-Indole-3-Acetic_Acid,Group_8C vs Group_22C Contrast,-0.0917371403108472,0.5655927339268774,-0.4046836794562201,0.22120939883452564,0.07502247229239878,-0.11768117931335143,-0.0011890503608986073,0.9811441265043639,0.048769315061181755,0.28961541641438027,-0.04296782524966544,0.7786683751942987,0.9967266517932953,False
BSA_m2,Leucine,Group_8C vs Group_15C (Reference),7.011880175808278,0.5659993806419612,-16.932632032721216,30.956392384337768,0.2072403945732929,0.04208214344272898,4.166737009779212,0.42214071078415405,9.558922357556625,0.3111984863047641,11.17861718558749,0.3121131235734371,0.9967266517932953,False
Body_Fat__Percent,Serine,Group_8C vs Group_22C Contrast,-0.2871962267631972,0.566180785044754,-1.2684042432992997,0.6940117897729052,0.0833384117565753,-0.10763275246080473,-0.0010417131087716608,0.9876183371421714,0.11209025455083924,0.8152297415114513,-0.17510597221235802,0.2217685114051302,0.9967266517932953,False
Skinfold_Thickness_mm,Glycerol,Group_8C vs Group_15C (Reference),-0.05610932921616861,0.5662486567511407,-0.24783725486072772,0.13561859642839053,0.05367013272186871,-0.14348192296107531,-0.007574178142282597,0.905184525700651,-0.0022322496557072953,0.9766398948895807,-0.06368350735845121,0.3916114158914601,0.9967266517932953,False
Body_Fat__Percent,"Ethanolamine,_3TMS",Group_22C vs Group_15C (Reference),0.28340068788038436,0.5665881422246346,-0.6858387301408397,1.2526401059016086,0.18759851324054144,0.01834820349898758,0.09732154187717039,0.7522600480565228,0.38072222975755476,0.3247792775522935,-0.306451678902088,0.4923308428558102,0.9967266517932953,False
Height_m,Leucine,Group_8C vs Group_15C (Reference),-11.31486044446242,0.5671381127903345,-50.066960260452454,27.437239371527617,0.11545552430023487,-0.06882457480388271,25.41652615952243,0.008221426454432886,-1.598461983732804,0.8241994293758277,14.10166571506001,0.41433435346457737,0.9967266517932953,False
Skinfold_Thickness_mm,Diethanolamine,Group_22C vs Group_15C (Reference),0.09221862848265144,0.5671519324708971,-0.2236308618018753,0.4080681187671782,0.23450053344839372,0.07502147791680913,-0.003916212702578625,0.9578580462941789,0.08830241578007282,0.5371830856521755,-0.0035249969340610003,0.9740255140360192,0.9967266517932953,False
Body_Fat__Percent,Ornithine,Group_22C vs Group_15C (Reference),0.07938478656480856,0.5673106734706316,-0.19262008259626917,0.3513896557258863,0.11554333637382619,-0.06871846854829333,0.0019509539858891746,0.970863482765112,0.08133574055069774,0.5254351509179915,0.02311343665561817,0.6887407035936279,0.9967266517932953,False
Weight_kg,Diethanolamine,Group_22C vs Group_15C (Reference),0.17826133265620545,0.5676850897188859,-0.43312579140473895,0.7896484567171499,0.2501768868338351,0.09396373825755078,-0.007365416693102974,0.9636191976108228,0.17089591596310247,0.5219615412791596,0.1698650042075471,0.03696497386242781,0.9967266517932953,False
Skinfold_Thickness_mm,Stearic_Acid,Group_8C vs Group_15C (Reference),-0.0068159702838139465,0.567990220862788,-0.03021129618564979,0.016579355618021898,0.09980803459915433,-0.08773195819268853,0.004598097498039578,0.35009987116403274,0.01453681167162054,0.6287632238072289,-0.0022178727857743684,0.8383995535012612,0.9967266517932953,False
Height_m,3-OH-Butanoic_Acid,Group_8C vs Group_22C Contrast,12.94545601444213,0.5685718989596737,-31.556564453236994,57.44747648212125,0.09421163659931364,-0.09449427244249597,14.903406403693033,0.7083544455207671,-12.624454349430799,0.5710930198885285,0.3210016650113303,0.9409835748282322,0.9967266517932953,False
Body_Density_kg_per_m3,Ornithine,Group_22C vs Group_15C (Reference),-34.53759925946231,0.5686855720160178,-153.2987034309886,84.223504912064,0.11598377799383253,-0.06818626825745233,-1.2079362682194572,0.9588771585829537,-35.74553552768177,0.522391166074921,-9.581504153470524,0.7037564591380865,0.9967266517932953,False
Weight_kg,4-Aminobutanoic_acid,Group_8C vs Group_15C (Reference),-0.13416060291259016,0.5695872381827253,-0.5965637638358126,0.3282425580106323,0.1326096616422725,-0.04809665884892067,-0.01297732815660262,0.8308167076122055,0.0868728486387476,0.359273199781474,-0.1471379310691928,0.5186532255453584,0.9967266517932953,False
Height_m,beta-Alanine,Group_8C vs Group_22C Contrast,21.232270907976826,0.5697145146111978,-51.973183625207184,94.43772544116084,0.0665357402566562,-0.12793598052320698,0.4883796795800628,0.9758712344991504,-1.3266812047633685,0.9485227460906427,19.905589703213458,0.5233250027904415,0.9967266517932953,False
Skinfold_Thickness_mm,Arginine_[-NH3],Group_8C vs Group_22C Contrast,-0.014150831129012682,0.5698160921357962,-0.06295346584135464,0.03465180358332927,0.2614904539256454,0.10763429849348827,-0.008369421970646567,0.0005407477765562723,0.02185015597434476,0.373317183334996,0.007699324845332077,0.06655752169335383,0.9967266517932953,False
VO2max_ml_per_kg_per_min,Threonine,Group_22C vs Group_15C (Reference),-0.2172716295653976,0.5698246864977717,-0.9665894063090983,0.5320461471783031,0.16641069474806458,-0.007253743846088678,-0.042888165607914086,0.6621763870492297,-0.26015979517331167,0.48137335669208325,0.11717020861969973,0.344881670181026,0.9967266517932953,False
BSA_m2,D---Ribofuranose,Group_8C vs Group_15C (Reference),14.4462976920787,0.5701580784416018,-35.41860287502153,64.31119825917892,0.12590526420892867,-0.056197805747544516,-3.6041329156148834,0.8025059998097605,-1.3008287679821455,0.928946390703592,10.842164776463816,0.6050843643096715,0.9967266517932953,False
Body_Density_kg_per_m3,Serine,Group_8C vs Group_22C Contrast,124.58324103776087,0.570163495289113,-305.4599774112115,554.6264594867332,0.0834827176359787,-0.10745838285652565,0.029300739143727692,0.9992142385647005,-49.29192128566773,0.8149602345083169,75.29131975209313,0.22069939347617762,0.9967266517932953,False
VO2max_ml_per_kg_per_min,Diethanolamine,Group_8C vs Group_15C (Reference),-0.23652568169757307,0.5702825152443499,-1.0532149829699124,0.5801636195747663,0.2169346922297135,0.05379608644423717,0.0792548648656026,0.7836047451547394,-0.16933434766871358,0.7850266226658209,-0.15727081683197047,0.6008029857192694,0.9967266517932953,False
Age_years,Arachidonic_acid,Group_22C vs Group_15C (Reference),0.036601799674696914,0.5706065175908288,-0.08988526224077036,0.16308886159016417,0.24403201011625908,0.08653867889047973,0.0038724395895071116,0.891272825553133,0.04047423926420403,0.4851701052918149,-0.05626292547308881,0.0006045065978204089,0.9967266517932953,False
BSA_m2,Diethanolamine,Group_22C vs Group_15C (Reference),12.818952626374532,0.5714584108534256,-31.578408466838084,57.21631371958715,0.25062713778376833,0.09450779148872013,-1.8356996354100679,0.8647922423573806,10.983252990964465,0.5814241775889373,13.10496533424132,0.026398308723916797,0.9967266517932953,False
Body_Density_kg_per_m3,Palmitic_Acid,Group_22C vs Group_15C (Reference),-43.182080573765205,0.571539073873714,-192.770936997626,106.40677585009558,0.21232719882143758,0.04822869857590384,4.795972613234034,0.7534036946738607,-38.38610796053117,0.6077264173558898,8.10287279985597,0.5009158422703228,0.9967266517932953,False
Weight_kg,beta-D-Xylopyranose,Group_22C vs Group_15C (Reference),-0.11163214144282567,0.5717507772499073,-0.49855465269081334,0.27529036980516197,0.0799417312344558,-0.11173707475836592,0.03152331224004076,0.8666936910428586,-0.0801088292027849,0.18812622051057537,0.1146657768670775,0.7574080284351243,0.9967266517932953,False
Weight_kg,L-5-Oxoproline,Group_8C vs Group_15C (Reference),0.24980478741828108,0.5717910605975007,-0.6161216490066385,1.1157312238432007,0.272183454016404,0.12055500693648824,-0.07665662674067365,0.8069326944604941,0.019382076967630404,0.9079157117927634,0.1731481606776074,0.5778634247906429,0.9967266517932953,False
Body_Fat__Percent,Palmitic_Acid,Group_22C vs Group_15C (Reference),0.0985599143075381,0.5724190845770138,-0.2436482167689841,0.44076804538406034,0.21114244860098852,0.04679712539286118,-0.011310702140765246,0.7469668913023941,0.08724921216677287,0.6099819384770533,-0.019115384426591515,0.49081183738982737,0.9967266517932953,False
Body_Density_kg_per_m3,"Ethanolamine,_3TMS",Group_22C vs Group_15C (Reference),-121.76762179486587,0.5724485078840331,-544.587214561383,301.0519709716513,0.18887205376178973,0.019887064962162637,-43.02250050680425,0.7527086506506868,-164.79012230167012,0.3237916308634827,134.3941495954719,0.4816682358491913,0.9967266517932953,False
Muscle_Mass_kg,Ornithine,Group_8C vs Group_22C Contrast,0.030431771744949238,0.5727029261021416,-0.07530992388614892,0.1361734673760474,0.10435791472442912,-0.08223418637464808,-0.01130073254444404,0.86040006589584,-0.01601294953832683,0.6492992296270415,0.014418822206622408,0.7242580356421453,0.9967266517932953,False
Skinfold_Thickness_mm,3-OH-Butanoic_Acid,Group_22C vs Group_15C (Reference),-0.023871699996983773,0.5730315386300112,-0.10688855687062261,0.05914515687665507,0.1888931440995707,0.019912549120314704,-0.020875773672617462,0.28330814032148577,-0.04474747366960123,0.2342948048172495,-0.0030364304942778163,0.617546902856736,0.9967266517932953,False
BMI_kg·m2,Oleic_Acid,Group_8C vs Group_15C (Reference),-0.3903163474667097,0.5731396485297373,-1.7480734195279364,0.9674407245945169,0.16406696059684545,-0.010085755945478336,0.02220415279395274,0.8768019057526084,0.059106608460021186,0.8956689920523588,-0.3681121946727569,0.5870494572601053,0.9967266517932953,False
Max_Watts_W,L-Proline,Group_8C vs Group_15C (Reference),0.021609160732843434,0.5734814344549066,-0.05362764210084119,0.09684596356652805,0.15448884060292756,-0.02165931760479589,-0.024439874642948015,0.27347925832599984,0.0009769597538592453,0.9882135814188096,-0.0028307139101045806,0.9277835943224286,0.9967266517932953,False
Body_Fat__Percent,Glyceric_acid,Group_22C vs Group_15C (Reference),-0.4054657749300581,0.5738174070274521,-1.818417679765718,1.007486129905602,0.11524727164414794,-0.06907621342998782,0.16074528920294526,0.7057338449530279,-0.24472048572711283,0.6740211574933315,-0.5725812183479413,0.35990944465333374,0.9967266517932953,False
Skinfold_Thickness_mm,beta-Alanine,Group_22C vs Group_15C (Reference),-0.03992065304216598,0.5740158222560934,-0.1791067250321014,0.09926541894776945,0.20539187438952744,0.039848514887345754,0.021562634336239575,0.12809790996133757,-0.018358018705926404,0.7919215896774181,-0.08624839983315585,0.026939503117054286,0.9967266517932953,False
Weight_kg,Erythritol,Group_8C vs Group_22C Contrast,-0.2989838130812036,0.5743195906886408,-1.3422577707312824,0.7442901445688753,0.13468609328502357,-0.04558763728059656,-0.08504974715032168,0.5080500315525038,0.04571520026871412,0.8494181106273313,-0.25326861281248947,0.5936708858076924,0.9967266517932953,False
BSA_m2,Palmitic_Acid,Group_22C vs Group_15C (Reference),2.160245936190612,0.5747779741775474,-5.386612635673972,9.707104508055195,0.20923957277928462,0.04449781710830236,0.5221319378365072,0.7789967666672195,2.682377874027119,0.4262135804959182,0.12859367355918178,0.9575464937564286,0.9967266517932953,False
Height_m,Glyceric_acid,Group_8C vs Group_22C Contrast,32.651429500063294,0.5750825395796874,-81.5099318051877,146.81279080531428,0.08355869180877507,-0.10736658073106331,50.95230795988515,0.348557293251192,-16.309611272199135,0.7153088756889758,16.34181822786416,0.6614958613210749,0.9967266517932953,False
Muscle_Mass_kg,L-Rhamnose,Group_22C vs Group_15C (Reference),0.18832490603638555,0.5752048276494636,-0.47032657655636356,0.8469763886291346,0.26923610839039847,0.11699363097173154,0.0017879467897057176,0.9897468975733661,0.19011285282609128,0.5342770201173161,-0.011861033263000299,0.9097148138598798,0.9967266517932953,False
BSA_m2,Oxalic_acid,Group_8C vs Group_15C (Reference),7.556017551759172,0.5757959166871853,-18.911484498065846,34.02351960158419,0.412883397232387,0.2905674383224677,-2.975210157387721,0.7808204254947424,17.84006839399407,0.029568378826072106,4.580807394371451,0.5786301761841053,0.9967266517932953,False
VO2max_ml_per_kg_per_min,Arginine_[-NH3],Group_8C vs Group_22C Contrast,0.08592878919854635,0.575812928896857,-0.21508474570435454,0.38694232410144724,0.19408276485591214,0.02618334086756058,0.0368893324934377,0.015269259152796148,-0.07326394693367652,0.6204677208046827,0.01266484226486983,0.7584773970446128,0.9967266517932953,False
BMI_kg·m2,Glyceric_acid,Group_22C vs Group_15C (Reference),-0.8396159764676112,0.5769320979701308,-3.789429542009299,2.110197589074077,0.05454563499707987,-0.1424240243785284,0.47041167380099463,0.4792256715473626,-0.3692043026666166,0.7845156855220126,-0.3103933354080231,0.8555454111061986,0.9967266517932953,False
Weight_kg,2-Aminoheptanedioic_acid,Group_8C vs Group_22C Contrast,-0.23607394515207086,0.5769631425015833,-1.0655527693752684,0.5934048790711266,0.08565850492502747,-0.10482930654892497,-0.06801948917190051,0.24905667331525827,0.07356704004559042,0.6904762404715192,-0.16250690510648041,0.6695195971378616,0.9967266517932953,False
Max_Watts_W,Leucine,Group_8C vs Group_15C (Reference),-0.013481823938593372,0.5769642785778746,-0.060851368776673645,0.0338877208994869,0.06357425838484754,-0.13151443778497574,0.011260342306838804,0.48811843409186584,-0.026755608524626044,0.56711658836578,-0.002221481631754568,0.901220114512961,0.9967266517932953,False
Body_Fat__Percent,Glycerol,Group_8C vs Group_15C (Reference),-0.311183061605253,0.577711700205026,-1.4067001819394278,0.7843340587289217,0.0476855577521188,-0.15071328438285647,-0.005262234596612802,0.9881592910018695,-0.15439599463796244,0.6789964736690759,-0.3164452962018658,0.46393980780385924,0.9967266517932953,False
VO2max_ml_per_kg_per_min,Methyl_galactoside,Group_8C vs Group_22C Contrast,-0.13783873265570687,0.5777247701610456,-0.6231243183968915,0.34744685308547785,0.09636273317104527,-0.0918950307516535,-0.1401725845382821,0.22797589849493072,0.15637325323397058,0.22543076204515855,0.018534520578263713,0.930113559599699,0.9967266517932953,False
Weight_kg,Dodecanoic_acid,Group_8C vs Group_22C Contrast,0.07513463301950676,0.5786030887602859,-0.190002025793674,0.34027129183268756,0.2429203079187443,0.08519537206848271,0.031701457327529055,0.6365719383150391,-0.23256242588871529,0.028705328838862565,-0.15742779286920852,0.05982131754284459,0.9967266517932953,False
Skinfold_Thickness_mm,Campesterol,Group_22C vs Group_15C (Reference),-0.024630207509402285,0.5786062838022337,-0.1115449310967404,0.06228451607793582,0.18882886895851425,0.01983488332487149,-0.0062868005502658385,0.5370002767552811,-0.030917008059668124,0.47378425569918803,-0.014860622222104101,0.3881208608128395,0.9967266517932953,False
BSA_m2,Ornithine,Group_22C vs Group_15C (Reference),3.7277506497619237,0.5796580840279228,-9.463195635307414,16.918696934831264,0.11726058978869502,-0.06664345400532667,-2.4538464138666782,0.6888481343238646,1.2739042358952455,0.6470429269817664,0.20939272859458136,0.9571592357558991,0.9967266517932953,False
Weight_kg,Palmitic_Acid,Group_22C vs Group_15C (Reference),0.03857208855026148,0.580086274994253,-0.09807267449204671,0.17521685159256967,0.2352008284012279,0.07586766765148378,0.005969143558472709,0.8236274891924249,0.04454123210873419,0.48895660726693047,0.00024148881030036737,0.9946663051796034,0.9967266517932953,False
Weight_kg,Indole-3-Latic_Acid,Group_8C vs Group_22C Contrast,-0.036152289268612935,0.5803102448597113,-0.1643028350833177,0.09199825654609181,0.4150020051529911,0.2931274228931977,-0.05705728348608141,0.12076048407440643,0.014305539592794417,0.5703431657499083,-0.021846749675818518,0.7172572403075295,0.9967266517932953,False
Height_m,beta-Alanine,Group_8C vs Group_15C (Reference),19.417210023633395,0.5803533744733733,-49.41836999766853,88.25279004493532,0.0665357402566562,-0.12793598052320698,0.4883796795800628,0.9758712344991504,-1.3266812047633685,0.9485227460906427,19.905589703213458,0.5233250027904415,0.9967266517932953,False
BSA_m2,Glycerol-3-P,Group_8C vs Group_22C Contrast,5.2810206298572915,0.5807330502140668,-13.459759491354053,24.021800751068636,0.1038599194443659,-0.08283593067139106,2.8157678844846266,0.8006834904079405,-1.015186694761696,0.8881792750522643,4.265833935095595,0.49619106636333754,0.9967266517932953,False
Max_Watts_W,L-Alanine,Group_8C vs Group_22C Contrast,-0.0917289699280877,0.5808750888703856,-0.4173701976295368,0.2339122577733614,0.16332772889849478,-0.01097899424765214,-0.041028677017944055,0.3431946338217218,0.0712955773169551,0.658111970120653,-0.020433392611132594,0.6145666069846156,0.9967266517932953,False
VO2max_ml_per_kg_per_min,Arginine_[-NH3],Group_8C vs Group_15C (Reference),-0.024224490228567867,0.5811327764213481,-0.1102793649162658,0.061830384459130076,0.19408276485591214,0.02618334086756058,0.0368893324934377,0.015269259152796148,-0.07326394693367652,0.6204677208046827,0.01266484226486983,0.7584773970446128,0.9967266517932953,False
Max_Watts_W,L-Norvaline,Group_8C vs Group_22C Contrast,0.06153628862040188,0.5821843693729924,-0.1576782115142361,0.2807507887550399,0.09096307240344192,-0.098419620845841,0.0008113214231525606,0.9807106133663646,-0.06884007160309025,0.5306531413429312,-0.00730378298268837,0.7320487085043887,0.9967266517932953,False
VO2max_ml_per_kg_per_min,Serine,Group_8C vs Group_22C Contrast,0.20819470006126437,0.5822056155399271,-0.5335118283585152,0.949901228481044,0.07551131363012731,-0.11709049603026278,0.0027494057967869185,0.9513115702510565,-0.08066384879795764,0.8240491561119501,0.1275308512633067,0.23602875581595417,0.9967266517932953,False
Muscle_Mass_kg,Phenylalanine,Group_8C vs Group_15C (Reference),0.007925004111664883,0.5822497799854602,-0.020311100579426727,0.0361611088027565,0.07428340898553354,-0.11857421414248015,-0.0020815005968827438,0.8554738501802104,0.004467287158185698,0.8417265252349022,0.0058435035147821396,0.505301456913517,0.9967266517932953,False
Muscle_Mass_kg,Lysine,Group_22C vs Group_15C (Reference),-0.2007946991499353,0.5823274097139308,-0.9163560853306997,0.5147666870308291,0.20942903651003053,0.04472675244962032,0.11077187643344617,0.6771628383298778,-0.09002282271648913,0.7187804977751613,0.00915712683944675,0.9036761757042335,0.9967266517932953,False
BMI_kg·m2,L-Proline,Group_8C vs Group_22C Contrast,-0.5955631492503125,0.582633343388318,-2.7197013111074004,1.5285750126067756,0.33147953224482407,0.19220443479582916,0.2466579669032583,0.5197182342131208,1.0475145139057664,0.01189496210660157,0.4519513646554539,0.6514759547757507,0.9967266517932953,False
VO2max_ml_per_kg_per_min,Alanine,Group_22C vs Group_15C (Reference),0.24841702772579166,0.5828366504685889,-0.6380499485886426,1.134884004040226,0.12153903746971517,-0.06147366305742752,-0.13204132948699707,0.11564247518233237,0.1163756982387946,0.7934354045379983,-0.05885700481746607,0.42739853774039815,0.9967266517932953,False
Body_Density_kg_per_m3,L-Alanine,Group_8C vs Group_22C Contrast,203.4563251528666,0.582970873839505,-522.84204241774,929.7546927234732,0.2242359632577915,0.06261845560316481,-192.02356622002276,0.10742662645681123,15.988823434006463,0.9589703679334987,219.44514858687307,0.27684986170732806,0.9967266517932953,False
Age_years,Arachidonic_acid1,Group_8C vs Group_22C Contrast,0.08884181135560643,0.5829854133560581,-0.22831791588555428,0.40600153859676713,0.07069525957853362,-0.12290989467593838,-0.011283924798639898,0.8210894878826362,-0.0994765806249985,0.43064997968282537,-0.010634769269392077,0.9163473416748011,0.9967266517932953,False
VO2max_ml_per_kg_per_min,Oxalic_acid,Group_22C vs Group_15C (Reference),-0.2531909634579476,0.5836252994776192,-1.1585875782261104,0.652205651310215,0.3964847774374609,0.2707524394035986,0.14225673593316523,0.3540968620312005,-0.11093422752478238,0.799019435945127,-0.26246132994513355,0.2767242373085108,0.9967266517932953,False
Weight_kg,1-Monooleoylglycerol,Group_8C vs Group_22C Contrast,0.06354692819778307,0.5838977812704684,-0.16386212043129406,0.2909559768268602,0.3272130977316182,0.18704915975903869,0.16819920128543003,0.0004806209285121751,-0.15935395817996972,0.1241678536621531,-0.09580702998218665,0.06619388823700767,0.9967266517932953,False
Max_Watts_W,Campesterol,Group_22C vs Group_15C (Reference),-0.024263241806480727,0.5841316089593905,-0.11114409296768504,0.0626176093547236,0.11563679333750831,-0.068605541383844,0.0031614331249377394,0.7637274969732895,-0.02110180868154299,0.6241103848708571,-0.00035437909105108696,0.977876594291782,0.9967266517932953,False
VO2max_ml_per_kg_per_min,Aminomalonic_acid,Group_22C vs Group_15C (Reference),0.2507874328213213,0.5843700778572807,-0.6477921225326726,1.1493669881753152,0.3013218641076745,0.15576391913010668,-0.033427619712008784,0.7991837554962067,0.21735981310931254,0.6206990178885203,0.028404194169587248,0.9292430948618291,0.9967266517932953,False
BSA_m2,Serine,Group_8C vs Group_22C Contrast,-7.054751948156258,0.584851660949657,-32.365051106543945,18.255547210231427,0.08185629295712238,-0.10942364601014365,0.047171449933702495,0.9887879976566509,-0.06238516184860719,0.9958908948371885,-7.117137110004865,0.11166941592512547,0.9967266517932953,False
Body_Density_kg_per_m3,Doconexent,Group_22C vs Group_15C (Reference),27.117924731377947,0.5849994151246936,-70.2094319639049,124.44528142666081,0.15648943134821514,-0.019241937120906716,-37.060321341311784,0.08300090694955661,-9.942396609933837,0.8244474043087335,55.90743844290869,0.3986524900201007,0.9967266517932953,False
VO2max_ml_per_kg_per_min,"9-Hexadecenoic_acid,_Z-",Group_8C vs Group_15C (Reference),0.050552574901500405,0.585329213990037,-0.13104224393812047,0.23214739374112126,0.27171993847898124,0.11999492566210235,-0.014160780994994604,0.7903033931026353,0.20264477915941487,0.02925817208635717,0.0363917939065058,0.6312411434081178,0.9967266517932953,False
BMI_kg·m2,1H-Indole-3-Acetic_Acid,Group_22C vs Group_15C (Reference),0.15667151114011893,0.5853647516368436,-0.406176775063108,0.7195197973433458,0.048453618588525704,-0.14978521087219798,0.047431107045418856,0.7439399556769055,0.2041026181855378,0.4100485468804016,-0.03802184136843558,0.7920573614200981,0.9967266517932953,False
Muscle_Mass_kg,2-Keto-3-methylvaleric_acid,Group_22C vs Group_15C (Reference),-0.14916745666852327,0.5853769585891492,-0.6850745851682367,0.3867396718311902,0.10727133824793778,-0.07871379961707503,0.20983405059057803,0.41229265086982225,0.06066659392205476,0.5283740332373623,0.0010984982202565108,0.9873273916049305,0.9967266517932953,False
Height_m,Citric_acid,Group_8C vs Group_15C (Reference),-28.579054405254695,0.5858017137728351,-131.37010103820404,74.21199222769464,0.19414934874526824,0.026263796400532557,25.285824218464594,0.5688921686696186,36.67919461306186,0.49275437171742653,-3.293230186790101,0.9061592533724117,0.9967266517932953,False
Body_Density_kg_per_m3,Glycerol,Group_8C vs Group_15C (Reference),132.46083942374042,0.5861401964762558,-344.395184352683,609.3168632001639,0.04691623317719573,-0.1516428849108884,1.721059820033156,0.9911645612017296,66.61134795030513,0.6805137369526373,134.1818992437736,0.4734807887290242,0.9967266517932953,False
Age_years,"2,3-Butanediol",Group_8C vs Group_15C (Reference),-0.17597556380778925,0.586154737488978,-0.8095082049415084,0.45755707732593,0.07662273370557815,-0.11574753010575978,0.17484983580635102,0.33805577801083686,-0.03571354317897832,0.7930785249938186,-0.001125728001438231,0.9966331770355552,0.9967266517932953,False
VO2max_ml_per_kg_per_min,Glutamine_[-H2O],Group_8C vs Group_22C Contrast,0.10687196866620205,0.5863333809070831,-0.2780702925480242,0.4918142298804282,0.27961799035545987,0.1295384050128474,0.10329739980793652,0.023542451857919963,-0.14875213195948928,0.4325156024458898,-0.04188016329328721,0.41636477804224925,0.9967266517932953,False
VO2max_ml_per_kg_per_min,"1,5-Anhydrohexitol",Group_22C vs Group_15C (Reference),-0.14532769297776493,0.586987968608919,-0.6696905288140752,0.37903514285854534,0.34687602722153366,0.21080853289268653,0.12314248146180008,0.5945887761689956,-0.02218521151596485,0.868795762629538,-0.682293956360144,0.0044375714356126306,0.9967266517932953,False
Body_Density_kg_per_m3,Glyceric_acid,Group_22C vs Group_15C (Reference),172.84882630585895,0.5872019439284628,-451.17116656687296,796.8688191785909,0.11568599891923415,-0.06854608463925871,-68.02069287903333,0.7222310967297353,104.82813342682562,0.6803744244803911,249.2348593825741,0.34891409511236615,0.9967266517932953,False
VO2max_ml_per_kg_per_min,Lactic_Acid,Group_22C vs Group_15C (Reference),-0.11964232964972668,0.5884214438244944,-0.5529889081200238,0.31370424882057035,0.1469125778262017,-0.03081396846000617,0.004431997805751774,0.9718194562276338,-0.1152103318439749,0.5268494507129526,-0.3475199592195343,0.44418561148789726,0.9967266517932953,False
VO2max_ml_per_kg_per_min,Indole-3-Latic_Acid,Group_8C vs Group_22C Contrast,-0.019769102432810576,0.5887738476355824,-0.09144216239242017,0.05190395752679902,0.4376690864417593,0.3205168127837925,0.06951786402180864,0.012807203831770338,-0.009871245873935022,0.7477077914934127,-0.029640348306745598,0.13608728066185027,0.9967266517932953,False
Body_Fat__Percent,Methionine,Group_8C vs Group_15C (Reference),0.06112432335281969,0.5891879330824497,-0.16072483436738674,0.2829734810730261,0.2903327380094729,0.14248539176144648,-0.016102406032141033,0.7166109280231399,0.31557084871166186,0.18218518351895918,0.04502191732067866,0.6654950676609526,0.9967266517932953,False
Weight_kg,L-Aspartic_acid,Group_8C vs Group_22C Contrast,-0.23731071790318958,0.5893756873580274,-1.0990741201008267,0.6244526842944476,0.13016284181502047,-0.05105323280685026,-0.05455187223678448,0.6628956556153509,0.13955627193580467,0.421392303797099,-0.09775444596738493,0.8087887884615983,0.9967266517932953,False
Skinfold_Thickness_mm,1-Monopalmitin,Group_8C vs Group_15C (Reference),-0.013389895934372467,0.5896547711482644,-0.06204916461379645,0.035269372745051514,0.16190107914784635,-0.012702862696352346,0.014269585487713881,0.34520117011408313,-0.01563270819416572,0.3085732386330797,0.0008796895533414138,0.9643711592562216,0.9967266517932953,False
Body_Fat__Percent,Doconexent,Group_22C vs Group_15C (Reference),-0.06168613123855923,0.5899446892819962,-0.28603009986335626,0.16265783738623776,0.1557538445743365,-0.02013077113934325,0.08436547376550722,0.08498153510035371,0.02267934252694799,0.8264789846174596,-0.12905721394343656,0.41160936964640493,0.9967266517932953,False
Body_Fat__Percent,L-Alanine,Group_8C vs Group_22C Contrast,-0.4629408271566741,0.590118895715366,-2.147412880777076,1.2215312264637277,0.22140454234009666,0.059197155327616824,0.43335688202384026,0.11273702051959601,-0.04254599199935466,0.9529085621992597,-0.5054868191560288,0.28068652151440365,0.9967266517932953,False
Height_m,Oxalic_acid,Group_8C vs Group_22C Contrast,-26.197825663044206,0.5901259624737112,-121.52392674894568,69.12827542285726,0.4264003341224658,0.3069004037313129,29.877727810536424,0.4616417999731215,42.980396663271435,0.23387468384020682,16.782571000227236,0.6065429414231078,0.9967266517932953,False
Skinfold_Thickness_mm,Glycolic_acid,Group_22C vs Group_15C (Reference),-0.03978640537062564,0.5902689078704201,-0.18461033444074987,0.10503752369949859,0.09955060288471163,-0.08804302151430665,0.014765689236427218,0.5381433376106107,-0.02502071613419842,0.7203424821642517,-0.014641723463077948,0.7388091283353531,0.9967266517932953,False
BSA_m2,Glutamic_Acid,Group_8C vs Group_15C (Reference),1.2236835606590026,0.5908632445097065,-3.2377011261468778,5.6850682474648835,0.06490215273789945,-0.129909898775038,-0.6695235973574649,0.5543872058674223,2.5428609202239967,0.35044719727658435,0.5541599633015377,0.7789774360567516,0.9967266517932953,False
Weight_kg,Arachidonic_acid1,Group_22C vs Group_15C (Reference),-0.056373000217461694,0.5913872227510266,-0.26219178518971265,0.14944578475478928,0.046334821948207594,-0.15234542347924918,0.01764172761911596,0.7747189622860332,-0.03873127259834573,0.6487006145596204,-0.06456653466626844,0.42996720860150495,0.9967266517932953,False
Muscle_Mass_kg,2-OH-Butanoic_Acid,Group_8C vs Group_22C Contrast,-0.022199919915987004,0.5920178062167583,-0.10339171868839579,0.05899187885642178,0.041849891226196645,-0.15776471476834564,0.054659436371586025,0.712260550430978,0.025608413105708664,0.33678138950946757,0.0034084931897216605,0.914387192759134,0.9967266517932953,False
Skinfold_Thickness_mm,L-5-Oxoproline,Group_22C vs Group_15C (Reference),0.058666590449546266,0.5922662789950528,-0.15603488503509988,0.27336806593419244,0.2772153328797734,0.12663519389639288,-0.029386841265467818,0.5520470156930106,0.029279749184078448,0.7645649320386259,0.03587360716216865,0.711908365362349,0.9967266517932953,False
Skinfold_Thickness_mm,L-Proline,Group_8C vs Group_22C Contrast,-0.04884634209803144,0.5936674375978721,-0.22829081355010108,0.13059812935403822,0.3161403212417634,0.17366955483379742,0.027571232792986462,0.3253473500123556,0.08630413444953111,0.03194984338464524,0.037457792351499666,0.648766556960485,0.9967266517932953,False
BMI_kg·m2,3-OH-Butanoic_Acid,Group_8C vs Group_22C Contrast,0.3221884634679074,0.5937646895808106,-0.8617317200215232,1.5061086469573381,0.09084629188916571,-0.09856073063392468,-0.11023452280027975,0.6307307974633642,-0.34178140806210433,0.5657377624741857,-0.019592944594196873,0.850037084060614,0.9967266517932953,False
Muscle_Mass_kg,"R*,R*-2,3-Dihydroxybutanoic_acid",Group_22C vs Group_15C (Reference),-0.10240521945103655,0.5942602441533147,-0.47920430044256734,0.2743938615404943,0.35933714979022,0.2258657226631826,0.2099716374715048,0.26575361435488487,0.10756641802046825,0.003564500641948909,-0.2166290062787117,0.03693731491486485,0.9967266517932953,False
Skinfold_Thickness_mm,L-Aspartic_acid,Group_22C vs Group_15C (Reference),0.039723831801477996,0.5945086776513292,-0.10653816633612063,0.18598582993907664,0.08214311001143892,-0.1090770754028445,-0.00024266902415210243,0.9903872009051771,0.03948116277732589,0.5826940491913528,0.015886424347641558,0.7959897932554503,0.9967266517932953,False
Skinfold_Thickness_mm,Palmitic_Acid,Group_22C vs Group_15C (Reference),0.01390867155185296,0.5948787154067674,-0.037354107058783975,0.0651714501624899,0.19415051986475074,0.02626521150324057,-0.0029034197231989985,0.6339686786684076,0.011005251828653962,0.6652366305472288,-0.004112107324969512,0.42860610614456496,0.9967266517932953,False
VO2max_ml_per_kg_per_min,1-Monopalmitin,Group_8C vs Group_15C (Reference),-0.05485754180453424,0.5949819797699314,-0.2571010529377709,0.14738596932870246,0.1657109099597518,-0.008099317131966544,-0.012256298166622055,0.8271635532335682,0.12846004178815992,0.01885465085297744,-0.0671138399711563,0.4382580827490685,0.9967266517932953,False
Max_Watts_W,Glycerol-3-P,Group_8C vs Group_15C (Reference),0.013073519070709935,0.5954056144667272,-0.035180171744138566,0.06132720988555844,0.17214843727397866,-0.0003206382939424657,-0.021179485118146952,0.06391920909675629,-0.01910973882307094,0.7118859295160263,-0.008105966047437017,0.7100785153953273,0.9967266517932953,False
VO2max_ml_per_kg_per_min,"11-Eicosenoic_acid,_E-",Group_8C vs Group_15C (Reference),0.04817725521810161,0.5956672529088356,-0.12976904287098,0.22612355330718326,0.09693961052358824,-0.0911979706173307,-0.011626496341654495,0.8440529302391959,0.04088095382694529,0.7250249909723132,0.03655075887644711,0.5958659840800071,0.9967266517932953,False
Age_years,Alanine,Group_22C vs Group_15C (Reference),0.09408506828229005,0.5962705915697253,-0.25399605306709383,0.442166189631674,0.08396664454472447,-0.10687363784179116,0.011421096171919977,0.8799256263813469,0.10550616445421002,0.5114733476776587,-0.08071683903189017,0.399338717715918,0.9967266517932953,False
Muscle_Mass_kg,Glutamine_[-H2O],Group_8C vs Group_15C (Reference),0.06513580742849161,0.5964148477265777,-0.17593805896520004,0.3062096738221833,0.11326421823547206,-0.0714724029654712,-0.03657582736475887,0.7465988802826777,0.03318883565694547,0.7805554686614444,0.02855998006373274,0.5528820174688593,0.9967266517932953,False
Age_years,Linoleic_Acid,Group_8C vs Group_22C Contrast,0.11230280278911056,0.596569583689641,-0.3035234645968966,0.5281290701751178,0.2633814643770207,0.10991926945556674,0.23928421927165638,0.030730411581370902,-0.03570608952039006,0.7498606783217223,0.0765967132687205,0.6707688206426039,0.9967266517932953,False
Body_Density_kg_per_m3,Arachidonic_acid,Group_22C vs Group_15C (Reference),-25.075964376735087,0.5967460332109054,-117.96827157986286,67.81634282639268,0.2865626252671728,0.1379298388645005,-25.766614920203175,0.017863112042590463,-50.84257929693826,0.2703864579268813,19.29270788121154,0.6048659007857538,0.9967266517932953,False
Max_Watts_W,1H-Indole-3-Acetic_Acid,Group_8C vs Group_15C (Reference),-0.008182864084725829,0.5967721389897149,-0.03849791735515096,0.022132189185699303,0.13992569870425997,-0.03925644739901912,-0.005432715438647189,0.49733561586512365,-0.010302624861538722,0.5435093554918058,-0.013615579523373018,0.30358311063297183,0.9967266517932953,False
Skinfold_Thickness_mm,Ornithine,Group_22C vs Group_15C (Reference),0.011012289606636848,0.5968452330700833,-0.02979306224383957,0.05181764145711326,0.10763885072927915,-0.07826972203545424,-0.0025021071859994415,0.7679204090273801,0.008510182420637407,0.6544710865503265,0.0060225112874096355,0.4687809892977035,0.9967266517932953,False
VO2max_ml_per_kg_per_min,Doconexent,Group_8C vs Group_15C (Reference),0.052145063922282874,0.5969637222301283,-0.1411376264038385,0.24542775424840427,0.05594523116167616,-0.14073284567964128,-0.03386949638125106,0.3121058475611138,0.029246714924560532,0.8212174357888109,0.018275567541031816,0.8437927254711453,0.9967266517932953,False
Max_Watts_W,"R*,R*-2,3-Dihydroxybutanoic_acid",Group_8C vs Group_22C Contrast,-0.037298734601949456,0.5973179993797728,-0.17568767595251972,0.10109020674862079,0.18673145939950409,0.017300513441067533,0.01625687545968301,0.4351388932349072,0.019508875998457614,0.7551701610745467,-0.017789858603491845,0.5867543349980626,0.9967266517932953,False
BSA_m2,2-Aminoheptanedioic_acid,Group_8C vs Group_22C Contrast,-10.755373771151968,0.5975265894800841,-50.68359424197673,29.172846699672796,0.06723235515511483,-0.12709423752090276,-8.473472659760198,0.03829121270799534,3.020262361336316,0.8532395994094979,-7.7351114098156515,0.525494655492605,0.9967266517932953,False
BMI_kg·m2,Palmitic_Acid,Group_22C vs Group_15C (Reference),0.21770550664434216,0.5977830478464053,-0.5910549295160383,1.0264659428047227,0.2777567644688791,0.12728942373322893,0.016425545340440186,0.8752417816126467,0.23413105198478235,0.5574976335654291,-0.009978907802806709,0.8689369437974386,0.9967266517932953,False
Max_Watts_W,1-Heptadecanol,Group_22C vs Group_15C (Reference),-0.032091785670973066,0.5978303369862903,-0.15132587579510057,0.08714230445315443,0.20327634221789037,0.03729224684661758,-0.012489932807489059,0.11137336263327109,-0.04458171847846212,0.4599053241719515,0.013831838157673327,0.28973984861002666,0.9967266517932953,False
Skinfold_Thickness_mm,"Ethanolamine,_3TMS",Group_8C vs Group_15C (Reference),-0.046296984928718615,0.5981205770478606,-0.21844560584918715,0.12585163599174992,0.17415006028579616,0.002097989512003795,0.005441580949601991,0.9041756213697543,0.07483583740097023,0.24334375336157987,-0.040855403979116627,0.5874731101418342,0.9967266517932953,False
Skinfold_Thickness_mm,Glycine,Group_22C vs Group_15C (Reference),0.060063143469410385,0.5982370064269615,-0.16334400221200987,0.2834702891508306,0.11206304077182327,-0.07292382573404677,0.016398972329285725,0.4449006526872893,0.0764621157986961,0.49458908321306594,0.003244439705640062,0.8871892329830173,0.9967266517932953,False
Age_years,Indole-3-Latic_Acid,Group_22C vs Group_15C (Reference),-0.024873725783970506,0.598647840885111,-0.11749646533064595,0.06774901376270492,0.32858913567368997,0.1887118722723754,0.026857123551349272,0.47086032648565557,0.001983397767378766,0.9456344417664169,0.048602228269583145,0.1837015487814635,0.9967266517932953,False
Body_Fat__Percent,Arachidonic_acid,Group_22C vs Group_15C (Reference),0.05750013783708984,0.598661073800407,-0.15662190767909565,0.2716221833532753,0.2845882609270436,0.13554414862017772,0.05889536350326753,0.016197995112128036,0.11639550134035737,0.27428022009219966,-0.04395072011434188,0.6173638346823638,0.9967266517932953,False
Muscle_Mass_kg,Glycine,Group_22C vs Group_15C (Reference),0.10551310712928723,0.5987233563698098,-0.28746910567440315,0.49849531993297763,0.04178739409189669,-0.15784023213895804,-0.0866132862784651,0.6172729193447929,0.018899820850822133,0.8512725015706728,-0.07557226169343322,0.3033672226405453,0.9967266517932953,False
Skinfold_Thickness_mm,L-Alanine,Group_22C vs Group_15C (Reference),-0.06910174340620229,0.5989379549036765,-0.3266214515177748,0.1884179647053702,0.15356042520123714,-0.022781152881838462,0.045761114269308366,0.3605541202375714,-0.02334062913689392,0.8476408777257585,-0.06812926595011842,0.3175781583273225,0.9967266517932953,False
Skinfold_Thickness_mm,Butanoic_acid,Group_22C vs Group_15C (Reference),0.019674033599745504,0.599134296254008,-0.053684098206823135,0.09303216540631415,0.20947838047478307,0.04478637640702965,0.016093913836136852,0.2740554292116143,0.03576794743588235,0.2986551501157946,-0.04546528574181326,0.2344390453894718,0.9967266517932953,False
Body_Density_kg_per_m3,L-Proline,Group_8C vs Group_22C Contrast,112.59586775503199,0.5994451421502198,-307.60308797474363,532.7948234848076,0.25211874685877833,0.09631015245435726,-63.11958360948113,0.39698123104706107,-193.82805020085038,0.06207155582725532,-81.23218244581838,0.6649017052995099,0.9967266517932953,False
Height_m,Glyceric_acid,Group_8C vs Group_15C (Reference),-34.61048973202099,0.5996438435051196,-163.84208673837836,94.62110727433637,0.08355869180877507,-0.10736658073106331,50.95230795988515,0.348557293251192,-16.309611272199135,0.7153088756889758,16.34181822786416,0.6614958613210749,0.9967266517932953,False
BMI_kg·m2,Oleic_Acid,Group_8C vs Group_22C Contrast,-0.4272188031327781,0.5996804890409192,-2.0225943091353904,1.1681567028698343,0.16406696059684545,-0.010085755945478336,0.02220415279395274,0.8768019057526084,0.059106608460021186,0.8956689920523588,-0.3681121946727569,0.5870494572601053,0.9967266517932953,False
Skinfold_Thickness_mm,Stearic_Acid,Group_8C vs Group_22C Contrast,-0.01675468445739491,0.6002719639667036,-0.07942374749306771,0.045914378578277903,0.09980803459915433,-0.08773195819268853,0.004598097498039578,0.35009987116403274,0.01453681167162054,0.6287632238072289,-0.0022178727857743684,0.8383995535012612,0.9967266517932953,False
Muscle_Mass_kg,alpha-D-Glucopyranoside,Group_8C vs Group_15C (Reference),0.11541439050094657,0.6003075293011471,-0.31631469874079754,0.5471434797426906,0.01383314997198315,-0.19161827711718704,-0.09853941376972704,0.5739103956226455,-0.0011712363628628014,0.9881146796253211,0.01687497673121953,0.8993790249430007,0.9967266517932953,False
Max_Watts_W,beta-D-Xylopyranose,Group_22C vs Group_15C (Reference),0.07162791892831177,0.6013274676114402,-0.19706137633645354,0.3403172141930771,0.0927665876245245,-0.09624037328703272,-0.016458421272910456,0.6060094911657864,0.055169497655401314,0.6790190275383354,-4.991513149537816e-05,0.9981655807079672,0.9967266517932953,False
Max_Watts_W,1-Monopalmitin,Group_8C vs Group_22C Contrast,-0.01763273068305934,0.6018188005440122,-0.08386697418987678,0.04860151282375809,0.14879761832248384,-0.02853621119366534,0.0036190894911074774,0.8278904784151813,0.00543699811538453,0.8671418065155845,-0.01219573256767481,0.18767446370626018,0.9967266517932953,False
Muscle_Mass_kg,D---Ribofuranose,Group_8C vs Group_15C (Reference),0.2566359652227385,0.6018496205743984,-0.7074358456942249,1.2207077761397018,0.11583289813757869,-0.06836858141709246,-0.18138680708623614,0.690792933244484,-0.018507134780441636,0.9109273862539655,0.07524915813650238,0.6832627475303916,0.9967266517932953,False
Age_years,L-+-Erythrulose,Group_8C vs Group_15C (Reference),0.19310534048128072,0.6019793853943769,-0.5325681968847511,0.9187788778473125,0.2598088036768893,0.10560230444290797,-0.28095405584116845,0.013562263944960384,0.030688264843253266,0.8645390307010692,-0.08784871535988772,0.803096680332942,0.9967266517932953,False
BMI_kg·m2,Palmitelaidic_acid,Group_8C vs Group_15C (Reference),-0.39153693757704955,0.6021382274602536,-1.863543324274385,1.0804694491202862,0.19396688204020018,0.02604331579857533,-0.014818580038509903,0.9692839158944392,-0.992460099570187,0.1925533662909371,-0.40635551761555944,0.5286567995672831,0.9967266517932953,False
Height_m,Ornithine,Group_8C vs Group_15C (Reference),8.61924728573368,0.6025071065289067,-23.818273783549024,41.05676835501638,0.15095046015306557,-0.025934860648379132,-10.867455736821068,0.45198999892976055,-3.807762253864615,0.17580627267350213,-2.248208451087388,0.7805490362987677,0.9967266517932953,False
Max_Watts_W,2-Aminoadipic_acid,Group_8C vs Group_22C Contrast,0.050210624526581975,0.6028940506474092,-0.13895631962768937,0.23937756868085333,0.09571743797969401,-0.09267476244120298,-0.00996735330668638,0.717109565206596,-0.05826839939077441,0.5372431714878174,-0.008057774864192431,0.6855188265450838,0.9967266517932953,False
Muscle_Mass_kg,L-5-Oxoproline,Group_8C vs Group_22C Contrast,0.10199310740778582,0.6038462998308296,-0.28327424913841825,0.4872604639539899,0.2495852670265961,0.09324886432380375,0.13240887945218513,0.762990412253159,-0.07252134903938529,0.2924767270814361,0.029471758368400533,0.8728119218576182,0.9967266517932953,False
BSA_m2,Arachidonic_acid,Group_8C vs Group_22C Contrast,-1.5474652593226572,0.6039727479557873,-7.394882394550629,4.299951875905314,0.3717054728738448,0.24081077972256248,4.710526487739145,3.387793298940961e-09,3.184638225981459,0.2065645030741674,1.637172966658802,0.30461752598172853,0.9967266517932953,False
BMI_kg·m2,Diethanolamine,Group_22C vs Group_15C (Reference),0.7904274774978998,0.6040965299598896,-2.19733337825823,3.7781883332540294,0.23684806802313307,0.0778580821946192,0.03372055606456995,0.9632307700057345,0.8241480335624697,0.5377525945001618,0.3527234312527464,0.6421597779921964,0.9967266517932953,False
BMI_kg·m2,"1,5-Anhydrohexitol",Group_8C vs Group_22C Contrast,0.6071239785793014,0.6041062751262996,-1.6878664147413673,2.9021143718999705,0.15154652458693463,-0.02521461612412068,-0.2005988195187211,0.6968462178115635,0.3451258174631256,0.00015168823723477054,0.952249796042427,0.4146565250769363,0.9967266517932953,False
Skinfold_Thickness_mm,Aminomalonic_acid,Group_8C vs Group_22C Contrast,0.044512769701461244,0.6042269236965823,-0.1238061739036732,0.21283171330659567,0.3098810614196388,0.16610628254873028,0.021100275393921765,0.5659964677779294,-0.04725115196312705,0.5162456589228117,-0.002738382261665801,0.9520808356959762,0.9967266517932953,False
Body_Density_kg_per_m3,Methionine,Group_8C vs Group_15C (Reference),-25.580275706811168,0.6042344545270014,-122.30882284509515,71.14827143147282,0.291348702032858,0.14371301495637012,6.778050349932668,0.7309872035115594,-137.43410596011017,0.1844077113237792,-18.802225356878502,0.6777191748912428,0.9967266517932953,False
Body_Density_kg_per_m3,Erythritol,Group_22C vs Group_15C (Reference),-145.95519821222246,0.6045981437489264,-698.421767350749,406.511370926304,0.2523837724922884,0.09663039176151522,71.55947214478917,0.37388950591172787,-74.39572606743329,0.7830143932915132,289.4289980305799,0.06470207519455773,0.9967266517932953,False
Weight_kg,beta-D-Xylopyranose,Group_8C vs Group_22C Contrast,0.1947746060698624,0.6046190096884863,-0.5425382939718455,0.9320875061115703,0.0799417312344558,-0.11173707475836592,0.03152331224004076,0.8666936910428586,-0.0801088292027849,0.18812622051057537,0.1146657768670775,0.7574080284351243,0.9967266517932953,False
Body_Density_kg_per_m3,Campesterol,Group_8C vs Group_15C (Reference),28.705199695548025,0.6046671558658523,-79.96987984228181,137.38027923337788,0.19950052590656897,0.03272980213710419,12.258254889696547,0.732577043536166,82.31158005552258,0.4152012767408517,40.96345458524457,0.33259480534911323,0.9967266517932953,False
Weight_kg,Tyrosine,Group_22C vs Group_15C (Reference),0.053545181280768586,0.6049382680853519,-0.1493238701818434,0.2564142327433806,0.17167315319356424,-0.0008949398911097806,0.029445853702568588,0.44484972440065007,0.08299103498333718,0.38763409840881446,0.04417567602078192,0.7244789468274924,0.9967266517932953,False
Body_Fat__Percent,Campesterol,Group_8C vs Group_15C (Reference),-0.0657459102614643,0.605398456979179,-0.315158248372989,0.18366642785006038,0.19926496064714694,0.03244516078196924,-0.02902609272665262,0.7190783640029053,-0.18921313512360016,0.42452377537173636,-0.09477200298811692,0.33545328344321534,0.9967266517932953,False
BSA_m2,L-Proline,Group_22C vs Group_15C (Reference),7.049245810763818,0.6056388017477787,-19.710456622118574,33.80894824364621,0.33504085485620416,0.19650769961791337,4.913097906133729,0.40188822232997545,11.962343716897546,0.3319991494327017,15.715078248491626,0.00021745744192624983,0.9967266517932953,False
Max_Watts_W,Arachidonic_acid,Group_8C vs Group_15C (Reference),0.0034104261834298397,0.6062730645992396,-0.009558731376011757,0.016379583742871438,0.12403246778611332,-0.05846076809177969,-0.005673210172379737,0.012125966421906057,0.006089367906157715,0.7580680360293175,-0.002262783988949897,0.7159497410133921,0.9967266517932953,False
Max_Watts_W,Nonanoic_acid,Group_8C vs Group_15C (Reference),0.011544264954476607,0.6070152574336823,-0.0324468766507644,0.055535406559717615,0.17006570409316468,-0.0028372742207591894,-0.007997964845979685,0.6714899830547929,0.01611755307539344,0.838827589376157,0.003546300108496922,0.7707631265373605,0.9967266517932953,False
BSA_m2,4-Aminobutanoic_acid,Group_8C vs Group_15C (Reference),-3.3555406736563387,0.6070281847895382,-16.142788127246014,9.431706779933336,0.11032004093000503,-0.07502995054291062,-2.8450153062169856,0.4828273840709698,7.767918297087334,0.19035552869911232,-6.200555979873324,0.22512780256306808,0.9967266517932953,False
Muscle_Mass_kg,1-Monooleoylglycerol,Group_22C vs Group_15C (Reference),-0.13458482859684637,0.6070955212988802,-0.6475548830292382,0.37838522583554546,0.13462229502168066,-0.045664726848802406,0.0877518329056194,0.6680914326086258,-0.04683299569122697,0.7740535576427767,-0.11214406099399936,0.13891054018702675,0.9967266517932953,False
Max_Watts_W,Erythritol,Group_8C vs Group_22C Contrast,0.028399245973024997,0.6076016031248851,-0.07999904208694004,0.13679753403299005,0.12469655689151604,-0.05765832708941798,0.009312915485372235,0.6997660904772144,0.015306972240000974,0.6461627357152127,0.04370621821302597,0.3219268880130737,0.9967266517932953,False
Weight_kg,Proline,Group_8C vs Group_15C (Reference),-0.050734604644183605,0.6080759985269322,-0.2446382243574768,0.1431690150691096,0.2528627897079696,0.09720920423046331,0.07291171250820042,0.23423932517626778,0.16926950121705153,0.246797374794953,0.02217710786401681,0.7751983930700281,0.9967266517932953,False
Max_Watts_W,"Ethanolamine,_2TMS",Group_8C vs Group_15C (Reference),0.030825727089803613,0.6080970464936571,-0.08699466003392253,0.14864611421352977,0.17619920085764873,0.004574034369658975,0.0005391292513806275,0.9911085018236586,0.10714930750925045,0.29520064681619407,0.031364856341184244,0.37939375175670564,0.9967266517932953,False
Muscle_Mass_kg,Indole-3-Propionic_Acid,Group_8C vs Group_15C (Reference),-0.03150142353769181,0.6084048737758642,-0.15200781226779547,0.08900496519241184,0.1804844365487399,0.009752027496394144,0.03652900886645254,0.5395290952991554,0.04918653302898499,0.29051834020804,0.005027585328760735,0.7431097742999384,0.9967266517932953,False
Max_Watts_W,L-+-Erythrulose,Group_8C vs Group_22C Contrast,0.03894015424576781,0.6087607531603187,-0.11017328966308879,0.18805359815462439,0.21127695696320192,0.04695965633053567,0.0055159021983751015,0.9036368362887746,-0.07477203595078911,0.2725163130297692,-0.0358318817050213,0.2895223560210216,0.9967266517932953,False
Height_m,Asparagine,Group_8C vs Group_22C Contrast,-23.140180064129105,0.6088132693357513,-111.76380995767374,65.48344982941552,0.10502234372131647,-0.0814313346700759,-31.34108067501846,0.36103986313182246,2.8696307782804453,0.9462904032189039,-20.27054928584866,0.1812941921748612,0.9967266517932953,False
Skinfold_Thickness_mm,Diethanolamine,Group_8C vs Group_22C Contrast,-0.09182741271413382,0.608823334229097,-0.44352334945284816,0.25986852402458055,0.23450053344839372,0.07502147791680913,-0.003916212702578625,0.9578580462941789,0.08830241578007282,0.5371830856521755,-0.0035249969340610003,0.9740255140360192,0.9967266517932953,False
Age_years,Tyrosine,Group_22C vs Group_15C (Reference),0.05759084773952826,0.609036726053483,-0.1631075960340469,0.27828929151310344,0.18488224927340502,0.015066051205364417,0.031191673294728054,0.21822841098306123,0.08878252103425631,0.4184008923399811,-0.057693468016376245,0.28291862430848935,0.9967266517932953,False
Max_Watts_W,Tyrosine,Group_22C vs Group_15C (Reference),-0.01638118704978139,0.6101234662620191,-0.07934786950068531,0.04658549540112253,0.14095246898642633,-0.03801576664140138,-0.008099333334833186,0.4164225475522483,-0.024480520384614575,0.4228115175121865,0.007115251420116738,0.49523812769535147,0.9967266517932953,False
Body_Fat__Percent,Erythritol,Group_22C vs Group_15C (Reference),0.3334985297069188,0.6102152514369327,-0.948746304758866,1.6157433641727037,0.25245953720891934,0.0967219407941109,-0.16104199050565582,0.38186416230778386,0.17245653920126297,0.783534588892516,-0.6726165447106403,0.062580108800937,0.9967266517932953,False
Weight_kg,1-Monopalmitin,Group_8C vs Group_22C Contrast,0.028186535818659965,0.6111699680754741,-0.08047822250424816,0.1368512941415681,0.13781351321349378,-0.04180867153369494,0.024920566363194716,0.7210358101155667,-0.05166073325554675,0.14518061666503268,-0.023474197436886786,0.581750702951332,0.9967266517932953,False
Body_Fat__Percent,Diethanolamine,Group_22C vs Group_15C (Reference),0.4461359022454975,0.6115846951200138,-1.2757790530507127,2.1680508575417075,0.24506911605423687,0.08779184856553623,0.07964370284428826,0.8548192502835357,0.5257796050897857,0.49084001747389583,-0.07488510995889897,0.8909206220945161,0.9967266517932953,False
Body_Density_kg_per_m3,Diethanolamine,Group_22C vs Group_15C (Reference),-192.31873450127964,0.6118920229013041,-935.2369116750195,550.5994426724602,0.24685121044740688,0.08994521262395005,-37.91760507418083,0.8428622776252945,-230.23633957546048,0.4817075231617962,33.7281207293027,0.883855050539387,0.9967266517932953,False
Body_Fat__Percent,L-Proline,Group_8C vs Group_22C Contrast,-0.2533177194222621,0.6120410964672673,-1.2323000718701373,0.725664633025613,0.2530260544833782,0.09740648250074879,0.1456429205045217,0.3955280908352522,0.4447666981429664,0.062343133563865116,0.19144897872070427,0.6626117533641107,0.9967266517932953,False
Muscle_Mass_kg,alpha-D-Glucopyranoside,Group_22C vs Group_15C (Reference),0.09736817740686424,0.6122009726262021,-0.27908721392531555,0.4738235687390441,0.01383314997198315,-0.19161827711718704,-0.09853941376972704,0.5739103956226455,-0.0011712363628628014,0.9881146796253211,0.01687497673121953,0.8993790249430007,0.9967266517932953,False
Weight_kg,Oxalic_acid,Group_8C vs Group_15C (Reference),0.11539626724372004,0.6129743735262347,-0.33173319176421545,0.5625257262516555,0.40651594833477045,0.282873437571181,-0.07860382811078663,0.4717173622795583,0.2254103243122374,0.12088817933979645,0.03679243913293341,0.8542502982965143,0.9967266517932953,False
Body_Density_kg_per_m3,2-OH-Butanoic_Acid,Group_8C vs Group_22C Contrast,-27.473358795292583,0.6130706359724885,-133.95604414424287,79.0093265536577,0.1413064170243885,-0.037588079428863885,50.56452921294087,0.20111628863133346,-2.4087668849894754,0.956875282703723,-29.88212568028206,0.33665060122471036,0.9967266517932953,False
VO2max_ml_per_kg_per_min,Asparagine,Group_8C vs Group_22C Contrast,-0.16836398902331304,0.6136066007848797,-0.8219043103179132,0.4851763322712871,0.13721463713983162,-0.0425323134560367,0.11610417625306813,0.1898144778707166,-0.11970619203896646,0.5202930966061032,-0.2880701810622795,0.29767042361448315,0.9967266517932953,False
Skinfold_Thickness_mm,Asparagine,Group_22C vs Group_15C (Reference),0.024390846521669222,0.6143359149811156,-0.07048066851696796,0.11926236156030642,0.0338985711351959,-0.1673725598783049,-0.015915356200872043,0.4844232423844125,0.00847549032079718,0.8427311124526771,0.014932549763291832,0.83079843704401,0.9967266517932953,False
Muscle_Mass_kg,Alanine,Group_8C vs Group_15C (Reference),-0.10030233774410902,0.6144613535107148,-0.4905801654680217,0.28997548997980366,0.06302441091644684,-0.13217883680929332,0.042772127874241186,0.8133989015975482,-0.056703363436249474,0.5768088339186379,-0.05753020986986783,0.48589604580456935,0.9967266517932953,False
VO2max_ml_per_kg_per_min,Glycolic_acid,Group_8C vs Group_15C (Reference),0.12271258240931311,0.6145409309283884,-0.3548711762260947,0.600296341044721,0.15579149356620658,-0.020085278607500312,0.0824730677115636,0.5728328812347472,0.277391596424525,0.21598314878015112,0.2051856501208767,0.29242707114752564,0.9967266517932953,False
Muscle_Mass_kg,2-Keto-3-methylvaleric_acid,Group_8C vs Group_22C Contrast,-0.059568095701798246,0.6151787279786916,-0.29182317753899284,0.17268698613539635,0.10727133824793778,-0.07871379961707503,0.20983405059057803,0.41229265086982225,0.06066659392205476,0.5283740332373623,0.0010984982202565108,0.9873273916049305,0.9967266517932953,False
Body_Fat__Percent,2-OH-Butanoic_Acid,Group_8C vs Group_22C Contrast,0.06308786016101746,0.6165203547547078,-0.18382742924672013,0.310003149568755,0.13981347105270903,-0.03939205581130989,-0.11449762425769133,0.2034567399108128,0.005701930734818381,0.955876264091915,0.06878979089583584,0.3424209113013814,0.9967266517932953,False
BSA_m2,Leucine,Group_22C vs Group_15C (Reference),5.3921853477774135,0.6166744254925844,-15.720762759743657,26.505133455298484,0.2072403945732929,0.04208214344272898,4.166737009779212,0.42214071078415405,9.558922357556625,0.3111984863047641,11.17861718558749,0.3121131235734371,0.9967266517932953,False
Weight_kg,Indole-3-Latic_Acid,Group_8C vs Group_15C (Reference),0.035210533810262894,0.6182322400665774,-0.10326718210397143,0.17368824972449723,0.4150020051529911,0.2931274228931977,-0.05705728348608141,0.12076048407440643,0.014305539592794417,0.5703431657499083,-0.021846749675818518,0.7172572403075295,0.9967266517932953,False
Max_Watts_W,Arginine_[-NH3],Group_8C vs Group_15C (Reference),-0.0025955154275967094,0.6185981735096824,-0.012813931744977235,0.007622900889783816,0.3296041815143619,0.1899383859965207,0.0050173069778328095,0.15045047226502933,0.03061985656000298,0.018330251057766977,0.0024217915502361,0.5318624409906074,0.9967266517932953,False
Skinfold_Thickness_mm,Doconexent,Group_22C vs Group_15C (Reference),-0.008970150927286875,0.6189568685360971,-0.04432132273229828,0.02638102087772453,0.13571711482108983,-0.04434181959118311,0.009802777971892654,0.33583934291159934,0.0008326270446057781,0.9553928997218457,-0.021835576993751396,0.5299020662302552,0.9967266517932953,False
Weight_kg,Methyl_galactoside,Group_8C vs Group_22C Contrast,0.12407419182829532,0.6193023917785707,-0.3653907616386587,0.6135391452952493,0.20127395593009312,0.03487269674886262,0.2166935239389294,0.0030187439452855854,-0.10152509013328523,0.264247625167203,0.022549101695010093,0.9227646447923987,0.9967266517932953,False
Height_m,"1,3-Dioxolane-2-methanol",Group_8C vs Group_15C (Reference),-32.914914751153695,0.6196198398507587,-162.8775465336142,97.0477170313068,0.05351522661148078,-0.14366910117779397,39.14446565126753,0.42921995212849373,14.616535038585916,0.7725334217771338,6.229550900113836,0.8876678847019595,0.9967266517932953,False
Height_m,Phenylalanine,Group_8C vs Group_15C (Reference),1.1571828411140137,0.6198525722639776,-3.414925140827611,5.7292908230556385,0.07057475718570339,-0.12305550173394164,-0.7749489477190168,0.5516757531128396,-0.1701129117435789,0.9826246059869324,0.3822338933949969,0.8434609408262737,0.9967266517932953,False
Max_Watts_W,Diethanolamine,Group_8C vs Group_22C Contrast,-0.05457998288794167,0.6199071318304641,-0.27026678793848236,0.16110682216259903,0.21802770027969365,0.05511680450462986,0.014621270427093951,0.8157041961768792,0.055565881775391346,0.5900855515831704,0.000985898887449677,0.9794900842921948,0.9967266517932953,False
VO2max_ml_per_kg_per_min,L-Norvaline,Group_8C vs Group_22C Contrast,0.26712563706221215,0.6201632882731134,-0.789263067453263,1.3235143415776873,0.15071804839395142,-0.026215691523975293,-0.02322512656025719,0.8877013295717158,-0.441250338152014,0.3090736509872474,-0.17412470108980183,0.5861766929879586,0.9967266517932953,False
Skinfold_Thickness_mm,"Ethanolamine,_2TMS",Group_22C vs Group_15C (Reference),-0.03864746206245422,0.6205452685100605,-0.19164896560547548,0.11435404148056702,0.04941747863804957,-0.14862054664569002,-0.015887437633895253,0.7277664593310156,-0.054534899696349476,0.3891786215609947,-0.016859022369579413,0.7797013708379728,0.9967266517932953,False
Max_Watts_W,2-Keto-3-methylvaleric_acid,Group_8C vs Group_22C Contrast,-0.027515338284220252,0.6208123406058654,-0.13653116774869875,0.08150049118025823,0.16352542326589992,-0.01074011355370419,0.02512856592504362,0.36006839879066943,0.03110768507537779,0.5475882927897244,0.0035923467911575385,0.8605075652219625,0.9967266517932953,False
VO2max_ml_per_kg_per_min,Palmitelaidic_acid,Group_8C vs Group_22C Contrast,-0.2125731066973156,0.6210786130437738,-1.0554307530145242,0.6302845396198931,0.08369044008069637,-0.10720738490249171,-0.09543053908749469,0.4194581304046727,0.16264041465527593,0.601498875753609,-0.049932692042039685,0.8662838996625042,0.9967266517932953,False
Skinfold_Thickness_mm,Arachidonic_acid1,Group_22C vs Group_15C (Reference),-0.028234064333194208,0.6212449872129708,-0.14023415475507223,0.08376602608868382,0.09028782722508721,-0.09923554210301955,-0.0031723715080051577,0.7964390902546415,-0.031406435841199364,0.5735781649445586,-0.026215126988362494,0.09232064165134846,0.9967266517932953,False
VO2max_ml_per_kg_per_min,L-Proline,Group_8C vs Group_22C Contrast,0.21042718914067804,0.6217531778091276,-0.6255370156863133,1.0463913939676694,0.1966599529349342,0.029297443129712275,-0.1202047060410223,0.3964962558057771,-0.2518299248347749,0.444902178222607,-0.041402735694096846,0.878413828975181,0.9967266517932953,False
Skinfold_Thickness_mm,"R*,R*-2,3-Dihydroxybutanoic_acid",Group_8C vs Group_15C (Reference),-0.020187918992784045,0.6225960277878019,-0.10058135364069672,0.06020551565512862,0.21627336110384554,0.05299697800048009,0.009007769091082689,0.6022473316507151,0.07568036790887026,0.14441483458588245,-0.011180149901701356,0.7637553061572211,0.9967266517932953,False
Weight_kg,"R*,R*-2,3-Dihydroxybutanoic_acid",Group_8C vs Group_15C (Reference),-0.17212683885882515,0.6226910944267641,-0.8577670955733451,0.5135134178556947,0.3058402647180337,0.16122365320095744,0.08474759976095368,0.36718467360251883,0.22387206810993837,0.06639547801634338,-0.08737923909787147,0.7953926743263122,0.9967266517932953,False
Max_Watts_W,2-Aminoadipic_acid,Group_22C vs Group_15C (Reference),-0.04830104608408803,0.6233998077123444,-0.241093406752481,0.14449131458430495,0.09571743797969401,-0.09267476244120298,-0.00996735330668638,0.717109565206596,-0.05826839939077441,0.5372431714878174,-0.008057774864192431,0.6855188265450838,0.9967266517932953,False
Max_Watts_W,Leucine,Group_8C vs Group_22C Contrast,0.024534126892871475,0.6240644588578306,-0.07358273058827494,0.12265098437401789,0.06357425838484754,-0.13151443778497574,0.011260342306838804,0.48811843409186584,-0.026755608524626044,0.56711658836578,-0.002221481631754568,0.901220114512961,0.9967266517932953,False
Age_years,Erythritol,Group_8C vs Group_15C (Reference),-0.15041069115732533,0.6240919364241088,-0.7519695980402263,0.45114821572557573,0.14008238220645453,-0.03906712150053404,-0.10397138195586716,0.5124074549126851,0.10660100595805552,0.5168784780981399,-0.2543820731131925,0.33288018812001274,0.9967266517932953,False
BSA_m2,1-Monooleoylglycerol,Group_8C vs Group_22C Contrast,5.51543814996387,0.6241968793102316,-16.55032234435001,27.58119864427775,0.24544568367359465,0.0882468677722602,12.529129665325764,0.004242283654019073,-9.942146531647909,0.2083003062951656,-4.426708381684039,0.5809432188102766,0.9967266517932953,False
VO2max_ml_per_kg_per_min,Campesterol,Group_8C vs Group_22C Contrast,-0.06031550116244777,0.6242075846694699,-0.3016287866453707,0.18099778432047514,0.19747388716016656,0.03028094698520134,0.040126064670340446,0.3971890219530555,0.1255771080678662,0.13433625699348983,0.06526160690541845,0.46901751766300226,0.9967266517932953,False
Height_m,Arginine_[-NH3],Group_8C vs Group_15C (Reference),3.220690622726893,0.6244548619416395,-9.67376982933021,16.115151074783995,0.10477000993972019,-0.0817362379895048,-1.7988949948950397,0.7694119207727002,-5.830167687837044,0.293022252574894,1.4217956278318533,0.5488517983637338,0.9967266517932953,False
Body_Density_kg_per_m3,L-Rhamnose,Group_8C vs Group_22C Contrast,90.69408076513999,0.6249198715338337,-272.90621824729055,454.2943797775705,0.24151313484444825,0.08349503793704172,113.13861475009874,0.01607089059232563,-95.54236629555338,0.601579221674863,-4.848285530413392,0.8737107633937631,0.9967266517932953,False
Height_m,Arginine_[-NH3],Group_22C vs Group_15C (Reference),-4.031272692942004,0.6259502050150528,-20.240924846861475,12.178379460977467,0.10477000993972019,-0.0817362379895048,-1.7988949948950397,0.7694119207727002,-5.830167687837044,0.293022252574894,1.4217956278318533,0.5488517983637338,0.9967266517932953,False
VO2max_ml_per_kg_per_min,"2,3,4-Trihydroxybutyric_acid",Group_8C vs Group_15C (Reference),-0.1685971604184856,0.6263973294016865,-0.847401057508561,0.5102067366715898,0.14045018775065676,-0.03862268980128958,-0.072348434949888,0.5766441371979869,0.40791545215025804,0.2650707807857433,-0.24094559536837362,0.4531368313576456,0.9967266517932953,False
Max_Watts_W,Indole-3-Latic_Acid,Group_22C vs Group_15C (Reference),-0.005947982077874401,0.6265397738324785,-0.029905568128170343,0.018009603972421538,0.5075959563160145,0.4050117805485176,0.012797446857869545,0.004382308048891068,0.006849464779995144,0.5468399731496116,-0.0023357969045391756,0.7401858814765307,0.9967266517932953,False
BMI_kg·m2,DL-Ornithine,Group_8C vs Group_15C (Reference),-0.30487498399367563,0.6268869355451547,-1.5341031458300143,0.9243531778426631,0.1105173553416714,-0.07479152896214702,-0.06337573643393266,0.6814598488647152,0.031080942623440744,0.8686907017312451,-0.3682507204276083,0.5446421334944302,0.9967266517932953,False
Weight_kg,Methionine,Group_8C vs Group_15C (Reference),0.04135662659368927,0.6274971735486254,-0.1256852367140484,0.20839848990142695,0.4058469001389059,0.2820650043345113,-0.015391235799082654,0.5926418104462421,0.1639853197844105,0.06722755322159335,0.025965390794606618,0.7461975000878107,0.9967266517932953,False
Body_Density_kg_per_m3,beta-D-Xylopyranose,Group_8C vs Group_15C (Reference),75.42494673599697,0.6278953672604113,-229.57370165663872,380.42359512863266,0.09760482788123681,-0.09039416631017216,-78.67016040939679,0.5178535572265188,131.7846077844195,0.18441343535540122,-3.2452136733998174,0.9733203431389601,0.9967266517932953,False
BMI_kg·m2,Serine,Group_8C vs Group_22C Contrast,-0.6011679234794562,0.6280714036282884,-3.0334226430048585,1.831086796045946,0.07980775129501172,-0.11189896718519421,0.030905734055224926,0.8509840863006126,0.27014507242659946,0.8174527714902382,-0.3310228510528568,0.4223455772089415,0.9967266517932953,False
Skinfold_Thickness_mm,beta-D-Xylopyranose,Group_8C vs Group_15C (Reference),-0.02310843419531003,0.6283626802397879,-0.11668000721513237,0.07046313882451231,0.09672589229498929,-0.09145621347688793,0.01615683516476488,0.6207668390627161,-0.06736895229603422,0.1211740230031686,-0.006951599030545149,0.8417864578456391,0.9967266517932953,False
Weight_kg,"1,5-Anhydrohexitol",Group_22C vs Group_15C (Reference),0.06821234781577595,0.6291080427665561,-0.20859622921628818,0.3450209248478401,0.10549650123761667,-0.08085839433787978,-0.01669278932590562,0.9000706205701098,0.05151955848987033,0.28006913782748155,0.13622143347618654,0.8201380941888134,0.9967266517932953,False
Body_Fat__Percent,"11-Eicosenoic_acid,_E-",Group_8C vs Group_15C (Reference),-0.08703029452198653,0.6291181713352998,-0.44021332201073865,0.2661527329667656,0.2618133809420514,0.10802450197164548,-0.0023841355896710905,0.983034916668101,-0.2736299929724094,0.10940932364211231,-0.08941443011165762,0.5261915270155837,0.9967266517932953,False
BSA_m2,"D-Arabinose,_tetrakis",Group_8C vs Group_15C (Reference),-12.870509231397607,0.6291550588835264,-65.1067384789028,39.36572001610759,0.045158562591466,-0.15376673686864528,10.830391296795526,0.36650102069964186,-10.430072677789791,0.29531984985541637,-2.0401179346020815,0.9316916025806614,0.9967266517932953,False
BSA_m2,L-Norvaline,Group_8C vs Group_15C (Reference),11.110546968295752,0.6295964716884366,-34.0408158858117,56.261909822403204,0.12409491105719694,-0.058385315805886906,-10.74092179365518,0.6344187854144188,14.06657786859863,0.4337726518239444,0.36962517464057143,0.9349079571680337,0.9967266517932953,False
Muscle_Mass_kg,Dodecanoic_acid,Group_8C vs Group_22C Contrast,0.0812528800576321,0.6297833858226402,-0.24913125359484828,0.41163701371011246,0.10882477577621852,-0.07683672927040264,0.23418035843097015,0.11179251712499322,-0.09563487591773531,0.05266498808684328,-0.01438199586010322,0.9288976821324331,0.9967266517932953,False
Weight_kg,Campesterol,Group_8C vs Group_15C (Reference),0.04141017176950255,0.6298278624434819,-0.12698742263824275,0.20980776617724783,0.15183970905976885,-0.024860351552779214,-0.038979839581398876,0.22044239797822596,-0.059736316782905065,0.39444743311238195,0.002430332188103672,0.9757078370251862,0.9967266517932953,False
Muscle_Mass_kg,1-Ethyl-1-tetradecyloxy-1-silacyclohexane,Group_8C vs Group_22C Contrast,-0.11239172569838729,0.6302130862701324,-0.5699643277729063,0.3451808763761317,0.24312524679811176,0.08544300654771841,-0.44385731563992786,0.0728399956857953,0.0855285587801134,0.6337437519563165,-0.026863166918273895,0.8571722619373798,0.9967266517932953,False
Muscle_Mass_kg,Palmitelaidic_acid,Group_22C vs Group_15C (Reference),0.1725368084178418,0.6305336090311018,-0.5305460538971604,0.875619670732844,0.11874384844811714,-0.06485118312519167,-0.24549247117955572,0.1461689112432068,-0.07295566276171392,0.8176716209199015,-0.06845547854502002,0.672507635769247,0.9967266517932953,False
Body_Fat__Percent,beta-D-Xylopyranose,Group_8C vs Group_15C (Reference),-0.16950414150827053,0.6311113972528016,-0.8613981826499737,0.5223898996334326,0.09663010259063143,-0.09157195936965357,0.17530751873830977,0.5221354582824094,-0.30393266589144463,0.18702818515062125,0.005803377230039236,0.979211331705022,0.9967266517932953,False
Height_m,Ornithine,Group_22C vs Group_15C (Reference),7.059693482956453,0.6315280862408258,-21.792274372160158,35.91166133807306,0.15095046015306557,-0.025934860648379132,-10.867455736821068,0.45198999892976055,-3.807762253864615,0.17580627267350213,-2.248208451087388,0.7805490362987677,0.9967266517932953,False
Skinfold_Thickness_mm,Ethyl_alpha-D-glucopyranoside,Group_8C vs Group_22C Contrast,0.026861036917743997,0.631543056531946,-0.08292305408246993,0.1366451279179579,0.2400359709171096,0.08171013152484086,0.03518050811660985,0.0013428025276420834,-0.06890962487136273,0.18502641127985764,-0.042048587953618745,0.0436473833228308,0.9967266517932953,False
Body_Fat__Percent,L-Rhamnose,Group_8C vs Group_22C Contrast,-0.20502339379835904,0.6315904899296967,-1.043093706387272,0.6330469187905539,0.24066698059444713,0.08247260155162373,-0.25653760141522786,0.01851985602504068,0.2158745256630235,0.6088486420484875,0.010851131864664465,0.8763383751352862,0.9967266517932953,False
BSA_m2,1-Monopalmitin,Group_22C vs Group_15C (Reference),-3.1423789739221455,0.631600231717363,-15.987553943728079,9.702795995883788,0.13168317379103334,-0.049216165002501366,-0.4742998043186211,0.9334022590252468,-3.616678778240767,0.2697077116468267,-1.9301176026110611,0.6414445152406754,0.9967266517932953,False
Age_years,4-Aminobutanoic_acid,Group_22C vs Group_15C (Reference),-0.06842233498565067,0.6316562431058501,-0.34815983548898366,0.21131516551768234,0.13137826215838577,-0.04958459989195041,0.015580710065197288,0.7818217105112217,-0.052841624920453384,0.6870598753312276,-0.17938901106396904,0.18459563181180716,0.9967266517932953,False
Age_years,L-Aspartic_acid,Group_8C vs Group_22C Contrast,-0.24722523654467407,0.6317271882513662,-1.2582084580085453,0.7637579849191971,0.16152479499729322,-0.013157539378270577,0.12805986075885908,0.14097651658243116,0.11064518794986428,0.6938172632645498,-0.1365800485948098,0.7521669691200461,0.9967266517932953,False
Weight_kg,Erythritol,Group_22C vs Group_15C (Reference),0.1307649474190358,0.6318500466154628,-0.40415776345727483,0.6656876582953464,0.13468609328502357,-0.04558763728059656,-0.08504974715032168,0.5080500315525038,0.04571520026871412,0.8494181106273313,-0.25326861281248947,0.5936708858076924,0.9967266517932953,False
Muscle_Mass_kg,Alanine,Group_22C vs Group_15C (Reference),-0.09947549131049066,0.6320623706540015,-0.5066554542741558,0.3077044716531745,0.06302441091644684,-0.13217883680929332,0.042772127874241186,0.8133989015975482,-0.056703363436249474,0.5768088339186379,-0.05753020986986783,0.48589604580456935,0.9967266517932953,False
Age_years,Palmitelaidic_acid,Group_8C vs Group_15C (Reference),0.08511574617128112,0.6320707530570427,-0.2632944874286631,0.4335259797712254,0.24503320962725972,0.08774846163293892,-0.11060128266802091,0.05008604213282829,-0.2757826726007625,0.13126363785180728,-0.02548553649673979,0.8798227652189177,0.9967266517932953,False
Height_m,Alanine,Group_8C vs Group_22C Contrast,15.208007845668245,0.6324207140223056,-47.10914839553547,77.52516408687197,0.10708076835247982,-0.07894407157408678,28.622767879616493,0.3276566833172866,-11.793882568663886,0.6979247188962892,3.4141252770043593,0.7151565981052423,0.9967266517932953,False
BSA_m2,Arachidonic_acid1,Group_8C vs Group_15C (Reference),-3.7509651782006954,0.63262774892495,-19.130194105413374,11.628263749011982,0.017385764313543328,-0.18732553478780178,1.121943205734233,0.8622506707871627,-1.528512441281532,0.7609594164044791,-2.6290219724664627,0.5542273523854542,0.9967266517932953,False
Height_m,L-Proline,Group_8C vs Group_22C Contrast,29.877946721902752,0.6327507489023556,-92.67035160596163,152.42624504976715,0.20307426109282145,0.03704806548715933,-1.1868201407315162,0.9254474307865352,-0.4807679747754907,0.9937580297565738,29.39717874712726,0.010726949858570256,0.9967266517932953,False
BMI_kg·m2,Citric_acid,Group_22C vs Group_15C (Reference),0.4291097326735691,0.6330181792609724,-1.3322922691928878,2.190511734540026,0.19942456135585596,0.032638011638326025,-0.6453601220451234,0.22489312804959372,-0.21625038937155427,0.7653289144466993,0.124584687571892,0.7187812901329391,0.9967266517932953,False
Body_Density_kg_per_m3,"11-Eicosenoic_acid,_E-",Group_8C vs Group_15C (Reference),37.04874991508759,0.6340141964136061,-115.4750545933195,189.5725544234947,0.2637305356517161,0.11034106391249032,1.875085835587445,0.9702353976940516,119.19215318586473,0.10108470873119568,38.92383575067504,0.5124167565752502,0.9967266517932953,False
BSA_m2,D---Ribofuranose,Group_8C vs Group_22C Contrast,12.142993544445961,0.6345030835075822,-37.92084928168414,62.206836370576056,0.12590526420892867,-0.056197805747544516,-3.6041329156148834,0.8025059998097605,-1.3008287679821455,0.928946390703592,10.842164776463816,0.6050843643096715,0.9967266517932953,False
VO2max_ml_per_kg_per_min,Lactic_Acid,Group_8C vs Group_22C Contrast,-0.2323096273755594,0.634956848990978,-1.1913736985427594,0.7267544437916406,0.1469125778262017,-0.03081396846000617,0.004431997805751774,0.9718194562276338,-0.1152103318439749,0.5268494507129526,-0.3475199592195343,0.44418561148789726,0.9967266517932953,False
Max_Watts_W,Methyl_galactoside,Group_8C vs Group_22C Contrast,0.049624871118039086,0.6355593438929159,-0.15561110638563833,0.2548608486217165,0.17851779266102108,0.0073756661320671935,-0.03211117685675119,7.89586726295217e-06,-0.0564275763676861,0.5699892046772719,-0.006802705249647014,0.8373188606913202,0.9967266517932953,False
Muscle_Mass_kg,Oleic_Acid,Group_8C vs Group_15C (Reference),0.032830947745197264,0.6365144782731706,-0.10333178678433885,0.16899368227473338,0.19417462633972615,0.026294340160502472,0.029925753564982522,0.5767332738188994,-0.051429881188747445,0.013163695776709616,0.06275670131017978,0.15546375312197647,0.9967266517932953,False
VO2max_ml_per_kg_per_min,Doconexent,Group_22C vs Group_15C (Reference),0.06311621130581159,0.6368471140835432,-0.19890974618093538,0.32514216879255853,0.05594523116167616,-0.14073284567964128,-0.03386949638125106,0.3121058475611138,0.029246714924560532,0.8212174357888109,0.018275567541031816,0.8437927254711453,0.9967266517932953,False
BSA_m2,Campesterol,Group_8C vs Group_15C (Reference),3.56414477550986,0.636993098156241,-11.238758925530028,18.367048476549748,0.14869072175276254,-0.028665377882078458,-2.2127601646962085,0.4906998992108691,-4.698935298051705,0.32845224913470883,1.3513846108136516,0.8432958126508541,0.9967266517932953,False
Skinfold_Thickness_mm,"2,3,4-Trihydroxybutyric_acid",Group_8C vs Group_15C (Reference),0.05570471436162007,0.6374023728364835,-0.17593416000031192,0.2873435887235521,0.15924484867868316,-0.015912474513257724,0.001981704178374887,0.9146734282345194,-0.11989212150861736,0.17526524963712098,0.057686418539994955,0.6211715439179573,0.9967266517932953,False
Body_Density_kg_per_m3,Tryptophan,Group_8C vs Group_15C (Reference),-19.875092041035163,0.637682963281234,-102.59134651278511,62.84116243071479,0.015186443974802177,-0.18998304686378065,17.796101082366594,0.34861849626507757,-38.55602234053319,0.7595331408175181,-2.0789909586685695,0.9560114202961894,0.9967266517932953,False
Weight_kg,Arginine_[-NH3],Group_8C vs Group_22C Contrast,-0.02889417590389362,0.6380668253032016,-0.14928570167288477,0.09149734986509753,0.21792746403839114,0.05499568571305602,-0.029671234256315945,0.15608743492194904,0.04885048267787119,0.4224734242496111,0.01995630677397757,0.012668492253818275,0.9967266517932953,False
VO2max_ml_per_kg_per_min,beta-D-Xylopyranose,Group_8C vs Group_15C (Reference),-0.12950910215579975,0.6386824610085067,-0.6701067899157547,0.4110885856041551,0.17080461523053103,-0.0019444232631082858,-0.07313595732355846,0.6570272064749407,0.43130860596610476,0.05013957678389924,-0.2026450594793582,0.35968935433627025,0.9967266517932953,False
VO2max_ml_per_kg_per_min,"2-Ethyl-3-hydroxypropionic_acid,_di-",Group_8C vs Group_15C (Reference),0.1188640990547934,0.6391343651027783,-0.37796819097299267,0.6156963890825795,0.17621954993899958,0.004598622842957867,-0.06121459391834912,0.5049947574743534,0.06811345974530945,0.8283127345649941,0.05764950513644429,0.8072359211615407,0.9967266517932953,False
Max_Watts_W,"2,3,4-Trihydroxybutyric_acid",Group_22C vs Group_15C (Reference),-0.05547589455916918,0.6392716536506895,-0.2874509763217598,0.17649918720342145,0.123503895269098,-0.05909945988317311,0.00044662355915384985,0.974311690680661,-0.05502927100001533,0.6396633209391047,-0.039217928297341935,0.5224888858043983,0.9967266517932953,False
Body_Fat__Percent,Tryptophan,Group_8C vs Group_15C (Reference),0.0457893970438556,0.6395579404714755,-0.1458448515687689,0.23742364565648008,0.015034838961083818,-0.1901662362553569,-0.040877458322685245,0.3453182273646713,0.08694705690898363,0.7634202064839795,0.004911938721170357,0.9553127030159358,0.9967266517932953,False
BMI_kg·m2,Glutamic_Acid,Group_8C vs Group_15C (Reference),-0.1764047760064093,0.6398288642791321,-0.9152781780024051,0.5624686259895866,0.14007493665395976,-0.039076118209798505,-0.03696975155738018,0.5226809101550169,0.23855141936039898,0.3587192833045334,-0.2133745275637895,0.5667892995351749,0.9967266517932953,False
Weight_kg,Linoleic_Acid,Group_8C vs Group_22C Contrast,-0.10210064917524513,0.6402173079838791,-0.5302551600983864,0.3260538617478961,0.2069825518775219,0.041770583518672355,-0.004222144631037682,0.9843206866869609,-0.09816358134764057,0.44696949709473444,-0.2002642305228857,0.2557950318668887,0.9967266517932953,False
Body_Fat__Percent,beta-Alanine,Group_22C vs Group_15C (Reference),-0.19967769213064937,0.640355403855519,-1.0373477643433546,0.6379923800820558,0.21907526457411175,0.05638261136038514,0.15072675609772918,0.1948892128796803,-0.048950936032920195,0.9052561449459464,-0.5303990301272674,0.005940179498469922,0.9967266517932953,False
Weight_kg,DL-Ornithine,Group_8C vs Group_22C Contrast,-0.03675830377542624,0.6418054916911777,-0.19163794073954799,0.1181213331886955,0.07546159161278876,-0.11715057680121355,-0.038892554011822275,0.4602955094963286,-0.010966338029620794,0.8274734540929849,-0.047724641805047034,0.4334615139643714,0.9967266517932953,False
Max_Watts_W,Dodecanoic_acid,Group_8C vs Group_22C Contrast,-0.02498299599434757,0.6424282581637837,-0.13044498170704938,0.08047898971835425,0.1094927719102049,-0.07602956727516896,0.007920773745337591,0.5646058198252658,-0.006184451730776861,0.8694022633649336,-0.031167447725124434,0.4179078017205855,0.9967266517932953,False
BMI_kg·m2,Indole-3-Latic_Acid,Group_8C vs Group_15C (Reference),0.07546205319919475,0.6438506125588599,-0.2444513189296842,0.3953754253280737,0.34365179551760705,0.20691258625044195,-0.15709290302138823,0.21379592776213807,0.04161017593328001,0.6995219214447244,-0.08163084982219349,0.4294752570128604,0.9967266517932953,False
Skinfold_Thickness_mm,1H-Indole-3-Acetic_Acid,Group_22C vs Group_15C (Reference),0.013410850242839816,0.6438890030226981,-0.043449612225524153,0.07027131271120379,0.16507664663420663,-0.008865718650333587,0.008088905289505155,0.3909349940428446,0.02149975553234497,0.4332574076291349,0.02338907680273878,0.5628308779531568,0.9967266517932953,False
Body_Density_kg_per_m3,beta-Alanine,Group_22C vs Group_15C (Reference),86.61633307489927,0.6439430542478568,-280.68685134594097,453.9195174957395,0.2187077636594602,0.055938547755181145,-65.66013623989153,0.20887665779292164,20.956196835007745,0.9073026203873777,228.6026044902693,0.004837354161496554,0.9967266517932953,False
Max_Watts_W,Campesterol,Group_8C vs Group_22C Contrast,0.0207474295904919,0.644157314974843,-0.06729216239737214,0.10878702157835594,0.11563679333750831,-0.068605541383844,0.0031614331249377394,0.7637274969732895,-0.02110180868154299,0.6241103848708571,-0.00035437909105108696,0.977876594291782,0.9967266517932953,False
Muscle_Mass_kg,L-5-Oxoproline,Group_22C vs Group_15C (Reference),-0.20493022849157042,0.6447410151736375,-1.0760494061589014,0.6661889491757607,0.2495852670265961,0.09324886432380375,0.13240887945218513,0.762990412253159,-0.07252134903938529,0.2924767270814361,0.029471758368400533,0.8728119218576182,0.9967266517932953,False
BMI_kg·m2,Glycerol-3-P,Group_22C vs Group_15C (Reference),0.37811305501667697,0.6449584659872636,-1.2302303713812577,1.9864564814146115,0.11389259174007382,-0.07071311831407745,-0.0340008039526988,0.9370687446187228,0.3441122510639782,0.6222747716733696,0.1345386279195049,0.8234355917295604,0.9967266517932953,False
Age_years,Stearic_Acid,Group_22C vs Group_15C (Reference),0.0391202940144368,0.6458535136151007,-0.1277335436926822,0.20597413172155582,0.16532585961598123,-0.008564586297356014,0.0147919289960903,0.39447992362513995,0.0539122230105271,0.5176995311379857,-0.022564789070197332,0.36695465878347155,0.9967266517932953,False
Max_Watts_W,Stearic_Acid,Group_8C vs Group_22C Contrast,-0.011108226078685224,0.6460969996930438,-0.05852231354169203,0.03630586138432158,0.10122518579044859,-0.08601956716987447,-0.004296857084984341,0.2801320155012518,0.012731080064620023,0.577466381056015,0.0016228539859347987,0.8379239002705892,0.9967266517932953,False
BSA_m2,Glyceric_acid,Group_8C vs Group_22C Contrast,9.716506947664449,0.6465119170985608,-31.80944864239462,51.24246253772352,0.09286648324418423,-0.09611966607994393,20.31808969946156,0.17379400890838448,-7.5930813525394925,0.5780771061990073,2.1234255951249565,0.8957282312816901,0.9967266517932953,False
Weight_kg,Aminomalonic_acid,Group_22C vs Group_15C (Reference),-0.1148001677154473,0.6469145989924254,-0.6060192068428989,0.37641887141200436,0.328865251176374,0.18904551183811857,0.1596055422641595,0.13250252773190868,0.044805374548712196,0.843571214024498,0.07533415611452311,0.7200928822114594,0.9967266517932953,False
Height_m,Indole-3-Latic_Acid,Group_8C vs Group_22C Contrast,-5.129288918142657,0.6471109268447199,-27.090534807038846,16.831956970753534,0.286908739209106,0.13834805987766974,-8.112835094279626,0.3587253173088031,3.091524994757357,0.7792917908962698,-2.0377639233852998,0.2989540566305531,0.9967266517932953,False
VO2max_ml_per_kg_per_min,Phenylalanine,Group_8C vs Group_15C (Reference),-0.01020120711038404,0.6475759509727357,-0.053939088402239634,0.033536674181471555,0.29626973816915403,0.14965926695439447,-0.0008681978979922847,0.943439354172652,-0.09875831547388969,0.44171799088515407,-0.011069405008376325,0.5530625078009812,0.9967266517932953,False
Age_years,Ethyl_alpha-D-glucopyranoside,Group_8C vs Group_22C Contrast,-0.10316949377338,0.6476346876195569,-0.5455980012607613,0.33925901371400136,0.15390610951425865,-0.02236345100360415,-0.06539955442324209,0.6199318179777842,-0.09561782882152048,0.6228451906369263,-0.1987873225949005,0.08307695893226952,0.9967266517932953,False
Muscle_Mass_kg,"2,3-Butanediol",Group_8C vs Group_22C Contrast,-0.12131690491529595,0.6486016088829734,-0.6431034958862731,0.4004696860556812,0.1627979006200605,-0.011619203417426727,0.5378004067408354,0.08394611222548903,0.046813640002834556,0.7405482607538272,-0.0745032649124614,0.7411882825108045,0.9967266517932953,False
Body_Density_kg_per_m3,L-5-Oxoproline,Group_22C vs Group_15C (Reference),-128.71260202965152,0.6487441301554437,-682.5388974177375,425.1136933584345,0.2472921710312591,0.09047803999610482,23.288921142011993,0.8799688602406021,-105.42368088763953,0.6561364039465611,-38.14139125579477,0.8806179548385877,0.9967266517932953,False
Max_Watts_W,Aminomalonic_acid,Group_8C vs Group_22C Contrast,-0.05245284052610817,0.6489966191841006,-0.27832582451259663,0.17342014346038026,0.3097533356238368,0.16595194721213613,0.013436462475617859,0.5535845795420496,0.05353442983692923,0.6368799426910297,0.0010815893108210538,0.9579077891489471,0.9967266517932953,False
Age_years,Phenylalanine,Group_8C vs Group_15C (Reference),-0.005746638684614119,0.6490252304509394,-0.030494583560307452,0.01900130619107921,0.3928935220864618,0.2664130058544747,0.0086261490265978,0.17364776882104627,0.07303171519351462,0.27496946231983,0.002879510341983681,0.7920104702916488,0.9967266517932953,False
Skinfold_Thickness_mm,Glutamine_[-H2O],Group_8C vs Group_22C Contrast,-0.02238726862681207,0.6500967695693552,-0.11911646017927646,0.07434192292565231,0.2770977106119986,0.12649306698949836,-0.014539103551128606,0.1036973540903171,0.042402825673271576,0.3877717842320707,0.020015557046459506,6.531881758298219e-05,0.9967266517932953,False
BSA_m2,L-Alanine,Group_8C vs Group_15C (Reference),-11.874982858967071,0.6504295378627231,-63.23488604591829,39.48492032798414,0.06687202556835481,-0.12752963577157117,9.872650002428202,0.6346231146967469,4.476532788823895,0.791303227227198,-2.002332856538869,0.9002331006146866,0.9967266517932953,False
Max_Watts_W,Valine,Group_22C vs Group_15C (Reference),0.015242000410396455,0.6506460175914375,-0.05072418728205545,0.08120818810284837,0.2224916849741987,0.06051078601049009,0.01375722706191052,0.02141783899024137,0.028999227472306974,0.38127715542911633,-0.007270886114651291,0.437374025011495,0.9967266517932953,False
BMI_kg·m2,Nonanoic_acid,Group_8C vs Group_15C (Reference),-0.32066669903272654,0.6510831621061217,-1.7103496783011272,1.0690162802356742,0.2909115376893303,0.1431847747079409,0.43376462533709104,0.1610248771807914,0.45604335923660005,0.40262663546383015,0.1130979263043645,0.8592820699141892,0.9967266517932953,False
BSA_m2,Oleic_Acid,Group_22C vs Group_15C (Reference),-2.205843873103874,0.6512904385490481,-11.771462107522693,7.359774361314946,0.12581622964719374,-0.05630538917630745,1.4974200122519385,0.6316655140402208,-0.7084238608519353,0.8501597193631392,3.999679550505276,0.02566711845279479,0.9967266517932953,False
Body_Fat__Percent,L-5-Oxoproline,Group_22C vs Group_15C (Reference),0.2959158637377252,0.6515570932891406,-0.9883717771444707,1.5802035046199212,0.24748357631198947,0.09070932137698728,-0.05780724551857837,0.8696097368974914,0.23810861821914686,0.6665442546916638,0.09464030864017418,0.8735482650990567,0.9967266517932953,False
Height_m,Serine,Group_22C vs Group_15C (Reference),-11.056887522881823,0.6517578107401202,-59.073874569502465,36.96009952373882,0.0730193167952854,-0.12010165887236335,-2.1357791144459273,0.6763554930369476,-13.19266663732775,0.5818792184516886,-9.282009379373582,0.36819969199030167,0.9967266517932953,False
BSA_m2,DL-Ornithine,Group_22C vs Group_15C (Reference),2.8552402608008927,0.6518632934747971,-9.548296706706843,15.258777228308627,0.07641658453909317,-0.11599662701526237,-4.423340897493978,0.3755586299051904,-1.5681006366930856,0.6868515932811519,-1.5153351279190503,0.7446841484751514,0.9967266517932953,False
Skinfold_Thickness_mm,DL-Ornithine,Group_22C vs Group_15C (Reference),0.007601739904529494,0.6519193111062713,-0.025426902205322156,0.04063038201438115,0.0765045707961074,-0.11589031028803687,-0.00038015044229402063,0.97146533572622,0.0072215894622354735,0.5808167516727236,-0.021412201376816774,0.45947649824001546,0.9967266517932953,False
Max_Watts_W,"9-Hexadecenoic_acid,_Z-",Group_22C vs Group_15C (Reference),-0.020865601289241406,0.6521148097319226,-0.11157866582641221,0.0698474632479294,0.27198569425436403,0.12031604722402323,-0.0005755835523031462,0.9509831718783562,-0.02144118484154455,0.6361819485561666,-0.019448766389657795,0.27786572909912755,0.9967266517932953,False
Muscle_Mass_kg,"2,3,4-Trihydroxybutyric_acid",Group_8C vs Group_15C (Reference),-0.1628865397596487,0.6525845736682916,-0.8720597700139427,0.5462866904946453,0.0702936013711648,-0.12339523167650923,0.13276638638913194,0.6784458120190613,0.03577748735679717,0.9255204215198296,-0.030120153370516767,0.8580692172927076,0.9967266517932953,False
Height_m,"Ethanolamine,_3TMS",Group_8C vs Group_15C (Reference),23.160825837943086,0.6530559610695528,-77.82310656926495,124.14475824515114,0.12269023227612363,-0.060082635999683776,-11.635939137943256,0.8000688561128085,-10.127150369652579,0.5885761429164591,11.524886699999831,0.6211256605336453,0.9967266517932953,False
BSA_m2,Nonanoic_acid,Group_8C vs Group_22C Contrast,4.5857332444748415,0.6531766496053582,-15.416417848842055,24.58788433779174,0.2180179159680541,0.05510498179473211,5.334789070639163,0.19409049727520877,2.4975208224620844,0.778346291324542,7.0832540669369255,0.16001721823636128,0.9967266517932953,False
BSA_m2,1-Ethyl-1-tetradecyloxy-1-silacyclohexane,Group_22C vs Group_15C (Reference),-6.365766529703738,0.653211265101852,-34.13456113584229,21.40302807643482,0.1469547083001389,-0.03076306080399882,10.77621414415568,0.3395501575246458,4.410447614451943,0.6067415597557191,0.7333864059688793,0.9759390664727605,0.9967266517932953,False
Height_m,L-+-Erythrulose,Group_8C vs Group_22C Contrast,30.966371003340665,0.6539040063099268,-104.40715927850826,166.3399012851896,0.24164345169553547,0.08365250413210545,52.24349169460537,0.0717113452570565,-0.5400798965248796,0.989751443535086,30.426291106815786,0.5787102959516848,0.9967266517932953,False
BSA_m2,Dodecanoic_acid,Group_8C vs Group_22C Contrast,6.58932930702818,0.6540735150653771,-22.231883359719635,35.41054197377599,0.16757411563632252,-0.005847943606110295,2.3838800566489344,0.6952854135320564,-14.556104060353753,0.12668579199719798,-7.9667747533255735,0.4768090739152777,0.9967266517932953,False
BMI_kg·m2,Arachidonic_acid,Group_22C vs Group_15C (Reference),0.10923364281764594,0.6543098226412818,-0.3688863659440955,0.5873536515793875,0.28618664636638225,0.13747553102604526,0.12134860479883118,0.15018346463614418,0.2305822476164771,0.3137700677830262,-0.03694404988719856,0.8360526576425813,0.9967266517932953,False
BSA_m2,L-5-Oxoproline,Group_22C vs Group_15C (Reference),11.889838002128423,0.6544639690848815,-40.17728870768214,63.95696471193898,0.30444950770751056,0.15954315514657536,-12.31746199356673,0.6096767585417096,-0.427623991438308,0.9693210541670594,14.065323303181103,0.2325095391308043,0.9967266517932953,False
Age_years,Methyl_galactoside,Group_22C vs Group_15C (Reference),-0.09541705816953668,0.6550144785151195,-0.5139736908194024,0.323139574480329,0.14224128228881106,-0.036458450567686596,-0.03454613926344776,0.8106892027845989,-0.12996319743298443,0.4092712945810342,-0.2012109348699435,0.06478939913563808,0.9967266517932953,False
Height_m,N-Acetylglutamine,Group_8C vs Group_15C (Reference),25.06601030123857,0.6551108116983871,-84.92143341302324,135.05345401550036,0.20741750864578368,0.04229615628032202,9.210566065314799,0.7941611054777477,-5.191214116387046,0.9042033536388894,34.27657636655337,0.4320117518562818,0.9967266517932953,False
BMI_kg·m2,beta-Alanine,Group_8C vs Group_22C Contrast,-0.5081755171728395,0.6553395083118283,-2.739627883369786,1.723276849024107,0.0984143602854558,-0.08941598132174078,0.45171732407713194,0.061199544750375354,0.0643248437784964,0.9415989760600247,-0.44385067339434303,0.5402497190618205,0.9967266517932953,False
BMI_kg·m2,L-Aspartic_acid,Group_8C vs Group_15C (Reference),-0.575920668634093,0.6564493655456679,-3.1135361162135147,1.9616947789453287,0.1550982913812382,-0.020922897914337213,0.006060445919701305,0.9841827943501322,0.7073592770748661,0.4622631349356192,-0.5698602227143916,0.650587709198563,0.9967266517932953,False
Body_Density_kg_per_m3,"2,3,4-Trihydroxybutyric_acid",Group_8C vs Group_15C (Reference),-102.37948362935302,0.6565257747927918,-553.5901015762055,348.8311343174994,0.2007224640293438,0.034206310702123766,-44.043992234600395,0.45657711602129636,357.89127445987504,0.03760566036533253,-146.4234758639534,0.5104517061593019,0.9967266517932953,False
Muscle_Mass_kg,"1,3-Dioxolane-2-methanol",Group_22C vs Group_15C (Reference),-0.15406784747070187,0.6569371851402617,-0.8339514385083755,0.5258157435669717,0.15586701432800565,-0.019994024353659823,0.08706886225931788,0.7773377262957708,-0.06699898521138399,0.6749971018835419,-0.33366534790829316,0.14182468022199668,0.9967266517932953,False
Body_Density_kg_per_m3,Glycine,Group_22C vs Group_15C (Reference),-126.41178278902419,0.658084017853467,-686.2512120507083,433.42764647265994,0.14553940446302638,-0.03247321960717642,-75.58625417825449,0.15619482356862355,-201.99803696727867,0.47163054915967617,18.27013025357995,0.8023220902077794,0.9967266517932953,False
Body_Density_kg_per_m3,Tryptophan,Group_22C vs Group_15C (Reference),-56.35212342289978,0.6582153446638092,-306.0209836786307,193.31673683283117,0.015186443974802177,-0.18998304686378065,17.796101082366594,0.34861849626507757,-38.55602234053319,0.7595331408175181,-2.0789909586685695,0.9560114202961894,0.9967266517932953,False
VO2max_ml_per_kg_per_min,4-Aminobutanoic_acid,Group_8C vs Group_15C (Reference),0.12516249968179624,0.6592660815039842,-0.4311975607776145,0.681522560141207,0.08814830479203961,-0.10182079837628533,0.03905655099106468,0.6715276188184733,0.027985272652377734,0.8906349325162657,0.1642190506728609,0.5407988221278095,0.9967266517932953,False
Muscle_Mass_kg,Lactic_Acid,Group_22C vs Group_15C (Reference),-0.14853023382801878,0.6592718263669789,-0.8087741349825248,0.5117136673264873,0.20892216527786,0.04411428304408094,0.1294015729176399,0.6435279225657213,-0.019128660910378875,0.9188939932358746,-0.26317551995613886,0.21034170083514803,0.9967266517932953,False
Height_m,Methyl_galactoside,Group_8C vs Group_22C Contrast,24.434059920037072,0.6599718088352577,-84.42042387446678,133.28854371454094,0.15447034246950142,-0.02168166951601913,45.98006663428726,0.01690866041954873,-16.730059187028218,0.7449756855024658,7.704000733008854,0.71310212790706,0.9967266517932953,False
BSA_m2,Glyceraldehyde-3-PMOX,Group_8C vs Group_22C Contrast,-2.9118945609531455,0.6602661535198473,-15.896466898684126,10.072677776777835,0.35004555283397254,0.2146383763410502,-13.556849392700535,0.007649573471481144,1.5799014699198501,0.7299274405722225,-1.3319930910332953,0.7809501219316739,0.9967266517932953,False
Height_m,L-Alanine,Group_8C vs Group_15C (Reference),32.47107929420947,0.6605891883530324,-112.46667477026546,177.40883335868438,0.06994152345806959,-0.12382065915483254,-15.419301611006164,0.816858161012847,15.818422714319743,0.8222643861730767,17.051777683203305,0.5961772991223513,0.9967266517932953,False
Age_years,Threonine,Group_8C vs Group_22C Contrast,-0.12767318881370388,0.6606291993457175,-0.6976367729637711,0.44229039533636333,0.08806913181135378,-0.10191646572794744,-0.0028590008539520896,0.959993420224486,0.03255220492613617,0.9096041577630627,-0.09512098388756769,0.05031731204926726,0.9967266517932953,False
Skinfold_Thickness_mm,"11-Eicosenoic_acid,_E-",Group_8C vs Group_15C (Reference),-0.012730645755355985,0.6607689954919853,-0.06958722651164381,0.044125935000931836,0.17610378115188408,0.004458735558526605,0.002071699701079757,0.8697312107122077,-0.03528064209684066,0.0925919018298278,-0.010658946054276228,0.6831501421706756,0.9967266517932953,False
Skinfold_Thickness_mm,"2,3-Butanediol",Group_22C vs Group_15C (Reference),0.04847699918475916,0.6608132663969558,-0.1680571991060658,0.2650111974755841,0.21752415185278207,0.054508350155445084,-0.05450177669774455,0.1822493311449136,-0.006024777512985392,0.9531947850442162,0.07853674807180386,0.14046310187298938,0.9967266517932953,False
BSA_m2,Linoleic_Acid,Group_8C vs Group_15C (Reference),-11.31660620780572,0.6609099556407593,-61.88032981345294,39.2471173978415,0.1897117861688732,0.02090174162072178,-0.7470299753820029,0.9688834956747179,-6.548864905309983,0.41012316750345357,-12.063636183187722,0.48525614859568034,0.9967266517932953,False
BMI_kg·m2,1-Heptadecanol,Group_22C vs Group_15C (Reference),-0.13649371633539106,0.6615408822988895,-0.7475738203657663,0.47458638769498407,0.04916808875666767,-0.1489218927523599,-0.020311614603283012,0.9095416217591323,-0.15680533093867408,0.5392997203548755,-0.24688531043910822,0.4508486444110411,0.9967266517932953,False
Body_Fat__Percent,Tryptophan,Group_22C vs Group_15C (Reference),0.12782451523166888,0.6616695722611684,-0.4446758425521506,0.7003248730154883,0.015034838961083818,-0.1901662362553569,-0.040877458322685245,0.3453182273646713,0.08694705690898363,0.7634202064839795,0.004911938721170357,0.9553127030159358,0.9967266517932953,False
Body_Fat__Percent,L-Aspartic_acid,Group_22C vs Group_15C (Reference),0.20954329313638165,0.6618767807537914,-0.7295723528187918,1.1486589390915551,0.08598914594589457,-0.10442978198204389,0.04488411702111869,0.7708345583792913,0.25442741015750037,0.5749419816757928,0.028702973848139718,0.9501707631325622,0.9967266517932953,False
Body_Fat__Percent,"2,3,4-Trihydroxybutyric_acid",Group_8C vs Group_15C (Reference),0.23669343392810788,0.661984498098363,-0.8244621504354943,1.2978490182917102,0.19946073066607517,0.032681716221507506,0.09792723523730555,0.47247217743429915,-0.8243216411609124,0.036875465604145674,0.33462066916541344,0.5230729982606475,0.9967266517932953,False
Age_years,"2,3,4-Trihydroxybutyric_acid",Group_8C vs Group_15C (Reference),-0.14992055295735582,0.6619887047783297,-0.8220606303387199,0.5222195244240082,0.28788757183031677,0.13953081596163286,0.24251383745725744,0.010644250189346999,-0.4288499743512669,0.04584787966460002,0.09259328449990162,0.7787203637264684,0.9967266517932953,False
Body_Fat__Percent,Glycine,Group_22C vs Group_15C (Reference),0.2895112335738169,0.662198603408414,-1.0093168112122592,1.5883392783598929,0.14316541995069865,-0.035341784226239126,0.17114972943900955,0.16380917637866943,0.46066096301282644,0.479302253971013,-0.04044521482067809,0.8093657409192874,0.9967266517932953,False
BSA_m2,Glycolic_acid,Group_22C vs Group_15C (Reference),8.372780948873444,0.6622389549004328,-29.194631045358985,45.94019294310587,0.10977087895603055,-0.07569352126146311,-8.701672461585131,0.6067953063049148,-0.32889151271168693,0.9709410689332016,5.271671534915509,0.6160198689719154,0.9967266517932953,False
Weight_kg,L-5-Oxoproline,Group_8C vs Group_22C Contrast,0.15376608370997702,0.6634746304786544,-0.5388724053962106,0.8464045728161647,0.272183454016404,0.12055500693648824,-0.07665662674067365,0.8069326944604941,0.019382076967630404,0.9079157117927634,0.1731481606776074,0.5778634247906429,0.9967266517932953,False
Weight_kg,"1,3-Dioxolane-2-methanol",Group_8C vs Group_15C (Reference),-0.36118468613573546,0.663500126762797,-1.9882406004500124,1.2658712281785414,0.13591911831514591,-0.04409773203586531,0.2627878755414057,0.07120078203404892,-0.13534156427663813,0.3656001839534029,-0.09839681059432975,0.9041684832060115,0.9967266517932953,False
Weight_kg,Ornithine,Group_8C vs Group_15C (Reference),0.03009864246449919,0.6647133024590473,-0.10601167837502129,0.16620896330401969,0.11624251906718086,-0.06787362279382303,-0.017166852947202278,0.772571462004839,0.02744428561343503,0.5664052083663993,0.012931789517296913,0.7192780636223706,0.9967266517932953,False
BMI_kg·m2,Glycine,Group_22C vs Group_15C (Reference),0.6039279990506263,0.6649641420268089,-2.129297520296243,3.337153518397496,0.14608531945504932,-0.0318135723251487,0.2836517929269696,0.5302394470599401,0.887579791977596,0.5010856839241404,0.047603235253893816,0.9299554542749622,0.9967266517932953,False
Body_Density_kg_per_m3,Alanine,Group_8C vs Group_22C Contrast,63.620924388126056,0.6654019217924916,-224.71776555377,351.95961433002213,0.1137173166541321,-0.07092490904292359,-85.2547616182046,0.13311584427536752,-42.81562769899425,0.759802033872661,20.805296689131808,0.6443192940509914,0.9967266517932953,False
VO2max_ml_per_kg_per_min,3-OH-Butanoic_Acid,Group_8C vs Group_22C Contrast,-0.06392972658612736,0.6654454350793457,-0.353708073882942,0.22584862071068726,0.16370461350959054,-0.010523592009244798,0.1319402529391011,0.21639461289106732,0.057000610631751436,0.6936722928290917,-0.006929115954375925,0.818859477672597,0.9967266517932953,False
Skinfold_Thickness_mm,Nonanoic_acid,Group_8C vs Group_22C Contrast,-0.027729583836946604,0.6662488124132211,-0.1537433447519644,0.09828417707807122,0.2625433963618794,0.10890660393727103,0.028466914381727246,0.05020053859191909,0.02464456775150084,0.5794952944872325,-0.003085016085445761,0.947021366847451,0.9967266517932953,False
Weight_kg,Glycine,Group_8C vs Group_15C (Reference),-0.08450232677485427,0.6663396007172266,-0.46861715017952815,0.29961249662981965,0.12592627369589005,-0.05617241928413286,0.07404286363569235,0.6778523528742942,0.1926072582275094,0.4134811574700419,-0.01045946313916192,0.8978384146992684,0.9967266517932953,False
Muscle_Mass_kg,Leucine,Group_22C vs Group_15C (Reference),-0.07914562080349767,0.6664234353071866,-0.43900716791120303,0.28071592630420766,0.07558765039404003,-0.11699825577386824,0.1187389370644501,0.5020147637518781,0.03959331626095243,0.42159402199043594,0.06897645433773035,0.5539264627635581,0.9967266517932953,False
Skinfold_Thickness_mm,"Ethanolamine,_2TMS",Group_8C vs Group_22C Contrast,0.037675877326770066,0.6665164818034633,-0.13368388565393136,0.20903564030747146,0.04941747863804957,-0.14862054664569002,-0.015887437633895253,0.7277664593310156,-0.054534899696349476,0.3891786215609947,-0.016859022369579413,0.7797013708379728,0.9967266517932953,False
VO2max_ml_per_kg_per_min,Stearic_Acid,Group_8C vs Group_22C Contrast,0.07517028476000748,0.6665506784664789,-0.2667611843798031,0.4171017538998181,0.13000731095911333,-0.05124116592440475,-0.027265545104594308,0.18266475804881455,-0.06992379336856173,0.6818743267363339,0.005246491391445736,0.8858391061875555,0.9967266517932953,False
Body_Fat__Percent,2-Aminoadipic_acid,Group_8C vs Group_15C (Reference),-0.12019440005715344,0.6665700185511101,-0.6669533977150229,0.4265645976007161,0.12496245687579977,-0.05733703127507517,-0.006714837416171748,0.974200646380455,0.450236495635848,0.35392747405586666,-0.1269092374733252,0.4957560654243469,0.9967266517932953,False
Age_years,3-OH-Butanoic_Acid,Group_8C vs Group_22C Contrast,0.04428429913968372,0.6667979791646327,-0.15731338949157858,0.24588198777094605,0.07505959636229642,-0.1176363210622251,-0.05651171811990492,0.4576639238298461,-0.037194859872492256,0.7028504156329565,0.007089439267191466,0.8286225285670363,0.9967266517932953,False
Body_Density_kg_per_m3,L-Aspartic_acid,Group_22C vs Group_15C (Reference),-90.51887440485945,0.6669206353540185,-502.74649604641394,321.70874723669505,0.08658426645066963,-0.1037106780387742,-20.764816486607984,0.7617521650900363,-111.28369089146743,0.5757469465926661,-11.497733395357473,0.9543696200354426,0.9967266517932953,False
BSA_m2,Campesterol,Group_22C vs Group_15C (Reference),-2.4861751333554962,0.6671937985940819,-13.8182333104418,8.845883043730806,0.14869072175276254,-0.028665377882078458,-2.2127601646962085,0.4906998992108691,-4.698935298051705,0.32845224913470883,1.3513846108136516,0.8432958126508541,0.9967266517932953,False
Skinfold_Thickness_mm,Campesterol,Group_8C vs Group_15C (Reference),-0.008573821671838263,0.6682262380369786,-0.04778292647277003,0.030635283129093506,0.18882886895851425,0.01983488332487149,-0.0062868005502658385,0.5370002767552811,-0.030917008059668124,0.47378425569918803,-0.014860622222104101,0.3881208608128395,0.9967266517932953,False
Height_m,"9-Hexadecenoic_acid,_Z-",Group_22C vs Group_15C (Reference),-6.91001881177729,0.6683178299426626,-38.51963611345854,24.699598489903956,0.11238966948942863,-0.07252914936694044,7.657904507313513,0.3571081286477785,0.7478856955362234,0.9568377130607726,-3.1517203456021425,0.7598016210419352,0.9967266517932953,False
Weight_kg,Lysine,Group_22C vs Group_15C (Reference),-0.16377064941909558,0.6683696635646332,-0.9130577624341193,0.5855164635959281,0.23489159786014557,0.07549401408100931,0.14699001655299082,0.45632552512776126,-0.01678063286610476,0.959127202802619,0.0760577280998669,0.14138914292653282,0.9967266517932953,False
Muscle_Mass_kg,Cholesterol,Group_22C vs Group_15C (Reference),0.050641666602206814,0.6684968813189054,-0.18114977028739032,0.28243310349180395,0.09539725845338132,-0.0930616460354976,-0.02846993570615689,0.8065174256124644,0.022171730896049922,0.3085723856700242,0.012387028187964638,0.4223701681853589,0.9967266517932953,False
Weight_kg,Tryptophan,Group_8C vs Group_15C (Reference),0.13417257446049757,0.6692152762005462,-0.48136552246048336,0.7497106713814785,0.07869951482794191,-0.1132380862495701,-0.025879217580381905,0.1790539772637013,0.08869837240062366,0.41746969009214574,0.10829335688011567,0.7297393524521751,0.9967266517932953,False
Body_Density_kg_per_m3,Ornithine,Group_8C vs Group_22C Contrast,26.164031374211245,0.6695108225365392,-93.98395820256579,146.31202095098828,0.11598377799383253,-0.06818626825745233,-1.2079362682194572,0.9588771585829537,-35.74553552768177,0.522391166074921,-9.581504153470524,0.7037564591380865,0.9967266517932953,False
Age_years,Palmitic_Acid,Group_22C vs Group_15C (Reference),0.035931090041587815,0.6695795207191104,-0.12910169583392106,0.2009638759170967,0.27480568104439895,0.1237235312619821,0.018348334154600705,0.3663542963972384,0.05427942419618852,0.5065300060345095,9.089663445647003e-05,0.996650856913202,0.9967266517932953,False
Weight_kg,Palmitelaidic_acid,Group_8C vs Group_22C Contrast,0.14065099599265982,0.6695848277535265,-0.5053869761379658,0.7866889681232855,0.13977753232195889,-0.03943548177763301,0.025602375731930256,0.7525505062697859,-0.1943887844246866,0.31360250108345,-0.05373778843202678,0.8406479918058698,0.9967266517932953,False
BMI_kg·m2,Glyceric_acid,Group_8C vs Group_15C (Reference),-0.7808050092090177,0.6696289215920546,-4.367640457623923,2.8060304392058875,0.05454563499707987,-0.1424240243785284,0.47041167380099463,0.4792256715473626,-0.3692043026666166,0.7845156855220126,-0.3103933354080231,0.8555454111061986,0.9967266517932953,False
BSA_m2,DL-Ornithine,Group_8C vs Group_15C (Reference),2.908005769574928,0.6700155036188047,-10.467326432224695,16.28333797137455,0.07641658453909317,-0.11599662701526237,-4.423340897493978,0.3755586299051904,-1.5681006366930856,0.6868515932811519,-1.5153351279190503,0.7446841484751514,0.9967266517932953,False
BMI_kg·m2,beta-Alanine,Group_22C vs Group_15C (Reference),-0.38739248029863554,0.670520909433838,-2.1721034822218344,1.3973185216245634,0.0984143602854558,-0.08941598132174078,0.45171732407713194,0.061199544750375354,0.0643248437784964,0.9415989760600247,-0.44385067339434303,0.5402497190618205,0.9967266517932953,False
Max_Watts_W,beta-D-Xylopyranose,Group_8C vs Group_15C (Reference),0.016408506141415077,0.6707324759627558,-0.05923683086630062,0.09205384314913077,0.0927665876245245,-0.09624037328703272,-0.016458421272910456,0.6060094911657864,0.055169497655401314,0.6790190275383354,-4.991513149537816e-05,0.9981655807079672,0.9967266517932953,False
Body_Fat__Percent,Alanine,Group_8C vs Group_22C Contrast,-0.1437447522254934,0.6707783389459598,-0.8065369276206568,0.5190474231696699,0.11478284321294152,-0.06963739778436229,0.19581618731693456,0.12629383561731414,0.09588255145380756,0.7656665770820905,-0.04786220077168585,0.646027771643366,0.9967266517932953,False
Max_Watts_W,2-OH-Butanoic_Acid,Group_8C vs Group_22C Contrast,0.011395553028229696,0.6708338391524371,-0.04115757524222556,0.06394868129868495,0.20837015735847653,0.04344727347482591,0.016739051482490563,0.16235277126218473,-0.012970661358472257,0.61843728479495,-0.0015751083302425611,0.8050822629380465,0.9967266517932953,False
Skinfold_Thickness_mm,Oxalic_acid,Group_8C vs Group_22C Contrast,-0.03113340908113052,0.6710811570091779,-0.17482674882458138,0.11255993066232034,0.37756905114669137,0.24789593680225208,-0.013241603783760582,0.6092238977757902,0.06529073860623447,0.30382728207338916,0.03415732952510394,0.3513042665516999,0.9967266517932953,False
Muscle_Mass_kg,Glutamine_[-H2O],Group_22C vs Group_15C (Reference),0.06976466302170434,0.6711728175902378,-0.25231704987474635,0.39184637591815497,0.11326421823547206,-0.0714724029654712,-0.03657582736475887,0.7465988802826777,0.03318883565694547,0.7805554686614444,0.02855998006373274,0.5528820174688593,0.9967266517932953,False
BMI_kg·m2,Citric_acid,Group_8C vs Group_22C Contrast,0.3408350769434463,0.6711802926106982,-1.232761195358882,1.9144313492457745,0.19942456135585596,0.032638011638326025,-0.6453601220451234,0.22489312804959372,-0.21625038937155427,0.7653289144466993,0.124584687571892,0.7187812901329391,0.9967266517932953,False
Body_Density_kg_per_m3,2-Aminoadipic_acid,Group_8C vs Group_15C (Reference),51.193848169307415,0.6716938234527045,-185.55061404908434,287.9383103876992,0.12650567709585891,-0.055472306842503816,3.7760965347213267,0.9664498469886885,-196.95308568949912,0.34772599933261916,54.96994470402874,0.4963635510601354,0.9967266517932953,False
BMI_kg·m2,Butanoic_acid,Group_22C vs Group_15C (Reference),0.1608349991610481,0.6719251526446015,-0.5834987689422382,0.9051687672643345,0.3060885118649799,0.16152361850351737,0.31756580308880145,0.10480388632942796,0.47840080224984954,0.14152249089130597,-0.7655572211496812,0.14838762605297728,0.9967266517932953,False
Max_Watts_W,Lactic_Acid,Group_8C vs Group_15C (Reference),-0.035464884711017344,0.6720227681894543,-0.19964590915392294,0.12871613973188822,0.11395483700244191,-0.07063790528871605,0.004195836237169861,0.8843301616216368,-0.027640904932317224,0.42053313893955035,-0.03126904847384748,0.6909302632677017,0.9967266517932953,False
Body_Density_kg_per_m3,D---Ribofuranose,Group_22C vs Group_15C (Reference),91.6161270343765,0.6721538815146355,-332.691403263177,515.92365733193,0.1418034340194375,-0.036987517226512834,-104.7181428471819,0.38856950206054275,-13.10201581280539,0.9417185737352078,75.78275076520839,0.5533614521618295,0.9967266517932953,False
VO2max_ml_per_kg_per_min,Linoleic_Acid,Group_22C vs Group_15C (Reference),0.11212505227319006,0.6722113757382744,-0.407263473882147,0.6315135784285271,0.16409036290011392,-0.010057478162362354,-0.008300314765643363,0.95825142789811,0.1038247375075467,0.6248535130683488,0.20808429455310445,0.34541363100776845,0.9967266517932953,False
VO2max_ml_per_kg_per_min,Dodecanoic_acid,Group_8C vs Group_15C (Reference),-0.13377036707949772,0.6727196196470009,-0.7544466349118162,0.4869059007528207,0.18851062762134996,0.01945034170913129,0.01310926173506708,0.8876945800464923,0.400054753234926,0.15311372701303805,-0.12066110534443064,0.69024074468226,0.9967266517932953,False
VO2max_ml_per_kg_per_min,Erythritol,Group_22C vs Group_15C (Reference),-0.13909516204549893,0.6727843109141378,-0.7846132123670695,0.5064228882760715,0.2284019610366268,0.06765236958592413,0.057747996492408346,0.6835897597664558,-0.08134716555309059,0.7843884249499995,0.5424953180139066,0.050674546546372046,0.9967266517932953,False
Height_m,Lysine,Group_8C vs Group_15C (Reference),26.01193005539796,0.6728183929577967,-94.71856144106627,146.7424215518622,0.20590159706004407,0.0404644297808866,-14.376509635988585,0.8142095537907932,-14.990097199640703,0.8345195729413986,11.635420419409376,0.10574607973238148,0.9967266517932953,False
Body_Fat__Percent,Aminomalonic_acid,Group_8C vs Group_22C Contrast,0.21369359386672337,0.6729969623877408,-0.7787265452523651,1.2061137329858118,0.3271271973994375,0.18694536352432034,0.20945803486626022,0.3182652243769454,-0.28828139866348,0.4468551770907436,-0.07458780479675661,0.8242100905253134,0.9967266517932953,False
VO2max_ml_per_kg_per_min,alpha-D-Glucopyranoside,Group_8C vs Group_22C Contrast,-0.12692039644583514,0.6730272107149022,-0.7164126911475133,0.46257189825584305,0.11624895232770815,-0.06786584927068584,-0.06513508445436952,0.6701600014552322,0.2884130600965379,0.16838551813222824,0.16149266365070278,0.4544678544315115,0.9967266517932953,False
Skinfold_Thickness_mm,Alanine,Group_22C vs Group_15C (Reference),-0.022363241429202797,0.6730867206588101,-0.12624933068239133,0.08152284782398572,0.11294387289352026,-0.07185948692032973,0.027720550981954497,0.09896897686812714,0.0053573095527517,0.915130642439276,-0.0029034726826656816,0.8183893035153114,0.9967266517932953,False
Max_Watts_W,Glutamic_Acid,Group_8C vs Group_22C Contrast,0.011345472720850455,0.6736366398741118,-0.04145396226552597,0.06414490770722689,0.3258509439934033,0.18540322399202902,0.0026987484333898626,0.434853930230925,0.010393431604617753,0.3802376621711401,0.021738904325468208,0.3689182691033832,0.9967266517932953,False
VO2max_ml_per_kg_per_min,Palmitic_Acid,Group_22C vs Group_15C (Reference),-0.07083445377220368,0.6741491209028232,-0.4010271759380917,0.25935826839368437,0.20499169061819977,0.03936495949699148,0.01460941994286755,0.5756809709660723,-0.056225033829336135,0.7354980980703529,0.003388641188661938,0.9112918947769031,0.9967266517932953,False
Body_Density_kg_per_m3,Ascorbic_Acid,Group_8C vs Group_15C (Reference),-92.71108994557804,0.67420104311403,-524.9541879481486,339.5320080569925,0.12845602833647163,-0.053115632426763426,91.96170734182114,0.10418593326273468,17.03160176929508,0.8489362128722202,-0.7493826037568994,0.9971948489046225,0.9967266517932953,False
Body_Fat__Percent,D---Ribofuranose,Group_22C vs Group_15C (Reference),-0.20839325490121363,0.6744808033932432,-1.1808625019828023,0.7640759921803751,0.1405974437843187,-0.03844475542728154,0.23497902863948694,0.3904235094833871,0.02658577373827331,0.9487871263875143,-0.17486189977336197,0.5638614661768826,0.9967266517932953,False
Muscle_Mass_kg,Stearic_Acid,Group_8C vs Group_15C (Reference),0.018292331967752175,0.6745106019091488,-0.06707731247155975,0.10366197640706411,0.059484803169385314,-0.13645586283699274,0.007592736209255563,0.8340339126281553,-0.00723395110414697,0.6761966406151534,0.02588506817700774,0.28414322454125274,0.9967266517932953,False
Weight_kg,"9-Hexadecenoic_acid,_Z-",Group_8C vs Group_22C Contrast,0.03737432482925511,0.6746588850177511,-0.13713782966055893,0.21188647931906918,0.23299665307236872,0.07320428912911225,0.04794314505316974,0.10953789159248803,-0.0816626093737236,0.1716170539853874,-0.044288284544468495,0.502345430876673,0.9967266517932953,False
Skinfold_Thickness_mm,Asparagine,Group_8C vs Group_15C (Reference),0.030847905964163876,0.6746928232117029,-0.1132036970127269,0.17489950894105463,0.0338985711351959,-0.1673725598783049,-0.015915356200872043,0.4844232423844125,0.00847549032079718,0.8427311124526771,0.014932549763291832,0.83079843704401,0.9967266517932953,False
VO2max_ml_per_kg_per_min,L-Norvaline,Group_8C vs Group_15C (Reference),-0.15089957452954464,0.6748083609578296,-0.8558264665963541,0.5540273175372649,0.15071804839395142,-0.026215691523975293,-0.02322512656025719,0.8877013295717158,-0.441250338152014,0.3090736509872474,-0.17412470108980183,0.5861766929879586,0.9967266517932953,False
BMI_kg·m2,Stearic_Acid,Group_8C vs Group_22C Contrast,-0.18523439885000983,0.6748780485248418,-1.0507689703005805,0.6803001726005609,0.19611424205058647,0.028638042477792003,0.07522510675746877,0.19562399228486427,0.2377924229618082,0.5879793629987782,0.05255802411179834,0.27917111399188,0.9967266517932953,False
Skinfold_Thickness_mm,Glycine,Group_8C vs Group_15C (Reference),-0.013154532623645663,0.6749368600157737,-0.07463165929981265,0.04832259405252132,0.11206304077182327,-0.07292382573404677,0.016398972329285725,0.4449006526872893,0.0764621157986961,0.49458908321306594,0.003244439705640062,0.8871892329830173,0.9967266517932953,False
Muscle_Mass_kg,Ethyl_alpha-D-glucopyranoside,Group_8C vs Group_15C (Reference),0.1092556788983362,0.6758637769815113,-0.4028945982631039,0.6214059560597763,0.12062122482826532,-0.0625826866658461,-0.167262460705298,0.45350270941575654,-0.10517215617071769,0.4313071912329105,-0.05800678180696178,0.6696760946131497,0.9967266517932953,False
Height_m,Arachidonic_acid1,Group_22C vs Group_15C (Reference),11.289747876997058,0.6759450307577917,-41.64649175884176,64.22598751283587,0.022461191330543695,-0.18119272714225954,-2.5473652692978694,0.8855342745496373,8.742382607699188,0.6683235392362656,3.805830221178079,0.7148673214961776,0.9967266517932953,False
BMI_kg·m2,1H-Indole-3-Acetic_Acid,Group_8C vs Group_15C (Reference),-0.08545294841385444,0.6762826378824697,-0.48657438162507904,0.3156684847973702,0.048453618588525704,-0.14978521087219798,0.047431107045418856,0.7439399556769055,0.2041026181855378,0.4100485468804016,-0.03802184136843558,0.7920573614200981,0.9967266517932953,False
VO2max_ml_per_kg_per_min,3-OH-Butanoic_Acid,Group_22C vs Group_15C (Reference),-0.07493964230734967,0.6768612257349331,-0.4273786938895442,0.27749940927484484,0.16370461350959054,-0.010523592009244798,0.1319402529391011,0.21639461289106732,0.057000610631751436,0.6936722928290917,-0.006929115954375925,0.818859477672597,0.9967266517932953,False
Max_Watts_W,Alanine,Group_8C vs Group_22C Contrast,-0.044599931331315276,0.6768727506216736,-0.25436395096149605,0.16516408829886547,0.14541424817387738,-0.03262445012323134,-0.02010452229907893,0.12923225481117584,0.04717065797540164,0.6579418161088273,0.0025707266440863595,0.800355002150819,0.9967266517932953,False
Age_years,Indole-3-Latic_Acid,Group_8C vs Group_15C (Reference),0.02174510471823387,0.6769299868381824,-0.08054458833596578,0.12403479777243351,0.32858913567368997,0.1887118722723754,0.026857123551349272,0.47086032648565557,0.001983397767378766,0.9456344417664169,0.048602228269583145,0.1837015487814635,0.9967266517932953,False
Age_years,beta-D-Xylopyranose,Group_22C vs Group_15C (Reference),-0.13543581335576227,0.677793802730323,-0.7743405813328238,0.5034689546212993,0.10648148306258443,-0.07966820796604379,0.15257536010191733,0.4493744946367457,0.01713954674615506,0.9466382533881776,0.10281750070809814,0.5811252088084418,0.9967266517932953,False
Body_Fat__Percent,Ornithine,Group_8C vs Group_22C Contrast,-0.05822230389507957,0.6785574223380422,-0.3335764984547882,0.21713189066462904,0.11554333637382619,-0.06871846854829333,0.0019509539858891746,0.970863482765112,0.08133574055069774,0.5254351509179915,0.02311343665561817,0.6887407035936279,0.9967266517932953,False
Body_Fat__Percent,Ascorbic_Acid,Group_8C vs Group_15C (Reference),0.21408005119327858,0.6792888195431398,-0.8008084179581905,1.2289685203447476,0.12823421080528652,-0.053383661943612104,-0.20894723680109067,0.10922477081008428,-0.03848115921295642,0.8531249888879919,0.005132814392187907,0.9918274562767568,0.9967266517932953,False
Height_m,Erythritol,Group_8C vs Group_22C Contrast,22.549809454532017,0.6804984201429922,-84.78249265251156,129.8821115615756,0.0650144240974736,-0.12977423754888595,-19.256458893482975,0.4300609757956382,-29.91783991084467,0.4943003930201617,-7.368030456312651,0.8228240442578925,0.9967266517932953,False
BSA_m2,Lysine,Group_22C vs Group_15C (Reference),-11.895894082449857,0.680656484149439,-68.54644610580198,44.75465794090227,0.22086931691527634,0.05855042460595894,10.018129149880874,0.6325078063913001,-1.877764932568983,0.9248737948179411,6.050020744590104,0.00010285318188607562,0.9967266517932953,False
BMI_kg·m2,alpha-D-Glucopyranoside,Group_8C vs Group_22C Contrast,0.5017297562547818,0.6813586914427678,-1.8932212917270228,2.8966808042365866,0.08065763895060785,-0.11087201960134885,0.18093428902649122,0.718382861393298,-0.660572739208796,0.3713560018405755,-0.15884298295401422,0.8703413415482872,0.9967266517932953,False
VO2max_ml_per_kg_per_min,Ascorbic_Acid,Group_8C vs Group_22C Contrast,0.14095605773459374,0.6814840014161904,-0.5321620608510664,0.8140741763202539,0.12212570696541158,-0.06076477075012754,0.10345211976262975,0.18297938125052227,0.015264409948077706,0.8838894319085653,0.15622046768267145,0.6329773903439482,0.9967266517932953,False
Body_Density_kg_per_m3,Aminomalonic_acid,Group_8C vs Group_22C Contrast,-90.54402708815816,0.6820763325939395,-523.7780937547701,342.6900395784538,0.3273591288955304,0.18722561408209937,-92.91031084392263,0.3115261404727635,123.53346111110399,0.45640860275805784,32.98943402294583,0.8213591084462026,0.9967266517932953,False
Weight_kg,Glycolic_acid,Group_8C vs Group_15C (Reference),0.08854371890745195,0.6824874561877705,-0.33569178422748674,0.5127792220423907,0.09413796778221695,-0.09458328892982104,-0.06843042405399535,0.7316695575601124,-0.03497864837376511,0.813691427300623,0.0201132948534566,0.810371498963995,0.9967266517932953,False
Max_Watts_W,beta-D-Xylopyranose,Group_8C vs Group_22C Contrast,-0.055219412786896696,0.6826923897816274,-0.3199752724205093,0.20953644684671596,0.0927665876245245,-0.09624037328703272,-0.016458421272910456,0.6060094911657864,0.055169497655401314,0.6790190275383354,-4.991513149537816e-05,0.9981655807079672,0.9967266517932953,False
BMI_kg·m2,Nonanoic_acid,Group_8C vs Group_22C Contrast,-0.34294543293223556,0.6827081691754089,-1.9873234498678216,1.3014325840033507,0.2909115376893303,0.1431847747079409,0.43376462533709104,0.1610248771807914,0.45604335923660005,0.40262663546383015,0.1130979263043645,0.8592820699141892,0.9967266517932953,False
BSA_m2,Methionine,Group_8C vs Group_15C (Reference),2.7966477169870374,0.6832145233877458,-10.635329173868215,16.22862460784229,0.35427242310555596,0.2197458445858802,-1.8509343693723408,0.41613476411798045,10.957691847964277,0.04154905035846057,0.9457133476146966,0.8836827264195419,0.9967266517932953,False
Skinfold_Thickness_mm,alpha-D-Glucopyranoside,Group_8C vs Group_15C (Reference),-0.0386126938978137,0.6832650952822926,-0.22409632569313814,0.14687093789751077,0.06922356719740852,-0.12468818963646466,0.009416952074948949,0.7892237518532301,-0.052917884792952535,0.3814192912195076,-0.029195741822864753,0.7395934754434588,0.9967266517932953,False
Height_m,Tyrosine,Group_8C vs Group_15C (Reference),-6.007873910143723,0.6836305534015967,-34.903121794580954,22.88737397429351,0.08830543136600677,-0.1016309370994084,11.657981070854577,0.4030449992328322,-2.2021307025764436,0.9520243781959163,5.650107160710854,0.23851695474819534,0.9967266517932953,False
BMI_kg·m2,Linoleic_Acid,Group_8C vs Group_22C Contrast,-0.43652458805342503,0.6838045084294416,-2.537276812682708,1.6642276365758581,0.20014683289202873,0.03351075641120138,-0.02725657311579927,0.9695270155734795,-0.3996398672667486,0.5890674443416939,-0.8361644553201737,0.28095408326491134,0.9967266517932953,False
Skinfold_Thickness_mm,Aminomalonic_acid,Group_8C vs Group_15C (Reference),-0.023838657655587566,0.6838921058893976,-0.13859247632937102,0.0909151610181959,0.3098810614196388,0.16610628254873028,0.021100275393921765,0.5659964677779294,-0.04725115196312705,0.5162456589228117,-0.002738382261665801,0.9520808356959762,0.9967266517932953,False
VO2max_ml_per_kg_per_min,Cysteine,Group_22C vs Group_15C (Reference),-0.18489432531082253,0.6841774464441075,-1.0757831665720239,0.7059945159503788,0.22579731960340443,0.06450509452078046,-0.08805482027072765,0.03047196531943543,-0.2729491455815502,0.5465674742082385,0.04539422886378432,0.632696018774267,0.9967266517932953,False
Max_Watts_W,Glycolic_acid,Group_22C vs Group_15C (Reference),-0.03876170824827737,0.6853062800958307,-0.22623794976787168,0.14871453327131692,0.11870187941162902,-0.06490189571094818,0.02195750441595761,0.5256777041841858,-0.01680420383231976,0.8505327053277163,-0.01023902873966255,0.6493379636790444,0.9967266517932953,False
Height_m,Palmitelaidic_acid,Group_8C vs Group_15C (Reference),-14.852854242559896,0.6857341218018252,-86.79402072446273,57.088312239342926,0.05838824549663191,-0.13778087002490302,20.033791402751575,0.2156967412040588,-1.0525371236069567,0.9735129442600543,5.180937160191679,0.8750433440681575,0.9967266517932953,False
Height_m,Ethyl_alpha-D-glucopyranoside,Group_8C vs Group_22C Contrast,16.166930336417636,0.6857936126713398,-62.15618634012995,94.49004701296522,0.1411278516269533,-0.0378038459507648,41.522164799022825,0.047498811295255045,-11.846151590653129,0.7384740896860635,4.320778745764507,0.8141867669969005,0.9967266517932953,False
Body_Fat__Percent,4-Aminobutanoic_acid,Group_22C vs Group_15C (Reference),0.09636621715146702,0.6858610930630495,-0.37059172284561015,0.5633241571485442,0.12574613983652327,-0.056390081030867734,-0.01635960767311567,0.8950120825804528,0.08000660947835135,0.6941418728726443,-0.30543900287235953,0.26474046203848256,0.9967266517932953,False
VO2max_ml_per_kg_per_min,4-Aminobutanoic_acid,Group_8C vs Group_22C Contrast,0.1362337780204832,0.6859594801862994,-0.5241394216209332,0.7966069776618996,0.08814830479203961,-0.10182079837628533,0.03905655099106468,0.6715276188184733,0.027985272652377734,0.8906349325162657,0.1642190506728609,0.5407988221278095,0.9967266517932953,False
Max_Watts_W,alpha-D-Glucopyranoside,Group_22C vs Group_15C (Reference),-0.03513633785734551,0.6860490676178854,-0.20550277469766884,0.1352300989829778,0.058239818462804904,-0.13796021935744407,-0.006911550031887852,0.8171229013467702,-0.04204788788923336,0.6064508516078018,0.015997916838718082,0.3375936310462817,0.9967266517932953,False
Max_Watts_W,Aminomalonic_acid,Group_8C vs Group_15C (Reference),-0.012354873164796805,0.6860825838404053,-0.07226701046504001,0.047557264135446406,0.3097533356238368,0.16595194721213613,0.013436462475617859,0.5535845795420496,0.05353442983692923,0.6368799426910297,0.0010815893108210538,0.9579077891489471,0.9967266517932953,False
BSA_m2,Glycolic_acid,Group_8C vs Group_22C Contrast,5.600563047627196,0.686086004373075,-21.558900718599922,32.76002681385432,0.10977087895603055,-0.07569352126146311,-8.701672461585131,0.6067953063049148,-0.32889151271168693,0.9709410689332016,5.271671534915509,0.6160198689719154,0.9967266517932953,False
Body_Density_kg_per_m3,D---Ribofuranose,Group_8C vs Group_22C Contrast,88.88476657801378,0.6863888201575836,-342.5941114361296,520.3636445921571,0.1418034340194375,-0.036987517226512834,-104.7181428471819,0.38856950206054275,-13.10201581280539,0.9417185737352078,75.78275076520839,0.5533614521618295,0.9967266517932953,False
Max_Watts_W,Arachidonic_acid,Group_8C vs Group_22C Contrast,-0.008352151895107612,0.6869409337563883,-0.04897204059987936,0.03226773680966413,0.12403246778611332,-0.05846076809177969,-0.005673210172379737,0.012125966421906057,0.006089367906157715,0.7580680360293175,-0.002262783988949897,0.7159497410133921,0.9967266517932953,False
Height_m,1-Ethyl-1-tetradecyloxy-1-silacyclohexane,Group_22C vs Group_15C (Reference),-26.288808664881866,0.6871057011050523,-154.21064588107566,101.63302855131194,0.1525653214849012,-0.023983569872410904,34.82364656332406,0.25302558574829814,8.534837898442195,0.8824494140265566,2.3900991204968065,0.9219795823734849,0.9967266517932953,False
Age_years,Oleic_Acid,Group_8C vs Group_15C (Reference),-0.030456772640820123,0.6871496514072273,-0.17868198425953627,0.11776843897789603,0.12130237400423338,-0.061759631411551164,0.0019000404466999609,0.9532043166590546,0.054179808332050834,0.4806132079849428,-0.028556732194120162,0.6760700206447785,0.9967266517932953,False
VO2max_ml_per_kg_per_min,"11-Eicosenoic_acid,_E-",Group_22C vs Group_15C (Reference),0.052507450168599784,0.6871647986347729,-0.20304575294771596,0.3080606532849155,0.09693961052358824,-0.0911979706173307,-0.011626496341654495,0.8440529302391959,0.04088095382694529,0.7250249909723132,0.03655075887644711,0.5958659840800071,0.9967266517932953,False
BSA_m2,"2,3,4-Trihydroxybutyric_acid",Group_8C vs Group_15C (Reference),-6.679932666092477,0.6873481936984782,-39.21122924870149,25.85136391651654,0.07439614593631771,-0.11843799032694946,-1.2965673620669487,0.8932056561186047,1.7188664956437718,0.9383605443032137,-7.976500028159426,0.5545815592508965,0.9967266517932953,False
Body_Density_kg_per_m3,"2,3-Butanediol",Group_22C vs Group_15C (Reference),-108.81940375963028,0.6877387652656637,-639.470102037079,421.8312945178184,0.14493517090596952,-0.03320333515528673,137.06029459442377,0.26284004283735796,28.24089083479349,0.9069056413648986,-160.10568319521272,0.3750670874179529,0.9967266517932953,False
Body_Fat__Percent,"2,3-Butanediol",Group_22C vs Group_15C (Reference),0.25267058629010125,0.6877450621374376,-0.9794872151009442,1.4848283876811468,0.14727403642935322,-0.030377205981198196,-0.3137982983441868,0.26370276329510545,-0.06112771205408557,0.9134612094253367,0.3771713997161119,0.3631834380934347,0.9967266517932953,False
Weight_kg,Glycine,Group_22C vs Group_15C (Reference),0.11856439459181707,0.68811821211049,-0.4603496420784348,0.697478431262069,0.12592627369589005,-0.05617241928413286,0.07404286363569235,0.6778523528742942,0.1926072582275094,0.4134811574700419,-0.01045946313916192,0.8978384146992684,0.9967266517932953,False
Body_Fat__Percent,"Ethanolamine,_2TMS",Group_8C vs Group_22C Contrast,0.19087903773411724,0.6881500240364398,-0.741242980643757,1.1230010561119916,0.05747560892707326,-0.13888363921311964,-0.1949918229365381,0.5720357089736573,-0.23692434732690804,0.552182825602386,-0.04604530959279077,0.8591649667167154,0.9967266517932953,False
Height_m,Indole-3-Propionic_Acid,Group_8C vs Group_15C (Reference),3.4093668040794287,0.6885887919549206,-13.2640888786967,20.08282248685556,0.03770174826620032,-0.16277705417834132,-4.024409511187548,0.6274589192964839,5.032621543948478,0.3502250428968121,-0.615042707108119,0.745945466137353,0.9967266517932953,False
Max_Watts_W,L-5-Oxoproline,Group_22C vs Group_15C (Reference),0.026298563019093786,0.6897793299578118,-0.1028349677317712,0.15543209376995876,0.24450712334815328,0.08711277404568529,0.008835652259372682,0.8604682619529008,0.03513421527846647,0.4094503113851269,-0.004066299539645954,0.9022567686480361,0.9967266517932953,False
Body_Density_kg_per_m3,"Ethanolamine,_2TMS",Group_8C vs Group_22C Contrast,-82.37468249803447,0.6903179701149533,-487.60765755710213,322.8582925610332,0.0595823485593483,-0.1363379954907875,88.47656360012212,0.5633883677998429,102.18557343865504,0.5573562517710826,19.810890940620567,0.8589001744107536,0.9967266517932953,False
Body_Density_kg_per_m3,4-Aminobutanoic_acid,Group_22C vs Group_15C (Reference),-41.37464791839402,0.6905217327690563,-245.05015629210118,162.30086045531317,0.12758734194578347,-0.05416529514884494,6.69858954004216,0.9012868296777083,-34.67605837835186,0.6961137062633775,133.3566283564218,0.2593394124348931,0.9967266517932953,False
Max_Watts_W,Butanoic_acid,Group_8C vs Group_15C (Reference),-0.007686012675195578,0.6907506961755885,-0.045551586373831575,0.030179561023440417,0.10539600030437135,-0.08097983296555111,-0.003356247129808725,0.718759149883061,-0.03222432969384972,0.6699625239268205,-0.011042259805004303,0.5140758559211429,0.9967266517932953,False
Age_years,1H-Indole-3-Acetic_Acid,Group_8C vs Group_22C Contrast,0.05507417058476808,0.691408428120013,-0.21686658980455134,0.3270149309740875,0.04196718807610289,-0.15762298107470896,0.009268739621523815,0.8328930058854108,-0.0017842056198198817,0.9735251032520933,0.0532899649649482,0.6769464197073523,0.9967266517932953,False
BSA_m2,Lysine,Group_8C vs Group_22C Contrast,7.927785677159087,0.6914415992685354,-31.221826064586935,47.07739741890511,0.22086931691527634,0.05855042460595894,10.018129149880874,0.6325078063913001,-1.877764932568983,0.9248737948179411,6.050020744590104,0.00010285318188607562,0.9967266517932953,False
VO2max_ml_per_kg_per_min,Glycine,Group_22C vs Group_15C (Reference),-0.1975375453261543,0.6914885588111319,-1.173171515930603,0.7780964252782946,0.1379841776215187,-0.04160245204066482,-0.11963292541027164,0.14734881029854982,-0.31717047073642596,0.5182031293074392,0.041282315702632785,0.7528163338667324,0.9967266517932953,False
Skinfold_Thickness_mm,Lactic_Acid1,Group_8C vs Group_22C Contrast,0.07066086333511604,0.6922657219420867,-0.27926719854903215,0.4205889252192643,0.1061852833265663,-0.08002611598039899,0.042076690453427386,0.4888253812833179,-0.048573466326556645,0.6241389496443679,0.02208739700855939,0.8817493051911098,0.9967266517932953,False
Muscle_Mass_kg,Proline,Group_22C vs Group_15C (Reference),0.043980484055659914,0.6923416919408083,-0.17387317580463826,0.2618341439159581,0.07063203649907768,-0.1229862892302811,0.014009967243555955,0.8905503365010725,0.05799045129921587,0.19353621739496862,-0.007708089750128794,0.8599229855586745,0.9967266517932953,False
VO2max_ml_per_kg_per_min,"2-Ethyl-3-hydroxypropionic_acid,_di-",Group_22C vs Group_15C (Reference),0.12932805366365857,0.6926785679049308,-0.5120276944954876,0.7706838018228048,0.17621954993899958,0.004598622842957867,-0.06121459391834912,0.5049947574743534,0.06811345974530945,0.8283127345649941,0.05764950513644429,0.8072359211615407,0.9967266517932953,False
VO2max_ml_per_kg_per_min,Glycerol,Group_8C vs Group_15C (Reference),-0.19750227799365516,0.6928780850516525,-1.1776139107260906,0.7826093547387801,0.07734242610549114,-0.1148779017891981,0.24523576479841352,0.08951145102949057,-0.033481688419775,0.87970889433634,0.04773348680475836,0.9205798904478497,0.9967266517932953,False
Body_Fat__Percent,N-Acetylglutamine,Group_22C vs Group_15C (Reference),-0.22766026022954652,0.6934301770711793,-1.3595755090688126,0.9042549886097195,0.36842778445938296,0.23685023955508777,-0.009038959250433158,0.9750589315934558,-0.23669921947997968,0.6358878844629696,-0.7884057724114774,0.10125666372633146,0.9967266517932953,False
BSA_m2,Palmitelaidic_acid,Group_8C vs Group_22C Contrast,9.556783173221142,0.6936700140939784,-37.9991204308235,57.112686777265786,0.10162432148598599,-0.08553727820443346,3.9324511228578016,0.42882635517536083,-11.146689599300572,0.40447551389037484,-1.5899064260794296,0.9374086897216878,0.9967266517932953,False
Body_Density_kg_per_m3,Citric_acid,Group_22C vs Group_15C (Reference),-82.10320164076609,0.6937993216712965,-490.8345604751095,326.62815719357735,0.16980680780536572,-0.0031501072351829418,110.54704229488465,0.11595429623877676,28.44384065411856,0.8848047560157997,-8.228625540486547,0.9072392044336492,0.9967266517932953,False
Weight_kg,L-Alanine,Group_8C vs Group_22C Contrast,-0.1292625880841569,0.6938389950243075,-0.7728654498933742,0.5143402737250604,0.08374662094615004,-0.10713949969006853,0.1473661995885949,0.43120768410161003,0.039399041726866285,0.8899506389158718,-0.0898635463572906,0.5826817422405199,0.9967266517932953,False
Body_Density_kg_per_m3,N-Acetylglutamine,Group_22C vs Group_15C (Reference),98.1227082358132,0.6938884536655954,-390.5077868995036,586.75320337113,0.3704703512955393,0.2393183411487767,6.150997122633088,0.9616027606731045,104.27370535844629,0.6261984563068577,340.85403519810524,0.08990722183879685,0.9967266517932953,False
Muscle_Mass_kg,N-Acetylglutamine,Group_22C vs Group_15C (Reference),0.12097453729604404,0.6939714311970067,-0.4816253153656158,0.7235743899577038,0.2084708500181105,0.043568943771883584,-0.052818437441707694,0.8582089791216467,0.06815609985433635,0.4193108786303754,-0.20510968143501804,0.4722196061864732,0.9967266517932953,False
VO2max_ml_per_kg_per_min,2-Aminoheptanedioic_acid,Group_8C vs Group_22C Contrast,0.16441564068423803,0.6943261437530409,-0.6555895820072024,0.9844208633756784,0.03558418455998558,-0.16533577699001745,0.007062973339764042,0.9342546492274134,-0.15300642620320934,0.5505488156967857,0.011409214481028678,0.9724747192266299,0.9967266517932953,False
BMI_kg·m2,2-Keto-3-methylvaleric_acid,Group_22C vs Group_15C (Reference),0.33074232311872154,0.6943417579469549,-1.3188576637145344,1.9803423099519777,0.05822856407578825,-0.1379738184084225,-0.011629041885938217,0.9821726742565249,0.3191132812327833,0.629493302309639,0.2981990206314476,0.7318497389056895,0.9967266517932953,False
Body_Fat__Percent,D---Ribofuranose,Group_8C vs Group_22C Contrast,-0.20144767351163528,0.6945306846568876,-1.2068546093219783,0.8039592622987077,0.1405974437843187,-0.03844475542728154,0.23497902863948694,0.3904235094833871,0.02658577373827331,0.9487871263875143,-0.17486189977336197,0.5638614661768826,0.9967266517932953,False
Body_Density_kg_per_m3,Glyceric_acid,Group_8C vs Group_22C Contrast,144.40672595574847,0.6948913761475443,-577.2112208728068,866.0246727843038,0.11568599891923415,-0.06854608463925871,-68.02069287903333,0.7222310967297353,104.82813342682562,0.6803744244803911,249.2348593825741,0.34891409511236615,0.9967266517932953,False
Height_m,Butanoic_acid,Group_8C vs Group_15C (Reference),11.212708908118607,0.6952828641475735,-44.89331978484842,67.31873760108564,0.0753808063988326,-0.11724819226807726,-9.152595044243204,0.6512390133128947,-9.857799707939,0.850757702765822,2.0601138638754026,0.9189123603607716,0.9967266517932953,False
Skinfold_Thickness_mm,Decanoic_acid,Group_8C vs Group_22C Contrast,0.010109397530076693,0.6963362181574668,-0.04066153549139191,0.06088033055154529,0.02337558503046655,-0.1800878347548529,-0.004488216661310655,0.39838250488197413,-0.008386838131354057,0.6126884333302165,0.0017225593987226359,0.9310657754747766,0.9967266517932953,False
BMI_kg·m2,L-Alanine,Group_8C vs Group_22C Contrast,-0.7963703884806633,0.6970571014913951,-4.805878461730782,3.213137684769456,0.11125721221908502,-0.0738975352352722,0.5581039373472882,0.24537858156903725,0.02589809915072505,0.985354128817739,-0.7704722893299383,0.6029813086759555,0.9967266517932953,False
Muscle_Mass_kg,"D-Arabinose,_tetrakis",Group_8C vs Group_15C (Reference),0.2182711067072845,0.69725666700717,-0.8814064009548719,1.3179486143694408,0.0912349916170132,-0.09809105179610889,-0.10390922488322604,0.8414012183413351,-0.20558724752685692,0.4553307210173141,0.11436188182405846,0.5904124701705684,0.9967266517932953,False
VO2max_ml_per_kg_per_min,Alanine,Group_8C vs Group_22C Contrast,-0.17523270305626065,0.6973450813869833,-1.0583648201855727,0.7078994140730515,0.12153903746971517,-0.06147366305742752,-0.13204132948699707,0.11564247518233237,0.1163756982387946,0.7934354045379983,-0.05885700481746607,0.42739853774039815,0.9967266517932953,False
Height_m,D---Ribofuranose,Group_8C vs Group_22C Contrast,32.43086202657088,0.6975222262101095,-131.11384265457536,195.97556670771712,0.14951241076800859,-0.027672503655322922,-33.436802311476654,0.5015955426760934,-12.506474605782216,0.8784317109044208,19.924387420788662,0.23127325646683317,0.9967266517932953,False
BMI_kg·m2,DL-Ornithine,Group_22C vs Group_15C (Reference),0.0944566790573734,0.6978172919439145,-0.382356800369697,0.5712701584844438,0.1105173553416714,-0.07479152896214702,-0.06337573643393266,0.6814598488647152,0.031080942623440744,0.8686907017312451,-0.3682507204276083,0.5446421334944302,0.9967266517932953,False
Height_m,Threonine,Group_8C vs Group_15C (Reference),9.456938089953224,0.6985474564942178,-38.40291208673201,57.31678826663846,0.12525220351392063,-0.05698692075401257,-22.44558190014473,0.306911105142204,-5.340702073816686,0.4503244289993664,-12.988643810191506,0.22311954058969707,0.9967266517932953,False
Height_m,Methionine,Group_8C vs Group_15C (Reference),4.357362215129109,0.699102570720141,-17.737235160492887,26.45195959075111,0.1465078935269205,-0.03130296198830429,-5.950583644713765,0.3002949686000076,12.05233341018573,0.38332997792267864,-1.5932214295846556,0.8695247759184483,0.9967266517932953,False
BSA_m2,Erythritol,Group_22C vs Group_15C (Reference),7.416892307853926,0.6991422527271878,-30.196683226787655,45.03046784249551,0.09756421066795495,-0.09044324544288762,-8.101081080730692,0.43923856146370244,-0.6841887728767659,0.9660630361947047,-14.123137963244773,0.6712006446630152,0.9967266517932953,False
Height_m,Cholesterol,Group_22C vs Group_15C (Reference),6.562921100149909,0.6996393607055771,-26.77778484113064,39.903627041430454,0.09452015879468678,-0.09412147478975341,-6.664628001737715,0.6557798174522771,-0.10170690158780626,0.9899976967291515,2.1016049984095533,0.322870327294134,0.9967266517932953,False
Age_years,"2-Ethyl-3-hydroxypropionic_acid,_di-",Group_22C vs Group_15C (Reference),-0.04497472880681857,0.699821128644412,-0.27359908355792933,0.18364962594429218,0.19214673180056396,0.023843967592348192,0.041491551056317105,0.4971952552683543,-0.0034831777505014636,0.972033733654244,-0.10269915759499904,0.463658265435857,0.9967266517932953,False
Body_Density_kg_per_m3,1H-Indole-3-Acetic_Acid,Group_8C vs Group_15C (Reference),-35.12467375870529,0.7003918414536507,-214.03476423618642,143.78541671877585,0.15528519808808205,-0.02069705231023411,-24.908054619287782,0.28676123056151837,-44.38598400396465,0.40834130473327246,-60.032728377993074,0.49627700534219166,0.9967266517932953,False
Weight_kg,2-Keto-3-methylvaleric_acid,Group_8C vs Group_22C Contrast,-0.11420681419792865,0.7007536712073383,-0.6966773856132163,0.468263757217359,0.05405904207177592,-0.14301199082993743,0.02193953771858242,0.85634821699403,0.08855362971305956,0.5120938184569581,-0.02565318448486909,0.922796468289304,0.9967266517932953,False
Height_m,2-OH-Butanoic_Acid,Group_8C vs Group_15C (Reference),-11.769751494842467,0.7008810412519046,-71.82286755547484,48.28336456578991,0.04298539946196955,-0.15639264231678673,9.862540843917419,0.7468124700723583,-0.8098798168064363,0.9399381556295041,-1.9072106509250482,0.41917068054855533,0.9967266517932953,False
Body_Fat__Percent,Glyceric_acid,Group_8C vs Group_22C Contrast,-0.3278607326208285,0.7011005379157411,-2.002034708092636,1.3463132428509792,0.11524727164414794,-0.06907621342998782,0.16074528920294526,0.7057338449530279,-0.24472048572711283,0.6740211574933315,-0.5725812183479413,0.35990944465333374,0.9967266517932953,False
Age_years,1-Heptadecanol,Group_22C vs Group_15C (Reference),-0.057909537538381885,0.7011380959990979,-0.35364992190764394,0.23783084683088015,0.10711482706984843,-0.07890291729059973,-0.019438863515760664,0.7332309506964142,-0.07734840105414255,0.5797922454330524,-0.08898844343506801,0.06348138128134351,0.9967266517932953,False
Body_Fat__Percent,Citric_acid,Group_22C vs Group_15C (Reference),0.1857612242307754,0.7013075177649934,-0.7634750255435936,1.1349974740051445,0.1703319588594745,-0.002515549711468168,-0.25256843921081584,0.11107361119963083,-0.06680721498004044,0.8839353661178724,0.01745820896838579,0.9144636786442115,0.9967266517932953,False
Muscle_Mass_kg,L-+-Erythrulose,Group_8C vs Group_15C (Reference),0.1612053704044513,0.7013464524628346,-0.662663758153622,0.9850744989625245,0.1781309496357386,0.006908230809850924,-0.14002905650310482,0.7145547331070525,0.1599375372831674,0.07981655016734979,0.021176313901346472,0.9028728485648487,0.9967266517932953,False
Weight_kg,DL-Ornithine,Group_22C vs Group_15C (Reference),0.02792621598220148,0.7014498677782712,-0.1148476827062238,0.17070011467062676,0.07546159161278876,-0.11715057680121355,-0.038892554011822275,0.4602955094963286,-0.010966338029620794,0.8274734540929849,-0.047724641805047034,0.4334615139643714,0.9967266517932953,False
VO2max_ml_per_kg_per_min,L-5-Oxoproline,Group_8C vs Group_15C (Reference),0.18323202170653502,0.7016292762615128,-0.7541407288501394,1.1206047722632093,0.24667218437466287,0.08972888945271773,-0.09789869543127494,0.7797661680029954,-0.019834383655479265,0.948659768858954,0.08533332627526008,0.7933941905907829,0.9967266517932953,False
Age_years,L-Rhamnose,Group_8C vs Group_15C (Reference),0.07178391017611067,0.7016551372927212,-0.2954794495848796,0.43904726993710097,0.22800234761255456,0.06716950336517014,-0.13591899450487324,0.1685509701029172,-0.08502925392713537,0.8047704571662064,-0.06413508432876257,0.6871859254134756,0.9967266517932953,False
Height_m,1-Monooleoylglycerol,Group_8C vs Group_22C Contrast,10.287189235181806,0.7017438446074203,-42.36189898238358,62.93627745274719,0.06438331822347032,-0.13053682381330667,-3.845109270637288,0.8762638613927479,-7.59470310721991,0.7523924033048994,2.6924861279618946,0.8212699347592827,0.9967266517932953,False
Muscle_Mass_kg,Lactic_Acid1,Group_8C vs Group_15C (Reference),-0.26992673266480854,0.7017680367946475,-1.6514844866547407,1.1116310213251237,0.11189995904665828,-0.07312088281862117,0.3666663051862704,0.5831494706024958,-0.11039752361430538,0.3930026777859885,0.09673957252146187,0.6667298420086567,0.9967266517932953,False
Body_Fat__Percent,1H-Indole-3-Acetic_Acid,Group_8C vs Group_15C (Reference),0.08165342631524619,0.7020637680132185,-0.33670651627561615,0.5000133689061086,0.153617346958289,-0.022712372425400806,0.05675728154182657,0.2926945917439979,0.10149604833779097,0.4192148513048424,0.13841070785707277,0.502737664881374,0.9967266517932953,False
Max_Watts_W,beta-Alanine,Group_8C vs Group_22C Contrast,0.04637330448719258,0.7023445966546732,-0.19146500502050617,0.28421161399489137,0.27497294970365327,0.12392564755858104,-0.002905450566415375,0.7705223583948295,0.012432800367702753,0.9177862597651558,0.05880610485489533,6.686483204143556e-05,0.9967266517932953,False
Age_years,2-Aminoheptanedioic_acid,Group_8C vs Group_22C Contrast,0.14373894022044315,0.7027869275704761,-0.5946180564605057,0.8820959369013919,0.09814284305606857,-0.08974406464058382,-0.10703620930451721,0.0879771425218123,-0.17523898647058217,0.3836695587469485,-0.03150004625013901,0.9212190329876855,0.9967266517932953,False
Age_years,"Ethanolamine,_3TMS",Group_22C vs Group_15C (Reference),-0.08097769679435113,0.7030894246727122,-0.4973805650020964,0.3354251714133941,0.2237126072139516,0.06198606705019161,0.14044657900323973,0.18100250953192532,0.0594688822088886,0.7474684130605538,-0.25213229124075576,0.3278925438648219,0.9967266517932953,False
Body_Density_kg_per_m3,Glyceraldehyde-3-PMOX,Group_8C vs Group_22C Contrast,-35.12517582901171,0.7032043088935224,-215.8222961478341,145.57194448981068,0.22226754569873086,0.060239951052633134,65.57847235813504,0.15181149482043324,-21.762971351171302,0.7153030381570766,-56.88814718018301,0.41825942438898034,0.9967266517932953,False
Body_Density_kg_per_m3,Linoleic_Acid,Group_22C vs Group_15C (Reference),72.4907632826048,0.7036442444566512,-301.0032860665363,445.9848126317459,0.15050868012595986,-0.026468678181131855,14.151089018299107,0.8866065457433788,86.6418523009039,0.5943243652433106,62.68030356625644,0.7467021809680225,0.9967266517932953,False
Body_Fat__Percent,Linoleic_Acid,Group_22C vs Group_15C (Reference),-0.16637251547476561,0.7037151410874152,-1.0237886744060871,0.6910436434565559,0.15166981673652935,-0.025065638110026933,-0.03568579686228691,0.8732353854503613,-0.20205831233705251,0.5909645108169319,-0.1508944284241487,0.7395652507805324,0.9967266517932953,False
Muscle_Mass_kg,Lysine,Group_8C vs Group_22C Contrast,0.09917994955593588,0.7041632354369445,-0.41277510076046875,0.6111349998723405,0.20942903651003053,0.04472675244962032,0.11077187643344617,0.6771628383298778,-0.09002282271648913,0.7187804977751613,0.00915712683944675,0.9036761757042335,0.9967266517932953,False
Max_Watts_W,Butanoic_acid,Group_22C vs Group_15C (Reference),-0.02886808256404099,0.7047311789068345,-0.1781797219919399,0.12044355686385791,0.10539600030437135,-0.08097983296555111,-0.003356247129808725,0.718759149883061,-0.03222432969384972,0.6699625239268205,-0.011042259805004303,0.5140758559211429,0.9967266517932953,False
Body_Fat__Percent,1-Monopalmitin,Group_8C vs Group_22C Contrast,0.05072790809566771,0.7047753280074618,-0.2116932207561141,0.31314903694744955,0.179400418356642,0.008442172180942453,0.12539937463434908,0.15496975773302904,-0.0717139303822995,0.4556992205705961,-0.020986022286631795,0.821818498251548,0.9967266517932953,False
Muscle_Mass_kg,D---Ribofuranose,Group_8C vs Group_22C Contrast,0.09375629291694401,0.7051161230363052,-0.3918435859594618,0.5793561717933499,0.11583289813757869,-0.06836858141709246,-0.18138680708623614,0.690792933244484,-0.018507134780441636,0.9109273862539655,0.07524915813650238,0.6832627475303916,0.9967266517932953,False
Skinfold_Thickness_mm,2-Aminoheptanedioic_acid,Group_22C vs Group_15C (Reference),0.032675900422213855,0.705559477821423,-0.13682937796642522,0.20218117881085293,0.03095924894612523,-0.17092424085676527,-0.0014708823779598832,0.9160359591520758,0.031205018044253973,0.7146579525160279,-0.005241302877475082,0.9313595955601486,0.9967266517932953,False
Body_Density_kg_per_m3,Campesterol,Group_8C vs Group_22C Contrast,-41.34812547027801,0.7057565448301405,-255.9949485822122,173.2986976416562,0.19950052590656897,0.03272980213710419,12.258254889696547,0.732577043536166,82.31158005552258,0.4152012767408517,40.96345458524457,0.33259480534911323,0.9967266517932953,False
BMI_kg·m2,1-Monooleoylglycerol,Group_8C vs Group_22C Contrast,0.16943752064370687,0.7061891513248562,-0.7115066952035218,1.0503817364909356,0.3954799783697893,0.2695383071968288,0.617533419346433,0.0020172550648073907,-0.7415990010044082,0.0598067355327867,-0.5721614803607014,0.008157792845218337,0.9967266517932953,False
Skinfold_Thickness_mm,N-Acetylglutamine,Group_22C vs Group_15C (Reference),-0.03620196187744208,0.7065685946638963,-0.22467598471973327,0.15227206096484908,0.3578682939933038,0.22409085524190875,0.006939512495983583,0.8726874067103074,-0.0292624493814585,0.7332392342448908,-0.1347844409352985,0.24206605945912973,0.9967266517932953,False
Body_Density_kg_per_m3,1-Monopalmitin,Group_8C vs Group_22C Contrast,-21.793683839583437,0.706876993614286,-135.38284223700953,91.79547455784265,0.1808032546184153,0.010137265997251843,-55.68246126208605,0.14802179170170246,31.009859789701054,0.45753968187004723,9.216175950117616,0.8186816240955106,0.9967266517932953,False
Muscle_Mass_kg,Glycolic_acid,Group_22C vs Group_15C (Reference),-0.19021173490808904,0.7071894733131501,-1.1826904979097674,0.8022670280935893,0.10511352311510191,-0.08132115956925179,0.1974639116021395,0.692697979561301,0.007252176694050455,0.9296943003422653,0.05090892262732713,0.6644375027636473,0.9967266517932953,False
Weight_kg,Linoleic_Acid,Group_22C vs Group_15C (Reference),-0.09394143671660289,0.7078012791151029,-0.585181008838124,0.3972981354049182,0.2069825518775219,0.041770583518672355,-0.004222144631037682,0.9843206866869609,-0.09816358134764057,0.44696949709473444,-0.2002642305228857,0.2557950318668887,0.9967266517932953,False
BSA_m2,1-Ethyl-1-tetradecyloxy-1-silacyclohexane,Group_8C vs Group_15C (Reference),-10.042827738186801,0.7079271209420035,-62.58260728451484,42.49695180814124,0.1469547083001389,-0.03076306080399882,10.77621414415568,0.3395501575246458,4.410447614451943,0.6067415597557191,0.7333864059688793,0.9759390664727605,0.9967266517932953,False
Max_Watts_W,Cholesterol,Group_8C vs Group_22C Contrast,-0.00985350129287077,0.7081895228583307,-0.0614523378812304,0.04174533529548886,0.11471227538185491,-0.06972266724692533,0.010483550611885316,0.41344529905518623,0.010843235964613824,0.674402650339802,0.0009897346717430543,0.8486192857461334,0.9967266517932953,False
Body_Fat__Percent,Glyceraldehyde-3-PMOX,Group_8C vs Group_22C Contrast,0.08006572742125406,0.7085159669270087,-0.3396984923474162,0.49982994718992435,0.22366548516116758,0.061929127903077585,-0.15106737138870155,0.13944895321927533,0.05026082440646787,0.7149330185062905,0.13032655182772193,0.42709597757605855,0.9967266517932953,False
Age_years,"Ethanolamine,_2TMS",Group_8C vs Group_22C Contrast,0.09047255110510885,0.7089202829302239,-0.3845423875824725,0.5654874897926903,0.09869683796170603,-0.08907465412960525,-0.1824073699316121,0.27435062522891696,0.023877751510193973,0.873178665241835,0.11435030261530282,0.5487077007634378,0.9967266517932953,False
Height_m,"Ethanolamine,_2TMS",Group_22C vs Group_15C (Reference),-16.112532692247434,0.7090665475014514,-100.75239895403908,68.52733356954423,0.08538715181634082,-0.10515719155525471,24.12823208406893,0.5164505000915488,8.015699391821496,0.7150280621842,27.04321600501469,0.012943091079730795,0.9967266517932953,False
Max_Watts_W,3-OH-Butanoic_Acid,Group_8C vs Group_22C Contrast,0.009484757655492303,0.7091404088112758,-0.04035327706089352,0.059322792371878125,0.1067878721615736,-0.07929798780476527,0.014805438567341359,0.28505553805390604,-0.01323600466154707,0.5905524682403007,-0.003751247006054767,0.5597503872101721,0.9967266517932953,False
BSA_m2,"2,3,4-Trihydroxybutyric_acid",Group_8C vs Group_22C Contrast,-9.695366523803198,0.7092806628447939,-60.66580346341429,41.2750704158079,0.07439614593631771,-0.11843799032694946,-1.2965673620669487,0.8932056561186047,1.7188664956437718,0.9383605443032137,-7.976500028159426,0.5545815592508965,0.9967266517932953,False
Max_Watts_W,Oxalic_acid,Group_8C vs Group_15C (Reference),-0.010139470132297275,0.7094151312710637,-0.06346950858857259,0.04319056832397804,0.3987903806731147,0.27353837664668024,0.003174404136852294,0.8505084128355398,0.09381512908309665,0.3125473501378635,-0.006965065995444981,0.7444801849443754,0.9967266517932953,False
BMI_kg·m2,Lactic_Acid1,Group_8C vs Group_22C Contrast,0.6823210473252839,0.709550575350603,-2.9082662756958406,4.272908370346408,0.24788053725524073,0.09118898251674923,1.422481854688129,0.07133589684738315,-0.3063989226662307,0.7376333619907331,0.37592212465905317,0.8127827867505024,0.9967266517932953,False
Age_years,Methyl_galactoside,Group_8C vs Group_22C Contrast,-0.07124773743695904,0.7098727817626574,-0.4466118454764252,0.30411637060250707,0.14224128228881106,-0.036458450567686596,-0.03454613926344776,0.8106892027845989,-0.12996319743298443,0.4092712945810342,-0.2012109348699435,0.06478939913563808,0.9967266517932953,False
Body_Fat__Percent,DL-Ornithine,Group_22C vs Group_15C (Reference),0.03948467066613422,0.7105782923886845,-0.16906504684596302,0.24803438817823148,0.12627860088852205,-0.05574669059303572,0.0016170989607895631,0.9814919812098395,0.04110176962692378,0.6091649012828277,-0.1756211103897659,0.3610697872212407,0.9967266517932953,False
Muscle_Mass_kg,N-Acetylglutamine,Group_8C vs Group_15C (Reference),-0.15229124399331034,0.710894541854465,-0.9575829207612698,0.6530004327746493,0.2084708500181105,0.043568943771883584,-0.052818437441707694,0.8582089791216467,0.06815609985433635,0.4193108786303754,-0.20510968143501804,0.4722196061864732,0.9967266517932953,False
Height_m,Lysine,Group_8C vs Group_22C Contrast,26.62551761905008,0.7119678325701688,-114.71782467686941,167.96885991496956,0.20590159706004407,0.0404644297808866,-14.376509635988585,0.8142095537907932,-14.990097199640703,0.8345195729413986,11.635420419409376,0.10574607973238148,0.9967266517932953,False
Muscle_Mass_kg,Stearic_Acid,Group_22C vs Group_15C (Reference),-0.014826687313402533,0.7120092377839774,-0.09354554733176276,0.0638921727049577,0.059484803169385314,-0.13645586283699274,0.007592736209255563,0.8340339126281553,-0.00723395110414697,0.6761966406151534,0.02588506817700774,0.28414322454125274,0.9967266517932953,False
Muscle_Mass_kg,Arachidonic_acid,Group_22C vs Group_15C (Reference),0.019138851483821526,0.7123869524079615,-0.08261411677110297,0.12089181973874602,0.04606971117802783,-0.15266576565988288,-0.007531991186158553,0.8793590154403623,0.011606860297662974,0.4467496153432857,0.002011385213974021,0.9377204820604013,0.9967266517932953,False
Skinfold_Thickness_mm,1H-Indole-3-Acetic_Acid,Group_8C vs Group_15C (Reference),0.015300171513233627,0.7124050078857811,-0.0660495457165711,0.09664988874303834,0.16507664663420663,-0.008865718650333587,0.008088905289505155,0.3909349940428446,0.02149975553234497,0.4332574076291349,0.02338907680273878,0.5628308779531568,0.9967266517932953,False
Height_m,Glutamine_[-H2O],Group_22C vs Group_15C (Reference),9.632805515948391,0.712453096691833,-41.59297037432318,60.85858140621996,0.09489360528007629,-0.09367022695324101,-7.870424432005892,0.6918505870849911,1.7623810839424987,0.9173994461086266,-1.7804590879747337,0.7577625310769873,0.9967266517932953,False
BSA_m2,"2-Ethyl-3-hydroxypropionic_acid,_di-",Group_22C vs Group_15C (Reference),2.8977089194539163,0.7125376560463611,-12.516604495465192,18.312022334373026,0.3081356946264481,0.1639972976736248,-2.2153927547903924,0.5655447540040347,0.6823161646635238,0.9207104423875039,-13.508492774413977,1.9350807962670302e-06,0.9967266517932953,False
BSA_m2,L-+-Erythrulose,Group_8C vs Group_15C (Reference),8.524303872658177,0.7126407828762438,-36.83761580206787,53.88622354738422,0.1539579414371025,-0.02230082076350115,-2.5374613637307912,0.8322634188909374,11.592137905887427,0.3056819870469183,5.986842508927385,0.7623981677525271,0.9967266517932953,False
Body_Fat__Percent,Campesterol,Group_8C vs Group_22C Contrast,0.09444113213548323,0.7127842394448788,-0.40839746205347505,0.5972797263244415,0.19926496064714694,0.03244516078196924,-0.02902609272665262,0.7190783640029053,-0.18921313512360016,0.42452377537173636,-0.09477200298811692,0.33545328344321534,0.9967266517932953,False
Height_m,"11-Eicosenoic_acid,_E-",Group_8C vs Group_22C Contrast,5.714004395950055,0.7131038689848239,-24.74487948642163,36.17288827832174,0.1566867520679195,-0.019003507917930484,13.668873047791683,0.06263878623075687,1.418820378490084,0.9220456132277934,7.132824774440139,0.20220088574996908,0.9967266517932953,False
Muscle_Mass_kg,Lysine,Group_8C vs Group_15C (Reference),-0.10161474959399942,0.7133553614801467,-0.6437662639057992,0.44053676471780034,0.20942903651003053,0.04472675244962032,0.11077187643344617,0.6771628383298778,-0.09002282271648913,0.7187804977751613,0.00915712683944675,0.9036761757042335,0.9967266517932953,False
BMI_kg·m2,Stearic_Acid,Group_22C vs Group_15C (Reference),0.16256731620433942,0.7134892769673221,-0.7052123665131229,1.0303469989218017,0.19611424205058647,0.028638042477792003,0.07522510675746877,0.19562399228486427,0.2377924229618082,0.5879793629987782,0.05255802411179834,0.27917111399188,0.9967266517932953,False
Weight_kg,2-Keto-3-methylvaleric_acid,Group_22C vs Group_15C (Reference),0.06661409199447714,0.7135710150841966,-0.28907618277845265,0.42230436676740696,0.05405904207177592,-0.14301199082993743,0.02193953771858242,0.85634821699403,0.08855362971305956,0.5120938184569581,-0.02565318448486909,0.922796468289304,0.9967266517932953,False
VO2max_ml_per_kg_per_min,L-Proline,Group_22C vs Group_15C (Reference),-0.13162521879375258,0.7137608217165858,-0.8349341740868876,0.5716837364993825,0.1966599529349342,0.029297443129712275,-0.1202047060410223,0.3964962558057771,-0.2518299248347749,0.444902178222607,-0.041402735694096846,0.878413828975181,0.9967266517932953,False
BSA_m2,Ornithine,Group_8C vs Group_15C (Reference),2.6632391424612596,0.7138472793890058,-11.571661729959642,16.89814001488216,0.11726058978869502,-0.06664345400532667,-2.4538464138666782,0.6888481343238646,1.2739042358952455,0.6470429269817664,0.20939272859458136,0.9571592357558991,0.9967266517932953,False
Muscle_Mass_kg,Cholesterol,Group_8C vs Group_22C Contrast,-0.009784702708085284,0.7139434898062429,-0.06210288701227762,0.04253348159610705,0.09539725845338132,-0.0930616460354976,-0.02846993570615689,0.8065174256124644,0.022171730896049922,0.3085723856700242,0.012387028187964638,0.4223701681853589,0.9967266517932953,False
BMI_kg·m2,L-Rhamnose,Group_8C vs Group_22C Contrast,-0.3057453819287578,0.7140488830630434,-1.9411767938007203,1.3296860299432045,0.2628999918282552,0.1093374901258084,-0.4394914533601367,0.13527665200398636,0.7188207793872572,0.3286474706993303,0.41307539745849936,0.29367002929597996,0.9967266517932953,False
BSA_m2,2-OH-Butanoic_Acid,Group_8C vs Group_22C Contrast,-1.6762084157910917,0.7142262686247036,-10.648064958452956,7.295648126870773,0.013025084841390422,-0.19259468914998656,0.37000059891369924,0.9689645217140535,0.8958792791677919,0.7421294529390199,-0.7803291366232998,0.8320561220739853,0.9967266517932953,False
Skinfold_Thickness_mm,Ascorbic_Acid,Group_8C vs Group_15C (Reference),0.036646894578752684,0.714898147005099,-0.15998437861771392,0.23327816777521931,0.12878862836194782,-0.05271374072931301,-0.02846828163430799,0.29378122868064616,-0.0025660111163314132,0.9399637572639226,0.008178612944444694,0.9325208708832842,0.9967266517932953,False
Max_Watts_W,L-Proline,Group_22C vs Group_15C (Reference),0.02541683439680726,0.7157447341238046,-0.11138351659675652,0.16221718539037103,0.15448884060292756,-0.02165931760479589,-0.024439874642948015,0.27347925832599984,0.0009769597538592453,0.9882135814188096,-0.0028307139101045806,0.9277835943224286,0.9967266517932953,False
Height_m,3-OH-Butanoic_Acid,Group_8C vs Group_15C (Reference),-14.582404738681703,0.7159612858607707,-93.13144708279047,63.96663760542707,0.09421163659931364,-0.09449427244249597,14.903406403693033,0.7083544455207671,-12.624454349430799,0.5710930198885285,0.3210016650113303,0.9409835748282322,0.9967266517932953,False
BSA_m2,Erythritol,Group_8C vs Group_22C Contrast,-13.438949190368007,0.7160959403005991,-85.86591685600321,58.9880184752672,0.09756421066795495,-0.09044324544288762,-8.101081080730692,0.43923856146370244,-0.6841887728767659,0.9660630361947047,-14.123137963244773,0.6712006446630152,0.9967266517932953,False
VO2max_ml_per_kg_per_min,Diethanolamine,Group_22C vs Group_15C (Reference),-0.24858921253431618,0.7165134489521874,-1.5903568852927128,1.0931784602240806,0.2169346922297135,0.05379608644423717,0.0792548648656026,0.7836047451547394,-0.16933434766871358,0.7850266226658209,-0.15727081683197047,0.6008029857192694,0.9967266517932953,False
Muscle_Mass_kg,1-Monooleoylglycerol,Group_8C vs Group_22C Contrast,-0.06531106530277239,0.7165428011255985,-0.41787411334187974,0.287251982736335,0.13462229502168066,-0.045664726848802406,0.0877518329056194,0.6680914326086258,-0.04683299569122697,0.7740535576427767,-0.11214406099399936,0.13891054018702675,0.9967266517932953,False
BMI_kg·m2,3-OH-Butanoic_Acid,Group_22C vs Group_15C (Reference),-0.23154688526182457,0.7165504714724285,-1.4814986955809377,1.0184049250572886,0.09084629188916571,-0.09856073063392468,-0.11023452280027975,0.6307307974633642,-0.34178140806210433,0.5657377624741857,-0.019592944594196873,0.850037084060614,0.9967266517932953,False
Body_Density_kg_per_m3,"Ethanolamine,_2TMS",Group_8C vs Group_15C (Reference),-68.66567265950155,0.7169183271246676,-439.84467766536056,302.5133323463575,0.0595823485593483,-0.1363379954907875,88.47656360012212,0.5633883677998429,102.18557343865504,0.5573562517710826,19.810890940620567,0.8589001744107536,0.9967266517932953,False
BMI_kg·m2,Linoleic_Acid,Group_22C vs Group_15C (Reference),-0.37238329415094934,0.7171234481547214,-2.3868628839758252,1.6420962956739265,0.20014683289202873,0.03351075641120138,-0.02725657311579927,0.9695270155734795,-0.3996398672667486,0.5890674443416939,-0.8361644553201737,0.28095408326491134,0.9967266517932953,False
Muscle_Mass_kg,"Ethanolamine,_2TMS",Group_8C vs Group_15C (Reference),-0.13947351806096508,0.7186992134618599,-0.8983983803673483,0.6194513442454181,0.12384573900229168,-0.058686398705564136,0.160120294040885,0.6708654045507414,-0.1867600631840123,0.1874066170882629,0.0206467759799199,0.8170448880227625,0.9967266517932953,False
BMI_kg·m2,3-OH-Butanoic_Acid,Group_8C vs Group_15C (Reference),0.09064157820608287,0.7187042277383002,-0.4025805680235168,0.5838637244356826,0.09084629188916571,-0.09856073063392468,-0.11023452280027975,0.6307307974633642,-0.34178140806210433,0.5657377624741857,-0.019592944594196873,0.850037084060614,0.9967266517932953,False
Max_Watts_W,Asparagine,Group_22C vs Group_15C (Reference),0.018123410016904935,0.7195390918061852,-0.08080089622188558,0.11704771625569546,0.10267803906472384,-0.08426403613012523,0.02173604216308841,0.30918824412852275,0.03985945217999334,0.3833423496399475,-0.017022218437098575,0.3803751596390148,0.9967266517932953,False
Muscle_Mass_kg,Asparagine,Group_22C vs Group_15C (Reference),0.08194281004604212,0.7197649831893685,-0.3657079292567956,0.5295935493488799,0.0764285109601548,-0.11598221592314628,-0.10982237897740367,0.6041760596122991,-0.02787956893136155,0.7439609303116499,-0.13930337839373452,0.1560645035478021,0.9967266517932953,False
Body_Fat__Percent,2-Keto-3-methylvaleric_acid,Group_22C vs Group_15C (Reference),0.15467653935938622,0.719843069336712,-0.6905619368211393,0.9999150155399117,0.026113178113121194,-0.17677990977997848,-0.04170717121487366,0.8563917977368035,0.11296936814451256,0.756617678085836,-0.033811710292899526,0.8815461782192475,0.9967266517932953,False
VO2max_ml_per_kg_per_min,2-OH-Butanoic_Acid,Group_8C vs Group_22C Contrast,0.03732518515938471,0.720012816695015,-0.16677319470197507,0.2414235650207445,0.2892229867283773,0.14114444229678935,0.11679507339947282,0.05464279572754981,-0.08438637461865597,0.34058113524775835,-0.04706118945927126,0.39045473084966664,0.9967266517932953,False
Weight_kg,"Ethanolamine,_2TMS",Group_8C vs Group_22C Contrast,0.06696212615896352,0.7201963292454847,-0.2994451337916362,0.4333693861095632,0.012130363066186756,-0.1936758112950243,-0.023533019332965432,0.8686362939863852,-0.05185110607372665,0.7386556762541379,0.015111020085236865,0.8843599410195828,0.9967266517932953,False
Weight_kg,Aminomalonic_acid,Group_8C vs Group_15C (Reference),-0.08427138614963638,0.7204510989519901,-0.5458226624000684,0.37727989010079566,0.328865251176374,0.18904551183811857,0.1596055422641595,0.13250252773190868,0.044805374548712196,0.843571214024498,0.07533415611452311,0.7200928822114594,0.9967266517932953,False
BMI_kg·m2,L-Alanine,Group_22C vs Group_15C (Reference),-0.5322058381965632,0.7210198801722849,-3.4532804124163365,2.3888687360232104,0.11125721221908502,-0.0738975352352722,0.5581039373472882,0.24537858156903725,0.02589809915072505,0.985354128817739,-0.7704722893299383,0.6029813086759555,0.9967266517932953,False
Body_Density_kg_per_m3,DL-Ornithine,Group_22C vs Group_15C (Reference),-16.61276032567038,0.7217057670102773,-108.02836958312952,74.80284893178876,0.1279420456830117,-0.05373669479969423,-1.0419418262128421,0.9729571677362707,-17.65470215188322,0.6147912263488173,76.32156614835134,0.35874103782368527,0.9967266517932953,False
Max_Watts_W,Indole-3-Propionic_Acid,Group_22C vs Group_15C (Reference),-0.007409883288717108,0.72206653779304,-0.04823972542995386,0.03341995885251964,0.12135779469714691,-0.06169266474094748,0.007985029031789832,0.0005599627289254218,0.000575145743072724,0.9778369680070798,-0.004119092678724845,0.2676239407549894,0.9967266517932953,False
BMI_kg·m2,"Ethanolamine,_2TMS",Group_8C vs Group_15C (Reference),-0.33644390114552547,0.7233633787334683,-2.199378421178178,1.5264906188871272,0.050504795166705696,-0.14730670584023065,-0.20498282248489477,0.6879282774381893,-0.36177980923202235,0.6708725915224383,-0.5414267236304202,0.49954824353324434,0.9967266517932953,False
Height_m,Tyrosine,Group_22C vs Group_15C (Reference),-13.86011177343102,0.7234344442058426,-90.62595435995182,62.90573081308978,0.08830543136600677,-0.1016309370994084,11.657981070854577,0.4030449992328322,-2.2021307025764436,0.9520243781959163,5.650107160710854,0.23851695474819534,0.9967266517932953,False
Height_m,4-Aminobutanoic_acid,Group_8C vs Group_22C Contrast,-16.763465134527202,0.7240343960204891,-109.82205737554938,76.29512710649496,0.12470396903099834,-0.05764937075421028,-19.632531191491715,0.39585505615039795,24.45668572654285,0.4122742333977094,7.693220592015649,0.8350188316658629,0.9967266517932953,False
Body_Density_kg_per_m3,L-Aspartic_acid,Group_8C vs Group_22C Contrast,99.78595749610996,0.7241106788521343,-454.3129463055691,653.884861297789,0.08658426645066963,-0.1037106780387742,-20.764816486607984,0.7617521650900363,-111.28369089146743,0.5757469465926661,-11.497733395357473,0.9543696200354426,0.9967266517932953,False
VO2max_ml_per_kg_per_min,Palmitic_Acid,Group_8C vs Group_22C Contrast,0.059613675017998066,0.724579042652492,-0.2720004568771955,0.39122780691319164,0.20499169061819977,0.03936495949699148,0.01460941994286755,0.5756809709660723,-0.056225033829336135,0.7354980980703529,0.003388641188661938,0.9112918947769031,0.9967266517932953,False
BSA_m2,"9-Hexadecenoic_acid,_Z-",Group_8C vs Group_22C Contrast,1.858247780321709,0.7245937184197901,-8.479236941545743,12.195732502189163,0.2061315864690676,0.040742333650123363,4.468210547283877,0.08693770767724171,-4.758882500378097,0.23423442875827938,-2.900634720056388,0.3986838443977936,0.9967266517932953,False
Max_Watts_W,Dodecanoic_acid,Group_22C vs Group_15C (Reference),-0.014105225476114452,0.7246888634229713,-0.09259981751270552,0.06438936656047661,0.1094927719102049,-0.07602956727516896,0.007920773745337591,0.5646058198252658,-0.006184451730776861,0.8694022633649336,-0.031167447725124434,0.4179078017205855,0.9967266517932953,False
Max_Watts_W,"1,3-Dioxolane-2-methanol",Group_8C vs Group_15C (Reference),-0.012003585607911593,0.7247317312430985,-0.07881354260207868,0.05480637138625549,0.12931274579890972,-0.052080432159650636,-0.029995936482206022,0.18917749037952425,-0.05510918299076793,0.6803130853353756,-0.04199952209011762,0.09689187172408276,0.9967266517932953,False
Skinfold_Thickness_mm,"D-Arabinose,_tetrakis",Group_22C vs Group_15C (Reference),-0.020793565387731985,0.7247454068037922,-0.13653307860573638,0.09494594783027242,0.08463031879761629,-0.10607169811954686,0.012289950404609304,0.7464239405465567,-0.008503614983122682,0.8507554606856822,0.0956880833035077,0.3236595569139824,0.9967266517932953,False
Height_m,L-+-Erythrulose,Group_8C vs Group_15C (Reference),-21.817200587789582,0.7249228201919105,-143.33603137319085,99.70163019761169,0.24164345169553547,0.08365250413210545,52.24349169460537,0.0717113452570565,-0.5400798965248796,0.989751443535086,30.426291106815786,0.5787102959516848,0.9967266517932953,False
Height_m,Aminomalonic_acid,Group_8C vs Group_22C Contrast,-16.602423451692474,0.7249354444126219,-109.0817800533919,75.87693315000695,0.35124926525455913,0.21609286218259238,-45.07274757360592,0.25420899551742904,24.38418045344511,0.5619635995001249,7.781757001752638,0.7162388483274114,0.9967266517932953,False
Body_Density_kg_per_m3,2-Keto-3-methylvaleric_acid,Group_22C vs Group_15C (Reference),-65.66047012291301,0.7252554740512146,-431.84186032905745,300.52092008323143,0.025183933892940047,-0.17790274654603078,17.30287568846258,0.8624019766288701,-48.357594434450434,0.7594415343434155,13.663600190065434,0.8876037472862084,0.9967266517932953,False
Max_Watts_W,"1,5-Anhydrohexitol",Group_22C vs Group_15C (Reference),0.02048559357823502,0.7266082290463952,-0.09434945058621313,0.13532063774268316,0.4296805812871275,0.31086403572194576,0.029251785743290844,0.5756462398674497,0.04973737932152586,0.06047358218039012,-0.082405232868734,0.0254724937880213,0.9967266517932953,False
Body_Fat__Percent,L-Aspartic_acid,Group_8C vs Group_22C Contrast,-0.22572443630936062,0.7266128273571744,-1.491101787049588,1.0396529144308666,0.08598914594589457,-0.10442978198204389,0.04488411702111869,0.7708345583792913,0.25442741015750037,0.5749419816757928,0.028702973848139718,0.9501707631325622,0.9967266517932953,False
BSA_m2,Doconexent,Group_8C vs Group_22C Contrast,3.6390121611318125,0.7273988569662229,-16.822018639599413,24.10004296186304,0.20765527754772295,0.04258346037016525,6.818745317343856,7.403068316606949e-05,0.6451379405394562,0.8065809965717565,4.284150101671269,0.6714789705942525,0.9967266517932953,False
Muscle_Mass_kg,Cholesterol,Group_8C vs Group_15C (Reference),0.04085696389412153,0.7275213772174068,-0.18897236520940489,0.27068629299764796,0.09539725845338132,-0.0930616460354976,-0.02846993570615689,0.8065174256124644,0.022171730896049922,0.3085723856700242,0.012387028187964638,0.4223701681853589,0.9967266517932953,False
Muscle_Mass_kg,Glyceric_acid,Group_8C vs Group_22C Contrast,0.08542483706004711,0.7276748636344572,-0.3953993927710352,0.5662490668911294,0.1152518644846039,-0.06907066374777027,0.45823214644587845,0.4214531283387245,-0.14983842322481639,0.15711692352923734,-0.06441358616476928,0.7709792827169097,0.9967266517932953,False
VO2max_ml_per_kg_per_min,Aminomalonic_acid,Group_8C vs Group_22C Contrast,-0.1889556189397253,0.7280288043866171,-1.2539570129857538,0.8760457751063033,0.3013218641076745,0.15576391913010668,-0.033427619712008784,0.7991837554962067,0.21735981310931254,0.6206990178885203,0.028404194169587248,0.9292430948618291,0.9967266517932953,False
Weight_kg,Lysine,Group_8C vs Group_15C (Reference),-0.07093228845312392,0.7280477711890359,-0.470746194426702,0.32888161752045414,0.23489159786014557,0.07549401408100931,0.14699001655299082,0.45632552512776126,-0.01678063286610476,0.959127202802619,0.0760577280998669,0.14138914292653282,0.9967266517932953,False
Skinfold_Thickness_mm,2-Aminoheptanedioic_acid,Group_8C vs Group_22C Contrast,-0.03644632092172905,0.7280666581649631,-0.24189672851925653,0.16900408667579842,0.03095924894612523,-0.17092424085676527,-0.0014708823779598832,0.9160359591520758,0.031205018044253973,0.7146579525160279,-0.005241302877475082,0.9313595955601486,0.9967266517932953,False
Max_Watts_W,"2-Ethyl-3-hydroxypropionic_acid,_di-",Group_22C vs Group_15C (Reference),0.026594962043746524,0.728480259908369,-0.12355769008853433,0.17674761417602738,0.1823564695023684,0.01201406731536192,-0.009963072732968968,0.6394931165550619,0.016631889310777553,0.8212146403968632,-0.008889153049062124,0.7633624927855085,0.9967266517932953,False
Max_Watts_W,L-Alanine,Group_8C vs Group_15C (Reference),0.02059528440681146,0.7284955530646167,-0.09569057183013131,0.13688114064375423,0.16332772889849478,-0.01097899424765214,-0.041028677017944055,0.3431946338217218,0.0712955773169551,0.658111970120653,-0.020433392611132594,0.6145666069846156,0.9967266517932953,False
Max_Watts_W,Aminomalonic_acid,Group_22C vs Group_15C (Reference),0.04009796736131137,0.728804340781174,-0.18657304552275078,0.26676898024537354,0.3097533356238368,0.16595194721213613,0.013436462475617859,0.5535845795420496,0.05353442983692923,0.6368799426910297,0.0010815893108210538,0.9579077891489471,0.9967266517932953,False
Skinfold_Thickness_mm,2-Aminoadipic_acid,Group_8C vs Group_15C (Reference),-0.018514332879697767,0.7288653733773289,-0.12319909147358644,0.08617042571419091,0.14045883675610948,-0.038612238919701,0.009496617359496598,0.7948033147587463,0.08857561359308865,0.3079023086651673,-0.00901771552020117,0.8170520541747315,0.9967266517932953,False
Height_m,"1,3-Dioxolane-2-methanol",Group_22C vs Group_15C (Reference),-24.527930612681615,0.7289118100163641,-163.23983543742915,114.18397421206592,0.05351522661148078,-0.14366910117779397,39.14446565126753,0.42921995212849373,14.616535038585916,0.7725334217771338,6.229550900113836,0.8876678847019595,0.9967266517932953,False
Muscle_Mass_kg,"11-Eicosenoic_acid,_E-",Group_22C vs Group_15C (Reference),-0.04367342993310197,0.7291393611576633,-0.2908741732345887,0.20352731336838475,0.09296418311512988,-0.09600161206921798,0.04752878762405549,0.6588372884313454,0.0038553576909535203,0.9532216854972282,0.012760271141350976,0.8137027586918504,0.9967266517932953,False
Muscle_Mass_kg,Methionine,Group_8C vs Group_15C (Reference),0.028665705621819134,0.7292170264029096,-0.13363662302359772,0.190968034267236,0.17954658049981986,0.008618784770615728,-0.023906709379693566,0.7204809679928352,0.06447042760203966,0.12916920139629262,0.004758996242125568,0.9225059910643905,0.9967266517932953,False
Skinfold_Thickness_mm,Campesterol,Group_8C vs Group_22C Contrast,0.016056385837564024,0.7296914584727091,-0.07502100456006083,0.10713377623518888,0.18882886895851425,0.01983488332487149,-0.0062868005502658385,0.5370002767552811,-0.030917008059668124,0.47378425569918803,-0.014860622222104101,0.3881208608128395,0.9967266517932953,False
VO2max_ml_per_kg_per_min,Arachidonic_acid,Group_22C vs Group_15C (Reference),-0.03887927206453885,0.7300112808840944,-0.25968381837984333,0.1819252742507656,0.19427104893622316,0.02641085079793637,-0.032759943321659095,0.08050288952577674,-0.07163921538619794,0.5189974512024746,0.017253144715441524,0.6802377104068422,0.9967266517932953,False
Body_Fat__Percent,"Ethanolamine,_2TMS",Group_8C vs Group_15C (Reference),0.14894651334374734,0.7301182700240473,-0.6973048025502432,0.9951978292377378,0.05747560892707326,-0.13888363921311964,-0.1949918229365381,0.5720357089736573,-0.23692434732690804,0.552182825602386,-0.04604530959279077,0.8591649667167154,0.9967266517932953,False
Body_Fat__Percent,Decanoic_acid,Group_8C vs Group_22C Contrast,0.05968763955626279,0.7307989461282696,-0.28033087701848547,0.399706156131011,0.024968117768741305,-0.17816352436277083,-0.03473979236392271,0.3689220638438181,-0.04830524417337668,0.5947394774551946,0.011382395382886115,0.9386208135280658,0.9967266517932953,False
Weight_kg,Cysteine,Group_8C vs Group_15C (Reference),0.030621841304199645,0.7314816803097575,-0.14427773815234676,0.20552142076074606,0.24232478474562147,0.08447578156762603,0.025044007472745548,0.699629947855867,0.18380449601530702,0.3195901751559804,0.05566584877694519,0.3633163332948932,0.9967266517932953,False
VO2max_ml_per_kg_per_min,L-Alanine,Group_8C vs Group_22C Contrast,0.21026655981520792,0.7316942814904563,-0.9917029723017184,1.4122360919321344,0.232847861031251,0.07302449874609496,-0.29647486093299397,0.153480999411855,0.21052468990529866,0.6878803379639165,0.4207912497205066,0.18647672371374924,0.9967266517932953,False
Skinfold_Thickness_mm,Threonine,Group_8C vs Group_15C (Reference),-0.015076355364670939,0.731869137408188,-0.10131583180210299,0.07116312107276113,0.13791849611346285,-0.04168181719623232,-0.011901484862333963,0.4980592522577194,0.047192368542409886,0.4321633926409585,-0.026977840227004904,0.5036716135455539,0.9967266517932953,False
Weight_kg,Erythritol,Group_8C vs Group_15C (Reference),-0.16821886566216782,0.7323115686234591,-1.1321152142056832,0.7956774828813477,0.13468609328502357,-0.04558763728059656,-0.08504974715032168,0.5080500315525038,0.04571520026871412,0.8494181106273313,-0.25326861281248947,0.5936708858076924,0.9967266517932953,False
Body_Fat__Percent,2-Keto-3-methylvaleric_acid,Group_8C vs Group_22C Contrast,-0.1467810784374121,0.7324575117962293,-0.988331189515992,0.6947690326411678,0.026113178113121194,-0.17677990977997848,-0.04170717121487366,0.8563917977368035,0.11296936814451256,0.756617678085836,-0.033811710292899526,0.8815461782192475,0.9967266517932953,False
Muscle_Mass_kg,Diethanolamine,Group_8C vs Group_22C Contrast,0.07979553689216508,0.7327834895460514,-0.37828207961502686,0.537873153399357,0.20239544423449785,0.03622782845001826,0.070432811709795,0.8787505852193458,-0.08101885180372213,0.5138131774246406,-0.0012233149115570552,0.9950716615490243,0.9967266517932953,False
Weight_kg,D---Ribofuranose,Group_8C vs Group_15C (Reference),0.14953089709135348,0.7332527235447037,-0.7104266821165705,1.0094884762992775,0.11837036656525768,-0.06530247373364695,-0.005457230826367589,0.9730127970521442,-0.0068219524512424905,0.9688505766461692,0.14407366626498588,0.7240177495401678,0.9967266517932953,False
Max_Watts_W,Lactic_Acid1,Group_8C vs Group_15C (Reference),-0.02372408001960796,0.7333497090167778,-0.16021371056419803,0.1127655505249821,0.06242464542217274,-0.13290355344820792,0.0024180535477458277,0.9586906114228633,0.010819618478460469,0.9265877218601597,-0.02130602647186213,0.6801088809273608,0.9967266517932953,False
VO2max_ml_per_kg_per_min,Linoleic_Acid,Group_8C vs Group_22C Contrast,0.10425955704555775,0.7334324565357854,-0.49577223529385384,0.7042913493849694,0.16409036290011392,-0.010057478162362354,-0.008300314765643363,0.95825142789811,0.1038247375075467,0.6248535130683488,0.20808429455310445,0.34541363100776845,0.9967266517932953,False
Body_Density_kg_per_m3,Stearic_Acid,Group_22C vs Group_15C (Reference),-28.889980556687803,0.7334427240944917,-195.1604204925598,137.38045937918417,0.14637247121679586,-0.03146659727970502,-17.1253036302855,0.08780139863915529,-46.015284186973304,0.5848926873381222,8.413652539966389,0.7259407889718881,0.9967266517932953,False
Body_Density_kg_per_m3,Decanoic_acid,Group_8C vs Group_22C Contrast,-25.795616052974705,0.7335751517868969,-174.33650905452308,122.74527694857366,0.024748815167186522,-0.1784285150063163,15.172744574900358,0.3700021270956567,20.741512441377875,0.6003408184980539,-5.054103611596831,0.9376621993495007,0.9967266517932953,False
VO2max_ml_per_kg_per_min,D---Ribofuranose,Group_22C vs Group_15C (Reference),0.15345656429878912,0.7338243739475947,-0.7310480630208118,1.0379611916183902,0.11059889373195164,-0.07469300340722507,-0.0828374512942225,0.6458857588545406,0.07061911300456662,0.8644623906285913,0.10264542569506689,0.49140286861327054,0.9967266517932953,False
Weight_kg,D---Ribofuranose,Group_8C vs Group_22C Contrast,0.15089561871622836,0.7338834558193887,-0.7190647339689004,1.0208559714013572,0.11837036656525768,-0.06530247373364695,-0.005457230826367589,0.9730127970521442,-0.0068219524512424905,0.9688505766461692,0.14407366626498588,0.7240177495401678,0.9967266517932953,False
Weight_kg,2-OH-Butanoic_Acid,Group_8C vs Group_22C Contrast,-0.02579049906036359,0.7339052301491085,-0.17449342508816626,0.12291242696743906,0.015199558007866876,-0.18996720074049422,-0.00650029546801517,0.9379631048774596,0.01753171484777529,0.6268306845064999,-0.008258784212588296,0.9015341223305753,0.9967266517932953,False
Max_Watts_W,Diethanolamine,Group_22C vs Group_15C (Reference),0.0409446113482974,0.7344911626967713,-0.19567108599006827,0.27756030868666304,0.21802770027969365,0.05511680450462986,0.014621270427093951,0.8157041961768792,0.055565881775391346,0.5900855515831704,0.000985898887449677,0.9794900842921948,0.9967266517932953,False
Body_Fat__Percent,Threonine,Group_8C vs Group_15C (Reference),-0.0852162380488463,0.7345291419538112,-0.5777474106728275,0.40731493457513496,0.13249622949825146,-0.04823372268961279,-0.07939231773304685,0.6318611966722967,0.24595529178437842,0.5592006204095408,-0.16460855578189315,0.3835808758377781,0.9967266517932953,False
BSA_m2,"Ethanolamine,_2TMS",Group_8C vs Group_15C (Reference),5.153350126746762,0.7348079994932601,-24.664431749145862,34.971132002639386,0.017675956082141342,-0.1869748864007459,0.4570346264584453,0.9719173221242774,-1.9687959176127938,0.8481920879088647,5.610384753205207,0.47931990647394596,0.9967266517932953,False
Height_m,Valine,Group_22C vs Group_15C (Reference),-6.2694940251982425,0.7350669530899732,-42.58223658119332,30.043248530796838,0.14212361992684874,-0.03660062592172442,0.8056522970675771,0.9549626869747597,-5.4638417281306655,0.643952005586288,2.0525931151248926,0.6443120347612272,0.9967266517932953,False
Muscle_Mass_kg,2-OH-Butanoic_Acid,Group_8C vs Group_15C (Reference),-0.051250943181864364,0.7352347152323868,-0.3482904742925601,0.2457885879288314,0.041849891226196645,-0.15776471476834564,0.054659436371586025,0.712260550430978,0.025608413105708664,0.33678138950946757,0.0034084931897216605,0.914387192759134,0.9967266517932953,False
Muscle_Mass_kg,Ornithine,Group_8C vs Group_15C (Reference),0.025719554751066447,0.7355713152577886,-0.12354264284292406,0.17498175234505695,0.10435791472442912,-0.08223418637464808,-0.01130073254444404,0.86040006589584,-0.01601294953832683,0.6492992296270415,0.014418822206622408,0.7242580356421453,0.9967266517932953,False
Muscle_Mass_kg,D---Ribofuranose,Group_22C vs Group_15C (Reference),0.1628796723057945,0.7370382168898064,-0.7878622172998427,1.1136215619114318,0.11583289813757869,-0.06836858141709246,-0.18138680708623614,0.690792933244484,-0.018507134780441636,0.9109273862539655,0.07524915813650238,0.6832627475303916,0.9967266517932953,False
Body_Fat__Percent,Stearic_Acid,Group_22C vs Group_15C (Reference),0.06556818203216741,0.737080791357186,-0.3172229845009257,0.4483593485652605,0.14373033713798933,-0.034659175958262844,0.03892537432077909,0.09362129066119267,0.10449355635294649,0.5899918529630064,-0.019512997397066016,0.730877894770767,0.9967266517932953,False
BSA_m2,Glycine,Group_22C vs Group_15C (Reference),8.100460382193988,0.7373661907999034,-39.24390036346064,55.44482112784861,0.10190461523361827,-0.08519858992604457,4.634888294474986,0.804916077307644,12.735348676668973,0.40243473589421264,-1.3456637844224328,0.8258011329721042,0.9967266517932953,False
Body_Density_kg_per_m3,2-Keto-3-methylvaleric_acid,Group_8C vs Group_22C Contrast,62.021194624515864,0.7376574660635564,-300.89557949740947,424.93796874644124,0.025183933892940047,-0.17790274654603078,17.30287568846258,0.8624019766288701,-48.357594434450434,0.7594415343434155,13.663600190065434,0.8876037472862084,0.9967266517932953,False
BMI_kg·m2,Glycine,Group_8C vs Group_15C (Reference),-0.2360485576730758,0.7378877476094314,-1.6185202491139852,1.1464231337678337,0.14608531945504932,-0.0318135723251487,0.2836517929269696,0.5302394470599401,0.887579791977596,0.5010856839241404,0.047603235253893816,0.9299554542749622,0.9967266517932953,False
Age_years,Leucine,Group_8C vs Group_15C (Reference),-0.043715839790751505,0.7382804849372406,-0.30014638827824736,0.21271470869674436,0.03086407965168414,-0.1710392370875482,0.018805430014080384,0.8174822421389982,0.02766836478425757,0.9227637912132463,-0.02491040977667112,0.8077283853883019,0.9967266517932953,False
Age_years,Glyceraldehyde-3-PMOX,Group_22C vs Group_15C (Reference),-0.036817051122591746,0.7384379068107771,-0.2529152650576276,0.17928116281244416,0.33690432704975126,0.1987593951851162,0.07880218286239524,0.2721331771359219,0.04198513173980349,0.6159767465094248,0.1653488981629917,0.004119145130988988,0.9967266517932953,False
Max_Watts_W,Glyceraldehyde-3-PMOX,Group_8C vs Group_15C (Reference),-0.005371636967030141,0.7393130719067103,-0.037010401058498225,0.02626712712443794,0.2070102882368946,0.04180409828624765,0.015317179794702727,0.202197022739522,0.01949568447076633,0.5699987662148518,0.009945542827672587,0.35646977427663984,0.9967266517932953,False
Body_Density_kg_per_m3,1H-Indole-3-Acetic_Acid,Group_22C vs Group_15C (Reference),-19.47792938467687,0.7394002257737592,-134.2421050106547,95.28624624130099,0.15528519808808205,-0.02069705231023411,-24.908054619287782,0.28676123056151837,-44.38598400396465,0.40834130473327246,-60.032728377993074,0.49627700534219166,0.9967266517932953,False
Body_Density_kg_per_m3,Threonine,Group_8C vs Group_15C (Reference),36.25681615663149,0.7407978176343002,-178.56390825053091,251.0775405637939,0.13263161952240088,-0.04807012641043218,34.199249133813254,0.6447503212435408,-108.03203705384834,0.5576590192261235,70.45606529044474,0.3825872935206953,0.9967266517932953,False
Height_m,2-OH-Butanoic_Acid,Group_22C vs Group_15C (Reference),-10.672420660723855,0.7417382664905705,-74.14507687627929,52.80023555483157,0.04298539946196955,-0.15639264231678673,9.862540843917419,0.7468124700723583,-0.8098798168064363,0.9399381556295041,-1.9072106509250482,0.41917068054855533,0.9967266517932953,False
Age_years,Ascorbic_Acid,Group_8C vs Group_15C (Reference),-0.08062459140130472,0.7418622065427943,-0.5603662615290479,0.3991170787264384,0.08206334827547679,-0.10917345416713209,0.013331745632582687,0.923411756325914,-0.03873944718031308,0.6777552731229444,-0.06729284576872203,0.7386574738607858,0.9967266517932953,False
BMI_kg·m2,Glycolic_acid,Group_8C vs Group_15C (Reference),-0.3809602883645042,0.7422021399160011,-2.6508932529612967,1.8889726762322883,0.10721766882888162,-0.07877865016510133,-0.04234043828703801,0.9561284263946976,-0.3729413599015081,0.6602732816527217,-0.42330072665154217,0.6247513276137415,0.9967266517932953,False
Skinfold_Thickness_mm,Linoleic_Acid,Group_22C vs Group_15C (Reference),-0.022639923259421525,0.7427778349333092,-0.15785181752596855,0.11257197100712552,0.180080004132534,0.009263338326812032,-0.01723787412016238,0.5146271621924543,-0.039877797379583906,0.5313876479793465,-0.039811193195366884,0.6006329882481387,0.9967266517932953,False
Body_Fat__Percent,1H-Indole-3-Acetic_Acid,Group_22C vs Group_15C (Reference),0.0447387667959644,0.7435241241458148,-0.22325949253221244,0.3127370261241412,0.153617346958289,-0.022712372425400806,0.05675728154182657,0.2926945917439979,0.10149604833779097,0.4192148513048424,0.13841070785707277,0.502737664881374,0.9967266517932953,False
Skinfold_Thickness_mm,Stearic_Acid,Group_22C vs Group_15C (Reference),0.009938714173580963,0.7442699937424391,-0.04977704693827322,0.06965447528543514,0.09980803459915433,-0.08773195819268853,0.004598097498039578,0.35009987116403274,0.01453681167162054,0.6287632238072289,-0.0022178727857743684,0.8383995535012612,0.9967266517932953,False
Age_years,1H-Indole-3-Acetic_Acid,Group_8C vs Group_15C (Reference),0.04402122534342438,0.7447984767149629,-0.22104342280101996,0.30908587348786876,0.04196718807610289,-0.15762298107470896,0.009268739621523815,0.8328930058854108,-0.0017842056198198817,0.9735251032520933,0.0532899649649482,0.6769464197073523,0.9967266517932953,False
VO2max_ml_per_kg_per_min,Citric_acid,Group_8C vs Group_22C Contrast,0.09884526816051808,0.7450395474510196,-0.49692493780465163,0.6946154741256878,0.21184731636369902,0.04764884060613639,0.20988711272380695,0.07296326172967721,-0.15614882332498847,0.549122066547393,-0.05730355516447039,0.7140471002492952,0.9967266517932953,False
BSA_m2,"D-Arabinose,_tetrakis",Group_8C vs Group_22C Contrast,8.38995474318771,0.7450657676925708,-42.18421807376779,58.964127560143204,0.045158562591466,-0.15376673686864528,10.830391296795526,0.36650102069964186,-10.430072677789791,0.29531984985541637,-2.0401179346020815,0.9316916025806614,0.9967266517932953,False
Max_Watts_W,Arachidonic_acid1,Group_22C vs Group_15C (Reference),-0.02019311379987318,0.7460942269898267,-0.14242457142110393,0.10203834382135758,0.06715473043855036,-0.12718803405341816,0.0022545155860218325,0.8155254167796728,-0.017938598213851346,0.770929356264862,-0.014195881613493973,0.4814402649990084,0.9967266517932953,False
Age_years,2-Aminoheptanedioic_acid,Group_22C vs Group_15C (Reference),-0.06820277716606496,0.7461828661853978,-0.48119208424767856,0.3447865299155486,0.09814284305606857,-0.08974406464058382,-0.10703620930451721,0.0879771425218123,-0.17523898647058217,0.3836695587469485,-0.03150004625013901,0.9212190329876855,0.9967266517932953,False
BSA_m2,Arachidonic_acid1,Group_22C vs Group_15C (Reference),-2.650455647015765,0.7461870716498622,-18.700075181459358,13.399163887427829,0.017385764313543328,-0.18732553478780178,1.121943205734233,0.8622506707871627,-1.528512441281532,0.7609594164044791,-2.6290219724664627,0.5542273523854542,0.9967266517932953,False
Weight_kg,Glycolic_acid,Group_8C vs Group_22C Contrast,0.05509194322722171,0.7465454481391685,-0.2790075130831565,0.38919139953759996,0.09413796778221695,-0.09458328892982104,-0.06843042405399535,0.7316695575601124,-0.03497864837376511,0.813691427300623,0.0201132948534566,0.810371498963995,0.9967266517932953,False
Age_years,Glycolic_acid,Group_8C vs Group_22C Contrast,-0.06904208522076855,0.7467314024969496,-0.4880590938464238,0.34997492340488673,0.2125131559889436,0.048453396819973626,-0.01958826750174338,0.8927647785656674,-0.1970334014346558,0.22427683624214323,-0.26607548665542435,0.0561916898131225,0.9967266517932953,False
Muscle_Mass_kg,"1,5-Anhydrohexitol",Group_8C vs Group_22C Contrast,0.08156502381449032,0.7468935072150144,-0.4137820985223546,0.5769121461513352,0.1359093704112294,-0.04410951075309777,0.338629262297266,0.34926611009659114,-0.0012754711586528966,0.9898116687490015,0.08028955265583743,0.7294564940046837,0.9967266517932953,False
Height_m,L-Alanine,Group_22C vs Group_15C (Reference),31.237724325325907,0.7472004457814297,-158.70502791686027,221.18047656751207,0.06994152345806959,-0.12382065915483254,-15.419301611006164,0.816858161012847,15.818422714319743,0.8222643861730767,17.051777683203305,0.5961772991223513,0.9967266517932953,False
Muscle_Mass_kg,Linoleic_Acid,Group_22C vs Group_15C (Reference),0.12607128542210344,0.7474426963738915,-0.6412735959596985,0.8934161668039053,0.2051347777243977,0.0395378564169806,-0.24872517839363323,0.521256088708276,-0.12265389297152979,0.022928084728963904,0.017662904616142117,0.9337486087774194,0.9967266517932953,False
Max_Watts_W,"2-Ethyl-3-hydroxypropionic_acid,_di-",Group_8C vs Group_22C Contrast,-0.02552104235983968,0.7475806413740933,-0.180948037380531,0.12990595266085164,0.1823564695023684,0.01201406731536192,-0.009963072732968968,0.6394931165550619,0.016631889310777553,0.8212146403968632,-0.008889153049062124,0.7633624927855085,0.9967266517932953,False
BSA_m2,Citric_acid,Group_8C vs Group_22C Contrast,-5.856012500659281,0.7476812686713307,-41.53473580800337,29.822710806684803,0.1450137993893228,-0.033108325737901456,-9.413294560378656,0.3107784244600925,5.987777109705341,0.7206014802123522,0.13176460904606024,0.9852905409160779,0.9967266517932953,False
Skinfold_Thickness_mm,L-Alanine,Group_8C vs Group_22C Contrast,-0.044788636813224494,0.7478151527428574,-0.317820776977811,0.22824350335136206,0.15356042520123714,-0.022781152881838462,0.045761114269308366,0.3605541202375714,-0.02334062913689392,0.8476408777257585,-0.06812926595011842,0.3175781583273225,0.9967266517932953,False
Muscle_Mass_kg,Arachidonic_acid,Group_8C vs Group_22C Contrast,-0.009595475083688952,0.7484594651324673,-0.06824471670251622,0.04905376653513832,0.04606971117802783,-0.15266576565988288,-0.007531991186158553,0.8793590154403623,0.011606860297662974,0.4467496153432857,0.002011385213974021,0.9377204820604013,0.9967266517932953,False
Age_years,Asparagine,Group_22C vs Group_15C (Reference),0.07484679329672395,0.7489500618144471,-0.3835468698657151,0.5332404564591631,0.1093618111172514,-0.07618781156665455,-0.016277211277675528,0.8948937237600358,0.05856958201904842,0.7682824523418028,0.22007364647155242,0.2050701348027224,0.9967266517932953,False
Skinfold_Thickness_mm,Palmitelaidic_acid,Group_8C vs Group_22C Contrast,0.030978052679608112,0.7491922711537062,-0.1589378351354298,0.220893940494646,0.2842083612800418,0.13508510321338385,0.01632030018987587,0.5498973862124559,-0.09857397371744585,0.25510495398512445,-0.06759592103783774,0.11960947551090673,0.9967266517932953,False
BSA_m2,1-Monopalmitin,Group_8C vs Group_22C Contrast,1.6865611756297054,0.7495675583101917,-8.669203936243134,12.042326287502545,0.13168317379103334,-0.049216165002501366,-0.4742998043186211,0.9334022590252468,-3.616678778240767,0.2697077116468267,-1.9301176026110611,0.6414445152406754,0.9967266517932953,False
Weight_kg,Glyceraldehyde-3-PMOX,Group_8C vs Group_22C Contrast,-0.021977366945665378,0.7496716473053076,-0.1569800981541992,0.11302536426286844,0.2901090816747155,0.14221514035694793,-0.13658338000678477,0.0390631882215977,0.029405245736655428,0.5838896708603207,0.00742787879099005,0.8633284907712804,0.9967266517932953,False
Max_Watts_W,Cysteine,Group_8C vs Group_15C (Reference),0.005409243905068218,0.7506986234950497,-0.02795969648853376,0.03877818429867019,0.1440384730572687,-0.034286845055800264,-0.012816469986567287,0.06360109329339521,0.03622525603847461,0.6061817896253174,-0.007407226081499069,0.6340498751220087,0.9967266517932953,False
BMI_kg·m2,Dodecanoic_acid,Group_8C vs Group_22C Contrast,0.2549973293771438,0.7513054250962949,-1.3220476399305512,1.832042298684839,0.3329294969454627,0.19395647547576744,0.12065885076914505,0.6435569388289104,-1.127201378880523,0.04537546385419322,-0.8722040495033793,0.1290089552403373,0.9967266517932953,False
Weight_kg,L-Alanine,Group_22C vs Group_15C (Reference),-0.10796715786172861,0.7513768849160027,-0.7758821693577966,0.5599478536343394,0.08374662094615004,-0.10713949969006853,0.1473661995885949,0.43120768410161003,0.039399041726866285,0.8899506389158718,-0.0898635463572906,0.5826817422405199,0.9967266517932953,False
Muscle_Mass_kg,Diethanolamine,Group_22C vs Group_15C (Reference),-0.15145166351351713,0.7514008599754906,-1.0884674214247119,0.7855640943976776,0.20239544423449785,0.03622782845001826,0.070432811709795,0.8787505852193458,-0.08101885180372213,0.5138131774246406,-0.0012233149115570552,0.9950716615490243,0.9967266517932953,False
Skinfold_Thickness_mm,Erythritol,Group_22C vs Group_15C (Reference),0.040172227329181964,0.7524227111331764,-0.2094299514281758,0.2897744060865397,0.2378210096324067,0.07903371997249153,-0.016096815869573792,0.6001598019680557,0.024075411459608172,0.845551936715045,-0.11650908560185658,0.05744942513718554,0.9967266517932953,False
Height_m,Arachidonic_acid,Group_8C vs Group_22C Contrast,3.1023024604558707,0.7525031905569559,-16.180073767946386,22.384678688858127,0.21881531410304123,0.056068504541174846,10.018830062237603,0.0002903502786322561,2.1957771461653524,0.8168623158852941,5.298079606621223,0.04345860518455669,0.9967266517932953,False
Weight_kg,"2,3-Butanediol",Group_8C vs Group_15C (Reference),0.2510545559884487,0.7525427748951014,-1.3096056490416816,1.811714761018579,0.08730587283009172,-0.10283873699697232,-0.1860988153479436,0.32693847537451604,-0.006727038678199626,0.9711951030112271,0.06495574064050513,0.9330587136887767,0.9967266517932953,False
Weight_kg,Glyceric_acid,Group_8C vs Group_22C Contrast,0.09738308477277524,0.7526249442781721,-0.5082099405278642,0.7029761100734147,0.07606400878350772,-0.11642265605326152,0.1990111035896207,0.29168023564260614,-0.1051081261490231,0.6322760752686536,-0.007725041376247854,0.9716413267225215,0.9967266517932953,False
Age_years,Butanoic_acid,Group_22C vs Group_15C (Reference),-0.05353250692712945,0.7529588206707951,-0.3868923458352154,0.2798273319809565,0.2820042227575329,0.1324217691653523,0.0400757756657666,0.2799126027783856,-0.013456731261362848,0.9353872268528591,-0.24193167834877954,0.04902331546639238,0.9967266517932953,False
Muscle_Mass_kg,Citric_acid,Group_8C vs Group_22C Contrast,0.07667768424667842,0.7537367456937134,-0.4023806357881409,0.5557360042814977,0.1800886414459617,0.009273775080537172,-0.33354091210151937,0.343980542969476,-0.014867505004426296,0.9434972355401905,0.06181017924225213,0.6222018715254205,0.9967266517932953,False
BMI_kg·m2,"Ethanolamine,_3TMS",Group_22C vs Group_15C (Reference),0.24903118387660805,0.755158681576332,-1.3161466761362113,1.8142090438894276,0.2638195001641275,0.11044856269832071,0.6069363311146744,0.3393055203770754,0.8559675149912824,0.07698242174048331,-0.6864089120459494,0.5505073138145611,0.9967266517932953,False
Age_years,Ascorbic_Acid,Group_22C vs Group_15C (Reference),-0.05207119281289577,0.7553312690596058,-0.3795806494294378,0.2754382638036462,0.08206334827547679,-0.10917345416713209,0.013331745632582687,0.923411756325914,-0.03873944718031308,0.6777552731229444,-0.06729284576872203,0.7386574738607858,0.9967266517932953,False
BMI_kg·m2,alpha-D-Glucopyranoside,Group_8C vs Group_15C (Reference),-0.33977727198050545,0.7563077561599352,-2.4857020211476386,1.8061474771866277,0.08065763895060785,-0.11087201960134885,0.18093428902649122,0.718382861393298,-0.660572739208796,0.3713560018405755,-0.15884298295401422,0.8703413415482872,0.9967266517932953,False
Height_m,Arachidonic_acid1,Group_8C vs Group_15C (Reference),6.353195490475948,0.7570194901438513,-33.892931866434935,46.59932284738683,0.022461191330543695,-0.18119272714225954,-2.5473652692978694,0.8855342745496373,8.742382607699188,0.6683235392362656,3.805830221178079,0.7148673214961776,0.9967266517932953,False
Height_m,2-Aminoheptanedioic_acid,Group_22C vs Group_15C (Reference),17.593205536519346,0.7577241890022842,-94.19066499604392,129.37707606908262,0.06887956297266495,-0.12510386140802976,-31.75650944409875,0.05398581006659908,-14.163303907579404,0.795328373293291,5.1028061055824985,0.9204185639411855,0.9967266517932953,False
BMI_kg·m2,Diethanolamine,Group_8C vs Group_22C Contrast,-0.47142460230972333,0.75918420531941,-3.4855673049314606,2.542718100312014,0.23684806802313307,0.0778580821946192,0.03372055606456995,0.9632307700057345,0.8241480335624697,0.5377525945001618,0.3527234312527464,0.6421597779921964,0.9967266517932953,False
Weight_kg,Decanoic_acid,Group_8C vs Group_22C Contrast,0.022650037656804164,0.7596826765088645,-0.12247723972374326,0.1677773150373516,0.03742116036458387,-0.16311609789279435,0.0012152379716812223,0.9719808167636547,-0.03933146369599512,0.1195827610678386,-0.016681426039190955,0.8105802414385834,0.9967266517932953,False
BMI_kg·m2,2-Keto-3-methylvaleric_acid,Group_8C vs Group_15C (Reference),0.3098280625173858,0.7599419056652541,-1.6775317114663686,2.2971878365011404,0.05822856407578825,-0.1379738184084225,-0.011629041885938217,0.9821726742565249,0.3191132812327833,0.629493302309639,0.2981990206314476,0.7318497389056895,0.9967266517932953,False
BMI_kg·m2,Lactic_Acid,Group_8C vs Group_22C Contrast,-0.4072954916957272,0.7603916153959618,-3.024956733190041,2.2103657497985867,0.06904137251559861,-0.1249083415436516,0.262863788608865,0.5777621028289587,0.06079347634818674,0.9505487489448778,-0.3465020153475405,0.7024576783130834,0.9967266517932953,False
Muscle_Mass_kg,Indole-3-Latic_Acid,Group_8C vs Group_22C Contrast,-0.011168300692956878,0.760517971326957,-0.08298529955152534,0.06064869816561158,0.22348557346895592,0.0617117346083218,0.008248321232693904,0.9006544636565397,0.010887103771288105,0.6011724254055786,-0.00028119692166877347,0.9925575747187276,0.9967266517932953,False
Muscle_Mass_kg,Glycolic_acid,Group_8C vs Group_22C Contrast,0.043656745933276675,0.7605973946449802,-0.23717106533367893,0.3244845572002323,0.10511352311510191,-0.08132115956925179,0.1974639116021395,0.692697979561301,0.007252176694050455,0.9296943003422653,0.05090892262732713,0.6644375027636473,0.9967266517932953,False
Skinfold_Thickness_mm,Tryptophan,Group_8C vs Group_22C Contrast,-0.014202300916982397,0.7608832507428991,-0.10567314306435396,0.07726854123038918,0.024264990091524608,-0.17901313697274102,-0.006616912339401244,0.3146751916594498,0.022944754146482615,0.6092049438981271,0.00874245322950022,0.4941058565863794,0.9967266517932953,False
VO2max_ml_per_kg_per_min,Oxalic_acid,Group_8C vs Group_22C Contrast,-0.15152710242035117,0.7609435694230939,-1.1277012415179577,0.8246470366772554,0.3964847774374609,0.2707524394035986,0.14225673593316523,0.3540968620312005,-0.11093422752478238,0.799019435945127,-0.26246132994513355,0.2767242373085108,0.9967266517932953,False
Height_m,DL-Ornithine,Group_22C vs Group_15C (Reference),6.445893122743082,0.7613582510739916,-35.15376531372667,48.04555155921283,0.11967254380138426,-0.06372900957332739,-14.645418479543657,0.2335294557612485,-8.199525356800574,0.6355664215453014,6.274497413842774,0.6394921081322991,0.9967266517932953,False
BSA_m2,Glycine,Group_8C vs Group_15C (Reference),-5.980552078897419,0.7618739560323039,-44.66325613688385,32.70215197908902,0.10190461523361827,-0.08519858992604457,4.634888294474986,0.804916077307644,12.735348676668973,0.40243473589421264,-1.3456637844224328,0.8258011329721042,0.9967266517932953,False
Body_Density_kg_per_m3,Decanoic_acid,Group_8C vs Group_15C (Reference),-20.22684818649719,0.7620549853316889,-151.1584073140286,110.70471094103422,0.024748815167186522,-0.1784285150063163,15.172744574900358,0.3700021270956567,20.741512441377875,0.6003408184980539,-5.054103611596831,0.9376621993495007,0.9967266517932953,False
VO2max_ml_per_kg_per_min,DL-Ornithine,Group_22C vs Group_15C (Reference),0.019372120617814695,0.7621785209509662,-0.10609381795337074,0.1448380591890001,0.1785839700556895,0.007455630483958142,0.005527219656804423,0.8990995917532961,0.024899340274619118,0.5953277796892191,0.1758353865039723,0.15545054557913018,0.9967266517932953,False
BMI_kg·m2,Diethanolamine,Group_8C vs Group_15C (Reference),0.31900287518817644,0.7621819773781402,-1.747089718609963,2.3850954689863157,0.23684806802313307,0.0778580821946192,0.03372055606456995,0.9632307700057345,0.8241480335624697,0.5377525945001618,0.3527234312527464,0.6421597779921964,0.9967266517932953,False
Body_Fat__Percent,Decanoic_acid,Group_8C vs Group_15C (Reference),0.046122187746808825,0.7627535132607031,-0.2533403255699678,0.3455847010635854,0.024968117768741305,-0.17816352436277083,-0.03473979236392271,0.3689220638438181,-0.04830524417337668,0.5947394774551946,0.011382395382886115,0.9386208135280658,0.9967266517932953,False
Skinfold_Thickness_mm,Decanoic_acid,Group_8C vs Group_15C (Reference),0.006210776060033291,0.7631500232243021,-0.03418419608691229,0.046605748206978874,0.02337558503046655,-0.1800878347548529,-0.004488216661310655,0.39838250488197413,-0.008386838131354057,0.6126884333302165,0.0017225593987226359,0.9310657754747766,0.9967266517932953,False
Skinfold_Thickness_mm,Glutamic_Acid,Group_8C vs Group_15C (Reference),-0.009770863783275626,0.7635666834171821,-0.07343613632820283,0.053894408761651566,0.10446351305873702,-0.08210658838735929,-0.003965840975931097,0.28354288172031594,0.016611323022308694,0.35578795910437355,-0.013736704759206724,0.6703569367463154,0.9967266517932953,False
BSA_m2,Ethyl_alpha-D-glucopyranoside,Group_8C vs Group_22C Contrast,6.376337798419023,0.7635901760804165,-35.17580462135538,47.92848021819343,0.21484665041207307,0.051273035914588316,17.458595202405817,0.0020159050643524506,-8.43557555329431,0.33556217883228556,-2.059237754875287,0.9150545261572434,0.9967266517932953,False
BMI_kg·m2,D---Ribofuranose,Group_8C vs Group_22C Contrast,0.2920112311432679,0.7640398276884934,-1.614651214651242,2.1986736769377777,0.10675909575172882,-0.07933275929999417,0.14330823941774706,0.8143788231420155,0.09343333346319688,0.9052919365089402,0.3854445646064648,0.501998455381242,0.9967266517932953,False
Age_years,L-+-Erythrulose,Group_8C vs Group_22C Contrast,-0.11853698020314099,0.7644462406664626,-0.8938902762359427,0.6568163158296608,0.2598088036768893,0.10560230444290797,-0.28095405584116845,0.013562263944960384,0.030688264843253266,0.8645390307010692,-0.08784871535988772,0.803096680332942,0.9967266517932953,False
BMI_kg·m2,Stearic_Acid,Group_8C vs Group_15C (Reference),-0.02266708264567042,0.7647518223989153,-0.17112875726773613,0.1257945919763953,0.19611424205058647,0.028638042477792003,0.07522510675746877,0.19562399228486427,0.2377924229618082,0.5879793629987782,0.05255802411179834,0.27917111399188,0.9967266517932953,False
Height_m,Glycerol,Group_8C vs Group_22C Contrast,-27.24752079829684,0.7651894599137438,-206.0555057524806,151.5604641558869,0.05333327336414828,-0.14388896135165408,17.72887286795833,0.7577862667788363,33.8825512221691,0.5314802420806055,6.63503042387226,0.9279940019166741,0.9967266517932953,False
Weight_kg,L-+-Erythrulose,Group_8C vs Group_22C Contrast,-0.18173281905117267,0.7652898071875716,-1.374853940987636,1.0113883028852906,0.1828447886710941,0.012604119644238798,-0.1016617891723108,0.4865312962284818,0.200893379259842,0.071417674256125,0.019160560208669325,0.9744584702556034,0.9967266517932953,False
VO2max_ml_per_kg_per_min,beta-Alanine,Group_22C vs Group_15C (Reference),0.11483015257911157,0.7663290965031178,-0.6424986368998625,0.8721589420580856,0.29284954137335917,0.14552652915947573,-0.07113356162219253,0.30504026112419746,0.04369659095691904,0.9084821091402213,0.5310416046551416,4.791272911752742e-08,0.9967266517932953,False
Body_Density_kg_per_m3,Lactic_Acid1,Group_8C vs Group_15C (Reference),99.48905386302856,0.7669323847678481,-558.4112424209826,757.3893501470396,0.13635760069382352,-0.04356789916162995,-161.7798393754567,0.33706234813004754,167.95635496891865,0.2626428204009186,-62.290785512428144,0.8300995192016833,0.9967266517932953,False
Max_Watts_W,Nonanoic_acid,Group_22C vs Group_15C (Reference),0.024115517921373127,0.7671884784341783,-0.13553599983892495,0.1837670356816712,0.17006570409316468,-0.0028372742207591894,-0.007997964845979685,0.6714899830547929,0.01611755307539344,0.838827589376157,0.003546300108496922,0.7707631265373605,0.9967266517932953,False
Body_Density_kg_per_m3,Indole-3-Latic_Acid,Group_8C vs Group_22C Contrast,-11.427194322463762,0.7671994262711096,-87.08349138886454,64.22910274393702,0.4074297803117828,0.2839776512100709,40.52584737441207,0.03846667547964334,0.5142717544897053,0.9879103589875895,-10.912922567974057,0.552846586146791,0.9967266517932953,False
Height_m,Asparagine,Group_8C vs Group_15C (Reference),11.0705313891698,0.7679165328352271,-62.456241599119934,84.59730437745954,0.10502234372131647,-0.0814313346700759,-31.34108067501846,0.36103986313182246,2.8696307782804453,0.9462904032189039,-20.27054928584866,0.1812941921748612,0.9967266517932953,False
BSA_m2,beta-D-Xylopyranose,Group_22C vs Group_15C (Reference),-5.470043063607027,0.7682705730486779,-41.85738684817038,30.917300720956323,0.06590299378463105,-0.128700549176904,1.5409857716137907,0.9308260918640653,-3.929057291993236,0.46967312764557967,5.8046408228438615,0.6484511565461608,0.9967266517932953,False
Height_m,Glutamine_[-H2O],Group_8C vs Group_15C (Reference),6.0899653440311585,0.7683825446069287,-34.441332370222455,46.62126305828477,0.09489360528007629,-0.09367022695324101,-7.870424432005892,0.6918505870849911,1.7623810839424987,0.9173994461086266,-1.7804590879747337,0.7577625310769873,0.9967266517932953,False
Weight_kg,"2,3,4-Trihydroxybutyric_acid",Group_22C vs Group_15C (Reference),-0.09668453455622128,0.7687484907578385,-0.7412092499808685,0.5478401808684259,0.06948859608814206,-0.12436794639349502,0.0214733903557297,0.8607764986268926,-0.07521114420049158,0.8053493742661242,0.041099708169697866,0.8913308694523616,0.9967266517932953,False
Height_m,Erythritol,Group_8C vs Group_15C (Reference),11.888428437170324,0.7716676510907944,-68.4056961753796,92.18255304972024,0.0650144240974736,-0.12977423754888595,-19.256458893482975,0.4300609757956382,-29.91783991084467,0.4943003930201617,-7.368030456312651,0.8228240442578925,0.9967266517932953,False
BSA_m2,Nonanoic_acid,Group_22C vs Group_15C (Reference),-2.8372682481770783,0.7716847335656281,-22.001576063043174,16.327039566689017,0.2180179159680541,0.05510498179473211,5.334789070639163,0.19409049727520877,2.4975208224620844,0.778346291324542,7.0832540669369255,0.16001721823636128,0.9967266517932953,False
BSA_m2,Linoleic_Acid,Group_8C vs Group_22C Contrast,-5.514771277877739,0.7719402139904504,-42.8078577393815,31.778315183626017,0.1897117861688732,0.02090174162072178,-0.7470299753820029,0.9688834956747179,-6.548864905309983,0.41012316750345357,-12.063636183187722,0.48525614859568034,0.9967266517932953,False
Body_Fat__Percent,Glycerol,Group_22C vs Group_15C (Reference),-0.14913376004134965,0.7720111608438411,-1.157940052304916,0.8596725322222167,0.0476855577521188,-0.15071328438285647,-0.005262234596612802,0.9881592910018695,-0.15439599463796244,0.6789964736690759,-0.3164452962018658,0.46393980780385924,0.9967266517932953,False
Body_Density_kg_per_m3,Glycerol,Group_22C vs Group_15C (Reference),64.89028813027197,0.7723815841818367,-374.79078598060266,504.57136224114663,0.04691623317719573,-0.1516428849108884,1.721059820033156,0.9911645612017296,66.61134795030513,0.6805137369526373,134.1818992437736,0.4734807887290242,0.9967266517932953,False
BMI_kg·m2,D---Ribofuranose,Group_8C vs Group_15C (Reference),0.24213632518871772,0.7726174901386401,-1.4002719180758392,1.8845445684532744,0.10675909575172882,-0.07933275929999417,0.14330823941774706,0.8143788231420155,0.09343333346319688,0.9052919365089402,0.3854445646064648,0.501998455381242,0.9967266517932953,False
Body_Fat__Percent,Alanine,Group_22C vs Group_15C (Reference),-0.09993363586312701,0.7728809011465217,-0.7785908764960845,0.5787236047698305,0.11478284321294152,-0.06963739778436229,0.19581618731693456,0.12629383561731414,0.09588255145380756,0.7656665770820905,-0.04786220077168585,0.646027771643366,0.9967266517932953,False
BMI_kg·m2,Glycolic_acid,Group_22C vs Group_15C (Reference),-0.3306009216144701,0.772891518304742,-2.5758459013518418,1.9146440581229016,0.10721766882888162,-0.07877865016510133,-0.04234043828703801,0.9561284263946976,-0.3729413599015081,0.6602732816527217,-0.42330072665154217,0.6247513276137415,0.9967266517932953,False
Muscle_Mass_kg,"11-Eicosenoic_acid,_E-",Group_8C vs Group_15C (Reference),-0.034768516482704515,0.7729369821494192,-0.270944230367799,0.20140719740238996,0.09296418311512988,-0.09600161206921798,0.04752878762405549,0.6588372884313454,0.0038553576909535203,0.9532216854972282,0.012760271141350976,0.8137027586918504,0.9967266517932953,False
BSA_m2,Glycerol-3-P,Group_22C vs Group_15C (Reference),-3.8309545792463227,0.7730849782848404,-29.871328901094966,22.209419742602318,0.1038599194443659,-0.08283593067139106,2.8157678844846266,0.8006834904079405,-1.015186694761696,0.8881792750522643,4.265833935095595,0.49619106636333754,0.9967266517932953,False
Muscle_Mass_kg,Nonanoic_acid,Group_8C vs Group_22C Contrast,0.03472916340637036,0.773097925052936,-0.20135562205392865,0.2708139488666694,0.1609065111659106,-0.013904632341191325,0.06763316267853065,0.8122051207223252,-0.0068256470640087885,0.9348824221499346,0.027903516342361573,0.747775846514223,0.9967266517932953,False
Body_Fat__Percent,Lactic_Acid1,Group_8C vs Group_15C (Reference),-0.2262210129198208,0.7731549281043093,-1.7644140202601635,1.311971994420522,0.1344123712769707,-0.04591838470699372,0.36308247097915924,0.347085348608725,-0.3892335623672416,0.25715338515310826,0.13686145805933844,0.8412348005746901,0.9967266517932953,False
BSA_m2,alpha-D-Glucopyranoside,Group_8C vs Group_15C (Reference),4.937401231418866,0.7734329179710129,-28.67687979707013,38.551682259907864,0.09799832325306757,-0.0899186927358766,5.152917131076561,0.6874693555679938,-7.862903380255433,0.2949205650875466,10.090318362495427,0.37629640938028475,0.9967266517932953,False
BSA_m2,L-Proline,Group_8C vs Group_22C Contrast,3.7527345315940774,0.7735591739447677,-21.811341842455604,29.316810905643763,0.33504085485620416,0.19650769961791337,4.913097906133729,0.40188822232997545,11.962343716897546,0.3319991494327017,15.715078248491626,0.00021745744192624983,0.9967266517932953,False
Muscle_Mass_kg,Arachidonic_acid1,Group_8C vs Group_22C Contrast,-0.02693707207583773,0.7737262266591793,-0.2105749003773883,0.15670075622571283,0.05090807140015885,-0.146819413724808,0.11873159287268818,0.12309824285711297,0.033303410333037256,0.4907357790660136,0.006366338257199525,0.9367831001226208,0.9967266517932953,False
Muscle_Mass_kg,Glycolic_acid,Group_8C vs Group_15C (Reference),-0.14655498897481237,0.7752312168431982,-1.1525208401027724,0.8594108621531478,0.10511352311510191,-0.08132115956925179,0.1974639116021395,0.692697979561301,0.007252176694050455,0.9296943003422653,0.05090892262732713,0.6644375027636473,0.9967266517932953,False
Body_Fat__Percent,Indole-3-Latic_Acid,Group_8C vs Group_22C Contrast,0.025753794803347968,0.7752350801989735,-0.151028803816072,0.20253639342276794,0.4106251061987958,0.28783866999021157,-0.0930713064137304,0.034256330064778656,-0.0006981738518966885,0.9929515159717393,0.02505562095145128,0.5643005582769227,0.9967266517932953,False
Skinfold_Thickness_mm,2-Keto-3-methylvaleric_acid,Group_22C vs Group_15C (Reference),0.026209750145061404,0.7755042468086556,-0.15392103451579478,0.2063405348059176,0.042462184133091774,-0.15702486083918066,-0.014095319069980069,0.7486478268469967,0.012114431075081335,0.8806630358470242,-0.006334041309772776,0.8932625497546538,0.9967266517932953,False
Body_Fat__Percent,Ethyl_alpha-D-glucopyranoside,Group_8C vs Group_22C Contrast,0.09467154016803414,0.7760288784172154,-0.5575520747004187,0.746895155036487,0.22916762708984117,0.06857754940022476,0.22835838021945076,0.04129765123972662,-0.37436959283274096,0.23636631128564,-0.2796980526647068,0.007055613223314605,0.9967266517932953,False
Weight_kg,Palmitelaidic_acid,Group_8C vs Group_15C (Reference),-0.07934016416395703,0.7763821702379006,-0.6268180187550787,0.4681376904271646,0.13977753232195889,-0.03943548177763301,0.025602375731930256,0.7525505062697859,-0.1943887844246866,0.31360250108345,-0.05373778843202678,0.8406479918058698,0.9967266517932953,False
Body_Fat__Percent,Glycerol,Group_8C vs Group_22C Contrast,-0.16204930156390335,0.7765134436997859,-1.2809475564268993,0.9568489532990927,0.0476855577521188,-0.15071328438285647,-0.005262234596612802,0.9881592910018695,-0.15439599463796244,0.6789964736690759,-0.3164452962018658,0.46393980780385924,0.9967266517932953,False
Body_Density_kg_per_m3,Ethyl_alpha-D-glucopyranoside,Group_8C vs Group_22C Contrast,-41.24683177700601,0.7767619522938383,-326.3686098696729,243.87494631566088,0.22715576818693461,0.06614655322587937,-99.94230099586598,0.04182184009296307,161.20329875887342,0.24334771873067274,119.95646698186742,0.008363417964473152,0.9967266517932953,False
BSA_m2,Asparagine,Group_8C vs Group_15C (Reference),4.89313017797301,0.7772863887727288,-29.012185434940367,38.79844579088639,0.15812065689839516,-0.017270872914439073,-14.889513495958054,0.22464098402252142,4.104746398862199,0.5722650242583038,-9.996383317985044,0.41266097044100114,0.9967266517932953,False
Age_years,beta-Alanine,Group_22C vs Group_15C (Reference),0.07063555825485957,0.777750446205196,-0.4198596420372289,0.561130758546948,0.1569741504464458,-0.018656234877211242,-0.008465798075212645,0.9145969185803842,0.06216976017964692,0.793484234585794,-0.26687702966557547,0.13796367745213356,0.9967266517932953,False
Body_Density_kg_per_m3,Alanine,Group_22C vs Group_15C (Reference),42.43913391921035,0.7788202969113325,-253.7231719547924,338.6014397932131,0.1137173166541321,-0.07092490904292359,-85.2547616182046,0.13311584427536752,-42.81562769899425,0.759802033872661,20.805296689131808,0.6443192940509914,0.9967266517932953,False
Skinfold_Thickness_mm,Linoleic_Acid,Group_8C vs Group_15C (Reference),-0.022573319075204504,0.7792101085836193,-0.18038720087071886,0.13524056272030982,0.180080004132534,0.009263338326812032,-0.01723787412016238,0.5146271621924543,-0.039877797379583906,0.5313876479793465,-0.039811193195366884,0.6006329882481387,0.9967266517932953,False
Weight_kg,Lysine,Group_8C vs Group_22C Contrast,0.09283836096597166,0.7794306792604482,-0.5568885393292003,0.7425652612611436,0.23489159786014557,0.07549401408100931,0.14699001655299082,0.45632552512776126,-0.01678063286610476,0.959127202802619,0.0760577280998669,0.14138914292653282,0.9967266517932953,False
VO2max_ml_per_kg_per_min,Palmitic_Acid,Group_8C vs Group_15C (Reference),-0.011220778754205612,0.7795120896111263,-0.08977743383785317,0.06733587632944193,0.20499169061819977,0.03936495949699148,0.01460941994286755,0.5756809709660723,-0.056225033829336135,0.7354980980703529,0.003388641188661938,0.9112918947769031,0.9967266517932953,False
BSA_m2,Linoleic_Acid,Group_22C vs Group_15C (Reference),-5.80183492992798,0.7796270049662497,-46.442215394977985,34.83854553512203,0.1897117861688732,0.02090174162072178,-0.7470299753820029,0.9688834956747179,-6.548864905309983,0.41012316750345357,-12.063636183187722,0.48525614859568034,0.9967266517932953,False
Max_Watts_W,D---Ribofuranose,Group_8C vs Group_15C (Reference),0.017623872168089597,0.7797443528414695,-0.10589439253569538,0.14114213687187457,0.11925781712982297,-0.06423013763479712,-0.01634585338971464,0.6510003031250754,-0.0391500225276883,0.8102934856006998,0.001278018778374957,0.9802528126758732,0.9967266517932953,False
Skinfold_Thickness_mm,Oleic_Acid,Group_8C vs Group_15C (Reference),0.006971683694967353,0.7801802732466975,-0.04198935783270263,0.055932725222637335,0.08723918379277118,-0.10291931958373479,-0.0026069677808471053,0.7100967994764912,-0.0009439582742153806,0.977186271725996,0.004364715914120248,0.8555468443159084,0.9967266517932953,False
Height_m,Cysteine,Group_8C vs Group_15C (Reference),6.549753994583712,0.780234395854058,-39.45976819808138,52.5592761872488,0.07809895241512443,-0.11396376583172452,-0.9297227318606266,0.9645019922204238,3.451199799550509,0.9453975996626391,5.620031262723086,0.5996780873235299,0.9967266517932953,False
BSA_m2,L-Alanine,Group_8C vs Group_22C Contrast,-6.478865645362764,0.7806468877595498,-52.07909989637621,39.12136860565068,0.06687202556835481,-0.12752963577157117,9.872650002428202,0.6346231146967469,4.476532788823895,0.791303227227198,-2.002332856538869,0.9002331006146866,0.9967266517932953,False
Body_Fat__Percent,Lysine,Group_22C vs Group_15C (Reference),-0.2821073341165709,0.7810570060791369,-2.271445165269054,1.7072304970359122,0.3149392700574818,0.17221828465279054,0.38973875367084637,0.003222198830808066,0.10763141955427546,0.9148248694924452,0.01788287384158599,0.9353607115831799,0.9967266517932953,False
Body_Density_kg_per_m3,Tryptophan,Group_8C vs Group_22C Contrast,36.47703138186462,0.7814459953317621,-221.22276521983878,294.176827983568,0.015186443974802177,-0.18998304686378065,17.796101082366594,0.34861849626507757,-38.55602234053319,0.7595331408175181,-2.0789909586685695,0.9560114202961894,0.9967266517932953,False
Body_Density_kg_per_m3,Lysine,Group_22C vs Group_15C (Reference),120.78931816968722,0.781805824161564,-733.9808707630428,975.5595071024173,0.3145656897959499,0.17176687517010614,-170.69373627214466,0.0038795385882119024,-49.90441810245744,0.9080526692574367,-7.044832719487687,0.9401648964815601,0.9967266517932953,False
Height_m,Lactic_Acid1,Group_8C vs Group_15C (Reference),19.420861229181284,0.781989974512912,-118.13070002893507,156.97242248729765,0.12725715643612645,-0.05456426930634706,-49.73282136068075,0.4413339554843543,-1.0755320438287654,0.9433160790704038,-30.311960131499468,0.269346477133374,0.9967266517932953,False
Height_m,Glyceraldehyde-3-PMOX,Group_8C vs Group_22C Contrast,-9.493138744931429,0.7825473558388854,-76.90795608997037,57.92167860010751,0.28529761968940903,0.13640129045803595,-30.943036378240688,0.04814589072148831,-0.9764663456560534,0.9756306587740748,-10.469605090587482,0.40962771978928014,0.9967266517932953,False
Body_Density_kg_per_m3,Lactic_Acid,Group_8C vs Group_15C (Reference),-102.73301712379369,0.7828262504812945,-833.231488289378,627.7654540417906,0.07208387112038239,-0.12123198906287125,-0.831538171009029,0.994217175425767,8.364920284905313,0.9671072386794004,-103.56455529480272,0.7702482462520188,0.9967266517932953,False
Muscle_Mass_kg,DL-Ornithine,Group_8C vs Group_22C Contrast,-0.02497316342780391,0.782931514160627,-0.20264016470351282,0.15269383784790502,0.07016645501410246,-0.1235488668579594,-0.09611740138066806,0.2641703437168784,-0.002556066972652704,0.9579478731098268,-0.027529230400456614,0.7192884816227463,0.9967266517932953,False
Skinfold_Thickness_mm,2-OH-Butanoic_Acid,Group_8C vs Group_22C Contrast,0.006275712967276659,0.7834289381064966,-0.038476876510245936,0.05102830244479925,0.09352402072921662,-0.09532514161886319,-0.012848596575546864,0.3513372897763244,0.002020268761830828,0.9206604261536042,0.008295981729107487,0.4287931442420989,0.9967266517932953,False
Max_Watts_W,1-Ethyl-1-tetradecyloxy-1-silacyclohexane,Group_22C vs Group_15C (Reference),-0.02741142828775633,0.7840303688216862,-0.22343906753464954,0.16861621095913687,0.3749865380585329,0.24477540015406063,-0.04607809250299931,6.883974985651546e-05,-0.07348952079075564,0.4594515555987144,0.029385076970360538,0.06527520356205718,0.9967266517932953,False
Body_Density_kg_per_m3,Lactic_Acid,Group_8C vs Group_22C Contrast,-111.92947557970803,0.7841003327283024,-912.652622166009,688.7936710065931,0.07208387112038239,-0.12123198906287125,-0.831538171009029,0.994217175425767,8.364920284905313,0.9671072386794004,-103.56455529480272,0.7702482462520188,0.9967266517932953,False
BMI_kg·m2,Oxalic_acid,Group_8C vs Group_15C (Reference),0.24449894729521635,0.7841316523068319,-1.5048302024854312,1.993828097075864,0.390327246625253,0.26331208967218067,-0.4208353804280081,0.22213352742045744,0.6926511359971377,0.24538761045787094,-0.17633643313279176,0.8304012040083968,0.9967266517932953,False
Muscle_Mass_kg,L-Norvaline,Group_8C vs Group_15C (Reference),-0.08936144727675786,0.7843581518826341,-0.7294089690479211,0.5506860744944053,0.07582739974881147,-0.11670855863685281,-0.005969114764911301,0.984503505355719,0.06526875415794041,0.604145657734751,-0.09533056204166916,0.38803603205520476,0.9967266517932953,False
Max_Watts_W,Butanoic_acid,Group_8C vs Group_22C Contrast,0.021182069888845412,0.7845533620268853,-0.13067733164384956,0.1730414714215404,0.10539600030437135,-0.08097983296555111,-0.003356247129808725,0.718759149883061,-0.03222432969384972,0.6699625239268205,-0.011042259805004303,0.5140758559211429,0.9967266517932953,False
Body_Density_kg_per_m3,Glycerol,Group_8C vs Group_22C Contrast,67.57055129346845,0.7847637473905357,-417.3446164594812,552.4857190464181,0.04691623317719573,-0.1516428849108884,1.721059820033156,0.9911645612017296,66.61134795030513,0.6805137369526373,134.1818992437736,0.4734807887290242,0.9967266517932953,False
Weight_kg,Doconexent,Group_8C vs Group_15C (Reference),-0.03565411358377698,0.7854844004551921,-0.2923997943921284,0.22109156722457443,0.15585642662817822,-0.020006817824284484,0.07308344635174087,0.0003532288046369512,0.0024599608290194613,0.9436266859843911,0.03742933276796389,0.7723674557598275,0.9967266517932953,False
Max_Watts_W,L-Aspartic_acid,Group_22C vs Group_15C (Reference),-0.022844591108240206,0.7856398818025844,-0.18747106253259216,0.14178188031611172,0.18126174315958976,0.01069127298450434,-0.006369795790227141,0.7290929511245028,-0.029214386898467348,0.7214937432700952,-0.039338197598495626,0.029182958720261887,0.9967266517932953,False
Body_Fat__Percent,Tryptophan,Group_8C vs Group_22C Contrast,-0.08203511818781328,0.7858124028365523,-0.6737091128545868,0.5096388764789602,0.015034838961083818,-0.1901662362553569,-0.040877458322685245,0.3453182273646713,0.08694705690898363,0.7634202064839795,0.004911938721170357,0.9553127030159358,0.9967266517932953,False
Height_m,Glutamic_Acid,Group_22C vs Group_15C (Reference),-1.4655851215625744,0.7859078322443753,-12.040676112793971,9.109505869668823,0.07168727135922559,-0.12171121377426908,0.6333650744385965,0.7497912345851485,-0.8322200471239779,0.8682449102961822,6.1401894959267045,0.3680423947319986,0.9967266517932953,False
Weight_kg,"2,3,4-Trihydroxybutyric_acid",Group_8C vs Group_22C Contrast,0.11631085237018944,0.7860752922083154,-0.7236317159138916,0.9562534206542705,0.06948859608814206,-0.12436794639349502,0.0214733903557297,0.8607764986268926,-0.07521114420049158,0.8053493742661242,0.041099708169697866,0.8913308694523616,0.9967266517932953,False
BMI_kg·m2,Decanoic_acid,Group_8C vs Group_22C Contrast,-0.09110068417270936,0.7864488909836747,-0.7501668108634886,0.5679654425180699,0.06762469261775061,-0.12662016308688462,-0.024825118128574887,0.8350537813596883,-0.13761096207930523,0.20235355816412914,-0.2287116462520146,0.47264975019473265,0.9967266517932953,False
Age_years,beta-D-Xylopyranose,Group_8C vs Group_22C Contrast,0.08567795396194308,0.7867576993641857,-0.5350774264319588,0.706433334355845,0.10648148306258443,-0.07966820796604379,0.15257536010191733,0.4493744946367457,0.01713954674615506,0.9466382533881776,0.10281750070809814,0.5811252088084418,0.9967266517932953,False
Weight_kg,L-5-Oxoproline,Group_22C vs Group_15C (Reference),0.09603870370830406,0.7871165094742562,-0.6009715474719487,0.7930489548885568,0.272183454016404,0.12055500693648824,-0.07665662674067365,0.8069326944604941,0.019382076967630404,0.9079157117927634,0.1731481606776074,0.5778634247906429,0.9967266517932953,False
Body_Fat__Percent,Lactic_Acid,Group_8C vs Group_22C Contrast,0.25918579488532284,0.7875548035246294,-1.6258914512516145,2.1442630410222603,0.07107468504075976,-0.12245142224241512,0.005647920616422828,0.9823678848481837,-0.02325777209415579,0.960740795281027,0.23592802279116706,0.7782247078495204,0.9967266517932953,False
Weight_kg,Campesterol,Group_22C vs Group_15C (Reference),-0.02075647720150619,0.7875588635819118,-0.17172003621752294,0.13020708181451054,0.15183970905976885,-0.024860351552779214,-0.038979839581398876,0.22044239797822596,-0.059736316782905065,0.39444743311238195,0.002430332188103672,0.9757078370251862,0.9967266517932953,False
Age_years,Citric_acid,Group_22C vs Group_15C (Reference),0.0648371085167586,0.7875843920218506,-0.4067865584757665,0.5364607755092837,0.17123388397274586,-0.0014257235329320217,-0.0422366049067993,0.8338672277141912,0.0226005036099593,0.8637732855554077,0.20495213879620333,0.06531982112336143,0.9967266517932953,False
Age_years,"D-Arabinose,_tetrakis",Group_22C vs Group_15C (Reference),0.08378966854220164,0.7876978222301404,-0.5260281265478078,0.693607463632211,0.1734500183288874,0.001252105480738952,-0.07663437131125375,0.6360397096237862,0.007155297230947891,0.9785136186565562,0.47480990314891103,0.00661245876026384,0.9967266517932953,False
Body_Fat__Percent,Ornithine,Group_8C vs Group_15C (Reference),0.021162482669728994,0.7878200104226645,-0.13294807461523328,0.1752730399546913,0.11554333637382619,-0.06871846854829333,0.0019509539858891746,0.970863482765112,0.08133574055069774,0.5254351509179915,0.02311343665561817,0.6887407035936279,0.9967266517932953,False
BSA_m2,Nonanoic_acid,Group_8C vs Group_15C (Reference),1.7484649962977628,0.7880393236341202,-10.997796861046265,14.49472685364179,0.2180179159680541,0.05510498179473211,5.334789070639163,0.19409049727520877,2.4975208224620844,0.778346291324542,7.0832540669369255,0.16001721823636128,0.9967266517932953,False
VO2max_ml_per_kg_per_min,N-Acetylglutamine,Group_22C vs Group_15C (Reference),0.10674651109347925,0.7880547479624661,-0.6714906428485434,0.8849836650355019,0.23899455476573017,0.08045175367525736,-0.09140740879567599,0.5825334088771471,0.015339102297803262,0.9660671279597517,0.41744399427069523,0.12617466982298264,0.9967266517932953,False
Max_Watts_W,Glyceraldehyde-3-PMOX,Group_8C vs Group_22C Contrast,-0.009550141643093746,0.7906506446153931,-0.0800612089350536,0.06096092564886611,0.2070102882368946,0.04180409828624765,0.015317179794702727,0.202197022739522,0.01949568447076633,0.5699987662148518,0.009945542827672587,0.35646977427663984,0.9967266517932953,False
BSA_m2,Palmitelaidic_acid,Group_8C vs Group_15C (Reference),-5.522357548937231,0.7910938393751128,-46.3831022613894,35.338387163514945,0.10162432148598599,-0.08553727820443346,3.9324511228578016,0.42882635517536083,-11.146689599300572,0.40447551389037484,-1.5899064260794296,0.9374086897216878,0.9967266517932953,False
Muscle_Mass_kg,Erythritol,Group_22C vs Group_15C (Reference),-0.07666881694891214,0.7914367445099714,-0.6449075881146978,0.49156995421687355,0.09723644898676209,-0.09083929080766251,0.1550990155454638,0.4880097090668575,0.07843019859655165,0.6707397873836562,-0.16784245178263307,0.3953504931246017,0.9967266517932953,False
Weight_kg,2-OH-Butanoic_Acid,Group_22C vs Group_15C (Reference),0.024032010315790463,0.7916466301390087,-0.15426735475329784,0.20233137538487878,0.015199558007866876,-0.18996720074049422,-0.00650029546801517,0.9379631048774596,0.01753171484777529,0.6268306845064999,-0.008258784212588296,0.9015341223305753,0.9967266517932953,False
Body_Fat__Percent,Lactic_Acid,Group_8C vs Group_15C (Reference),0.23028010217474423,0.7926055912950447,-1.4863101069050109,1.9468703112544994,0.07107468504075976,-0.12245142224241512,0.005647920616422828,0.9823678848481837,-0.02325777209415579,0.960740795281027,0.23592802279116706,0.7782247078495204,0.9967266517932953,False
Height_m,Cholesterol,Group_8C vs Group_22C Contrast,2.2033118999973595,0.792774164766112,-14.234937585868323,18.641561385863042,0.09452015879468678,-0.09412147478975341,-6.664628001737715,0.6557798174522771,-0.10170690158780626,0.9899976967291515,2.1016049984095533,0.322870327294134,0.9967266517932953,False
Weight_kg,Threonine,Group_8C vs Group_15C (Reference),-0.037707431559494346,0.7928171048583639,-0.31908576867754684,0.24367090555855814,0.20371314548631636,0.03782005079596562,-0.07146557884807092,0.4156224194188699,0.15241046438871234,0.3153221072076464,-0.10917301040756527,0.3365008444907367,0.9967266517932953,False
Max_Watts_W,Glyceric_acid,Group_22C vs Group_15C (Reference),-0.03561517157218437,0.793353521782099,-0.3020867033519453,0.2308563602075766,0.08489321443600384,-0.1057540325564954,0.019538154907554863,0.6968839324352047,-0.016077016664629507,0.8987622722354682,-0.04206040769873522,0.5816500183839184,0.9967266517932953,False
BMI_kg·m2,Lysine,Group_22C vs Group_15C (Reference),-0.49274278535805094,0.7937432942711901,-4.1865562562637315,3.2010706855476294,0.23955506584371877,0.08112903789449355,0.5670366599683972,0.23568629375621242,0.07429387461034631,0.9674916368143316,0.12576120300039495,0.7626832984854774,0.9967266517932953,False
Weight_kg,Doconexent,Group_8C vs Group_22C Contrast,0.03496937193894443,0.7940939472000668,-0.2276377520008184,0.29757649587870727,0.15585642662817822,-0.020006817824284484,0.07308344635174087,0.0003532288046369512,0.0024599608290194613,0.9436266859843911,0.03742933276796389,0.7723674557598275,0.9967266517932953,False
Muscle_Mass_kg,Phenylalanine,Group_22C vs Group_15C (Reference),0.006548787755068442,0.7943358829336471,-0.0426884785751014,0.055786054085238276,0.07428340898553354,-0.11857421414248015,-0.0020815005968827438,0.8554738501802104,0.004467287158185698,0.8417265252349022,0.0058435035147821396,0.505301456913517,0.9967266517932953,False
BSA_m2,Lactic_Acid1,Group_8C vs Group_22C Contrast,-5.338011695335947,0.7948526244050126,-45.57617064493225,34.90014725426035,0.114043670214799,-0.07053056515711775,18.76626897404121,0.45734287143946883,-3.156749172411857,0.8078491299477153,-8.494760867747804,0.5932905815894898,0.9967266517932953,False
Max_Watts_W,1H-Indole-3-Acetic_Acid,Group_22C vs Group_15C (Reference),-0.004869909422891533,0.7951041913677854,-0.041624918375409915,0.03188509952962685,0.13992569870425997,-0.03925644739901912,-0.005432715438647189,0.49733561586512365,-0.010302624861538722,0.5435093554918058,-0.013615579523373018,0.30358311063297183,0.9967266517932953,False
Weight_kg,1H-Indole-3-Acetic_Acid,Group_8C vs Group_15C (Reference),-0.041778774888766836,0.7951855822825658,-0.3572268119344195,0.2736692621568858,0.07502247229239878,-0.11768117931335143,-0.0011890503608986073,0.9811441265043639,0.048769315061181755,0.28961541641438027,-0.04296782524966544,0.7786683751942987,0.9967266517932953,False
BSA_m2,Arginine_[-NH3],Group_8C vs Group_22C Contrast,-1.0289191717142092,0.7958428833023165,-8.82343326495485,6.765594921526432,0.15822827535953699,-0.01714083394055943,-2.4854398477003024,0.1630763473659732,2.3028567394026043,0.5552721016707318,1.273937567688395,0.0926833485370353,0.9967266517932953,False
Height_m,N-Acetylglutamine,Group_22C vs Group_15C (Reference),-14.401780181701845,0.7961091619362204,-123.64527839662674,94.84171803322306,0.20741750864578368,0.04229615628032202,9.210566065314799,0.7941611054777477,-5.191214116387046,0.9042033536388894,34.27657636655337,0.4320117518562818,0.9967266517932953,False
Body_Density_kg_per_m3,Arachidonic_acid1,Group_8C vs Group_22C Contrast,-36.52295922796162,0.7963471274782015,-313.90092292938215,240.8550044734589,0.10037074777609012,-0.08705201310389099,8.814089460360073,0.766485464653653,94.06739582871671,0.4995838184164798,57.5444366007551,0.02032832089698866,0.9967266517932953,False
VO2max_ml_per_kg_per_min,L-Proline,Group_8C vs Group_15C (Reference),0.07880197034692546,0.796465457146197,-0.520013736604499,0.67761767729835,0.1966599529349342,0.029297443129712275,-0.1202047060410223,0.3964962558057771,-0.2518299248347749,0.444902178222607,-0.041402735694096846,0.878413828975181,0.9967266517932953,False
Height_m,2-Aminoheptanedioic_acid,Group_8C vs Group_22C Contrast,19.266110013161903,0.7966501013305569,-127.27556062890552,165.80778065522932,0.06887956297266495,-0.12510386140802976,-31.75650944409875,0.05398581006659908,-14.163303907579404,0.795328373293291,5.1028061055824985,0.9204185639411855,0.9967266517932953,False
Age_years,alpha-D-Glucopyranoside,Group_8C vs Group_22C Contrast,-0.07026785925122814,0.7997977176704212,-0.6133284630644366,0.4727927445619803,0.2502119716405037,0.09400613239894196,0.17547963008654044,0.1656946897727004,-0.14581423722760484,0.5143337149487475,-0.21608209647883297,0.18660521193571578,0.9967266517932953,False
VO2max_ml_per_kg_per_min,Lactic_Acid1,Group_8C vs Group_15C (Reference),0.088393396962636,0.801021954361011,-0.5990307277081073,0.7758175216333794,0.08810008435023908,-0.10187906474346109,-0.04764025100384916,0.8294559203907839,0.35401052810699796,0.26591441458138876,0.04075314595878684,0.8809904983423742,0.9967266517932953,False
Height_m,Oxalic_acid,Group_8C vs Group_15C (Reference),-13.09515681030919,0.801358189431284,-115.11058741159258,88.92027379097419,0.4264003341224658,0.3069004037313129,29.877727810536424,0.4616417999731215,42.980396663271435,0.23387468384020682,16.782571000227236,0.6065429414231078,0.9967266517932953,False
BSA_m2,2-Keto-3-methylvaleric_acid,Group_22C vs Group_15C (Reference),2.989256167185834,0.8015403772553151,-20.319833289329743,26.298345623701415,0.07407292645174157,-0.11882854720414548,3.334859090482769,0.6660063014076882,6.324115257668604,0.48424916940936624,-4.4474344667725525,0.5066101043021676,0.9967266517932953,False
Age_years,N-Acetylglutamine,Group_22C vs Group_15C (Reference),-0.05157431907306406,0.801823125617888,-0.45431736574397374,0.3511687275978457,0.25735921739663203,0.10264238768759715,-0.09325013107231683,0.4977228325321431,-0.1448244501453809,0.342857589039681,-0.2834503604264431,0.0647210040417161,0.9967266517932953,False
Muscle_Mass_kg,Nonanoic_acid,Group_22C vs Group_15C (Reference),-0.07445880974253943,0.8018331617182063,-0.6559365576412912,0.5070189381562125,0.1609065111659106,-0.013904632341191325,0.06763316267853065,0.8122051207223252,-0.0068256470640087885,0.9348824221499346,0.027903516342361573,0.747775846514223,0.9967266517932953,False
Max_Watts_W,Lactic_Acid1,Group_8C vs Group_22C Contrast,-0.0321256449503226,0.8022733314532267,-0.28358225957777605,0.21933096967713084,0.06242464542217274,-0.13290355344820792,0.0024180535477458277,0.9586906114228633,0.010819618478460469,0.9265877218601597,-0.02130602647186213,0.6801088809273608,0.9967266517932953,False
Weight_kg,Nonanoic_acid,Group_22C vs Group_15C (Reference),-0.031811744911100816,0.8027797612469856,-0.28145969253676795,0.21783620271456633,0.24230411616586656,0.08445080703375552,0.09313167783402967,0.15387058676484663,0.06131993292292886,0.5749758273442507,0.08390006268982024,0.2331145795038878,0.9967266517932953,False
Skinfold_Thickness_mm,L-Aspartic_acid,Group_8C vs Group_22C Contrast,-0.023594738429684337,0.8029280483455542,-0.20890402794342328,0.16171455108405458,0.08214311001143892,-0.1090770754028445,-0.00024266902415210243,0.9903872009051771,0.03948116277732589,0.5826940491913528,0.015886424347641558,0.7959897932554503,0.9967266517932953,False
Skinfold_Thickness_mm,L-Aspartic_acid,Group_8C vs Group_15C (Reference),0.01612909337179366,0.8030271632366569,-0.11060897033198855,0.14286715707557587,0.08214311001143892,-0.1090770754028445,-0.00024266902415210243,0.9903872009051771,0.03948116277732589,0.5826940491913528,0.015886424347641558,0.7959897932554503,0.9967266517932953,False
Weight_kg,"1,5-Anhydrohexitol",Group_8C vs Group_15C (Reference),0.15291422280209216,0.8032295929867949,-1.0499065402988612,1.3557349859030454,0.10549650123761667,-0.08085839433787978,-0.01669278932590562,0.9000706205701098,0.05151955848987033,0.28006913782748155,0.13622143347618654,0.8201380941888134,0.9967266517932953,False
BSA_m2,1H-Indole-3-Acetic_Acid,Group_8C vs Group_15C (Reference),-2.7198997004646515,0.8032714855797352,-24.11923741071594,18.679438009786637,0.09815956831443862,-0.08972385495338653,-1.163345029888857,0.8120967054644976,3.4354058096532682,0.1327009367361387,-3.8832447303535087,0.6907260238577928,0.9967266517932953,False
Age_years,Glycerol,Group_8C vs Group_15C (Reference),-0.07731985468284486,0.8034625893667562,-0.686252681090864,0.5316129717251743,0.06990379401014735,-0.12386624890440512,0.06651580561073331,0.7123381807615412,-0.23693196067295805,0.09030397444580451,-0.010804049072111549,0.9659305873016835,0.9967266517932953,False
Max_Watts_W,Proline,Group_8C vs Group_15C (Reference),-0.00437018560902715,0.8034722873542741,-0.038789333827996694,0.03004896260994239,0.04187982106226373,-0.15772854954976467,-0.0002768701029510804,0.9814960783884155,-0.009124194664616754,0.8318674378212021,-0.0046470557119782305,0.7182471752715145,0.9967266517932953,False
VO2max_ml_per_kg_per_min,Stearic_Acid,Group_22C vs Group_15C (Reference),-0.04265824826396743,0.8039090595064097,-0.379394344664907,0.2940778481369722,0.13000731095911333,-0.05124116592440475,-0.027265545104594308,0.18266475804881455,-0.06992379336856173,0.6818743267363339,0.005246491391445736,0.8858391061875555,0.9967266517932953,False
Skinfold_Thickness_mm,Serine,Group_8C vs Group_22C Contrast,-0.023748841787116785,0.8042713999142143,-0.2115753952339733,0.16407771165973975,0.06607615598236893,-0.12849131152130422,-0.002171888364913783,0.8110100223975929,-0.00419107591032751,0.9632433125321811,-0.027939917697444295,0.3550018863619542,0.9967266517932953,False
Age_years,1-Ethyl-1-tetradecyloxy-1-silacyclohexane,Group_8C vs Group_22C Contrast,-0.0885164631318688,0.8045838490917372,-0.7897243613707489,0.6126914351070113,0.1440238998785468,-0.03430445431342255,-0.06749324559320187,0.7119220783756941,-0.04723277389120764,0.8566925804609467,-0.13574923702307645,0.5781179224009108,0.9967266517932953,False
Muscle_Mass_kg,Ethyl_alpha-D-glucopyranoside,Group_8C vs Group_22C Contrast,0.04716537436375591,0.8046126084908463,-0.32652445057388285,0.42085519930139464,0.12062122482826532,-0.0625826866658461,-0.167262460705298,0.45350270941575654,-0.10517215617071769,0.4313071912329105,-0.05800678180696178,0.6696760946131497,0.9967266517932953,False
BSA_m2,Doconexent,Group_8C vs Group_15C (Reference),-2.5345952156725873,0.8046333878201175,-22.617926881022356,17.54873644967718,0.20765527754772295,0.04258346037016525,6.818745317343856,7.403068316606949e-05,0.6451379405394562,0.8065809965717565,4.284150101671269,0.6714789705942525,0.9967266517932953,False
VO2max_ml_per_kg_per_min,Campesterol,Group_8C vs Group_15C (Reference),0.025135542235078,0.8050365319876324,-0.17445088082539456,0.22472196529555055,0.19747388716016656,0.03028094698520134,0.040126064670340446,0.3971890219530555,0.1255771080678662,0.13433625699348983,0.06526160690541845,0.46901751766300226,0.9967266517932953,False
BMI_kg·m2,Arachidonic_acid1,Group_8C vs Group_22C Contrast,-0.14675154338145374,0.8051052469680402,-1.312459161771136,1.0189560750082287,0.11776126634280926,-0.0660384698357721,0.07970677565104976,0.6561061869969884,-0.29640260359103415,0.5787310141932815,-0.4431541469724879,0.09101168457781106,0.9967266517932953,False
Body_Density_kg_per_m3,Nonanoic_acid,Group_22C vs Group_15C (Reference),29.465162041588155,0.8052224926328637,-204.72816690355907,263.6584909867354,0.27304314977757016,0.12159380598123071,-92.5068533701754,0.02954501696504335,-63.04169132858725,0.572393712002893,34.85413424725647,0.7742227109722593,0.9967266517932953,False
Body_Fat__Percent,Arachidonic_acid1,Group_8C vs Group_22C Contrast,0.08136834461490805,0.8058023864043554,-0.5673415911507137,0.7300782803805298,0.09898968598408076,-0.08872079610256911,-0.0204569515404805,0.764173196547888,-0.21459603113273942,0.510161323134412,-0.13322768651783137,0.02173814512004557,0.9967266517932953,False
Weight_kg,Tyrosine,Group_8C vs Group_22C Contrast,-0.03881535896255525,0.8058314180088815,-0.3483184064110074,0.27068768848589697,0.17167315319356424,-0.0008949398911097806,0.029445853702568588,0.44484972440065007,0.08299103498333718,0.38763409840881446,0.04417567602078192,0.7244789468274924,0.9967266517932953,False
BSA_m2,L-+-Erythrulose,Group_8C vs Group_22C Contrast,-5.605295396960042,0.8058663850399307,-50.3086010626659,39.098010268745824,0.1539579414371025,-0.02230082076350115,-2.5374613637307912,0.8322634188909374,11.592137905887427,0.3056819870469183,5.986842508927385,0.7623981677525271,0.9967266517932953,False
Weight_kg,2-Aminoheptanedioic_acid,Group_8C vs Group_15C (Reference),-0.09448741593457992,0.8062757160158421,-0.8496534410368937,0.6606786091677339,0.08565850492502747,-0.10482930654892497,-0.06801948917190051,0.24905667331525827,0.07356704004559042,0.6904762404715192,-0.16250690510648041,0.6695195971378616,0.9967266517932953,False
BSA_m2,Cysteine,Group_8C vs Group_15C (Reference),1.9384629508098752,0.8068099970648019,-13.597910702145773,17.474836603765525,0.1969869089444869,0.029692514974588358,1.7650554746538385,0.80966605134555,11.438261609962694,0.34680246470148446,3.703518425463714,0.2203727354687357,0.9967266517932953,False
Age_years,Lysine,Group_22C vs Group_15C (Reference),-0.07656403546448347,0.8070911702901029,-0.6911211532977334,0.5379930823687665,0.20638488851932502,0.0410484069608511,0.10754201563627404,0.47485590530150956,0.03097798017179057,0.9103361995643411,-0.010022239252633736,0.9238172917013334,0.9967266517932953,False
Max_Watts_W,Methyl_galactoside,Group_22C vs Group_15C (Reference),-0.02431639951093491,0.8071071443892639,-0.21951351453498594,0.1708807155131161,0.17851779266102108,0.0073756661320671935,-0.03211117685675119,7.89586726295217e-06,-0.0564275763676861,0.5699892046772719,-0.006802705249647014,0.8373188606913202,0.9967266517932953,False
Body_Fat__Percent,Nonanoic_acid,Group_22C vs Group_15C (Reference),-0.06665697793978856,0.807551382724879,-0.6029982051376296,0.4696842492580525,0.27081347988807203,0.11889962153142042,0.20931246884437518,0.0313330124408316,0.14265549090458662,0.577050889421741,-0.07813085240947718,0.7842740834154174,0.9967266517932953,False
Body_Density_kg_per_m3,Ornithine,Group_8C vs Group_15C (Reference),-8.373567885251067,0.8077107752004641,-75.80667164427956,59.059535873777435,0.11598377799383253,-0.06818626825745233,-1.2079362682194572,0.9588771585829537,-35.74553552768177,0.522391166074921,-9.581504153470524,0.7037564591380865,0.9967266517932953,False
VO2max_ml_per_kg_per_min,Glycolic_acid,Group_8C vs Group_22C Contrast,-0.07220594630364828,0.8079542753992982,-0.6544496956189234,0.5100378030116268,0.15579149356620658,-0.020085278607500312,0.0824730677115636,0.5728328812347472,0.277391596424525,0.21598314878015112,0.2051856501208767,0.29242707114752564,0.9967266517932953,False
Weight_kg,Ornithine,Group_8C vs Group_22C Contrast,-0.014512496096138118,0.8085032404322446,-0.13187838778305372,0.1028533955907775,0.11624251906718086,-0.06787362279382303,-0.017166852947202278,0.772571462004839,0.02744428561343503,0.5664052083663993,0.012931789517296913,0.7192780636223706,0.9967266517932953,False
Body_Density_kg_per_m3,L-Norvaline,Group_8C vs Group_15C (Reference),-45.02692253020827,0.8088082524889222,-409.755716478772,319.7018714183555,0.11252430320544216,-0.07236646696009075,57.20304638624382,0.6510195586805161,-206.59844696048097,0.3379762734192413,12.176123856035552,0.9289311686601454,0.9967266517932953,False
Height_m,beta-D-Xylopyranose,Group_8C vs Group_22C Contrast,-9.17761575581936,0.8090758348645444,-83.6261020778228,65.27087056618407,0.05489448377228212,-0.14200249877515914,-4.445279495582876,0.9191940107878558,7.755790058058683,0.7914207991511231,-1.421825697760676,0.9530328949721236,0.9967266517932953,False
Skinfold_Thickness_mm,"1,3-Dioxolane-2-methanol",Group_8C vs Group_15C (Reference),-0.01616818235339348,0.8092269299303823,-0.1474274011742329,0.11509103646744592,0.14422115206249775,-0.034066107924481726,0.05806149331490737,0.10593607926860209,-0.05087258192231195,0.4766501033778541,0.041893310961513885,0.458618671127776,0.9967266517932953,False
Height_m,Oxalic_acid,Group_22C vs Group_15C (Reference),13.102668852735015,0.809395642811105,-93.36559499886664,119.57093270433668,0.4264003341224658,0.3069004037313129,29.877727810536424,0.4616417999731215,42.980396663271435,0.23387468384020682,16.782571000227236,0.6065429414231078,0.9967266517932953,False
BMI_kg·m2,Asparagine,Group_8C vs Group_15C (Reference),0.13056640199088007,0.8104690406358215,-0.9365022249427863,1.1976350289245465,0.0679591782933473,-0.12621599289553864,-0.37489737816678514,0.2814381666076109,0.30425086181584504,0.5976088275714535,-0.24433097617590507,0.5594682761373355,0.9967266517932953,False
Weight_kg,beta-Alanine,Group_8C vs Group_15C (Reference),-0.13890081569234894,0.8109866604764933,-1.2772523198496417,0.9994506884649438,0.07268335642174806,-0.12050761099038776,0.12593247543379069,0.04214814604890938,0.00956191690552366,0.9489395113535044,-0.012968340258558253,0.9820837896672707,0.9967266517932953,False
Body_Density_kg_per_m3,Diethanolamine,Group_8C vs Group_15C (Reference),71.64572580348353,0.8111360559464146,-515.9950098411091,659.2864614480761,0.24685121044740688,0.08994521262395005,-37.91760507418083,0.8428622776252945,-230.23633957546048,0.4817075231617962,33.7281207293027,0.883855050539387,0.9967266517932953,False
Muscle_Mass_kg,Ethyl_alpha-D-glucopyranoside,Group_22C vs Group_15C (Reference),0.062090304534580296,0.8113247318892085,-0.44769560204430614,0.5718762111134668,0.12062122482826532,-0.0625826866658461,-0.167262460705298,0.45350270941575654,-0.10517215617071769,0.4313071912329105,-0.05800678180696178,0.6696760946131497,0.9967266517932953,False
BMI_kg·m2,1-Ethyl-1-tetradecyloxy-1-silacyclohexane,Group_8C vs Group_22C Contrast,-0.2024766953975637,0.8114221097569144,-1.8657957702865497,1.4608423794914225,0.11151663556963909,-0.0735840653533526,0.14793399395898682,0.812877049824066,0.2032718853962347,0.617266372075983,0.0007951899986710087,0.9991481279531413,0.9967266517932953,False
Height_m,1-Monooleoylglycerol,Group_8C vs Group_15C (Reference),6.537595398599183,0.8115529173364708,-47.20488623966205,60.28007703686041,0.06438331822347032,-0.13053682381330667,-3.845109270637288,0.8762638613927479,-7.59470310721991,0.7523924033048994,2.6924861279618946,0.8212699347592827,0.9967266517932953,False
Age_years,Lactic_Acid,Group_22C vs Group_15C (Reference),0.039494143302682604,0.8122733579526348,-0.28643833480065495,0.3654266214060201,0.12991504382879682,-0.05135265537353706,-0.058208409294328245,0.6529510357027719,-0.01871426599164564,0.857723769514364,0.22668690554347437,0.20578386976133034,0.9967266517932953,False
Max_Watts_W,D---Ribofuranose,Group_8C vs Group_22C Contrast,0.040428041306063256,0.8131817986963682,-0.2948709194116097,0.3757270020237362,0.11925781712982297,-0.06423013763479712,-0.01634585338971464,0.6510003031250754,-0.0391500225276883,0.8102934856006998,0.001278018778374957,0.9802528126758732,0.9967266517932953,False
Max_Watts_W,Glycine,Group_8C vs Group_15C (Reference),-0.0043570129850938515,0.8134954922490816,-0.04055412736639599,0.031840101396208284,0.044295854727025574,-0.1548091755381773,-0.009781071100366058,0.4743439945164034,0.0065913692507752995,0.9503284962965217,-0.014138084085459909,0.254838488016202,0.9967266517932953,False
Weight_kg,Glycerol-3-P,Group_8C vs Group_15C (Reference),0.04319129938248927,0.8135485326049022,-0.31573659379956326,0.4021191925645418,0.09840317106235452,-0.08942950163298824,0.014675149061827502,0.9128135318257609,0.017985113603157785,0.8775525867547469,0.05786644844431677,0.6428506721642762,0.9967266517932953,False
VO2max_ml_per_kg_per_min,1-Monooleoylglycerol,Group_8C vs Group_22C Contrast,-0.048980410440092215,0.8138355572308744,-0.4566637241997802,0.35870290331959576,0.21246968852048342,0.04840087362891754,-0.1115409728756319,0.12269661518758024,0.21888716561637278,0.23253263619832687,0.16990675517628057,0.08369547063055216,0.9967266517932953,False
Skinfold_Thickness_mm,Cholesterol,Group_8C vs Group_15C (Reference),0.005256277115898136,0.8139031712944051,-0.03850918308534429,0.04902173731714056,0.1569069359571067,-0.018737452385162667,-0.015292636246482057,0.3006450452566025,0.034168264410151826,0.3473136480153127,-0.01003635913058392,0.5488785138266361,0.9967266517932953,False
BMI_kg·m2,Ethyl_alpha-D-glucopyranoside,Group_8C vs Group_22C Contrast,0.19232808000764856,0.8141696860531905,-1.411426617155228,1.7960827771705252,0.14612487090614645,-0.03176578098840621,0.41864284197824686,0.29661686266047504,-0.536781324922522,0.4411725320496753,-0.3444532449148734,0.4217373984569788,0.9967266517932953,False
Muscle_Mass_kg,Leucine,Group_8C vs Group_15C (Reference),-0.04976248272671975,0.8142586626742395,-0.4649087796936985,0.365383814240259,0.07558765039404003,-0.11699825577386824,0.1187389370644501,0.5020147637518781,0.03959331626095243,0.42159402199043594,0.06897645433773035,0.5539264627635581,0.9967266517932953,False
VO2max_ml_per_kg_per_min,L-5-Oxoproline,Group_8C vs Group_22C Contrast,0.10516770993073934,0.8145568354759044,-0.7736528788774588,0.9839882987389375,0.24667218437466287,0.08972888945271773,-0.09789869543127494,0.7797661680029954,-0.019834383655479265,0.948659768858954,0.08533332627526008,0.7933941905907829,0.9967266517932953,False
Age_years,Tryptophan,Group_8C vs Group_22C Contrast,-0.06013731638323057,0.8146793847651707,-0.5630056238868989,0.44273099112043773,0.039923859980156795,-0.16009200252397715,0.009792528410936679,0.668273614441742,-0.039037091106616545,0.8586417997256113,-0.09917440748984711,0.4570838809468065,0.9967266517932953,False
VO2max_ml_per_kg_per_min,Butanoic_acid,Group_22C vs Group_15C (Reference),-0.05227111667549074,0.8147358576395504,-0.4894899215064434,0.38494768815546193,0.21288056148930534,0.04889734513291066,-0.047266189959447084,0.26768697756824056,-0.09953730663493782,0.6494049301273723,0.26076769092412144,0.13293282633987213,0.9967266517932953,False
Body_Fat__Percent,Serine,Group_22C vs Group_15C (Reference),0.1131319676596109,0.8153108072418178,-0.8361542640905079,1.0624181994097297,0.0833384117565753,-0.10763275246080473,-0.0010417131087716608,0.9876183371421714,0.11209025455083924,0.8152297415114513,-0.17510597221235802,0.2217685114051302,0.9967266517932953,False
Height_m,L-Rhamnose,Group_8C vs Group_15C (Reference),6.2181946524938745,0.8153176499113728,-45.96041957788725,58.39680888287501,0.19937032139361888,0.03257247168395616,-7.4964585501081595,0.7680076145353106,-22.500801269323087,0.8197500502205046,-1.278263897614285,0.871965131308494,0.9967266517932953,False
Weight_kg,Glycerol-3-P,Group_8C vs Group_22C Contrast,0.03988133484115899,0.8154552013979895,-0.2950342997998547,0.3747969694821726,0.09840317106235452,-0.08942950163298824,0.014675149061827502,0.9128135318257609,0.017985113603157785,0.8775525867547469,0.05786644844431677,0.6428506721642762,0.9967266517932953,False
Skinfold_Thickness_mm,D---Ribofuranose,Group_8C vs Group_22C Contrast,-0.022074197949694778,0.8155074160707401,-0.2075024138550451,0.16335401795565552,0.1273601725763509,-0.05443979147024258,0.029518683138636717,0.4215020222760688,0.009116531964570233,0.9102102689246234,-0.012957665985124545,0.7920443616461585,0.9967266517932953,False
BMI_kg·m2,Cysteine,Group_8C vs Group_15C (Reference),0.11935411363662092,0.8159123343521523,-0.8854744879075895,1.1241827151808315,0.2942624303539727,0.14723377001105042,0.0822756429059645,0.6199658429539235,0.9109164062467864,0.39628123776296076,0.20162975654258541,0.677662078682022,0.9967266517932953,False
Age_years,2-Aminoheptanedioic_acid,Group_8C vs Group_15C (Reference),0.0755361630543782,0.8160063512756639,-0.5607250154837833,0.7117973415925396,0.09814284305606857,-0.08974406464058382,-0.10703620930451721,0.0879771425218123,-0.17523898647058217,0.3836695587469485,-0.03150004625013901,0.9212190329876855,0.9967266517932953,False
Muscle_Mass_kg,Leucine,Group_8C vs Group_22C Contrast,0.02938313807677792,0.8163543750760253,-0.2186009863696781,0.27736726252323396,0.07558765039404003,-0.11699825577386824,0.1187389370644501,0.5020147637518781,0.03959331626095243,0.42159402199043594,0.06897645433773035,0.5539264627635581,0.9967266517932953,False
Body_Density_kg_per_m3,Serine,Group_22C vs Group_15C (Reference),-49.32122202481146,0.8166398160612942,-466.2283869328571,367.5859428832342,0.0834827176359787,-0.10745838285652565,0.029300739143727692,0.9992142385647005,-49.29192128566773,0.8149602345083169,75.29131975209313,0.22069939347617762,0.9967266517932953,False
Height_m,beta-D-Xylopyranose,Group_22C vs Group_15C (Reference),12.20106955364156,0.817000062561823,-91.14000399286935,115.54214310015247,0.05489448377228212,-0.14200249877515914,-4.445279495582876,0.9191940107878558,7.755790058058683,0.7914207991511231,-1.421825697760676,0.9530328949721236,0.9967266517932953,False
BMI_kg·m2,"2,3-Butanediol",Group_22C vs Group_15C (Reference),0.305257395044079,0.8173907563572689,-2.2858544100036675,2.8963692000918253,0.04138122024559521,-0.1583310255365724,-0.38395396514009067,0.6302858148991968,-0.07869657009601166,0.9404946492865502,-0.11438166684531753,0.947315699664478,0.9967266517932953,False
Weight_kg,Decanoic_acid,Group_8C vs Group_15C (Reference),-0.017896664010872178,0.8178921040256778,-0.17023437012956338,0.13444104210781904,0.03742116036458387,-0.16311609789279435,0.0012152379716812223,0.9719808167636547,-0.03933146369599512,0.1195827610678386,-0.016681426039190955,0.8105802414385834,0.9967266517932953,False
Skinfold_Thickness_mm,D---Ribofuranose,Group_22C vs Group_15C (Reference),-0.020402151174066484,0.8182621300652004,-0.19442664379857671,0.15362234145044373,0.1273601725763509,-0.05443979147024258,0.029518683138636717,0.4215020222760688,0.009116531964570233,0.9102102689246234,-0.012957665985124545,0.7920443616461585,0.9967266517932953,False
Weight_kg,Ethyl_alpha-D-glucopyranoside,Group_8C vs Group_22C Contrast,0.0739598900019372,0.8186934847350031,-0.5584359239065797,0.7063557039104542,0.1955350419495855,0.027938175689082523,0.17613141469224555,0.029731783734398803,-0.1280642642738589,0.31973093614337933,-0.05410437427192169,0.8549030307879921,0.9967266517932953,False
Body_Density_kg_per_m3,Oleic_Acid,Group_22C vs Group_15C (Reference),-21.773112975417433,0.8189265501709095,-208.18507839105027,164.6388524402154,0.08703611358210905,-0.10316469608828482,6.674713148342774,0.7120294896627856,-15.098399827074658,0.8715452109554567,-3.629096153028809,0.949924257287418,0.9967266517932953,False
Skinfold_Thickness_mm,Glyceraldehyde-3-PMOX,Group_8C vs Group_22C Contrast,0.008074674978876217,0.8190848970708354,-0.061120043008099686,0.07726939296585213,0.25033938099025654,0.09416008536322673,-0.02552521222315668,0.016791382804417332,0.005335223720500663,0.8435352746244922,0.01340989869937688,0.5548303898506834,0.9967266517932953,False
VO2max_ml_per_kg_per_min,Serine,Group_22C vs Group_15C (Reference),-0.08341325459474457,0.8195157906853994,-0.7999340459619407,0.6331075367724516,0.07551131363012731,-0.11709049603026278,0.0027494057967869185,0.9513115702510565,-0.08066384879795764,0.8240491561119501,0.1275308512633067,0.23602875581595417,0.9967266517932953,False
Body_Fat__Percent,Linoleic_Acid,Group_8C vs Group_15C (Reference),-0.1152086315618618,0.8199009419902932,-1.1070055429636043,0.8765882798398806,0.15166981673652935,-0.025065638110026933,-0.03568579686228691,0.8732353854503613,-0.20205831233705251,0.5909645108169319,-0.1508944284241487,0.7395652507805324,0.9967266517932953,False
BMI_kg·m2,Glycerol-3-P,Group_8C vs Group_15C (Reference),0.16853943187220372,0.8200643737207154,-1.283707332999195,1.6207861967436026,0.11389259174007382,-0.07071311831407745,-0.0340008039526988,0.9370687446187228,0.3441122510639782,0.6222747716733696,0.1345386279195049,0.8234355917295604,0.9967266517932953,False
BMI_kg·m2,Glycerol-3-P,Group_8C vs Group_22C Contrast,-0.20957362314447325,0.820334952472582,-2.018198202625914,1.5990509563369675,0.11389259174007382,-0.07071311831407745,-0.0340008039526988,0.9370687446187228,0.3441122510639782,0.6222747716733696,0.1345386279195049,0.8234355917295604,0.9967266517932953,False
Body_Fat__Percent,L-Norvaline,Group_8C vs Group_15C (Reference),0.0963956753450332,0.8206809661205464,-0.7371187084491273,0.9299100591391938,0.11110115989571878,-0.07408609845933967,-0.12582786658064385,0.6620157073136121,0.4726414359244684,0.34345821232857743,-0.029432191235610652,0.9250943018184976,0.9967266517932953,False
Height_m,"2,3-Butanediol",Group_8C vs Group_22C Contrast,13.763983592445662,0.8207578472443828,-105.30458569936113,132.83255288425246,0.11704715634866569,-0.06690135274536213,-51.9331761945691,0.1529156144879286,3.793996892120937,0.8014023033555824,17.5579804845666,0.7654230990291222,0.9967266517932953,False
Height_m,"9-Hexadecenoic_acid,_Z-",Group_8C vs Group_22C Contrast,-3.899606041138366,0.8210483186371967,-37.68976607768697,29.890553995410233,0.11238966948942863,-0.07252914936694044,7.657904507313513,0.3571081286477785,0.7478856955362234,0.9568377130607726,-3.1517203456021425,0.7598016210419352,0.9967266517932953,False
BMI_kg·m2,4-Aminobutanoic_acid,Group_22C vs Group_15C (Reference),0.12322262430017439,0.821971325960874,-0.9501148837299669,1.1965601323303157,0.1945530143214126,0.02675155897170689,0.05565888310609277,0.8655758252438165,0.17888150740626715,0.6829362793023832,-0.9873075389550156,0.0850415481238147,0.9967266517932953,False
VO2max_ml_per_kg_per_min,Nonanoic_acid,Group_8C vs Group_22C Contrast,0.08440672893734719,0.8224555488660681,-0.6528756698776257,0.8216891277523202,0.1753199978329254,0.0035116640481182015,-0.05503089649770453,0.4905111995507734,-0.003265407524596857,0.992541360180816,0.08114132141275032,0.5610155659262088,0.9967266517932953,False
Skinfold_Thickness_mm,Decanoic_acid,Group_22C vs Group_15C (Reference),-0.003898621470043402,0.8226965933963553,-0.03799905485675769,0.030201811916670884,0.02337558503046655,-0.1800878347548529,-0.004488216661310655,0.39838250488197413,-0.008386838131354057,0.6126884333302165,0.0017225593987226359,0.9310657754747766,0.9967266517932953,False
Age_years,1-Ethyl-1-tetradecyloxy-1-silacyclohexane,Group_8C vs Group_15C (Reference),-0.06825599142987457,0.8228852600700735,-0.6659236977330926,0.5294117148733434,0.1440238998785468,-0.03430445431342255,-0.06749324559320187,0.7119220783756941,-0.04723277389120764,0.8566925804609467,-0.13574923702307645,0.5781179224009108,0.9967266517932953,False
Max_Watts_W,Indole-3-Propionic_Acid,Group_8C vs Group_22C Contrast,-0.004694238421797569,0.8233984756432531,-0.04592046534972914,0.03653198850613401,0.12135779469714691,-0.06169266474094748,0.007985029031789832,0.0005599627289254218,0.000575145743072724,0.9778369680070798,-0.004119092678724845,0.2676239407549894,0.9967266517932953,False
Age_years,L-Norvaline,Group_8C vs Group_15C (Reference),0.07521786333002974,0.823472668943311,-0.5856383987987783,0.7360741254588379,0.06538900241527879,-0.12932162208153808,-0.0769417586916454,0.7123391677588271,-0.038884333920118294,0.9052498518245289,-0.001723895361615671,0.9948065795498198,0.9967266517932953,False
BMI_kg·m2,"D-Arabinose,_tetrakis",Group_22C vs Group_15C (Reference),-0.21920484015332514,0.8235550247444916,-2.1460295639493134,1.7076198836426633,0.07782162300125672,-0.11429887220681478,0.057576160975029704,0.9401863838911402,-0.16162867917829543,0.7925537367065654,1.2470784717254586,0.28427049757224765,0.9967266517932953,False
Body_Density_kg_per_m3,Linoleic_Acid,Group_8C vs Group_15C (Reference),48.52921454795733,0.8238091098498211,-378.67117388471775,475.7296029806324,0.15050868012595986,-0.026468678181131855,14.151089018299107,0.8866065457433788,86.6418523009039,0.5943243652433106,62.68030356625644,0.7467021809680225,0.9967266517932953,False
Skinfold_Thickness_mm,alpha-D-Glucopyranoside,Group_8C vs Group_22C Contrast,0.023722142970087783,0.8239487370684868,-0.1852749870091552,0.23271927294933079,0.06922356719740852,-0.12468818963646466,0.009416952074948949,0.7892237518532301,-0.052917884792952535,0.3814192912195076,-0.029195741822864753,0.7395934754434588,0.9967266517932953,False
BSA_m2,Ornithine,Group_8C vs Group_22C Contrast,-1.0645115073006641,0.824094515944003,-10.450986309982422,8.321963295381096,0.11726058978869502,-0.06664345400532667,-2.4538464138666782,0.6888481343238646,1.2739042358952455,0.6470429269817664,0.20939272859458136,0.9571592357558991,0.9967266517932953,False
Age_years,Tryptophan,Group_22C vs Group_15C (Reference),-0.04882961951755323,0.8246409528499286,-0.4807474412086094,0.383088202173503,0.039923859980156795,-0.16009200252397715,0.009792528410936679,0.668273614441742,-0.039037091106616545,0.8586417997256113,-0.09917440748984711,0.4570838809468065,0.9967266517932953,False
Body_Fat__Percent,Diethanolamine,Group_8C vs Group_15C (Reference),-0.15452881280318723,0.8248668668642201,-1.523191263861965,1.2141336382555905,0.24506911605423687,0.08779184856553623,0.07964370284428826,0.8548192502835357,0.5257796050897857,0.49084001747389583,-0.07488510995889897,0.8909206220945161,0.9967266517932953,False
Body_Fat__Percent,L-5-Oxoproline,Group_8C vs Group_15C (Reference),0.15244755415875255,0.825414147928444,-1.2020834510378178,1.5069785593553227,0.24748357631198947,0.09070932137698728,-0.05780724551857837,0.8696097368974914,0.23810861821914686,0.6665442546916638,0.09464030864017418,0.8735482650990567,0.9967266517932953,False
Body_Fat__Percent,Oleic_Acid,Group_22C vs Group_15C (Reference),0.048343516862550166,0.8260079331355127,-0.3826894414922573,0.47937647521735766,0.08688003977450331,-0.103353285272475,-0.0151549434507164,0.7153267372838009,0.03318857341183377,0.877861198731041,0.009736863008759809,0.9425666165114848,0.9967266517932953,False
Weight_kg,"Ethanolamine,_2TMS",Group_8C vs Group_15C (Reference),0.0386440394182023,0.8263834916551577,-0.30666537037295405,0.3839534492093586,0.012130363066186756,-0.1936758112950243,-0.023533019332965432,0.8686362939863852,-0.05185110607372665,0.7386556762541379,0.015111020085236865,0.8843599410195828,0.9967266517932953,False
Weight_kg,Arachidonic_acid1,Group_8C vs Group_22C Contrast,-0.025835262067922707,0.8266729579980816,-0.25708601483812626,0.20541549070228082,0.046334821948207594,-0.15234542347924918,0.01764172761911596,0.7747189622860332,-0.03873127259834573,0.6487006145596204,-0.06456653466626844,0.42996720860150495,0.9967266517932953,False
Height_m,D---Ribofuranose,Group_22C vs Group_15C (Reference),20.930327705694438,0.8269040162133179,-166.66715289913435,208.52780831052326,0.14951241076800859,-0.027672503655322922,-33.436802311476654,0.5015955426760934,-12.506474605782216,0.8784317109044208,19.924387420788662,0.23127325646683317,0.9967266517932953,False
BMI_kg·m2,Palmitic_Acid,Group_8C vs Group_15C (Reference),-0.026404453143246895,0.8270336114251631,-0.26324641783396513,0.2104375115474713,0.2777567644688791,0.12728942373322893,0.016425545340440186,0.8752417816126467,0.23413105198478235,0.5574976335654291,-0.009978907802806709,0.8689369437974386,0.9967266517932953,False
Weight_kg,N-Acetylglutamine,Group_8C vs Group_15C (Reference),-0.06519673184009107,0.8272353637672849,-0.6506905394845017,0.5202970758043195,0.1546341439973249,-0.021483742669899053,-0.04059963407207507,0.7847830035289741,-0.07101253043998385,0.6594926632535612,-0.10579636591216615,0.683043747902818,0.9967266517932953,False
Age_years,2-Aminoadipic_acid,Group_8C vs Group_15C (Reference),-0.02966932106846606,0.8273811536795517,-0.29634081926971734,0.23700217713278524,0.23656219039274962,0.07751264672457248,-0.18841896115064305,0.006760153598285216,0.048033519313004314,0.8763920472222559,-0.21808828221910911,0.06216383321598373,0.9967266517932953,False
BMI_kg·m2,1-Heptadecanol,Group_8C vs Group_22C Contrast,-0.09007997950043414,0.8282770077385386,-0.9040360797332441,0.7238761207323758,0.04916808875666767,-0.1489218927523599,-0.020311614603283012,0.9095416217591323,-0.15680533093867408,0.5392997203548755,-0.24688531043910822,0.4508486444110411,0.9967266517932953,False
Muscle_Mass_kg,Serine,Group_8C vs Group_22C Contrast,-0.0295522882024837,0.8284747716301506,-0.296897353413862,0.2377927770088946,0.09071808557005112,-0.09871564660285492,-0.030625027698149877,0.525946977868263,-0.049093404646202904,0.698812890746265,-0.07864569284868661,0.11619082036577133,0.9967266517932953,False
Muscle_Mass_kg,L-5-Oxoproline,Group_8C vs Group_15C (Reference),-0.1029371210837846,0.8288309628387621,-1.0361100333314286,0.8302357911638595,0.2495852670265961,0.09324886432380375,0.13240887945218513,0.762990412253159,-0.07252134903938529,0.2924767270814361,0.029471758368400533,0.8728119218576182,0.9967266517932953,False
Age_years,D---Ribofuranose,Group_22C vs Group_15C (Reference),-0.07419376593087001,0.8289279896132604,-0.7471822623778412,0.5987947305161012,0.17933400094830254,0.00836191781253226,0.035681178762924426,0.854463031448415,-0.03851258716794559,0.8917340254395238,-0.292507805916581,0.1402449142087625,0.9967266517932953,False
Height_m,Arachidonic_acid1,Group_8C vs Group_22C Contrast,-4.93655238652111,0.8293977594373763,-49.84053819232679,39.967433419284575,0.022461191330543695,-0.18119272714225954,-2.5473652692978694,0.8855342745496373,8.742382607699188,0.6683235392362656,3.805830221178079,0.7148673214961776,0.9967266517932953,False
Age_years,Nonanoic_acid,Group_22C vs Group_15C (Reference),0.03358024267267677,0.829731743257371,-0.27247604082560484,0.3396365261709584,0.23208892450932816,0.07210745044877154,0.002746275929262026,0.966515284222228,0.0363265186019388,0.7977964038674039,-0.15291725508446383,0.07455202426539254,0.9967266517932953,False
Body_Fat__Percent,3-OH-Butanoic_Acid,Group_22C vs Group_15C (Reference),-0.0582628981838197,0.8299880098951432,-0.5900941500844675,0.47356835371682815,0.19391828400826605,0.025984593176654913,-0.1689198446225342,0.08669705916896568,-0.22718274280635392,0.3688251047383573,-0.01029578810633755,0.7912081343336737,0.9967266517932953,False
BMI_kg·m2,Threonine,Group_8C vs Group_15C (Reference),-0.12463858381671991,0.8301106869614374,-1.2631899414146575,1.0139127737812177,0.22139406505678116,0.059184495276943916,-0.14148217253359657,0.5361311845253337,0.8506350734424637,0.3646857620768884,-0.2661207563503165,0.618232676406753,0.9967266517932953,False
Muscle_Mass_kg,L-Norvaline,Group_22C vs Group_15C (Reference),0.07123786892285171,0.8301540700748471,-0.5796762205287331,0.7221519583744365,0.07582739974881147,-0.11670855863685281,-0.005969114764911301,0.984503505355719,0.06526875415794041,0.604145657734751,-0.09533056204166916,0.38803603205520476,0.9967266517932953,False
Age_years,"1,5-Anhydrohexitol",Group_8C vs Group_22C Contrast,0.03892117552938734,0.8301641067281729,-0.3167369570276918,0.39457930808646646,0.21593232998903766,0.05258489873675387,-0.2172986162465058,0.21114377659498995,0.13877765752021906,0.020059576852226924,0.1776988330496064,0.29974595350967737,0.9967266517932953,False
Max_Watts_W,L-5-Oxoproline,Group_8C vs Group_15C (Reference),-0.012901951799018636,0.8302738766089751,-0.13087406551228606,0.1050701619142488,0.24450712334815328,0.08711277404568529,0.008835652259372682,0.8604682619529008,0.03513421527846647,0.4094503113851269,-0.004066299539645954,0.9022567686480361,0.9967266517932953,False
Height_m,L-Rhamnose,Group_8C vs Group_22C Contrast,21.222537371708803,0.8303665544012806,-172.9420865182037,215.3871612616213,0.19937032139361888,0.03257247168395616,-7.4964585501081595,0.7680076145353106,-22.500801269323087,0.8197500502205046,-1.278263897614285,0.871965131308494,0.9967266517932953,False
Height_m,Glycerol-3-P,Group_8C vs Group_15C (Reference),-5.612216152749443,0.8304675816274559,-56.98840995002375,45.76397764452487,0.1605521124461704,-0.014332864127543976,13.710946779688715,0.5368347996780696,-22.752358255991684,0.4078956592400891,8.098730626939272,0.5612023932298191,0.9967266517932953,False
Age_years,Lactic_Acid1,Group_8C vs Group_15C (Reference),-0.08426084554185105,0.830554318583424,-0.856015092455662,0.6874934013719598,0.11435685993969769,-0.07015212757286515,0.09125721777102476,0.6778536394603358,-0.2731352003507627,0.042512685874326106,0.0069963722291737085,0.9829184292555937,0.9967266517932953,False
BMI_kg·m2,Aminomalonic_acid,Group_8C vs Group_22C Contrast,0.24895272304446436,0.8314924666269081,-2.044164165167467,2.542069611256396,0.36989448431629923,0.23862250188219492,0.8072639735098749,0.10447212155717656,-0.032224003484011,0.9744706814022885,0.21672871956045336,0.7159917168941761,0.9967266517932953,False
Height_m,Erythritol,Group_22C vs Group_15C (Reference),-10.661381017361693,0.8315325958103817,-108.88587683648925,87.56311480176586,0.0650144240974736,-0.12977423754888595,-19.256458893482975,0.4300609757956382,-29.91783991084467,0.4943003930201617,-7.368030456312651,0.8228240442578925,0.9967266517932953,False
Height_m,Tyrosine,Group_8C vs Group_22C Contrast,7.852237863287297,0.8315485418262951,-64.49958980598701,80.20406553256161,0.08830543136600677,-0.1016309370994084,11.657981070854577,0.4030449992328322,-2.2021307025764436,0.9520243781959163,5.650107160710854,0.23851695474819534,0.9967266517932953,False
Muscle_Mass_kg,Valine,Group_8C vs Group_15C (Reference),0.01683594609646352,0.8316340986892785,-0.13837044369403695,0.172042335886964,0.13773499802883826,-0.04190354404848695,-0.008756218288348007,0.9069824038215808,0.007808068150879624,0.8353369413269529,0.008079727808115512,0.7522372162561477,0.9967266517932953,False
Max_Watts_W,Campesterol,Group_8C vs Group_15C (Reference),-0.0035158122159888263,0.8317730175899027,-0.03595438005686221,0.02892275562488456,0.11563679333750831,-0.068605541383844,0.0031614331249377394,0.7637274969732895,-0.02110180868154299,0.6241103848708571,-0.00035437909105108696,0.977876594291782,0.9967266517932953,False
Height_m,Butanoic_acid,Group_8C vs Group_22C Contrast,11.917913571814402,0.831955168457623,-98.16548823331846,122.00131537694728,0.0753808063988326,-0.11724819226807726,-9.152595044243204,0.6512390133128947,-9.857799707939,0.850757702765822,2.0601138638754026,0.9189123603607716,0.9967266517932953,False
BMI_kg·m2,2-OH-Butanoic_Acid,Group_8C vs Group_15C (Reference),0.04695980406382293,0.8326393334757541,-0.3885905690812377,0.48251017720888356,0.023001727296117824,-0.1805395795171909,-0.053654171739203074,0.7945973028745976,0.10301356398205218,0.4426735085390423,-0.006694367675380147,0.9358182079845867,0.9967266517932953,False
BMI_kg·m2,Leucine,Group_8C vs Group_22C Contrast,-0.2641537964080294,0.8334933099247108,-2.7269691559601696,2.1986615631441104,0.2671751117263005,0.11450326000261313,-0.052791156414075786,0.8613257417929132,0.8610674054183791,0.4025969518132557,0.5969136090103497,0.40804106022359754,0.9967266517932953,False
Skinfold_Thickness_mm,Cysteine,Group_8C vs Group_15C (Reference),-0.004857990578268341,0.8346343700103221,-0.05046737355468082,0.04075139239814413,0.2262868249574993,0.06509658015697839,0.011465084951750675,0.20179540867629853,0.07528163555292108,0.36859641598293136,0.0066070943734823345,0.7582526884906744,0.9967266517932953,False
Age_years,Indole-3-Propionic_Acid,Group_8C vs Group_15C (Reference),-0.008427913869917291,0.8350299831549821,-0.08774615134121647,0.0708903236013819,0.006682757924918903,-0.20025833417405625,0.010621231834674755,0.7504172142553369,-0.004320242886697979,0.9487894901326446,0.0021933179647574633,0.9235811149984272,0.9967266517932953,False
Muscle_Mass_kg,1H-Indole-3-Acetic_Acid,Group_8C vs Group_15C (Reference),0.016863995125548197,0.835775702733377,-0.14258052651274164,0.17630851676383805,0.12821965593423412,-0.053401249079467084,-0.08087786651855552,0.19455705511789667,0.014820939628098509,0.661735970152662,-0.06401387139300732,0.2205791124570533,0.9967266517932953,False
BSA_m2,1-Monopalmitin,Group_8C vs Group_15C (Reference),-1.45581779829244,0.8358977509891063,-15.230566959354157,12.318931362769277,0.13168317379103334,-0.049216165002501366,-0.4742998043186211,0.9334022590252468,-3.616678778240767,0.2697077116468267,-1.9301176026110611,0.6414445152406754,0.9967266517932953,False
BMI_kg·m2,Alanine,Group_8C vs Group_22C Contrast,-0.15210148092621828,0.8361271700921206,-1.5933352502453508,1.2891322883929144,0.057907816858693395,-0.13836138796241215,0.23871046249003347,0.2577161566986006,0.20107816023475428,0.7728964728071392,0.04897667930853597,0.8348991913567838,0.9967266517932953,False
Body_Density_kg_per_m3,L-5-Oxoproline,Group_8C vs Group_15C (Reference),-61.430312397806766,0.8362036291622545,-643.7766159344784,520.9159911388648,0.2472921710312591,0.09047803999610482,23.288921142011993,0.8799688602406021,-105.42368088763953,0.6561364039465611,-38.14139125579477,0.8806179548385877,0.9967266517932953,False
Age_years,Glutamic_Acid,Group_8C vs Group_22C Contrast,0.02098549352545745,0.8364317376964309,-0.17823760368725458,0.22020859073816948,0.15387246869281845,-0.022404100329511012,0.008354797003691499,0.5252488971599116,0.050745692185994604,0.36481434077356223,0.07173118571145205,0.3977781241255005,0.9967266517932953,False
Body_Density_kg_per_m3,"2-Ethyl-3-hydroxypropionic_acid,_di-",Group_22C vs Group_15C (Reference),25.21215068527825,0.836892078164109,-214.81694527720956,265.24124664776605,0.25608168415468513,0.10109870168691126,-43.6303362213683,0.5458225886429902,-18.418185536090053,0.8522587673053121,116.97339419612618,0.32755712276302384,0.9967266517932953,False
Height_m,Glycerol,Group_22C vs Group_15C (Reference),16.153678354210772,0.8379279481282278,-138.6322648216724,170.93962153009394,0.05333327336414828,-0.14388896135165408,17.72887286795833,0.7577862667788363,33.8825512221691,0.5314802420806055,6.63503042387226,0.9279940019166741,0.9967266517932953,False
BMI_kg·m2,L-5-Oxoproline,Group_22C vs Group_15C (Reference),0.2900050652569257,0.8380956602153169,-2.4917675496006666,3.0717776801145176,0.24088047729299422,0.08273057672903472,0.011028168205168198,0.9915381223627842,0.30103323346209393,0.7553193546468877,0.2377970463847409,0.863743811468821,0.9967266517932953,False
Body_Fat__Percent,"2-Ethyl-3-hydroxypropionic_acid,_di-",Group_22C vs Group_15C (Reference),-0.05695656686344211,0.8381538419783836,-0.6034917604675666,0.4895786267406824,0.2552523747457247,0.10009661948441739,0.09683647677359972,0.5511634658981045,0.03987990991015761,0.8603162629194661,-0.2722428072998293,0.3268307204159848,0.9967266517932953,False
Max_Watts_W,L-Norvaline,Group_8C vs Group_15C (Reference),-0.00811510440584093,0.8382822836113357,-0.08604750724194889,0.06981729843026703,0.09096307240344192,-0.098419620845841,0.0008113214231525606,0.9807106133663646,-0.06884007160309025,0.5306531413429312,-0.00730378298268837,0.7320487085043887,0.9967266517932953,False
Max_Watts_W,4-Aminobutanoic_acid,Group_22C vs Group_15C (Reference),-0.01580171472398703,0.8389873091075772,-0.1682252786627138,0.13662184921473974,0.07313240382998032,-0.11996501203877363,0.012332069099367115,0.44610337832334745,-0.003469645624619917,0.9636180424130707,0.006220364621507718,0.8937855096620262,0.9967266517932953,False
BMI_kg·m2,Serine,Group_22C vs Group_15C (Reference),0.2392393383713745,0.839584245044984,-2.077173029669415,2.555651706412164,0.07980775129501172,-0.11189896718519421,0.030905734055224926,0.8509840863006126,0.27014507242659946,0.8174527714902382,-0.3310228510528568,0.4223455772089415,0.9967266517932953,False
BSA_m2,L-Alanine,Group_22C vs Group_15C (Reference),-5.396117213604307,0.840374197930705,-57.90562657845206,47.113392151243445,0.06687202556835481,-0.12752963577157117,9.872650002428202,0.6346231146967469,4.476532788823895,0.791303227227198,-2.002332856538869,0.9002331006146866,0.9967266517932953,False
Body_Density_kg_per_m3,Glutamic_Acid,Group_8C vs Group_15C (Reference),9.928587260030397,0.8407904148982586,-86.94231428768957,106.79948880775036,0.09384336569115981,-0.09493926645651518,10.359524577894753,0.29183291935204037,-48.208868672693974,0.3289206916813121,20.28811183792515,0.6753272880710472,0.9967266517932953,False
Weight_kg,1-Ethyl-1-tetradecyloxy-1-silacyclohexane,Group_22C vs Group_15C (Reference),-0.03687730741279072,0.8412169760496545,-0.397660241983035,0.3239056271574536,0.1302324221092711,-0.05096915661796397,0.09403614225104333,0.5457451928249688,0.057158834838252605,0.560800178880454,0.0027543039860106477,0.9952645243118461,0.9967266517932953,False
Weight_kg,beta-D-Xylopyranose,Group_8C vs Group_15C (Reference),0.08314246462703674,0.841596842103681,-0.7322447649929826,0.8985296942470562,0.0799417312344558,-0.11173707475836592,0.03152331224004076,0.8666936910428586,-0.0801088292027849,0.18812622051057537,0.1146657768670775,0.7574080284351243,0.9967266517932953,False
Max_Watts_W,Citric_acid,Group_22C vs Group_15C (Reference),-0.01709854789157254,0.8416752544860683,-0.1848700377975775,0.15067294201443243,0.16587552163386987,-0.007900411359073933,0.026329166426944182,0.0565611092275736,0.009230618535371642,0.9129911986494788,0.010911030516267798,0.611510383175601,0.9967266517932953,False
Weight_kg,Oleic_Acid,Group_22C vs Group_15C (Reference),-0.016206705436446627,0.8418749362423501,-0.17543091242089873,0.1430175015480055,0.08801617618317226,-0.10198045377866682,0.013685322498473932,0.730217388666117,-0.002521382937972695,0.9716251093684711,0.013929576741472341,0.9166329223420011,0.9967266517932953,False
Age_years,Indole-3-Propionic_Acid,Group_22C vs Group_15C (Reference),-0.014941474721372734,0.8422920963827069,-0.16212878713655166,0.1322458376938062,0.006682757924918903,-0.20025833417405625,0.010621231834674755,0.7504172142553369,-0.004320242886697979,0.9487894901326446,0.0021933179647574633,0.9235811149984272,0.9967266517932953,False
Max_Watts_W,Proline,Group_22C vs Group_15C (Reference),-0.008847324561665674,0.8427674543052711,-0.09626862581761138,0.07857397669428003,0.04187982106226373,-0.15772854954976467,-0.0002768701029510804,0.9814960783884155,-0.009124194664616754,0.8318674378212021,-0.0046470557119782305,0.7182471752715145,0.9967266517932953,False
Body_Density_kg_per_m3,3-OH-Butanoic_Acid,Group_22C vs Group_15C (Reference),23.472246952166053,0.8428056092346292,-208.51641866346614,255.46091256779823,0.19315701600448165,0.02506472767208201,74.27401140062884,0.0808743194313257,97.74625835279488,0.3761742816066471,4.205032331098664,0.8023780565583873,0.9967266517932953,False
Weight_kg,Stearic_Acid,Group_22C vs Group_15C (Reference),0.014129221846372544,0.8432355998218944,-0.1259054629906016,0.1541639066833467,0.18871000898764112,0.01969126086006645,0.029713845351086125,0.023948367908328327,0.04384306719745867,0.5324168990916758,0.02703378850010202,0.6580457465646639,0.9967266517932953,False
Muscle_Mass_kg,Valine,Group_22C vs Group_15C (Reference),0.01656428643922763,0.843355482853664,-0.14773160934732182,0.1808601822257771,0.13773499802883826,-0.04190354404848695,-0.008756218288348007,0.9069824038215808,0.007808068150879624,0.8353369413269529,0.008079727808115512,0.7522372162561477,0.9967266517932953,False
Height_m,Glutamine_[-H2O],Group_8C vs Group_22C Contrast,-3.5428401719172324,0.8435111877354604,-38.71921557395691,31.63353523012244,0.09489360528007629,-0.09367022695324101,-7.870424432005892,0.6918505870849911,1.7623810839424987,0.9173994461086266,-1.7804590879747337,0.7577625310769873,0.9967266517932953,False
Skinfold_Thickness_mm,2-Keto-3-methylvaleric_acid,Group_8C vs Group_22C Contrast,-0.01844847238485411,0.8435644822615179,-0.2016840509612699,0.16478710619156167,0.042462184133091774,-0.15702486083918066,-0.014095319069980069,0.7486478268469967,0.012114431075081335,0.8806630358470242,-0.006334041309772776,0.8932625497546538,0.9967266517932953,False
Body_Fat__Percent,Glutamic_Acid,Group_8C vs Group_15C (Reference),-0.022828838502661337,0.8436798574582245,-0.24973685471703194,0.20407917771170925,0.09314302209203329,-0.09578551497212628,-0.023731598370778643,0.29405682182937265,0.11034460130598645,0.33034281268506693,-0.046560436873439984,0.6817495218471734,0.9967266517932953,False
Height_m,Glycine,Group_22C vs Group_15C (Reference),16.58031220936215,0.8436945892813265,-148.23599991269617,181.39662433142047,0.028440697307654195,-0.17396749075325113,-6.892582211549229,0.8687957620012907,9.687729997812923,0.894437152858609,-3.4555806833820375,0.8399489100686817,0.9967266517932953,False
Weight_kg,L-+-Erythrulose,Group_8C vs Group_15C (Reference),0.12082234938098013,0.8445066167025157,-1.0865639670370837,1.328208665799044,0.1828447886710941,0.012604119644238798,-0.1016617891723108,0.4865312962284818,0.200893379259842,0.071417674256125,0.019160560208669325,0.9744584702556034,0.9967266517932953,False
Muscle_Mass_kg,Proline,Group_8C vs Group_15C (Reference),-0.02171805699368475,0.8445802534693163,-0.23885229833193672,0.1954161843445672,0.07063203649907768,-0.1229862892302811,0.014009967243555955,0.8905503365010725,0.05799045129921587,0.19353621739496862,-0.007708089750128794,0.8599229855586745,0.9967266517932953,False
Max_Watts_W,Glycerol-3-P,Group_8C vs Group_22C Contrast,0.011003772775633924,0.8446305829025962,-0.09904860148650783,0.12105614703777569,0.17214843727397866,-0.0003206382939424657,-0.021179485118146952,0.06391920909675629,-0.01910973882307094,0.7118859295160263,-0.008105966047437017,0.7100785153953273,0.9967266517932953,False
BSA_m2,beta-D-Xylopyranose,Group_8C vs Group_15C (Reference),4.263655051230071,0.8452595407926722,-38.553338685426084,47.08064878788623,0.06590299378463105,-0.128700549176904,1.5409857716137907,0.9308260918640653,-3.929057291993236,0.46967312764557967,5.8046408228438615,0.6484511565461608,0.9967266517932953,False
Max_Watts_W,Glycine,Group_8C vs Group_22C Contrast,-0.020729453336235208,0.8457244258834066,-0.2295404264947656,0.18808151982229518,0.044295854727025574,-0.1548091755381773,-0.009781071100366058,0.4743439945164034,0.0065913692507752995,0.9503284962965217,-0.014138084085459909,0.254838488016202,0.9967266517932953,False
Muscle_Mass_kg,"2,3,4-Trihydroxybutyric_acid",Group_22C vs Group_15C (Reference),-0.09698889903233476,0.845896957975324,-1.0750627522123932,0.8810849541477237,0.0702936013711648,-0.12339523167650923,0.13276638638913194,0.6784458120190613,0.03577748735679717,0.9255204215198296,-0.030120153370516767,0.8580692172927076,0.9967266517932953,False
Body_Density_kg_per_m3,Methyl_galactoside,Group_8C vs Group_22C Contrast,23.123619303443064,0.8462291263294979,-210.57836720180296,256.8256058086891,0.1914195623121897,0.022965304460562663,-117.6094315760442,0.014143965530834926,98.66046809047192,0.16635958257910177,121.78408739391499,0.2026029902020159,0.9967266517932953,False
BMI_kg·m2,Glycerol,Group_8C vs Group_22C Contrast,0.30485993198205785,0.8462681307199829,-2.7770398126534923,3.386759676617608,0.07776985832439365,-0.1143614211913575,0.5338334981735066,0.547440101457159,0.39948005717916085,0.6501805128884932,0.7043399891612186,0.5886745551767434,0.9967266517932953,False
Skinfold_Thickness_mm,Lysine,Group_22C vs Group_15C (Reference),-0.03642672300167128,0.8463127654056253,-0.4047744420765267,0.33192099607318415,0.30392374629722196,0.15890786010914326,0.05119177268942593,0.00918697357676309,0.014765049687754647,0.9370347668685748,0.005703092282191562,0.8938363506792872,0.9967266517932953,False
Body_Density_kg_per_m3,L-5-Oxoproline,Group_8C vs Group_22C Contrast,67.28228963184475,0.8463499046280598,-613.2565403698649,747.8211196335543,0.2472921710312591,0.09047803999610482,23.288921142011993,0.8799688602406021,-105.42368088763953,0.6561364039465611,-38.14139125579477,0.8806179548385877,0.9967266517932953,False
Muscle_Mass_kg,2-OH-Butanoic_Acid,Group_22C vs Group_15C (Reference),-0.02905102326587736,0.8470147868636622,-0.3241805264551644,0.2660784799234096,0.041849891226196645,-0.15776471476834564,0.054659436371586025,0.712260550430978,0.025608413105708664,0.33678138950946757,0.0034084931897216605,0.914387192759134,0.9967266517932953,False
Height_m,Linoleic_Acid,Group_22C vs Group_15C (Reference),-10.028311497030318,0.847496829724973,-112.23202343016959,92.17540043610896,0.14239259179286445,-0.0362756182502888,-0.1517652606090491,0.9975902539758029,-10.180076757639366,0.4649183103491563,-10.904345357319023,0.7642465972972596,0.9967266517932953,False
Body_Fat__Percent,Methyl_galactoside,Group_8C vs Group_22C Contrast,-0.053993062016044036,0.8476638951959024,-0.6048853879800674,0.49689926394797934,0.19165126601610882,0.02324527976946489,0.2683990904605247,0.01384825152706648,-0.2277892374891335,0.1663899564996143,-0.2817822995051775,0.21615487679895096,0.9967266517932953,False
BMI_kg·m2,"11-Eicosenoic_acid,_E-",Group_8C vs Group_15C (Reference),0.0460695633017779,0.8478772592073913,-0.4246379361917153,0.5167770627952711,0.161642202086952,-0.013015672478266183,0.04596423836762578,0.7629007583574497,-0.3247395642949862,0.06621806384773454,0.09203380166940368,0.6200624904809968,0.9967266517932953,False
BMI_kg·m2,L-Proline,Group_8C vs Group_15C (Reference),0.20529339775219557,0.8480430068943285,-1.894571234495271,2.305158029999662,0.33147953224482407,0.19220443479582916,0.2466579669032583,0.5197182342131208,1.0475145139057664,0.01189496210660157,0.4519513646554539,0.6514759547757507,0.9967266517932953,False
Muscle_Mass_kg,Palmitic_Acid,Group_8C vs Group_15C (Reference),-0.007348060923205056,0.8484898618956398,-0.08273286033579874,0.06803673848938863,0.1830645756762853,0.012869695608844767,0.027495943281914854,0.3835279903114185,-0.005971368439969968,0.7963903910367973,0.020147882358709797,0.35963829160781113,0.9967266517932953,False
Skinfold_Thickness_mm,Citric_acid,Group_22C vs Group_15C (Reference),0.016197967400741455,0.8489390618331343,-0.1504794751188231,0.182875409920306,0.17527576905924624,0.0034582209465893188,-0.034617559413614406,0.022393261814841872,-0.01841959201287295,0.8257762818926779,-0.01221384871075612,0.7020923540613566,0.9967266517932953,False
BSA_m2,Lysine,Group_8C vs Group_15C (Reference),-3.96810840529077,0.8501789440937253,-45.14204550129811,37.205828690716565,0.22086931691527634,0.05855042460595894,10.018129149880874,0.6325078063913001,-1.877764932568983,0.9248737948179411,6.050020744590104,0.00010285318188607562,0.9967266517932953,False
BMI_kg·m2,Campesterol,Group_8C vs Group_15C (Reference),0.04098325484077357,0.8502918822838311,-0.38459236328265556,0.46655887296420273,0.16441976317446716,-0.009659452830852011,-0.17895682327195103,0.061385219975612214,-0.18921638125238943,0.46611092207404425,-0.13797356843117747,0.47905309167486765,0.9967266517932953,False
Height_m,Diethanolamine,Group_8C vs Group_22C Contrast,20.308386827671693,0.8503763844493633,-190.7010291653994,231.31780282074277,0.2225634176799125,0.06059746302989433,-12.307876209738868,0.7359900439810028,4.419174809166961,0.9667666468523062,24.727561636838654,0.1798735933433484,0.9967266517932953,False
BSA_m2,Indole-3-Propionic_Acid,Group_8C vs Group_15C (Reference),0.7900464855427285,0.8517343398014798,-7.49466727868213,9.074760249767586,0.16559221110577294,-0.00824274491385757,-0.9497517355769193,0.8049510005908473,4.664997982817427,0.1486547999653307,-0.15970525003419078,0.9274393984228382,0.9967266517932953,False
Height_m,Palmitic_Acid,Group_22C vs Group_15C (Reference),-1.4430881216565452,0.8518735731968861,-16.590224090072752,13.704047846759662,0.1544627682463442,-0.02169082170233394,1.1902744893917037,0.6691723723778514,-0.25281363226484155,0.9720236544032181,0.5736883203018271,0.9126808222167069,0.9967266517932953,False
Height_m,Stearic_Acid,Group_8C vs Group_15C (Reference),-0.9943031673726772,0.851884522866007,-11.431622601480923,9.443016266735567,0.0867318831035011,-0.10353230791660284,5.3668401066618685,0.13448167692476365,-0.9865238783703072,0.8166279123961875,4.3725369392891915,0.26672784062557864,0.9967266517932953,False
BMI_kg·m2,Glyceraldehyde-3-PMOX,Group_8C vs Group_22C Contrast,0.08895070214463097,0.8520051542671127,-0.8455626315738821,1.0234640358631442,0.22063979733572203,0.05827308844733081,-0.3287426139879293,0.16640020927366572,0.1661919750595821,0.3675016924039487,0.2551426772042131,0.5617199817550267,0.9967266517932953,False
Weight_kg,1-Ethyl-1-tetradecyloxy-1-silacyclohexane,Group_8C vs Group_15C (Reference),-0.09128183826503268,0.852062499129239,-1.050644467217891,0.8680807906878255,0.1302324221092711,-0.05096915661796397,0.09403614225104333,0.5457451928249688,0.057158834838252605,0.560800178880454,0.0027543039860106477,0.9952645243118461,0.9967266517932953,False
BSA_m2,N-Acetylglutamine,Group_22C vs Group_15C (Reference),-3.0623117728393736,0.8521783708589932,-35.27241274250352,29.147789196824775,0.13823026614759537,-0.041305095071655584,-2.0466690209809832,0.8785776202812723,-5.108980793820357,0.591446142794632,0.8610958324124312,0.9799143018833483,0.9967266517932953,False
BMI_kg·m2,Lactic_Acid,Group_22C vs Group_15C (Reference),-0.20207031226067826,0.8526689958005549,-2.3346526160993633,1.930511991578007,0.06904137251559861,-0.1249083415436516,0.262863788608865,0.5777621028289587,0.06079347634818674,0.9505487489448778,-0.3465020153475405,0.7024576783130834,0.9967266517932953,False
Max_Watts_W,Diethanolamine,Group_8C vs Group_15C (Reference),-0.013635371539644274,0.852875986881962,-0.15774331126186514,0.13047256818257658,0.21802770027969365,0.05511680450462986,0.014621270427093951,0.8157041961768792,0.055565881775391346,0.5900855515831704,0.000985898887449677,0.9794900842921948,0.9967266517932953,False
Body_Density_kg_per_m3,Glycerol-3-P,Group_8C vs Group_22C Contrast,33.515141417736544,0.8530715467475644,-321.1792199981654,388.20950283363857,0.12389761007545108,-0.058623721158829856,-41.506562605512514,0.49003784646753545,-66.24882565437352,0.6717301137071183,-32.733684236636975,0.7195287358621414,0.9967266517932953,False
Max_Watts_W,"1,3-Dioxolane-2-methanol",Group_22C vs Group_15C (Reference),-0.025113246508561907,0.8531629688332812,-0.2910519389119574,0.24082544589483362,0.12931274579890972,-0.052080432159650636,-0.029995936482206022,0.18917749037952425,-0.05510918299076793,0.6803130853353756,-0.04199952209011762,0.09689187172408276,0.9967266517932953,False
Weight_kg,2-Aminoadipic_acid,Group_8C vs Group_15C (Reference),-0.031294922794570496,0.8532448764417399,-0.3628820491790722,0.30029220358993125,0.13555833630829184,-0.044533676960814006,-0.013077320619712925,0.8929880041718309,0.20134522504867544,0.2985170173801359,-0.04437224341428342,0.7486165521647627,0.9967266517932953,False
VO2max_ml_per_kg_per_min,2-Aminoadipic_acid,Group_8C vs Group_15C (Reference),0.04593706354333488,0.8532709595251425,-0.44087921040025035,0.5327533374869201,0.19234823236061704,0.024087447435745646,3.173558193073315e-05,0.9998677314914105,-0.4403919745388037,0.16810195087658863,0.04596879912526561,0.7714511195151428,0.9967266517932953,False
Body_Density_kg_per_m3,Asparagine,Group_8C vs Group_22C Contrast,-39.111405267922734,0.8538608051350334,-455.2927666846994,377.0699561488539,0.05096825363972912,-0.14674669351866054,54.332270289909104,0.31534557536177354,-33.55560466928759,0.7776430098173128,-72.66700993721032,0.679652379520282,0.9967266517932953,False
Body_Density_kg_per_m3,2-Aminoheptanedioic_acid,Group_22C vs Group_15C (Reference),-37.786331790285985,0.8540791071480262,-440.4686615539986,364.8959979734266,0.024405501804053875,-0.17884335198676826,19.754231812799635,0.6785766611621571,-18.03209997748635,0.9281049909633572,18.507080369714874,0.9061329017206918,0.9967266517932953,False
BMI_kg·m2,Tryptophan,Group_8C vs Group_22C Contrast,0.20239258496242551,0.8542418939538944,-1.9569456508961098,2.361730820820961,0.1305967733804313,-0.05052889883197875,-0.09715995722672978,0.1590324362670945,0.45886317790303477,0.49548488352783626,0.6612557628654603,0.44830745402939165,0.9967266517932953,False
VO2max_ml_per_kg_per_min,Glutamic_Acid,Group_8C vs Group_15C (Reference),-0.007682059371164016,0.8545246144469039,-0.0898019736789547,0.07443785493662666,0.08486503004647905,-0.10578808869383782,0.01264432283238351,0.5524541791652344,-0.08209382690815269,0.35830101706101924,0.004962263461219495,0.8906388119571362,0.9967266517932953,False
Height_m,Ornithine,Group_8C vs Group_22C Contrast,1.559553802777227,0.8551937108741645,-15.190019338226229,18.309126943780683,0.15095046015306557,-0.025934860648379132,-10.867455736821068,0.45198999892976055,-3.807762253864615,0.17580627267350213,-2.248208451087388,0.7805490362987677,0.9967266517932953,False
Max_Watts_W,L-Rhamnose,Group_8C vs Group_15C (Reference),0.0042797618932985775,0.8560100912333157,-0.04194744568371109,0.050506969470308236,0.45486522985990474,0.34129548608071825,0.011178038021091154,0.4480050095386726,-0.17415350529848944,0.02716162757073315,0.015457799914389732,0.40133122625651785,0.9967266517932953,False
Age_years,beta-D-Xylopyranose,Group_8C vs Group_15C (Reference),-0.04975785939381918,0.8562125601619114,-0.5879750789558813,0.488459360168243,0.10648148306258443,-0.07966820796604379,0.15257536010191733,0.4493744946367457,0.01713954674615506,0.9466382533881776,0.10281750070809814,0.5811252088084418,0.9967266517932953,False
BMI_kg·m2,2-Aminoadipic_acid,Group_8C vs Group_15C (Reference),-0.11770827452764236,0.8563182990193348,-1.3918739472898718,1.1564573982345872,0.16570858525642085,-0.008102126148491484,-0.0383047843389463,0.9288211638579913,0.9839215286086889,0.3263026529515969,-0.15601305886658867,0.7495030899734214,0.9967266517932953,False
BSA_m2,L-Aspartic_acid,Group_8C vs Group_15C (Reference),3.4333145824855706,0.8563464821333608,-33.738917266726325,40.60554643169747,0.1254559010905293,-0.05674078618227707,-8.380251558946197,0.4910747951402098,8.444312391214604,0.4508373648408792,-4.946936976460627,0.7337930431792432,0.9967266517932953,False
Body_Density_kg_per_m3,alpha-D-Glucopyranoside,Group_8C vs Group_22C Contrast,-46.93542149435089,0.856455180999919,-555.4999872208326,461.6291442321308,0.12398517547875465,-0.05851791296317144,-62.29903420674237,0.4939332775707367,150.47405716134966,0.3568041384145606,103.53863566699877,0.6076173212926523,0.9967266517932953,False
Weight_kg,Stearic_Acid,Group_8C vs Group_22C Contrast,-0.016809278697356652,0.856674863597886,-0.19922694788093592,0.1656083904862226,0.18871000898764112,0.01969126086006645,0.029713845351086125,0.023948367908328327,0.04384306719745867,0.5324168990916758,0.02703378850010202,0.6580457465646639,0.9967266517932953,False
Body_Fat__Percent,2-Aminoheptanedioic_acid,Group_22C vs Group_15C (Reference),0.08503093670904295,0.8577155634685567,-0.844547746330187,1.014609619748273,0.02429354151978036,-0.1789786373302653,-0.04504982141383395,0.6774084252931205,0.039981115295209,0.9310012870754225,-0.04092695571696966,0.9100052163128363,0.9967266517932953,False
VO2max_ml_per_kg_per_min,Aminomalonic_acid,Group_8C vs Group_15C (Reference),0.06183181388159603,0.8580935470104424,-0.6159483539407329,0.7396119817039251,0.3013218641076745,0.15576391913010668,-0.033427619712008784,0.7991837554962067,0.21735981310931254,0.6206990178885203,0.028404194169587248,0.9292430948618291,0.9967266517932953,False
BSA_m2,Proline,Group_22C vs Group_15C (Reference),2.224811555131982,0.8581919915524704,-22.179958418465066,26.62958152872903,0.19602431064200976,0.028529375359095166,7.350074516956798,0.25342719217580567,9.57488607208878,0.3690510949835972,1.2131684689368063,0.6680981752914983,0.9967266517932953,False
Body_Fat__Percent,alpha-D-Glucopyranoside,Group_8C vs Group_22C Contrast,0.10807312911424505,0.8589587952359587,-1.0839564250533842,1.3001026832818745,0.12074996072242783,-0.062427130793732966,0.13906506351811915,0.5041719123636652,-0.3441508704001648,0.36426187991291803,-0.23607774128591974,0.6194713872819535,0.9967266517932953,False
Body_Fat__Percent,Asparagine,Group_8C vs Group_22C Contrast,0.08745367080715724,0.859363091857963,-0.8799488319341734,1.0548561735484878,0.05004733764848268,-0.14785946700808328,-0.12393465923730411,0.3197732400921651,0.07665190699178397,0.7775577020870297,0.1641055777989412,0.6906138431557833,0.9967266517932953,False
Muscle_Mass_kg,Tryptophan,Group_8C vs Group_22C Contrast,0.021988725735304877,0.8594996333133901,-0.22148691418919783,0.2654643656598076,0.010558939406752677,-0.19557461488350714,0.01857273965052106,0.6119848007193947,-0.021909830407217105,0.506999500712473,7.88953280877712e-05,0.9994743403874817,0.9967266517932953,False
Max_Watts_W,Linoleic_Acid,Group_8C vs Group_15C (Reference),-0.006967879606192534,0.8596446269161545,-0.08420058251210999,0.07026482329972492,0.1320864342754755,-0.04872889191713381,-0.00013212255229422826,0.9962410183347448,-0.004380099039997767,0.9333282890128904,-0.007100002158486762,0.7975753657721008,0.9967266517932953,False
Body_Fat__Percent,L-5-Oxoproline,Group_8C vs Group_22C Contrast,-0.14346830957897266,0.8597157014142955,-1.73452934942736,1.4475927302694147,0.24748357631198947,0.09070932137698728,-0.05780724551857837,0.8696097368974914,0.23810861821914686,0.6665442546916638,0.09464030864017418,0.8735482650990567,0.9967266517932953,False
Skinfold_Thickness_mm,Methyl_galactoside,Group_8C vs Group_22C Contrast,-0.009389971731407695,0.8598234551012256,-0.11360548035252586,0.09482553688971047,0.18231357799753234,0.011962240080351627,0.039358086183872355,0.0006925907420737585,-0.03158587157915919,0.2593298465630114,-0.04097584331056688,0.3646483533175504,0.9967266517932953,False
BMI_kg·m2,Doconexent,Group_8C vs Group_22C Contrast,-0.045596111167460346,0.860101916084619,-0.5526667591421313,0.4614745368072106,0.0990570323692298,-0.08863941922051399,0.19144636455924965,0.04450960712164125,-0.0390063250190954,0.8309527012752174,-0.08460243618655575,0.6441381767688603,0.9967266517932953,False
Body_Fat__Percent,Oleic_Acid,Group_8C vs Group_15C (Reference),0.02489180645947621,0.8602586983007403,-0.25223666931927646,0.30202028223822885,0.08688003977450331,-0.103353285272475,-0.0151549434507164,0.7153267372838009,0.03318857341183377,0.877861198731041,0.009736863008759809,0.9425666165114848,0.9967266517932953,False
Max_Watts_W,Glyceric_acid,Group_8C vs Group_22C Contrast,-0.025983391034105706,0.8602957426238896,-0.3153476494258716,0.26338086735766025,0.08489321443600384,-0.1057540325564954,0.019538154907554863,0.6968839324352047,-0.016077016664629507,0.8987622722354682,-0.04206040769873522,0.5816500183839184,0.9967266517932953,False
Skinfold_Thickness_mm,Lactic_Acid,Group_8C vs Group_22C Contrast,0.03370846680646862,0.860316740722906,-0.34174318257582054,0.40916011618875775,0.057882060463353535,-0.1383925102734478,0.004826713100089837,0.8582756514870935,-0.004958651697572454,0.957090239000145,0.028749815108896168,0.8640662726320951,0.9967266517932953,False
Body_Density_kg_per_m3,Citric_acid,Group_8C vs Group_22C Contrast,-36.67246619460511,0.8604754223449345,-445.6071044952653,372.262172106055,0.16980680780536572,-0.0031501072351829418,110.54704229488465,0.11595429623877676,28.44384065411856,0.8848047560157997,-8.228625540486547,0.9072392044336492,0.9967266517932953,False
Height_m,Glycine,Group_8C vs Group_22C Contrast,-13.143310681194961,0.8608647543668608,-160.11871120491708,133.83208984252718,0.028440697307654195,-0.17396749075325113,-6.892582211549229,0.8687957620012907,9.687729997812923,0.894437152858609,-3.4555806833820375,0.8399489100686817,0.9967266517932953,False
Body_Fat__Percent,Palmitic_Acid,Group_8C vs Group_15C (Reference),-0.00780468228582627,0.8614115358466057,-0.09542700333585205,0.0798176387641995,0.21114244860098852,0.04679712539286118,-0.011310702140765246,0.7469668913023941,0.08724921216677287,0.6099819384770533,-0.019115384426591515,0.49081183738982737,0.9967266517932953,False
BSA_m2,Alanine,Group_8C vs Group_22C Contrast,1.6196248928720198,0.8616017022492906,-16.589302673277963,19.828552459022,0.12253774422628938,-0.060266892393233684,11.807324856388535,0.24774919761887282,-0.12239780071941198,0.9880719019168556,1.4972270921526079,0.7331266306171451,0.9967266517932953,False
Weight_kg,Nonanoic_acid,Group_8C vs Group_22C Contrast,0.022580129766891385,0.8621458093538045,-0.23229326434032116,0.27745352387410394,0.24230411616586656,0.08445080703375552,0.09313167783402967,0.15387058676484663,0.06131993292292886,0.5749758273442507,0.08390006268982024,0.2331145795038878,0.9967266517932953,False
Body_Fat__Percent,Citric_acid,Group_8C vs Group_22C Contrast,0.08426542394842623,0.8622490149347359,-0.8676010377384438,1.0361318856352963,0.1703319588594745,-0.002515549711468168,-0.25256843921081584,0.11107361119963083,-0.06680721498004044,0.8839353661178724,0.01745820896838579,0.9144636786442115,0.9967266517932953,False
Age_years,Leucine,Group_8C vs Group_22C Contrast,-0.052578774560928694,0.862318785753958,-0.6468152700581559,0.5416577209362984,0.03086407965168414,-0.1710392370875482,0.018805430014080384,0.8174822421389982,0.02766836478425757,0.9227637912132463,-0.02491040977667112,0.8077283853883019,0.9967266517932953,False
Height_m,Linoleic_Acid,Group_8C vs Group_15C (Reference),-10.752580096709975,0.862369037909333,-132.31902239874242,110.81386220532248,0.14239259179286445,-0.0362756182502888,-0.1517652606090491,0.9975902539758029,-10.180076757639366,0.4649183103491563,-10.904345357319023,0.7642465972972596,0.9967266517932953,False
Muscle_Mass_kg,"D-Arabinose,_tetrakis",Group_22C vs Group_15C (Reference),-0.10167802264363089,0.8626626978817663,-1.253711435346525,1.0503553900592633,0.0912349916170132,-0.09809105179610889,-0.10390922488322604,0.8414012183413351,-0.20558724752685692,0.4553307210173141,0.11436188182405846,0.5904124701705684,0.9967266517932953,False
BSA_m2,"2,3-Butanediol",Group_8C vs Group_22C Contrast,6.471058923127689,0.862898354474599,-66.97603788181239,79.91815572806776,0.12351963641919517,-0.059080439326805845,-19.652964370922366,0.12899159206224514,-0.3380768639589249,0.9729414323193182,6.132982059168764,0.8651833944171259,0.9967266517932953,False
BSA_m2,Erythritol,Group_8C vs Group_15C (Reference),-6.022056882514081,0.8629245046268895,-74.38485401887623,62.34074025384807,0.09756421066795495,-0.09044324544288762,-8.101081080730692,0.43923856146370244,-0.6841887728767659,0.9660630361947047,-14.123137963244773,0.6712006446630152,0.9967266517932953,False
Max_Watts_W,Tryptophan,Group_22C vs Group_15C (Reference),-0.005787634179900523,0.8629283807464543,-0.07149112542227089,0.05991585706246984,0.14194387932802233,-0.03681781247863958,0.003517089250670004,0.6078697173662889,-0.002270544929230519,0.9448358438021904,0.034000048290815356,0.322998955203774,0.9967266517932953,False
Age_years,Ornithine,Group_22C vs Group_15C (Reference),0.011065524579825323,0.8636577629967246,-0.11523336854560043,0.13736441770525107,0.24227045692235272,0.08441013544784293,0.05274059979400303,0.1936359310420951,0.06380612437382835,0.20247799999778593,-0.015188968966290961,0.5712306005359711,0.9967266517932953,False
BSA_m2,Butanoic_acid,Group_22C vs Group_15C (Reference),-1.7858928914921264,0.8641202025119031,-22.23964598908315,18.6678602060989,0.13444890462242576,-0.04587424024790221,5.141556063107331,0.002834938708213176,3.355663171615205,0.74440548226241,-7.132277379622098,0.5875462445436421,0.9967266517932953,False
Skinfold_Thickness_mm,1-Heptadecanol,Group_8C vs Group_22C Contrast,-0.009073824228437864,0.8642551247152821,-0.1131021534553177,0.09495450499844198,0.08429594122082451,-0.10647573769150376,0.008709961670627445,0.31152469059059307,-0.015859079757781672,0.5799053443794426,-0.024932903986219536,0.5768063401516188,0.9967266517932953,False
Max_Watts_W,Doconexent,Group_22C vs Group_15C (Reference),0.008172779048385065,0.8644263341735883,-0.08564313338173893,0.10198869147850906,0.08477366809276687,-0.10589848438790672,-0.003923962226842714,0.4290502674498111,0.0042488168215423505,0.9288869169751219,0.00938385685942256,0.3652034651171019,0.9967266517932953,False
Muscle_Mass_kg,Arachidonic_acid,Group_8C vs Group_15C (Reference),0.009543376400132574,0.8644503061769713,-0.10002528373217114,0.11911203653243628,0.04606971117802783,-0.15266576565988288,-0.007531991186158553,0.8793590154403623,0.011606860297662974,0.4467496153432857,0.002011385213974021,0.9377204820604013,0.9967266517932953,False
Body_Density_kg_per_m3,Oleic_Acid,Group_8C vs Group_15C (Reference),-10.303809301371583,0.8648750106043305,-128.97853932777457,108.37092072503141,0.08703611358210905,-0.10316469608828482,6.674713148342774,0.7120294896627856,-15.098399827074658,0.8715452109554567,-3.629096153028809,0.949924257287418,0.9967266517932953,False
Body_Density_kg_per_m3,Palmitic_Acid,Group_8C vs Group_15C (Reference),3.306900186621935,0.8649401314822474,-34.79905992991152,41.4128603031554,0.21232719882143758,0.04822869857590384,4.795972613234034,0.7534036946738607,-38.38610796053117,0.6077264173558898,8.10287279985597,0.5009158422703228,0.9967266517932953,False
BSA_m2,Stearic_Acid,Group_8C vs Group_15C (Reference),-0.6291315297179024,0.8653105386675777,-7.8988487159280005,6.6405856564921955,0.1785648804750689,0.007432563907375012,2.7986471529960526,0.003158256496222554,2.600633973242667,0.4794025764416565,2.16951562327815,0.5451694758194969,0.9967266517932953,False
Body_Fat__Percent,Glycerol-3-P,Group_8C vs Group_22C Contrast,-0.07048168072149183,0.8654788600016217,-0.8859528392561925,0.7449894778132088,0.12428221696744424,-0.058158987831004705,0.09649732237623027,0.48085263381184895,0.14880265268178205,0.6782981823998195,0.07832097196029024,0.7101359627911079,0.9967266517932953,False
BSA_m2,N-Acetylglutamine,Group_8C vs Group_22C Contrast,5.970076626232788,0.8664574285607937,-63.61455701397377,75.55471026643934,0.13823026614759537,-0.041305095071655584,-2.0466690209809832,0.8785776202812723,-5.108980793820357,0.591446142794632,0.8610958324124312,0.9799143018833483,0.9967266517932953,False
Age_years,"1,3-Dioxolane-2-methanol",Group_8C vs Group_22C Contrast,0.07930084090937561,0.866887002584817,-0.8480065579929355,1.0066082398116867,0.1258522176199527,-0.05626190370922379,0.22536396918124943,0.10492423322916988,-0.18814570361814772,0.40141135418744955,-0.10884486270877211,0.7938890873358073,0.9967266517932953,False
Muscle_Mass_kg,Indole-3-Propionic_Acid,Group_22C vs Group_15C (Reference),0.01265752416253245,0.8669768837758942,-0.13545194428841711,0.16076699261348204,0.1804844365487399,0.009752027496394144,0.03652900886645254,0.5395290952991554,0.04918653302898499,0.29051834020804,0.005027585328760735,0.7431097742999384,0.9967266517932953,False
VO2max_ml_per_kg_per_min,L-5-Oxoproline,Group_22C vs Group_15C (Reference),0.07806431177579568,0.8670536877561327,-0.8359221721462246,0.9920507956978158,0.24667218437466287,0.08972888945271773,-0.09789869543127494,0.7797661680029954,-0.019834383655479265,0.948659768858954,0.08533332627526008,0.7933941905907829,0.9967266517932953,False
BSA_m2,Aminomalonic_acid,Group_8C vs Group_15C (Reference),-2.3507279641210004,0.8671719917906889,-29.898081027681297,25.1966250994393,0.3068309499582662,0.16242073119957168,7.7351112451419395,0.37380338369733346,5.724402159582461,0.689806692290986,5.3843832810209395,0.6257789557311257,0.9967266517932953,False
Max_Watts_W,Oleic_Acid,Group_8C vs Group_15C (Reference),-0.002514254760165031,0.8674491777151638,-0.032040111320137676,0.027011601799807616,0.12603554046445997,-0.056040388605444136,0.0005147112891228865,0.9382448177801296,0.024110974370773385,0.07082484258705346,-0.0019995434710421444,0.88242945497445,0.9967266517932953,False
BSA_m2,Decanoic_acid,Group_8C vs Group_15C (Reference),-0.5939901830053388,0.8675278400873618,-7.5736250977299155,6.385644731719238,0.034549573493942276,-0.16658593202815308,0.7597108947369018,0.8179070311919773,-2.862782485760934,0.23130904493294158,0.165720711731563,0.9015194738349996,0.9967266517932953,False
BSA_m2,beta-Alanine,Group_8C vs Group_15C (Reference),-6.40938615958086,0.8676528456432875,-81.79417226553954,68.97539994637782,0.06427155975471943,-0.13067186529638053,9.417786961204364,0.11447936553488365,0.4175010108595689,0.9641610759281027,3.0084008016235035,0.9368931672271352,0.9967266517932953,False
Muscle_Mass_kg,L-Aspartic_acid,Group_8C vs Group_15C (Reference),-0.04052415602085808,0.8678044537805134,-0.5177057236832399,0.43665741164152366,0.15431913201861303,-0.021864382144175964,-0.10573895556985738,0.6016206015931753,0.09532339422734179,0.24368750757816438,-0.14626311159071545,0.27899388335306385,0.9967266517932953,False
Body_Fat__Percent,"D-Arabinose,_tetrakis",Group_22C vs Group_15C (Reference),-0.07463445208146748,0.8678901656011242,-0.95404833873939,0.8047794345764551,0.11312501223512106,-0.0716406102158953,0.04084390529284366,0.9045166991321848,-0.03379054678862382,0.9079417908785901,0.6619219475460333,0.2178676408711131,0.9967266517932953,False
BMI_kg·m2,Ornithine,Group_8C vs Group_22C Contrast,-0.056642954404485746,0.8683426925789508,-0.7263915311997168,0.6131056223907453,0.14458133032738896,-0.03363089252107154,-0.009476603774667183,0.9468203749140782,0.1834494261714351,0.5319574222102332,0.12680647176694934,0.46863381909461777,0.9967266517932953,False
VO2max_ml_per_kg_per_min,L-Aspartic_acid,Group_8C vs Group_15C (Reference),0.06385742947107875,0.8691822968995109,-0.6960719359213049,0.8237867948634624,0.16085383973091438,-0.01396827699181169,-0.07637586769382429,0.4045818572378267,-0.34409941743735406,0.2528946258508289,-0.012518438222745537,0.9734926370209402,0.9967266517932953,False
BSA_m2,Arachidonic_acid1,Group_8C vs Group_22C Contrast,-1.1005095311849304,0.8696931850966332,-14.249074636427203,12.04805557405734,0.017385764313543328,-0.18732553478780178,1.121943205734233,0.8622506707871627,-1.528512441281532,0.7609594164044791,-2.6290219724664627,0.5542273523854542,0.9967266517932953,False
Height_m,Citric_acid,Group_22C vs Group_15C (Reference),11.393370394597266,0.8697733914997506,-124.81336950174011,147.60011029093465,0.19414934874526824,0.026263796400532557,25.285824218464594,0.5688921686696186,36.67919461306186,0.49275437171742653,-3.293230186790101,0.9061592533724117,0.9967266517932953,False
Weight_kg,2-Keto-3-methylvaleric_acid,Group_8C vs Group_15C (Reference),-0.04759272220345151,0.8701449178160194,-0.6182020297162627,0.5230165853093598,0.05405904207177592,-0.14301199082993743,0.02193953771858242,0.85634821699403,0.08855362971305956,0.5120938184569581,-0.02565318448486909,0.922796468289304,0.9967266517932953,False
Weight_kg,alpha-D-Glucopyranoside,Group_8C vs Group_15C (Reference),0.02906385899324068,0.872500229096656,-0.32588927801305007,0.3840169959995314,0.08186885656638299,-0.10940846498228707,0.06312438379134859,0.6637758519399967,-0.12867730804756522,0.30820346412263033,0.09218824278458927,0.394289773212821,0.9967266517932953,False
Skinfold_Thickness_mm,Alanine,Group_8C vs Group_22C Contrast,-0.008260782235417381,0.8733836312000323,-0.10986045732293664,0.0933388928521019,0.11294387289352026,-0.07185948692032973,0.027720550981954497,0.09896897686812714,0.0053573095527517,0.915130642439276,-0.0029034726826656816,0.8183893035153114,0.9967266517932953,False
Age_years,1H-Indole-3-Acetic_Acid,Group_22C vs Group_15C (Reference),-0.011052945241343697,0.8735088940908842,-0.14712680444107964,0.12502091395839224,0.04196718807610289,-0.15762298107470896,0.009268739621523815,0.8328930058854108,-0.0017842056198198817,0.9735251032520933,0.0532899649649482,0.6769464197073523,0.9967266517932953,False
Height_m,2-Keto-3-methylvaleric_acid,Group_22C vs Group_15C (Reference),-4.543294737171912,0.8741352446673578,-60.7569289903461,51.67033951600227,0.13112093937922398,-0.049895531583437736,17.67185824319355,0.3361214144652265,13.128563506021639,0.5511011024157195,-17.89753569849069,0.21905318949312935,0.9967266517932953,False
Muscle_Mass_kg,Threonine,Group_8C vs Group_15C (Reference),0.02157033705553496,0.8744638958065347,-0.2460213962034195,0.28916207031448943,0.09688567322911579,-0.09126314484815179,-0.1014735969320519,0.41310085454083234,-0.0017706180171043612,0.978899417642886,-0.07990325987651693,0.16222013302115412,0.9967266517932953,False
BMI_kg·m2,"Ethanolamine,_2TMS",Group_22C vs Group_15C (Reference),-0.1567969867471276,0.8744817190612075,-2.1022271867390123,1.7886332132447573,0.050504795166705696,-0.14730670584023065,-0.20498282248489477,0.6879282774381893,-0.36177980923202235,0.6708725915224383,-0.5414267236304202,0.49954824353324434,0.9967266517932953,False
BMI_kg·m2,Campesterol,Group_8C vs Group_22C Contrast,0.05124281282121196,0.8745832107887552,-0.5850735939080842,0.6875592195505082,0.16441976317446716,-0.009659452830852011,-0.17895682327195103,0.061385219975612214,-0.18921638125238943,0.46611092207404425,-0.13797356843117747,0.47905309167486765,0.9967266517932953,False
Muscle_Mass_kg,"2,3,4-Trihydroxybutyric_acid",Group_8C vs Group_22C Contrast,-0.06589764072731394,0.8747745311030457,-0.8854535065140495,0.7536582250594216,0.0702936013711648,-0.12339523167650923,0.13276638638913194,0.6784458120190613,0.03577748735679717,0.9255204215198296,-0.030120153370516767,0.8580692172927076,0.9967266517932953,False
VO2max_ml_per_kg_per_min,Ascorbic_Acid,Group_8C vs Group_15C (Reference),0.05276834792004169,0.8752925492431834,-0.6062376914652676,0.711774387305351,0.12212570696541158,-0.06076477075012754,0.10345211976262975,0.18297938125052227,0.015264409948077706,0.8838894319085653,0.15622046768267145,0.6329773903439482,0.9967266517932953,False
Max_Watts_W,Nonanoic_acid,Group_8C vs Group_22C Contrast,-0.01257125296689652,0.8754003994434901,-0.1697092786071714,0.14456677267337836,0.17006570409316468,-0.0028372742207591894,-0.007997964845979685,0.6714899830547929,0.01611755307539344,0.838827589376157,0.003546300108496922,0.7707631265373605,0.9967266517932953,False
Age_years,3-OH-Butanoic_Acid,Group_22C vs Group_15C (Reference),0.019316858247412666,0.875886456193425,-0.2230887360191332,0.26172245251395854,0.07505959636229642,-0.1176363210622251,-0.05651171811990492,0.4576639238298461,-0.037194859872492256,0.7028504156329565,0.007089439267191466,0.8286225285670363,0.9967266517932953,False
Muscle_Mass_kg,2-Aminoheptanedioic_acid,Group_8C vs Group_15C (Reference),-0.0440420562110389,0.8764707455500541,-0.5993575029601137,0.511273390538036,0.15902112947822877,-0.016182801880473496,-0.0863929506134056,0.7190677089777645,0.178325184419563,0.32596229825510514,-0.1304350068244445,0.3854908619140296,0.9967266517932953,False
Weight_kg,"2-Ethyl-3-hydroxypropionic_acid,_di-",Group_22C vs Group_15C (Reference),0.017429811507491302,0.8768200091303209,-0.20296655683570225,0.23782617985068488,0.34233608949753414,0.20532277480952044,0.0110843308293295,0.8482964650943676,0.028514142336820803,0.7673213198274522,-0.21577232027751433,0.0009750403288648624,0.9967266517932953,False
Height_m,Proline,Group_8C vs Group_22C Contrast,5.832496527090935,0.8770118556341107,-68.03554249664128,79.70053555082316,0.07965374202884379,-0.11208506171514698,18.342801375452876,0.2424852998227186,-4.939237076393095,0.8947430337754916,0.8932594506978404,0.86269057147442,0.9967266517932953,False
Max_Watts_W,1H-Indole-3-Acetic_Acid,Group_8C vs Group_22C Contrast,-0.0033129546618342956,0.8776040289102154,-0.04547585063589592,0.038849941312227326,0.13992569870425997,-0.03925644739901912,-0.005432715438647189,0.49733561586512365,-0.010302624861538722,0.5435093554918058,-0.013615579523373018,0.30358311063297183,0.9967266517932953,False
VO2max_ml_per_kg_per_min,Glycerol,Group_8C vs Group_22C Contrast,0.08121517522453336,0.8776167816930649,-0.9524924935055918,1.1149228439546586,0.07734242610549114,-0.1148779017891981,0.24523576479841352,0.08951145102949057,-0.033481688419775,0.87970889433634,0.04773348680475836,0.9205798904478497,0.9967266517932953,False
BSA_m2,Tyrosine,Group_8C vs Group_22C Contrast,-1.4826704325667515,0.8776270031077319,-20.355705254159165,17.39036438902566,0.15001304559698214,-0.02706756990364645,3.5133048367282975,0.43246739438772797,4.749435717331384,0.5150504745117455,3.2667652847646327,0.6031838764886981,0.9967266517932953,False
Max_Watts_W,Glycerol,Group_8C vs Group_15C (Reference),-0.008571387594469664,0.8777626642985035,-0.11779733227004473,0.10065455708110539,0.19254123050654537,0.024320653528742353,0.05506954457747099,0.007895799463331072,-0.021845526360025506,0.6780894661001335,0.04649815698300133,0.36872038760631476,0.9967266517932953,False
BMI_kg·m2,"Ethanolamine,_2TMS",Group_8C vs Group_22C Contrast,-0.17964691439839786,0.877920002566228,-2.4719192219808055,2.1126253931840098,0.050504795166705696,-0.14730670584023065,-0.20498282248489477,0.6879282774381893,-0.36177980923202235,0.6708725915224383,-0.5414267236304202,0.49954824353324434,0.9967266517932953,False
Max_Watts_W,Glycine,Group_22C vs Group_15C (Reference),0.016372440351141358,0.8780368383812853,-0.19273573023529955,0.22548061093758226,0.044295854727025574,-0.1548091755381773,-0.009781071100366058,0.4743439945164034,0.0065913692507752995,0.9503284962965217,-0.014138084085459909,0.254838488016202,0.9967266517932953,False
Body_Fat__Percent,1H-Indole-3-Acetic_Acid,Group_8C vs Group_22C Contrast,0.036914659519281794,0.8786334368172032,-0.4369024795892662,0.5107317986278298,0.153617346958289,-0.022712372425400806,0.05675728154182657,0.2926945917439979,0.10149604833779097,0.4192148513048424,0.13841070785707277,0.502737664881374,0.9967266517932953,False
Muscle_Mass_kg,Glycerol,Group_8C vs Group_22C Contrast,-0.05171364134199685,0.8790707297748814,-0.7179016895294067,0.614474406845413,0.18903997025497998,0.020089964058100818,0.693183472873468,0.20692158576619035,0.13573441317936963,0.5064051892437691,0.08402077183737278,0.7570973721836636,0.9967266517932953,False
Body_Density_kg_per_m3,1H-Indole-3-Acetic_Acid,Group_8C vs Group_22C Contrast,-15.646744374028422,0.8795873679441358,-218.08353315608707,186.7900444080302,0.15528519808808205,-0.02069705231023411,-24.908054619287782,0.28676123056151837,-44.38598400396465,0.40834130473327246,-60.032728377993074,0.49627700534219166,0.9967266517932953,False
BSA_m2,"Ethanolamine,_3TMS",Group_22C vs Group_15C (Reference),-2.8544232283101794,0.8796909325733966,-39.816162333703666,34.1073158770833,0.1488998741163684,-0.028412652109388148,10.102238769315534,0.4795024400424852,7.247815541005354,0.5559989994727754,-2.4502822145398895,0.7634192012756456,0.9967266517932953,False
BMI_kg·m2,1-Ethyl-1-tetradecyloxy-1-silacyclohexane,Group_8C vs Group_15C (Reference),-0.1471388039603158,0.8797088893542254,-2.0527161219620713,1.7584385140414396,0.11151663556963909,-0.0735840653533526,0.14793399395898682,0.812877049824066,0.2032718853962347,0.617266372075983,0.0007951899986710087,0.9991481279531413,0.9967266517932953,False
Skinfold_Thickness_mm,Palmitic_Acid,Group_8C vs Group_15C (Reference),-0.0012086876017705134,0.8800643139618843,-0.01690900233099498,0.014491627127453955,0.19415051986475074,0.02626521150324057,-0.0029034197231989985,0.6339686786684076,0.011005251828653962,0.6652366305472288,-0.004112107324969512,0.42860610614456496,0.9967266517932953,False
Height_m,Serine,Group_8C vs Group_22C Contrast,3.910657257954168,0.8808272835931302,-47.21567109510005,55.03698561100839,0.0730193167952854,-0.12010165887236335,-2.1357791144459273,0.6763554930369476,-13.19266663732775,0.5818792184516886,-9.282009379373582,0.36819969199030167,0.9967266517932953,False
Height_m,Nonanoic_acid,Group_22C vs Group_15C (Reference),5.914758014570976,0.8811226176863876,-71.60448911928374,83.4340051484257,0.25151152009967026,0.09557642012043499,-18.83362332454714,0.4335854229541367,-12.918865309976164,0.6807429372740468,16.537603961830463,0.1486979418628891,0.9967266517932953,False
Muscle_Mass_kg,Decanoic_acid,Group_22C vs Group_15C (Reference),-0.01648972020773712,0.8812005205274424,-0.232747966845887,0.19976852643041276,0.00903756342009887,-0.19741294420071376,0.0106277640586397,0.9175250223089784,-0.005861956149097418,0.8849443316347996,-0.0024650725704634755,0.9585523011884778,0.9967266517932953,False
BSA_m2,2-Aminoadipic_acid,Group_8C vs Group_15C (Reference),-1.788020629899605,0.8813435608737578,-25.265909945983015,21.689868686183804,0.10918776313669831,-0.07639811954315623,-1.0041397541324792,0.8933420130732014,12.678945049505613,0.4260410224783333,-2.7921603840320843,0.7651961299499694,0.9967266517932953,False
Height_m,Diethanolamine,Group_22C vs Group_15C (Reference),16.72705101890583,0.8814602765416233,-203.1280232591194,236.58212529693105,0.2225634176799125,0.06059746302989433,-12.307876209738868,0.7359900439810028,4.419174809166961,0.9667666468523062,24.727561636838654,0.1798735933433484,0.9967266517932953,False
Body_Density_kg_per_m3,"D-Arabinose,_tetrakis",Group_22C vs Group_15C (Reference),29.405719874946083,0.8819748357690664,-358.79132812035317,417.6027678702454,0.11479516380605259,-0.06962251040101974,-15.060847198808998,0.9209705550107534,14.344872676137085,0.9102213023144534,-287.78454488472823,0.20547613165653766,0.9967266517932953,False
Muscle_Mass_kg,Tyrosine,Group_8C vs Group_22C Contrast,-0.01109679548467759,0.8820859329866301,-0.15773191077935933,0.13553831981000414,0.05931592560721932,-0.13665992322460996,0.023960154888188194,0.7956172078209134,0.03162068752763412,0.5819225083907102,0.02052389204295653,0.6685978664602916,0.9967266517932953,False
Body_Density_kg_per_m3,Glycerol-3-P,Group_22C vs Group_15C (Reference),-24.742263048861005,0.8825653217554088,-353.0295597817036,303.5450336839816,0.12389761007545108,-0.058623721158829856,-41.506562605512514,0.49003784646753545,-66.24882565437352,0.6717301137071183,-32.733684236636975,0.7195287358621414,0.9967266517932953,False
Muscle_Mass_kg,Tryptophan,Group_8C vs Group_15C (Reference),-0.018493844322433287,0.8825920548324538,-0.26393164608854963,0.22694395744368306,0.010558939406752677,-0.19557461488350714,0.01857273965052106,0.6119848007193947,-0.021909830407217105,0.506999500712473,7.88953280877712e-05,0.9994743403874817,0.9967266517932953,False
Height_m,L-Rhamnose,Group_22C vs Group_15C (Reference),-15.004342719214929,0.8830102213007175,-214.84878390351602,184.8400984650862,0.19937032139361888,0.03257247168395616,-7.4964585501081595,0.7680076145353106,-22.500801269323087,0.8197500502205046,-1.278263897614285,0.871965131308494,0.9967266517932953,False
Height_m,Glycolic_acid,Group_8C vs Group_22C Contrast,8.36401114273469,0.8830934847218227,-103.11911134740669,119.84713363287608,0.17860667827548715,0.007483069582880364,-38.10583619109329,0.4766653686497987,16.996246951617543,0.7447865009177232,25.360258094352233,0.26103056099691657,0.9967266517932953,False
BSA_m2,"Ethanolamine,_2TMS",Group_22C vs Group_15C (Reference),-2.425830544071239,0.8835562965853061,-34.88834290132764,30.03668181318516,0.017675956082141342,-0.1869748864007459,0.4570346264584453,0.9719173221242774,-1.9687959176127938,0.8481920879088647,5.610384753205207,0.47931990647394596,0.9967266517932953,False
BMI_kg·m2,"2-Ethyl-3-hydroxypropionic_acid,_di-",Group_22C vs Group_15C (Reference),0.07928954215517428,0.883854564246976,-0.9845090663043004,1.1430881506146489,0.3393632512223501,0.20173059522700643,0.2009973719849218,0.42685155513664086,0.2802869141400961,0.5594421129759053,-0.846610659571897,0.00552745343007488,0.9967266517932953,False
Skinfold_Thickness_mm,Glyceric_acid,Group_8C vs Group_22C Contrast,-0.01994938371379447,0.883911424851906,-0.2877398783272394,0.2478411108996505,0.10027929662509039,-0.08716251657801566,0.033616391011481554,0.4628784159870113,-0.05194514718441815,0.5450542767057538,-0.07189453089821263,0.49882997205904145,0.9967266517932953,False
Height_m,"1,5-Anhydrohexitol",Group_8C vs Group_22C Contrast,-6.071113612398641,0.8840006663109797,-87.6298337027064,75.48760647790911,0.11769940442820392,-0.06611321964925354,31.17040617161506,0.3692901827114152,-7.476612199610603,0.5447666275292067,-13.547725812009244,0.7331597628759463,0.9967266517932953,False
Max_Watts_W,Erythritol,Group_22C vs Group_15C (Reference),0.005994056754628739,0.8842384462718587,-0.07469458341527119,0.08668269692452865,0.12469655689151604,-0.05765832708941798,0.009312915485372235,0.6997660904772144,0.015306972240000974,0.6461627357152127,0.04370621821302597,0.3219268880130737,0.9967266517932953,False
Age_years,Diethanolamine,Group_22C vs Group_15C (Reference),-0.04569370583703982,0.8843465061988209,-0.6613756152002498,0.5699882035261702,0.29033581643386486,0.14248911152425348,0.21007085772707432,0.3070379440960762,0.1643771518900345,0.48877178605171157,-0.11935823547768779,0.37223582510124453,0.9967266517932953,False
Height_m,Dodecanoic_acid,Group_8C vs Group_22C Contrast,7.213986240095453,0.8844149985456671,-90.04783480981746,104.47580729000836,0.01464082985032178,-0.19064233059752778,-0.9534730733168568,0.9627575312563996,-6.842176767375657,0.8735195126798934,0.37180947271979736,0.9880387627054221,0.9967266517932953,False
Age_years,Decanoic_acid,Group_8C vs Group_22C Contrast,0.02189013408092333,0.8845463720343384,-0.27357952908541555,0.3173597972472622,0.018857767112358204,-0.18554686473923376,-0.017563163253492626,0.6308231561482178,-0.017796101374832514,0.6699175875829222,0.004094032706090815,0.9774521641754594,0.9967266517932953,False
Age_years,Decanoic_acid,Group_8C vs Group_15C (Reference),0.02165719595958344,0.8847359124806867,-0.27114701439711086,0.3144614063162777,0.018857767112358204,-0.18554686473923376,-0.017563163253492626,0.6308231561482178,-0.017796101374832514,0.6699175875829222,0.004094032706090815,0.9774521641754594,0.9967266517932953,False
VO2max_ml_per_kg_per_min,Nonanoic_acid,Group_22C vs Group_15C (Reference),0.051765488973107676,0.8851291829492731,-0.6505142258384558,0.7540452037846712,0.1753199978329254,0.0035116640481182015,-0.05503089649770453,0.4905111995507734,-0.003265407524596857,0.992541360180816,0.08114132141275032,0.5610155659262088,0.9967266517932953,False
BSA_m2,Tyrosine,Group_22C vs Group_15C (Reference),1.2361308806030866,0.8851667134259423,-15.539434500197052,18.011696261403223,0.15001304559698214,-0.02706756990364645,3.5133048367282975,0.43246739438772797,4.749435717331384,0.5150504745117455,3.2667652847646327,0.6031838764886981,0.9967266517932953,False
Body_Density_kg_per_m3,2-Aminoheptanedioic_acid,Group_8C vs Group_22C Contrast,36.539180347201224,0.885664259753816,-461.5170606859526,534.595421380355,0.024405501804053875,-0.17884335198676826,19.754231812799635,0.6785766611621571,-18.03209997748635,0.9281049909633572,18.507080369714874,0.9061329017206918,0.9967266517932953,False
Muscle_Mass_kg,Diethanolamine,Group_8C vs Group_15C (Reference),-0.07165612662135205,0.8865795218198284,-1.0563005587629561,0.912988305520252,0.20239544423449785,0.03622782845001826,0.070432811709795,0.8787505852193458,-0.08101885180372213,0.5138131774246406,-0.0012233149115570552,0.9950716615490243,0.9967266517932953,False
BSA_m2,1-Ethyl-1-tetradecyloxy-1-silacyclohexane,Group_8C vs Group_22C Contrast,-3.677061208483064,0.8865877543359255,-54.209083491767004,46.85496107480087,0.1469547083001389,-0.03076306080399882,10.77621414415568,0.3395501575246458,4.410447614451943,0.6067415597557191,0.7333864059688793,0.9759390664727605,0.9967266517932953,False
VO2max_ml_per_kg_per_min,Palmitelaidic_acid,Group_8C vs Group_15C (Reference),0.045497847045455,0.8866682661155877,-0.5801921339639378,0.6711878280548478,0.08369044008069637,-0.10720738490249171,-0.09543053908749469,0.4194581304046727,0.16264041465527593,0.601498875753609,-0.049932692042039685,0.8662838996625042,0.9967266517932953,False
Age_years,L-Rhamnose,Group_22C vs Group_15C (Reference),0.050889740577737874,0.8869249782890136,-0.6505496080447409,0.7523290892002167,0.22800234761255456,0.06716950336517014,-0.13591899450487324,0.1685509701029172,-0.08502925392713537,0.8047704571662064,-0.06413508432876257,0.6871859254134756,0.9967266517932953,False
BMI_kg·m2,"2,3-Butanediol",Group_8C vs Group_15C (Reference),0.26957229829477314,0.8875257137308944,-3.4660602840421806,4.005204880631727,0.04138122024559521,-0.1583310255365724,-0.38395396514009067,0.6302858148991968,-0.07869657009601166,0.9404946492865502,-0.11438166684531753,0.947315699664478,0.9967266517932953,False
Muscle_Mass_kg,Glyceraldehyde-3-PMOX,Group_8C vs Group_15C (Reference),0.022364838892475723,0.8875773031963248,-0.2877019471450547,0.3324316249300061,0.09112595935545365,-0.09822279911216003,-0.001436737300496369,0.992028291298645,0.013381539003748166,0.7859199522581748,0.020928101591979355,0.7509768092246729,0.9967266517932953,False
Weight_kg,"1,5-Anhydrohexitol",Group_8C vs Group_22C Contrast,0.0847018749863162,0.8879251422769019,-1.0932980266602652,1.2627017766328976,0.10549650123761667,-0.08085839433787978,-0.01669278932590562,0.9000706205701098,0.05151955848987033,0.28006913782748155,0.13622143347618654,0.8201380941888134,0.9967266517932953,False
Body_Density_kg_per_m3,Glycolic_acid,Group_8C vs Group_22C Contrast,-31.065850993991802,0.8880650012070126,-463.6607381624457,401.52903617446214,0.1172688012747205,-0.06663353179304599,-43.1640868122472,0.6148716665135532,107.08558962802633,0.5411940507154835,76.01973863403452,0.5709464111598694,0.9967266517932953,False
Skinfold_Thickness_mm,Lactic_Acid,Group_8C vs Group_15C (Reference),0.02392310200880633,0.8881482120551664,-0.3094516818294842,0.3572978858470968,0.057882060463353535,-0.1383925102734478,0.004826713100089837,0.8582756514870935,-0.004958651697572454,0.957090239000145,0.028749815108896168,0.8640662726320951,0.9967266517932953,False
Age_years,Lysine,Group_8C vs Group_22C Contrast,-0.041000219424424306,0.8892276475682552,-0.6179640356433902,0.5359635967945415,0.20638488851932502,0.0410484069608511,0.10754201563627404,0.47485590530150956,0.03097798017179057,0.9103361995643411,-0.010022239252633736,0.9238172917013334,0.9967266517932953,False
Body_Fat__Percent,Glycolic_acid,Group_8C vs Group_22C Contrast,0.0709976529837969,0.8893913317686163,-0.9295845341551178,1.0715798401227117,0.11653858571479792,-0.06751587559461902,0.09807619985095675,0.6138399020606251,-0.2443960747461503,0.5448577204340843,-0.1733984217623534,0.579041700960574,0.9967266517932953,False
Weight_kg,N-Acetylglutamine,Group_22C vs Group_15C (Reference),-0.030412896367908768,0.8896837316075286,-0.4601626118077352,0.39933681907191765,0.1546341439973249,-0.021483742669899053,-0.04059963407207507,0.7847830035289741,-0.07101253043998385,0.6594926632535612,-0.10579636591216615,0.683043747902818,0.9967266517932953,False
Age_years,L-Proline,Group_8C vs Group_22C Contrast,-0.03793730132789788,0.890167815206016,-0.5763984971636286,0.5005238945078329,0.14181720987801716,-0.036970871397395966,-0.11244770819918593,0.16534097955866656,0.06310080526086209,0.7405763607645814,0.02516350393296421,0.898802703543863,0.9967266517932953,False
Body_Fat__Percent,2-Aminoheptanedioic_acid,Group_8C vs Group_22C Contrast,-0.08090807101217866,0.8903331709296173,-1.2310152899329958,1.0691991479086387,0.02429354151978036,-0.1789786373302653,-0.04504982141383395,0.6774084252931205,0.039981115295209,0.9310012870754225,-0.04092695571696966,0.9100052163128363,0.9967266517932953,False
Body_Fat__Percent,Decanoic_acid,Group_22C vs Group_15C (Reference),-0.013565451809453967,0.8906729451292135,-0.2069977307161198,0.17986682709721188,0.024968117768741305,-0.17816352436277083,-0.03473979236392271,0.3689220638438181,-0.04830524417337668,0.5947394774551946,0.011382395382886115,0.9386208135280658,0.9967266517932953,False
Max_Watts_W,D---Ribofuranose,Group_22C vs Group_15C (Reference),-0.022804169137973663,0.8914157784085573,-0.35021154207620814,0.3046032038002608,0.11925781712982297,-0.06423013763479712,-0.01634585338971464,0.6510003031250754,-0.0391500225276883,0.8102934856006998,0.001278018778374957,0.9802528126758732,0.9967266517932953,False
Height_m,Palmitelaidic_acid,Group_8C vs Group_22C Contrast,6.233474283798635,0.8915530838392941,-83.37834443562699,95.84529300322424,0.05838824549663191,-0.13778087002490302,20.033791402751575,0.2156967412040588,-1.0525371236069567,0.9735129442600543,5.180937160191679,0.8750433440681575,0.9967266517932953,False
Body_Fat__Percent,Glycerol-3-P,Group_22C vs Group_15C (Reference),0.0523053303055518,0.8916467790898014,-0.7002714276897568,0.8048820883008605,0.12428221696744424,-0.058158987831004705,0.09649732237623027,0.48085263381184895,0.14880265268178205,0.6782981823998195,0.07832097196029024,0.7101359627911079,0.9967266517932953,False
Muscle_Mass_kg,Serine,Group_22C vs Group_15C (Reference),-0.018468376948053027,0.891791878581486,-0.2845526212793953,0.24761586738328922,0.09071808557005112,-0.09871564660285492,-0.030625027698149877,0.525946977868263,-0.049093404646202904,0.698812890746265,-0.07864569284868661,0.11619082036577133,0.9967266517932953,False
Body_Fat__Percent,Butanoic_acid,Group_22C vs Group_15C (Reference),0.028930016565207092,0.891878814898926,-0.38821814237535957,0.4460781755057738,0.24203429158610046,0.08412476899987142,0.13241377421292816,0.032098583929372024,0.16134379077813527,0.4282535821295248,-0.31099255636496126,0.12416431399507966,0.9967266517932953,False
Weight_kg,Glycolic_acid,Group_22C vs Group_15C (Reference),0.03345177568023024,0.893004209148069,-0.45400119760341956,0.5209047489638801,0.09413796778221695,-0.09458328892982104,-0.06843042405399535,0.7316695575601124,-0.03497864837376511,0.813691427300623,0.0201132948534566,0.810371498963995,0.9967266517932953,False
Weight_kg,"Ethanolamine,_2TMS",Group_22C vs Group_15C (Reference),-0.02831808674076122,0.8930915184719579,-0.4413029476000449,0.3846667741185225,0.012130363066186756,-0.1936758112950243,-0.023533019332965432,0.8686362939863852,-0.05185110607372665,0.7386556762541379,0.015111020085236865,0.8843599410195828,0.9967266517932953,False
Muscle_Mass_kg,Nonanoic_acid,Group_8C vs Group_15C (Reference),-0.03972964633616907,0.893799089367527,-0.6230218246095485,0.5435625319372104,0.1609065111659106,-0.013904632341191325,0.06763316267853065,0.8122051207223252,-0.0068256470640087885,0.9348824221499346,0.027903516342361573,0.747775846514223,0.9967266517932953,False
Muscle_Mass_kg,L-Alanine,Group_8C vs Group_15C (Reference),-0.05565009130228741,0.8938280658436383,-0.8729031465126864,0.7616029639081117,0.08102150509939743,-0.11043234800489476,-0.05811361542453409,0.8767977579855204,-0.10432091522208123,0.5548078421800167,-0.1137637067268215,0.5333221149101222,0.9967266517932953,False
Muscle_Mass_kg,3-OH-Butanoic_Acid,Group_22C vs Group_15C (Reference),-0.021902681921398603,0.8939213973000479,-0.34384063635800105,0.30003527251520384,0.1307905737326157,-0.0502947234064226,-0.05997078283196129,0.6965029303351558,-0.0818734647533599,0.15659718718338445,0.03439645999111719,0.25918946551152344,0.9967266517932953,False
Body_Density_kg_per_m3,Butanoic_acid,Group_22C vs Group_15C (Reference),-12.315691969752265,0.894229873046346,-193.86975300094613,169.2383690614416,0.24271206479960117,0.08494374496618484,-58.43888303028128,0.029206427568710332,-70.75457500003355,0.42489844833332224,133.88197489058163,0.1286542729843616,0.9967266517932953,False
Skinfold_Thickness_mm,Glycerol-3-P,Group_8C vs Group_15C (Reference),0.004261928093112591,0.8953255645915501,-0.05922760431825882,0.067751460504484,0.1508582734072298,-0.02604625296626395,0.0192645487105528,0.21723791851043384,0.017859131129919145,0.7398937424443717,0.023526476803665392,0.4071562708423322,0.9967266517932953,False
Muscle_Mass_kg,1-Heptadecanol,Group_8C vs Group_22C Contrast,-0.013905507664531802,0.8954855760393743,-0.2213773084395761,0.1935662931105125,0.04693008542776722,-0.15162614677478126,-0.08084452184900358,0.518701720203992,0.03125611688469995,0.6459690473444306,0.01735060922016815,0.8305678698636347,0.9967266517932953,False
Max_Watts_W,2-Aminoheptanedioic_acid,Group_8C vs Group_15C (Reference),-0.008249979852944987,0.8955828738894539,-0.1314537402182666,0.11495378051237663,0.15943896254091638,-0.015677920263059253,0.00044448761873792995,0.9679305792809142,-0.11206378323848108,0.07561237719950853,-0.007805492234207056,0.8996222898646693,0.9967266517932953,False
BMI_kg·m2,L-5-Oxoproline,Group_8C vs Group_15C (Reference),0.2267688781795727,0.8958584805699304,-3.168771885997832,3.622309642356978,0.24088047729299422,0.08273057672903472,0.011028168205168198,0.9915381223627842,0.30103323346209393,0.7553193546468877,0.2377970463847409,0.863743811468821,0.9967266517932953,False
Max_Watts_W,DL-Ornithine,Group_22C vs Group_15C (Reference),0.0017491752802674513,0.8964500051159057,-0.024592703806020598,0.0280910543665555,0.16568386495412657,-0.008131996513763617,3.9263784346890375e-05,0.9962868670656737,0.0017884390646143416,0.8642636138680082,-0.019089366307443376,0.42577290639490784,0.9967266517932953,False
Skinfold_Thickness_mm,Oleic_Acid,Group_8C vs Group_22C Contrast,0.0053086741883356285,0.8964703671637754,-0.07465511487029586,0.0852724632469671,0.08723918379277118,-0.10291931958373479,-0.0026069677808471053,0.7100967994764912,-0.0009439582742153806,0.977186271725996,0.004364715914120248,0.8555468443159084,0.9967266517932953,False
Body_Density_kg_per_m3,Decanoic_acid,Group_22C vs Group_15C (Reference),5.568767866477516,0.8970900693587823,-78.81919287203013,89.95672860498516,0.024748815167186522,-0.1784285150063163,15.172744574900358,0.3700021270956567,20.741512441377875,0.6003408184980539,-5.054103611596831,0.9376621993495007,0.9967266517932953,False
Body_Density_kg_per_m3,1-Heptadecanol,Group_8C vs Group_22C Contrast,15.793127930447326,0.8972230690251256,-223.84851573950533,255.43477160039998,0.10118121734783792,-0.08607269570469578,-24.024862875289315,0.4024360698921219,54.08719165576092,0.5147484305472889,69.88031958620824,0.4362347875336332,0.9967266517932953,False
BSA_m2,Palmitic_Acid,Group_8C vs Group_15C (Reference),-0.39353826427732547,0.8973065268678324,-6.369776363798815,5.5826998352441635,0.20923957277928462,0.04449781710830236,0.5221319378365072,0.7789967666672195,2.682377874027119,0.4262135804959182,0.12859367355918178,0.9575464937564286,0.9967266517932953,False
Age_years,Ethyl_alpha-D-glucopyranoside,Group_22C vs Group_15C (Reference),-0.030218274398278393,0.8976479254643404,-0.4906495423311097,0.4302129935345529,0.15390610951425865,-0.02236345100360415,-0.06539955442324209,0.6199318179777842,-0.09561782882152048,0.6228451906369263,-0.1987873225949005,0.08307695893226952,0.9967266517932953,False
Age_years,Ascorbic_Acid,Group_8C vs Group_22C Contrast,-0.028553398588408954,0.8977517963278697,-0.4640696214958677,0.40696282431904984,0.08206334827547679,-0.10917345416713209,0.013331745632582687,0.923411756325914,-0.03873944718031308,0.6777552731229444,-0.06729284576872203,0.7386574738607858,0.9967266517932953,False
Body_Fat__Percent,1-Heptadecanol,Group_8C vs Group_22C Contrast,-0.0370127689442194,0.8978099929422404,-0.6018804506409412,0.5278549127525025,0.10051746889413093,-0.08687472508625849,0.05512879909924632,0.4002979140747732,-0.12413447956048593,0.5219502586391149,-0.16114724850470533,0.44985557563931344,0.9967266517932953,False
Weight_kg,Palmitic_Acid,Group_8C vs Group_15C (Reference),-0.005727654748172341,0.8986495921624943,-0.09386633266423804,0.08241102316789335,0.2352008284012279,0.07586766765148378,0.005969143558472709,0.8236274891924249,0.04454123210873419,0.48895660726693047,0.00024148881030036737,0.9946663051796034,0.9967266517932953,False
Max_Watts_W,beta-Alanine,Group_22C vs Group_15C (Reference),0.015338250934118128,0.8990102323013309,-0.2215382802835848,0.2522147821518211,0.27497294970365327,0.12392564755858104,-0.002905450566415375,0.7705223583948295,0.012432800367702753,0.9177862597651558,0.05880610485489533,6.686483204143556e-05,0.9967266517932953,False
Muscle_Mass_kg,Asparagine,Group_8C vs Group_15C (Reference),-0.029480999416330863,0.8995302961102184,-0.4871406911987955,0.42817869236613376,0.0764285109601548,-0.11598221592314628,-0.10982237897740367,0.6041760596122991,-0.02787956893136155,0.7439609303116499,-0.13930337839373452,0.1560645035478021,0.9967266517932953,False
BSA_m2,Glycerol,Group_8C vs Group_15C (Reference),-5.666266768884291,0.8995951944051211,-93.68590849339226,82.35337495562369,0.09066346595881725,-0.09878164529976252,14.313948807543282,0.3483718642990241,12.433367538567087,0.4288909923861812,8.647682038658992,0.8377668008370482,0.9967266517932953,False
Max_Watts_W,Decanoic_acid,Group_8C vs Group_22C Contrast,0.0033738745083006054,0.8999231197323151,-0.04920941652877081,0.055957165545372015,0.13177622185456728,-0.04910373192573125,0.009129981875593387,0.00960571896847719,-0.013295430009238359,0.5820150550134777,-0.009921555500937753,0.39548237245173645,0.9967266517932953,False
Skinfold_Thickness_mm,Glycolic_acid,Group_8C vs Group_22C Contrast,0.010378992671120472,0.8999342192553124,-0.15140012750512946,0.1721581128473704,0.09955060288471163,-0.08804302151430665,0.014765689236427218,0.5381433376106107,-0.02502071613419842,0.7203424821642517,-0.014641723463077948,0.7388091283353531,0.9967266517932953,False
Height_m,"1,3-Dioxolane-2-methanol",Group_8C vs Group_22C Contrast,-8.38698413847208,0.9005225429732675,-139.8935567463948,123.11958846945063,0.05351522661148078,-0.14366910117779397,39.14446565126753,0.42921995212849373,14.616535038585916,0.7725334217771338,6.229550900113836,0.8876678847019595,0.9967266517932953,False
Skinfold_Thickness_mm,Lactic_Acid1,Group_8C vs Group_15C (Reference),-0.019989293444867995,0.9008515838952167,-0.3344580384047211,0.2944794515149851,0.1061852833265663,-0.08002611598039899,0.042076690453427386,0.4888253812833179,-0.048573466326556645,0.6241389496443679,0.02208739700855939,0.8817493051911098,0.9967266517932953,False
Weight_kg,3-OH-Butanoic_Acid,Group_8C vs Group_15C (Reference),0.011668452169856094,0.9009250137893049,-0.17203474848888237,0.19537165282859456,0.09805667321788425,-0.08984818652838977,-0.014251994620201432,0.8589252076336873,-0.0930612920166563,0.31928413958952095,-0.0025835424503453386,0.9575472440935722,0.9967266517932953,False
BSA_m2,"2,3,4-Trihydroxybutyric_acid",Group_22C vs Group_15C (Reference),3.0154338577107205,0.900979174282224,-44.484388628973896,50.51525634439533,0.07439614593631771,-0.11843799032694946,-1.2965673620669487,0.8932056561186047,1.7188664956437718,0.9383605443032137,-7.976500028159426,0.5545815592508965,0.9967266517932953,False
Max_Watts_W,4-Aminobutanoic_acid,Group_8C vs Group_15C (Reference),-0.006111704477859397,0.9013798642066944,-0.1027778834041874,0.0905544744484686,0.07313240382998032,-0.11996501203877363,0.012332069099367115,0.44610337832334745,-0.003469645624619917,0.9636180424130707,0.006220364621507718,0.8937855096620262,0.9967266517932953,False
Height_m,Dodecanoic_acid,Group_22C vs Group_15C (Reference),-5.888703694058799,0.9015128840946454,-99.15421803414498,87.37681064602737,0.01464082985032178,-0.19064233059752778,-0.9534730733168568,0.9627575312563996,-6.842176767375657,0.8735195126798934,0.37180947271979736,0.9880387627054221,0.9967266517932953,False
Age_years,Threonine,Group_22C vs Group_15C (Reference),0.03541120578008826,0.9035807536969148,-0.5375219856243496,0.6083443971845262,0.08806913181135378,-0.10191646572794744,-0.0028590008539520896,0.959993420224486,0.03255220492613617,0.9096041577630627,-0.09512098388756769,0.05031731204926726,0.9967266517932953,False
Max_Watts_W,L-Aspartic_acid,Group_8C vs Group_22C Contrast,-0.010123810700028282,0.9039761863974941,-0.17460217033077596,0.15435454893071943,0.18126174315958976,0.01069127298450434,-0.006369795790227141,0.7290929511245028,-0.029214386898467348,0.7214937432700952,-0.039338197598495626,0.029182958720261887,0.9967266517932953,False
Skinfold_Thickness_mm,2-Keto-3-methylvaleric_acid,Group_8C vs Group_15C (Reference),0.0077612777602072925,0.9042597164517024,-0.11870666866451782,0.1342292241849324,0.042462184133091774,-0.15702486083918066,-0.014095319069980069,0.7486478268469967,0.012114431075081335,0.8806630358470242,-0.006334041309772776,0.8932625497546538,0.9967266517932953,False
Weight_kg,Asparagine,Group_8C vs Group_15C (Reference),0.028280794542013533,0.9044340619509683,-0.43339196563775095,0.48995355472177804,0.12944377391038375,-0.05192210652495288,-0.15304055985804133,0.21015028976101569,0.06401275153974079,0.5541705331261473,-0.1247597653160278,0.5356530726010416,0.9967266517932953,False
Skinfold_Thickness_mm,Ornithine,Group_8C vs Group_22C Contrast,-0.002487671133227771,0.9045831764402263,-0.043162433691078625,0.03818709142462308,0.10763885072927915,-0.07826972203545424,-0.0025021071859994415,0.7679204090273801,0.008510182420637407,0.6544710865503265,0.0060225112874096355,0.4687809892977035,0.9967266517932953,False
BSA_m2,Aminomalonic_acid,Group_22C vs Group_15C (Reference),-2.0107090855594794,0.9045835134491436,-34.886397901687566,30.86497973056861,0.3068309499582662,0.16242073119957168,7.7351112451419395,0.37380338369733346,5.724402159582461,0.689806692290986,5.3843832810209395,0.6257789557311257,0.9967266517932953,False
Max_Watts_W,"2,3,4-Trihydroxybutyric_acid",Group_8C vs Group_22C Contrast,0.015811342702673398,0.9050681472768235,-0.2440396532458928,0.27566233865123957,0.123503895269098,-0.05909945988317311,0.00044662355915384985,0.974311690680661,-0.05502927100001533,0.6396633209391047,-0.039217928297341935,0.5224888858043983,0.9967266517932953,False
Height_m,Glycerol,Group_8C vs Group_15C (Reference),-11.09384244408607,0.9053006286050993,-193.86158945481662,171.67390456664447,0.05333327336414828,-0.14388896135165408,17.72887286795833,0.7577862667788363,33.8825512221691,0.5314802420806055,6.63503042387226,0.9279940019166741,0.9967266517932953,False
Height_m,alpha-D-Glucopyranoside,Group_22C vs Group_15C (Reference),-6.937581278444661,0.9054289129812154,-121.38793667786854,107.51277412097923,0.1212577076194793,-0.06181360329312913,6.066332601991612,0.8256291888349796,-0.8712486764530487,0.9865010126415998,31.261186072833375,0.022308287004899174,0.9967266517932953,False
Muscle_Mass_kg,Indole-3-Latic_Acid,Group_8C vs Group_15C (Reference),-0.008529518154362677,0.9065080355903803,-0.15087408712696468,0.13381505081823933,0.22348557346895592,0.0617117346083218,0.008248321232693904,0.9006544636565397,0.010887103771288105,0.6011724254055786,-0.00028119692166877347,0.9925575747187276,0.9967266517932953,False
Muscle_Mass_kg,alpha-D-Glucopyranoside,Group_8C vs Group_22C Contrast,0.01804621309408233,0.9072512443901626,-0.2855473168712556,0.3216397430594203,0.01383314997198315,-0.19161827711718704,-0.09853941376972704,0.5739103956226455,-0.0011712363628628014,0.9881146796253211,0.01687497673121953,0.8993790249430007,0.9967266517932953,False
Muscle_Mass_kg,Decanoic_acid,Group_8C vs Group_15C (Reference),-0.013092836629103176,0.9078099589460656,-0.2346919993542317,0.20850632609602535,0.00903756342009887,-0.19741294420071376,0.0106277640586397,0.9175250223089784,-0.005861956149097418,0.8849443316347996,-0.0024650725704634755,0.9585523011884778,0.9967266517932953,False
Age_years,"2,3-Butanediol",Group_8C vs Group_22C Contrast,0.03458781517754009,0.9080641432724539,-0.5524551884550125,0.6216308188100926,0.07662273370557815,-0.11574753010575978,0.17484983580635102,0.33805577801083686,-0.03571354317897832,0.7930785249938186,-0.001125728001438231,0.9966331770355552,0.9967266517932953,False
Max_Watts_W,Glyceraldehyde-3-PMOX,Group_22C vs Group_15C (Reference),0.004178504676063605,0.9085108582110717,-0.06708783528959289,0.0754448446417201,0.2070102882368946,0.04180409828624765,0.015317179794702727,0.202197022739522,0.01949568447076633,0.5699987662148518,0.009945542827672587,0.35646977427663984,0.9967266517932953,False
Weight_kg,1-Ethyl-1-tetradecyloxy-1-silacyclohexane,Group_8C vs Group_22C Contrast,-0.05440453085224196,0.9086910859221002,-0.9841557592081286,0.8753466975036447,0.1302324221092711,-0.05096915661796397,0.09403614225104333,0.5457451928249688,0.057158834838252605,0.560800178880454,0.0027543039860106477,0.9952645243118461,0.9967266517932953,False
Weight_kg,N-Acetylglutamine,Group_8C vs Group_22C Contrast,-0.034783835472182306,0.9092434866149293,-0.6328593864455421,0.5632917155011774,0.1546341439973249,-0.021483742669899053,-0.04059963407207507,0.7847830035289741,-0.07101253043998385,0.6594926632535612,-0.10579636591216615,0.683043747902818,0.9967266517932953,False
Skinfold_Thickness_mm,L-Proline,Group_8C vs Group_15C (Reference),0.009886559558513202,0.9094053412333852,-0.16040548415534348,0.18017860327236987,0.3161403212417634,0.17366955483379742,0.027571232792986462,0.3253473500123556,0.08630413444953111,0.03194984338464524,0.037457792351499666,0.648766556960485,0.9967266517932953,False
BSA_m2,Glycerol-3-P,Group_8C vs Group_15C (Reference),1.4500660506109686,0.9097625928105951,-23.626053788647827,26.526185889869762,0.1038599194443659,-0.08283593067139106,2.8157678844846266,0.8006834904079405,-1.015186694761696,0.8881792750522643,4.265833935095595,0.49619106636333754,0.9967266517932953,False
BSA_m2,2-OH-Butanoic_Acid,Group_8C vs Group_15C (Reference),-1.150329735536999,0.9101801581455107,-21.135959008271378,18.83529953719738,0.013025084841390422,-0.19259468914998656,0.37000059891369924,0.9689645217140535,0.8958792791677919,0.7421294529390199,-0.7803291366232998,0.8320561220739853,0.9967266517932953,False
Weight_kg,Tyrosine,Group_8C vs Group_15C (Reference),0.014729822318213336,0.9105553397148369,-0.2422615567416378,0.2717212013780645,0.17167315319356424,-0.0008949398911097806,0.029445853702568588,0.44484972440065007,0.08299103498333718,0.38763409840881446,0.04417567602078192,0.7244789468274924,0.9967266517932953,False
BSA_m2,D---Ribofuranose,Group_22C vs Group_15C (Reference),2.303304147632738,0.9105646709480242,-37.886680217203114,42.49328851246859,0.12590526420892867,-0.056197805747544516,-3.6041329156148834,0.8025059998097605,-1.3008287679821455,0.928946390703592,10.842164776463816,0.6050843643096715,0.9967266517932953,False
Muscle_Mass_kg,L-Alanine,Group_22C vs Group_15C (Reference),-0.04620729979754715,0.9112144296582148,-0.8583963179384941,0.7659817183433999,0.08102150509939743,-0.11043234800489476,-0.05811361542453409,0.8767977579855204,-0.10432091522208123,0.5548078421800167,-0.1137637067268215,0.5333221149101222,0.9967266517932953,False
BSA_m2,Leucine,Group_8C vs Group_22C Contrast,1.6196948280308643,0.9113000026813943,-26.87790073417689,30.117290390238615,0.2072403945732929,0.04208214344272898,4.166737009779212,0.42214071078415405,9.558922357556625,0.3111984863047641,11.17861718558749,0.3121131235734371,0.9967266517932953,False
BMI_kg·m2,Proline,Group_8C vs Group_15C (Reference),-0.04030893789097452,0.9113499538294269,-0.7499096659182605,0.6692917901363113,0.3493149750569906,0.21375559486053042,0.16336542825908457,0.3210800061741854,0.9315213601081858,0.26748941920172853,0.12305649036811005,0.7027324593333362,0.9967266517932953,False
VO2max_ml_per_kg_per_min,Arachidonic_acid1,Group_8C vs Group_15C (Reference),-0.014025393412722575,0.9121158590757624,-0.2630898058336627,0.23503901900821755,0.07442740982591645,-0.11840021312701765,0.009515727618408009,0.8471555293314309,0.16582050388993883,0.15830553351929244,-0.004509665794314567,0.9692785678772999,0.9967266517932953,False
Weight_kg,DL-Ornithine,Group_8C vs Group_15C (Reference),-0.008832087793224759,0.9126798814212989,-0.16669041865211387,0.14902624306566437,0.07546159161278876,-0.11715057680121355,-0.038892554011822275,0.4602955094963286,-0.010966338029620794,0.8274734540929849,-0.047724641805047034,0.4334615139643714,0.9967266517932953,False
Weight_kg,Oleic_Acid,Group_8C vs Group_22C Contrast,0.016450959679445036,0.9131158744220815,-0.2790683885613655,0.3119703079202556,0.08801617618317226,-0.10198045377866682,0.013685322498473932,0.730217388666117,-0.002521382937972695,0.9716251093684711,0.013929576741472341,0.9166329223420011,0.9967266517932953,False
Height_m,1-Monooleoylglycerol,Group_22C vs Group_15C (Reference),-3.7495938365826227,0.9134197965045833,-71.34213795881467,63.84295028564944,0.06438331822347032,-0.13053682381330667,-3.845109270637288,0.8762638613927479,-7.59470310721991,0.7523924033048994,2.6924861279618946,0.8212699347592827,0.9967266517932953,False
Max_Watts_W,4-Aminobutanoic_acid,Group_8C vs Group_22C Contrast,0.009690010246127635,0.9134933910037994,-0.16514063264842385,0.18452065314067914,0.07313240382998032,-0.11996501203877363,0.012332069099367115,0.44610337832334745,-0.003469645624619917,0.9636180424130707,0.006220364621507718,0.8937855096620262,0.9967266517932953,False
Body_Density_kg_per_m3,Leucine,Group_8C vs Group_22C Contrast,26.027844184166128,0.9135401657364383,-443.83091963170614,495.88660800003834,0.12194337826448176,-0.060985084597084516,21.992032995473263,0.6940789244896872,-113.698815698566,0.5570728956615603,-87.67097151439987,0.5350478405421764,0.9967266517932953,False
Muscle_Mass_kg,Arginine_[-NH3],Group_22C vs Group_15C (Reference),0.006757607146593609,0.9138434744456181,-0.11566068201397213,0.12917589630715934,0.10673727757344498,-0.07935912293208736,-0.01733577920146964,0.6123559752963325,-0.01057817205487603,0.839581295286653,0.025862830850340652,0.046263263139388666,0.9967266517932953,False
BMI_kg·m2,Glycerol,Group_8C vs Group_15C (Reference),0.17050649098771212,0.9138479502183773,-2.9184865661601713,3.259499548135596,0.07776985832439365,-0.1143614211913575,0.5338334981735066,0.547440101457159,0.39948005717916085,0.6501805128884932,0.7043399891612186,0.5886745551767434,0.9967266517932953,False
VO2max_ml_per_kg_per_min,Oleic_Acid,Group_8C vs Group_22C Contrast,0.02120356655648585,0.9138531508494854,-0.3629627056229181,0.40536983873588983,0.08404032001780593,-0.10678461331181777,-0.002055221242739124,0.9574085750474217,-0.00808192135732546,0.9544298619098139,0.013121645199160393,0.9229691704455947,0.9967266517932953,False
VO2max_ml_per_kg_per_min,Oleic_Acid,Group_8C vs Group_15C (Reference),0.015176866441899516,0.9143157385338063,-0.26128286458285893,0.291636597466658,0.08404032001780593,-0.10678461331181777,-0.002055221242739124,0.9574085750474217,-0.00808192135732546,0.9544298619098139,0.013121645199160393,0.9229691704455947,0.9967266517932953,False
BMI_kg·m2,Glycerol,Group_22C vs Group_15C (Reference),-0.1343534409943457,0.9144282088058885,-2.584946512011618,2.316239630022926,0.07776985832439365,-0.1143614211913575,0.5338334981735066,0.547440101457159,0.39948005717916085,0.6501805128884932,0.7043399891612186,0.5886745551767434,0.9967266517932953,False
Weight_kg,"11-Eicosenoic_acid,_E-",Group_8C vs Group_15C (Reference),0.011449011692713538,0.9144476940735139,-0.19742754075433616,0.22032556413976323,0.16421089130834654,-0.009911839669081157,0.03229527270978877,0.2962612341277179,-0.06006169156338474,0.1232696090983465,0.043744284402502304,0.6679832298997741,0.9967266517932953,False
Height_m,2-Aminoadipic_acid,Group_8C vs Group_15C (Reference),-3.9740916608599273,0.9157540349510008,-77.60625407158466,69.6580707498648,0.03481562062407262,-0.16626445841257875,2.311940124475697,0.933492540030179,5.180072950209588,0.9562764070211311,-1.66215153638423,0.9477715561584013,0.9967266517932953,False
Muscle_Mass_kg,Doconexent,Group_8C vs Group_15C (Reference),-0.007987939065260855,0.9159535200630069,-0.15634145347602102,0.14036557534549932,0.09840980377675934,-0.08942148710308229,0.061521527109217086,0.2555374548338939,-0.00047613100532646613,0.9896135995034079,0.053533588043956234,0.31181926422202855,0.9967266517932953,False
Max_Watts_W,Doconexent,Group_8C vs Group_22C Contrast,0.00513504003788021,0.9160645751019637,-0.09036230098482702,0.10063238106058743,0.08477366809276687,-0.10589848438790672,-0.003923962226842714,0.4290502674498111,0.0042488168215423505,0.9288869169751219,0.00938385685942256,0.3652034651171019,0.9967266517932953,False
Skinfold_Thickness_mm,Ascorbic_Acid,Group_8C vs Group_22C Contrast,0.010744624060776108,0.9164513001121247,-0.19000358291394354,0.21149283103549577,0.12878862836194782,-0.05271374072931301,-0.02846828163430799,0.29378122868064616,-0.0025660111163314132,0.9399637572639226,0.008178612944444694,0.9325208708832842,0.9967266517932953,False
Muscle_Mass_kg,"11-Eicosenoic_acid,_E-",Group_8C vs Group_22C Contrast,0.008904913450397456,0.9167152594208215,-0.15800012539799543,0.17580995229879035,0.09296418311512988,-0.09600161206921798,0.04752878762405549,0.6588372884313454,0.0038553576909535203,0.9532216854972282,0.012760271141350976,0.8137027586918504,0.9967266517932953,False
Body_Density_kg_per_m3,Oleic_Acid,Group_8C vs Group_22C Contrast,11.46930367404585,0.9168146409044642,-203.7579334958668,226.6965408439585,0.08703611358210905,-0.10316469608828482,6.674713148342774,0.7120294896627856,-15.098399827074658,0.8715452109554567,-3.629096153028809,0.949924257287418,0.9967266517932953,False
Height_m,Palmitic_Acid,Group_8C vs Group_15C (Reference),-0.6165861690898765,0.9171461626219197,-12.233386917806383,11.00021457962663,0.1544627682463442,-0.02169082170233394,1.1902744893917037,0.6691723723778514,-0.25281363226484155,0.9720236544032181,0.5736883203018271,0.9126808222167069,0.9967266517932953,False
Weight_kg,L-Aspartic_acid,Group_8C vs Group_15C (Reference),-0.04320257373060045,0.9186317879858577,-0.8720758415160832,0.7856706940548823,0.13016284181502047,-0.05105323280685026,-0.05455187223678448,0.6628956556153509,0.13955627193580467,0.421392303797099,-0.09775444596738493,0.8087887884615983,0.9967266517932953,False
BSA_m2,Diethanolamine,Group_8C vs Group_22C Contrast,2.1217123432768563,0.9186674718892747,-38.603575380722724,42.84700006727643,0.25062713778376833,0.09450779148872013,-1.8356996354100679,0.8647922423573806,10.983252990964465,0.5814241775889373,13.10496533424132,0.026398308723916797,0.9967266517932953,False
Max_Watts_W,2-Keto-3-methylvaleric_acid,Group_22C vs Group_15C (Reference),0.005979119150334172,0.9186785460657342,-0.10880088317175696,0.12075912147242529,0.16352542326589992,-0.01074011355370419,0.02512856592504362,0.36006839879066943,0.03110768507537779,0.5475882927897244,0.0035923467911575385,0.8605075652219625,0.9967266517932953,False
Skinfold_Thickness_mm,Lactic_Acid,Group_22C vs Group_15C (Reference),-0.009785364797662292,0.918846222279196,-0.1980226064669897,0.1784518768716651,0.057882060463353535,-0.1383925102734478,0.004826713100089837,0.8582756514870935,-0.004958651697572454,0.957090239000145,0.028749815108896168,0.8640662726320951,0.9967266517932953,False
VO2max_ml_per_kg_per_min,1-Heptadecanol,Group_8C vs Group_22C Contrast,-0.01405797793504271,0.9203688837089055,-0.28967960474494303,0.2615636488748576,0.05446700769579116,-0.14251903236758556,-0.04682886356281386,0.33783039539663395,0.0684468581823926,0.4411020222796811,0.05438888024734989,0.617777659663155,0.9967266517932953,False
Max_Watts_W,Proline,Group_8C vs Group_22C Contrast,0.004477138952638524,0.9205097975123409,-0.08345806421254305,0.09241234211782011,0.04187982106226373,-0.15772854954976467,-0.0002768701029510804,0.9814960783884155,-0.009124194664616754,0.8318674378212021,-0.0046470557119782305,0.7182471752715145,0.9967266517932953,False
Height_m,2-OH-Butanoic_Acid,Group_8C vs Group_22C Contrast,-1.0973308341186119,0.9205714671920829,-22.666725833857363,20.47206416562014,0.04298539946196955,-0.15639264231678673,9.862540843917419,0.7468124700723583,-0.8098798168064363,0.9399381556295041,-1.9072106509250482,0.41917068054855533,0.9967266517932953,False
Age_years,Campesterol,Group_8C vs Group_22C Contrast,0.011381377485488703,0.9209712056024668,-0.21346900589985895,0.23623176087083636,0.18991278201086614,0.021144611596463303,0.03373669624008006,0.5064867921182326,-0.06887649829261264,0.3760171690697649,-0.05749512080712393,0.4952400354308546,0.9967266517932953,False
BMI_kg·m2,N-Acetylglutamine,Group_22C vs Group_15C (Reference),-0.0989521037953982,0.9213292479750546,-2.062739031582213,1.8648348239914168,0.26057193183292227,0.10652441763144782,-0.20906858551715432,0.6995261335747955,-0.30802068931255255,0.7147911697944653,-1.3171997994714504,0.010867622527195753,0.9967266517932953,False
VO2max_ml_per_kg_per_min,"Ethanolamine,_2TMS",Group_8C vs Group_15C (Reference),-0.028121480854721857,0.9213325478225689,-0.5862391803768934,0.5299962186674496,0.08225448157356985,-0.10894250143193629,-0.035810365836987844,0.8617906099339316,0.3503889191997868,0.48947723038415525,-0.0639318466917097,0.7454399045287317,0.9967266517932953,False
Weight_kg,Aminomalonic_acid,Group_8C vs Group_22C Contrast,0.030528781565810917,0.921410469363743,-0.5759796615785707,0.6370372247101926,0.328865251176374,0.18904551183811857,0.1596055422641595,0.13250252773190868,0.044805374548712196,0.843571214024498,0.07533415611452311,0.7200928822114594,0.9967266517932953,False
Age_years,L-Norvaline,Group_22C vs Group_15C (Reference),0.03805742477152711,0.9217900300740514,-0.7216881421010499,0.7978029916441041,0.06538900241527879,-0.12932162208153808,-0.0769417586916454,0.7123391677588271,-0.038884333920118294,0.9052498518245289,-0.001723895361615671,0.9948065795498198,0.9967266517932953,False
Height_m,1-Ethyl-1-tetradecyloxy-1-silacyclohexane,Group_8C vs Group_22C Contrast,-6.144738777945388,0.9218899695145686,-128.97271025978418,116.6832327038934,0.1525653214849012,-0.023983569872410904,34.82364656332406,0.25302558574829814,8.534837898442195,0.8824494140265566,2.3900991204968065,0.9219795823734849,0.9967266517932953,False
Muscle_Mass_kg,Glyceraldehyde-3-PMOX,Group_22C vs Group_15C (Reference),0.014818276304244536,0.9223411351224833,-0.283107008224548,0.31274356083303706,0.09112595935545365,-0.09822279911216003,-0.001436737300496369,0.992028291298645,0.013381539003748166,0.7859199522581748,0.020928101591979355,0.7509768092246729,0.9967266517932953,False
Weight_kg,Citric_acid,Group_8C vs Group_22C Contrast,-0.02347290962198284,0.9223776587175528,-0.49563327653010103,0.44868745728613535,0.1617374831773133,-0.012900541160746348,-0.1498352878252173,0.27941808079196273,0.03439699456793363,0.8801971753276645,0.01092408494595079,0.8873610497950914,0.9967266517932953,False
Body_Fat__Percent,L-Proline,Group_8C vs Group_15C (Reference),0.04580605821618257,0.9225397204258007,-0.8775051197189917,0.9691172361513568,0.2530260544833782,0.09740648250074879,0.1456429205045217,0.3955280908352522,0.4447666981429664,0.062343133563865116,0.19144897872070427,0.6626117533641107,0.9967266517932953,False
Body_Density_kg_per_m3,Lysine,Group_8C vs Group_22C Contrast,42.859585382969755,0.9227812511555654,-823.7863151975429,909.5054859634823,0.3145656897959499,0.17176687517010614,-170.69373627214466,0.0038795385882119024,-49.90441810245744,0.9080526692574367,-7.044832719487687,0.9401648964815601,0.9967266517932953,False
VO2max_ml_per_kg_per_min,Lysine,Group_22C vs Group_15C (Reference),-0.03629578684241126,0.9229830073114086,-0.7721329481730537,0.6995413744882311,0.31632125196186656,0.1738881794539221,-0.23522068486457268,0.0006514657815468185,-0.27151647170698395,0.4618903538008543,-0.044077184554173504,0.7271310120630241,0.9967266517932953,False
Max_Watts_W,"1,3-Dioxolane-2-methanol",Group_8C vs Group_22C Contrast,0.013109660900650313,0.9232748077849663,-0.2536859233040349,0.2799052451053355,0.12931274579890972,-0.052080432159650636,-0.029995936482206022,0.18917749037952425,-0.05510918299076793,0.6803130853353756,-0.04199952209011762,0.09689187172408276,0.9967266517932953,False
Weight_kg,Nonanoic_acid,Group_8C vs Group_15C (Reference),-0.009231615144209431,0.9233933866150784,-0.19739308139160197,0.17892985110318313,0.24230411616586656,0.08445080703375552,0.09313167783402967,0.15387058676484663,0.06131993292292886,0.5749758273442507,0.08390006268982024,0.2331145795038878,0.9967266517932953,False
Body_Fat__Percent,Leucine,Group_8C vs Group_22C Contrast,-0.05243633151962318,0.9244220829882626,-1.1358205632738498,1.0309479002346034,0.12225566907189922,-0.060607733204788294,-0.050461392962338855,0.6961426983804258,0.25900361281320733,0.558934797915569,0.20656728129358415,0.5317604794763893,0.9967266517932953,False
Body_Density_kg_per_m3,Linoleic_Acid,Group_8C vs Group_22C Contrast,-23.961548734647472,0.9246140748824455,-520.2944389921589,472.37134152286393,0.15050868012595986,-0.026468678181131855,14.151089018299107,0.8866065457433788,86.6418523009039,0.5943243652433106,62.68030356625644,0.7467021809680225,0.9967266517932953,False
Max_Watts_W,"Ethanolamine,_3TMS",Group_8C vs Group_22C Contrast,-0.003908316957288924,0.9256872627943573,-0.08603670714674162,0.07822007323216378,0.2764043414876999,0.1256552459643041,0.044607363025377475,0.05796027647730086,-0.025836619275410436,0.43621066019932964,-0.02974493623269936,0.24502649954880096,0.9967266517932953,False
Height_m,1H-Indole-3-Acetic_Acid,Group_8C vs Group_15C (Reference),1.648230391711443,0.9257389841081873,-33.010824883605565,36.30728566702845,0.11061584320181472,-0.07467252279780712,-10.332484054742924,0.3768687988514209,4.47838142097064,0.2860061256329218,-8.68425366303148,0.5127141770741825,0.9967266517932953,False
Skinfold_Thickness_mm,Glycerol-3-P,Group_8C vs Group_22C Contrast,0.005667345673746244,0.9257611240221439,-0.11354366222272884,0.12487835357022133,0.1508582734072298,-0.02604625296626395,0.0192645487105528,0.21723791851043384,0.017859131129919145,0.7398937424443717,0.023526476803665392,0.4071562708423322,0.9967266517932953,False
Height_m,Palmitic_Acid,Group_8C vs Group_22C Contrast,0.8265019525666687,0.926069174571639,-16.63138139554065,18.28438530067399,0.1544627682463442,-0.02169082170233394,1.1902744893917037,0.6691723723778514,-0.25281363226484155,0.9720236544032181,0.5736883203018271,0.9126808222167069,0.9967266517932953,False
BMI_kg·m2,"1,3-Dioxolane-2-methanol",Group_8C vs Group_22C Contrast,0.15742276085693607,0.9262537550653139,-3.176104300774838,3.49094982248871,0.1400444740682779,-0.03911292716749748,0.6988485724271047,0.044662757247402915,-0.8699140900461835,0.05499818193571615,-0.7124913291892474,0.6638197473546525,0.9967266517932953,False
Height_m,1-Heptadecanol,Group_8C vs Group_15C (Reference),-1.2671291848682555,0.9263877790922106,-28.147893948990422,25.61363557925391,0.23657379656081534,0.07752667084431863,21.411781106987725,0.06546987379909777,-5.863229258268461,0.8625323231835462,20.14465192211947,0.005648130836775955,0.9967266517932953,False
Body_Fat__Percent,Oleic_Acid,Group_8C vs Group_22C Contrast,-0.023451710403073957,0.9266554491531965,-0.5227841595186633,0.4758807387125154,0.08688003977450331,-0.103353285272475,-0.0151549434507164,0.7153267372838009,0.03318857341183377,0.877861198731041,0.009736863008759809,0.9425666165114848,0.9967266517932953,False
Age_years,Indole-3-Propionic_Acid,Group_8C vs Group_22C Contrast,0.0065135608514554424,0.9269508200264086,-0.13273515173532224,0.14576227343823311,0.006682757924918903,-0.20025833417405625,0.010621231834674755,0.7504172142553369,-0.004320242886697979,0.9487894901326446,0.0021933179647574633,0.9235811149984272,0.9967266517932953,False
Muscle_Mass_kg,Glyceraldehyde-3-PMOX,Group_8C vs Group_22C Contrast,0.007546562588231187,0.926955002203298,-0.15379521095890383,0.16888833613536622,0.09112595935545365,-0.09822279911216003,-0.001436737300496369,0.992028291298645,0.013381539003748166,0.7859199522581748,0.020928101591979355,0.7509768092246729,0.9967266517932953,False
Muscle_Mass_kg,"2-Ethyl-3-hydroxypropionic_acid,_di-",Group_22C vs Group_15C (Reference),-0.020728464441260287,0.9270048132681498,-0.46418788592843796,0.42273095704591734,0.42161273661204934,0.301115390072893,0.009319577464456476,0.9653766555869188,-0.011408886976803811,0.873039316254637,-0.2338873024604171,4.1330077360512973e-08,0.9967266517932953,False
BSA_m2,1-Heptadecanol,Group_8C vs Group_15C (Reference),1.1738585700157282,0.9274504532785968,-24.094059387246364,26.44177652727782,0.0982723254351845,-0.08958760676581856,4.252349711907445,0.44880988952488854,-3.1520049178568303,0.5681888810692244,5.426208281923173,0.6400971815058143,0.9967266517932953,False
Weight_kg,"2,3-Butanediol",Group_8C vs Group_22C Contrast,0.07168277931870476,0.9281934626012005,-1.487365147182385,1.6307307058197944,0.08730587283009172,-0.10283873699697232,-0.1860988153479436,0.32693847537451604,-0.006727038678199626,0.9711951030112271,0.06495574064050513,0.9330587136887767,0.9967266517932953,False
Body_Density_kg_per_m3,L-Proline,Group_8C vs Group_15C (Reference),-18.112598836337256,0.9284813449263725,-413.63107517733386,377.4058775046593,0.25211874685877833,0.09631015245435726,-63.11958360948113,0.39698123104706107,-193.82805020085038,0.06207155582725532,-81.23218244581838,0.6649017052995099,0.9967266517932953,False
Skinfold_Thickness_mm,Arachidonic_acid1,Group_8C vs Group_22C Contrast,0.005191308852836873,0.9286033860755135,-0.10836586377972816,0.11874848148540192,0.09028782722508721,-0.09923554210301955,-0.0031723715080051577,0.7964390902546415,-0.031406435841199364,0.5735781649445586,-0.026215126988362494,0.09232064165134846,0.9967266517932953,False
Age_years,L-Norvaline,Group_8C vs Group_22C Contrast,0.03716043855850262,0.9295883874360052,-0.7871063609548185,0.8614272380718236,0.06538900241527879,-0.12932162208153808,-0.0769417586916454,0.7123391677588271,-0.038884333920118294,0.9052498518245289,-0.001723895361615671,0.9948065795498198,0.9967266517932953,False
Weight_kg,Serine,Group_22C vs Group_15C (Reference),0.018687547867963825,0.9296317933136312,-0.3960752728007551,0.4334503685366828,0.08734516986357876,-0.10279125308150894,0.0049323485615021135,0.9138044969943723,0.023619896429465936,0.9090021381307629,-0.10517315570289955,0.11101552507608914,0.9967266517932953,False
Body_Fat__Percent,Lysine,Group_8C vs Group_22C Contrast,-0.08974854571268948,0.9305780595230502,-2.108941106932453,1.929444015507074,0.3149392700574818,0.17221828465279054,0.38973875367084637,0.003222198830808066,0.10763141955427546,0.9148248694924452,0.01788287384158599,0.9353607115831799,0.9967266517932953,False
Body_Fat__Percent,Linoleic_Acid,Group_8C vs Group_22C Contrast,0.051163883912903815,0.9308247378860723,-1.1040533544133855,1.2063811222391931,0.15166981673652935,-0.025065638110026933,-0.03568579686228691,0.8732353854503613,-0.20205831233705251,0.5909645108169319,-0.1508944284241487,0.7395652507805324,0.9967266517932953,False
Age_years,2-Keto-3-methylvaleric_acid,Group_22C vs Group_15C (Reference),-0.014373259731394143,0.9313744713308642,-0.3415038874032653,0.31275736794047704,0.14060380741602563,-0.038437066038969014,0.11560178708901131,0.33234762991957056,0.10122852735761717,0.38602257035144394,-0.02397802745077779,0.8329842271263117,0.9967266517932953,False
BSA_m2,Glycerol,Group_22C vs Group_15C (Reference),-1.8805812689761945,0.9315971026940935,-44.82163798878009,41.0604754508277,0.09066346595881725,-0.09878164529976252,14.313948807543282,0.3483718642990241,12.433367538567087,0.4288909923861812,8.647682038658992,0.8377668008370482,0.9967266517932953,False
VO2max_ml_per_kg_per_min,Glycerol-3-P,Group_22C vs Group_15C (Reference),-0.025907916701345783,0.9322227022558315,-0.6229611923152611,0.5711453589125697,0.16604102520947406,-0.007700427871885518,-0.09672822354661688,0.2773942396930572,-0.12263614024796266,0.6737762730972681,0.1231969040529307,0.4629848407216026,0.9967266517932953,False
BSA_m2,Glycerol,Group_8C vs Group_22C Contrast,-3.785685499908096,0.9330519509690333,-92.11242117649354,84.54105017667735,0.09066346595881725,-0.09878164529976252,14.313948807543282,0.3483718642990241,12.433367538567087,0.4288909923861812,8.647682038658992,0.8377668008370482,0.9967266517932953,False
BSA_m2,Stearic_Acid,Group_8C vs Group_22C Contrast,-0.43111834996451714,0.9331046464617994,-10.497813899133003,9.635577199203968,0.1785648804750689,0.007432563907375012,2.7986471529960526,0.003158256496222554,2.600633973242667,0.4794025764416565,2.16951562327815,0.5451694758194969,0.9967266517932953,False
Weight_kg,Indole-3-Propionic_Acid,Group_8C vs Group_15C (Reference),0.004634031546301692,0.9334606543346249,-0.10414978221214286,0.11341784530474625,0.20428885318779522,0.03851569760191931,-0.0054161506623661634,0.9065628812676634,0.07186555092980162,0.09380793988144642,-0.0007821191160644718,0.9797695795432397,0.9967266517932953,False
Height_m,Valine,Group_8C vs Group_15C (Reference),1.2469408180573156,0.9334928421064493,-28.03917404084603,30.53305567696066,0.14212361992684874,-0.03660062592172442,0.8056522970675771,0.9549626869747597,-5.4638417281306655,0.643952005586288,2.0525931151248926,0.6443120347612272,0.9967266517932953,False
Weight_kg,L-Rhamnose,Group_8C vs Group_22C Contrast,-0.02390739963813915,0.9342538190098104,-0.5919299591266476,0.5441151598503693,0.2318037096231842,0.07176281579468091,-0.13692348520974396,0.18193002868945474,0.09020401839632711,0.6317259134117403,0.06629661875818796,0.7635494252697883,0.9967266517932953,False
Skinfold_Thickness_mm,Nonanoic_acid,Group_22C vs Group_15C (Reference),-0.003822346630226405,0.934892626431802,-0.09552992472457558,0.08788523146412278,0.2625433963618794,0.10890660393727103,0.028466914381727246,0.05020053859191909,0.02464456775150084,0.5794952944872325,-0.003085016085445761,0.947021366847451,0.9967266517932953,False
Skinfold_Thickness_mm,Indole-3-Latic_Acid,Group_8C vs Group_22C Contrast,0.0013521766383116623,0.9355321919032152,-0.031413058711251274,0.0341174119878746,0.47191099872946507,0.36189245679810367,-0.014809189550997448,0.0006757521302975252,-0.00010192441368732721,0.9947973645734467,0.001250252224624335,0.8329173719259297,0.9967266517932953,False
Age_years,Doconexent,Group_22C vs Group_15C (Reference),-0.007545805882463569,0.9356790249626343,-0.19080676478013817,0.17571515301521104,0.09833392690568343,-0.08951317165563255,0.03776203681394671,0.20577317303774312,0.030216230931483137,0.7331051304776048,-0.047470068998659194,0.42019471671577424,0.9967266517932953,False
Body_Fat__Percent,Ascorbic_Acid,Group_8C vs Group_22C Contrast,0.043613973605144324,0.9359243188289984,-1.0196985855435532,1.106926532753842,0.12823421080528652,-0.053383661943612104,-0.20894723680109067,0.10922477081008428,-0.03848115921295642,0.8531249888879919,0.005132814392187907,0.9918274562767568,0.9967266517932953,False
Body_Density_kg_per_m3,Glycerol-3-P,Group_8C vs Group_15C (Reference),8.772878368875535,0.9359714188201927,-205.2644181035453,222.81017484129634,0.12389761007545108,-0.058623721158829856,-41.506562605512514,0.49003784646753545,-66.24882565437352,0.6717301137071183,-32.733684236636975,0.7195287358621414,0.9967266517932953,False
Height_m,Cysteine,Group_22C vs Group_15C (Reference),4.3809225314111355,0.9359908381683075,-102.53562927184866,111.29747433467092,0.07809895241512443,-0.11396376583172452,-0.9297227318606266,0.9645019922204238,3.451199799550509,0.9453975996626391,5.620031262723086,0.5996780873235299,0.9967266517932953,False
Body_Fat__Percent,"Ethanolamine,_2TMS",Group_22C vs Group_15C (Reference),-0.041932524390369916,0.9366012801702983,-1.0751717930586215,0.9913067442778818,0.05747560892707326,-0.13888363921311964,-0.1949918229365381,0.5720357089736573,-0.23692434732690804,0.552182825602386,-0.04604530959279077,0.8591649667167154,0.9967266517932953,False
BSA_m2,N-Acetylglutamine,Group_8C vs Group_15C (Reference),2.9077648533934144,0.9369052600485448,-69.08699680883943,74.90252651562626,0.13823026614759537,-0.041305095071655584,-2.0466690209809832,0.8785776202812723,-5.108980793820357,0.591446142794632,0.8610958324124312,0.9799143018833483,0.9967266517932953,False
Height_m,1-Monopalmitin,Group_8C vs Group_22C Contrast,2.1367830316097063,0.9370371179180155,-50.88086694725055,55.15443301046996,0.216064069959519,0.05274408453441881,-24.92368994029669,0.2838870330067591,-5.687711512492573,0.8066548964978055,-3.5509284808828667,0.7975493575112738,0.9967266517932953,False
Skinfold_Thickness_mm,Asparagine,Group_8C vs Group_22C Contrast,0.006457059442494653,0.9371639699504674,-0.1540789683459866,0.16699308723097595,0.0338985711351959,-0.1673725598783049,-0.015915356200872043,0.4844232423844125,0.00847549032079718,0.8427311124526771,0.014932549763291832,0.83079843704401,0.9967266517932953,False
Age_years,1-Heptadecanol,Group_8C vs Group_22C Contrast,-0.011640042380925468,0.9371836594033545,-0.3011267841152,0.27784669935334905,0.10711482706984843,-0.07890291729059973,-0.019438863515760664,0.7332309506964142,-0.07734840105414255,0.5797922454330524,-0.08898844343506801,0.06348138128134351,0.9967266517932953,False
Muscle_Mass_kg,L-Rhamnose,Group_8C vs Group_15C (Reference),-0.013648980052706016,0.9374989189542658,-0.35480728320161337,0.3275093230962013,0.26923610839039847,0.11699363097173154,0.0017879467897057176,0.9897468975733661,0.19011285282609128,0.5342770201173161,-0.011861033263000299,0.9097148138598798,0.9967266517932953,False
BMI_kg·m2,Oleic_Acid,Group_22C vs Group_15C (Reference),0.036902455666068444,0.9378063538973301,-0.890048801384534,0.9638537127166709,0.16406696059684545,-0.010085755945478336,0.02220415279395274,0.8768019057526084,0.059106608460021186,0.8956689920523588,-0.3681121946727569,0.5870494572601053,0.9967266517932953,False
Height_m,Tryptophan,Group_8C vs Group_15C (Reference),-1.4008981235922695,0.9380745583926514,-36.74271620620492,33.94091995902038,0.007282035219170813,-0.1995342074435018,0.5713509314632101,0.8955269986566341,0.29131814427803193,0.957021646674449,-0.8295471921290594,0.9621902380643961,0.9967266517932953,False
Body_Density_kg_per_m3,Ascorbic_Acid,Group_8C vs Group_22C Contrast,-17.78098437305198,0.9386828959343795,-470.82681974219946,435.2648509960955,0.12845602833647163,-0.053115632426763426,91.96170734182114,0.10418593326273468,17.03160176929508,0.8489362128722202,-0.7493826037568994,0.9971948489046225,0.9967266517932953,False
Height_m,Phenylalanine,Group_22C vs Group_15C (Reference),0.6048360359754379,0.9391168347086508,-14.915691571237645,16.12536364318852,0.07057475718570339,-0.12305550173394164,-0.7749489477190168,0.5516757531128396,-0.1701129117435789,0.9826246059869324,0.3822338933949969,0.8434609408262737,0.9967266517932953,False
Skinfold_Thickness_mm,L-Norvaline,Group_8C vs Group_15C (Reference),0.00473532822809062,0.9392261327464735,-0.11699555592853103,0.12646621238471228,0.1302922067914093,-0.050896916793713665,-0.0104682851313271,0.8046540075867101,0.10501773548861355,0.2939068196429133,-0.0057329569032364795,0.8996314197480431,0.9967266517932953,False
Height_m,Glycine,Group_8C vs Group_15C (Reference),3.4370015281671913,0.9392499607305587,-84.95257523981087,91.82657829614524,0.028440697307654195,-0.17396749075325113,-6.892582211549229,0.8687957620012907,9.687729997812923,0.894437152858609,-3.4555806833820375,0.8399489100686817,0.9967266517932953,False
Weight_kg,1-Heptadecanol,Group_8C vs Group_15C (Reference),0.009150041214953856,0.9395271200902018,-0.22724269234206934,0.24554277477197706,0.04604614946548968,-0.15269423606253318,0.026905579196950902,0.6602839677584846,-0.04249273202364652,0.5259298783144066,0.03605562041190476,0.7286274884310395,0.9967266517932953,False
Max_Watts_W,Ethyl_alpha-D-glucopyranoside,Group_22C vs Group_15C (Reference),0.01004798552724357,0.939629212407109,-0.24998311269515738,0.2700790837496445,0.0923550162519664,-0.09673768869554045,-0.02233226997646643,0.02185444192813735,-0.01228428444922286,0.9260288037032787,-0.002568808223365273,0.9022128391510085,0.9967266517932953,False
Age_years,Aminomalonic_acid,Group_8C vs Group_22C Contrast,-0.029444343757513702,0.9400232339646896,-0.7964619870277206,0.7375732995126932,0.34819378852321126,0.21240082779888037,0.13723568741473682,0.11199432238710869,-0.12331341254127723,0.4673234808013089,-0.15275775629879093,0.664888110593695,0.9967266517932953,False
Height_m,"Ethanolamine,_2TMS",Group_8C vs Group_15C (Reference),2.914983920945759,0.9400303214268076,-73.02719930397478,78.8571671458663,0.08538715181634082,-0.10515719155525471,24.12823208406893,0.5164505000915488,8.015699391821496,0.7150280621842,27.04321600501469,0.012943091079730795,0.9967266517932953,False
BMI_kg·m2,1-Ethyl-1-tetradecyloxy-1-silacyclohexane,Group_22C vs Group_15C (Reference),0.05533789143724789,0.9408407735544639,-1.4061316423522994,1.5168074252267953,0.11151663556963909,-0.0735840653533526,0.14793399395898682,0.812877049824066,0.2032718853962347,0.617266372075983,0.0007951899986710087,0.9991481279531413,0.9967266517932953,False
VO2max_ml_per_kg_per_min,D---Ribofuranose,Group_8C vs Group_22C Contrast,0.03202631269050027,0.9419472458083523,-0.8299523696597728,0.8940049950407734,0.11059889373195164,-0.07469300340722507,-0.0828374512942225,0.6458857588545406,0.07061911300456662,0.8644623906285913,0.10264542569506689,0.49140286861327054,0.9967266517932953,False
Max_Watts_W,Ethyl_alpha-D-glucopyranoside,Group_8C vs Group_22C Contrast,0.009715476225857587,0.9421817970507564,-0.25283633430664826,0.2722672867583635,0.0923550162519664,-0.09673768869554045,-0.02233226997646643,0.02185444192813735,-0.01228428444922286,0.9260288037032787,-0.002568808223365273,0.9022128391510085,0.9967266517932953,False
Body_Fat__Percent,Glycerol-3-P,Group_8C vs Group_15C (Reference),-0.018176350415940023,0.9423362016226879,-0.5106840294754761,0.47433132864359606,0.12428221696744424,-0.058158987831004705,0.09649732237623027,0.48085263381184895,0.14880265268178205,0.6782981823998195,0.07832097196029024,0.7101359627911079,0.9967266517932953,False
Max_Watts_W,Linoleic_Acid,Group_22C vs Group_15C (Reference),-0.0042479764877035395,0.9429832148466872,-0.12065988348555827,0.11216393051015118,0.1320864342754755,-0.04872889191713381,-0.00013212255229422826,0.9962410183347448,-0.004380099039997767,0.9333282890128904,-0.007100002158486762,0.7975753657721008,0.9967266517932953,False
Max_Watts_W,Glycolic_acid,Group_8C vs Group_22C Contrast,0.006565175092657208,0.9430955187529148,-0.1737064232045446,0.186836773389859,0.11870187941162902,-0.06490189571094818,0.02195750441595761,0.5256777041841858,-0.01680420383231976,0.8505327053277163,-0.01023902873966255,0.6493379636790444,0.9967266517932953,False
Muscle_Mass_kg,Tyrosine,Group_22C vs Group_15C (Reference),0.007660532639445926,0.9439094160602063,-0.20574170785328777,0.22106277313217965,0.05931592560721932,-0.13665992322460996,0.023960154888188194,0.7956172078209134,0.03162068752763412,0.5819225083907102,0.02052389204295653,0.6685978664602916,0.9967266517932953,False
Height_m,2-Aminoadipic_acid,Group_8C vs Group_22C Contrast,-6.842224486593818,0.9442406582441628,-198.5862554765863,184.9018065033987,0.03481562062407262,-0.16626445841257875,2.311940124475697,0.933492540030179,5.180072950209588,0.9562764070211311,-1.66215153638423,0.9477715561584013,0.9967266517932953,False
Weight_kg,Glycerol,Group_22C vs Group_15C (Reference),-0.02019430441227173,0.9443341620649642,-0.5870539326861247,0.5466653238615812,0.0882977255532621,-0.10164024828980822,0.16691878516005862,0.39630626896513943,0.14672448074778688,0.4887808916787866,0.1408538477529989,0.8735367507633283,0.9967266517932953,False
Age_years,Glycerol-3-P,Group_8C vs Group_15C (Reference),-0.008285178107148156,0.9446296657312779,-0.24209557750827493,0.22552522129397862,0.18635600396714302,0.016846838126964525,-0.09140817125293468,0.2680183474992929,0.09184509980197153,0.5425181709583529,-0.09969334936008284,0.24714389179583396,0.9967266517932953,False
Height_m,beta-Alanine,Group_22C vs Group_15C (Reference),-1.8150608843434313,0.9446299464020476,-53.03692473108969,49.40680296240283,0.0665357402566562,-0.12793598052320698,0.4883796795800628,0.9758712344991504,-1.3266812047633685,0.9485227460906427,19.905589703213458,0.5233250027904415,0.9967266517932953,False
Skinfold_Thickness_mm,Citric_acid,Group_8C vs Group_22C Contrast,0.006205743302116831,0.9447605011743608,-0.1693410205101793,0.181752507114413,0.17527576905924624,0.0034582209465893188,-0.034617559413614406,0.022393261814841872,-0.01841959201287295,0.8257762818926779,-0.01221384871075612,0.7020923540613566,0.9967266517932953,False
VO2max_ml_per_kg_per_min,Doconexent,Group_8C vs Group_22C Contrast,-0.010971147383528716,0.9450662074697741,-0.3230505138547796,0.3011082190877222,0.05594523116167616,-0.14073284567964128,-0.03386949638125106,0.3121058475611138,0.029246714924560532,0.8212174357888109,0.018275567541031816,0.8437927254711453,0.9967266517932953,False
Height_m,Phenylalanine,Group_8C vs Group_22C Contrast,0.5523468051385758,0.9452781368972999,-15.220359234043986,16.32505284432114,0.07057475718570339,-0.12305550173394164,-0.7749489477190168,0.5516757531128396,-0.1701129117435789,0.9826246059869324,0.3822338933949969,0.8434609408262737,0.9967266517932953,False
Muscle_Mass_kg,beta-Alanine,Group_8C vs Group_22C Contrast,-0.015141305765869473,0.9454766781149069,-0.44909034633587985,0.4188077348041409,0.039622808918665764,-0.16045577255661203,0.13433341084116035,0.4048555042420311,-0.003301080535186046,0.9745983621553986,-0.01844238630105552,0.9248934095635921,0.9967266517932953,False
Max_Watts_W,Lactic_Acid1,Group_22C vs Group_15C (Reference),0.008401564930714641,0.9469911926634986,-0.23927245153967133,0.2560755814011006,0.06242464542217274,-0.13290355344820792,0.0024180535477458277,0.9586906114228633,0.010819618478460469,0.9265877218601597,-0.02130602647186213,0.6801088809273608,0.9967266517932953,False
BSA_m2,beta-Alanine,Group_8C vs Group_22C Contrast,2.5908997907639346,0.9471900890317722,-74.07705030439499,79.25884988592284,0.06427155975471943,-0.13067186529638053,9.417786961204364,0.11447936553488365,0.4175010108595689,0.9641610759281027,3.0084008016235035,0.9368931672271352,0.9967266517932953,False
Skinfold_Thickness_mm,Leucine,Group_8C vs Group_22C Contrast,-0.005674847037928324,0.9483937433448193,-0.17752297092737623,0.16617327685151956,0.1628552212364206,-0.011549941005991604,-0.009374775434140739,0.7012754931198535,0.05062033380654639,0.46194557037338346,0.044945486768618065,0.4081415289656998,0.9967266517932953,False
Muscle_Mass_kg,Ornithine,Group_22C vs Group_15C (Reference),-0.004712216993882791,0.94872386389551,-0.14832690947860838,0.13890247549084278,0.10435791472442912,-0.08223418637464808,-0.01130073254444404,0.86040006589584,-0.01601294953832683,0.6492992296270415,0.014418822206622408,0.7242580356421453,0.9967266517932953,False
Height_m,Doconexent,Group_8C vs Group_15C (Reference),0.5904342951627479,0.9490047553180045,-17.503543455609098,18.684412045934593,0.2022879499711011,0.03609793954841389,12.397497661766808,0.03281234406960225,4.514685484361873,0.7006272923267125,12.987931956929556,0.07028844431392378,0.9967266517932953,False
Height_m,Ascorbic_Acid,Group_22C vs Group_15C (Reference),-2.4157969761928086,0.9492757638318574,-76.84445953050005,72.01286557811443,0.2673555828282529,0.11472132925080558,-9.326577660535845,0.7958228914518978,-11.742374636728654,0.325969961082873,40.26452369479059,0.012970377121653831,0.9967266517932953,False
Age_years,1-Ethyl-1-tetradecyloxy-1-silacyclohexane,Group_22C vs Group_15C (Reference),0.02026047170199423,0.9493719711186167,-0.605135301646204,0.6456562450501924,0.1440238998785468,-0.03430445431342255,-0.06749324559320187,0.7119220783756941,-0.04723277389120764,0.8566925804609467,-0.13574923702307645,0.5781179224009108,0.9967266517932953,False
VO2max_ml_per_kg_per_min,"Ethanolamine,_3TMS",Group_8C vs Group_15C (Reference),-0.018499057401518585,0.9498494970635386,-0.5949683778656001,0.5579702630625629,0.1904882429367457,0.02183996021523449,0.1357029910425301,0.2690107864664575,-0.30377540969001104,0.15797188080576818,0.11720393364101153,0.6610125435174847,0.9967266517932953,False
BSA_m2,"1,5-Anhydrohexitol",Group_8C vs Group_15C (Reference),2.748922818026329,0.950069157057452,-83.29061028755689,88.78845592360955,0.08557008586786086,-0.1049361462430014,1.6819732214783476,0.8742860135225072,2.2323337148858178,0.6341767489180241,4.430896039504677,0.917144331094504,0.9967266517932953,False
VO2max_ml_per_kg_per_min,1-Ethyl-1-tetradecyloxy-1-silacyclohexane,Group_22C vs Group_15C (Reference),0.014474496333806014,0.9505298798632903,-0.4427927665232897,0.47174175919090167,0.19522291248910517,0.02756101925766885,-0.16984153752596695,0.3387532587209109,-0.15536704119216094,0.3046681839925647,0.1684343289142269,0.24792488244685784,0.9967266517932953,False
Age_years,DL-Ornithine,Group_22C vs Group_15C (Reference),-0.0037939523674675336,0.9508138011458791,-0.12434234350124858,0.11675443876631351,0.371295669128889,0.2403156001974076,0.017309690479099193,0.7250944035531017,0.01351573811163166,0.7139953696364305,-0.19010188600641337,0.1269659816361668,0.9967266517932953,False
VO2max_ml_per_kg_per_min,Glyceraldehyde-3-PMOX,Group_8C vs Group_22C Contrast,-0.007673550314651265,0.950842474125958,-0.25163849998443655,0.236291399355134,0.14192708945561172,-0.03683810024113576,0.06632624310503248,0.4094395554880833,-0.052937500557187434,0.4794936877816589,-0.0606110508718387,0.5421844171347998,0.9967266517932953,False
Height_m,Tryptophan,Group_8C vs Group_22C Contrast,-1.1208653364070913,0.9512003852715577,-37.01819528208135,34.776464609267165,0.007282035219170813,-0.1995342074435018,0.5713509314632101,0.8955269986566341,0.29131814427803193,0.957021646674449,-0.8295471921290594,0.9621902380643961,0.9967266517932953,False
Height_m,Decanoic_acid,Group_8C vs Group_15C (Reference),-0.8976617749798812,0.95125733159997,-29.6796761236445,27.88435257368474,0.0711716766474606,-0.12233422405098504,7.3492850418899165,0.5509813098791334,-6.015069094487711,0.7490617456187334,6.451623266910035,0.41904426844274356,0.9967266517932953,False
Height_m,beta-D-Xylopyranose,Group_8C vs Group_15C (Reference),3.0234537978222003,0.9518085666403043,-95.02874431743695,101.07565191308134,0.05489448377228212,-0.14200249877515914,-4.445279495582876,0.9191940107878558,7.755790058058683,0.7914207991511231,-1.421825697760676,0.9530328949721236,0.9967266517932953,False
Weight_kg,"2,3,4-Trihydroxybutyric_acid",Group_8C vs Group_15C (Reference),0.019626317813968164,0.9518153039241095,-0.6169546036000627,0.6562072392279991,0.06948859608814206,-0.12436794639349502,0.0214733903557297,0.8607764986268926,-0.07521114420049158,0.8053493742661242,0.041099708169697866,0.8913308694523616,0.9967266517932953,False
Skinfold_Thickness_mm,2-Aminoheptanedioic_acid,Group_8C vs Group_15C (Reference),-0.003770420499515199,0.9518409165427131,-0.1261293789166822,0.1185885379176518,0.03095924894612523,-0.17092424085676527,-0.0014708823779598832,0.9160359591520758,0.031205018044253973,0.7146579525160279,-0.005241302877475082,0.9313595955601486,0.9967266517932953,False
VO2max_ml_per_kg_per_min,2-Keto-3-methylvaleric_acid,Group_8C vs Group_15C (Reference),0.012378607824564323,0.9526984060864213,-0.3966272704608266,0.42138448610995527,0.13909957249638272,-0.040254683233537536,0.12436265690591639,0.4251173576866064,-0.09715017415020569,0.5976056351480923,0.1367412647304807,0.3241534149555285,0.9967266517932953,False
Age_years,L-Aspartic_acid,Group_22C vs Group_15C (Reference),-0.0174146728089948,0.9527993043933551,-0.594050374352172,0.5592210287341824,0.16152479499729322,-0.013157539378270577,0.12805986075885908,0.14097651658243116,0.11064518794986428,0.6938172632645498,-0.1365800485948098,0.7521669691200461,0.9967266517932953,False
Body_Density_kg_per_m3,"Ethanolamine,_2TMS",Group_22C vs Group_15C (Reference),13.709009838532928,0.9528581634191275,-440.7919763701315,468.2099960471974,0.0595823485593483,-0.1363379954907875,88.47656360012212,0.5633883677998429,102.18557343865504,0.5573562517710826,19.810890940620567,0.8589001744107536,0.9967266517932953,False
Weight_kg,Tryptophan,Group_8C vs Group_22C Contrast,0.01959498447949201,0.9529360047101463,-0.6311340540714689,0.670324023030453,0.07869951482794191,-0.1132380862495701,-0.025879217580381905,0.1790539772637013,0.08869837240062366,0.41746969009214574,0.10829335688011567,0.7297393524521751,0.9967266517932953,False
Muscle_Mass_kg,Glycine,Group_8C vs Group_15C (Reference),0.011041024585031875,0.9532265186039149,-0.3578931289551522,0.3799751781252159,0.04178739409189669,-0.15784023213895804,-0.0866132862784651,0.6172729193447929,0.018899820850822133,0.8512725015706728,-0.07557226169343322,0.3033672226405453,0.9967266517932953,False
Max_Watts_W,Arachidonic_acid1,Group_8C vs Group_22C Contrast,0.003742716600357375,0.9539605154134555,-0.12331803230547989,0.13080346550619465,0.06715473043855036,-0.12718803405341816,0.0022545155860218325,0.8155254167796728,-0.017938598213851346,0.770929356264862,-0.014195881613493973,0.4814402649990084,0.9967266517932953,False
BSA_m2,2-Aminoheptanedioic_acid,Group_8C vs Group_15C (Reference),0.7383612499445463,0.9541838928950032,-24.45000433516112,25.92672683505021,0.06723235515511483,-0.12709423752090276,-8.473472659760198,0.03829121270799534,3.020262361336316,0.8532395994094979,-7.7351114098156515,0.525494655492605,0.9967266517932953,False
Muscle_Mass_kg,Phenylalanine,Group_8C vs Group_22C Contrast,0.0013762163565964412,0.9543291973257745,-0.04572225830436222,0.0484746910175551,0.07428340898553354,-0.11857421414248015,-0.0020815005968827438,0.8554738501802104,0.004467287158185698,0.8417265252349022,0.0058435035147821396,0.505301456913517,0.9967266517932953,False
Max_Watts_W,2-Aminoadipic_acid,Group_8C vs Group_15C (Reference),0.001909578442493948,0.9551475148796911,-0.06463462341903128,0.06845378030401919,0.09571743797969401,-0.09267476244120298,-0.00996735330668638,0.717109565206596,-0.05826839939077441,0.5372431714878174,-0.008057774864192431,0.6855188265450838,0.9967266517932953,False
Age_years,L-Rhamnose,Group_8C vs Group_22C Contrast,0.0208941695983728,0.9560446678237694,-0.7221075712282538,0.7638959104249993,0.22800234761255456,0.06716950336517014,-0.13591899450487324,0.1685509701029172,-0.08502925392713537,0.8047704571662064,-0.06413508432876257,0.6871859254134756,0.9967266517932953,False
VO2max_ml_per_kg_per_min,Cholesterol,Group_8C vs Group_15C (Reference),0.005949459474483861,0.956137220962072,-0.20605773257331358,0.2179566515222813,0.17940387443574712,0.008446348276527793,0.06909773086895563,0.3335833642450774,-0.18046118582599263,0.33181655715059666,0.07504719034343948,0.355379996865153,0.9967266517932953,False
Muscle_Mass_kg,Decanoic_acid,Group_8C vs Group_22C Contrast,0.0033968835786339427,0.9565707153390779,-0.11886174043186909,0.125655507589137,0.00903756342009887,-0.19741294420071376,0.0106277640586397,0.9175250223089784,-0.005861956149097418,0.8849443316347996,-0.0024650725704634755,0.9585523011884778,0.9967266517932953,False
Skinfold_Thickness_mm,Glycerol,Group_22C vs Group_15C (Reference),0.005341928486575302,0.9570856430128983,-0.18922725656280967,0.19991111353596028,0.05367013272186871,-0.14348192296107531,-0.007574178142282597,0.905184525700651,-0.0022322496557072953,0.9766398948895807,-0.06368350735845121,0.3916114158914601,0.9967266517932953,False
Body_Fat__Percent,Lactic_Acid,Group_22C vs Group_15C (Reference),-0.02890569271057862,0.9570859541112087,-1.0817460478174998,1.0239346623963426,0.07107468504075976,-0.12245142224241512,0.005647920616422828,0.9823678848481837,-0.02325777209415579,0.960740795281027,0.23592802279116706,0.7782247078495204,0.9967266517932953,False
BSA_m2,2-OH-Butanoic_Acid,Group_22C vs Group_15C (Reference),0.5258786802540927,0.9576026651302669,-18.862014996370334,19.913772356878518,0.013025084841390422,-0.19259468914998656,0.37000059891369924,0.9689645217140535,0.8958792791677919,0.7421294529390199,-0.7803291366232998,0.8320561220739853,0.9967266517932953,False
Height_m,Campesterol,Group_8C vs Group_15C (Reference),-0.5471696024064303,0.9579824319474376,-20.902507830863918,19.808168626051057,0.15625185796646712,-0.01952900495718546,7.108658683743638,0.3464675957934462,-10.876859499131239,0.48395643079860373,6.561489081337207,0.35748533874178,0.9967266517932953,False
Muscle_Mass_kg,1-Monopalmitin,Group_8C vs Group_22C Contrast,-0.0036695000790486765,0.9581814976040853,-0.14083205906324697,0.13349305890514962,0.17001828013513576,-0.0028945781700442375,0.11917393075868457,0.5922779536758065,-0.03432712370767624,0.2711603098318447,-0.037996623786724915,0.5441459284388748,0.9967266517932953,False
BSA_m2,Stearic_Acid,Group_22C vs Group_15C (Reference),-0.19801317975338528,0.9584124828536447,-7.640575358203986,7.244548998697216,0.1785648804750689,0.007432563907375012,2.7986471529960526,0.003158256496222554,2.600633973242667,0.4794025764416565,2.16951562327815,0.5451694758194969,0.9967266517932953,False
Max_Watts_W,L-Proline,Group_8C vs Group_22C Contrast,-0.003807673663963826,0.9584792635938226,-0.14715666837957875,0.13954132105165112,0.15448884060292756,-0.02165931760479589,-0.024439874642948015,0.27347925832599984,0.0009769597538592453,0.9882135814188096,-0.0028307139101045806,0.9277835943224286,0.9967266517932953,False
BSA_m2,"1,3-Dioxolane-2-methanol",Group_8C vs Group_22C Contrast,1.846886422060198,0.958684106280449,-68.02861669662005,71.72238954074044,0.12992553247644234,-0.05133998159096542,24.142128369164865,0.1278262928154912,-6.235920822432849,0.6061275428378179,-4.389034400372651,0.895875888816382,0.9967266517932953,False
BMI_kg·m2,Alanine,Group_22C vs Group_15C (Reference),-0.03763230225527921,0.9587727884902079,-1.4644601962337875,1.3891955917232293,0.057907816858693395,-0.13836138796241215,0.23871046249003347,0.2577161566986006,0.20107816023475428,0.7728964728071392,0.04897667930853597,0.8348991913567838,0.9967266517932953,False
BSA_m2,"1,5-Anhydrohexitol",Group_8C vs Group_22C Contrast,2.1985623246188593,0.9590792805102725,-81.78632261804316,86.18344726728088,0.08557008586786086,-0.1049361462430014,1.6819732214783476,0.8742860135225072,2.2323337148858178,0.6341767489180241,4.430896039504677,0.917144331094504,0.9967266517932953,False
Max_Watts_W,"11-Eicosenoic_acid,_E-",Group_8C vs Group_15C (Reference),0.0009895678827351385,0.9592529629601226,-0.03697240750118429,0.038951543266654565,0.33935346636580144,0.20171877185867682,0.00079693824760334,0.9545676073982475,-0.059322591400009984,0.07135978406144972,0.0017865061303384785,0.8939142917297633,0.9967266517932953,False
BMI_kg·m2,D---Ribofuranose,Group_22C vs Group_15C (Reference),-0.049874905954550186,0.9600069424954554,-1.9992870132359726,1.899537201326872,0.10675909575172882,-0.07933275929999417,0.14330823941774706,0.8143788231420155,0.09343333346319688,0.9052919365089402,0.3854445646064648,0.501998455381242,0.9967266517932953,False
Max_Watts_W,1-Monopalmitin,Group_22C vs Group_15C (Reference),0.0018179086242770524,0.9602941032110398,-0.06975123540677804,0.07338705265533214,0.14879761832248384,-0.02853621119366534,0.0036190894911074774,0.8278904784151813,0.00543699811538453,0.8671418065155845,-0.01219573256767481,0.18767446370626018,0.9967266517932953,False
VO2max_ml_per_kg_per_min,"1,3-Dioxolane-2-methanol",Group_8C vs Group_15C (Reference),-0.019088911184354535,0.9603608458999896,-0.771865604746718,0.7336877823780089,0.11983007914679533,-0.06353865436428885,-0.22681167985609188,0.0763344503406111,0.2644824598210469,0.27877734339312443,-0.24590059104044643,0.4971130846962195,0.9967266517932953,False
VO2max_ml_per_kg_per_min,4-Aminobutanoic_acid,Group_22C vs Group_15C (Reference),-0.011071278338686943,0.9604741776943362,-0.44892320216569426,0.4267806454883204,0.08814830479203961,-0.10182079837628533,0.03905655099106468,0.6715276188184733,0.027985272652377734,0.8906349325162657,0.1642190506728609,0.5407988221278095,0.9967266517932953,False
Max_Watts_W,"R*,R*-2,3-Dihydroxybutanoic_acid",Group_22C vs Group_15C (Reference),0.0032520005387746014,0.9606658589611221,-0.1259868437999758,0.13249084487752502,0.18673145939950409,0.017300513441067533,0.01625687545968301,0.4351388932349072,0.019508875998457614,0.7551701610745467,-0.017789858603491845,0.5867543349980626,0.9967266517932953,False
Skinfold_Thickness_mm,Oleic_Acid,Group_22C vs Group_15C (Reference),0.0016630095066317247,0.9606961910777342,-0.06447825465219083,0.06780427366545429,0.08723918379277118,-0.10291931958373479,-0.0026069677808471053,0.7100967994764912,-0.0009439582742153806,0.977186271725996,0.004364715914120248,0.8555468443159084,0.9967266517932953,False
Muscle_Mass_kg,Cysteine,Group_8C vs Group_22C Contrast,0.0046766338972022425,0.960697495714026,-0.1813321873930498,0.19068545518745428,0.0833425636598274,-0.10762773557770844,-0.0920550468236438,0.3387254429003286,0.007102603971109095,0.9115171821638928,0.011779237868311337,0.866653820257012,0.9967266517932953,False
Skinfold_Thickness_mm,"2-Ethyl-3-hydroxypropionic_acid,_di-",Group_22C vs Group_15C (Reference),-0.002511140979930323,0.9607875309645459,-0.10261714422116727,0.09759486226130662,0.24749208842433612,0.09071960684607283,0.010316026886771947,0.6196160472219765,0.007804885906841624,0.8671460743001673,-0.04730657838890656,0.3489780829904052,0.9967266517932953,False
VO2max_ml_per_kg_per_min,1H-Indole-3-Acetic_Acid,Group_8C vs Group_22C Contrast,-0.00704207513562205,0.9612419746479626,-0.2910720934910238,0.2769879432197797,0.24797144420692585,0.09129882841670212,-0.039867783674132753,0.32342524408869344,-0.12350359120423579,0.004210423404063635,-0.13054566633985784,0.3453401517711734,0.9967266517932953,False
Skinfold_Thickness_mm,L-5-Oxoproline,Group_8C vs Group_22C Contrast,0.006593857978090201,0.9618405576848726,-0.2635331703838111,0.2767208863399915,0.2772153328797734,0.12663519389639288,-0.029386841265467818,0.5520470156930106,0.029279749184078448,0.7645649320386259,0.03587360716216865,0.711908365362349,0.9967266517932953,False
Height_m,L-Norvaline,Group_22C vs Group_15C (Reference),5.549634901240445,0.9621221563261476,-223.48654618036724,234.58581598284812,0.055512940802462385,-0.1412551965303579,-0.023485892432926033,0.999667842804214,5.526149008807519,0.9569355347219974,2.584547556377841,0.8712386161666186,0.9967266517932953,False
BSA_m2,"1,5-Anhydrohexitol",Group_22C vs Group_15C (Reference),0.55036049340747,0.9622233540643578,-22.22418168695022,23.324902673765163,0.08557008586786086,-0.1049361462430014,1.6819732214783476,0.8742860135225072,2.2323337148858178,0.6341767489180241,4.430896039504677,0.917144331094504,0.9967266517932953,False
Weight_kg,Butanoic_acid,Group_22C vs Group_15C (Reference),-0.005112629910538236,0.9622431373168931,-0.21678999745799102,0.20656473763691455,0.20750381451186994,0.042400442535176275,0.07707605527006926,0.05055854632331055,0.07196342535953103,0.4741741507403585,-0.14252827719921007,0.22564421939220747,0.9967266517932953,False
Skinfold_Thickness_mm,Lysine,Group_8C vs Group_22C Contrast,-0.009061957405563086,0.9623025238156873,-0.38485107676637215,0.36672716195524596,0.30392374629722196,0.15890786010914326,0.05119177268942593,0.00918697357676309,0.014765049687754647,0.9370347668685748,0.005703092282191562,0.8938363506792872,0.9967266517932953,False
Max_Watts_W,Linoleic_Acid,Group_8C vs Group_22C Contrast,-0.0027199031184889947,0.9633698512318037,-0.11880012863189156,0.11336032239491357,0.1320864342754755,-0.04872889191713381,-0.00013212255229422826,0.9962410183347448,-0.004380099039997767,0.9333282890128904,-0.007100002158486762,0.7975753657721008,0.9967266517932953,False
Height_m,L-Norvaline,Group_8C vs Group_15C (Reference),2.608033448810767,0.9645172355518573,-112.29741895423794,117.51348585185949,0.055512940802462385,-0.1412551965303579,-0.023485892432926033,0.999667842804214,5.526149008807519,0.9569355347219974,2.584547556377841,0.8712386161666186,0.9967266517932953,False
Weight_kg,"1,3-Dioxolane-2-methanol",Group_8C vs Group_22C Contrast,0.03694475368230837,0.9645325958712008,-1.5915126552059238,1.6654021625705406,0.13591911831514591,-0.04409773203586531,0.2627878755414057,0.07120078203404892,-0.13534156427663813,0.3656001839534029,-0.09839681059432975,0.9041684832060115,0.9967266517932953,False
Body_Density_kg_per_m3,L-Aspartic_acid,Group_8C vs Group_15C (Reference),9.26708309125051,0.9651809547810861,-406.812530867616,425.34669705011703,0.08658426645066963,-0.1037106780387742,-20.764816486607984,0.7617521650900363,-111.28369089146743,0.5757469465926661,-11.497733395357473,0.9543696200354426,0.9967266517932953,False
Weight_kg,Stearic_Acid,Group_8C vs Group_15C (Reference),-0.0026800568509841066,0.9657851453002569,-0.12513724768467027,0.11977713398270207,0.18871000898764112,0.01969126086006645,0.029713845351086125,0.023948367908328327,0.04384306719745867,0.5324168990916758,0.02703378850010202,0.6580457465646639,0.9967266517932953,False
Max_Watts_W,Lactic_Acid,Group_8C vs Group_22C Contrast,-0.0036281435415302585,0.9662731312532159,-0.17180846484194542,0.1645521777588849,0.11395483700244191,-0.07063790528871605,0.004195836237169861,0.8843301616216368,-0.027640904932317224,0.42053313893955035,-0.03126904847384748,0.6909302632677017,0.9967266517932953,False
Age_years,Cholesterol,Group_22C vs Group_15C (Reference),-0.006808062228714099,0.9663426866085159,-0.3230382767751654,0.3094221523177372,0.19835239159281226,0.03134247317464822,0.0978645883475286,0.35813396962579414,0.09105652611881451,0.4524887062662031,-0.05367066182417195,0.45542682095821907,0.9967266517932953,False
Height_m,Cysteine,Group_8C vs Group_22C Contrast,2.1688314631725767,0.9664193526004106,-98.80401510779315,103.14167803413831,0.07809895241512443,-0.11396376583172452,-0.9297227318606266,0.9645019922204238,3.451199799550509,0.9453975996626391,5.620031262723086,0.5996780873235299,0.9967266517932953,False
Weight_kg,Leucine,Group_8C vs Group_22C Contrast,0.009628348216890403,0.9664993006119289,-0.43970265417424154,0.45895935060802234,0.24694528028496743,0.09005888034433573,0.021806106646833752,0.777468878798468,0.16159295170461854,0.33771755848238394,0.17122129992150895,0.27049662580835365,0.9967266517932953,False
Muscle_Mass_kg,Glycerol-3-P,Group_8C vs Group_22C Contrast,0.004667928055777398,0.9668169377223577,-0.21525908310297046,0.22459493921452525,0.10401580292503299,-0.08264757146558499,-0.0768817843079892,0.5852774833687415,0.03195804085521882,0.6952568228404701,0.03662596891099622,0.6344868724667025,0.9967266517932953,False
BMI_kg·m2,Glycolic_acid,Group_8C vs Group_22C Contrast,-0.05035936675003411,0.9668562621809051,-2.42583156935446,2.3251128358543918,0.10721766882888162,-0.07877865016510133,-0.04234043828703801,0.9561284263946976,-0.3729413599015081,0.6602732816527217,-0.42330072665154217,0.6247513276137415,0.9967266517932953,False
Height_m,Dodecanoic_acid,Group_8C vs Group_15C (Reference),1.3252825460366542,0.9670941072779121,-61.63980122495134,64.29036631702465,0.01464082985032178,-0.19064233059752778,-0.9534730733168568,0.9627575312563996,-6.842176767375657,0.8735195126798934,0.37180947271979736,0.9880387627054221,0.9967266517932953,False
VO2max_ml_per_kg_per_min,Oleic_Acid,Group_22C vs Group_15C (Reference),-0.0060267001145863355,0.9672018678325935,-0.2933006597474674,0.2812472595182947,0.08404032001780593,-0.10678461331181777,-0.002055221242739124,0.9574085750474217,-0.00808192135732546,0.9544298619098139,0.013121645199160393,0.9229691704455947,0.9967266517932953,False
Max_Watts_W,"9-Hexadecenoic_acid,_Z-",Group_8C vs Group_22C Contrast,0.0019924184518867565,0.9673934013149923,-0.09353988580391336,0.09752472270768688,0.27198569425436403,0.12031604722402323,-0.0005755835523031462,0.9509831718783562,-0.02144118484154455,0.6361819485561666,-0.019448766389657795,0.27786572909912755,0.9967266517932953,False
VO2max_ml_per_kg_per_min,"2,3-Butanediol",Group_22C vs Group_15C (Reference),-0.013404111483201288,0.9675815713149191,-0.6598239535808341,0.6330157306144315,0.15651691049734373,-0.019208733149042923,0.22725420791343523,0.38270201842731055,0.21385009643023395,0.2909174982152749,-0.26003938514384406,0.41617688861416857,0.9967266517932953,False
BSA_m2,"11-Eicosenoic_acid,_E-",Group_8C vs Group_15C (Reference),-0.24622199880829834,0.9676318311947205,-12.13884634975912,11.646402352142523,0.1663056765088703,-0.00738064088511492,3.738375636283558,0.030661746762367773,-3.393257445184312,0.33717168686248544,3.4921536374752593,0.5482172823074718,0.9967266517932953,False
Height_m,Tryptophan,Group_22C vs Group_15C (Reference),-0.2800327871851782,0.9678099465869997,-13.880614159066996,13.32054858469664,0.007282035219170813,-0.1995342074435018,0.5713509314632101,0.8955269986566341,0.29131814427803193,0.957021646674449,-0.8295471921290594,0.9621902380643961,0.9967266517932953,False
Body_Density_kg_per_m3,Lactic_Acid,Group_22C vs Group_15C (Reference),9.196458455914343,0.9685224642065255,-447.57119007499716,465.96410698682587,0.07208387112038239,-0.12123198906287125,-0.831538171009029,0.994217175425767,8.364920284905313,0.9671072386794004,-103.56455529480272,0.7702482462520188,0.9967266517932953,False
Height_m,"2-Ethyl-3-hydroxypropionic_acid,_di-",Group_8C vs Group_22C Contrast,-0.8144218263866385,0.9686947575908554,-41.48843210667749,39.85958845390421,0.2882338983635073,0.1399492938559047,-31.76247983859519,0.08573049618327122,-12.283934272558415,0.2084442288619961,-13.098356098945054,0.47439650672316414,0.9967266517932953,False
Max_Watts_W,Glycerol-3-P,Group_22C vs Group_15C (Reference),0.0020697462950760113,0.9688432852187325,-0.10178902766457476,0.1059285202547268,0.17214843727397866,-0.0003206382939424657,-0.021179485118146952,0.06391920909675629,-0.01910973882307094,0.7118859295160263,-0.008105966047437017,0.7100785153953273,0.9967266517932953,False
Height_m,"D-Arabinose,_tetrakis",Group_8C vs Group_22C Contrast,1.7363629585039604,0.9690365663560374,-85.93918327102321,89.41190918803113,0.14149483448995015,-0.03736040832464349,47.13302196897146,0.2809490685936896,-39.14565823112632,0.23858886688766012,-37.40929527262236,0.2118194654454375,0.9967266517932953,False
Skinfold_Thickness_mm,1H-Indole-3-Acetic_Acid,Group_8C vs Group_22C Contrast,0.0018893212703938109,0.9691503232498221,-0.09386162600707237,0.09764026854786001,0.16507664663420663,-0.008865718650333587,0.008088905289505155,0.3909349940428446,0.02149975553234497,0.4332574076291349,0.02338907680273878,0.5628308779531568,0.9967266517932953,False
Muscle_Mass_kg,Indole-3-Latic_Acid,Group_22C vs Group_15C (Reference),0.002638782538594201,0.9696165384331124,-0.1331454998465117,0.1384230649237001,0.22348557346895592,0.0617117346083218,0.008248321232693904,0.9006544636565397,0.010887103771288105,0.6011724254055786,-0.00028119692166877347,0.9925575747187276,0.9967266517932953,False
Weight_kg,beta-Alanine,Group_8C vs Group_22C Contrast,-0.022530257164081913,0.9698693301215998,-1.1916264160912535,1.1465659017630896,0.07268335642174806,-0.12050761099038776,0.12593247543379069,0.04214814604890938,0.00956191690552366,0.9489395113535044,-0.012968340258558253,0.9820837896672707,0.9967266517932953,False
Max_Watts_W,Phenylalanine,Group_8C vs Group_15C (Reference),0.00015956924905155252,0.969990643670279,-0.008153822434311623,0.008472960932414727,0.170393097267865,-0.0024416741346631188,-0.00027209082974602813,0.9199338692917278,0.015823884209233873,0.2887242108092041,-0.00011252158069447561,0.9725126191966087,0.9967266517932953,False
BMI_kg·m2,L-5-Oxoproline,Group_8C vs Group_22C Contrast,-0.06323618707735301,0.9701368640976631,-3.373975327414321,3.247502953259615,0.24088047729299422,0.08273057672903472,0.011028168205168198,0.9915381223627842,0.30103323346209393,0.7553193546468877,0.2377970463847409,0.863743811468821,0.9967266517932953,False
Muscle_Mass_kg,L-Alanine,Group_8C vs Group_22C Contrast,-0.009442791504740262,0.9703531997645107,-0.5074306298280953,0.4885450468186147,0.08102150509939743,-0.11043234800489476,-0.05811361542453409,0.8767977579855204,-0.10432091522208123,0.5548078421800167,-0.1137637067268215,0.5333221149101222,0.9967266517932953,False
BMI_kg·m2,Campesterol,Group_22C vs Group_15C (Reference),-0.010259557980438386,0.9704208203658561,-0.5525490182916195,0.5320299023307427,0.16441976317446716,-0.009659452830852011,-0.17895682327195103,0.061385219975612214,-0.18921638125238943,0.46611092207404425,-0.13797356843117747,0.47905309167486765,0.9967266517932953,False
Muscle_Mass_kg,Glutamine_[-H2O],Group_8C vs Group_22C Contrast,-0.00462885559321273,0.9712608066848074,-0.25645525210706843,0.24719754092064294,0.11326421823547206,-0.0714724029654712,-0.03657582736475887,0.7465988802826777,0.03318883565694547,0.7805554686614444,0.02855998006373274,0.5528820174688593,0.9967266517932953,False
BMI_kg·m2,Nonanoic_acid,Group_22C vs Group_15C (Reference),0.02227873389950903,0.971639187330495,-1.2059196039082012,1.2504770717072191,0.2909115376893303,0.1431847747079409,0.43376462533709104,0.1610248771807914,0.45604335923660005,0.40262663546383015,0.1130979263043645,0.8592820699141892,0.9967266517932953,False
Age_years,Dodecanoic_acid,Group_8C vs Group_15C (Reference),-0.006208729360359322,0.9717407288977198,-0.3497185027267945,0.33730104400607586,0.07856347884488557,-0.11340246306242996,0.0021758263445588516,0.9839816924360436,-0.16142254451370072,0.32564290329651935,-0.00403290301580047,0.9766422145306173,0.9967266517932953,False
Muscle_Mass_kg,Methyl_galactoside,Group_8C vs Group_22C Contrast,-0.00584437154563075,0.9723433054258831,-0.33624942583293294,0.3245606827416715,0.06328310847523344,-0.13186624392575963,-0.19795516246764722,0.3425067807831098,-0.03068080017450986,0.752032191557688,-0.03652517172014061,0.7909601920896578,0.9967266517932953,False
Body_Fat__Percent,L-Aspartic_acid,Group_8C vs Group_15C (Reference),-0.016181143172978973,0.9733554602248481,-0.9657104817127182,0.9333481953667604,0.08598914594589457,-0.10442978198204389,0.04488411702111869,0.7708345583792913,0.25442741015750037,0.5749419816757928,0.028702973848139718,0.9501707631325622,0.9967266517932953,False
Muscle_Mass_kg,Tyrosine,Group_8C vs Group_15C (Reference),-0.003436262845231664,0.973689649904895,-0.20764258016401638,0.20077005447355306,0.05931592560721932,-0.13665992322460996,0.023960154888188194,0.7956172078209134,0.03162068752763412,0.5819225083907102,0.02052389204295653,0.6685978664602916,0.9967266517932953,False
BSA_m2,3-OH-Butanoic_Acid,Group_8C vs Group_15C (Reference),-0.3186155921246,0.9741005171682806,-19.553421014787745,18.916189830538542,0.0928583799868129,-0.09612945751593438,0.2563908342521621,0.9782105223398,-6.597211751187867,0.23910998952439133,-0.06222475787243792,0.9826528425361951,0.9967266517932953,False
VO2max_ml_per_kg_per_min,Ornithine,Group_8C vs Group_15C (Reference),-0.0022602341162391154,0.9741747877531234,-0.13910299501603102,0.1345825267835528,0.09154311254622371,-0.0977187390066463,-0.005900087305934549,0.8683372193700455,-0.010023408282975666,0.9439301716038204,-0.008160321422173664,0.8919350994020772,0.9967266517932953,False
VO2max_ml_per_kg_per_min,"11-Eicosenoic_acid,_E-",Group_8C vs Group_22C Contrast,-0.004330194950498176,0.9744342655359967,-0.2691625082439839,0.26050211834298753,0.09693961052358824,-0.0911979706173307,-0.011626496341654495,0.8440529302391959,0.04088095382694529,0.7250249909723132,0.03655075887644711,0.5958659840800071,0.9967266517932953,False
BSA_m2,Tyrosine,Group_8C vs Group_15C (Reference),-0.2465395519636648,0.974507941478427,-15.368076740949164,14.874997637021835,0.15001304559698214,-0.02706756990364645,3.5133048367282975,0.43246739438772797,4.749435717331384,0.5150504745117455,3.2667652847646327,0.6031838764886981,0.9967266517932953,False
Weight_kg,L-Proline,Group_8C vs Group_22C Contrast,0.0052221823041790905,0.9749665801793732,-0.32095735236028533,0.3314017169686435,0.35941456605552435,0.22595926731709193,0.06648388538583547,0.44869004951410063,0.20175861354001776,0.07521077130205533,0.20698079584419685,0.08925545950556169,0.9967266517932953,False
Height_m,L-Aspartic_acid,Group_8C vs Group_22C Contrast,1.2838201142761534,0.9752137282130645,-79.70391087304152,82.27155110159383,0.1357447518724919,-0.04430842482073882,-41.13806191071675,0.17451154409366998,1.933503151108276,0.9309034058305086,3.2173232653844295,0.9263112066173897,0.9967266517932953,False
Height_m,"Ethanolamine,_3TMS",Group_22C vs Group_15C (Reference),1.5087887682906764,0.9757393199359369,-95.73160019036528,98.74917772694663,0.12269023227612363,-0.060082635999683776,-11.635939137943256,0.8000688561128085,-10.127150369652579,0.5885761429164591,11.524886699999831,0.6211256605336453,0.9967266517932953,False
Weight_kg,Alanine,Group_8C vs Group_22C Contrast,0.00426699804302752,0.9758336141590916,-0.271816503126422,0.280350499212477,0.09482706631083448,-0.0937506282077416,0.11484800770997268,0.23343382518249822,0.014968786460346259,0.9012241991110808,0.01923578450337378,0.7915282618489037,0.9967266517932953,False
Age_years,Leucine,Group_22C vs Group_15C (Reference),0.008862934770177187,0.9761761751399425,-0.5728244835799481,0.5905503531203025,0.03086407965168414,-0.1710392370875482,0.018805430014080384,0.8174822421389982,0.02766836478425757,0.9227637912132463,-0.02491040977667112,0.8077283853883019,0.9967266517932953,False
Max_Watts_W,"2-Ethyl-3-hydroxypropionic_acid,_di-",Group_8C vs Group_15C (Reference),0.0010739196839068437,0.9764561330185969,-0.07024735898445485,0.07239519835226853,0.1823564695023684,0.01201406731536192,-0.009963072732968968,0.6394931165550619,0.016631889310777553,0.8212146403968632,-0.008889153049062124,0.7633624927855085,0.9967266517932953,False
Height_m,2-Aminoadipic_acid,Group_22C vs Group_15C (Reference),2.868132825733891,0.9767606305601141,-190.10713567947903,195.8434013309468,0.03481562062407262,-0.16626445841257875,2.311940124475697,0.933492540030179,5.180072950209588,0.9562764070211311,-1.66215153638423,0.9477715561584013,0.9967266517932953,False
Max_Watts_W,"D-Arabinose,_tetrakis",Group_8C vs Group_15C (Reference),-0.001533193446145798,0.9770069564655569,-0.10579578650763932,0.10272939961534772,0.06804514385300342,-0.12611211784428744,-0.023191232062440767,0.6041476972230095,0.06490984529694241,0.5807977438530678,-0.024724425508586566,0.39045701341957395,0.9967266517932953,False
Weight_kg,Glycerol,Group_8C vs Group_15C (Reference),-0.026064937407059733,0.9770626799362936,-1.8028804290688738,1.7507505542547541,0.0882977255532621,-0.10164024828980822,0.16691878516005862,0.39630626896513943,0.14672448074778688,0.4887808916787866,0.1408538477529989,0.8735367507633283,0.9967266517932953,False
Weight_kg,Glutamic_Acid,Group_8C vs Group_15C (Reference),-0.0023567744058499455,0.9772873279425596,-0.164604743690046,0.1598911948783461,0.08042044105496993,-0.1111586337252446,-0.009430335458632859,0.5345158652106632,0.044211536724701204,0.3138689588073955,-0.011787109864482805,0.8848325326549542,0.9967266517932953,False
Height_m,L-Norvaline,Group_8C vs Group_22C Contrast,-2.941601452429678,0.9773418746000551,-205.94233349725155,200.05913059239222,0.055512940802462385,-0.1412551965303579,-0.023485892432926033,0.999667842804214,5.526149008807519,0.9569355347219974,2.584547556377841,0.8712386161666186,0.9967266517932953,False
VO2max_ml_per_kg_per_min,Ornithine,Group_22C vs Group_15C (Reference),-0.004123320977041118,0.9776063801262087,-0.2920314753302931,0.2837848333762109,0.09154311254622371,-0.0977187390066463,-0.005900087305934549,0.8683372193700455,-0.010023408282975666,0.9439301716038204,-0.008160321422173664,0.8919350994020772,0.9967266517932953,False
BMI_kg·m2,Lysine,Group_8C vs Group_22C Contrast,0.05146732839004864,0.978042107195365,-3.613602613767704,3.7165372705478013,0.23955506584371877,0.08112903789449355,0.5670366599683972,0.23568629375621242,0.07429387461034631,0.9674916368143316,0.12576120300039495,0.7626832984854774,0.9967266517932953,False
Age_years,Glycine,Group_22C vs Group_15C (Reference),-0.008673254280965277,0.9783538265597692,-0.6351945151755224,0.6178480066135917,0.18448915514347053,0.01459106246502695,0.15920029593971866,0.19035334814344917,0.15052704165875339,0.610642370670317,-0.14410715294866885,0.07372165945062337,0.9967266517932953,False
BMI_kg·m2,Glyceric_acid,Group_8C vs Group_22C Contrast,0.05881096725859347,0.9784271824365266,-4.203986121483381,4.321608056000568,0.05454563499707987,-0.1424240243785284,0.47041167380099463,0.4792256715473626,-0.3692043026666166,0.7845156855220126,-0.3103933354080231,0.8555454111061986,0.9967266517932953,False
VO2max_ml_per_kg_per_min,"2-Ethyl-3-hydroxypropionic_acid,_di-",Group_8C vs Group_22C Contrast,-0.010463954608865164,0.9787597824601433,-0.7808026527452385,0.7598747435275082,0.17621954993899958,0.004598622842957867,-0.06121459391834912,0.5049947574743534,0.06811345974530945,0.8283127345649941,0.05764950513644429,0.8072359211615407,0.9967266517932953,False
VO2max_ml_per_kg_per_min,Glyceric_acid,Group_22C vs Group_15C (Reference),0.013124457353882735,0.9789138566328719,-0.9601196683170683,0.9863685830248337,0.08765487367336477,-0.10241702764468408,0.07141430480015173,0.7637679115975784,0.08453876215403447,0.8462625270508755,0.4142156149717888,0.24761765251882784,0.9967266517932953,False
Body_Density_kg_per_m3,2-Keto-3-methylvaleric_acid,Group_8C vs Group_15C (Reference),-3.639275498397147,0.9791077463323028,-276.0148498709367,268.73629887414245,0.025183933892940047,-0.17790274654603078,17.30287568846258,0.8624019766288701,-48.357594434450434,0.7594415343434155,13.663600190065434,0.8876037472862084,0.9967266517932953,False
Skinfold_Thickness_mm,Glycerol-3-P,Group_22C vs Group_15C (Reference),-0.001405417580633653,0.9799825790734794,-0.11118961888460675,0.10837878372333944,0.1508582734072298,-0.02604625296626395,0.0192645487105528,0.21723791851043384,0.017859131129919145,0.7398937424443717,0.023526476803665392,0.4071562708423322,0.997250994563761,False
Body_Fat__Percent,2-Keto-3-methylvaleric_acid,Group_8C vs Group_15C (Reference),0.007895460921974136,0.9805238372107099,-0.626002142868282,0.6417930647122303,0.026113178113121194,-0.17677990977997848,-0.04170717121487366,0.8563917977368035,0.11296936814451256,0.756617678085836,-0.033811710292899526,0.8815461782192475,0.9973952570270649,False
Weight_kg,"Ethanolamine,_3TMS",Group_22C vs Group_15C (Reference),-0.005378691456317081,0.9808704549191268,-0.44504028474832746,0.4342829018356933,0.19036830406338956,0.021695034076595787,0.14915359343280155,0.3427458127991818,0.14377490197648446,0.36891658624472057,-0.08224906392730408,0.8055532099205303,0.9973952570270649,False
BSA_m2,Threonine,Group_8C vs Group_15C (Reference),-0.2421157882663914,0.9812037755818203,-20.384017210673203,19.899785634140418,0.18862859962359702,0.019592891211846486,-7.719964444231021,0.3722162852682894,8.690202484421729,0.3200428096078578,-7.962080232497413,0.1511293159686704,0.9973952570270649,False
Skinfold_Thickness_mm,Serine,Group_22C vs Group_15C (Reference),-0.0020191875454137267,0.9823741236961117,-0.18115349373634315,0.1771151186455157,0.06607615598236893,-0.12849131152130422,-0.002171888364913783,0.8110100223975929,-0.00419107591032751,0.9632433125321811,-0.027939917697444295,0.3550018863619542,0.9982188676266942,False
Height_m,"R*,R*-2,3-Dihydroxybutanoic_acid",Group_8C vs Group_15C (Reference),-0.7321279019573621,0.9842726717209037,-73.52553264887193,72.06127684495722,0.14639136781742423,-0.0314437638872791,-3.8121350287468947,0.8813830332543784,16.708020761863413,0.2236667794713605,-4.544262930704257,0.8661337368404232,0.9985100720238848,False
Max_Watts_W,Citric_acid,Group_8C vs Group_22C Contrast,0.0016804119808961557,0.9846192080294061,-0.1691661736349296,0.17252699759672194,0.16587552163386987,-0.007900411359073933,0.026329166426944182,0.0565611092275736,0.009230618535371642,0.9129911986494788,0.010911030516267798,0.611510383175601,0.9985100720238848,False
BMI_kg·m2,2-Keto-3-methylvaleric_acid,Group_8C vs Group_22C Contrast,-0.02091426060133572,0.9847347766506755,-2.16335583753248,2.121527316329808,0.05822856407578825,-0.1379738184084225,-0.011629041885938217,0.9821726742565249,0.3191132812327833,0.629493302309639,0.2981990206314476,0.7318497389056895,0.9985100720238848,False
BSA_m2,Aminomalonic_acid,Group_8C vs Group_22C Contrast,-0.340018878561521,0.9850122292980068,-35.81617688563035,35.1361391285073,0.3068309499582662,0.16242073119957168,7.7351112451419395,0.37380338369733346,5.724402159582461,0.689806692290986,5.3843832810209395,0.6257789557311257,0.9985100720238848,False
Weight_kg,Glycerol-3-P,Group_22C vs Group_15C (Reference),0.0033099645413302847,0.9851420466641504,-0.34504932939879485,0.35166925848145547,0.09840317106235452,-0.08942950163298824,0.014675149061827502,0.9128135318257609,0.017985113603157785,0.8775525867547469,0.05786644844431677,0.6428506721642762,0.9985100720238848,False
Height_m,Linoleic_Acid,Group_8C vs Group_22C Contrast,-0.7242685996796574,0.9851590668336025,-77.03920310264888,75.59066590328956,0.14239259179286445,-0.0362756182502888,-0.1517652606090491,0.9975902539758029,-10.180076757639366,0.4649183103491563,-10.904345357319023,0.7642465972972596,0.9985100720238848,False
BMI_kg·m2,"2,3-Butanediol",Group_8C vs Group_22C Contrast,-0.03568509674930587,0.985952472702234,-4.008155667017219,3.936785473518607,0.04138122024559521,-0.1583310255365724,-0.38395396514009067,0.6302858148991968,-0.07869657009601166,0.9404946492865502,-0.11438166684531753,0.947315699664478,0.9985100720238848,False
VO2max_ml_per_kg_per_min,Diethanolamine,Group_8C vs Group_22C Contrast,0.012063530836743108,0.9860453538994093,-1.339789883022187,1.3639169446956734,0.2169346922297135,0.05379608644423717,0.0792548648656026,0.7836047451547394,-0.16933434766871358,0.7850266226658209,-0.15727081683197047,0.6008029857192694,0.9985100720238848,False
Weight_kg,2-OH-Butanoic_Acid,Group_8C vs Group_15C (Reference),-0.0017584887445731266,0.9868775863607812,-0.21131175871773883,0.20779478122859257,0.015199558007866876,-0.18996720074049422,-0.00650029546801517,0.9379631048774596,0.01753171484777529,0.6268306845064999,-0.008258784212588296,0.9015341223305753,0.9985100720238848,False
Height_m,L-Alanine,Group_8C vs Group_22C Contrast,1.2333549688835603,0.9872901340185898,-150.5153108337368,152.98202077150393,0.06994152345806959,-0.12382065915483254,-15.419301611006164,0.816858161012847,15.818422714319743,0.8222643861730767,17.051777683203305,0.5961772991223513,0.9985100720238848,False
Max_Watts_W,Threonine,Group_8C vs Group_15C (Reference),-0.00034856003873528834,0.988119196916152,-0.046226499086200315,0.045529379008729734,0.09234373091778458,-0.09675132514101015,-0.010028100690791882,0.656027649154642,0.01655870256308531,0.6724929454272275,-0.01037666072952717,0.10513516137600365,0.9985100720238848,False
Skinfold_Thickness_mm,"Ethanolamine,_2TMS",Group_8C vs Group_15C (Reference),-0.0009715847356841601,0.9897467044516346,-0.1491528866055176,0.1472097171341493,0.04941747863804957,-0.14862054664569002,-0.015887437633895253,0.7277664593310156,-0.054534899696349476,0.3891786215609947,-0.016859022369579413,0.7797013708379728,0.9985100720238848,False
VO2max_ml_per_kg_per_min,2-Aminoheptanedioic_acid,Group_8C vs Group_15C (Reference),0.004346241141264636,0.9898475154181199,-0.6651033993639384,0.6737958816464675,0.03558418455998558,-0.16533577699001745,0.007062973339764042,0.9342546492274134,-0.15300642620320934,0.5505488156967857,0.011409214481028678,0.9724747192266299,0.9985100720238848,False
Muscle_Mass_kg,Palmitelaidic_acid,Group_8C vs Group_22C Contrast,0.004500184216693903,0.9898996252110236,-0.6922503912586822,0.7012507596920701,0.11874384844811714,-0.06485118312519167,-0.24549247117955572,0.1461689112432068,-0.07295566276171392,0.8176716209199015,-0.06845547854502002,0.672507635769247,0.9985100720238848,False
Height_m,Butanoic_acid,Group_22C vs Group_15C (Reference),-0.7052046636957948,0.989982784110464,-110.79444757011511,109.38403824272352,0.0753808063988326,-0.11724819226807726,-9.152595044243204,0.6512390133128947,-9.857799707939,0.850757702765822,2.0601138638754026,0.9189123603607716,0.9985100720238848,False
Max_Watts_W,Cholesterol,Group_22C vs Group_15C (Reference),0.00035968535272850845,0.9900416807888396,-0.05612277239371796,0.056842143099174985,0.11471227538185491,-0.06972266724692533,0.010483550611885316,0.41344529905518623,0.010843235964613824,0.674402650339802,0.0009897346717430543,0.8486192857461334,0.9985100720238848,False
VO2max_ml_per_kg_per_min,Ornithine,Group_8C vs Group_22C Contrast,0.0018630868608020025,0.990388534484585,-0.3012670530261811,0.3049932267477851,0.09154311254622371,-0.0977187390066463,-0.005900087305934549,0.8683372193700455,-0.010023408282975666,0.9439301716038204,-0.008160321422173664,0.8919350994020772,0.9985100720238848,False
Height_m,L-Proline,Group_22C vs Group_15C (Reference),0.7060521659560255,0.9910223970553216,-122.2798650140603,123.69196934597235,0.20307426109282145,0.03704806548715933,-1.1868201407315162,0.9254474307865352,-0.4807679747754907,0.9937580297565738,29.39717874712726,0.010726949858570256,0.9985100720238848,False
Muscle_Mass_kg,"9-Hexadecenoic_acid,_Z-",Group_8C vs Group_22C Contrast,-0.0008338571345361256,0.9910680532604892,-0.14682704303794175,0.1451593287688695,0.11769443292276294,-0.06611922688499461,0.07118267523434386,0.15831952253507775,-0.012943510568499517,0.7736309457794266,-0.013777367703035642,0.8164495821316009,0.9985100720238848,False
Body_Fat__Percent,2-Aminoheptanedioic_acid,Group_8C vs Group_15C (Reference),0.004122865696864292,0.9912960001429537,-0.7366069925828969,0.7448527239766254,0.02429354151978036,-0.1789786373302653,-0.04504982141383395,0.6774084252931205,0.039981115295209,0.9310012870754225,-0.04092695571696966,0.9100052163128363,0.9985100720238848,False
BSA_m2,Tryptophan,Group_8C vs Group_22C Contrast,-0.09864174044843033,0.9928575543085524,-21.6961730378708,21.498889556973943,0.05032644473076653,-0.1475222126169904,-1.895450289700875,0.32040137908984256,5.472264778071022,0.3233026194199826,5.3736230376225915,0.5726441824516986,0.9985100720238848,False
BMI_kg·m2,L-+-Erythrulose,Group_8C vs Group_15C (Reference),0.016545071231919325,0.9929652653968185,-3.6613848451737883,3.694474987637627,0.2774886575441987,0.12696546119924013,-0.6302604611218017,0.21856987062956024,1.0488471000901793,3.326492639454948e-05,-0.6137153898898824,0.7338863131650584,0.9985100720238848,False
BSA_m2,Serine,Group_22C vs Group_15C (Reference),-0.10955661178230969,0.9930459845616193,-24.746430257065047,24.527317033500427,0.08185629295712238,-0.10942364601014365,0.047171449933702495,0.9887879976566509,-0.06238516184860719,0.9958908948371885,-7.117137110004865,0.11166941592512547,0.9985100720238848,False
BSA_m2,DL-Ornithine,Group_8C vs Group_22C Contrast,0.0527655087740353,0.9930583301473511,-11.834359484465036,11.939890502013107,0.07641658453909317,-0.11599662701526237,-4.423340897493978,0.3755586299051904,-1.5681006366930856,0.6868515932811519,-1.5153351279190503,0.7446841484751514,0.9985100720238848,False
Weight_kg,"D-Arabinose,_tetrakis",Group_8C vs Group_15C (Reference),-0.0019492103041258587,0.9931957462185352,-0.44993174598292995,0.4460333253746782,0.034305947206225595,-0.16688031379247725,0.08831623417634085,0.5958387675897643,-0.11182062630281239,0.44460004894927785,0.086367023872215,0.581230806470691,0.9985100720238848,False
Body_Density_kg_per_m3,2-Aminoheptanedioic_acid,Group_8C vs Group_15C (Reference),-1.2471514430847606,0.9939335351966525,-322.73715943776466,320.24285655159514,0.024405501804053875,-0.17884335198676826,19.754231812799635,0.6785766611621571,-18.03209997748635,0.9281049909633572,18.507080369714874,0.9061329017206918,0.9985100720238848,False
Body_Density_kg_per_m3,Cholesterol,Group_8C vs Group_15C (Reference),0.4704152073652977,0.9939949526016222,-122.03321702257438,122.97404743730496,0.149241142111874,-0.028000286614818792,30.622389523785337,0.49182108542127534,-95.65480010247467,0.34607797110726235,31.092804731150636,0.4782059376731822,0.9985100720238848,False
Height_m,Lysine,Group_22C vs Group_15C (Reference),-0.6135875636521178,0.9948080444118096,-185.42580052509763,184.1986253977934,0.20590159706004407,0.0404644297808866,-14.376509635988585,0.8142095537907932,-14.990097199640703,0.8345195729413986,11.635420419409376,0.10574607973238148,0.9985100720238848,False
Weight_kg,Glycerol,Group_8C vs Group_22C Contrast,-0.005870632994788003,0.9948525091388627,-1.7894090445923467,1.7776677786027708,0.0882977255532621,-0.10164024828980822,0.16691878516005862,0.39630626896513943,0.14672448074778688,0.4887808916787866,0.1408538477529989,0.8735367507633283,0.9985100720238848,False
Muscle_Mass_kg,Alanine,Group_8C vs Group_22C Contrast,-0.0008268464336183556,0.9949608879015645,-0.25743123736397405,0.25577754449673734,0.06302441091644684,-0.13217883680929332,0.042772127874241186,0.8133989015975482,-0.056703363436249474,0.5768088339186379,-0.05753020986986783,0.48589604580456935,0.9985100720238848,False
BMI_kg·m2,Indole-3-Propionic_Acid,Group_8C vs Group_15C (Reference),-0.0009916985523456552,0.9951833417774271,-0.32296463089672717,0.32098123379203586,0.2209887157387196,0.05869469818428619,0.008549666754628454,0.9547258487044692,0.31819095289419186,0.13020030535215987,0.007557968202282799,0.9083245391228068,0.9985100720238848,False
Muscle_Mass_kg,Valine,Group_8C vs Group_22C Contrast,0.0002716596572358877,0.9952314189799587,-0.08881845747318243,0.0893617767876542,0.13773499802883826,-0.04190354404848695,-0.008756218288348007,0.9069824038215808,0.007808068150879624,0.8353369413269529,0.008079727808115512,0.7522372162561477,0.9985100720238848,False
Age_years,Arachidonic_acid1,Group_8C vs Group_15C (Reference),0.0006491555292478215,0.9954113644137754,-0.2205843750976149,0.22188268615611054,0.07069525957853362,-0.12290989467593838,-0.011283924798639898,0.8210894878826362,-0.0994765806249985,0.43064997968282537,-0.010634769269392077,0.9163473416748011,0.9985100720238848,False
Weight_kg,D---Ribofuranose,Group_22C vs Group_15C (Reference),-0.0013647216248749011,0.9954207152442736,-0.467414377068055,0.4646849338183052,0.11837036656525768,-0.06530247373364695,-0.005457230826367589,0.9730127970521442,-0.0068219524512424905,0.9688505766461692,0.14407366626498588,0.7240177495401678,0.9985100720238848,False
Age_years,Oxalic_acid,Group_8C vs Group_15C (Reference),0.001486873182080776,0.9957318871561041,-0.5432968413414202,0.5462705877055817,0.38165495526039095,0.25283307093963914,-0.043754473494855325,0.7029249273207625,0.2054921453275359,0.19959254526110448,-0.04226760031277455,0.8674086613884999,0.9985100720238848,False
Weight_kg,Arachidonic_acid,Group_22C vs Group_15C (Reference),0.00020409902172181804,0.9961098922869563,-0.08184347196798257,0.0822516700114262,0.34539041557915384,0.20901341882481095,0.04906884488418649,0.0007126105626208875,0.049272943905908306,0.2095947568314105,0.014284608889474665,0.36308961112567384,0.9985100720238848,False
Age_years,Decanoic_acid,Group_22C vs Group_15C (Reference),-0.00023293812133988977,0.9966503572932093,-0.10898286166808036,0.10851698542540059,0.018857767112358204,-0.18554686473923376,-0.017563163253492626,0.6308231561482178,-0.017796101374832514,0.6699175875829222,0.004094032706090815,0.9774521641754594,0.9985100720238848,False
Weight_kg,Diethanolamine,Group_8C vs Group_22C Contrast,-0.0010309117555553637,0.9970521643628291,-0.5479377730654952,0.5458759495543845,0.2501768868338351,0.09396373825755078,-0.007365416693102974,0.9636191976108228,0.17089591596310247,0.5219615412791596,0.1698650042075471,0.03696497386242781,0.9985100720238848,False
Weight_kg,Lactic_Acid1,Group_8C vs Group_22C Contrast,-0.0017299109194389706,0.9974773297557081,-1.0741345023192186,1.0706746804803404,0.1651520574177303,-0.008774597286909103,0.3164508219000693,0.17700068564610372,-0.06062584061459131,0.7651587909825273,-0.06235575153403028,0.902328193233205,0.9985100720238848,False
Body_Fat__Percent,Cholesterol,Group_8C vs Group_15C (Reference),0.0004277303762323614,0.9976192348650081,-0.28053004008675486,0.28138550083921954,0.14916836456705918,-0.028088226148136775,-0.07167801158783849,0.477577902990177,0.2188003605123866,0.34744309182028443,-0.07125028121160612,0.48397585316489344,0.9985100720238848,False
Skinfold_Thickness_mm,Diethanolamine,Group_8C vs Group_15C (Reference),0.0003912157685176249,0.9976208345869918,-0.25675445826196736,0.25753688979900263,0.23450053344839372,0.07502147791680913,-0.003916212702578625,0.9578580462941789,0.08830241578007282,0.5371830856521755,-0.0035249969340610003,0.9740255140360192,0.9985100720238848,False
BSA_m2,L-Rhamnose,Group_8C vs Group_22C Contrast,-0.0569486431175239,0.9977896462864938,-40.34879606250194,40.234898776266895,0.21523057334776496,0.05173694279521601,-11.043256747366005,0.30731838672170575,3.229638835854322,0.8659121644251686,3.1726901927367983,0.6736513142510587,0.9985100720238848,False
Weight_kg,Oleic_Acid,Group_8C vs Group_15C (Reference),0.0002442542429984087,0.9985965760354364,-0.2719263121528784,0.2724148206388752,0.08801617618317226,-0.10198045377866682,0.013685322498473932,0.730217388666117,-0.002521382937972695,0.9716251093684711,0.013929576741472341,0.9166329223420011,0.9989569501155646,False
Skinfold_Thickness_mm,Linoleic_Acid,Group_8C vs Group_22C Contrast,6.660418421702147e-05,0.9994643535542339,-0.1943885173457059,0.19452172571413995,0.180080004132534,0.009263338326812032,-0.01723787412016238,0.5146271621924543,-0.039877797379583906,0.5313876479793465,-0.039811193195366884,0.6006329882481387,0.9994643535542339,False
