Physical_Metric,Molecular_Target,Interaction_Contrast,Interaction_Beta,Interaction_P_Value,Interaction_CI_Lower,Interaction_CI_Upper,Model_R2,Model_R2_Adj,Simple_Slope_15C,Simple_Slope_15C_P,Simple_Slope_22C,Simple_Slope_22C_P,Simple_Slope_8C,Simple_Slope_8C_P,FDR_Adjusted_P,Significant_After_FDR
Muscle_Temp2_°C_,IL-20,Group_8C vs Group_15C (Reference),21.691088583429373,9.210833629366496e-05,10.81937394309909,32.56280322375966,0.3684255166474395,0.23684749928232274,-14.571372650664589,0.0012863114815274176,-14.527807432919499,0.09475384630497397,7.119715932764784,0.02636086638800217,0.04808055154529311,True
Core_Temp_°C_,gp130_per_sIL-6Rb,Group_8C vs Group_15C (Reference),-21678.641087352236,0.00040155039521611643,-33684.4626332911,-9672.81954141337,0.37803007431057345,0.24845300645860968,3865.84364180521,0.26637399380390747,-8383.070724312873,0.08993559350325331,-17812.797445547025,0.00041132907112229056,0.09380490199372382,False
Mean_Body_Temp_°C_,MMP-1,Group_8C vs Group_15C (Reference),-1359.5273472268484,0.000539108632147838,-2129.531622732788,-589.5230717209089,0.3942051023307429,0.2679978319829811,842.3342982499979,0.0007238231280414187,-490.54959944450854,0.5159969904799049,-517.1930489768505,0.08860512169118318,0.09380490199372382,False
Muscle_Temp1_°C_,IL-10,Group_22C vs Group_15C (Reference),-2.451280711774391,0.003706960033819139,-4.10679155476505,-0.7957698687837318,0.3961439537683783,0.27034061080345717,-0.018352558452506388,0.9809982705916368,-2.4696332702268977,9.470202400052585e-13,-0.6362717877450891,0.5072453447381815,0.45454272384682093,False
Mean_Skin_Temp_°C_,MMP-1,Group_8C vs Group_15C (Reference),-480.50314953597,0.004451560867389493,-811.6159886502837,-149.39031042165624,0.3051534045592371,0.16039369717574492,365.98711406356733,0.026951724544663675,-222.75957634790757,0.6541082182686913,-114.51603547240268,0.0008143357873364732,0.45454272384682093,False
Core_Temp_°C_,BAFF_per_TNFSF13B,Group_8C vs Group_15C (Reference),-1450.7070967524273,0.005224629009733574,-2468.7839859814026,-432.6302075234522,0.16797962925436516,-0.005357947984308664,1053.7504021888615,0.004985027245931489,-123.38365533582146,0.8368657608169057,-396.95669456356586,0.2690439550092505,0.45454272384682093,False
Core_Temp_°C_,Osteopontin,Group_22C vs Group_15C (Reference),-14158.156051470898,0.008125079280258294,-24642.207686042966,-3674.1044168988283,0.23436632326053375,0.07485930727314505,3973.7878930116262,0.3082817788591823,-10184.368158459272,0.005400488081243271,-6838.335704464431,0.26295673055443425,0.6058987691849756,False
Muscle_Temp2_°C_,IL-10,Group_22C vs Group_15C (Reference),-2.6169057401403832,0.00992089023397507,-4.606005138347792,-0.6278063419329754,0.3442171063905982,0.2075956702219729,0.21711293913079846,0.7832848624222286,-2.3997928010095846,0.00016825810521270412,-0.7439087637502219,0.4118789891734993,0.6473380877668734,False
Core_Temp_°C_,sTNF-R1,Group_22C vs Group_15C (Reference),-322.6569104239821,0.012025338158381239,-574.4670348172648,-70.84678603069938,0.2999511860208375,0.15410768310851197,186.708418083856,4.508931208254485e-09,-135.94849234012608,0.27473512331945615,-253.88513079397856,0.2225211893490191,0.6974696131861119,False
Muscle_Temp3_°C_,IL-20,Group_8C vs Group_15C (Reference),20.670449544354565,0.016503707713202375,3.772864981382721,37.56803410732641,0.25618660631317214,0.10122548262841635,-13.016413077707815,0.09947601489809664,-8.093002998065431,0.706226967430859,7.654036466646749,0.026496376968894397,0.8249172017778246,False
Mean_Body_Temp_°C_,IFN-y,Group_8C vs Group_15C (Reference),-5.502138723096878,0.017383312681141898,-10.036089120389736,-0.9681883258040189,0.13807260415620215,-0.04149560331125568,4.364320064043866,0.01082029004774269,-4.197307091667442,0.6961249385561372,-1.1378186590530115,0.46438433047031147,0.8249172017778246,False
Muscle_Temp2_°C_,IL-20,Group_8C vs Group_22C Contrast,21.647523365684282,0.019493663662150235,3.4840003022982096,39.81104642907036,0.3684255166474395,0.23684749928232274,-14.571372650664589,0.0012863114815274176,-14.527807432919499,0.09475384630497397,7.119715932764784,0.02636086638800217,0.8479743693035352,False
Muscle_Temp1_°C_,TSLP,Group_22C vs Group_15C (Reference),-8.750961780440315,0.026919957975821144,-16.502465475342877,-0.9994580855377544,0.18452336369674271,0.014632397800230845,-0.1406314162795695,0.963155507271565,-8.891593196719885,0.00042819969194485274,1.6888252919740663,0.7717981499327264,0.9983944120778494,False
Core_Temp_°C_,sTNF-R1,Group_8C vs Group_15C (Reference),-440.59354887783456,0.03638541030985272,-853.2619771012683,-27.925120654400928,0.2999511860208375,0.15410768310851197,186.708418083856,4.508931208254485e-09,-135.94849234012608,0.27473512331945615,-253.88513079397856,0.2225211893490191,0.9983944120778494,False
Core_Temp_°C_,gp130_per_sIL-6Rb,Group_22C vs Group_15C (Reference),-12248.914366118082,0.04272135492113174,-24096.104865599442,-401.72386663672296,0.37803007431057345,0.24845300645860968,3865.84364180521,0.26637399380390747,-8383.070724312873,0.08993559350325331,-17812.797445547025,0.00041132907112229056,0.9983944120778494,False
Muscle_Temp1_°C_,IL-20,Group_8C vs Group_22C Contrast,18.058228139758295,0.057160049044859565,-0.5498403719679921,36.666296651484586,0.26628445247584887,0.11342704674165072,-3.3816980362106692,0.7252758706526734,-11.702030324396596,0.20272182593743104,6.356197815361701,0.007996022913858036,0.9983944120778494,False
Core_Temp_°C_,Chitinase_3-like1,Group_8C vs Group_15C (Reference),-2376.697144969715,0.05971736063789306,-4850.701914948324,97.30762500889387,0.3075492803901444,0.16328871380475785,1640.1475160574516,0.14760648663677814,-760.6603833865845,0.20318198150534683,-736.5496289122632,0.186149655639547,0.9983944120778494,False
Core_Temp_°C_,Chitinase_3-like1,Group_22C vs Group_15C (Reference),-2400.807899444036,0.060851064911807674,-4910.973818302929,109.35801941485715,0.3075492803901444,0.16328871380475785,1640.1475160574516,0.14760648663677814,-760.6603833865845,0.20318198150534683,-736.5496289122632,0.186149655639547,0.9983944120778494,False
Core_Temp_°C_,IFN-y,Group_8C vs Group_15C (Reference),-11.942140250439099,0.06085722417920888,-24.428549022963416,0.5442685220852184,0.1391125094801008,-0.04023905104487824,5.50299084092578,0.00259919853600422,-2.666884680716321,0.9034242193632172,-6.439149409513319,0.29139308227857397,0.9983944120778494,False
Core_Temp_°C_,sIL-6Ra,Group_8C vs Group_15C (Reference),-2609.094745974656,0.06769869468321173,-5408.061208868492,189.87171691918093,0.2047077402925066,0.039021852853445504,1296.253750085243,0.1368003630199051,-656.8399511178993,0.5566357454787925,-1312.8409958894129,0.24594410463742622,0.9983944120778494,False
Muscle_Temp2_°C_,TSLP,Group_22C vs Group_15C (Reference),-11.67047724193636,0.06805004589696612,-24.206250229689083,0.8652957458163613,0.17959023604948665,0.008671535226463134,2.367105681820314,0.6547704979016242,-9.303371560116046,0.009543133250537572,0.502221308031332,0.9289727505969827,0.9983944120778494,False
Muscle_Temp1_°C_,IL-10,Group_8C vs Group_22C Contrast,1.8333614824818083,0.07226084326062485,-0.1657740072689402,3.8324969722325566,0.3961439537683783,0.27034061080345717,-0.018352558452506388,0.9809982705916368,-2.4696332702268977,9.470202400052585e-13,-0.6362717877450891,0.5072453447381815,0.9983944120778494,False
Core_Temp_°C_,Osteocalcin,Group_8C vs Group_15C (Reference),-1761.914617519318,0.08383340955733355,-3759.3469612517083,235.5177262130726,0.125448994537269,-0.056749131600799974,668.9032379714316,0.40616375614312183,-378.81776785261866,0.7207527258946818,-1093.0113795478865,0.0801383627986949,0.9983944120778494,False
Core_Temp_°C_,TWEAK_per_TNFSF12,Group_8C vs Group_15C (Reference),-153.1662300606174,0.08870731588117078,-329.52056549839006,23.18810537715521,0.14866475425481518,-0.028696755275431585,50.972374338543624,0.29886747205473374,-39.44091278191815,0.5995911981249422,-102.19385572207378,0.17543796318916005,0.9983944120778494,False
Mean_Body_Temp_°C_,MMP-1,Group_22C vs Group_15C (Reference),-1332.8838976945065,0.09374179148831381,-2891.614848604059,225.8470532150459,0.3942051023307429,0.2679978319829811,842.3342982499979,0.0007238231280414187,-490.54959944450854,0.5159969904799049,-517.1930489768505,0.08860512169118318,0.9983944120778494,False
Muscle_Temp1_°C_,TSLP,Group_8C vs Group_22C Contrast,10.580418488693951,0.09550272928109435,-1.8592274490784426,23.020064426466345,0.18452336369674271,0.014632397800230845,-0.1406314162795695,0.963155507271565,-8.891593196719885,0.00042819969194485274,1.6888252919740663,0.7717981499327264,0.9983944120778494,False
Core_Temp_°C_,BAFF_per_TNFSF13B,Group_22C vs Group_15C (Reference),-1177.134057524683,0.09593572564485535,-2562.8997568251843,208.6316417758187,0.16797962925436516,-0.005357947984308664,1053.7504021888615,0.004985027245931489,-123.38365533582146,0.8368657608169057,-396.95669456356586,0.2690439550092505,0.9983944120778494,False
Muscle_Temp3_°C_,IFN-a2,Group_8C vs Group_15C (Reference),9.197813335887744,0.09890829678445068,-1.7267517708992415,20.12237844267473,0.27318311629496594,0.12176293218975054,-8.13041371829691,0.03465102371604307,-0.7659672346782065,0.921896961853941,1.0673996175908336,0.791197419778032,0.9983944120778494,False
Core_Temp_°C_,MMP-1,Group_8C vs Group_15C (Reference),-978.3433035123793,0.1033594583103649,-2155.6151581765903,198.92855115183158,0.2310523635439522,0.0708549392822756,871.2157337088403,0.0010311652656237794,-407.98123369479424,0.6593276213034835,-107.12756980353902,0.8424031691799798,0.9983944120778494,False
Mean_Body_Temp_°C_,Chitinase_3-like1,Group_22C vs Group_15C (Reference),-1481.1838699030761,0.10500736407894909,-3272.042129745981,309.67438993982887,0.1925644482108082,0.02434870825472668,858.3846492268168,0.2624190587669557,-622.7992206762593,0.21127654459718404,51.705046051814975,0.929413240554277,0.9983944120778494,False
Core_Temp_°C_,sTNF-R2,Group_22C vs Group_15C (Reference),-1137.7637004508824,0.1055176535963154,-2515.4205639130187,239.89316301125405,0.17953432126482627,0.00860397152833181,630.4454487464885,0.2716132749135606,-507.3182517043939,0.21196832658852482,-244.62874033842945,0.44984041832948307,0.9983944120778494,False
Mean_Skin_Temp_°C_,IFN-y,Group_8C vs Group_15C (Reference),-2.6565025173610333,0.11475532951460853,-5.957753299997744,0.6447482652756773,0.14227749623125474,-0.036414692053900355,2.8632386439089514,0.04597289966854123,-1.9931868836886655,0.5836229705398619,0.20673612654791818,0.8147476451696662,0.9983944120778494,False
Mean_Skin_Temp_°C_,IL-12p40,Group_8C vs Group_22C Contrast,10.028075054567195,0.11540245390684092,-2.456318786807971,22.512468895942362,0.23791953112336217,0.07915276677406269,2.8895676250423055,0.5440650150121745,-9.321518596653503,0.12817160028861663,0.7065564579136914,0.6848090022412894,0.9983944120778494,False
Mean_Skin_Temp_°C_,IL-12p40,Group_22C vs Group_15C (Reference),-12.211086221695808,0.11561076450308133,-27.421632035430026,2.9994595920384093,0.23791953112336217,0.07915276677406269,2.8895676250423055,0.5440650150121745,-9.321518596653503,0.12817160028861663,0.7065564579136914,0.6848090022412894,0.9983944120778494,False
Mean_Body_Temp_°C_,IL-11,Group_22C vs Group_15C (Reference),-0.9761838010833848,0.11618509572012124,-2.194069174727931,0.24170157256116154,0.22704850146093725,0.06601693926529928,0.9417588095762801,0.001971877497528839,-0.03442499150710465,0.9493332293858983,-0.18453786713116394,0.8081079576585632,0.9983944120778494,False
Mean_Body_Temp_°C_,TWEAK_per_TNFSF12,Group_8C vs Group_22C Contrast,73.18470667058679,0.12529409043480477,-20.389298641715357,166.75871198288894,0.08861824709879762,-0.10125295142228619,18.736859464709713,0.7077606080298846,-47.05471141589756,0.216185177186198,26.129995254689234,0.3648967116003794,0.9983944120778494,False
Core_Temp_°C_,IL-10,Group_8C vs Group_15C (Reference),-4.10655463169651,0.1339478527660249,-9.476958442278946,1.263849178885926,0.124037148063875,-0.058455112756151006,2.9198711390871304,0.023915544243182357,0.0044547378035191265,0.9991273943498085,-1.1866834926093799,0.6232828485891817,0.9983944120778494,False
Muscle_Temp2_°C_,IL-10,Group_8C vs Group_22C Contrast,1.655884037259363,0.13520849801881282,-0.5166768594939657,3.828444934012692,0.3442171063905982,0.2075956702219729,0.21711293913079846,0.7832848624222286,-2.3997928010095846,0.00016825810521270412,-0.7439087637502219,0.4118789891734993,0.9983944120778494,False
Core_Temp_°C_,Osteopontin,Group_8C vs Group_15C (Reference),-10812.123597476057,0.13575301378545437,-25017.412712776837,3393.165517824724,0.23436632326053375,0.07485930727314505,3973.7878930116262,0.3082817788591823,-10184.368158459272,0.005400488081243271,-6838.335704464431,0.26295673055443425,0.9983944120778494,False
Mean_Skin_Temp_°C_,TWEAK_per_TNFSF12,Group_8C vs Group_22C Contrast,33.3357164246283,0.13583632555123298,-10.471869991143357,77.14330284039997,0.10910139428691068,-0.07650248190331621,6.226032304492439,0.8192192565770955,-19.7213780773096,0.2953784271349418,13.614338347318707,0.2571516069548978,0.9983944120778494,False
Muscle_Temp2_°C_,TSLP,Group_8C vs Group_22C Contrast,9.805592868147379,0.1421550975874005,-3.2880134069104034,22.89919914320516,0.17959023604948665,0.008671535226463134,2.367105681820314,0.6547704979016242,-9.303371560116046,0.009543133250537572,0.502221308031332,0.9289727505969827,0.9983944120778494,False
Core_Temp_°C_,APRIL_per_TNFSF13,Group_8C vs Group_15C (Reference),-17138.501675597072,0.14367583134949835,-40110.70711655252,5833.703765358376,0.2293326875829409,0.0687769974960536,12635.214096870292,0.21259164044717593,6017.4827178213,0.6049041081079647,-4503.28757872678,0.4440628677080043,0.9983944120778494,False
Core_Temp_°C_,sCD30_per_TNFRSF8,Group_22C vs Group_15C (Reference),-54.16819608398376,0.14392087884939614,-126.81889660764408,18.48250443967656,0.18804226606799257,0.018884404832157697,37.381672223091144,0.06839705925474278,-16.786523860892615,0.5866448124908761,-31.780872893947574,0.4620378502384046,0.9983944120778494,False
Core_Temp_°C_,sCD30_per_TNFRSF8,Group_8C vs Group_15C (Reference),-69.16254511703872,0.14819040219901636,-162.91116855107953,24.58607831700209,0.18804226606799257,0.018884404832157697,37.381672223091144,0.06839705925474278,-16.786523860892615,0.5866448124908761,-31.780872893947574,0.4620378502384046,0.9983944120778494,False
Mean_Body_Temp_°C_,BAFF_per_TNFSF13B,Group_8C vs Group_15C (Reference),-700.6471494613927,0.16262629876539114,-1684.1393228457086,282.84502392292313,0.09905692979598257,-0.08863954316318767,400.6442506026182,0.3551151132823963,-0.15626177289777843,0.9997565879068637,-300.00289885877453,0.2359573824004535,0.9983944120778494,False
Core_Temp_°C_,Pentraxin-3,Group_8C vs Group_15C (Reference),-142.93377675880566,0.16287418421770639,-343.68698096788046,57.81942745026913,0.2656052489171806,0.11260634244159329,71.45876811855823,0.4249041745390887,-94.82854214164652,0.3188196932552534,-71.47500864024744,0.15050537985029822,0.9983944120778494,False
Core_Temp_°C_,sIL-6Ra,Group_22C vs Group_15C (Reference),-1953.0937012031422,0.16806905803808925,-4730.151468754124,823.9640663478394,0.2047077402925066,0.039021852853445504,1296.253750085243,0.1368003630199051,-656.8399511178993,0.5566357454787925,-1312.8409958894129,0.24594410463742622,0.9983944120778494,False
Muscle_Temp2_°C_,IL-11,Group_8C vs Group_22C Contrast,0.6381916729798924,0.16877160784714207,-0.2707536713620785,1.5471370173218633,0.28889940828107497,0.1407534516729656,-0.21473362079675562,0.6058850221046058,-0.5286522669578363,0.034426289805602917,0.10953940602205614,0.7791543427158227,0.9983944120778494,False
Mean_Body_Temp_°C_,IL-11,Group_8C vs Group_15C (Reference),-1.126296676707444,0.16881274718147432,-2.7305516738386224,0.4779583204237343,0.22704850146093725,0.06601693926529928,0.9417588095762801,0.001971877497528839,-0.03442499150710465,0.9493332293858983,-0.18453786713116394,0.8081079576585632,0.9983944120778494,False
Core_Temp_°C_,IL-12p40,Group_8C vs Group_15C (Reference),-31.337863355120728,0.169218385572396,-76.01685284032509,13.341126130083634,0.23657826950972516,0.07753207565758458,14.221964125956129,0.1443586220954729,14.730609919212533,0.7303797081053576,-17.115899229164597,0.40625146308611204,0.9983944120778494,False
Mean_Skin_Temp_°C_,IL-12p70,Group_22C vs Group_15C (Reference),-0.9777304986540231,0.17125372392788762,-2.3783558105196136,0.4228948132115674,0.22789743751727598,0.06704273700004182,0.7023308190333568,0.24991451819551602,-0.27539967962066625,0.45857483653185893,-0.01010853744222584,0.9295004871903036,0.9983944120778494,False
Mean_Skin_Temp_°C_,IL-11,Group_22C vs Group_15C (Reference),-0.5153103531856539,0.1717856350289544,-1.254423494906992,0.22380278853568425,0.2113255886840515,0.047018419659895616,0.3906841899399235,0.1575337335665381,-0.12462616324573039,0.6270918586597092,-0.032623271568839096,0.8583809878420794,0.9983944120778494,False
Core_Temp_°C_,MMP-2,Group_8C vs Group_15C (Reference),-9119.657144793056,0.17212260419530734,-22210.32742650408,3971.0131369179708,0.12393813592663594,-0.05857475242198151,4690.909981906464,0.3736924392685923,-2089.9718169979587,0.5248095707164762,-4428.747162886592,0.2799615479687412,0.9983944120778494,False
Muscle_Temp2_°C_,IL-28A_per_IFN-lambda2,Group_8C vs Group_15C (Reference),5.207808884678103,0.18135562242076864,-2.4288614597245077,12.844479229080715,0.28097821428150216,0.13118200892348186,-4.823576216067018,0.03312233091205846,-5.280659051550261,0.10340893673280327,0.3842326686110855,0.90355893426897,0.9983944120778494,False
Core_Temp_°C_,gp130_per_sIL-6Rb,Group_8C vs Group_22C Contrast,-9429.726721234154,0.18174966838527007,-23270.105804450184,4410.652361981878,0.37803007431057345,0.24845300645860968,3865.84364180521,0.26637399380390747,-8383.070724312873,0.08993559350325331,-17812.797445547025,0.00041132907112229056,0.9983944120778494,False
Core_Temp_°C_,sTNF-R2,Group_8C vs Group_15C (Reference),-875.074189084918,0.18390353092060452,-2165.767367512966,415.61898934313,0.17953432126482627,0.00860397152833181,630.4454487464885,0.2716132749135606,-507.3182517043939,0.21196832658852482,-244.62874033842945,0.44984041832948307,0.9983944120778494,False
Core_Temp_°C_,MMP-1,Group_22C vs Group_15C (Reference),-1279.1969674036345,0.18396384960726042,-3166.211732134092,607.817797326823,0.2310523635439522,0.0708549392822756,871.2157337088403,0.0010311652656237794,-407.98123369479424,0.6593276213034835,-107.12756980353902,0.8424031691799798,0.9983944120778494,False
Muscle_Temp2_°C_,MMP-1,Group_8C vs Group_22C Contrast,465.5183973615527,0.1912477589897537,-232.63623158211993,1163.6730263052252,0.24537039655782011,0.08815589584069938,61.22785145510488,0.6817213247505971,-320.49971973866,0.22434122062548445,145.01867762289265,0.5446452758974876,0.9983944120778494,False
Core_Temp_°C_,IL-12p70,Group_8C vs Group_15C (Reference),-1.0970609428021845,0.19142754963033448,-2.742998729953494,0.5488768443491254,0.1505178414066588,-0.026457608300287205,0.5225967961293523,0.4647687591781474,-0.9184686816448833,0.6679489858929686,-0.5744641466728322,0.19233266687718853,0.9983944120778494,False
Muscle_Temp3_°C_,IL-11,Group_8C vs Group_15C (Reference),0.6490951344666462,0.19702844901808236,-0.3370599071382484,1.635250176071541,0.2749194049007079,0.12386094758835542,-0.33048746679299046,0.2161967960972595,-0.48087290231624163,0.2875235752076888,0.3186076676736558,0.4548530205892063,0.9983944120778494,False
Muscle_Temp3_°C_,IL-11,Group_8C vs Group_22C Contrast,0.7994805699898975,0.1982587575538578,-0.4185120292115214,2.0174731691913164,0.2749194049007079,0.12386094758835542,-0.33048746679299046,0.2161967960972595,-0.48087290231624163,0.2875235752076888,0.3186076676736558,0.4548530205892063,0.9983944120778494,False
Mean_Skin_Temp_°C_,IL-11,Group_8C vs Group_15C (Reference),-0.4233074615087626,0.20149365160801302,-1.0728513476397217,0.22623642462219656,0.2113255886840515,0.047018419659895616,0.3906841899399235,0.1575337335665381,-0.12462616324573039,0.6270918586597092,-0.032623271568839096,0.8583809878420794,0.9983944120778494,False
Core_Temp_°C_,Pentraxin-3,Group_22C vs Group_15C (Reference),-166.28731026020475,0.2030890960619196,-422.3504727420568,89.77585222164728,0.2656052489171806,0.11260634244159329,71.45876811855823,0.4249041745390887,-94.82854214164652,0.3188196932552534,-71.47500864024744,0.15050537985029822,0.9983944120778494,False
Muscle_Temp2_°C_,MMP-1,Group_22C vs Group_15C (Reference),-381.7275711937649,0.2078684915348734,-975.7752624863938,212.32012009886398,0.24537039655782011,0.08815589584069938,61.22785145510488,0.6817213247505971,-320.49971973866,0.22434122062548445,145.01867762289265,0.5446452758974876,0.9983944120778494,False
Muscle_Temp2_°C_,IL-28A_per_IFN-lambda2,Group_8C vs Group_22C Contrast,5.6648917201613465,0.21165349081904528,-3.224544827364543,14.554328267687236,0.28097821428150216,0.13118200892348186,-4.823576216067018,0.03312233091205846,-5.280659051550261,0.10340893673280327,0.3842326686110855,0.90355893426897,0.9983944120778494,False
Mean_Body_Temp_°C_,APRIL_per_TNFSF13,Group_8C vs Group_15C (Reference),-9544.695367077516,0.21308428489252873,-24569.047931947644,5479.6571977926105,0.18173787544326014,0.011266599493939378,8244.029245226597,0.21009612626325702,4640.693241052326,0.47270467850277065,-1300.6661218509198,0.7410700368945424,0.9983944120778494,False
Mean_Skin_Temp_°C_,IFN-y,Group_22C vs Group_15C (Reference),-4.856425527597617,0.21413907798738607,-12.51857878160278,2.8057277264075466,0.14227749623125474,-0.036414692053900355,2.8632386439089514,0.04597289966854123,-1.9931868836886655,0.5836229705398619,0.20673612654791818,0.8147476451696662,0.9983944120778494,False
Mean_Body_Temp_°C_,MMP-2,Group_22C vs Group_15C (Reference),-5059.893688895378,0.21482599439448957,-13055.038194945464,2935.2508171547097,0.07830727279299943,-0.11371204537512569,2682.349004946881,0.4503073677704327,-2377.5446839484966,0.23538309850184902,242.2686112131546,0.954017837096627,0.9983944120778494,False
Muscle_Temp3_°C_,IL-28A_per_IFN-lambda2,Group_8C vs Group_15C (Reference),5.640227465240661,0.22070915028574056,-3.386589426335254,14.667044356816577,0.19117933536813358,0.022675030236494753,-3.8320041557546927,0.2501089036815193,-2.7839661222105314,0.6628889669236473,1.8082233094859688,0.5695622167520646,0.9983944120778494,False
Mean_Body_Temp_°C_,IL-12p70,Group_8C vs Group_15C (Reference),-1.297070511109585,0.22121413340475116,-3.375218939138347,0.7810779169191768,0.2186529334561358,0.05587229459283083,1.105326630311668,0.2829757575677745,-0.7765795967900346,0.5357745728760859,-0.19174388079791704,0.44981004141175296,0.9983944120778494,False
Core_Temp_°C_,sCD163,Group_22C vs Group_15C (Reference),-14290.147465313672,0.24287839123590493,-38273.39458473812,9693.099654110774,0.1456841916858329,-0.03229826837961847,5142.360485595277,0.35592037110439734,-9147.786979718396,0.4011228020703892,-7797.791153224217,0.44399184419440463,0.9983944120778494,False
Mean_Skin_Temp_°C_,IL-19,Group_8C vs Group_22C Contrast,14.82834620920059,0.2461006360822923,-10.229195345038788,39.88588776343997,0.19833916910264815,0.031326495999033255,-0.33518921714059097,0.8986404140064553,-2.7993273931949005,0.0923934436508409,12.02901881600569,0.3426327342461293,0.9983944120778494,False
Mean_Body_Temp_°C_,IL-12p70,Group_22C vs Group_15C (Reference),-1.8819062271017026,0.2461162468367487,-5.062074461929434,1.2982620077260294,0.2186529334561358,0.05587229459283083,1.105326630311668,0.2829757575677745,-0.7765795967900346,0.5357745728760859,-0.19174388079791704,0.44981004141175296,0.9983944120778494,False
Mean_Skin_Temp_°C_,IL-12p70,Group_8C vs Group_15C (Reference),-0.7124393564755827,0.2513011934080983,-1.9296308007134604,0.5047520877622951,0.22789743751727598,0.06704273700004182,0.7023308190333568,0.24991451819551602,-0.27539967962066625,0.45857483653185893,-0.01010853744222584,0.9295004871903036,0.9983944120778494,False
Muscle_Temp3_°C_,IL-10,Group_22C vs Group_15C (Reference),-2.2960415749142955,0.2542275518392658,-6.243061011643519,1.650977861814928,0.17929517361432834,0.008315001450646786,0.18368758629784923,0.8303916420987383,-2.112353988616446,0.2463377003542524,-0.504082839640173,0.4653208400788158,0.9983944120778494,False
Mean_Skin_Temp_°C_,MMP-1,Group_22C vs Group_15C (Reference),-588.7466904114749,0.26116762218020206,-1615.7008462456233,438.2074654226735,0.3051534045592371,0.16039369717574492,365.98711406356733,0.026951724544663675,-222.75957634790757,0.6541082182686913,-114.51603547240268,0.0008143357873364732,0.9983944120778494,False
Core_Temp_°C_,sCD163,Group_8C vs Group_15C (Reference),-12940.151638819494,0.2650532766419702,-35696.205941594584,9815.9026639556,0.1456841916858329,-0.03229826837961847,5142.360485595277,0.35592037110439734,-9147.786979718396,0.4011228020703892,-7797.791153224217,0.44399184419440463,0.9983944120778494,False
Mean_Skin_Temp_°C_,MMP-2,Group_22C vs Group_15C (Reference),-1805.669608321328,0.26509659191799373,-4981.338760732217,1369.9995440895611,0.06539820072426261,-0.12931050745818262,796.91922849959,0.5047105064000479,-1008.7503798217381,0.3567596209858168,400.3991802759632,0.6301500458078235,0.9983944120778494,False
Mean_Body_Temp_°C_,IL-10,Group_22C vs Group_15C (Reference),-3.9195848659328196,0.2724998483837072,-10.920476323623536,3.081306591757896,0.14833343503417729,-0.029097099333702303,2.262788458969908,0.31476684018733536,-1.6567964069629117,0.5502587201905396,0.011585297429840491,0.9920487757651821,0.9983944120778494,False
Core_Temp_°C_,MMP-2,Group_22C vs Group_15C (Reference),-6780.881798904423,0.2751296181673635,-18958.992150409063,5397.228552600217,0.12393813592663594,-0.05857475242198151,4690.909981906464,0.3736924392685923,-2089.9718169979587,0.5248095707164762,-4428.747162886592,0.2799615479687412,0.9983944120778494,False
Mean_Skin_Temp_°C_,IL-10,Group_22C vs Group_15C (Reference),-2.5961033593209244,0.2840094903009004,-7.345477195400376,2.153270476758527,0.2057081995071568,0.04023074107114788,1.153080031463609,0.36370436444360976,-1.4430233278573155,0.48447874929403856,0.1097376931584686,0.5821561795699373,0.9983944120778494,False
Mean_Skin_Temp_°C_,MMP-3,Group_22C vs Group_15C (Reference),-786.8129886635328,0.28511611399615666,-2229.5387299037757,655.91275257671,0.08668058486558317,-0.10359429328742031,470.6315494990784,0.21997354238001787,-316.1814391644544,0.6147387910236586,216.07631703300407,0.1913178661808419,0.9983944120778494,False
Muscle_Temp1_°C_,sIL-6Ra,Group_22C vs Group_15C (Reference),-455.2517442278322,0.2853854094765972,-1290.4828542526666,379.9793657970022,0.08874562540523168,-0.10109903596867831,171.2178013900425,0.5023130425893909,-284.0339428377897,0.4052407179033357,-112.02569091522895,0.797128141834208,0.9983944120778494,False
Core_Temp_°C_,MMP-3,Group_8C vs Group_15C (Reference),-3086.0663192058514,0.2948589267118785,-8860.245083769085,2688.1124453573816,0.1504997753113344,-0.026479438165470937,2837.9054685650676,0.25743392885310024,186.59837495346892,0.9507050217368642,-248.1608506407838,0.872723624619085,0.9983944120778494,False
Mean_Body_Temp_°C_,TWEAK_per_TNFSF12,Group_22C vs Group_15C (Reference),-65.79157088060727,0.2949324096062427,-188.90950431557548,57.326362554360955,0.08861824709879762,-0.10125295142228619,18.736859464709713,0.7077606080298846,-47.05471141589756,0.216185177186198,26.129995254689234,0.3648967116003794,0.9983944120778494,False
Muscle_Temp3_°C_,IL-12p70,Group_8C vs Group_15C (Reference),0.4104725984679782,0.3024327190307816,-0.36967449086658893,1.1906196878025452,0.12314762774973897,-0.059529949802398674,-0.2092600118966555,0.5073633500561783,-0.41871639420537127,0.6125155589919757,0.20121258657132268,0.40666709345739616,0.9983944120778494,False
Mean_Body_Temp_°C_,Osteopontin,Group_22C vs Group_15C (Reference),-8127.109949608495,0.3037221111359548,-23614.798073955906,7360.578174738916,0.12311082970076959,-0.05957441411156994,2261.383336578771,0.6603224938830916,-5865.726613029725,0.3280163862439984,2102.060287482025,0.6936663604231768,0.9983944120778494,False
Mean_Body_Temp_°C_,sTNF-R2,Group_22C vs Group_15C (Reference),-624.7455226935242,0.30439103638172627,-1816.959946962324,567.4689015752756,0.09513049893144221,-0.09338398045784069,304.2475568664776,0.46825356430670073,-320.4979658270466,0.4668933027060427,-79.37121132342702,0.8306377515607426,0.9983944120778494,False
Mean_Skin_Temp_°C_,MMP-2,Group_8C vs Group_22C Contrast,1409.1495600977014,0.30531450836008783,-1285.1481550490998,4103.447275244503,0.06539820072426261,-0.12931050745818262,796.91922849959,0.5047105064000479,-1008.7503798217381,0.3567596209858168,400.3991802759632,0.6301500458078235,0.9983944120778494,False
Mean_Body_Temp_°C_,IL-12p40,Group_22C vs Group_15C (Reference),-14.484098627417135,0.30570789305488844,-42.19975880627795,13.231561551443678,0.1682944400098778,-0.004977551654731016,9.300605512876947,0.20156419060065955,-5.1834931145401875,0.6689206744963672,0.49309683546046124,0.9408358166960624,0.9983944120778494,False
Muscle_Temp2_°C_,IL-12p70,Group_8C vs Group_22C Contrast,0.5804482495874905,0.30739513647260236,-0.5341546112417805,1.6950511104167616,0.15839123062241744,-0.016943929664578805,0.10038948281448981,0.7512692850974048,-0.46705957254475716,0.343922659141779,0.11338867704273337,0.6882418194319557,0.9983944120778494,False
Mean_Body_Temp_°C_,IL-19,Group_22C vs Group_15C (Reference),-6.871097898487976,0.3118679466015829,-20.187589048137667,6.445393251161713,0.20684362193213723,0.04160270983466585,1.8901384432920048,0.7572573152749558,-4.980959455195972,0.09248910116378672,39.46698795735726,0.4515084889320744,0.9983944120778494,False
Core_Temp_°C_,TWEAK_per_TNFSF12,Group_22C vs Group_15C (Reference),-90.41328712046177,0.31364056888690206,-266.2812942155994,85.45471997467587,0.14866475425481518,-0.028696755275431585,50.972374338543624,0.29886747205473374,-39.44091278191815,0.5995911981249422,-102.19385572207378,0.17543796318916005,0.9983944120778494,False
Mean_Body_Temp_°C_,MMP-3,Group_22C vs Group_15C (Reference),-1923.6500863853275,0.3159821389192372,-5683.600099257131,1836.2999264864757,0.11245932310498252,-0.07244498458147941,1526.8913951500942,0.3067031832006776,-396.7586912352333,0.7416807077197374,633.4033187806256,0.2471562644533667,0.9983944120778494,False
Mean_Skin_Temp_°C_,TSLP,Group_8C vs Group_15C (Reference),-7.837192350010982,0.3200794558927901,-23.285948173413733,7.611563473391769,0.2092788901860384,0.044545325641463074,2.884610643909635,0.5584185999647364,-3.3716393156648823,0.5744656396472592,-4.952581706101347,0.4206945021690427,0.9983944120778494,False
Mean_Body_Temp_°C_,Osteopontin,Group_8C vs Group_22C Contrast,7967.78690051175,0.32093713789154577,-7766.549125097674,23702.122926121174,0.12311082970076959,-0.05957441411156994,2261.383336578771,0.6603224938830916,-5865.726613029725,0.3280163862439984,2102.060287482025,0.6936663604231768,0.9983944120778494,False
Mean_Body_Temp_°C_,IL-29_per_IFN-lambda1,Group_8C vs Group_15C (Reference),-55.039479667677256,0.32168962953188274,-163.89548428439954,53.81652494904503,0.15219388008126522,-0.024432394901804377,39.21845370765411,0.3909194979469296,16.71912978308485,0.45627305598330703,-15.821025960023142,0.6159953400605498,0.9983944120778494,False
Mean_Body_Temp_°C_,gp130_per_sIL-6Rb,Group_22C vs Group_15C (Reference),-7136.818692726622,0.32515344939907775,-21353.28662982228,7079.649244369034,0.13667902833669887,-0.043179507426488906,1976.6119802482574,0.5570656208055902,-5160.206712478365,0.42189553339250807,263.15438034853923,0.9408896791732158,0.9983944120778494,False
Muscle_Temp1_°C_,IL-20,Group_8C vs Group_15C (Reference),9.73789585157237,0.326128483749748,-9.699023598316094,29.174815301460832,0.26628445247584887,0.11342704674165072,-3.3816980362106692,0.7252758706526734,-11.702030324396596,0.20272182593743104,6.356197815361701,0.007996022913858036,0.9983944120778494,False
Muscle_Temp1_°C_,MMP-3,Group_22C vs Group_15C (Reference),-754.920538826591,0.33054814128049215,-2275.579610692452,765.73853303927,0.1316901295499322,-0.04920776012716521,475.6528838318392,0.4311904755311997,-279.26765499475187,0.5660581372083064,-211.52898037173225,0.5769966103271136,0.9983944120778494,False
Mean_Body_Temp_°C_,TSLP,Group_8C vs Group_15C (Reference),-19.28629874681203,0.3322333744852063,-58.27090133050303,19.69830383687897,0.23839954552534925,0.07973278417646379,0.6974051890065758,0.9406215191518204,3.9325871582378387,0.830594419721538,-18.588893557805452,0.2894874831807024,0.9983944120778494,False
Muscle_Temp2_°C_,IL-12p70,Group_22C vs Group_15C (Reference),-0.567449055359247,0.33318765534775163,-1.7167356249254317,0.581837514206938,0.15839123062241744,-0.016943929664578805,0.10038948281448981,0.7512692850974048,-0.46705957254475716,0.343922659141779,0.11338867704273337,0.6882418194319557,0.9983944120778494,False
Mean_Body_Temp_°C_,sCD163,Group_8C vs Group_22C Contrast,8994.468653683236,0.3336927681457455,-9241.915589199825,27230.8528965663,0.108356115185685,-0.07740302748396388,1486.5566707351065,0.7546233546998589,-7593.240478615575,0.38597361769114613,1401.2281750676614,0.6553523445870018,0.9983944120778494,False
Muscle_Temp1_°C_,MMP-3,Group_8C vs Group_15C (Reference),-687.1818642035714,0.33543176684964426,-2085.446805889632,711.083077482489,0.1316901295499322,-0.04920776012716521,475.6528838318392,0.4311904755311997,-279.26765499475187,0.5660581372083064,-211.52898037173225,0.5769966103271136,0.9983944120778494,False
Mean_Skin_Temp_°C_,IL-19,Group_8C vs Group_15C (Reference),12.364208033146282,0.3395488448427091,-13.009566567250085,37.73798263354265,0.19833916910264815,0.031326495999033255,-0.33518921714059097,0.8986404140064553,-2.7993273931949005,0.0923934436508409,12.02901881600569,0.3426327342461293,0.9983944120778494,False
Muscle_Temp1_°C_,MMP-1,Group_8C vs Group_22C Contrast,322.34331493778404,0.34276284840166915,-343.59884659747615,988.2854764730442,0.20250732445453912,0.036363017049234836,67.00841304178219,0.6131980883814303,-211.02277522082431,0.4311462615535884,111.32053971695973,0.5938885516074601,0.9983944120778494,False
Muscle_Temp1_°C_,IL-12p40,Group_22C vs Group_15C (Reference),-5.327844321191691,0.3449437044165645,-16.384510926042367,5.728822283658985,0.18963414913584975,0.020807930205818503,-0.6519544507312856,0.8324804461889511,-5.979798771922976,0.2056496565540229,0.7877644632049638,0.9402321984646895,0.9983944120778494,False
Muscle_Temp2_°C_,IL-26,Group_8C vs Group_22C Contrast,6.797846468188977,0.3474217882948468,-7.382391691673142,20.978084628051096,0.09318837892288567,-0.09573070880151313,-1.4985677680246225,0.7787096754409994,-7.709858233122377,0.25402137680780057,-0.9120117649333996,0.7236897288529591,0.9983944120778494,False
Muscle_Temp3_°C_,sIL-6Ra,Group_22C vs Group_15C (Reference),-548.4161473365622,0.34748478326297916,-1692.5350746581603,595.702779985036,0.09617394864663442,-0.09212314538531663,-3.413069633116158,0.9927758627048276,-551.8292169696783,0.2156862040404448,-242.40505129592356,0.5138192207169126,0.9983944120778494,False
Mean_Skin_Temp_°C_,IL-20,Group_22C vs Group_15C (Reference),-12.699769291050362,0.3474912472138726,-39.19468796540545,13.795149383304725,0.21181151638515483,0.0476055822987288,4.137031551046802,0.6547701954116173,-8.56273774000356,0.384955363834822,-3.602320481487565,0.12101058854968727,0.9983944120778494,False
Muscle_Temp2_°C_,IFN-a2,Group_8C vs Group_15C (Reference),6.6614874058058735,0.3480376031116559,-7.251812524619538,20.574787336231285,0.24415725109551545,0.08669001174041457,-6.41797684250605,0.25699492860031625,-3.3851479310071113,0.3538348270228955,0.24351056329982335,0.9546485244553604,0.9983944120778494,False
Muscle_Temp1_°C_,IL-19,Group_22C vs Group_15C (Reference),-2.9502152082916515,0.35236910507237273,-9.16773325675431,3.2673028401710082,0.05635106252291078,-0.1402424661181494,-0.30729094042109073,0.9088735279489303,-3.2575061487127424,0.05389237929642254,0.15533347213006893,0.9882607401733168,0.9983944120778494,False
Muscle_Temp1_°C_,MMP-1,Group_22C vs Group_15C (Reference),-278.0311882626065,0.3525036780769554,-864.1399995284893,308.07762300327624,0.20250732445453912,0.036363017049234836,67.00841304178219,0.6131980883814303,-211.02277522082431,0.4311462615535884,111.32053971695973,0.5938885516074601,0.9983944120778494,False
Mean_Body_Temp_°C_,Pentraxin-3,Group_22C vs Group_15C (Reference),-91.77912005628875,0.35754151285713687,-287.29224955048176,103.73400943790429,0.11606029343248625,-0.06809381210241239,45.99067507742686,0.28684084313524627,-45.78844497886189,0.6106155736178007,-7.678762687549558,0.9262306420114168,0.9983944120778494,False
Muscle_Temp1_°C_,IL-28A_per_IFN-lambda2,Group_8C vs Group_22C Contrast,4.8156941018169,0.3601275140474014,-5.498514290029471,15.129902493663272,0.2157726602180453,0.05239196443013816,0.07538636796840188,0.9839370888219064,-4.638704828474503,0.2929460704612077,0.17698927334239778,0.9508286929970369,0.9983944120778494,False
Mean_Body_Temp_°C_,sCD163,Group_22C vs Group_15C (Reference),-9079.797149350681,0.36228963625432353,-28614.22380861231,10454.629509910948,0.108356115185685,-0.07740302748396388,1486.5566707351065,0.7546233546998589,-7593.240478615575,0.38597361769114613,1401.2281750676614,0.6553523445870018,0.9983944120778494,False
Muscle_Temp2_°C_,Osteocalcin,Group_8C vs Group_22C Contrast,428.25286984196885,0.3669394458115134,-502.0907625702363,1358.596502254174,0.08183693922435886,-0.10944703177056625,-99.78061625779078,0.8102840651182848,-280.2305838021915,0.39710313292458643,148.02228603977733,0.6635670880568001,0.9983944120778494,False
Muscle_Temp3_°C_,Osteopontin,Group_8C vs Group_22C Contrast,3885.8155234114583,0.36990375138985265,-4608.209210874169,12379.840257697086,0.15925567917451022,-0.015899387664133346,-1860.771926046961,0.5134259249312945,-5144.288996715056,0.17092233373983157,-1258.4734733035978,0.5601453431075694,0.9983944120778494,False
Mean_Body_Temp_°C_,IL-12p40,Group_8C vs Group_15C (Reference),-8.807508677416486,0.3716108849759887,-28.128351070759376,10.513333715926404,0.1682944400098778,-0.004977551654731016,9.300605512876947,0.20156419060065955,-5.1834931145401875,0.6689206744963672,0.49309683546046124,0.9408358166960624,0.9983944120778494,False
Muscle_Temp2_°C_,APRIL_per_TNFSF13,Group_8C vs Group_22C Contrast,4379.943668022574,0.3724576147781493,-5245.449924193717,14005.337260238864,0.12683481321171786,-0.05507460070250758,-495.3474933958812,0.8743016487281485,-1762.7211407770503,0.5539012796661529,2617.2225272455235,0.5027136028274439,0.9983944120778494,False
Muscle_Temp3_°C_,MMP-1,Group_8C vs Group_15C (Reference),238.6889591532513,0.37335187493187827,-286.82808616049203,764.2060044669946,0.17656791983588516,0.005019569801694601,-40.511612696584436,0.7939694893733813,-133.76858048423867,0.7374138149000398,198.17734645666684,0.36484541802759374,0.9983944120778494,False
Core_Temp_°C_,IL-19,Group_8C vs Group_15C (Reference),-36.72684191270308,0.37368709520867527,-117.64438897706988,44.19070515166372,0.08054684386014199,-0.11100589700232844,4.334930053237255,0.520030699088344,-3.638949260518853,0.5942935337964481,-32.39191185946582,0.42646621719101985,0.9983944120778494,False
Mean_Body_Temp_°C_,IL-10,Group_8C vs Group_15C (Reference),-2.2512031615400674,0.37421450610087514,-7.21659142198591,2.714185098905776,0.14833343503417729,-0.029097099333702303,2.262788458969908,0.31476684018733536,-1.6567964069629117,0.5502587201905396,0.011585297429840491,0.9920487757651821,0.9983944120778494,False
Mean_Body_Temp_°C_,TSLP,Group_8C vs Group_22C Contrast,-22.521480716043293,0.3755154483437648,-72.33261563969708,27.289654207610504,0.23839954552534925,0.07973278417646379,0.6974051890065758,0.9406215191518204,3.9325871582378387,0.830594419721538,-18.588893557805452,0.2894874831807024,0.9983944120778494,False
Muscle_Temp3_°C_,IL-35,Group_22C vs Group_15C (Reference),28.368481277093434,0.3762398733994451,-34.46869297227815,91.20565552646501,0.08427058493108897,-0.10650637654160078,-6.729386084143362,0.6787521181382272,21.639095192950073,0.4336612098643773,-2.165202108963082,0.8868722814903525,0.9983944120778494,False
Mean_Skin_Temp_°C_,Chitinase_3-like1,Group_8C vs Group_22C Contrast,232.94319706286646,0.3766170471995126,-283.4515213453093,749.3379154710423,0.09318108416192827,-0.09573952330433655,73.58992813563641,0.7830843268647786,-165.88584415588934,0.4825764330488673,67.05735290697712,0.5652977676884174,0.9983944120778494,False
Mean_Body_Temp_°C_,sTNF-R1,Group_22C vs Group_15C (Reference),-149.11254042313664,0.3773310215926684,-480.15813353019763,181.93305268392436,0.1108397478735359,-0.07440197131947746,109.58090632334239,0.051410833555495236,-39.531634099794246,0.8039654946582155,18.61360726159276,0.921155367501389,0.9983944120778494,False
Mean_Body_Temp_°C_,Chitinase_3-like1,Group_8C vs Group_22C Contrast,674.5042667280743,0.37943318160672734,-829.6104880040236,2178.619021460172,0.1925644482108082,0.02434870825472668,858.3846492268168,0.2624190587669557,-622.7992206762593,0.21127654459718404,51.705046051814975,0.929413240554277,0.9983944120778494,False
Core_Temp_°C_,IL-20,Group_8C vs Group_15C (Reference),26.64399155471156,0.3854187547709347,-33.52184702978017,86.80983013920329,0.16947885749283276,-0.0035463805294937423,-2.5582381519776605,0.9291045187933291,-3.0834916136599397,0.9605527881467988,24.0857534027339,0.02506174838972175,0.9983944120778494,False
Muscle_Temp3_°C_,MMP-3,Group_8C vs Group_15C (Reference),-499.68213906328185,0.3875378695370474,-1633.080042683826,633.7157645572623,0.036391586884148786,-0.16436016584832025,153.77001504576728,0.7190015209965384,-28.637234083491336,0.9780581929495076,-345.91212401751454,0.37454512617217395,0.9983944120778494,False
Muscle_Temp1_°C_,IL-11,Group_8C vs Group_22C Contrast,0.4236835998167669,0.39608293942000206,-0.554849271993983,1.4022164716275167,0.2585145080249175,0.10403836386344201,-0.09087626630574572,0.7472406524384987,-0.4373143588405449,0.2129493342158364,-0.013630759023778014,0.9693647707615289,0.9983944120778494,False
Mean_Body_Temp_°C_,IL-19,Group_8C vs Group_22C Contrast,44.44794741255323,0.39723262198042597,-58.458566305191695,147.35446113029815,0.20684362193213723,0.04160270983466585,1.8901384432920048,0.7572573152749558,-4.980959455195972,0.09248910116378672,39.46698795735726,0.4515084889320744,0.9983944120778494,False
Muscle_Temp3_°C_,IFN-a2,Group_22C vs Group_15C (Reference),7.364446483618704,0.3977730110398142,-9.705043493828292,24.4339364610657,0.27318311629496594,0.12176293218975054,-8.13041371829691,0.03465102371604307,-0.7659672346782065,0.921896961853941,1.0673996175908336,0.791197419778032,0.9983944120778494,False
Core_Temp_°C_,IL-35,Group_8C vs Group_22C Contrast,-76.92409088632292,0.3985673137933313,-255.5243110337887,101.67612926114288,0.14329484701202522,-0.03518539319380287,33.091991928139265,0.3039612684488715,57.13531627920693,0.4031616039506485,-19.788774607115982,0.742653181109336,0.9983944120778494,False
Mean_Body_Temp_°C_,IL-29_per_IFN-lambda1,Group_8C vs Group_22C Contrast,-32.54015574310799,0.4006078687735375,-108.4187588732634,43.338447387047424,0.15219388008126522,-0.024432394901804377,39.21845370765411,0.3909194979469296,16.71912978308485,0.45627305598330703,-15.821025960023142,0.6159953400605498,0.9983944120778494,False
Mean_Body_Temp_°C_,Chitinase_3-like1,Group_8C vs Group_15C (Reference),-806.6796031750018,0.4022119198035615,-2694.1162268994503,1080.757020549447,0.1925644482108082,0.02434870825472668,858.3846492268168,0.2624190587669557,-622.7992206762593,0.21127654459718404,51.705046051814975,0.929413240554277,0.9983944120778494,False
Mean_Skin_Temp_°C_,Osteopontin,Group_8C vs Group_22C Contrast,1903.8684765708363,0.405330368645732,-2580.4559524071797,6388.192905548853,0.08121692528591617,-0.11019621527951795,1411.538979899303,0.6607828113869572,-840.6567756479642,0.6880745853609576,1063.2117009228723,0.24880942526548644,0.9983944120778494,False
Core_Temp_°C_,IL-19,Group_22C vs Group_15C (Reference),-7.973879313756108,0.4060053308804443,-26.782028172913243,10.834269545401028,0.08054684386014199,-0.11100589700232844,4.334930053237255,0.520030699088344,-3.638949260518853,0.5942935337964481,-32.39191185946582,0.42646621719101985,0.9983944120778494,False
Muscle_Temp3_°C_,IL-10,Group_8C vs Group_22C Contrast,1.6082711489762733,0.40915702821144584,-2.210841427595748,5.427383725548294,0.17929517361432834,0.008315001450646786,0.18368758629784923,0.8303916420987383,-2.112353988616446,0.2463377003542524,-0.504082839640173,0.4653208400788158,0.9983944120778494,False
Mean_Body_Temp_°C_,Osteocalcin,Group_22C vs Group_15C (Reference),-810.8525945380065,0.4110743375314744,-2744.226302316989,1122.5211132409759,0.06431298532637753,-0.13062180939729373,437.6630930690802,0.5500530504703258,-373.1895014689263,0.5723183837670547,6.514026554136535,0.9888387166419048,0.9983944120778494,False
Mean_Skin_Temp_°C_,MMP-3,Group_8C vs Group_22C Contrast,532.2577561974584,0.412573039790621,-740.9400112265274,1805.4555236214442,0.08668058486558317,-0.10359429328742031,470.6315494990784,0.21997354238001787,-316.1814391644544,0.6147387910236586,216.07631703300407,0.1913178661808419,0.9983944120778494,False
Mean_Body_Temp_°C_,sCD30_per_TNFRSF8,Group_8C vs Group_15C (Reference),-16.230365058240167,0.41500646540168085,-55.25667367237683,22.795943555896493,0.10899842273019988,-0.07662690586767518,21.852021117937745,0.1645954727693324,-4.942286654707516,0.8669087229310162,5.621656059697578,0.6454067997566015,0.9983944120778494,False
Muscle_Temp1_°C_,IL-28A_per_IFN-lambda2,Group_22C vs Group_15C (Reference),-4.714091196442904,0.41520175972729545,-16.05398474076889,6.625802347883079,0.2157726602180453,0.05239196443013816,0.07538636796840188,0.9839370888219064,-4.638704828474503,0.2929460704612077,0.17698927334239778,0.9508286929970369,0.9983944120778494,False
Mean_Skin_Temp_°C_,IL-10,Group_8C vs Group_15C (Reference),-1.0433423383051403,0.41683448180473515,-3.561940223811345,1.4752555472010642,0.2057081995071568,0.04023074107114788,1.153080031463609,0.36370436444360976,-1.4430233278573155,0.48447874929403856,0.1097376931584686,0.5821561795699373,0.9983944120778494,False
Mean_Skin_Temp_°C_,IL-26,Group_8C vs Group_22C Contrast,5.404571244813241,0.41705107932442664,-7.648212502292388,18.45735499191887,0.04397643701552134,-0.1551951386062449,2.040916004460312,0.7992489991193666,-4.537657721767854,0.484317042813768,0.8669135230453875,0.5636447732512466,0.9983944120778494,False
Mean_Skin_Temp_°C_,IL-20,Group_8C vs Group_15C (Reference),-7.739352032534367,0.41718786530728513,-26.436098834681083,10.95739476961235,0.21181151638515483,0.0476055822987288,4.137031551046802,0.6547701954116173,-8.56273774000356,0.384955363834822,-3.602320481487565,0.12101058854968727,0.9983944120778494,False
Muscle_Temp3_°C_,APRIL_per_TNFSF13,Group_8C vs Group_15C (Reference),3165.759230859994,0.41894895056084924,-4511.078835648013,10842.597297368002,0.11710439804935457,-0.06683218569036309,-492.1874207674761,0.8252329259247048,1515.3519438448516,0.7354199494921254,2673.5718100925183,0.40648304584231454,0.9983944120778494,False
Core_Temp_°C_,APRIL_per_TNFSF13,Group_8C vs Group_22C Contrast,-10520.77029654808,0.419588622975962,-36068.79627737237,15027.255684276208,0.2293326875829409,0.0687769974960536,12635.214096870292,0.21259164044717593,6017.4827178213,0.6049041081079647,-4503.28757872678,0.4440628677080043,0.9983944120778494,False
Mean_Skin_Temp_°C_,TSLP,Group_22C vs Group_15C (Reference),-6.256249959574517,0.4206526129174629,-21.483101789815294,8.970601870666258,0.2092788901860384,0.044545325641463074,2.884610643909635,0.5584185999647364,-3.3716393156648823,0.5744656396472592,-4.952581706101347,0.4206945021690427,0.9983944120778494,False
Mean_Body_Temp_°C_,sCD30_per_TNFRSF8,Group_22C vs Group_15C (Reference),-26.79430777264526,0.42271021073477555,-92.29765352219752,38.70903797690699,0.10899842273019988,-0.07662690586767518,21.852021117937745,0.1645954727693324,-4.942286654707516,0.8669087229310162,5.621656059697578,0.6454067997566015,0.9983944120778494,False
Muscle_Temp2_°C_,IL-10,Group_8C vs Group_15C (Reference),-0.9610217028810203,0.4240152530957272,-3.317028837168719,1.3949854314066785,0.3442171063905982,0.2075956702219729,0.21711293913079846,0.7832848624222286,-2.3997928010095846,0.00016825810521270412,-0.7439087637502219,0.4118789891734993,0.9983944120778494,False
Mean_Skin_Temp_°C_,sCD163,Group_8C vs Group_22C Contrast,3397.57772510514,0.42415595535115025,-4934.487477134568,11729.642927344848,0.07610691371957001,-0.11637081258885273,75.68310945213022,0.9758980677523129,-2374.0460477017427,0.5541783532265918,1023.5316774033971,0.46506624146979236,0.9983944120778494,False
Mean_Skin_Temp_°C_,IL-19,Group_22C vs Group_15C (Reference),-2.4641381760543095,0.42862766642928485,-8.565672798455552,3.637396446346933,0.19833916910264815,0.031326495999033255,-0.33518921714059097,0.8986404140064553,-2.7993273931949005,0.0923934436508409,12.02901881600569,0.3426327342461293,0.9983944120778494,False
Core_Temp_°C_,Osteocalcin,Group_22C vs Group_15C (Reference),-1047.7210058240503,0.4311833824406157,-3656.4332411212654,1560.9912294731648,0.125448994537269,-0.056749131600799974,668.9032379714316,0.40616375614312183,-378.81776785261866,0.7207527258946818,-1093.0113795478865,0.0801383627986949,0.9983944120778494,False
Mean_Body_Temp_°C_,IFN-y,Group_22C vs Group_15C (Reference),-8.561627155711308,0.43144116026047374,-29.891086288686502,12.767831977263883,0.13807260415620215,-0.04149560331125568,4.364320064043866,0.01082029004774269,-4.197307091667442,0.6961249385561372,-1.1378186590530115,0.46438433047031147,0.9983944120778494,False
Mean_Body_Temp_°C_,APRIL_per_TNFSF13,Group_8C vs Group_22C Contrast,-5941.359362903246,0.43235288195412114,-20772.591501288385,8889.872775481892,0.18173787544326014,0.011266599493939378,8244.029245226597,0.21009612626325702,4640.693241052326,0.47270467850277065,-1300.6661218509198,0.7410700368945424,0.9983944120778494,False
Mean_Skin_Temp_°C_,TWEAK_per_TNFSF12,Group_22C vs Group_15C (Reference),-25.947410381802037,0.4334494665933739,-90.87250208440628,38.97768132080221,0.10910139428691068,-0.07650248190331621,6.226032304492439,0.8192192565770955,-19.7213780773096,0.2953784271349418,13.614338347318707,0.2571516069548978,0.9983944120778494,False
Mean_Skin_Temp_°C_,IL-29_per_IFN-lambda1,Group_22C vs Group_15C (Reference),-20.633690348178714,0.4336307347055347,-72.28325430505504,31.015873608697607,0.12328801000308232,-0.05936032124627544,9.012538306516907,0.6901548823991395,-11.621152041661807,0.3907277490062149,-4.072101920404544,0.5140116401552426,0.9983944120778494,False
Muscle_Temp1_°C_,sCD30_per_TNFRSF8,Group_22C vs Group_15C (Reference),-11.425185076632408,0.4336443805151169,-40.02517522316908,17.174805069904266,0.11169971353641273,-0.07336284614350119,4.277522281480309,0.569549872591463,-7.147662795152099,0.5675826279845873,0.060909028629471784,0.9973883923176097,0.9983944120778494,False
Muscle_Temp1_°C_,APRIL_per_TNFSF13,Group_22C vs Group_15C (Reference),-3415.714329816057,0.4344951608314681,-11981.911450136187,5150.482790504073,0.16668265904657564,-0.006925120318721056,1739.915682810481,0.5408829905328474,-1675.7986470055762,0.6134579539893348,2080.6463048365795,0.6219472111861548,0.9983944120778494,False
Mean_Body_Temp_°C_,MMP-3,Group_8C vs Group_22C Contrast,1030.1620100158589,0.4359216256937348,-1561.4451366134076,3621.7691566451253,0.11245932310498252,-0.07244498458147941,1526.8913951500942,0.3067031832006776,-396.7586912352333,0.7416807077197374,633.4033187806256,0.2471562644533667,0.9983944120778494,False
Muscle_Temp3_°C_,IL-12p40,Group_8C vs Group_15C (Reference),7.071030573365077,0.43891125058014446,-10.833844889720224,24.975906036450375,0.170731793173987,-0.0020324165814322726,-4.513103815811814,0.370592779626445,2.3707071166446454,0.8791113856334165,2.557926757553263,0.7370696719259389,0.9983944120778494,False
Core_Temp_°C_,IL-35,Group_8C vs Group_15C (Reference),-52.88076653525525,0.43897013325875656,-186.79976784049344,81.03823476998295,0.14329484701202522,-0.03518539319380287,33.091991928139265,0.3039612684488715,57.13531627920693,0.4031616039506485,-19.788774607115982,0.742653181109336,0.9983944120778494,False
Muscle_Temp1_°C_,BAFF_per_TNFSF13B,Group_22C vs Group_15C (Reference),-211.24910448573314,0.44040510353933304,-747.9122772694004,325.41406829793414,0.07890476427998283,-0.11299007649502069,108.3703014444105,0.5601711057179432,-102.87880304132264,0.6086364375627906,-38.40284290619394,0.8203443537255821,0.9983944120778494,False
Muscle_Temp1_°C_,IL-11,Group_22C vs Group_15C (Reference),-0.3464380925347992,0.4417140422717152,-1.2290643854943974,0.5361882004247991,0.2585145080249175,0.10403836386344201,-0.09087626630574572,0.7472406524384987,-0.4373143588405449,0.2129493342158364,-0.013630759023778014,0.9693647707615289,0.9983944120778494,False
Muscle_Temp1_°C_,Chitinase_3-like1,Group_8C vs Group_15C (Reference),-296.8029833590782,0.4424774702413392,-1054.2388848701696,460.6329181520132,0.16132207712769353,-0.01340249013737016,258.10417287639905,0.4035814524476231,37.526300667891235,0.9098737945546647,-38.698810482679164,0.867561144079146,0.9983944120778494,False
Muscle_Temp3_°C_,IL-29_per_IFN-lambda1,Group_22C vs Group_15C (Reference),32.115462684228554,0.4442903974580066,-50.1691848219379,114.400110190395,0.14683552140011402,-0.0309070783081955,-3.0676790486982566,0.8132052661367188,29.047783635530298,0.46688353381439773,-1.7429608820278089,0.9110091515878063,0.9983944120778494,False
Mean_Skin_Temp_°C_,IL-35,Group_22C vs Group_15C (Reference),-10.29835144185671,0.4499199339638744,-37.01324468098967,16.416541797276253,0.11990052241293991,-0.06345353541769749,19.25384883016875,0.04578636278692467,8.95549738831204,0.3527171766294006,7.4953548999577215,0.6123371348468103,0.9983944120778494,False
Muscle_Temp3_°C_,IL-35,Group_8C vs Group_22C Contrast,-23.804297301913152,0.45057666842039457,-85.64560757627109,38.03701297244478,0.08427058493108897,-0.10650637654160078,-6.729386084143362,0.6787521181382272,21.639095192950073,0.4336612098643773,-2.165202108963082,0.8868722814903525,0.9983944120778494,False
Mean_Skin_Temp_°C_,APRIL_per_TNFSF13,Group_8C vs Group_15C (Reference),-2008.4075338597504,0.45168813554134546,-7238.792127749407,3221.977060029906,0.10308865840980419,-0.08376787108815331,1999.1906022091416,0.3826963338691163,1858.1000502332793,0.5977825224742641,-9.216931650608785,0.9946316250287932,0.9983944120778494,False
Mean_Skin_Temp_°C_,IL-10,Group_8C vs Group_22C Contrast,1.552761021015784,0.4539802911546017,-2.5116469234988283,5.6171689655303965,0.2057081995071568,0.04023074107114788,1.153080031463609,0.36370436444360976,-1.4430233278573155,0.48447874929403856,0.1097376931584686,0.5821561795699373,0.9983944120778494,False
Muscle_Temp1_°C_,IL-12p70,Group_8C vs Group_22C Contrast,0.33981568600803,0.4548093597615417,-0.5513000001179968,1.230931372134057,0.10288866997051149,-0.08400952378563198,-0.10663320979963001,0.5276301582910017,-0.23462544206885447,0.5135797561750088,0.10519024393917559,0.7059296728649755,0.9983944120778494,False
Muscle_Temp1_°C_,IL-29_per_IFN-lambda1,Group_8C vs Group_15C (Reference),-19.299658658463123,0.45705521470521226,-70.16210676251228,31.562789445586027,0.13624907605090197,-0.0436990331051601,7.672558503677189,0.7002465380526706,-5.986362488132876,0.18100757485355246,-11.627100154785934,0.4842145264631377,0.9983944120778494,False
Muscle_Temp2_°C_,sCD163,Group_8C vs Group_22C Contrast,3790.7747610722945,0.4586521112083398,-6235.183561601272,13816.733083745861,0.15346758829580953,-0.02289333080923006,-3111.806158038567,0.46555304729246516,-4352.241313113487,0.31337524456166754,-561.4665520411927,0.8378739413982661,0.9983944120778494,False
Mean_Body_Temp_°C_,gp130_per_sIL-6Rb,Group_8C vs Group_22C Contrast,5423.3610928269045,0.4599825703394498,-8963.077520702785,19809.799706356593,0.13667902833669887,-0.043179507426488906,1976.6119802482574,0.5570656208055902,-5160.206712478365,0.42189553339250807,263.15438034853923,0.9408896791732158,0.9983944120778494,False
Muscle_Temp2_°C_,Osteopontin,Group_8C vs Group_22C Contrast,2881.9107934555423,0.4618690077868064,-4795.113341482659,10558.934928393744,0.098414413310144,-0.08941591725024267,-1414.7125261540584,0.7006827268421957,-2715.6084643784716,0.3484700073390665,166.30232907707068,0.9497091899101997,0.9983944120778494,False
Muscle_Temp3_°C_,MMP-1,Group_8C vs Group_22C Contrast,331.94592694090557,0.46564839975987293,-559.822117414702,1223.7139712965131,0.17656791983588516,0.005019569801694601,-40.511612696584436,0.7939694893733813,-133.76858048423867,0.7374138149000398,198.17734645666684,0.36484541802759374,0.9983944120778494,False
Muscle_Temp2_°C_,IL-35,Group_22C vs Group_15C (Reference),14.500306372706241,0.4669792087760831,-24.570310731531855,53.57092347694434,0.07774962038789923,-0.11438587536462164,-13.577447901442698,0.37369307804294083,0.9228584712635435,0.9426258251542945,-8.524560968620328,0.5167067340920548,0.9983944120778494,False
Muscle_Temp3_°C_,IL-20,Group_8C vs Group_22C Contrast,15.74703946471218,0.46898855386191296,-26.87566591835803,58.36974484778239,0.25618660631317214,0.10122548262841635,-13.016413077707815,0.09947601489809664,-8.093002998065431,0.706226967430859,7.654036466646749,0.026496376968894397,0.9983944120778494,False
Muscle_Temp2_°C_,IL-26,Group_22C vs Group_15C (Reference),-6.211290465097754,0.4706489290644482,-23.086127331310845,10.663546401115337,0.09318837892288567,-0.09573070880151313,-1.4985677680246225,0.7787096754409994,-7.709858233122377,0.25402137680780057,-0.9120117649333996,0.7236897288529591,0.9983944120778494,False
Muscle_Temp3_°C_,IL-12p70,Group_8C vs Group_22C Contrast,0.6199289807766939,0.47179595290529575,-1.06868741943328,2.3085453809866676,0.12314762774973897,-0.059529949802398674,-0.2092600118966555,0.5073633500561783,-0.41871639420537127,0.6125155589919757,0.20121258657132268,0.40666709345739616,0.9983944120778494,False
Muscle_Temp3_°C_,IL-29_per_IFN-lambda1,Group_8C vs Group_22C Contrast,-30.790744517558107,0.4725356401240035,-114.80140722440652,53.2199181892903,0.14683552140011402,-0.0309070783081955,-3.0676790486982566,0.8132052661367188,29.047783635530298,0.46688353381439773,-1.7429608820278089,0.9110091515878063,0.9983944120778494,False
Muscle_Temp2_°C_,IFN-y,Group_8C vs Group_22C Contrast,5.15915318387274,0.4745899071645192,-8.982808040649669,19.301114408395147,0.1606338321965124,-0.014234119429214154,1.1636960173591844,0.3317147367482697,-1.964066608238381,0.7333003048631233,3.1950865756343587,0.4616049931614383,0.9983944120778494,False
Mean_Body_Temp_°C_,IL-19,Group_8C vs Group_15C (Reference),37.57684951406526,0.47645482158097663,-65.86080343868471,141.01450246681523,0.20684362193213723,0.04160270983466585,1.8901384432920048,0.7572573152749558,-4.980959455195972,0.09248910116378672,39.46698795735726,0.4515084889320744,0.9983944120778494,False
Mean_Body_Temp_°C_,sIL-6Ra,Group_22C vs Group_15C (Reference),-836.0973070326074,0.4829059442657033,-3171.6668490778184,1499.4722350126037,0.03918159868641535,-0.1609889015872481,556.7255261140684,0.3839013565249223,-279.371780918539,0.7811502745008436,87.90465636758978,0.84368315902913,0.9983944120778494,False
Mean_Skin_Temp_°C_,Osteocalcin,Group_8C vs Group_22C Contrast,210.45963630144803,0.483350790930443,-378.05097621087447,798.9702488137705,0.058270316741335204,-0.1379233672708866,139.44959939333137,0.6764100448766467,-128.72473064434524,0.6575726282098322,81.7349056571028,0.2841704162717391,0.9983944120778494,False
Muscle_Temp3_°C_,IL-26,Group_8C vs Group_15C (Reference),4.081906458506834,0.48354497845037325,-7.337232555127789,15.501045472141458,0.03506656622465598,-0.16596123247854067,-4.359254763372295,0.34509266331070454,-3.3432487554704835,0.7239890504722406,-0.2773483048654608,0.9377874567259312,0.9983944120778494,False
Muscle_Temp1_°C_,APRIL_per_TNFSF13,Group_8C vs Group_22C Contrast,3756.4449518421557,0.48402441939877205,-6763.937909803659,14276.82781348797,0.16668265904657564,-0.006925120318721056,1739.915682810481,0.5408829905328474,-1675.7986470055762,0.6134579539893348,2080.6463048365795,0.6219472111861548,0.9983944120778494,False
Muscle_Temp3_°C_,Osteopontin,Group_22C vs Group_15C (Reference),-3283.517070668095,0.4860945703104219,-12522.946370035308,5955.912228699119,0.15925567917451022,-0.015899387664133346,-1860.771926046961,0.5134259249312945,-5144.288996715056,0.17092233373983157,-1258.4734733035978,0.5601453431075694,0.9983944120778494,False
Core_Temp_°C_,IL-19,Group_8C vs Group_22C Contrast,-28.752962598946972,0.48631125849992973,-109.70211277507138,52.19618757717743,0.08054684386014199,-0.11100589700232844,4.334930053237255,0.520030699088344,-3.638949260518853,0.5942935337964481,-32.39191185946582,0.42646621719101985,0.9983944120778494,False
Mean_Body_Temp_°C_,sTNF-R2,Group_8C vs Group_15C (Reference),-383.61876818990464,0.49336563134402756,-1481.3074319543337,714.0698955745245,0.09513049893144221,-0.09338398045784069,304.2475568664776,0.46825356430670073,-320.4979658270466,0.4668933027060427,-79.37121132342702,0.8306377515607426,0.9983944120778494,False
Mean_Skin_Temp_°C_,IL-12p70,Group_8C vs Group_22C Contrast,0.2652911421784404,0.49495220391653816,-0.49662245290879814,1.027204737265679,0.22789743751727598,0.06704273700004182,0.7023308190333568,0.24991451819551602,-0.27539967962066625,0.45857483653185893,-0.01010853744222584,0.9295004871903036,0.9983944120778494,False
Core_Temp_°C_,IL-10,Group_22C vs Group_15C (Reference),-2.9154164012836112,0.4951102664103634,-11.291378913656006,5.460546111088783,0.124037148063875,-0.058455112756151006,2.9198711390871304,0.023915544243182357,0.0044547378035191265,0.9991273943498085,-1.1866834926093799,0.6232828485891817,0.9983944120778494,False
Muscle_Temp2_°C_,IL-19,Group_8C vs Group_22C Contrast,6.855016780902018,0.49720472616766986,-12.935736228390569,26.645769790194606,0.06080450995950204,-0.13486121713226829,-3.485388347638829,0.22799739230115557,-3.4495432388166716,0.02281561219783712,3.405473542085346,0.7330072233631348,0.9983944120778494,False
Core_Temp_°C_,MMP-3,Group_22C vs Group_15C (Reference),-2651.3070936115987,0.4991463548757117,-10340.2812568217,5037.667069598503,0.1504997753113344,-0.026479438165470937,2837.9054685650676,0.25743392885310024,186.59837495346892,0.9507050217368642,-248.1608506407838,0.872723624619085,0.9983944120778494,False
Mean_Skin_Temp_°C_,Chitinase_3-like1,Group_22C vs Group_15C (Reference),-239.47577229152574,0.5020410933927055,-938.681325194071,459.7297806110194,0.09318108416192827,-0.09573952330433655,73.58992813563641,0.7830843268647786,-165.88584415588934,0.4825764330488673,67.05735290697712,0.5652977676884174,0.9983944120778494,False
Core_Temp_°C_,IL-12p40,Group_8C vs Group_22C Contrast,-31.84650914837713,0.5021487979346589,-124.85498122974937,61.16196293299512,0.23657826950972516,0.07753207565758458,14.221964125956129,0.1443586220954729,14.730609919212533,0.7303797081053576,-17.115899229164597,0.40625146308611204,0.9983944120778494,False
Muscle_Temp1_°C_,IL-29_per_IFN-lambda1,Group_22C vs Group_15C (Reference),-13.658920991810065,0.5036779105360107,-53.69246547647873,26.374623492858603,0.13624907605090197,-0.0436990331051601,7.672558503677189,0.7002465380526706,-5.986362488132876,0.18100757485355246,-11.627100154785934,0.4842145264631377,0.9983944120778494,False
Mean_Skin_Temp_°C_,IL-35,Group_8C vs Group_15C (Reference),-11.758493930211028,0.5054064014681083,-46.36205282934293,22.84506496892087,0.11990052241293991,-0.06345353541769749,19.25384883016875,0.04578636278692467,8.95549738831204,0.3527171766294006,7.4953548999577215,0.6123371348468103,0.9983944120778494,False
Muscle_Temp2_°C_,IL-19,Group_8C vs Group_15C (Reference),6.890861889724175,0.5073201647352139,-13.479440797218764,27.261164576667113,0.06080450995950204,-0.13486121713226829,-3.485388347638829,0.22799739230115557,-3.4495432388166716,0.02281561219783712,3.405473542085346,0.7330072233631348,0.9983944120778494,False
Muscle_Temp2_°C_,IL-12p40,Group_8C vs Group_22C Contrast,6.968605074948584,0.512838089642502,-13.902339354612828,27.839549504509996,0.18813901904129515,0.019001314674898406,-3.0380213963174074,0.7076930536138248,-5.845492571454454,0.2030252756655646,1.1231125034941312,0.9069391422786435,0.9983944120778494,False
Muscle_Temp1_°C_,IL-12p70,Group_8C vs Group_15C (Reference),0.2118234537388056,0.5157283057961977,-0.4269488897653052,0.8505957972429165,0.10288866997051149,-0.08400952378563198,-0.10663320979963001,0.5276301582910017,-0.23462544206885447,0.5135797561750088,0.10519024393917559,0.7059296728649755,0.9983944120778494,False
Muscle_Temp2_°C_,IL-11,Group_22C vs Group_15C (Reference),-0.31391864616108067,0.5178759446000105,-1.2654301223147297,0.6375928299925683,0.28889940828107497,0.1407534516729656,-0.21473362079675562,0.6058850221046058,-0.5286522669578363,0.034426289805602917,0.10953940602205614,0.7791543427158227,0.9983944120778494,False
Muscle_Temp2_°C_,IFN-a2,Group_8C vs Group_22C Contrast,3.6286584943069347,0.5190222062572707,-7.400469798043268,14.657786786657137,0.24415725109551545,0.08669001174041457,-6.41797684250605,0.25699492860031625,-3.3851479310071113,0.3538348270228955,0.24351056329982335,0.9546485244553604,0.9983944120778494,False
Muscle_Temp3_°C_,IL-28A_per_IFN-lambda2,Group_8C vs Group_22C Contrast,4.5921894316965,0.5197696441759891,-9.390541393323387,18.57492025671639,0.19117933536813358,0.022675030236494753,-3.8320041557546927,0.2501089036815193,-2.7839661222105314,0.6628889669236473,1.8082233094859688,0.5695622167520646,0.9983944120778494,False
Muscle_Temp2_°C_,sIL-6Ra,Group_8C vs Group_22C Contrast,360.3197666784579,0.522482895199454,-743.9829384139305,1464.6224717708462,0.1039669543942755,-0.08270659677358361,-66.76375623937426,0.9059379580716298,-451.152342288197,0.2309473300671856,-90.83257560973918,0.8283976559029864,0.9983944120778494,False
Core_Temp_°C_,IL-12p70,Group_22C vs Group_15C (Reference),-1.4410654777742355,0.5232158894574439,-5.8653352605124915,2.983204304964021,0.1505178414066588,-0.026457608300287205,0.5225967961293523,0.4647687591781474,-0.9184686816448833,0.6679489858929686,-0.5744641466728322,0.19233266687718853,0.9983944120778494,False
Mean_Skin_Temp_°C_,IL-26,Group_22C vs Group_15C (Reference),-6.578573726228165,0.5238156458262149,-26.804892309612264,13.647744857155935,0.04397643701552134,-0.1551951386062449,2.040916004460312,0.7992489991193666,-4.537657721767854,0.484317042813768,0.8669135230453875,0.5636447732512466,0.9983944120778494,False
Mean_Skin_Temp_°C_,IFN-a2,Group_8C vs Group_22C Contrast,1.8461776073386706,0.524298102886531,-3.83674168891862,7.529096903595962,0.14819041634018137,-0.02926991358894737,-2.7127543140361126,0.6187121737416613,-1.719309554926186,0.5305431806104566,0.12686805241248456,0.8931318267728532,0.9983944120778494,False
Muscle_Temp1_°C_,IFN-y,Group_8C vs Group_15C (Reference),2.6605981781776693,0.529201623176049,-5.626858331614462,10.948054687969801,0.1559514847996345,-0.019891955867108235,0.6716044968485486,0.0047951454302749595,-0.19346723554982925,0.97377976683686,3.3322026750262177,0.4299304607875092,0.9983944120778494,False
Muscle_Temp2_°C_,MMP-3,Group_8C vs Group_22C Contrast,485.1201975914166,0.5308917000166262,-1032.2221202754554,2002.4625154582886,0.07724789376172647,-0.11499212837124717,-158.19397498015638,0.8132474700327654,-593.8086633154127,0.3465074128828385,-108.68846572399605,0.8086476333262824,0.9983944120778494,False
Muscle_Temp1_°C_,IL-20,Group_22C vs Group_15C (Reference),-8.320332288185925,0.5317052364877801,-34.39551531534634,17.75485073897449,0.26628445247584887,0.11342704674165072,-3.3816980362106692,0.7252758706526734,-11.702030324396596,0.20272182593743104,6.356197815361701,0.007996022913858036,0.9983944120778494,False
Muscle_Temp3_°C_,IL-10,Group_8C vs Group_15C (Reference),-0.6877704259380222,0.5321612422738218,-2.845579197021957,1.4700383451459125,0.17929517361432834,0.008315001450646786,0.18368758629784923,0.8303916420987383,-2.112353988616446,0.2463377003542524,-0.504082839640173,0.4653208400788158,0.9983944120778494,False
Muscle_Temp2_°C_,APRIL_per_TNFSF13,Group_8C vs Group_15C (Reference),3112.5700206414044,0.5340400885840495,-6697.704039656801,12922.844080939609,0.12683481321171786,-0.05507460070250758,-495.3474933958812,0.8743016487281485,-1762.7211407770503,0.5539012796661529,2617.2225272455235,0.5027136028274439,0.9983944120778494,False
Muscle_Temp3_°C_,Osteocalcin,Group_8C vs Group_15C (Reference),284.56359595668624,0.5357095816519548,-616.0045796279808,1185.1317715413531,0.0574356740627463,-0.13893189384084814,-173.41425391553454,0.5614360287040328,-210.70692423675263,0.6086083240496671,111.1493420411517,0.7502659384211685,0.9983944120778494,False
Mean_Body_Temp_°C_,IL-20,Group_8C vs Group_15C (Reference),-11.635027484369093,0.5390737169343445,-48.76251600956367,25.492461040825486,0.17793282550786116,0.006668830821998983,1.7458636405189865,0.9190525005674913,-11.793009928250578,0.6611010279460483,-9.889163843850106,0.21537765102289974,0.9983944120778494,False
Mean_Skin_Temp_°C_,MMP-3,Group_8C vs Group_15C (Reference),-254.55523246607433,0.54234698192476,-1073.4383759967736,564.3279110646249,0.08668058486558317,-0.10359429328742031,470.6315494990784,0.21997354238001787,-316.1814391644544,0.6147387910236586,216.07631703300407,0.1913178661808419,0.9983944120778494,False
Core_Temp_°C_,IL-29_per_IFN-lambda1,Group_8C vs Group_15C (Reference),-55.91347395793501,0.5431106933152146,-236.1232309048969,124.29628298902689,0.27665254220592717,0.12595515516549538,56.343222565904505,0.43588800441859565,69.06848266894576,0.48609957446232444,0.42974860796949343,0.9939618891876911,0.9983944120778494,False
Mean_Skin_Temp_°C_,Osteocalcin,Group_22C vs Group_15C (Reference),-268.1743300376766,0.544650506696994,-1135.8135928748002,599.4649327994471,0.058270316741335204,-0.1379233672708866,139.44959939333137,0.6764100448766467,-128.72473064434524,0.6575726282098322,81.7349056571028,0.2841704162717391,0.9983944120778494,False
Muscle_Temp3_°C_,sCD163,Group_8C vs Group_22C Contrast,3506.2104984325238,0.5462117457505825,-7881.996122822193,14894.41711968724,0.1464675902858259,-0.031351661737960335,-2696.809949587266,0.33127766621683763,-5651.723231683636,0.28691431627242636,-2145.512733251113,0.36430642034474814,0.9983944120778494,False
Mean_Body_Temp_°C_,sIL-6Ra,Group_8C vs Group_15C (Reference),-468.82086974647865,0.5475220431300314,-1996.5124854793853,1058.8707459864281,0.03918159868641535,-0.1609889015872481,556.7255261140684,0.3839013565249223,-279.371780918539,0.7811502745008436,87.90465636758978,0.84368315902913,0.9983944120778494,False
Core_Temp_°C_,IL-29_per_IFN-lambda1,Group_8C vs Group_22C Contrast,-68.63873406097628,0.5480606445374469,-292.60896937473933,155.3315012527868,0.27665254220592717,0.12595515516549538,56.343222565904505,0.43588800441859565,69.06848266894576,0.48609957446232444,0.42974860796949343,0.9939618891876911,0.9983944120778494,False
Mean_Body_Temp_°C_,BAFF_per_TNFSF13B,Group_22C vs Group_15C (Reference),-400.80051237551595,0.5502233275081037,-1715.7001250209237,914.0991002698919,0.09905692979598257,-0.08863954316318767,400.6442506026182,0.3551151132823963,-0.15626177289777843,0.9997565879068637,-300.00289885877453,0.2359573824004535,0.9983944120778494,False
Muscle_Temp3_°C_,Osteocalcin,Group_8C vs Group_22C Contrast,321.8562662779043,0.5509292068925106,-735.9435409480425,1379.656073503851,0.0574356740627463,-0.13893189384084814,-173.41425391553454,0.5614360287040328,-210.70692423675263,0.6086083240496671,111.1493420411517,0.7502659384211685,0.9983944120778494,False
Muscle_Temp3_°C_,IFN-y,Group_8C vs Group_15C (Reference),2.2997632430491546,0.5537382268416862,-5.31202027705958,9.91154676315789,0.16512800059972244,-0.008803665942002104,1.2916133963873913,0.44067645298843894,1.9155206733577899,0.8441826308376106,3.591376639436546,0.3053643257181886,0.9983944120778494,False
Core_Temp_°C_,TWEAK_per_TNFSF12,Group_8C vs Group_22C Contrast,-62.752942940155634,0.5555422884045407,-271.4058069120764,145.89992103176513,0.14866475425481518,-0.028696755275431585,50.972374338543624,0.29886747205473374,-39.44091278191815,0.5995911981249422,-102.19385572207378,0.17543796318916005,0.9983944120778494,False
Mean_Skin_Temp_°C_,IFN-y,Group_8C vs Group_22C Contrast,2.1999230102365837,0.5566040748832178,-5.1344876033637785,9.534333623836945,0.14227749623125474,-0.036414692053900355,2.8632386439089514,0.04597289966854123,-1.9931868836886655,0.5836229705398619,0.20673612654791818,0.8147476451696662,0.9983944120778494,False
Muscle_Temp1_°C_,IL-12p40,Group_8C vs Group_22C Contrast,6.76756323512794,0.5568965468544419,-15.811816533310836,29.346943003566718,0.18963414913584975,0.020807930205818503,-0.6519544507312856,0.8324804461889511,-5.979798771922976,0.2056496565540229,0.7877644632049638,0.9402321984646895,0.9983944120778494,False
Mean_Skin_Temp_°C_,Osteopontin,Group_22C vs Group_15C (Reference),-2252.1957555472673,0.5573380379206017,-9774.729121898148,5270.337610803615,0.08121692528591617,-0.11019621527951795,1411.538979899303,0.6607828113869572,-840.6567756479642,0.6880745853609576,1063.2117009228723,0.24880942526548644,0.9983944120778494,False
Muscle_Temp1_°C_,BAFF_per_TNFSF13B,Group_8C vs Group_15C (Reference),-146.77314435060444,0.559322032675942,-639.4864453299022,345.94015662869333,0.07890476427998283,-0.11299007649502069,108.3703014444105,0.5601711057179432,-102.87880304132264,0.6086364375627906,-38.40284290619394,0.8203443537255821,0.9983944120778494,False
Core_Temp_°C_,Osteocalcin,Group_8C vs Group_22C Contrast,-714.1936116952677,0.5615262646638528,-3125.2810944072853,1696.8938710167497,0.125448994537269,-0.056749131600799974,668.9032379714316,0.40616375614312183,-378.81776785261866,0.7207527258946818,-1093.0113795478865,0.0801383627986949,0.9983944120778494,False
Muscle_Temp3_°C_,sCD30_per_TNFRSF8,Group_22C vs Group_15C (Reference),-9.937950405361317,0.5620856142149173,-43.535439220564825,23.659538409842188,0.1307187053473876,-0.05038156437190655,-5.350208460621299,0.553039202667223,-15.288158865982616,0.2942903950696063,-5.015218238699922,0.7419170250163822,0.9983944120778494,False
Muscle_Temp1_°C_,IL-35,Group_8C vs Group_15C (Reference),-10.133806162626252,0.5643058447540603,-44.58888354806171,24.32127122280921,0.07279981952975412,-0.12036688473488044,-1.5961215448834292,0.9109521661839409,-2.019591214696982,0.8849681762040944,-11.729927707509681,0.2531203037001324,0.9983944120778494,False
Mean_Body_Temp_°C_,Pentraxin-3,Group_8C vs Group_15C (Reference),-53.669437764976415,0.5659744535349345,-236.93070366761827,129.59182813766546,0.11606029343248625,-0.06809381210241239,45.99067507742686,0.28684084313524627,-45.78844497886189,0.6106155736178007,-7.678762687549558,0.9262306420114168,0.9983944120778494,False
Muscle_Temp3_°C_,sTNF-R2,Group_8C vs Group_22C Contrast,195.8273619685462,0.5667052570777699,-474.1229917745408,865.7777157116332,0.046301152896870534,-0.1523861069162813,-52.41021120600402,0.6943999050973948,-181.88954210410284,0.5670270711776122,13.937819864443355,0.9119084196118439,0.9983944120778494,False
Muscle_Temp2_°C_,IL-11,Group_8C vs Group_15C (Reference),0.32427302681881176,0.5699566209673956,-0.7944494533919236,1.442995507029547,0.28889940828107497,0.1407534516729656,-0.21473362079675562,0.6058850221046058,-0.5286522669578363,0.034426289805602917,0.10953940602205614,0.7791543427158227,0.9983944120778494,False
Muscle_Temp2_°C_,gp130_per_sIL-6Rb,Group_8C vs Group_22C Contrast,3313.8443517260707,0.5702527057788843,-8127.711097228754,14755.399800680896,0.12977906760920344,-0.051516959972212506,1012.8661134729903,0.5044842465562926,-988.702202076538,0.7981007929782638,2325.1421496495327,0.5950752741390077,0.9983944120778494,False
Muscle_Temp2_°C_,sIL-6Ra,Group_22C vs Group_15C (Reference),-384.3885860488228,0.5713329040137745,-1715.2518379488827,946.474665851237,0.1039669543942755,-0.08270659677358361,-66.76375623937426,0.9059379580716298,-451.152342288197,0.2309473300671856,-90.83257560973918,0.8283976559029864,0.9983944120778494,False
Mean_Body_Temp_°C_,MMP-2,Group_8C vs Group_22C Contrast,2619.8132951616512,0.5735601968863631,-6503.655530444468,11743.282120767772,0.07830727279299943,-0.11371204537512569,2682.349004946881,0.4503073677704327,-2377.5446839484966,0.23538309850184902,242.2686112131546,0.954017837096627,0.9983944120778494,False
Mean_Body_Temp_°C_,MMP-3,Group_8C vs Group_15C (Reference),-893.4880763694687,0.5743706867085421,-4011.5838339049697,2224.6076811660323,0.11245932310498252,-0.07244498458147941,1526.8913951500942,0.3067031832006776,-396.7586912352333,0.7416807077197374,633.4033187806256,0.2471562644533667,0.9983944120778494,False
Muscle_Temp1_°C_,sIL-6Ra,Group_8C vs Group_15C (Reference),-283.24349230527145,0.57489837780017,-1273.0713999479617,706.5844153374187,0.08874562540523168,-0.10109903596867831,171.2178013900425,0.5023130425893909,-284.0339428377897,0.4052407179033357,-112.02569091522895,0.797128141834208,0.9983944120778494,False
Muscle_Temp1_°C_,IL-35,Group_8C vs Group_22C Contrast,-9.710336492812699,0.5751943731032729,-43.67116633432032,24.250493348694917,0.07279981952975412,-0.12036688473488044,-1.5961215448834292,0.9109521661839409,-2.019591214696982,0.8849681762040944,-11.729927707509681,0.2531203037001324,0.9983944120778494,False
Muscle_Temp2_°C_,sCD30_per_TNFRSF8,Group_8C vs Group_22C Contrast,12.05457848355811,0.5768825535670794,-30.291910449700055,54.401067416816275,0.1191473767071578,-0.06436358647885099,-4.3015560771264205,0.7151463921868881,-10.446789225652537,0.4087826978423177,1.6077892579055728,0.9268695695018696,0.9983944120778494,False
Mean_Skin_Temp_°C_,IL-29_per_IFN-lambda1,Group_8C vs Group_15C (Reference),-13.08464022692145,0.5769101073041252,-59.05210928876142,32.88282883491852,0.12328801000308232,-0.05936032124627544,9.012538306516907,0.6901548823991395,-11.621152041661807,0.3907277490062149,-4.072101920404544,0.5140116401552426,0.9983944120778494,False
Mean_Body_Temp_°C_,IL-10,Group_8C vs Group_22C Contrast,1.6683817043927522,0.5790425318871993,-4.225856721124604,7.562620129910108,0.14833343503417729,-0.029097099333702303,2.262788458969908,0.31476684018733536,-1.6567964069629117,0.5502587201905396,0.011585297429840491,0.9920487757651821,0.9983944120778494,False
Mean_Body_Temp_°C_,IL-26,Group_8C vs Group_22C Contrast,9.180171556960993,0.5804228906744584,-23.37085368861976,41.731196802541746,0.031981310056903633,-0.16968925034790794,0.4032167078902006,0.9804360727665501,-7.849267562314573,0.5936732370861781,1.3309039946464205,0.862859876362976,0.9983944120778494,False
Muscle_Temp1_°C_,sCD163,Group_22C vs Group_15C (Reference),-2503.887346897193,0.5866803530547964,-11530.840143195874,6523.065449401489,0.07785275402567371,-0.11426125555231081,-273.4468599327388,0.9137065820826499,-2777.3342068299316,0.4710039842390712,-984.0613587006549,0.7118145045327351,0.9983944120778494,False
Muscle_Temp3_°C_,sIL-6Ra,Group_8C vs Group_22C Contrast,309.42416567375477,0.5937516446181577,-827.551895067555,1446.4002264150645,0.09617394864663442,-0.09212314538531663,-3.413069633116158,0.9927758627048276,-551.8292169696783,0.2156862040404448,-242.40505129592356,0.5138192207169126,0.9983944120778494,False
Muscle_Temp3_°C_,IL-19,Group_8C vs Group_22C Contrast,5.467369656457331,0.5939770677869065,-14.634700499001775,25.56943981191644,0.05752224016709062,-0.13882729313143205,-3.254346181900419,0.040309975772890666,-4.099662061703475,0.13058463628677908,1.3677075947538562,0.8900224958350991,0.9983944120778494,False
Muscle_Temp2_°C_,IFN-y,Group_22C vs Group_15C (Reference),-3.1277626255975655,0.5952420322626446,-14.667044572571863,8.411519321376732,0.1606338321965124,-0.014234119429214154,1.1636960173591844,0.3317147367482697,-1.964066608238381,0.7333003048631233,3.1950865756343587,0.4616049931614383,0.9983944120778494,False
Muscle_Temp2_°C_,Pentraxin-3,Group_8C vs Group_15C (Reference),15.423218138072626,0.5976524824407763,-41.85251905679903,72.69895533294428,0.0649161397675464,-0.12989299778088137,-19.961013777733665,0.15867652270691035,-5.308529664771914,0.9239080743623074,-4.53779563966104,0.8591005439881179,0.9983944120778494,False
Mean_Body_Temp_°C_,BAFF_per_TNFSF13B,Group_8C vs Group_22C Contrast,-299.84663708587675,0.5997187687400947,-1419.690065136897,819.9967909651433,0.09905692979598257,-0.08863954316318767,400.6442506026182,0.3551151132823963,-0.15626177289777843,0.9997565879068637,-300.00289885877453,0.2359573824004535,0.9983944120778494,False
Mean_Skin_Temp_°C_,gp130_per_sIL-6Rb,Group_8C vs Group_22C Contrast,1738.17398851925,0.6027690514822057,-4808.084614628471,8284.432591666971,0.12112110468203574,-0.06197866517587336,716.3309400041794,0.5787532348651637,-702.9057496055159,0.8066324907058244,1035.2682389137342,0.5438331065365145,0.9983944120778494,False
Mean_Skin_Temp_°C_,sCD163,Group_22C vs Group_15C (Reference),-2449.729157153873,0.6046072058008265,-11722.625392459591,6823.167078151844,0.07610691371957001,-0.11637081258885273,75.68310945213022,0.9758980677523129,-2374.0460477017427,0.5541783532265918,1023.5316774033971,0.46506624146979236,0.9983944120778494,False
Muscle_Temp2_°C_,IL-35,Group_8C vs Group_22C Contrast,-9.44741943988387,0.606944670370207,-45.44181346508755,26.546974585319813,0.07774962038789923,-0.11438587536462164,-13.577447901442698,0.37369307804294083,0.9228584712635435,0.9426258251542945,-8.524560968620328,0.5167067340920548,0.9983944120778494,False
Mean_Skin_Temp_°C_,IFN-a2,Group_8C vs Group_15C (Reference),2.839622366448597,0.6077382545122034,-8.002979430627818,13.68222416352501,0.14819041634018137,-0.02926991358894737,-2.7127543140361126,0.6187121737416613,-1.719309554926186,0.5305431806104566,0.12686805241248456,0.8931318267728532,0.9983944120778494,False
Mean_Skin_Temp_°C_,IL-29_per_IFN-lambda1,Group_8C vs Group_22C Contrast,7.549050121257263,0.6126019785454988,-21.671378393306178,36.769478635820704,0.12328801000308232,-0.05936032124627544,9.012538306516907,0.6901548823991395,-11.621152041661807,0.3907277490062149,-4.072101920404544,0.5140116401552426,0.9983944120778494,False
Core_Temp_°C_,sTNF-R2,Group_8C vs Group_22C Contrast,262.68951136596445,0.6131721727755551,-755.747513137909,1281.1265358698379,0.17953432126482627,0.00860397152833181,630.4454487464885,0.2716132749135606,-507.3182517043939,0.21196832658852482,-244.62874033842945,0.44984041832948307,0.9983944120778494,False
Muscle_Temp2_°C_,sCD163,Group_8C vs Group_15C (Reference),2550.3396059973743,0.6150089073458231,-7388.437210197057,12489.116422191806,0.15346758829580953,-0.02289333080923006,-3111.806158038567,0.46555304729246516,-4352.241313113487,0.31337524456166754,-561.4665520411927,0.8378739413982661,0.9983944120778494,False
Muscle_Temp1_°C_,IL-10,Group_8C vs Group_15C (Reference),-0.6179192292925827,0.6155775522658619,-3.0298533656360647,1.794014907050899,0.3961439537683783,0.27034061080345717,-0.018352558452506388,0.9809982705916368,-2.4696332702268977,9.470202400052585e-13,-0.6362717877450891,0.5072453447381815,0.9983944120778494,False
Muscle_Temp1_°C_,IL-26,Group_8C vs Group_15C (Reference),2.2578137900209225,0.618886232560409,-6.638389663205402,11.154017243247246,0.06805351452685637,-0.1261020032800484,-3.734374180475206,0.3767439549946141,-2.24682570966973,0.5097438181609468,-1.4765603904542837,0.3735130525638768,0.9983944120778494,False
Mean_Body_Temp_°C_,Osteocalcin,Group_8C vs Group_15C (Reference),-431.1490665149437,0.6193026341408332,-2131.9751840723334,1269.6770510424462,0.06431298532637753,-0.13062180939729373,437.6630930690802,0.5500530504703258,-373.1895014689263,0.5723183837670547,6.514026554136535,0.9888387166419048,0.9983944120778494,False
Mean_Skin_Temp_°C_,APRIL_per_TNFSF13,Group_8C vs Group_22C Contrast,-1867.316981883888,0.6212039068473536,-9273.933708336335,5539.299744568559,0.10308865840980419,-0.08376787108815331,1999.1906022091416,0.3826963338691163,1858.1000502332793,0.5977825224742641,-9.216931650608785,0.9946316250287932,0.9983944120778494,False
Muscle_Temp3_°C_,sCD163,Group_22C vs Group_15C (Reference),-2954.9132820963705,0.6217533347350037,-14693.688408567912,8783.86184437517,0.1464675902858259,-0.031351661737960335,-2696.809949587266,0.33127766621683763,-5651.723231683636,0.28691431627242636,-2145.512733251113,0.36430642034474814,0.9983944120778494,False
Muscle_Temp1_°C_,IFN-a2,Group_8C vs Group_22C Contrast,2.5334555870428765,0.6224780464104802,-7.55217474629751,12.619085920383263,0.171497243368968,-0.0011074975958302868,-1.8176673237789833,0.6258875051826676,-2.543863362554765,0.5342854386582161,-0.010407775511888318,0.9973369559053431,0.9983944120778494,False
Mean_Skin_Temp_°C_,IL-20,Group_8C vs Group_22C Contrast,4.960417258515995,0.6242236325935255,-14.88638788044755,24.807222397479542,0.21181151638515483,0.0476055822987288,4.137031551046802,0.6547701954116173,-8.56273774000356,0.384955363834822,-3.602320481487565,0.12101058854968727,0.9983944120778494,False
Muscle_Temp3_°C_,sCD30_per_TNFRSF8,Group_8C vs Group_22C Contrast,10.272940627282694,0.6260483711438601,-31.046814379214652,51.59269563378004,0.1307187053473876,-0.05038156437190655,-5.350208460621299,0.553039202667223,-15.288158865982616,0.2942903950696063,-5.015218238699922,0.7419170250163822,0.9983944120778494,False
Muscle_Temp3_°C_,gp130_per_sIL-6Rb,Group_8C vs Group_22C Contrast,3271.7261765444177,0.626142281799194,-9891.369630429392,16434.821983518228,0.12829609877930703,-0.05330888064167061,1364.781045021571,0.14737694461764198,-1118.7293327642685,0.8398336186793793,2152.9968437801494,0.5713036321895839,0.9983944120778494,False
Muscle_Temp2_°C_,MMP-2,Group_8C vs Group_22C Contrast,1097.757287599248,0.6261588677918482,-3319.048357290788,5514.562932489284,0.05462693122180251,-0.14232579144032198,-741.6641789836452,0.7171384600844739,-1065.4575630871575,0.4107551594954719,32.29972451209039,0.9860249456404149,0.9983944120778494,False
Muscle_Temp1_°C_,IFN-y,Group_8C vs Group_22C Contrast,3.525669910576047,0.6264493549538646,-10.67174234131733,17.723082162469424,0.1559514847996345,-0.019891955867108235,0.6716044968485486,0.0047951454302749595,-0.19346723554982925,0.97377976683686,3.3322026750262177,0.4299304607875092,0.9983944120778494,False
Muscle_Temp1_°C_,Chitinase_3-like1,Group_22C vs Group_15C (Reference),-220.5778722085078,0.6264632841715504,-1108.8356985892992,667.6799541722837,0.16132207712769353,-0.01340249013737016,258.10417287639905,0.4035814524476231,37.526300667891235,0.9098737945546647,-38.698810482679164,0.867561144079146,0.9983944120778494,False
Core_Temp_°C_,sTNF-R1,Group_8C vs Group_22C Contrast,-117.93663845385248,0.6267391747224145,-593.2513613703089,357.37808446260397,0.2999511860208375,0.15410768310851197,186.708418083856,4.508931208254485e-09,-135.94849234012608,0.27473512331945615,-253.88513079397856,0.2225211893490191,0.9983944120778494,False
Muscle_Temp2_°C_,gp130_per_sIL-6Rb,Group_22C vs Group_15C (Reference),-2001.5683155495283,0.6297772866020581,-10139.895026619331,6136.7583955202745,0.12977906760920344,-0.051516959972212506,1012.8661134729903,0.5044842465562926,-988.702202076538,0.7981007929782638,2325.1421496495327,0.5950752741390077,0.9983944120778494,False
Muscle_Temp2_°C_,MMP-3,Group_22C vs Group_15C (Reference),-435.6146883352563,0.6358403141751403,-2238.6731506605665,1367.4437739900538,0.07724789376172647,-0.11499212837124717,-158.19397498015638,0.8132474700327654,-593.8086633154127,0.3465074128828385,-108.68846572399605,0.8086476333262824,0.9983944120778494,False
Core_Temp_°C_,Osteopontin,Group_8C vs Group_22C Contrast,3346.0324539948415,0.6384679354345006,-10612.328452850394,17304.393360840077,0.23436632326053375,0.07485930727314505,3973.7878930116262,0.3082817788591823,-10184.368158459272,0.005400488081243271,-6838.335704464431,0.26295673055443425,0.9983944120778494,False
Mean_Body_Temp_°C_,Osteocalcin,Group_8C vs Group_22C Contrast,379.70352802306286,0.6386105146603007,-1204.946598293775,1964.353654339901,0.06431298532637753,-0.13062180939729373,437.6630930690802,0.5500530504703258,-373.1895014689263,0.5723183837670547,6.514026554136535,0.9888387166419048,0.9983944120778494,False
Muscle_Temp1_°C_,TWEAK_per_TNFSF12,Group_8C vs Group_15C (Reference),-12.84834137821647,0.6415482567411942,-66.94153985110337,41.24485709467044,0.03819656738777366,-0.16217914773977338,-1.4983631890884768,0.9427913924685427,-9.744559846545958,0.7005636528995782,-14.346704567304947,0.4266739897153926,0.9983944120778494,False
Muscle_Temp2_°C_,sTNF-R2,Group_8C vs Group_15C (Reference),125.84125522629996,0.6427566526889504,-405.89398886346294,657.5764993160628,0.041194164427463376,-0.15855705131681508,-79.84126137950778,0.7080909602692838,-90.10452289962033,0.7266978605475054,45.99999384679218,0.7838869843924958,0.9983944120778494,False
Mean_Body_Temp_°C_,sTNF-R1,Group_8C vs Group_15C (Reference),-90.96729906174963,0.6430539648604712,-475.6887051199433,293.75410699644397,0.1108397478735359,-0.07440197131947746,109.58090632334239,0.051410833555495236,-39.531634099794246,0.8039654946582155,18.61360726159276,0.921155367501389,0.9983944120778494,False
Muscle_Temp1_°C_,MMP-2,Group_22C vs Group_15C (Reference),-827.8637164626646,0.6433899147564841,-4332.632580151832,2676.9051472265037,0.04059770634939963,-0.1592777714944753,465.21141437348905,0.7609826895269776,-362.6523020891755,0.6955359722863288,-321.9774402997279,0.8403035148284161,0.9983944120778494,False
Muscle_Temp3_°C_,IL-19,Group_8C vs Group_15C (Reference),4.622053776654275,0.6445188963276325,-15.012227193951112,24.256334747259665,0.05752224016709062,-0.13882729313143205,-3.254346181900419,0.040309975772890666,-4.099662061703475,0.13058463628677908,1.3677075947538562,0.8900224958350991,0.9983944120778494,False
Muscle_Temp2_°C_,Osteocalcin,Group_8C vs Group_15C (Reference),247.80290229756812,0.6445791358681195,-805.0445449777228,1300.650349572859,0.08183693922435886,-0.10944703177056625,-99.78061625779078,0.8102840651182848,-280.2305838021915,0.39710313292458643,148.02228603977733,0.6635670880568001,0.9983944120778494,False
Mean_Body_Temp_°C_,IL-12p70,Group_8C vs Group_22C Contrast,0.5848357159921176,0.64762336827571,-1.9230672316139548,3.09273866359819,0.2186529334561358,0.05587229459283083,1.105326630311668,0.2829757575677745,-0.7765795967900346,0.5357745728760859,-0.19174388079791704,0.44981004141175296,0.9983944120778494,False
Muscle_Temp1_°C_,Osteocalcin,Group_8C vs Group_22C Contrast,173.32992240589618,0.6501029477394958,-575.5948684069517,922.254713218744,0.040293201378325594,-0.15964571500118985,5.392610748583221,0.984987441246708,-116.9781505560214,0.6470192762585003,56.351771849874794,0.8427984315368942,0.9983944120778494,False
Muscle_Temp3_°C_,sIL-6Ra,Group_8C vs Group_15C (Reference),-238.9919816628074,0.6514852560998085,-1275.9985680550842,798.0146047294695,0.09617394864663442,-0.09212314538531663,-3.413069633116158,0.9927758627048276,-551.8292169696783,0.2156862040404448,-242.40505129592356,0.5138192207169126,0.9983944120778494,False
Muscle_Temp2_°C_,IFN-y,Group_8C vs Group_15C (Reference),2.0313905582751746,0.6518656374118406,-6.79329921235871,10.856080328909059,0.1606338321965124,-0.014234119429214154,1.1636960173591844,0.3317147367482697,-1.964066608238381,0.7333003048631233,3.1950865756343587,0.4616049931614383,0.9983944120778494,False
Mean_Skin_Temp_°C_,gp130_per_sIL-6Rb,Group_22C vs Group_15C (Reference),-1419.2366896096953,0.6521263650685327,-7589.578293973742,4751.104914754351,0.12112110468203574,-0.06197866517587336,716.3309400041794,0.5787532348651637,-702.9057496055159,0.8066324907058244,1035.2682389137342,0.5438331065365145,0.9983944120778494,False
Muscle_Temp2_°C_,IFN-a2,Group_22C vs Group_15C (Reference),3.032828911498939,0.6525871629052952,-10.171566227042899,16.237224050040776,0.24415725109551545,0.08669001174041457,-6.41797684250605,0.25699492860031625,-3.3851479310071113,0.3538348270228955,0.24351056329982335,0.9546485244553604,0.9983944120778494,False
Core_Temp_°C_,MMP-2,Group_8C vs Group_22C Contrast,-2338.7753458886336,0.6562104605757706,-12636.398390112088,7958.847698334822,0.12393813592663594,-0.05857475242198151,4690.909981906464,0.3736924392685923,-2089.9718169979587,0.5248095707164762,-4428.747162886592,0.2799615479687412,0.9983944120778494,False
Mean_Body_Temp_°C_,IL-28A_per_IFN-lambda2,Group_8C vs Group_22C Contrast,-4.686845669759594,0.6571579863375221,-25.383965112726653,16.010273773207462,0.1491500986596438,-0.028110297452930366,1.4850146235466073,0.8819933691001965,1.4603717080086893,0.8361974218087742,-3.2264739617509046,0.6810563355590276,0.9983944120778494,False
Mean_Body_Temp_°C_,MMP-2,Group_8C vs Group_15C (Reference),-2440.0803937337264,0.6574450833716359,-13224.929571214228,8344.768783746777,0.07830727279299943,-0.11371204537512569,2682.349004946881,0.4503073677704327,-2377.5446839484966,0.23538309850184902,242.2686112131546,0.954017837096627,0.9983944120778494,False
Muscle_Temp2_°C_,sTNF-R2,Group_8C vs Group_22C Contrast,136.10451674641251,0.6580998315858487,-466.70193973027847,738.9109732231035,0.041194164427463376,-0.15855705131681508,-79.84126137950778,0.7080909602692838,-90.10452289962033,0.7266978605475054,45.99999384679218,0.7838869843924958,0.9983944120778494,False
Muscle_Temp3_°C_,gp130_per_sIL-6Rb,Group_22C vs Group_15C (Reference),-2483.5103777858394,0.6582685607513233,-13488.567109598367,8521.546354026686,0.12829609877930703,-0.05330888064167061,1364.781045021571,0.14737694461764198,-1118.7293327642685,0.8398336186793793,2152.9968437801494,0.5713036321895839,0.9983944120778494,False
Mean_Body_Temp_°C_,IL-29_per_IFN-lambda1,Group_22C vs Group_15C (Reference),-22.499323924569264,0.6586150960698605,-122.30753102224074,77.3088831731022,0.15219388008126522,-0.024432394901804377,39.21845370765411,0.3909194979469296,16.71912978308485,0.45627305598330703,-15.821025960023142,0.6159953400605498,0.9983944120778494,False
Muscle_Temp2_°C_,BAFF_per_TNFSF13B,Group_8C vs Group_22C Contrast,117.625753408574,0.6609543453898195,-408.0208840002935,643.2723908174415,0.09423004247298727,-0.09447203201180687,-144.9322690919052,0.7373218885721222,-195.2860585373605,0.3417613505445989,-77.6603051287865,0.6524142494547744,0.9983944120778494,False
Muscle_Temp3_°C_,sTNF-R1,Group_8C vs Group_15C (Reference),-38.790958805105504,0.661191985843159,-212.26671792915627,134.68480031894526,0.08026009124235156,-0.11135238974882511,18.937625998229016,0.5845458784712967,-15.9734057253604,0.8867897738460044,-19.853332806876487,0.8074280861931766,0.9983944120778494,False
Mean_Skin_Temp_°C_,IL-12p40,Group_8C vs Group_15C (Reference),-2.183011167128614,0.666842776870026,-12.12208433680947,7.756062002552243,0.23791953112336217,0.07915276677406269,2.8895676250423055,0.5440650150121745,-9.321518596653503,0.12817160028861663,0.7065564579136914,0.6848090022412894,0.9983944120778494,False
Core_Temp_°C_,IL-20,Group_8C vs Group_22C Contrast,27.16924501639384,0.6675866371918328,-96.8269436981896,151.16543373097727,0.16947885749283276,-0.0035463805294937423,-2.5582381519776605,0.9291045187933291,-3.0834916136599397,0.9605527881467988,24.0857534027339,0.02506174838972175,0.9983944120778494,False
Core_Temp_°C_,APRIL_per_TNFSF13,Group_22C vs Group_15C (Reference),-6617.731379048992,0.667973966464859,-36856.947148907486,23621.4843908095,0.2293326875829409,0.0687769974960536,12635.214096870292,0.21259164044717593,6017.4827178213,0.6049041081079647,-4503.28757872678,0.4440628677080043,0.9983944120778494,False
Mean_Body_Temp_°C_,IL-20,Group_22C vs Group_15C (Reference),-13.538873568769565,0.6714368372293593,-76.09698847823665,49.01924134069752,0.17793282550786116,0.006668830821998983,1.7458636405189865,0.9190525005674913,-11.793009928250578,0.6611010279460483,-9.889163843850106,0.21537765102289974,0.9983944120778494,False
Muscle_Temp3_°C_,IL-12p40,Group_22C vs Group_15C (Reference),6.883810932456459,0.6743291438848626,-25.223691885321262,38.991313750234184,0.170731793173987,-0.0020324165814322726,-4.513103815811814,0.370592779626445,2.3707071166446454,0.8791113856334165,2.557926757553263,0.7370696719259389,0.9983944120778494,False
Mean_Body_Temp_°C_,sTNF-R2,Group_8C vs Group_22C Contrast,241.12675450361957,0.6754891735425809,-887.8235686114974,1370.0770776187367,0.09513049893144221,-0.09338398045784069,304.2475568664776,0.46825356430670073,-320.4979658270466,0.4668933027060427,-79.37121132342702,0.8306377515607426,0.9983944120778494,False
Mean_Skin_Temp_°C_,BAFF_per_TNFSF13B,Group_8C vs Group_22C Contrast,-106.70342343646404,0.6788510006645485,-611.8308940029776,398.4240471300496,0.04785738248156002,-0.15050566283478162,24.17604762478669,0.9155810604806937,59.440204660132636,0.7924024177942157,-47.2632187763314,0.7034317557662897,0.9983944120778494,False
Core_Temp_°C_,sIL-6Ra,Group_8C vs Group_22C Contrast,-656.0010447715135,0.6799580580728961,-3772.846080799967,2460.8439912569397,0.2047077402925066,0.039021852853445504,1296.253750085243,0.1368003630199051,-656.8399511178993,0.5566357454787925,-1312.8409958894129,0.24594410463742622,0.9983944120778494,False
Mean_Body_Temp_°C_,IL-12p40,Group_8C vs Group_22C Contrast,5.676589950000649,0.6813151427302873,-21.416061144171074,32.769241044172375,0.1682944400098778,-0.004977551654731016,9.300605512876947,0.20156419060065955,-5.1834931145401875,0.6689206744963672,0.49309683546046124,0.9408358166960624,0.9983944120778494,False
Muscle_Temp3_°C_,APRIL_per_TNFSF13,Group_22C vs Group_15C (Reference),2007.5393646123277,0.6884997933926783,-7807.340690969514,11822.41942019417,0.11710439804935457,-0.06683218569036309,-492.1874207674761,0.8252329259247048,1515.3519438448516,0.7354199494921254,2673.5718100925183,0.40648304584231454,0.9983944120778494,False
Muscle_Temp2_°C_,sTNF-R1,Group_22C vs Group_15C (Reference),-37.17927611823128,0.6905534041665551,-220.2219280631028,145.86337582664024,0.07956248520105635,-0.11219533038205687,26.015286784361948,0.4193332902944349,-11.163989333869331,0.8986578793480691,11.262945909787227,0.8768495833188572,0.9983944120778494,False
Core_Temp_°C_,IL-28A_per_IFN-lambda2,Group_8C vs Group_22C Contrast,-7.520973765485309,0.6927274419627041,-44.82546204252343,29.78351451155281,0.15136470945098413,-0.025434309413394196,2.5192228226636546,0.8572654287539362,4.933804251524412,0.7695545534660224,-2.5871695139608972,0.7704533692435813,0.9983944120778494,False
Core_Temp_°C_,BAFF_per_TNFSF13B,Group_8C vs Group_22C Contrast,-273.5730392277444,0.6953588475807071,-1642.8593824139093,1095.7133039584205,0.16797962925436516,-0.005357947984308664,1053.7504021888615,0.004985027245931489,-123.38365533582146,0.8368657608169057,-396.95669456356586,0.2690439550092505,0.9983944120778494,False
Core_Temp_°C_,IL-11,Group_8C vs Group_15C (Reference),-0.6042603949487578,0.6958519407613453,-3.633807253093399,2.4252864631958837,0.18562195818199423,0.015959866136576406,0.6936383950958983,0.2969082508289601,0.1599455314030278,0.8964699797979003,0.08937800014714048,0.9489274525937781,0.9983944120778494,False
Mean_Body_Temp_°C_,APRIL_per_TNFSF13,Group_22C vs Group_15C (Reference),-3603.336004174271,0.6959744519846376,-21676.844278826222,14470.17227047768,0.18173787544326014,0.011266599493939378,8244.029245226597,0.21009612626325702,4640.693241052326,0.47270467850277065,-1300.6661218509198,0.7410700368945424,0.9983944120778494,False
Mean_Skin_Temp_°C_,Pentraxin-3,Group_8C vs Group_15C (Reference),-10.294266755573865,0.6987073552160341,-62.420758423317636,41.832224912169906,0.04542230811294201,-0.15344804436352844,10.947710936709619,0.3986290237590854,4.5108208225335495,0.8783127771592008,0.6534441811357539,0.9775480074370331,0.9983944120778494,False
Muscle_Temp1_°C_,sCD163,Group_8C vs Group_22C Contrast,1793.2728481292768,0.7018346232553867,-7387.5024306204095,10974.048126878963,0.07785275402567371,-0.11426125555231081,-273.4468599327388,0.9137065820826499,-2777.3342068299316,0.4710039842390712,-984.0613587006549,0.7118145045327351,0.9983944120778494,False
Core_Temp_°C_,IL-11,Group_22C vs Group_15C (Reference),-0.5336928636928705,0.7025513591732737,-3.272831920697336,2.2054461933115954,0.18562195818199423,0.015959866136576406,0.6936383950958983,0.2969082508289601,0.1599455314030278,0.8964699797979003,0.08937800014714048,0.9489274525937781,0.9983944120778494,False
Muscle_Temp1_°C_,Osteopontin,Group_8C vs Group_22C Contrast,1332.059079066119,0.7029411739188425,-5514.181395267734,8178.299553399972,0.06652828024020296,-0.12794499470975462,-883.5227193064416,0.6533122064898138,-1561.269158861647,0.5020924713855657,-229.2100797955278,0.9299075500168572,0.9983944120778494,False
Muscle_Temp1_°C_,Pentraxin-3,Group_8C vs Group_15C (Reference),-12.181161009915169,0.7044135727038786,-75.11358797315803,50.75126595332769,0.07572423942356388,-0.11683321069652686,13.429924472593827,0.5704541163437529,1.5638244715993128,0.9747939503105227,1.2487634626786583,0.9541013967995302,0.9983944120778494,False
Muscle_Temp3_°C_,sTNF-R2,Group_22C vs Group_15C (Reference),-129.47933089809882,0.7071216244542319,-804.9070360830201,545.9483742868224,0.046301152896870534,-0.1523861069162813,-52.41021120600402,0.6943999050973948,-181.88954210410284,0.5670270711776122,13.937819864443355,0.9119084196118439,0.9983944120778494,False
Mean_Body_Temp_°C_,IL-26,Group_22C vs Group_15C (Reference),-8.252484270204773,0.7083854690497955,-51.49707371330555,34.992105172896,0.031981310056903633,-0.16968925034790794,0.4032167078902006,0.9804360727665501,-7.849267562314573,0.5936732370861781,1.3309039946464205,0.862859876362976,0.9983944120778494,False
Muscle_Temp1_°C_,IFN-a2,Group_8C vs Group_15C (Reference),1.807259548267095,0.7100232033415437,-7.719169076204685,11.333688172738874,0.171497243368968,-0.0011074975958302868,-1.8176673237789833,0.6258875051826676,-2.543863362554765,0.5342854386582161,-0.010407775511888318,0.9973369559053431,0.9983944120778494,False
Mean_Body_Temp_°C_,IL-28A_per_IFN-lambda2,Group_8C vs Group_15C (Reference),-4.711488585297512,0.7110002711154796,-29.63462822747092,20.211651056875894,0.1491500986596438,-0.028110297452930366,1.4850146235466073,0.8819933691001965,1.4603717080086893,0.8361974218087742,-3.2264739617509046,0.6810563355590276,0.9983944120778494,False
Core_Temp_°C_,IFN-y,Group_22C vs Group_15C (Reference),-8.169875521642101,0.7110607885453223,-51.396893505287665,35.057142462003455,0.1391125094801008,-0.04023905104487824,5.50299084092578,0.00259919853600422,-2.666884680716321,0.9034242193632172,-6.439149409513319,0.29139308227857397,0.9983944120778494,False
Muscle_Temp3_°C_,sTNF-R2,Group_8C vs Group_15C (Reference),66.34803107044738,0.7176506864085097,-293.2748048064258,425.9708669473206,0.046301152896870534,-0.1523861069162813,-52.41021120600402,0.6943999050973948,-181.88954210410284,0.5670270711776122,13.937819864443355,0.9119084196118439,0.9983944120778494,False
Mean_Skin_Temp_°C_,IL-28A_per_IFN-lambda2,Group_22C vs Group_15C (Reference),-2.367798600528291,0.7181119063503013,-15.223793744862009,10.488196543805428,0.1412337146673871,-0.037675928110240564,1.4556317031765615,0.7924586021856688,-0.9121668973517296,0.7957595149854484,-0.3777484049669695,0.7539706664479546,0.9983944120778494,False
Muscle_Temp1_°C_,MMP-2,Group_8C vs Group_15C (Reference),-787.188854673217,0.7219119946390746,-5122.231758876186,3547.854049529752,0.04059770634939963,-0.1592777714944753,465.21141437348905,0.7609826895269776,-362.6523020891755,0.6955359722863288,-321.9774402997279,0.8403035148284161,0.9983944120778494,False
Muscle_Temp2_°C_,sCD30_per_TNFRSF8,Group_22C vs Group_15C (Reference),-6.145233148526117,0.722239774724537,-40.02864899687372,27.738182699821486,0.1191473767071578,-0.06436358647885099,-4.3015560771264205,0.7151463921868881,-10.446789225652537,0.4087826978423177,1.6077892579055728,0.9268695695018696,0.9983944120778494,False
Core_Temp_°C_,TSLP,Group_8C vs Group_22C Contrast,-19.31619045223216,0.724061083400575,-126.55647352990987,87.92409262544554,0.1378043031481484,-0.04181980036265398,3.163118177332089,0.8524283102676249,16.46640950271123,0.7589659532061217,-2.849780949520929,0.7893360551516266,0.9983944120778494,False
Mean_Skin_Temp_°C_,sTNF-R2,Group_22C vs Group_15C (Reference),-93.12375664822925,0.7253164894061276,-612.5851757941962,426.3376624977377,0.02180319849316592,-0.1819878018207577,50.96065805211251,0.7870905472920157,-42.16309859611674,0.8207924150670136,2.997029981080196,0.9619871073239967,0.9983944120778494,False
Mean_Body_Temp_°C_,gp130_per_sIL-6Rb,Group_8C vs Group_15C (Reference),-1713.4575998997182,0.7261107851881275,-11300.325049401044,7873.409849601608,0.13667902833669887,-0.043179507426488906,1976.6119802482574,0.5570656208055902,-5160.206712478365,0.42189553339250807,263.15438034853923,0.9408896791732158,0.9983944120778494,False
Muscle_Temp1_°C_,gp130_per_sIL-6Rb,Group_8C vs Group_15C (Reference),1642.4415260055619,0.7265104585962101,-7561.080028506572,10845.963080517695,0.15025959913171194,-0.026769651049181276,858.5415535056168,0.22509366136615883,1147.3531436161634,0.6524828020029796,2500.9830795111784,0.5900533652803079,0.9983944120778494,False
Muscle_Temp2_°C_,Osteopontin,Group_8C vs Group_15C (Reference),1581.014855231129,0.7269291763148635,-7292.450466991255,10454.480177453514,0.098414413310144,-0.08941591725024267,-1414.7125261540584,0.7006827268421957,-2715.6084643784716,0.3484700073390665,166.30232907707068,0.9497091899101997,0.9983944120778494,False
Muscle_Temp2_°C_,Osteocalcin,Group_22C vs Group_15C (Reference),-180.44996754440072,0.7341273895297243,-1221.7733555920286,860.8734205032271,0.08183693922435886,-0.10944703177056625,-99.78061625779078,0.8102840651182848,-280.2305838021915,0.39710313292458643,148.02228603977733,0.6635670880568001,0.9983944120778494,False
Core_Temp_°C_,IFN-a2,Group_8C vs Group_15C (Reference),-4.357668061153364,0.7347654275191478,-29.567351191799,20.852015069492268,0.13588853420444968,-0.04413468783628982,-1.2379754554465368,0.9038679675503016,0.9705427459954288,0.9630249727186726,-5.595643516599901,0.47143125593105273,0.9983944120778494,False
Mean_Body_Temp_°C_,sIL-6Ra,Group_8C vs Group_22C Contrast,367.2764372861288,0.7384577219794499,-1788.6670702969318,2523.2199448691895,0.03918159868641535,-0.1609889015872481,556.7255261140684,0.3839013565249223,-279.371780918539,0.7811502745008436,87.90465636758978,0.84368315902913,0.9983944120778494,False
Muscle_Temp2_°C_,IL-12p40,Group_8C vs Group_15C (Reference),4.161133899811539,0.740573881712616,-20.471404175813426,28.793671975436503,0.18813901904129515,0.019001314674898406,-3.0380213963174074,0.7076930536138248,-5.845492571454454,0.2030252756655646,1.1231125034941312,0.9069391422786435,0.9983944120778494,False
Mean_Body_Temp_°C_,sCD30_per_TNFRSF8,Group_8C vs Group_22C Contrast,10.563942714405094,0.7406923222095132,-52.00188807818365,73.12977350699384,0.10899842273019988,-0.07662690586767518,21.852021117937745,0.1645954727693324,-4.942286654707516,0.8669087229310162,5.621656059697578,0.6454067997566015,0.9983944120778494,False
Mean_Skin_Temp_°C_,sCD163,Group_8C vs Group_15C (Reference),947.8485679512669,0.741226198129505,-4677.77353773824,6573.470673640773,0.07610691371957001,-0.11637081258885273,75.68310945213022,0.9758980677523129,-2374.0460477017427,0.5541783532265918,1023.5316774033971,0.46506624146979236,0.9983944120778494,False
Muscle_Temp1_°C_,IL-29_per_IFN-lambda1,Group_8C vs Group_22C Contrast,-5.640737666653058,0.7431369411958575,-39.3782296640816,28.096754330775482,0.13624907605090197,-0.0436990331051601,7.672558503677189,0.7002465380526706,-5.986362488132876,0.18100757485355246,-11.627100154785934,0.4842145264631377,0.9983944120778494,False
Mean_Skin_Temp_°C_,IL-28A_per_IFN-lambda2,Group_8C vs Group_15C (Reference),-1.833380108143531,0.7460855897888606,-12.930669521701896,9.263909305414833,0.1412337146673871,-0.037675928110240564,1.4556317031765615,0.7924586021856688,-0.9121668973517296,0.7957595149854484,-0.3777484049669695,0.7539706664479546,0.9983944120778494,False
Muscle_Temp1_°C_,IL-12p70,Group_22C vs Group_15C (Reference),-0.12799223226922446,0.7470602629102211,-0.9058096679280101,0.6498252033895613,0.10288866997051149,-0.08400952378563198,-0.10663320979963001,0.5276301582910017,-0.23462544206885447,0.5135797561750088,0.10519024393917559,0.7059296728649755,0.9983944120778494,False
Muscle_Temp1_°C_,sCD30_per_TNFRSF8,Group_8C vs Group_22C Contrast,7.208571823781571,0.7478085059531965,-36.73378128656685,51.15092493412999,0.11169971353641273,-0.07336284614350119,4.277522281480309,0.569549872591463,-7.147662795152099,0.5675826279845873,0.060909028629471784,0.9973883923176097,0.9983944120778494,False
Muscle_Temp1_°C_,IL-19,Group_8C vs Group_22C Contrast,3.4128396208428113,0.7495688125361722,-17.542669808560078,24.368349050245698,0.05635106252291078,-0.1402424661181494,-0.30729094042109073,0.9088735279489303,-3.2575061487127424,0.05389237929642254,0.15533347213006893,0.9882607401733168,0.9983944120778494,False
Muscle_Temp1_°C_,Osteocalcin,Group_22C vs Group_15C (Reference),-122.37076130460463,0.74992315490567,-874.8391182525968,630.0975956433874,0.040293201378325594,-0.15964571500118985,5.392610748583221,0.984987441246708,-116.9781505560214,0.6470192762585003,56.351771849874794,0.8427984315368942,0.9983944120778494,False
Core_Temp_°C_,IL-35,Group_22C vs Group_15C (Reference),24.043324351067664,0.7502888853183967,-124.02516248988098,172.11181119201632,0.14329484701202522,-0.03518539319380287,33.091991928139265,0.3039612684488715,57.13531627920693,0.4031616039506485,-19.788774607115982,0.742653181109336,0.9983944120778494,False
Mean_Body_Temp_°C_,Pentraxin-3,Group_8C vs Group_22C Contrast,38.10968229131233,0.7553938846032746,-201.65458158255746,277.87394616518213,0.11606029343248625,-0.06809381210241239,45.99067507742686,0.28684084313524627,-45.78844497886189,0.6106155736178007,-7.678762687549558,0.9262306420114168,0.9983944120778494,False
Muscle_Temp1_°C_,sIL-6Ra,Group_8C vs Group_22C Contrast,172.00825192256076,0.755983043318423,-912.86792523448,1256.8844290796014,0.08874562540523168,-0.10109903596867831,171.2178013900425,0.5023130425893909,-284.0339428377897,0.4052407179033357,-112.02569091522895,0.797128141834208,0.9983944120778494,False
Core_Temp_°C_,IL-28A_per_IFN-lambda2,Group_8C vs Group_15C (Reference),-5.106392336624552,0.7580578741662224,-37.59762839826407,27.384843725014967,0.15136470945098413,-0.025434309413394196,2.5192228226636546,0.8572654287539362,4.933804251524412,0.7695545534660224,-2.5871695139608972,0.7704533692435813,0.9983944120778494,False
Muscle_Temp3_°C_,TWEAK_per_TNFSF12,Group_8C vs Group_15C (Reference),-10.054633497077072,0.7583409052794848,-74.10815537099147,53.99888837683732,0.07976846925343684,-0.1119464329854305,-14.348257086180915,0.5853972507655059,-14.57915487439264,0.6944166878878728,-24.402890583257985,0.20836626113995704,0.9983944120778494,False
Muscle_Temp1_°C_,sTNF-R2,Group_22C vs Group_15C (Reference),-83.88900298821905,0.7595290566708197,-621.0331117603573,453.2551057839192,0.043268687822912044,-0.15605033554731462,76.17005051790774,0.6569651364708575,-7.718952470311308,0.971193691955438,31.648212237905362,0.8548148572021932,0.9983944120778494,False
Muscle_Temp3_°C_,IL-26,Group_8C vs Group_22C Contrast,3.0659004506050227,0.7617485997371608,-16.754201477950865,22.886002379160907,0.03506656622465598,-0.16596123247854067,-4.359254763372295,0.34509266331070454,-3.3432487554704835,0.7239890504722406,-0.2773483048654608,0.9377874567259312,0.9983944120778494,False
Muscle_Temp2_°C_,IL-12p40,Group_22C vs Group_15C (Reference),-2.807471175137046,0.7630687038981152,-21.060841611124808,15.445899260850716,0.18813901904129515,0.019001314674898406,-3.0380213963174074,0.7076930536138248,-5.845492571454454,0.2030252756655646,1.1231125034941312,0.9069391422786435,0.9983944120778494,False
Core_Temp_°C_,TSLP,Group_8C vs Group_15C (Reference),-6.012899126853018,0.7645154176091417,-45.35460286368094,33.328804609974895,0.1378043031481484,-0.04181980036265398,3.163118177332089,0.8524283102676249,16.46640950271123,0.7589659532061217,-2.849780949520929,0.7893360551516266,0.9983944120778494,False
Muscle_Temp3_°C_,sTNF-R1,Group_22C vs Group_15C (Reference),-34.91103172358942,0.7662298683549269,-265.0559009008542,195.23383745367542,0.08026009124235156,-0.11135238974882511,18.937625998229016,0.5845458784712967,-15.9734057253604,0.8867897738460044,-19.853332806876487,0.8074280861931766,0.9983944120778494,False
Muscle_Temp2_°C_,MMP-1,Group_8C vs Group_15C (Reference),83.79082616778777,0.766464718557141,-469.15767438839435,636.73932672397,0.24537039655782011,0.08815589584069938,61.22785145510488,0.6817213247505971,-320.49971973866,0.22434122062548445,145.01867762289265,0.5446452758974876,0.9983944120778494,False
Core_Temp_°C_,IFN-a2,Group_8C vs Group_22C Contrast,-6.566186262595329,0.7687304561227412,-50.33541383240005,37.20304130720939,0.13588853420444968,-0.04413468783628982,-1.2379754554465368,0.9038679675503016,0.9705427459954288,0.9630249727186726,-5.595643516599901,0.47143125593105273,0.9983944120778494,False
Muscle_Temp2_°C_,APRIL_per_TNFSF13,Group_22C vs Group_15C (Reference),-1267.3736473811691,0.7692982387434919,-9736.74418154421,7201.996886781872,0.12683481321171786,-0.05507460070250758,-495.3474933958812,0.8743016487281485,-1762.7211407770503,0.5539012796661529,2617.2225272455235,0.5027136028274439,0.9983944120778494,False
Mean_Skin_Temp_°C_,IL-11,Group_8C vs Group_22C Contrast,0.0920028916768913,0.770238756339144,-0.5254183856834467,0.7094241690372292,0.2113255886840515,0.047018419659895616,0.3906841899399235,0.1575337335665381,-0.12462616324573039,0.6270918586597092,-0.032623271568839096,0.8583809878420794,0.9983944120778494,False
Muscle_Temp3_°C_,IL-11,Group_22C vs Group_15C (Reference),-0.15038543552325118,0.7746184117209765,-1.1797594703780867,0.8789885993315842,0.2749194049007079,0.12386094758835542,-0.33048746679299046,0.2161967960972595,-0.48087290231624163,0.2875235752076888,0.3186076676736558,0.4548530205892063,0.9983944120778494,False
Muscle_Temp3_°C_,MMP-3,Group_8C vs Group_22C Contrast,-317.27488993402324,0.7753419326429951,-2496.2195368642692,1861.669756996223,0.036391586884148786,-0.16436016584832025,153.77001504576728,0.7190015209965384,-28.637234083491336,0.9780581929495076,-345.91212401751454,0.37454512617217395,0.9983944120778494,False
Muscle_Temp2_°C_,gp130_per_sIL-6Rb,Group_8C vs Group_15C (Reference),1312.2760361765424,0.7768686858744608,-7763.219745525975,10387.77181787906,0.12977906760920344,-0.051516959972212506,1012.8661134729903,0.5044842465562926,-988.702202076538,0.7981007929782638,2325.1421496495327,0.5950752741390077,0.9983944120778494,False
Core_Temp_°C_,sCD30_per_TNFRSF8,Group_8C vs Group_22C Contrast,-14.99434903305496,0.777680716713861,-119.08388276930133,89.0951847031914,0.18804226606799257,0.018884404832157697,37.381672223091144,0.06839705925474278,-16.786523860892615,0.5866448124908761,-31.780872893947574,0.4620378502384046,0.9983944120778494,False
Mean_Body_Temp_°C_,IFN-y,Group_8C vs Group_22C Contrast,3.0594884326144305,0.7781361114408147,-18.223997919323022,24.34297478455188,0.13807260415620215,-0.04149560331125568,4.364320064043866,0.01082029004774269,-4.197307091667442,0.6961249385561372,-1.1378186590530115,0.46438433047031147,0.9983944120778494,False
Core_Temp_°C_,MMP-1,Group_8C vs Group_22C Contrast,300.8536638912552,0.7787572796904095,-1798.08395128947,2399.79127907198,0.2310523635439522,0.0708549392822756,871.2157337088403,0.0010311652656237794,-407.98123369479424,0.6593276213034835,-107.12756980353902,0.8424031691799798,0.9983944120778494,False
Muscle_Temp2_°C_,MMP-2,Group_8C vs Group_15C (Reference),773.9639034957356,0.7787819278375152,-4626.196143537827,6174.123950529298,0.05462693122180251,-0.14232579144032198,-741.6641789836452,0.7171384600844739,-1065.4575630871575,0.4107551594954719,32.29972451209039,0.9860249456404149,0.9983944120778494,False
Muscle_Temp2_°C_,sCD30_per_TNFRSF8,Group_8C vs Group_15C (Reference),5.909345335031993,0.7795640466935633,-35.47198245466422,47.29067312472821,0.1191473767071578,-0.06436358647885099,-4.3015560771264205,0.7151463921868881,-10.446789225652537,0.4087826978423177,1.6077892579055728,0.9268695695018696,0.9983944120778494,False
Muscle_Temp1_°C_,TSLP,Group_8C vs Group_15C (Reference),1.8294567082536357,0.7806900617320011,-11.049182846064769,14.70809626257204,0.18452336369674271,0.014632397800230845,-0.1406314162795695,0.963155507271565,-8.891593196719885,0.00042819969194485274,1.6888252919740663,0.7717981499327264,0.9983944120778494,False
Muscle_Temp2_°C_,Osteopontin,Group_22C vs Group_15C (Reference),-1300.8959382244132,0.7811910146747206,-10480.196119497257,7878.4042430484305,0.098414413310144,-0.08941591725024267,-1414.7125261540584,0.7006827268421957,-2715.6084643784716,0.3484700073390665,166.30232907707068,0.9497091899101997,0.9983944120778494,False
Mean_Skin_Temp_°C_,BAFF_per_TNFSF13B,Group_8C vs Group_15C (Reference),-71.43926640111809,0.7832304656711103,-580.3904215220459,437.5118887198098,0.04785738248156002,-0.15050566283478162,24.17604762478669,0.9155810604806937,59.440204660132636,0.7924024177942157,-47.2632187763314,0.7034317557662897,0.9983944120778494,False
Muscle_Temp1_°C_,IL-26,Group_22C vs Group_15C (Reference),1.4875484708054763,0.7840525289302804,-9.151492150866632,12.126589092477586,0.06805351452685637,-0.1261020032800484,-3.734374180475206,0.3767439549946141,-2.24682570966973,0.5097438181609468,-1.4765603904542837,0.3735130525638768,0.9983944120778494,False
Mean_Skin_Temp_°C_,MMP-2,Group_8C vs Group_15C (Reference),-396.52004822362676,0.7852956848305022,-3249.292808356752,2456.2527119094984,0.06539820072426261,-0.12931050745818262,796.91922849959,0.5047105064000479,-1008.7503798217381,0.3567596209858168,400.3991802759632,0.6301500458078235,0.9983944120778494,False
Muscle_Temp2_°C_,IL-29_per_IFN-lambda1,Group_8C vs Group_22C Contrast,-4.986828472008633,0.7866784764611443,-41.1037332221164,31.130076278099132,0.1068919626674888,-0.07917221177678435,-6.478009039354594,0.5072685723374568,-5.218701855394801,0.49824222479579827,-10.205530327403434,0.5420578264289087,0.9983944120778494,False
Muscle_Temp3_°C_,IL-19,Group_22C vs Group_15C (Reference),-0.845315879803056,0.7879039253012522,-7.003615329280263,5.312983569674152,0.05752224016709062,-0.13882729313143205,-3.254346181900419,0.040309975772890666,-4.099662061703475,0.13058463628677908,1.3677075947538562,0.8900224958350991,0.9983944120778494,False
Muscle_Temp3_°C_,TSLP,Group_8C vs Group_22C Contrast,5.227157413047127,0.7945419829169766,-34.11444075611594,44.56875558221019,0.0930222407986544,-0.09593145903495914,1.218077532816716,0.8467488221195427,-2.689339900857421,0.8883401494624317,2.5378175121897057,0.672369626561218,0.9983944120778494,False
Muscle_Temp1_°C_,gp130_per_sIL-6Rb,Group_8C vs Group_22C Contrast,1353.629935895015,0.7982405065461207,-9025.307725082337,11732.567596872366,0.15025959913171194,-0.026769651049181276,858.5415535056168,0.22509366136615883,1147.3531436161634,0.6524828020029796,2500.9830795111784,0.5900533652803079,0.9983944120778494,False
Muscle_Temp2_°C_,Pentraxin-3,Group_22C vs Group_15C (Reference),14.652484112961751,0.7983614891545493,-97.76205252299235,127.06702074891584,0.0649161397675464,-0.12989299778088137,-19.961013777733665,0.15867652270691035,-5.308529664771914,0.9239080743623074,-4.53779563966104,0.8591005439881179,0.9983944120778494,False
Mean_Body_Temp_°C_,IL-35,Group_8C vs Group_22C Contrast,-15.848612487456695,0.7990369475540018,-137.85981681083712,106.16259183592372,0.13564406537683082,-0.04443008766966261,30.426143349069594,0.14668842067422608,36.64285898972088,0.11598864946132914,20.79424650226418,0.7186556205321282,0.9983944120778494,False
Core_Temp_°C_,IL-10,Group_8C vs Group_22C Contrast,-1.191138230412899,0.801414767871258,-10.473354157175471,8.091077696349675,0.124037148063875,-0.058455112756151006,2.9198711390871304,0.023915544243182357,0.0044547378035191265,0.9991273943498085,-1.1866834926093799,0.6232828485891817,0.9983944120778494,False
Muscle_Temp1_°C_,TWEAK_per_TNFSF12,Group_22C vs Group_15C (Reference),-8.246196657457482,0.801697771365508,-72.59904465332545,56.10665133841048,0.03819656738777366,-0.16217914773977338,-1.4983631890884768,0.9427913924685427,-9.744559846545958,0.7005636528995782,-14.346704567304947,0.4266739897153926,0.9983944120778494,False
Muscle_Temp2_°C_,IL-35,Group_8C vs Group_15C (Reference),5.0528869328223704,0.8019396302635109,-34.42873134258749,44.534505208232225,0.07774962038789923,-0.11438587536462164,-13.577447901442698,0.37369307804294083,0.9228584712635435,0.9426258251542945,-8.524560968620328,0.5167067340920548,0.9983944120778494,False
Mean_Skin_Temp_°C_,TWEAK_per_TNFSF12,Group_8C vs Group_15C (Reference),7.388306042826269,0.8040170061372068,-50.966367886740315,65.74297997239286,0.10910139428691068,-0.07650248190331621,6.226032304492439,0.8192192565770955,-19.7213780773096,0.2953784271349418,13.614338347318707,0.2571516069548978,0.9983944120778494,False
Muscle_Temp1_°C_,BAFF_per_TNFSF13B,Group_8C vs Group_22C Contrast,64.4759601351287,0.8060570947353931,-450.24812042736414,579.2000406976216,0.07890476427998283,-0.11299007649502069,108.3703014444105,0.5601711057179432,-102.87880304132264,0.6086364375627906,-38.40284290619394,0.8203443537255821,0.9983944120778494,False
Muscle_Temp2_°C_,TSLP,Group_8C vs Group_15C (Reference),-1.864884373788982,0.8093847157337287,-17.017476449931447,13.287707702353483,0.17959023604948665,0.008671535226463134,2.367105681820314,0.6547704979016242,-9.303371560116046,0.009543133250537572,0.502221308031332,0.9289727505969827,0.9983944120778494,False
Mean_Skin_Temp_°C_,sTNF-R2,Group_8C vs Group_15C (Reference),-47.96362807103231,0.809427106574168,-437.76695076738497,341.83969462532036,0.02180319849316592,-0.1819878018207577,50.96065805211251,0.7870905472920157,-42.16309859611674,0.8207924150670136,2.997029981080196,0.9619871073239967,0.9983944120778494,False
Muscle_Temp3_°C_,IL-12p70,Group_22C vs Group_15C (Reference),-0.20945638230871577,0.8128931086749784,-1.94386683753017,1.5249540729127382,0.12314762774973897,-0.059529949802398674,-0.2092600118966555,0.5073633500561783,-0.41871639420537127,0.6125155589919757,0.20121258657132268,0.40666709345739616,0.9983944120778494,False
Core_Temp_°C_,TSLP,Group_22C vs Group_15C (Reference),13.303291325379142,0.8131864447244908,-97.03128506181974,123.63786771257804,0.1378043031481484,-0.04181980036265398,3.163118177332089,0.8524283102676249,16.46640950271123,0.7589659532061217,-2.849780949520929,0.7893360551516266,0.9983944120778494,False
Mean_Body_Temp_°C_,sTNF-R1,Group_8C vs Group_22C Contrast,58.14524136138701,0.8134741993970233,-424.8654499655943,541.1559326883684,0.1108397478735359,-0.07440197131947746,109.58090632334239,0.051410833555495236,-39.531634099794246,0.8039654946582155,18.61360726159276,0.921155367501389,0.9983944120778494,False
Muscle_Temp3_°C_,TWEAK_per_TNFSF12,Group_8C vs Group_22C Contrast,-9.823735708865348,0.8145138448613923,-91.89515418275201,72.24768276502132,0.07976846925343684,-0.1119464329854305,-14.348257086180915,0.5853972507655059,-14.57915487439264,0.6944166878878728,-24.402890583257985,0.20836626113995704,0.9983944120778494,False
Mean_Skin_Temp_°C_,sTNF-R1,Group_22C vs Group_15C (Reference),16.21393189749005,0.8150350366990873,-119.63000696732252,152.05787076230263,0.11529025808470417,-0.06902427148098234,12.181381365201716,0.7846336291713651,28.395313262691765,0.5926483414528527,21.63531229738384,0.7368382651400145,0.9983944120778494,False
Mean_Skin_Temp_°C_,sIL-6Ra,Group_22C vs Group_15C (Reference),-100.64229346927469,0.8170486782197186,-953.2967417022522,752.0121547637028,0.03574901385928497,-0.16513660825336385,135.51964758770995,0.5725103185701892,34.877354118435264,0.9234054691616282,115.31677663409805,0.589064451955811,0.9983944120778494,False
Mean_Skin_Temp_°C_,sTNF-R2,Group_8C vs Group_22C Contrast,45.160128577196936,0.8181976790109745,-339.9108913628105,430.23114851720436,0.02180319849316592,-0.1819878018207577,50.96065805211251,0.7870905472920157,-42.16309859611674,0.8207924150670136,2.997029981080196,0.9619871073239967,0.9983944120778494,False
Muscle_Temp1_°C_,Osteopontin,Group_22C vs Group_15C (Reference),-677.7464395552054,0.8239381434979978,-6648.3618853261805,5292.86900621577,0.06652828024020296,-0.12794499470975462,-883.5227193064416,0.6533122064898138,-1561.269158861647,0.5020924713855657,-229.2100797955278,0.9299075500168572,0.9983944120778494,False
Muscle_Temp3_°C_,MMP-1,Group_22C vs Group_15C (Reference),-93.25696778765425,0.8275427191929677,-932.2598638458525,745.7459282705439,0.17656791983588516,0.005019569801694601,-40.511612696584436,0.7939694893733813,-133.76858048423867,0.7374138149000398,198.17734645666684,0.36484541802759374,0.9983944120778494,False
Core_Temp_°C_,Pentraxin-3,Group_8C vs Group_22C Contrast,23.353533501399085,0.827754302259049,-187.01675665434627,233.72382365714444,0.2656052489171806,0.11260634244159329,71.45876811855823,0.4249041745390887,-94.82854214164652,0.3188196932552534,-71.47500864024744,0.15050537985029822,0.9983944120778494,False
Mean_Skin_Temp_°C_,MMP-1,Group_8C vs Group_22C Contrast,108.24354087550489,0.8280451829870019,-868.4976575096625,1084.9847392606723,0.3051534045592371,0.16039369717574492,365.98711406356733,0.026951724544663675,-222.75957634790757,0.6541082182686913,-114.51603547240268,0.0008143357873364732,0.9983944120778494,False
Muscle_Temp1_°C_,Pentraxin-3,Group_22C vs Group_15C (Reference),-11.866100000994514,0.8287635898061875,-119.39482937435184,95.66262937236283,0.07572423942356388,-0.11683321069652686,13.429924472593827,0.5704541163437529,1.5638244715993128,0.9747939503105227,1.2487634626786583,0.9541013967995302,0.9983944120778494,False
Muscle_Temp3_°C_,BAFF_per_TNFSF13B,Group_8C vs Group_22C Contrast,59.99080086804948,0.8293642618470479,-485.59015761023664,605.5717593463356,0.051584993051203676,-0.14600146672979553,-72.18050348152308,0.7665500647526431,-131.16372340834891,0.5770844159660373,-71.17292254029945,0.6325694277193514,0.9983944120778494,False
Muscle_Temp3_°C_,IL-20,Group_22C vs Group_15C (Reference),4.923410079642384,0.8296135546257426,-39.91781150924196,49.76463166852672,0.25618660631317214,0.10122548262841635,-13.016413077707815,0.09947601489809664,-8.093002998065431,0.706226967430859,7.654036466646749,0.026496376968894397,0.9983944120778494,False
Muscle_Temp1_°C_,sCD30_per_TNFRSF8,Group_8C vs Group_15C (Reference),-4.216613252850837,0.8336024856776751,-43.555301100651675,35.12207459495001,0.11169971353641273,-0.07336284614350119,4.277522281480309,0.569549872591463,-7.147662795152099,0.5675826279845873,0.060909028629471784,0.9973883923176097,0.9983944120778494,False
Muscle_Temp3_°C_,APRIL_per_TNFSF13,Group_8C vs Group_22C Contrast,1158.2198662476665,0.833838297896392,-9663.09716965162,11979.536902146952,0.11710439804935457,-0.06683218569036309,-492.1874207674761,0.8252329259247048,1515.3519438448516,0.7354199494921254,2673.5718100925183,0.40648304584231454,0.9983944120778494,False
Muscle_Temp3_°C_,IFN-a2,Group_8C vs Group_22C Contrast,1.83336685226904,0.8348062641551206,-15.397739819029539,19.06447352356762,0.27318311629496594,0.12176293218975054,-8.13041371829691,0.03465102371604307,-0.7659672346782065,0.921896961853941,1.0673996175908336,0.791197419778032,0.9983944120778494,False
Muscle_Temp3_°C_,IL-35,Group_8C vs Group_15C (Reference),4.56418397518028,0.837562144670982,-39.070346834819716,48.19871478518027,0.08427058493108897,-0.10650637654160078,-6.729386084143362,0.6787521181382272,21.639095192950073,0.4336612098643773,-2.165202108963082,0.8868722814903525,0.9983944120778494,False
Muscle_Temp2_°C_,sCD163,Group_22C vs Group_15C (Reference),-1240.4351550749202,0.8380236319782495,-13133.512173987132,10652.641863837292,0.15346758829580953,-0.02289333080923006,-3111.806158038567,0.46555304729246516,-4352.241313113487,0.31337524456166754,-561.4665520411927,0.8378739413982661,0.9983944120778494,False
Muscle_Temp1_°C_,IL-26,Group_8C vs Group_22C Contrast,0.7702653192154463,0.8389774724323668,-6.659401188996733,8.199931827427626,0.06805351452685637,-0.1261020032800484,-3.734374180475206,0.3767439549946141,-2.24682570966973,0.5097438181609468,-1.4765603904542837,0.3735130525638768,0.9983944120778494,False
Muscle_Temp3_°C_,gp130_per_sIL-6Rb,Group_8C vs Group_15C (Reference),788.2157987585784,0.8405558184083297,-6890.75242467484,8467.184022191997,0.12829609877930703,-0.05330888064167061,1364.781045021571,0.14737694461764198,-1118.7293327642685,0.8398336186793793,2152.9968437801494,0.5713036321895839,0.9983944120778494,False
Muscle_Temp1_°C_,Osteopontin,Group_8C vs Group_15C (Reference),654.3126395109138,0.8411605358137357,-5744.739750235989,7053.365029257817,0.06652828024020296,-0.12794499470975462,-883.5227193064416,0.6533122064898138,-1561.269158861647,0.5020924713855657,-229.2100797955278,0.9299075500168572,0.9983944120778494,False
Mean_Skin_Temp_°C_,Pentraxin-3,Group_22C vs Group_15C (Reference),-6.4368901141760695,0.84150862302995,-69.52856491017963,56.65478468182749,0.04542230811294201,-0.15344804436352844,10.947710936709619,0.3986290237590854,4.5108208225335495,0.8783127771592008,0.6534441811357539,0.9775480074370331,0.9983944120778494,False
Muscle_Temp3_°C_,Pentraxin-3,Group_8C vs Group_22C Contrast,14.945265061335325,0.8420157583715,-132.02114017560143,161.9116702982721,0.060531239698286,-0.1351914186979044,-7.366974131503866,0.5908696023628544,-21.015941871814263,0.7667023884546524,-6.070676810478938,0.8050429462137092,0.9983944120778494,False
Mean_Body_Temp_°C_,IL-35,Group_22C vs Group_15C (Reference),6.216715640651281,0.8428209015463468,-55.23243911436679,67.66587039566936,0.13564406537683082,-0.04443008766966261,30.426143349069594,0.14668842067422608,36.64285898972088,0.11598864946132914,20.79424650226418,0.7186556205321282,0.9983944120778494,False
Muscle_Temp2_°C_,sTNF-R1,Group_8C vs Group_22C Contrast,22.42693524365656,0.8438665450112789,-200.7604661430824,245.61433663039554,0.07956248520105635,-0.11219533038205687,26.015286784361948,0.4193332902944349,-11.163989333869331,0.8986578793480691,11.262945909787227,0.8768495833188572,0.9983944120778494,False
Muscle_Temp3_°C_,TSLP,Group_22C vs Group_15C (Reference),-3.907417433674137,0.8463499868185752,-43.42898961921895,35.61415475187067,0.0930222407986544,-0.09593145903495914,1.218077532816716,0.8467488221195427,-2.689339900857421,0.8883401494624317,2.5378175121897057,0.672369626561218,0.9983944120778494,False
Muscle_Temp1_°C_,sCD163,Group_8C vs Group_15C (Reference),-710.6144987679161,0.8464360989036095,-7902.205846136822,6480.97684860099,0.07785275402567371,-0.11426125555231081,-273.4468599327388,0.9137065820826499,-2777.3342068299316,0.4710039842390712,-984.0613587006549,0.7118145045327351,0.9983944120778494,False
Core_Temp_°C_,IL-26,Group_8C vs Group_15C (Reference),-3.0843762193827824,0.8468250203758438,-34.37926590914198,28.210513470376412,0.030648488335244584,-0.17129974326157948,-5.992798712995813,0.6298737559269881,-4.702634511872893,0.8795698937854999,-9.077174932378595,0.3647504968439521,0.9983944120778494,False
Muscle_Temp2_°C_,IL-29_per_IFN-lambda1,Group_8C vs Group_15C (Reference),-3.7275212880488393,0.8474835561772269,-41.713272392503725,34.25822981640604,0.1068919626674888,-0.07917221177678435,-6.478009039354594,0.5072685723374568,-5.218701855394801,0.49824222479579827,-10.205530327403434,0.5420578264289087,0.9983944120778494,False
Mean_Skin_Temp_°C_,sIL-6Ra,Group_8C vs Group_22C Contrast,80.43942251566278,0.8484403558205869,-744.5423197236248,905.4211647549503,0.03574901385928497,-0.16513660825336385,135.51964758770995,0.5725103185701892,34.877354118435264,0.9234054691616282,115.31677663409805,0.589064451955811,0.9983944120778494,False
Muscle_Temp3_°C_,Pentraxin-3,Group_22C vs Group_15C (Reference),-13.648967740310397,0.8499514123005395,-155.05622883790892,127.75829335728814,0.060531239698286,-0.1351914186979044,-7.366974131503866,0.5908696023628544,-21.015941871814263,0.7667023884546524,-6.070676810478938,0.8050429462137092,0.9983944120778494,False
Muscle_Temp1_°C_,Chitinase_3-like1,Group_8C vs Group_22C Contrast,-76.2251111505704,0.850590172798074,-869.3706098190635,716.9203875179228,0.16132207712769353,-0.01340249013737016,258.10417287639905,0.4035814524476231,37.526300667891235,0.9098737945546647,-38.698810482679164,0.867561144079146,0.9983944120778494,False
Muscle_Temp2_°C_,Chitinase_3-like1,Group_8C vs Group_15C (Reference),101.6228491960604,0.8521670753315513,-967.1870755377391,1170.4327739298599,0.07935079157412661,-0.11245112684793024,-155.09778014827793,0.750133844364604,-65.8464880662141,0.867764454492121,-53.474930952217534,0.827451330542269,0.9983944120778494,False
Muscle_Temp2_°C_,sTNF-R1,Group_8C vs Group_15C (Reference),-14.75234087457472,0.8527868075575806,-170.56963707522448,141.06495532607505,0.07956248520105635,-0.11219533038205687,26.015286784361948,0.4193332902944349,-11.163989333869331,0.8986578793480691,11.262945909787227,0.8768495833188572,0.9983944120778494,False
Muscle_Temp3_°C_,MMP-2,Group_22C vs Group_15C (Reference),-375.20934367667496,0.8533851177597115,-4354.60756788909,3604.1888805357407,0.04568896747341,-0.1531258309696295,-562.8966013786165,0.6742900556612964,-938.1059450552915,0.5386933946265775,-665.537348741712,0.6468754374465915,0.9983944120778494,False
Mean_Skin_Temp_°C_,TSLP,Group_8C vs Group_22C Contrast,-1.5809423904364648,0.8540763733596537,-18.428759333973534,15.266874553100603,0.2092788901860384,0.044545325641463074,2.884610643909635,0.5584185999647364,-3.3716393156648823,0.5744656396472592,-4.952581706101347,0.4206945021690427,0.9983944120778494,False
Muscle_Temp1_°C_,sTNF-R2,Group_8C vs Group_15C (Reference),-44.52183828000238,0.85497098118606,-521.934060453506,432.8903838935013,0.043268687822912044,-0.15605033554731462,76.17005051790774,0.6569651364708575,-7.718952470311308,0.971193691955438,31.648212237905362,0.8548148572021932,0.9983944120778494,False
Muscle_Temp1_°C_,MMP-1,Group_8C vs Group_15C (Reference),44.312126675177545,0.857793866678761,-440.388334959039,529.0125883093941,0.20250732445453912,0.036363017049234836,67.00841304178219,0.6131980883814303,-211.02277522082431,0.4311462615535884,111.32053971695973,0.5938885516074601,0.9983944120778494,False
Muscle_Temp2_°C_,TWEAK_per_TNFSF12,Group_8C vs Group_22C Contrast,6.044832374561775,0.8614833554257045,-61.856639169637845,73.9463039187614,0.060800244436140294,-0.1348663713063305,-16.70376266085652,0.6654816662620695,-17.065479902994,0.5329795486710427,-11.020647528432225,0.6037817187275236,0.9983944120778494,False
Muscle_Temp3_°C_,BAFF_per_TNFSF13B,Group_22C vs Group_15C (Reference),-58.98321992682585,0.8615795776304563,-721.9935467082465,604.0271068545948,0.051584993051203676,-0.14600146672979553,-72.18050348152308,0.7665500647526431,-131.16372340834891,0.5770844159660373,-71.17292254029945,0.6325694277193514,0.9983944120778494,False
Muscle_Temp1_°C_,IL-11,Group_8C vs Group_15C (Reference),0.0772455072819677,0.8646902580182046,-0.8112075934658809,0.9656986080298162,0.2585145080249175,0.10403836386344201,-0.09087626630574572,0.7472406524384987,-0.4373143588405449,0.2129493342158364,-0.013630759023778014,0.9693647707615289,0.9983944120778494,False
Muscle_Temp3_°C_,Osteopontin,Group_8C vs Group_15C (Reference),602.2984527433632,0.866169763947897,-6402.470571917162,7607.067477403889,0.15925567917451022,-0.015899387664133346,-1860.771926046961,0.5134259249312945,-5144.288996715056,0.17092233373983157,-1258.4734733035978,0.5601453431075694,0.9983944120778494,False
Mean_Skin_Temp_°C_,Osteocalcin,Group_8C vs Group_15C (Reference),-57.71469373622857,0.8662681062515043,-729.4385213377578,614.0091338653007,0.058270316741335204,-0.1379233672708866,139.44959939333137,0.6764100448766467,-128.72473064434524,0.6575726282098322,81.7349056571028,0.2841704162717391,0.9983944120778494,False
Core_Temp_°C_,IFN-y,Group_8C vs Group_22C Contrast,-3.7722647287969977,0.8686511564669646,-48.481386633593566,40.93685717599957,0.1391125094801008,-0.04023905104487824,5.50299084092578,0.00259919853600422,-2.666884680716321,0.9034242193632172,-6.439149409513319,0.29139308227857397,0.9983944120778494,False
Mean_Skin_Temp_°C_,IFN-a2,Group_22C vs Group_15C (Reference),0.9934447591099265,0.8706574867389483,-10.965008364187467,12.951897882407321,0.14819041634018137,-0.02926991358894737,-2.7127543140361126,0.6187121737416613,-1.719309554926186,0.5305431806104566,0.12686805241248456,0.8931318267728532,0.9983944120778494,False
Muscle_Temp3_°C_,MMP-3,Group_22C vs Group_15C (Reference),-182.40724912925862,0.8712551925797192,-2388.3931749986937,2023.5786767401764,0.036391586884148786,-0.16436016584832025,153.77001504576728,0.7190015209965384,-28.637234083491336,0.9780581929495076,-345.91212401751454,0.37454512617217395,0.9983944120778494,False
Muscle_Temp3_°C_,IFN-y,Group_8C vs Group_22C Contrast,1.675855966078756,0.8714513324797557,-18.623080062097234,21.974791994254748,0.16512800059972244,-0.008803665942002104,1.2916133963873913,0.44067645298843894,1.9155206733577899,0.8441826308376106,3.591376639436546,0.3053643257181886,0.9983944120778494,False
Mean_Body_Temp_°C_,IL-11,Group_8C vs Group_22C Contrast,-0.15011287562405928,0.8722029314110633,-1.979153825968299,1.6789280747201805,0.22704850146093725,0.06601693926529928,0.9417588095762801,0.001971877497528839,-0.03442499150710465,0.9493332293858983,-0.18453786713116394,0.8081079576585632,0.9983944120778494,False
Core_Temp_°C_,IL-12p70,Group_8C vs Group_22C Contrast,0.3440045349720511,0.8749555305955672,-3.940555791155028,4.628564861099131,0.1505178414066588,-0.026457608300287205,0.5225967961293523,0.4647687591781474,-0.9184686816448833,0.6679489858929686,-0.5744641466728322,0.19233266687718853,0.9983944120778494,False
Muscle_Temp1_°C_,sTNF-R1,Group_22C vs Group_15C (Reference),-11.704950138681811,0.8752646812413574,-157.8511828398321,134.44128256246844,0.1257941994788574,-0.05633200896304724,29.35099455931473,0.013490394781580078,17.64604442063292,0.810552879930265,29.025458123108898,0.6296992278738589,0.9983944120778494,False
Mean_Body_Temp_°C_,IL-35,Group_8C vs Group_15C (Reference),-9.631896846805413,0.8753663990369701,-129.99326060453524,110.72946691092442,0.13564406537683082,-0.04443008766966261,30.426143349069594,0.14668842067422608,36.64285898972088,0.11598864946132914,20.79424650226418,0.7186556205321282,0.9983944120778494,False
Mean_Body_Temp_°C_,TSLP,Group_22C vs Group_15C (Reference),3.235181969231263,0.875380146211066,-37.196544906880256,43.66690884534278,0.23839954552534925,0.07973278417646379,0.6974051890065758,0.9406215191518204,3.9325871582378387,0.830594419721538,-18.588893557805452,0.2894874831807024,0.9983944120778494,False
Muscle_Temp3_°C_,TSLP,Group_8C vs Group_15C (Reference),1.3197399793729898,0.8794628009968924,-15.736894575614581,18.37637453436056,0.0930222407986544,-0.09593145903495914,1.218077532816716,0.8467488221195427,-2.689339900857421,0.8883401494624317,2.5378175121897057,0.672369626561218,0.9983944120778494,False
Muscle_Temp3_°C_,sCD163,Group_8C vs Group_15C (Reference),551.2972163361533,0.879835685601963,-6596.079676601283,7698.67410927359,0.1464675902858259,-0.031351661737960335,-2696.809949587266,0.33127766621683763,-5651.723231683636,0.28691431627242636,-2145.512733251113,0.36430642034474814,0.9983944120778494,False
Mean_Skin_Temp_°C_,gp130_per_sIL-6Rb,Group_8C vs Group_15C (Reference),318.9372989095548,0.8814437847152774,-3872.486327322057,4510.360925141166,0.12112110468203574,-0.06197866517587336,716.3309400041794,0.5787532348651637,-702.9057496055159,0.8066324907058244,1035.2682389137342,0.5438331065365145,0.9983944120778494,False
Muscle_Temp1_°C_,TWEAK_per_TNFSF12,Group_8C vs Group_22C Contrast,-4.602144720758988,0.8823974668982358,-65.5780220230315,56.37373258151352,0.03819656738777366,-0.16217914773977338,-1.4983631890884768,0.9427913924685427,-9.744559846545958,0.7005636528995782,-14.346704567304947,0.4266739897153926,0.9983944120778494,False
Muscle_Temp1_°C_,IFN-y,Group_22C vs Group_15C (Reference),-0.8650717323983779,0.8832529932083328,-12.41118754318726,10.681044078390507,0.1559514847996345,-0.019891955867108235,0.6716044968485486,0.0047951454302749595,-0.19346723554982925,0.97377976683686,3.3322026750262177,0.4299304607875092,0.9983944120778494,False
Muscle_Temp3_°C_,IL-28A_per_IFN-lambda2,Group_22C vs Group_15C (Reference),1.0480380335441613,0.8843196675954865,-13.07003974422743,15.166115811315752,0.19117933536813358,0.022675030236494753,-3.8320041557546927,0.2501089036815193,-2.7839661222105314,0.6628889669236473,1.8082233094859688,0.5695622167520646,0.9983944120778494,False
Muscle_Temp2_°C_,BAFF_per_TNFSF13B,Group_8C vs Group_15C (Reference),67.2719639631187,0.8850307749580646,-844.5906621767941,979.1345901030314,0.09423004247298727,-0.09447203201180687,-144.9322690919052,0.7373218885721222,-195.2860585373605,0.3417613505445989,-77.6603051287865,0.6524142494547744,0.9983944120778494,False
Mean_Skin_Temp_°C_,IL-26,Group_8C vs Group_15C (Reference),-1.1740024814149244,0.8856599233192154,-17.175625505205904,14.827620542376057,0.04397643701552134,-0.1551951386062449,2.040916004460312,0.7992489991193666,-4.537657721767854,0.484317042813768,0.8669135230453875,0.5636447732512466,0.9983944120778494,False
Mean_Skin_Temp_°C_,IL-28A_per_IFN-lambda2,Group_8C vs Group_22C Contrast,0.5344184923847601,0.885904961332859,-6.7655776691044744,7.834414653873995,0.1412337146673871,-0.037675928110240564,1.4556317031765615,0.7924586021856688,-0.9121668973517296,0.7957595149854484,-0.3777484049669695,0.7539706664479546,0.9983944120778494,False
Muscle_Temp1_°C_,sTNF-R2,Group_8C vs Group_22C Contrast,39.36716470821667,0.8861555271106455,-499.56817919672557,578.3025086131589,0.043268687822912044,-0.15605033554731462,76.17005051790774,0.6569651364708575,-7.718952470311308,0.971193691955438,31.648212237905362,0.8548148572021932,0.9983944120778494,False
Muscle_Temp2_°C_,Chitinase_3-like1,Group_22C vs Group_15C (Reference),89.25129208206383,0.8868722446156322,-1140.3676325094684,1318.8702166735961,0.07935079157412661,-0.11245112684793024,-155.09778014827793,0.750133844364604,-65.8464880662141,0.867764454492121,-53.474930952217534,0.827451330542269,0.9983944120778494,False
Core_Temp_°C_,IL-26,Group_8C vs Group_22C Contrast,-4.374540420505703,0.8932970363635349,-68.29668790400328,59.54760706299187,0.030648488335244584,-0.17129974326157948,-5.992798712995813,0.6298737559269881,-4.702634511872893,0.8795698937854999,-9.077174932378595,0.3647504968439521,0.9983944120778494,False
Muscle_Temp2_°C_,MMP-2,Group_22C vs Group_15C (Reference),-323.7933841035123,0.8936726163764648,-5071.888959916624,4424.3021917096,0.05462693122180251,-0.14232579144032198,-741.6641789836452,0.7171384600844739,-1065.4575630871575,0.4107551594954719,32.29972451209039,0.9860249456404149,0.9983944120778494,False
Muscle_Temp1_°C_,IL-12p40,Group_8C vs Group_15C (Reference),1.4397189139362494,0.8953887318114493,-20.020660589285804,22.900098417158304,0.18963414913584975,0.020807930205818503,-0.6519544507312856,0.8324804461889511,-5.979798771922976,0.2056496565540229,0.7877644632049638,0.9402321984646895,0.9983944120778494,False
Muscle_Temp1_°C_,IFN-a2,Group_22C vs Group_15C (Reference),-0.7261960387757815,0.8956490513550858,-11.57799827681383,10.125606199262268,0.171497243368968,-0.0011074975958302868,-1.8176673237789833,0.6258875051826676,-2.543863362554765,0.5342854386582161,-0.010407775511888318,0.9973369559053431,0.9983944120778494,False
Muscle_Temp3_°C_,MMP-2,Group_8C vs Group_22C Contrast,272.5685963135795,0.8970647676970993,-3856.9346743917213,4402.07186701888,0.04568896747341,-0.1531258309696295,-562.8966013786165,0.6742900556612964,-938.1059450552915,0.5386933946265775,-665.537348741712,0.6468754374465915,0.9983944120778494,False
Mean_Skin_Temp_°C_,sCD30_per_TNFRSF8,Group_22C vs Group_15C (Reference),-1.6719524211414067,0.8971204827504425,-27.01590677439781,23.672001932115,0.11086805745078199,-0.07436776391363842,4.826573434197343,0.5117983597037565,3.154621013055936,0.7667274271646225,4.356425558295544,0.4261957941358925,0.9983944120778494,False
Muscle_Temp2_°C_,TWEAK_per_TNFSF12,Group_8C vs Group_15C (Reference),5.683115132424295,0.8974283799633277,-80.72327801976942,92.089508284618,0.060800244436140294,-0.1348663713063305,-16.70376266085652,0.6654816662620695,-17.065479902994,0.5329795486710427,-11.020647528432225,0.6037817187275236,0.9983944120778494,False
Core_Temp_°C_,MMP-3,Group_8C vs Group_22C Contrast,-434.7592255942527,0.898032082639795,-7084.336522843621,6214.818071655116,0.1504997753113344,-0.026479438165470937,2837.9054685650676,0.25743392885310024,186.59837495346892,0.9507050217368642,-248.1608506407838,0.872723624619085,0.9983944120778494,False
Mean_Body_Temp_°C_,TWEAK_per_TNFSF12,Group_8C vs Group_15C (Reference),7.39313578997952,0.8980558418488892,-105.70819002869284,120.49446160865189,0.08861824709879762,-0.10125295142228619,18.736859464709713,0.7077606080298846,-47.05471141589756,0.216185177186198,26.129995254689234,0.3648967116003794,0.9983944120778494,False
Muscle_Temp1_°C_,Osteocalcin,Group_8C vs Group_15C (Reference),50.95916110129157,0.8995195744390208,-740.0402151589708,841.9585373615539,0.040293201378325594,-0.15964571500118985,5.392610748583221,0.984987441246708,-116.9781505560214,0.6470192762585003,56.351771849874794,0.8427984315368942,0.9983944120778494,False
Muscle_Temp3_°C_,Chitinase_3-like1,Group_8C vs Group_22C Contrast,-65.3402620260951,0.9027438948227364,-1113.3864064270701,982.7058823748798,0.1143880499175639,-0.07011443968294362,-207.6453127985952,0.5731006692136145,-149.65006769260876,0.7642034665516342,-214.99032971870386,0.2639002382234332,0.9983944120778494,False
Mean_Skin_Temp_°C_,sTNF-R1,Group_8C vs Group_15C (Reference),9.453930932182125,0.9039052252737219,-144.02430891114992,162.93217077551415,0.11529025808470417,-0.06902427148098234,12.181381365201716,0.7846336291713651,28.395313262691765,0.5926483414528527,21.63531229738384,0.7368382651400145,0.9983944120778494,False
Muscle_Temp1_°C_,sTNF-R1,Group_8C vs Group_22C Contrast,11.379413702475976,0.9047490658842082,-175.00572512043252,197.76455252538446,0.1257941994788574,-0.05633200896304724,29.35099455931473,0.013490394781580078,17.64604442063292,0.810552879930265,29.025458123108898,0.6296992278738589,0.9983944120778494,False
Muscle_Temp2_°C_,IL-28A_per_IFN-lambda2,Group_22C vs Group_15C (Reference),-0.4570828354832437,0.9079857659511141,-8.208158575663695,7.293992904697207,0.28097821428150216,0.13118200892348186,-4.823576216067018,0.03312233091205846,-5.280659051550261,0.10340893673280327,0.3842326686110855,0.90355893426897,0.9983944120778494,False
Core_Temp_°C_,IL-28A_per_IFN-lambda2,Group_22C vs Group_15C (Reference),2.414581428860757,0.9122267334850075,-40.51819365488342,45.34735651260493,0.15136470945098413,-0.025434309413394196,2.5192228226636546,0.8572654287539362,4.933804251524412,0.7695545534660224,-2.5871695139608972,0.7704533692435813,0.9983944120778494,False
Mean_Skin_Temp_°C_,BAFF_per_TNFSF13B,Group_22C vs Group_15C (Reference),35.264157035345946,0.9125146994882704,-593.8269710668935,664.3552851375855,0.04785738248156002,-0.15050566283478162,24.17604762478669,0.9155810604806937,59.440204660132636,0.7924024177942157,-47.2632187763314,0.7034317557662897,0.9983944120778494,False
Muscle_Temp1_°C_,MMP-3,Group_8C vs Group_22C Contrast,67.73867462301962,0.9125726120478089,-1141.5040213131306,1276.9813705591696,0.1316901295499322,-0.04920776012716521,475.6528838318392,0.4311904755311997,-279.26765499475187,0.5660581372083064,-211.52898037173225,0.5769966103271136,0.9983944120778494,False
Muscle_Temp1_°C_,gp130_per_sIL-6Rb,Group_22C vs Group_15C (Reference),288.8115901105467,0.9130293904795788,-4894.025046810706,5471.648227031799,0.15025959913171194,-0.026769651049181276,858.5415535056168,0.22509366136615883,1147.3531436161634,0.6524828020029796,2500.9830795111784,0.5900533652803079,0.9983944120778494,False
Muscle_Temp2_°C_,BAFF_per_TNFSF13B,Group_22C vs Group_15C (Reference),-50.353789445455305,0.9161833324242109,-988.107532651729,887.3999537608184,0.09423004247298727,-0.09447203201180687,-144.9322690919052,0.7373218885721222,-195.2860585373605,0.3417613505445989,-77.6603051287865,0.6524142494547744,0.9983944120778494,False
Mean_Skin_Temp_°C_,Osteopontin,Group_8C vs Group_15C (Reference),-348.3272789764309,0.9170901688546705,-6906.544306924883,6209.889748972022,0.08121692528591617,-0.11019621527951795,1411.538979899303,0.6607828113869572,-840.6567756479642,0.6880745853609576,1063.2117009228723,0.24880942526548644,0.9983944120778494,False
Core_Temp_°C_,IL-29_per_IFN-lambda1,Group_22C vs Group_15C (Reference),12.725260103041258,0.917418038155451,-227.81734209135075,253.26786229743325,0.27665254220592717,0.12595515516549538,56.343222565904505,0.43588800441859565,69.06848266894576,0.48609957446232444,0.42974860796949343,0.9939618891876911,0.9983944120778494,False
Mean_Skin_Temp_°C_,Pentraxin-3,Group_8C vs Group_22C Contrast,-3.8573766413977957,0.9180957980467639,-77.37934469511559,69.66459141232001,0.04542230811294201,-0.15344804436352844,10.947710936709619,0.3986290237590854,4.5108208225335495,0.8783127771592008,0.6534441811357539,0.9775480074370331,0.9983944120778494,False
Muscle_Temp2_°C_,IL-29_per_IFN-lambda1,Group_22C vs Group_15C (Reference),1.2593071839597936,0.9193838303531991,-23.12760052716384,25.64621489508343,0.1068919626674888,-0.07917221177678435,-6.478009039354594,0.5072685723374568,-5.218701855394801,0.49824222479579827,-10.205530327403434,0.5420578264289087,0.9983944120778494,False
Mean_Skin_Temp_°C_,sCD30_per_TNFRSF8,Group_8C vs Group_22C Contrast,1.201804545239608,0.9199621201758905,-22.240703869020177,24.64431295949939,0.11086805745078199,-0.07436776391363842,4.826573434197343,0.5117983597037565,3.154621013055936,0.7667274271646225,4.356425558295544,0.4261957941358925,0.9983944120778494,False
Muscle_Temp2_°C_,IL-26,Group_8C vs Group_15C (Reference),0.5865560030912229,0.9211294027137844,-11.024544658949134,12.19765666513158,0.09318837892288567,-0.09573070880151313,-1.4985677680246225,0.7787096754409994,-7.709858233122377,0.25402137680780057,-0.9120117649333996,0.7236897288529591,0.9983944120778494,False
Muscle_Temp3_°C_,IL-26,Group_22C vs Group_15C (Reference),1.0160060079018116,0.9231576545152012,-19.628799301078253,21.660811316881876,0.03506656622465598,-0.16596123247854067,-4.359254763372295,0.34509266331070454,-3.3432487554704835,0.7239890504722406,-0.2773483048654608,0.9377874567259312,0.9983944120778494,False
Core_Temp_°C_,IFN-a2,Group_22C vs Group_15C (Reference),2.2085182014419655,0.924518270097115,-43.47903979692198,47.89607619980592,0.13588853420444968,-0.04413468783628982,-1.2379754554465368,0.9038679675503016,0.9705427459954288,0.9630249727186726,-5.595643516599901,0.47143125593105273,0.9983944120778494,False
Muscle_Temp3_°C_,Chitinase_3-like1,Group_22C vs Group_15C (Reference),57.99524510598644,0.9255013411115764,-1157.6296465888445,1273.6201368008174,0.1143880499175639,-0.07011443968294362,-207.6453127985952,0.5731006692136145,-149.65006769260876,0.7642034665516342,-214.99032971870386,0.2639002382234332,0.9983944120778494,False
Core_Temp_°C_,sCD163,Group_8C vs Group_22C Contrast,1349.995826494178,0.9278833214028821,-27884.810921896787,30584.802574885143,0.1456841916858329,-0.03229826837961847,5142.360485595277,0.35592037110439734,-9147.786979718396,0.4011228020703892,-7797.791153224217,0.44399184419440463,0.9983944120778494,False
Mean_Skin_Temp_°C_,IL-35,Group_8C vs Group_22C Contrast,-1.4601424883543181,0.9340810565254329,-36.060945576619986,33.14066059991136,0.11990052241293991,-0.06345353541769749,19.25384883016875,0.04578636278692467,8.95549738831204,0.3527171766294006,7.4953548999577215,0.6123371348468103,0.9983944120778494,False
Mean_Skin_Temp_°C_,sTNF-R1,Group_8C vs Group_22C Contrast,-6.760000965307924,0.9354282684707923,-170.3005921765171,156.78059024590124,0.11529025808470417,-0.06902427148098234,12.181381365201716,0.7846336291713651,28.395313262691765,0.5926483414528527,21.63531229738384,0.7368382651400145,0.9983944120778494,False
Muscle_Temp3_°C_,Osteocalcin,Group_22C vs Group_15C (Reference),-37.29267032121808,0.941528419172468,-1033.7931587929806,959.2078181505445,0.0574356740627463,-0.13893189384084814,-173.41425391553454,0.5614360287040328,-210.70692423675263,0.6086083240496671,111.1493420411517,0.7502659384211685,0.9983944120778494,False
Mean_Body_Temp_°C_,IL-20,Group_8C vs Group_22C Contrast,1.903846084400472,0.9459053440247694,-53.093342529052116,56.901034697853056,0.17793282550786116,0.006668830821998983,1.7458636405189865,0.9190525005674913,-11.793009928250578,0.6611010279460483,-9.889163843850106,0.21537765102289974,0.9983944120778494,False
Muscle_Temp1_°C_,APRIL_per_TNFSF13,Group_8C vs Group_15C (Reference),340.73062202609844,0.9466215835411663,-9634.186382187101,10315.647626239297,0.16668265904657564,-0.006925120318721056,1739.915682810481,0.5408829905328474,-1675.7986470055762,0.6134579539893348,2080.6463048365795,0.6219472111861548,0.9983944120778494,False
Muscle_Temp3_°C_,IL-29_per_IFN-lambda1,Group_8C vs Group_15C (Reference),1.3247181666704477,0.9479474216213988,-38.44577588980257,41.09521222314347,0.14683552140011402,-0.0309070783081955,-3.0676790486982566,0.8132052661367188,29.047783635530298,0.46688353381439773,-1.7429608820278089,0.9110091515878063,0.9983944120778494,False
Muscle_Temp3_°C_,IFN-y,Group_22C vs Group_15C (Reference),0.6239072769703986,0.9496930769365018,-18.757816390319803,20.005630944260602,0.16512800059972244,-0.008803665942002104,1.2916133963873913,0.44067645298843894,1.9155206733577899,0.8441826308376106,3.591376639436546,0.3053643257181886,0.9983944120778494,False
Mean_Skin_Temp_°C_,sIL-6Ra,Group_8C vs Group_15C (Reference),-20.202870953611907,0.9498632201724956,-649.9391327293281,609.5333908221044,0.03574901385928497,-0.16513660825336385,135.51964758770995,0.5725103185701892,34.877354118435264,0.9234054691616282,115.31677663409805,0.589064451955811,0.9983944120778494,False
Muscle_Temp2_°C_,MMP-3,Group_8C vs Group_15C (Reference),49.505509256160344,0.9510314974202827,-1530.4757975011876,1629.4868160135084,0.07724789376172647,-0.11499212837124717,-158.19397498015638,0.8132474700327654,-593.8086633154127,0.3465074128828385,-108.68846572399605,0.8086476333262824,0.9983944120778494,False
Muscle_Temp3_°C_,MMP-2,Group_8C vs Group_15C (Reference),-102.64074736309546,0.9585734367590287,-3975.518494568097,3770.236999841906,0.04568896747341,-0.1531258309696295,-562.8966013786165,0.6742900556612964,-938.1059450552915,0.5386933946265775,-665.537348741712,0.6468754374465915,0.9983944120778494,False
Mean_Skin_Temp_°C_,sCD30_per_TNFRSF8,Group_8C vs Group_15C (Reference),-0.47014787590179874,0.9591131900840307,-18.44433248186987,17.504036730066275,0.11086805745078199,-0.07436776391363842,4.826573434197343,0.5117983597037565,3.154621013055936,0.7667274271646225,4.356425558295544,0.4261957941358925,0.9983944120778494,False
Mean_Body_Temp_°C_,IL-26,Group_8C vs Group_15C (Reference),0.9276872867562198,0.9592553905761816,-34.66253613243273,36.51791070594516,0.031981310056903633,-0.16968925034790794,0.4032167078902006,0.9804360727665501,-7.849267562314573,0.5936732370861781,1.3309039946464205,0.862859876362976,0.9983944120778494,False
Muscle_Temp3_°C_,Pentraxin-3,Group_8C vs Group_15C (Reference),1.2962973210249282,0.9632774292071211,-53.88682700117169,56.47942164322155,0.060531239698286,-0.1351914186979044,-7.366974131503866,0.5908696023628544,-21.015941871814263,0.7667023884546524,-6.070676810478938,0.8050429462137092,0.9983944120778494,False
Muscle_Temp1_°C_,IL-19,Group_8C vs Group_15C (Reference),0.46262441255115966,0.9661247911887033,-20.887685505425274,21.812934330527597,0.05635106252291078,-0.1402424661181494,-0.30729094042109073,0.9088735279489303,-3.2575061487127424,0.05389237929642254,0.15533347213006893,0.9882607401733168,0.9983944120778494,False
Core_Temp_°C_,IL-26,Group_22C vs Group_15C (Reference),1.29016420112292,0.9692205026611522,-64.24341057529954,66.82373897754537,0.030648488335244584,-0.17129974326157948,-5.992798712995813,0.6298737559269881,-4.702634511872893,0.8795698937854999,-9.077174932378595,0.3647504968439521,0.9983944120778494,False
Core_Temp_°C_,IL-11,Group_8C vs Group_22C Contrast,-0.07056753125588733,0.9697287045644083,-3.715301405433317,3.5741663429215422,0.18562195818199423,0.015959866136576406,0.6936383950958983,0.2969082508289601,0.1599455314030278,0.8964699797979003,0.08937800014714048,0.9489274525937781,0.9983944120778494,False
Mean_Body_Temp_°C_,IFN-a2,Group_8C vs Group_22C Contrast,-0.3419173165990752,0.9714110453335857,-19.041245028795757,18.357410395597604,0.13530018448116354,-0.04484561041859392,-2.211286489319361,0.8410579393645805,-1.7396054625741764,0.8394259777722046,-2.0815227791732513,0.6169079843265841,0.9983944120778494,False
Muscle_Temp2_°C_,sIL-6Ra,Group_8C vs Group_15C (Reference),-24.068819370364924,0.9727053947420299,-1402.8056951727476,1354.6680564320177,0.1039669543942755,-0.08270659677358361,-66.76375623937426,0.9059379580716298,-451.152342288197,0.2309473300671856,-90.83257560973918,0.8283976559029864,0.9983944120778494,False
Mean_Body_Temp_°C_,IFN-a2,Group_22C vs Group_15C (Reference),0.47168102674518453,0.9730745571276963,-26.918269675150206,27.861631728640575,0.13530018448116354,-0.04484561041859392,-2.211286489319361,0.8410579393645805,-1.7396054625741764,0.8394259777722046,-2.0815227791732513,0.6169079843265841,0.9983944120778494,False
Mean_Skin_Temp_°C_,APRIL_per_TNFSF13,Group_22C vs Group_15C (Reference),-141.09055197586244,0.9732080658925414,-8374.891822326024,8092.7107183743,0.10308865840980419,-0.08376787108815331,1999.1906022091416,0.3826963338691163,1858.1000502332793,0.5977825224742641,-9.216931650608785,0.9946316250287932,0.9983944120778494,False
Mean_Body_Temp_°C_,MMP-1,Group_8C vs Group_22C Contrast,-26.643449532341947,0.9738895513260186,-1622.1357550543398,1568.848855989656,0.3942051023307429,0.2679978319829811,842.3342982499979,0.0007238231280414187,-490.54959944450854,0.5159969904799049,-517.1930489768505,0.08860512169118318,0.9983944120778494,False
Muscle_Temp2_°C_,sTNF-R2,Group_22C vs Group_15C (Reference),-10.26326152011255,0.9755270294266383,-665.9837384129826,645.4572153727574,0.041194164427463376,-0.15855705131681508,-79.84126137950778,0.7080909602692838,-90.10452289962033,0.7266978605475054,45.99999384679218,0.7838869843924958,0.9983944120778494,False
Muscle_Temp2_°C_,IL-12p70,Group_8C vs Group_15C (Reference),0.012999194228243555,0.9755687169307232,-0.818937782860728,0.8449361713172152,0.15839123062241744,-0.016943929664578805,0.10038948281448981,0.7512692850974048,-0.46705957254475716,0.343922659141779,0.11338867704273337,0.6882418194319557,0.9983944120778494,False
Core_Temp_°C_,Chitinase_3-like1,Group_8C vs Group_22C Contrast,24.11075447432131,0.9764603898569054,-1577.4545477282352,1625.6760566768778,0.3075492803901444,0.16328871380475785,1640.1475160574516,0.14760648663677814,-760.6603833865845,0.20318198150534683,-736.5496289122632,0.186149655639547,0.9983944120778494,False
Muscle_Temp3_°C_,sTNF-R1,Group_8C vs Group_22C Contrast,-3.8799270815160867,0.9776746199337372,-275.6265489156987,267.86669475266655,0.08026009124235156,-0.11135238974882511,18.937625998229016,0.5845458784712967,-15.9734057253604,0.8867897738460044,-19.853332806876487,0.8074280861931766,0.9983944120778494,False
Muscle_Temp2_°C_,Chitinase_3-like1,Group_8C vs Group_22C Contrast,12.371557113996573,0.9787922313072492,-899.7954748928175,924.5385891208107,0.07935079157412661,-0.11245112684793024,-155.09778014827793,0.750133844364604,-65.8464880662141,0.867764454492121,-53.474930952217534,0.827451330542269,0.9983944120778494,False
Mean_Skin_Temp_°C_,Chitinase_3-like1,Group_8C vs Group_15C (Reference),-6.532575228659291,0.9821292988975628,-578.1357937370148,565.0706432796961,0.09318108416192827,-0.09573952330433655,73.58992813563641,0.7830843268647786,-165.88584415588934,0.4825764330488673,67.05735290697712,0.5652977676884174,0.9983944120778494,False
Muscle_Temp1_°C_,MMP-2,Group_8C vs Group_22C Contrast,40.67486178944762,0.9824314752301155,-3579.685703247848,3661.0354268267433,0.04059770634939963,-0.1592777714944753,465.21141437348905,0.7609826895269776,-362.6523020891755,0.6955359722863288,-321.9774402997279,0.8403035148284161,0.9983944120778494,False
Muscle_Temp1_°C_,IL-28A_per_IFN-lambda2,Group_8C vs Group_15C (Reference),0.10160290537399588,0.9828181378920897,-9.145176146709375,9.348381957457367,0.2157726602180453,0.05239196443013816,0.07538636796840188,0.9839370888219064,-4.638704828474503,0.2929460704612077,0.17698927334239778,0.9508286929970369,0.9983944120778494,False
Mean_Body_Temp_°C_,Osteopontin,Group_8C vs Group_15C (Reference),-159.32304909674573,0.9828539384839637,-14689.434795380505,14370.788697187014,0.12311082970076959,-0.05957441411156994,2261.383336578771,0.6603224938830916,-5865.726613029725,0.3280163862439984,2102.060287482025,0.6936663604231768,0.9983944120778494,False
Muscle_Temp1_°C_,IL-35,Group_22C vs Group_15C (Reference),-0.42346966981355294,0.9830766498183563,-39.5518214880404,38.704882148413304,0.07279981952975412,-0.12036688473488044,-1.5961215448834292,0.9109521661839409,-2.019591214696982,0.8849681762040944,-11.729927707509681,0.2531203037001324,0.9983944120778494,False
Muscle_Temp3_°C_,sCD30_per_TNFRSF8,Group_8C vs Group_15C (Reference),0.3349902219213766,0.9848997032125519,-34.35537499508159,35.025355438924336,0.1307187053473876,-0.05038156437190655,-5.350208460621299,0.553039202667223,-15.288158865982616,0.2942903950696063,-5.015218238699922,0.7419170250163822,0.9983944120778494,False
Muscle_Temp3_°C_,Chitinase_3-like1,Group_8C vs Group_15C (Reference),-7.345016920108664,0.9859034936012314,-822.1372214769264,807.4471876367089,0.1143880499175639,-0.07011443968294362,-207.6453127985952,0.5731006692136145,-149.65006769260876,0.7642034665516342,-214.99032971870386,0.2639002382234332,0.9983944120778494,False
Mean_Body_Temp_°C_,sCD163,Group_8C vs Group_15C (Reference),-85.32849566744525,0.9880538852287448,-11254.972509158713,11084.315517823823,0.108356115185685,-0.07740302748396388,1486.5566707351065,0.7546233546998589,-7593.240478615575,0.38597361769114613,1401.2281750676614,0.6553523445870018,0.9983944120778494,False
Muscle_Temp2_°C_,Pentraxin-3,Group_8C vs Group_22C Contrast,0.7707340251108743,0.9899480434536005,-119.13461940093866,120.6760874511604,0.0649161397675464,-0.12989299778088137,-19.961013777733665,0.15867652270691035,-5.308529664771914,0.9239080743623074,-4.53779563966104,0.8591005439881179,0.9983944120778494,False
Core_Temp_°C_,IL-12p40,Group_22C vs Group_15C (Reference),0.5086457932564041,0.9907430448511966,-85.41757414237779,86.4348657288906,0.23657826950972516,0.07753207565758458,14.221964125956129,0.1443586220954729,14.730609919212533,0.7303797081053576,-17.115899229164597,0.40625146308611204,0.9983944120778494,False
Mean_Body_Temp_°C_,IFN-a2,Group_8C vs Group_15C (Reference),0.12976371014610935,0.9912152075741151,-22.96965908564219,23.229186505934404,0.13530018448116354,-0.04484561041859392,-2.211286489319361,0.8410579393645805,-1.7396054625741764,0.8394259777722046,-2.0815227791732513,0.6169079843265841,0.9983944120778494,False
Muscle_Temp2_°C_,IL-19,Group_22C vs Group_15C (Reference),0.035845108822157634,0.9912383223201802,-6.3618281287402,6.433518346384515,0.06080450995950204,-0.13486121713226829,-3.485388347638829,0.22799739230115557,-3.4495432388166716,0.02281561219783712,3.405473542085346,0.7330072233631348,0.9983944120778494,False
Muscle_Temp3_°C_,IL-12p40,Group_8C vs Group_22C Contrast,0.18721964090861754,0.9913900591767022,-33.81748017866965,34.19191946048688,0.170731793173987,-0.0020324165814322726,-4.513103815811814,0.370592779626445,2.3707071166446454,0.8791113856334165,2.557926757553263,0.7370696719259389,0.9983944120778494,False
Core_Temp_°C_,IL-20,Group_22C vs Group_15C (Reference),-0.5252534616822793,0.9938957028046331,-135.0856224735972,134.03511555023266,0.16947885749283276,-0.0035463805294937423,-2.5582381519776605,0.9291045187933291,-3.0834916136599397,0.9605527881467988,24.0857534027339,0.02506174838972175,0.9983944120778494,False
Muscle_Temp2_°C_,TWEAK_per_TNFSF12,Group_22C vs Group_15C (Reference),-0.36171724213748035,0.9939045733547441,-93.16194238757441,92.43850790329947,0.060800244436140294,-0.1348663713063305,-16.70376266085652,0.6654816662620695,-17.065479902994,0.5329795486710427,-11.020647528432225,0.6037817187275236,0.9983944120778494,False
Muscle_Temp1_°C_,Pentraxin-3,Group_8C vs Group_22C Contrast,-0.3150610089206545,0.9953482731582171,-106.23412341935384,105.60400140151253,0.07572423942356388,-0.11683321069652686,13.429924472593827,0.5704541163437529,1.5638244715993128,0.9747939503105227,1.2487634626786583,0.9541013967995302,0.9983944120778494,False
Muscle_Temp1_°C_,sTNF-R1,Group_8C vs Group_15C (Reference),-0.32553643620583533,0.9957670374528976,-120.59110094030576,119.94002806789409,0.1257941994788574,-0.05633200896304724,29.35099455931473,0.013490394781580078,17.64604442063292,0.810552879930265,29.025458123108898,0.6296992278738589,0.9983944120778494,False
Muscle_Temp3_°C_,TWEAK_per_TNFSF12,Group_22C vs Group_15C (Reference),-0.23089778821172402,0.9959497052075955,-89.38050344967897,88.91870787325553,0.07976846925343684,-0.1119464329854305,-14.348257086180915,0.5853972507655059,-14.57915487439264,0.6944166878878728,-24.402890583257985,0.20836626113995704,0.9983944120778494,False
Muscle_Temp2_°C_,IL-20,Group_22C vs Group_15C (Reference),0.04356521774509048,0.9964540377628717,-19.16931634928307,19.25644678477325,0.3684255166474395,0.23684749928232274,-14.571372650664589,0.0012863114815274176,-14.527807432919499,0.09475384630497397,7.119715932764784,0.02636086638800217,0.9983944120778494,False
Muscle_Temp3_°C_,BAFF_per_TNFSF13B,Group_8C vs Group_15C (Reference),1.0075809412236265,0.9971799336430393,-557.7299763908311,559.7451382732784,0.051584993051203676,-0.14600146672979553,-72.18050348152308,0.7665500647526431,-131.16372340834891,0.5770844159660373,-71.17292254029945,0.6325694277193514,0.9983944120778494,False
Mean_Body_Temp_°C_,IL-28A_per_IFN-lambda2,Group_22C vs Group_15C (Reference),-0.024642915537917864,0.9983944120778494,-24.026555812732916,23.97726998165708,0.1491500986596438,-0.028110297452930366,1.4850146235466073,0.8819933691001965,1.4603717080086893,0.8361974218087742,-3.2264739617509046,0.6810563355590276,0.9983944120778494,False
