TimePoint,Group,contrast,estimate,std_error,df,t_ratio,p_value_raw,Contrast_Type,Protein,p_value_FDR,Significant_FDR
X10min,.,15°C - 22°C,-10938.576999999994,8218.545479789953,27.0,-1.330962641369913,0.19433206920772805,Between-Group,APRIL/TNFSF13,0.9547619052379682,False
X10min,.,15°C - 8°C,-4581.017999999992,8218.545479789953,27.0,-0.5574000912041035,0.58184620941015,Between-Group,APRIL/TNFSF13,0.9979364913093677,False
X10min,.,22°C - 8°C,6357.559000000001,8218.545479789953,27.0,0.7735625501658093,0.4459099978199368,Between-Group,APRIL/TNFSF13,0.9748246327115793,False
X2hrs,.,15°C - 22°C,-13960.702000000005,7774.635985471025,27.0,-1.7956727525364902,0.08374741959788819,Between-Group,APRIL/TNFSF13,0.791489245095708,False
X2hrs,.,15°C - 8°C,-7329.084000000008,7774.635985471025,27.0,-0.9426915952973683,0.35419789643908817,Between-Group,APRIL/TNFSF13,0.9587581238028823,False
X2hrs,.,22°C - 8°C,6631.617999999996,7774.635985471025,27.0,0.8529811572391218,0.4011735608161585,Between-Group,APRIL/TNFSF13,0.9639481585472424,False
.,15°C,X10min - X2hrs,2715.117000000032,3083.01044509881,27.0,0.8806707107711446,0.3862682855716677,Within-Group,APRIL/TNFSF13,0.9639481585472424,False
.,22°C,X10min - X2hrs,-307.0079999999789,3083.01044509881,27.0,-0.09958059029220685,0.9214130066880417,Within-Group,APRIL/TNFSF13,0.9995801204593276,False
.,8°C,X10min - X2hrs,-32.94899999998415,3083.0104450988097,27.0,-0.010687281339693336,0.9915515234521233,Within-Group,APRIL/TNFSF13,0.9995801204593276,False
X10min,.,15°C - 22°C,196.6529999999981,1030.7692367290738,27.0,0.19078276009093406,0.8501231115103027,Between-Group,BAFF/TNFSF13B,0.9995801204593276,False
X10min,.,15°C - 8°C,1010.6469999999979,1030.769236729074,27.0,0.9804784271667539,0.335554487294223,Between-Group,BAFF/TNFSF13B,0.9587581238028823,False
X10min,.,22°C - 8°C,813.9939999999997,1030.769236729074,27.0,0.7896956670758197,0.4365862284650819,Between-Group,BAFF/TNFSF13B,0.9748246327115793,False
X2hrs,.,15°C - 22°C,145.75199999999907,941.3879844283514,27.0,0.15482670525958067,0.8781095449353306,Between-Group,BAFF/TNFSF13B,0.9995801204593276,False
X2hrs,.,15°C - 8°C,447.2199999999989,941.3879844283515,27.0,0.4750644871164027,0.638561544055149,Between-Group,BAFF/TNFSF13B,0.9979364913093677,False
X2hrs,.,22°C - 8°C,301.4679999999998,941.3879844283515,27.0,0.320237781856822,0.7512532744757021,Between-Group,BAFF/TNFSF13B,0.9995801204593276,False
.,15°C,X10min - X2hrs,311.1449999999972,192.59255483715793,27.0,1.6155608936341204,0.1178159675214803,Within-Group,BAFF/TNFSF13B,0.8332697516777737,False
.,22°C,X10min - X2hrs,260.2439999999982,192.59255483715793,27.0,1.3512671879764062,0.18782455563762546,Within-Group,BAFF/TNFSF13B,0.9458107478379616,False
.,8°C,X10min - X2hrs,-252.28200000000177,192.592554837158,27.0,-1.3099260260258387,0.2012571382309406,Within-Group,BAFF/TNFSF13B,0.9578432860474494,False
X10min,.,15°C - 22°C,-16.029000000000053,59.78777169783626,27.0,-0.2680983007864825,0.7906613173063195,Between-Group,sCD30/TNFRSF8,0.9995801204593276,False
X10min,.,15°C - 8°C,-51.517000000000024,59.78777169783626,27.0,-0.8616644932071359,0.3964604913627816,Between-Group,sCD30/TNFRSF8,0.9639481585472424,False
X10min,.,22°C - 8°C,-35.48799999999997,59.78777169783626,27.0,-0.5935661924206533,0.557742651636774,Between-Group,sCD30/TNFRSF8,0.9979364913093677,False
X2hrs,.,15°C - 22°C,-15.204,51.65157316380882,27.0,-0.294356958921304,0.7707364012657913,Between-Group,sCD30/TNFRSF8,0.9995801204593276,False
X2hrs,.,15°C - 8°C,-49.09200000000001,51.65157316380882,27.0,-0.9504453977482675,0.35031691286350886,Between-Group,sCD30/TNFRSF8,0.9587581238028823,False
X2hrs,.,22°C - 8°C,-33.88800000000001,51.65157316380882,27.0,-0.6560884388269635,0.517319857022199,Between-Group,sCD30/TNFRSF8,0.9979364913093677,False
.,15°C,X10min - X2hrs,21.20099999999987,11.781269027099295,27.0,1.799551470324062,0.08311750211028675,Within-Group,sCD30/TNFRSF8,0.791489245095708,False
.,22°C,X10min - X2hrs,22.02599999999992,11.781269027099295,27.0,1.869577882428088,0.07242417543298414,Within-Group,sCD30/TNFRSF8,0.791489245095708,False
.,8°C,X10min - X2hrs,23.625999999999877,11.781269027099288,27.0,2.005386681660127,0.055039855066167834,Within-Group,sCD30/TNFRSF8,0.7650685341259711,False
X10min,.,15°C - 22°C,417.0440000000009,10464.524056050534,27.0,0.039853126407489906,0.968503454380248,Between-Group,sCD163,0.9995801204593276,False
X10min,.,15°C - 8°C,-2283.278000000001,10464.524056050535,27.0,-0.21819224532049514,0.8289200714353647,Between-Group,sCD163,0.9995801204593276,False
X10min,.,22°C - 8°C,-2700.322000000002,10464.524056050535,27.0,-0.25804537172798503,0.7983286778575438,Between-Group,sCD163,0.9995801204593276,False
X2hrs,.,15°C - 22°C,291.6909999999996,9183.848416467623,27.0,0.03176130384262075,0.97489603386426,Between-Group,sCD163,0.9995801204593276,False
X2hrs,.,15°C - 8°C,-4870.478000000003,9183.848416467623,27.0,-0.5303308350850733,0.600217526703926,Between-Group,sCD163,0.9979364913093677,False
X2hrs,.,22°C - 8°C,-5162.169000000002,9183.848416467623,27.0,-0.562092138927694,0.5786902410614365,Between-Group,sCD163,0.9979364913093677,False
.,15°C,X10min - X2hrs,4804.455000000013,2246.491539073558,27.0,2.1386481615601123,0.041664623966578794,Within-Group,sCD163,0.7296680224763044,False
.,22°C,X10min - X2hrs,4679.102000000011,2246.491539073558,27.0,2.0828487081369773,0.04686577647738356,Within-Group,sCD163,0.7565475345634775,False
.,8°C,X10min - X2hrs,2217.255000000011,2246.491539073558,27.0,0.9869856892113628,0.3324124598773758,Within-Group,sCD163,0.9587581238028823,False
X10min,.,15°C - 22°C,881.5789999999988,802.3702869810173,27.0,1.09871840259316,0.2815921717453389,Between-Group,Chitinase 3-like1,0.9587581238028823,False
X10min,.,15°C - 8°C,146.31599999999924,802.3702869810173,27.0,0.1823547087598731,0.8566666444734077,Between-Group,Chitinase 3-like1,0.9995801204593276,False
X10min,.,22°C - 8°C,-735.2629999999997,802.3702869810173,27.0,-0.9163636938332871,0.36758894590103386,Between-Group,Chitinase 3-like1,0.9587581238028823,False
X2hrs,.,15°C - 22°C,466.84699999999924,752.8183198225972,27.0,0.6201323582428393,0.540369782063479,Between-Group,Chitinase 3-like1,0.9979364913093677,False
X2hrs,.,15°C - 8°C,-469.14000000000044,752.8183198225972,27.0,-0.623178245862234,0.5383963386890271,Between-Group,Chitinase 3-like1,0.9979364913093677,False
X2hrs,.,22°C - 8°C,-935.9869999999997,752.8183198225972,27.0,-1.2433106041050734,0.224441549780654,Between-Group,Chitinase 3-like1,0.9583024215269884,False
.,15°C,X10min - X2hrs,605.5739999999996,252.0611188240159,27.0,2.4024887409263602,0.02342805954702062,Within-Group,Chitinase 3-like1,0.7296680224763044,False
.,22°C,X10min - X2hrs,190.84200000000004,252.0611188240159,27.0,0.7571258942686919,0.45553135988315663,Within-Group,Chitinase 3-like1,0.9748246327115793,False
.,8°C,X10min - X2hrs,-9.882000000000042,252.0611188240158,27.0,-0.03920477718302704,0.9690155804269691,Within-Group,Chitinase 3-like1,0.9995801204593276,False
X10min,.,15°C - 22°C,-6835.163,3414.134078235336,27.0,-2.002019499929215,0.05542207085362878,Between-Group,gp130/sIL-6Rb,0.7650685341259711,False
X10min,.,15°C - 8°C,-8008.893999999996,3414.1340782353363,27.0,-2.3458053540004946,0.026581704716468656,Between-Group,gp130/sIL-6Rb,0.7296680224763044,False
X10min,.,22°C - 8°C,-1173.7309999999966,3414.1340782353363,27.0,-0.34378585407127976,0.7336702553561064,Between-Group,gp130/sIL-6Rb,0.9995801204593276,False
X2hrs,.,15°C - 22°C,-5444.329999999992,3053.690389808929,27.0,-1.7828690224029706,0.08585584240009189,Between-Group,gp130/sIL-6Rb,0.791489245095708,False
X2hrs,.,15°C - 8°C,-3350.658999999992,3053.6903898089295,27.0,-1.0972490895547677,0.28222231430226424,Between-Group,gp130/sIL-6Rb,0.9587581238028823,False
X2hrs,.,22°C - 8°C,2093.671,3053.6903898089295,27.0,0.6856199328482026,0.4987979053893349,Between-Group,gp130/sIL-6Rb,0.9951522764592834,False
.,15°C,X10min - X2hrs,1905.9739999999833,1927.7870504738328,27.0,0.9886849273790442,0.33159529922913955,Within-Group,gp130/sIL-6Rb,0.9587581238028823,False
.,22°C,X10min - X2hrs,3296.8069999999907,1927.7870504738323,27.0,1.7101510248186726,0.09870734201031445,Within-Group,gp130/sIL-6Rb,0.8087475535758233,False
.,8°C,X10min - X2hrs,6564.208999999987,1927.7870504738328,27.0,3.4050488088850703,0.002083336411637802,Within-Group,gp130/sIL-6Rb,0.4003858921913622,False
X10min,.,15°C - 22°C,2.342999999999997,5.1434514568418805,27.0,0.45553069172711064,0.6523698816958714,Between-Group,IFN-a2,0.9991870025372007,False
X10min,.,15°C - 8°C,-0.6640000000000037,5.143451456841881,27.0,-0.12909619261920766,0.8982384183389687,Between-Group,IFN-a2,0.9995801204593276,False
X10min,.,22°C - 8°C,-3.0070000000000006,5.143451456841881,27.0,-0.5846268843463183,0.5636524413692912,Between-Group,IFN-a2,0.9979364913093677,False
X2hrs,.,15°C - 22°C,0.016000000000002707,7.249352487048856,27.0,0.0022070936719640953,0.9982552221707651,Between-Group,IFN-a2,0.9995801204593276,False
X2hrs,.,15°C - 8°C,-0.5509999999999944,7.249352487048857,27.0,-0.07600678832824989,0.9399741008660383,Between-Group,IFN-a2,0.9995801204593276,False
X2hrs,.,22°C - 8°C,-0.5669999999999971,7.249352487048857,27.0,-0.07821388200021398,0.9382346924088102,Between-Group,IFN-a2,0.9995801204593276,False
.,15°C,X10min - X2hrs,0.20299999999999485,4.2793356571629975,27.0,0.04743726976877867,0.9625138761541404,Within-Group,IFN-a2,0.9995801204593276,False
.,22°C,X10min - X2hrs,-2.123999999999999,4.2793356571629975,27.0,-0.4963387240831941,0.6236722327857931,Within-Group,IFN-a2,0.9979364913093677,False
.,8°C,X10min - X2hrs,0.31600000000000417,4.2793356571629975,27.0,0.07384323766962875,0.9416794868375828,Within-Group,IFN-a2,0.9995801204593276,False
X10min,.,15°C - 22°C,2.8569999999999993,2.09703971244122,27.0,1.3623967076303432,0.18433035426440283,Between-Group,IFN-y,0.9458107478379616,False
X10min,.,15°C - 8°C,3.667999999999999,2.09703971244122,27.0,1.749132349873328,0.09162930152453638,Between-Group,IFN-y,0.791489245095708,False
X10min,.,22°C - 8°C,0.8109999999999995,2.09703971244122,27.0,0.3867356422429849,0.7019832207155552,Between-Group,IFN-y,0.9995801204593276,False
X2hrs,.,15°C - 22°C,-4.489,3.220494107477344,27.0,-1.3938854878130156,0.1747193595997838,Between-Group,IFN-y,0.9330565104917558,False
X2hrs,.,15°C - 8°C,-2.188,3.2204941074773443,27.0,-0.679398852157469,0.5026685397551053,Between-Group,IFN-y,0.9951522764592834,False
X2hrs,.,22°C - 8°C,2.3009999999999997,3.2204941074773443,27.0,0.7144866356555465,0.48105847742760033,Between-Group,IFN-y,0.9832993969741625,False
.,15°C,X10min - X2hrs,1.7890000000000001,2.1616049507167037,27.0,0.8276257876846728,0.41513794753566313,Within-Group,IFN-y,0.9639481585472424,False
.,22°C,X10min - X2hrs,-5.556999999999999,2.1616049507167037,27.0,-2.570775015183748,0.01597797546659437,Within-Group,IFN-y,0.6290101284366936,False
.,8°C,X10min - X2hrs,-4.066999999999998,2.1616049507167037,27.0,-1.8814723747979667,0.07073116379589306,Within-Group,IFN-y,0.791489245095708,False
X10min,.,15°C - 22°C,-1.9350000000006133,1090.4855796666063,27.0,-0.0017744388702436579,0.998597249151108,Between-Group,sIL-6Ra,0.9995801204593276,False
X10min,.,15°C - 8°C,362.3479999999992,1090.4855796666066,27.0,0.3322813311394541,0.7422427810289367,Between-Group,sIL-6Ra,0.9995801204593276,False
X10min,.,22°C - 8°C,364.28299999999984,1090.4855796666066,27.0,0.3340557700096977,0.7409183308772993,Between-Group,sIL-6Ra,0.9995801204593276,False
X2hrs,.,15°C - 22°C,-80.94099999999943,988.3923804651447,27.0,-0.08189156614289965,0.9353370087873875,Between-Group,sIL-6Ra,0.9995801204593276,False
X2hrs,.,15°C - 8°C,141.5860000000008,988.3923804651448,27.0,0.14324877730579974,0.8871574536759328,Between-Group,sIL-6Ra,0.9995801204593276,False
X2hrs,.,22°C - 8°C,222.52700000000024,988.3923804651448,27.0,0.22514034344869938,0.8235654352561161,Between-Group,sIL-6Ra,0.9995801204593276,False
.,15°C,X10min - X2hrs,387.25399999999837,271.9038462517929,27.0,1.4242314161359344,0.16583532835575837,Within-Group,sIL-6Ra,0.9210798142931588,False
.,22°C,X10min - X2hrs,308.24799999999954,271.90384625179274,27.0,1.133665463910175,0.26690095775035527,Within-Group,sIL-6Ra,0.9587581238028823,False
.,8°C,X10min - X2hrs,166.49199999999993,271.90384625179297,27.0,0.612319400019896,0.5454492480540494,Within-Group,sIL-6Ra,0.9979364913093677,False
X10min,.,15°C - 22°C,0.48099999999999865,1.4315150741111344,27.0,0.3360076388288571,0.7394623824466241,Between-Group,IL-10,0.9995801204593276,False
X10min,.,15°C - 8°C,0.5199999999999994,1.4315150741111344,27.0,0.36325150143660284,0.7192456403668884,Between-Group,IL-10,0.9995801204593276,False
X10min,.,22°C - 8°C,0.039000000000000645,1.4315150741111344,27.0,0.027243862607745698,0.9784656035173454,Between-Group,IL-10,0.9995801204593276,False
X2hrs,.,15°C - 22°C,0.5489999999999984,1.3559400456537174,27.0,0.4048851582780107,0.6887519329653684,Between-Group,IL-10,0.9995801204593276,False
X2hrs,.,15°C - 8°C,-0.2410000000000017,1.3559400456537174,27.0,-0.1777364720309682,0.8602566909797938,Between-Group,IL-10,0.9995801204593276,False
X2hrs,.,22°C - 8°C,-0.79,1.3559400456537174,27.0,-0.5826216303089788,0.564982483409199,Between-Group,IL-10,0.9979364913093677,False
.,15°C,X10min - X2hrs,0.0020000000000012508,0.8336640454887929,27.0,0.0023990479268283823,0.9981034765096282,Within-Group,IL-10,0.9995801204593276,False
.,22°C,X10min - X2hrs,0.07000000000000092,0.8336640454887929,27.0,0.08396667743894197,0.933702404769739,Within-Group,IL-10,0.9995801204593276,False
.,8°C,X10min - X2hrs,-0.7589999999999998,0.8336640454887929,27.0,-0.9104386882308014,0.37064792494051035,Within-Group,IL-10,0.9616044379196405,False
X10min,.,15°C - 22°C,0.8699999999999999,0.28971710339570905,27.0,3.002929374216867,0.0057045911723799855,Between-Group,IL-11,0.49775466600062335,False
X10min,.,15°C - 8°C,1.092,0.28971710339570905,27.0,3.769194111085999,0.0008123754761086382,Between-Group,IL-11,0.2753952864008284,False
X10min,.,22°C - 8°C,0.2220000000000003,0.28971710339570905,27.0,0.7662647368691327,0.45016668051247943,Between-Group,IL-11,0.9748246327115793,False
X2hrs,.,15°C - 22°C,0.6819999999999999,0.3608354503402101,27.0,1.8900581951052289,0.06953049223445502,Between-Group,IL-11,0.791489245095708,False
X2hrs,.,15°C - 8°C,0.7689999999999996,0.36083545034021014,27.0,2.131165325565865,0.0423307898978387,Between-Group,IL-11,0.7296680224763044,False
X2hrs,.,22°C - 8°C,0.08699999999999963,0.36083545034021014,27.0,0.24110713046063667,0.8112936777103408,Between-Group,IL-11,0.9995801204593276,False
.,15°C,X10min - X2hrs,0.12100000000000039,0.23541499999410023,27.0,0.5139859397363498,0.6114430990457977,Within-Group,IL-11,0.9979364913093677,False
.,22°C,X10min - X2hrs,-0.06699999999999953,0.2354149999941002,27.0,-0.28460378481268667,0.7781192279268533,Within-Group,IL-11,0.9995801204593276,False
.,8°C,X10min - X2hrs,-0.2020000000000002,0.23541499999410023,27.0,-0.8580591721218382,0.39841305725010023,Within-Group,IL-11,0.9639481585472424,False
X10min,.,15°C - 22°C,10.085999999999991,11.838220971825868,27.0,0.8519861239289215,0.4017158978502844,Between-Group,IL-12(p40),0.9639481585472424,False
X10min,.,15°C - 8°C,-2.1400000000000095,11.838220971825868,27.0,-0.18077040503746794,0.8578978747556096,Between-Group,IL-12(p40),0.9995801204593276,False
X10min,.,22°C - 8°C,-12.226,11.838220971825868,27.0,-1.0327565289663894,0.3108803914160321,Between-Group,IL-12(p40),0.9587581238028823,False
X2hrs,.,15°C - 22°C,1.5179999999999978,10.02306881371391,27.0,0.1514506213828461,0.8807462042647334,Between-Group,IL-12(p40),0.9995801204593276,False
X2hrs,.,15°C - 8°C,-7.050000000000003,10.02306881371391,27.0,-0.7033773917978043,0.4878421796410721,Between-Group,IL-12(p40),0.9863528761331418,False
X2hrs,.,22°C - 8°C,-8.568000000000001,10.02306881371391,27.0,-0.8548280131806505,0.4001681744895216,Between-Group,IL-12(p40),0.9639481585472424,False
.,15°C,X10min - X2hrs,5.784999999999987,6.93161664377772,27.0,0.8345816419598143,0.4112771211658771,Within-Group,IL-12(p40),0.9639481585472424,False
.,22°C,X10min - X2hrs,-2.783000000000006,6.931616643777719,27.0,-0.4014936403758295,0.6912169289168995,Within-Group,IL-12(p40),0.9995801204593276,False
.,8°C,X10min - X2hrs,0.8749999999999931,6.93161664377772,27.0,0.1262331783431,0.9004826826363268,Within-Group,IL-12(p40),0.9995801204593276,False
X10min,.,15°C - 22°C,0.7769999999999987,1.455404869214518,27.0,0.533872062980898,0.597798464586337,Between-Group,IL-12(p70),0.9979364913093677,False
X10min,.,15°C - 8°C,1.8579999999999985,1.4554048692145183,27.0,1.2766207117355328,0.21260753209312672,Between-Group,IL-12(p70),0.9583024215269884,False
X10min,.,22°C - 8°C,1.0809999999999997,1.4554048692145183,27.0,0.742748648754635,0.4640475805822062,Between-Group,IL-12(p70),0.9764033088087116,False
X2hrs,.,15°C - 22°C,0.42299999999999993,1.5544348502602814,27.0,0.27212462454066244,0.7875963883023427,Between-Group,IL-12(p70),0.9995801204593276,False
X2hrs,.,15°C - 8°C,1.2779999999999991,1.5544348502602816,27.0,0.8221637592505115,0.41818543476815373,Between-Group,IL-12(p70),0.9639481585472424,False
X2hrs,.,22°C - 8°C,0.8549999999999993,1.5544348502602816,27.0,0.5500391347098492,0.5868143972932549,Between-Group,IL-12(p70),0.9979364913093677,False
.,15°C,X10min - X2hrs,0.14499999999999658,0.22163692365200516,27.0,0.6542231213588889,0.5185022850885923,Within-Group,IL-12(p70),0.9979364913093677,False
.,22°C,X10min - X2hrs,-0.20900000000000218,0.22163692365200516,27.0,-0.942983671475948,0.35405118639499833,Within-Group,IL-12(p70),0.9587581238028823,False
.,8°C,X10min - X2hrs,-0.4350000000000027,0.22163692365200455,27.0,-1.962669364076731,0.060064787152294484,Within-Group,IL-12(p70),0.7650685341259711,False
X10min,.,15°C - 22°C,1.2540000000000013,25.62779234722711,27.0,0.04893125334440609,0.9613342545722001,Between-Group,IL-19,0.9995801204593276,False
X10min,.,15°C - 8°C,-27.41499999999999,25.62779234722711,27.0,-1.0697370896625924,0.2942081431875498,Between-Group,IL-19,0.9587581238028823,False
X10min,.,22°C - 8°C,-28.66899999999999,25.62779234722711,27.0,-1.1186683430069986,0.2731359566796144,Between-Group,IL-19,0.9587581238028823,False
X2hrs,.,15°C - 22°C,1.749000000000001,3.233125411413223,27.0,0.540962622057862,0.5929689190993983,Between-Group,IL-19,0.9979364913093677,False
X2hrs,.,15°C - 8°C,0.05400000000000005,3.2331254114132237,27.0,0.016702104969196427,0.9867970796366778,Between-Group,IL-19,0.9995801204593276,False
X2hrs,.,22°C - 8°C,-1.6950000000000007,3.2331254114132237,27.0,-0.5242605170886654,0.6043750909636738,Between-Group,IL-19,0.9979364913093677,False
.,15°C,X10min - X2hrs,1.4810000000000039,18.835510309774715,27.0,0.0786280793906304,0.9379082982605911,Within-Group,IL-19,0.9995801204593276,False
.,22°C,X10min - X2hrs,1.9760000000000035,18.835510309774715,27.0,0.10490822746514893,0.917224104797551,Within-Group,IL-19,0.9995801204593276,False
.,8°C,X10min - X2hrs,28.949999999999992,18.835510309774715,27.0,1.5369904782975987,0.13593315835141126,Within-Group,IL-19,0.8660511256185427,False
X10min,.,15°C - 22°C,7.180999999999983,8.70519227774967,27.0,0.8249099814089692,0.4166514699194147,Between-Group,IL-20,0.9639481585472424,False
X10min,.,15°C - 8°C,8.368999999999982,8.705192277749672,27.0,0.9613802582386385,0.3448923237933915,Between-Group,IL-20,0.9587581238028823,False
X10min,.,22°C - 8°C,1.1879999999999997,8.705192277749672,27.0,0.13647027682966958,0.8924620122703333,Between-Group,IL-20,0.9995801204593276,False
X2hrs,.,15°C - 22°C,1.7680000000000007,10.50818571224181,27.0,0.1682497862538077,0.8676407844075338,Between-Group,IL-20,0.9995801204593276,False
X2hrs,.,15°C - 8°C,-0.4289999999999978,10.50818571224181,27.0,-0.04082531578217371,0.9677355552828737,Between-Group,IL-20,0.9995801204593276,False
X2hrs,.,22°C - 8°C,-2.1969999999999983,10.50818571224181,27.0,-0.2090751020359814,0.835959026621522,Between-Group,IL-20,0.9995801204593276,False
.,15°C,X10min - X2hrs,6.6169999999999405,7.081230260343186,27.0,0.9344421458876911,0.3583583491913861,Within-Group,IL-20,0.9587581238028823,False
.,22°C,X10min - X2hrs,1.203999999999958,7.081230260343185,27.0,0.17002695234226253,0.8662565522803665,Within-Group,IL-20,0.9995801204593276,False
.,8°C,X10min - X2hrs,-2.18100000000004,7.081230260343186,27.0,-0.30799732812167296,0.7604479376023114,Within-Group,IL-20,0.9995801204593276,False
X10min,.,15°C - 22°C,13.595000000000013,5.297187045271534,27.0,2.566456476581361,0.016137931721231857,Between-Group,IL-26,0.6290101284366936,False
X10min,.,15°C - 8°C,13.595000000000017,5.297187045271535,27.0,2.5664564765813616,0.016137931721231825,Between-Group,IL-26,0.6290101284366936,False
X10min,.,22°C - 8°C,1.7763568394002505e-15,5.297187045271535,27.0,3.3533964804695583e-16,0.9999999999999998,Between-Group,IL-26,0.9999999999999998,False
X2hrs,.,15°C - 22°C,13.145999999999994,5.727063833077829,27.0,2.295417055432939,0.029705204953692523,Between-Group,IL-26,0.7296680224763044,False
X2hrs,.,15°C - 8°C,16.30799999999999,5.72706383307783,27.0,2.847532431157794,0.008320629840252168,Between-Group,IL-26,0.6145250538722182,False
X2hrs,.,22°C - 8°C,3.1619999999999973,5.72706383307783,27.0,0.5521153757248555,0.5854109626828331,Between-Group,IL-26,0.9979364913093677,False
.,15°C,X10min - X2hrs,-4.340999999999986,4.417259184574037,27.0,-0.9827360855708074,0.3344620971044223,Within-Group,IL-26,0.9587581238028823,False
.,22°C,X10min - X2hrs,-4.790000000000007,4.417259184574037,27.0,-1.0843828265109858,0.2877834128122387,Within-Group,IL-26,0.9587581238028823,False
.,8°C,X10min - X2hrs,-1.6280000000000117,4.417259184574037,27.0,-0.3685543301795188,0.7153340634113337,Within-Group,IL-26,0.9995801204593276,False
X10min,.,15°C - 22°C,-0.3550000000000003,3.9278734704671927,27.0,-0.09037969340641097,0.9286526501247597,Between-Group,IL-28A/IFN-lambda2,0.9995801204593276,False
X10min,.,15°C - 8°C,1.0550000000000013,3.9278734704671936,27.0,0.2685931733627143,0.790284423571731,Between-Group,IL-28A/IFN-lambda2,0.9995801204593276,False
X10min,.,22°C - 8°C,1.4100000000000015,3.9278734704671936,27.0,0.35897286676912527,0.7224074093800109,Between-Group,IL-28A/IFN-lambda2,0.9995801204593276,False
X2hrs,.,15°C - 22°C,-0.5529999999999922,3.9980093379914305,27.0,-0.13831883651322716,0.8910148951961665,Between-Group,IL-28A/IFN-lambda2,0.9995801204593276,False
X2hrs,.,15°C - 8°C,-2.4599999999999946,3.998009337991431,27.0,-0.6153062166772926,0.5435044663988735,Between-Group,IL-28A/IFN-lambda2,0.9979364913093677,False
X2hrs,.,22°C - 8°C,-1.9070000000000022,3.998009337991431,27.0,-0.47698738016406544,0.6372092859206318,Between-Group,IL-28A/IFN-lambda2,0.9979364913093677,False
.,15°C,X10min - X2hrs,-1.2160000000000222,2.9559967736663615,27.0,-0.41136716076039603,0.6840504556569739,Within-Group,IL-28A/IFN-lambda2,0.9995801204593276,False
.,22°C,X10min - X2hrs,-1.414000000000014,2.9559967736663615,27.0,-0.47834964252894335,0.6362520578182458,Within-Group,IL-28A/IFN-lambda2,0.9979364913093677,False
.,8°C,X10min - X2hrs,-4.731000000000018,2.955996773666362,27.0,-1.6004753598333925,0.12113055103041248,Within-Group,IL-28A/IFN-lambda2,0.8425002768413034,False
X10min,.,15°C - 22°C,-3.106000000000006,15.486030778067667,27.0,-0.20056785657425705,0.8425396587507,Between-Group,IL-29/IFN-lambda1,0.9995801204593276,False
X10min,.,15°C - 8°C,7.675999999999988,15.486030778067668,27.0,0.49567252642111764,0.6241360770417299,Between-Group,IL-29/IFN-lambda1,0.9979364913093677,False
X10min,.,22°C - 8°C,10.781999999999993,15.486030778067668,27.0,0.6962403829953746,0.4922289110009108,Between-Group,IL-29/IFN-lambda1,0.9912807970057946,False
X2hrs,.,15°C - 22°C,-22.513999999999996,22.968713443709888,27.0,-0.9802029206022239,0.3356879598078889,Between-Group,IL-29/IFN-lambda1,0.9587581238028823,False
X2hrs,.,15°C - 8°C,-34.895999999999994,22.96871344370989,27.0,-1.5192840506944656,0.14031547165402475,Between-Group,IL-29/IFN-lambda1,0.8701270406837998,False
X2hrs,.,22°C - 8°C,-12.381999999999998,22.96871344370989,27.0,-0.5390811300922419,0.5942486054229066,Between-Group,IL-29/IFN-lambda1,0.9979364913093677,False
.,15°C,X10min - X2hrs,2.9939999999999793,11.794141646817085,27.0,0.25385484502875866,0.8015309160045029,Within-Group,IL-29/IFN-lambda1,0.9995801204593276,False
.,22°C,X10min - X2hrs,-16.41400000000001,11.794141646817083,27.0,-1.3917078912164582,0.17537104085860977,Within-Group,IL-29/IFN-lambda1,0.9330565104917558,False
.,8°C,X10min - X2hrs,-39.578,11.794141646817085,27.0,-3.3557338198224045,0.0023621586559962374,Within-Group,IL-29/IFN-lambda1,0.4003858921913622,False
X10min,.,15°C - 22°C,43.31499999999997,24.460579262393846,27.0,1.770808431613607,0.08788315592701998,Between-Group,IL-35,0.791489245095708,False
X10min,.,15°C - 8°C,19.20199999999999,24.460579262393846,27.0,0.7850182039442339,0.43927718347305134,Between-Group,IL-35,0.9748246327115793,False
X10min,.,22°C - 8°C,-24.112999999999982,24.460579262393846,27.0,-0.9857902276693733,0.33298817792067703,Between-Group,IL-35,0.9587581238028823,False
X2hrs,.,15°C - 22°C,38.99299999999998,20.919972879027814,27.0,1.8639125502447615,0.0732427997315014,Between-Group,IL-35,0.791489245095708,False
X2hrs,.,15°C - 8°C,23.982999999999983,20.919972879027814,27.0,1.1464164001877288,0.2616816681173775,Between-Group,IL-35,0.9587581238028823,False
X2hrs,.,22°C - 8°C,-15.009999999999994,20.919972879027814,27.0,-0.7174961500570327,0.47923014039645273,Between-Group,IL-35,0.9826150257725653,False
.,15°C,X10min - X2hrs,-0.35300000000000153,19.10193862761928,27.0,-0.018479799714653192,0.9853919798077798,Within-Group,IL-35,0.9995801204593276,False
.,22°C,X10min - X2hrs,-4.674999999999997,19.101938627619276,27.0,-0.244739557127488,0.8085085698483071,Within-Group,IL-35,0.9995801204593276,False
.,8°C,X10min - X2hrs,4.42799999999999,19.10193862761928,27.0,0.2318089323979711,0.8184343504353588,Within-Group,IL-35,0.9995801204593276,False
X10min,.,15°C - 22°C,295.0010000000002,250.81093821117597,27.0,1.1761887344467306,0.24978612192577498,Between-Group,MMP-1,0.9583024215269884,False
X10min,.,15°C - 8°C,514.8690000000005,250.81093821117597,27.0,2.05281716847012,0.04989751326853636,Between-Group,MMP-1,0.7650685341259711,False
X10min,.,22°C - 8°C,219.86800000000022,250.81093821117597,27.0,0.8766284340233892,0.3884217254205795,Between-Group,MMP-1,0.9639481585472424,False
X2hrs,.,15°C - 22°C,216.74399999999972,281.37632565895325,27.0,0.770299347297284,0.4478103650991522,Between-Group,MMP-1,0.9748246327115793,False
X2hrs,.,15°C - 8°C,-131.46900000000028,281.37632565895325,27.0,-0.4672354708311509,0.6440803141809832,Between-Group,MMP-1,0.9981454114012376,False
X2hrs,.,22°C - 8°C,-348.213,281.37632565895325,27.0,-1.2375348181284351,0.22654317976099014,Between-Group,MMP-1,0.9583024215269884,False
.,15°C,X10min - X2hrs,170.21300000000062,149.11597495089364,27.0,1.1414806499173182,0.26369309558992354,Within-Group,MMP-1,0.9587581238028823,False
.,22°C,X10min - X2hrs,91.95600000000013,149.11597495089364,27.0,0.6166743706050459,0.5426148503270721,Within-Group,MMP-1,0.9979364913093677,False
.,8°C,X10min - X2hrs,-476.1250000000001,149.11597495089364,27.0,-3.1929845219923347,0.0035615774411888877,Within-Group,MMP-1,0.40245825085434433,False
X10min,.,15°C - 22°C,-4651.942999999997,2581.1142306868887,27.0,-1.8023003184799058,0.08267353772989765,Between-Group,MMP-2,0.791489245095708,False
X10min,.,15°C - 8°C,-2821.9169999999986,2581.1142306868887,27.0,-1.0932941155607154,0.28392349553148566,Between-Group,MMP-2,0.9587581238028823,False
X10min,.,22°C - 8°C,1830.025999999998,2581.1142306868887,27.0,0.7090062029191904,0.48439822800792076,Between-Group,MMP-2,0.9832993969741625,False
X2hrs,.,15°C - 22°C,-4489.0560000000005,2511.9168393034324,27.0,-1.787103748723162,0.08515353870290747,Between-Group,MMP-2,0.791489245095708,False
X2hrs,.,15°C - 8°C,-5113.705000000001,2511.916839303433,27.0,-2.035777984361161,0.0516937980025315,Between-Group,MMP-2,0.7650685341259711,False
X2hrs,.,22°C - 8°C,-624.6490000000003,2511.916839303433,27.0,-0.2486742356379993,0.8054946053767427,Between-Group,MMP-2,0.9995801204593276,False
.,15°C,X10min - X2hrs,921.1670000000036,1138.6856687699196,27.0,0.8089739119972472,0.42560175280039236,Within-Group,MMP-2,0.974695460966868,False
.,22°C,X10min - X2hrs,1084.0539999999994,1138.6856687699196,27.0,0.9520221688317753,0.34953119555610923,Within-Group,MMP-2,0.9587581238028823,False
.,8°C,X10min - X2hrs,-1370.620999999999,1138.6856687699196,27.0,-1.203686880050603,0.2391581213889825,Within-Group,MMP-2,0.9583024215269884,False
X10min,.,15°C - 22°C,-2061.674,1192.378326054898,27.0,-1.7290435048591104,0.0952212906788017,Between-Group,MMP-3,0.8003310133912506,False
X10min,.,15°C - 8°C,-441.2350000000001,1192.3783260548983,27.0,-0.37004614253587603,0.7142350595221012,Between-Group,MMP-3,0.9995801204593276,False
X10min,.,22°C - 8°C,1620.4389999999999,1192.3783260548983,27.0,1.358997362323234,0.18539217474075403,Between-Group,MMP-3,0.9458107478379616,False
X2hrs,.,15°C - 22°C,-2284.9269999999988,1209.4594370254526,27.0,-1.889213420517478,0.06964783957919378,Between-Group,MMP-3,0.791489245095708,False
X2hrs,.,15°C - 8°C,-1174.348999999999,1209.4594370254529,27.0,-0.9709701409153461,0.3401817701701426,Between-Group,MMP-3,0.9587581238028823,False
X2hrs,.,22°C - 8°C,1110.5779999999995,1209.4594370254529,27.0,0.9182432796021316,0.3666220279602338,Between-Group,MMP-3,0.9587581238028823,False
.,15°C,X10min - X2hrs,724.9149999999994,410.6232022133259,27.0,1.7654019453664322,0.0888051081599573,Within-Group,MMP-3,0.791489245095708,False
.,22°C,X10min - X2hrs,501.6620000000007,410.6232022133259,27.0,1.221708849611909,0.23237768770025335,Within-Group,MMP-3,0.9583024215269884,False
.,8°C,X10min - X2hrs,-8.1989999999995,410.6232022133259,27.0,-0.019967210707542964,0.9842163584626042,Within-Group,MMP-3,0.9995801204593276,False
X10min,.,15°C - 22°C,-865.0080000000002,921.5654979897984,27.0,-0.9386288895220508,0.3562428018492252,Between-Group,Osteocalcin,0.9587581238028823,False
X10min,.,15°C - 8°C,-689.4470000000005,921.5654979897985,27.0,-0.7481258809101298,0.4608515135743908,Between-Group,Osteocalcin,0.9764033088087116,False
X10min,.,22°C - 8°C,175.5609999999997,921.5654979897985,27.0,0.19050300861192085,0.8503401382130362,Between-Group,Osteocalcin,0.9995801204593276,False
X2hrs,.,15°C - 22°C,-868.8249999999992,872.4928536397981,27.0,-0.9957961218541819,0.328190430678136,Between-Group,Osteocalcin,0.9587581238028823,False
X2hrs,.,15°C - 8°C,-1036.0429999999994,872.4928536397982,27.0,-1.1874515598356081,0.24539160767217916,Between-Group,Osteocalcin,0.9583024215269884,False
X2hrs,.,22°C - 8°C,-167.2180000000002,872.4928536397982,27.0,-0.1916554379814265,0.8494461791758599,Between-Group,Osteocalcin,0.9995801204593276,False
.,15°C,X10min - X2hrs,419.79399999999634,251.25009745500202,27.0,1.6708212424680946,0.10631034846558154,Within-Group,Osteocalcin,0.8239637885635016,False
.,22°C,X10min - X2hrs,415.97699999999725,251.25009745500202,27.0,1.6556292085597986,0.10937572414559757,Within-Group,Osteocalcin,0.8239637885635016,False
.,8°C,X10min - X2hrs,73.19799999999736,251.25009745500202,27.0,0.2913352103797964,0.7730214554257262,Within-Group,Osteocalcin,0.9995801204593276,False
X10min,.,15°C - 22°C,-6578.200999999997,5293.208066037625,27.0,-1.2427625965068645,0.22464031872675896,Between-Group,Osteopontin,0.9583024215269884,False
X10min,.,15°C - 8°C,-1182.5339999999978,5293.208066037625,27.0,-0.2234059166476741,0.8249012908162315,Between-Group,Osteopontin,0.9995801204593276,False
X10min,.,22°C - 8°C,5395.6669999999995,5293.208066037625,27.0,1.0193566798591904,0.3170811872510019,Between-Group,Osteopontin,0.9587581238028823,False
X2hrs,.,15°C - 22°C,-849.7770000000002,4636.427109078473,27.0,-0.18328272611815094,0.8559456133231408,Between-Group,Osteopontin,0.9995801204593276,False
X2hrs,.,15°C - 8°C,-681.7059999999991,4636.427109078474,27.0,-0.1470326145460515,0.884198692154765,Between-Group,Osteopontin,0.9995801204593276,False
X2hrs,.,22°C - 8°C,168.07100000000105,4636.427109078474,27.0,0.03625011157209942,0.9713496155678619,Between-Group,Osteopontin,0.9995801204593276,False
.,15°C,X10min - X2hrs,-1183.4299999999903,2236.1732582783598,27.0,-0.529221068009336,0.6009765855757543,Within-Group,Osteopontin,0.9979364913093677,False
.,22°C,X10min - X2hrs,4544.994000000007,2236.1732582783598,27.0,2.0324874126699912,0.052047203831271635,Within-Group,Osteopontin,0.7650685341259711,False
.,8°C,X10min - X2hrs,-682.6019999999916,2236.1732582783593,27.0,-0.3052545224181467,0.7625132189039029,Within-Group,Osteopontin,0.9995801204593276,False
X10min,.,15°C - 22°C,-61.93000000000001,70.8025932031892,27.0,-0.8746854768761557,0.38945953922813914,Between-Group,Pentraxin-3,0.9639481585472424,False
X10min,.,15°C - 8°C,-64.19900000000001,70.80259320318922,27.0,-0.9067323256898484,0.3725699214261492,Between-Group,Pentraxin-3,0.9626770589263999,False
X10min,.,22°C - 8°C,-2.2690000000000126,70.80259320318922,27.0,-0.032046848813693005,0.9746704203870977,Between-Group,Pentraxin-3,0.9995801204593276,False
X2hrs,.,15°C - 22°C,-53.68300000000002,63.045286242568565,27.0,-0.8514990287053836,0.4019815555876358,Between-Group,Pentraxin-3,0.9639481585472424,False
X2hrs,.,15°C - 8°C,-105.631,63.04528624256858,27.0,-1.675478156980391,0.10538522438222535,Between-Group,Pentraxin-3,0.8239637885635016,False
X2hrs,.,22°C - 8°C,-51.94799999999998,63.04528624256858,27.0,-0.8239791282750075,0.41717102590415567,Between-Group,Pentraxin-3,0.9639481585472424,False
.,15°C,X10min - X2hrs,7.036000000000058,22.499216899129475,27.0,0.31272199523852273,0.7568945858706013,Within-Group,Pentraxin-3,0.9995801204593276,False
.,22°C,X10min - X2hrs,15.283000000000039,22.49921689912947,27.0,0.67926808601909,0.5027500795266244,Within-Group,Pentraxin-3,0.9951522764592834,False
.,8°C,X10min - X2hrs,-34.39599999999992,22.49921689912947,27.0,-1.528764318963064,0.1379550465587059,Within-Group,Pentraxin-3,0.8660511256185427,False
X10min,.,15°C - 22°C,-16.82600000000031,171.27044953047306,27.0,-0.09824228316167621,0.9224656294436073,Between-Group,sTNF-R1,0.9995801204593276,False
X10min,.,15°C - 8°C,-112.7480000000003,171.27044953047306,27.0,-0.6583038715031794,0.515917408296293,Between-Group,sTNF-R1,0.9979364913093677,False
X10min,.,22°C - 8°C,-95.922,171.27044953047306,27.0,-0.5600615883415032,0.580054988328689,Between-Group,sTNF-R1,0.9979364913093677,False
X2hrs,.,15°C - 22°C,-72.51200000000004,157.65104019860982,27.0,-0.4599525630065552,0.6492328112711245,Between-Group,sTNF-R1,0.9988768156402602,False
X2hrs,.,15°C - 8°C,-164.483,157.65104019860985,27.0,-1.0433359639922655,0.3060448128179317,Between-Group,sTNF-R1,0.9587581238028823,False
X2hrs,.,22°C - 8°C,-91.97099999999996,157.65104019860985,27.0,-0.5833834009857104,0.56447702949225,Between-Group,sTNF-R1,0.9979364913093677,False
.,15°C,X10min - X2hrs,155.34699999999933,48.399619766642395,27.0,3.2096739757254533,0.0034157102772909907,Within-Group,sTNF-R1,0.40245825085434433,False
.,22°C,X10min - X2hrs,99.66099999999959,48.399619766642395,27.0,2.059127746881333,0.04924640162301823,Within-Group,sTNF-R1,0.7650685341259711,False
.,8°C,X10min - X2hrs,103.61199999999963,48.3996197666424,27.0,2.1407606195991287,0.04147826443963859,Within-Group,sTNF-R1,0.7296680224763044,False
X10min,.,15°C - 22°C,-135.3810000000002,312.04432519304873,27.0,-0.43385182510928744,0.6678430911818898,Between-Group,sTNF-R2,0.9995801204593276,False
X10min,.,15°C - 8°C,166.9759999999997,312.0443251930488,27.0,0.5351034661396217,0.5969583735216651,Between-Group,sTNF-R2,0.9979364913093677,False
X10min,.,22°C - 8°C,302.35699999999986,312.0443251930488,27.0,0.968955291248909,0.34116783472135015,Between-Group,sTNF-R2,0.9587581238028823,False
X2hrs,.,15°C - 22°C,-221.4930000000001,260.87458093824256,27.0,-0.8490401755640372,0.40332429264169567,Between-Group,sTNF-R2,0.9639481585472424,False
X2hrs,.,15°C - 8°C,-137.00300000000004,260.87458093824256,27.0,-0.5251680692969971,0.6037526402895137,Between-Group,sTNF-R2,0.9979364913093677,False
X2hrs,.,22°C - 8°C,84.49000000000007,260.87458093824256,27.0,0.32387210626704016,0.7485303762259365,Between-Group,sTNF-R2,0.9995801204593276,False
.,15°C,X10min - X2hrs,377.3549999999987,132.84132521755257,27.0,2.840644651670022,0.008459538598044302,Within-Group,sTNF-R2,0.6145250538722182,False
.,22°C,X10min - X2hrs,291.2429999999988,132.84132521755254,27.0,2.192412636075663,0.037147654538504604,Within-Group,sTNF-R2,0.7296680224763044,False
.,8°C,X10min - X2hrs,73.375999999999,132.84132521755254,27.0,0.5523582355101627,0.5852469092997408,Within-Group,sTNF-R2,0.9979364913093677,False
X10min,.,15°C - 22°C,-10.274000000000001,21.049967498875226,27.0,-0.48807676308996567,0.62943576710664,Between-Group,TSLP,0.9979364913093677,False
X10min,.,15°C - 8°C,9.190999999999988,21.04996749887523,27.0,0.436627752536487,0.6658532511608642,Between-Group,TSLP,0.9995801204593276,False
X10min,.,22°C - 8°C,19.46499999999999,21.04996749887523,27.0,0.9247045156264526,0.36331095629679355,Between-Group,TSLP,0.9587581238028823,False
X2hrs,.,15°C - 22°C,-23.135000000000034,20.466092293786257,27.0,-1.1304063163549833,0.2682470698711617,Between-Group,TSLP,0.9587581238028823,False
X2hrs,.,15°C - 8°C,2.1139999999999777,20.466092293786264,27.0,0.10329280107086256,0.9184939973828561,Between-Group,TSLP,0.9995801204593276,False
X2hrs,.,22°C - 8°C,25.24900000000001,20.466092293786264,27.0,1.2336991174258454,0.22794704463687324,Between-Group,TSLP,0.9583024215269884,False
.,15°C,X10min - X2hrs,19.879999999999995,5.594966885017691,27.0,3.5531935056193165,0.0014242982147376433,Within-Group,TSLP,0.3621278210970458,False
.,22°C,X10min - X2hrs,7.018999999999963,5.594966885017691,27.0,1.2545203830956668,0.22040471673369205,Within-Group,TSLP,0.9583024215269884,False
.,8°C,X10min - X2hrs,12.802999999999983,5.594966885017692,27.0,2.288306662597789,0.03017186120172637,Within-Group,TSLP,0.7296680224763044,False
X10min,.,15°C - 22°C,-84.61,46.737885418655885,27.0,-1.810308687312308,0.0813916669221188,Between-Group,TWEAK/TNFSF12,0.791489245095708,False
X10min,.,15°C - 8°C,-93.163,46.737885418655885,27.0,-1.9933079805705773,0.056421790560205666,Between-Group,TWEAK/TNFSF12,0.7650685341259711,False
X10min,.,22°C - 8°C,-8.552999999999997,46.737885418655885,27.0,-0.1829992932582693,0.8561658155029089,Between-Group,TWEAK/TNFSF12,0.9995801204593276,False
X2hrs,.,15°C - 22°C,-91.64900000000003,50.059756532309194,27.0,-1.8307919644165391,0.07819025553394662,Between-Group,TWEAK/TNFSF12,0.791489245095708,False
X2hrs,.,15°C - 8°C,-130.42100000000002,50.0597565323092,27.0,-2.6053063185759733,0.014750918222777017,Between-Group,TWEAK/TNFSF12,0.6290101284366936,False
X2hrs,.,22°C - 8°C,-38.77199999999999,50.0597565323092,27.0,-0.7745143541594345,0.445356618096281,Between-Group,TWEAK/TNFSF12,0.9748246327115793,False
.,15°C,X10min - X2hrs,18.069000000000145,21.647055721446435,27.0,0.8347093587465849,0.411206443414707,Within-Group,TWEAK/TNFSF12,0.9639481585472424,False
.,22°C,X10min - X2hrs,11.030000000000108,21.647055721446428,27.0,0.5095381164964774,0.6145147645550714,Within-Group,TWEAK/TNFSF12,0.9979364913093677,False
.,8°C,X10min - X2hrs,-19.188999999999886,21.647055721446428,27.0,-0.8864484965957163,0.38320368343773215,Within-Group,TWEAK/TNFSF12,0.9639481585472424,False
X10min,.,15°C - 22°C,0.002239493700000289,0.6014683994696846,27.0,0.003723377158259442,0.9970565563658598,Between-Group,1H-Indole-3-Acetic Acid,0.9995801204593276,False
X10min,.,15°C - 8°C,0.5000489265000002,0.6014683994696846,27.0,0.8313802137251001,0.4130512611021463,Between-Group,1H-Indole-3-Acetic Acid,0.9639481585472424,False
X10min,.,22°C - 8°C,0.4978094327999999,0.6014683994696846,27.0,0.8276568365668406,0.41512066381746493,Between-Group,1H-Indole-3-Acetic Acid,0.9639481585472424,False
X2hrs,.,15°C - 22°C,0.29174746069999996,0.45741787905092907,27.0,0.637813854817679,0.5289674114108933,Between-Group,1H-Indole-3-Acetic Acid,0.9979364913093677,False
X2hrs,.,15°C - 8°C,-0.2775302149,0.4574178790509291,27.0,-0.6067323286003424,0.5490968807677712,Between-Group,1H-Indole-3-Acetic Acid,0.9979364913093677,False
X2hrs,.,22°C - 8°C,-0.5692776756,0.4574178790509291,27.0,-1.2445461834180214,0.22399387749327304,Between-Group,1H-Indole-3-Acetic Acid,0.9583024215269884,False
.,15°C,X10min - X2hrs,0.17342985260000066,0.3890948731390788,27.0,0.44572638853046403,0.6593486340150851,Within-Group,1H-Indole-3-Acetic Acid,0.9995801204593276,False
.,22°C,X10min - X2hrs,0.4629378196000003,0.38909487313907876,27.0,1.1897813401271082,0.244489768642253,Within-Group,1H-Indole-3-Acetic Acid,0.9583024215269884,False
.,8°C,X10min - X2hrs,-0.6041492887999995,0.3890948731390788,27.0,-1.5527043158547382,0.1321380895811374,Within-Group,1H-Indole-3-Acetic Acid,0.8614386993847227,False
X10min,.,15°C - 22°C,0.7261722590999996,0.6729796782140438,27.0,1.0790403969212243,0.2901153342876952,Between-Group,2-OH-Butanoic Acid,0.9587581238028823,False
X10min,.,15°C - 8°C,0.3319042723999996,0.6729796782140438,27.0,0.4931861735867099,0.6258686046365185,Between-Group,2-OH-Butanoic Acid,0.9979364913093677,False
X10min,.,22°C - 8°C,-0.3942679867,0.6729796782140438,27.0,-0.5858542233345143,0.5628391607788719,Between-Group,2-OH-Butanoic Acid,0.9979364913093677,False
X2hrs,.,15°C - 22°C,-0.9513107653000005,0.8071579159918634,27.0,-1.1785931184618281,0.2488431383777151,Between-Group,2-OH-Butanoic Acid,0.9583024215269884,False
X2hrs,.,15°C - 8°C,-0.3946501199000002,0.8071579159918634,27.0,-0.48893792909785266,0.6288338959226958,Between-Group,2-OH-Butanoic Acid,0.9979364913093677,False
X2hrs,.,22°C - 8°C,0.5566606454000003,0.8071579159918634,27.0,0.6896551893639754,0.4962962214521808,Between-Group,2-OH-Butanoic Acid,0.9951522764592834,False
.,15°C,X10min - X2hrs,1.2165115335000005,0.7129286370772945,27.0,1.7063580704054513,0.09942004333173776,Within-Group,2-OH-Butanoic Acid,0.8087475535758233,False
.,22°C,X10min - X2hrs,-0.4609714908999996,0.7129286370772945,27.0,-0.6465885460707365,0.5233571940722805,Within-Group,2-OH-Butanoic Acid,0.9979364913093677,False
.,8°C,X10min - X2hrs,0.48995714120000067,0.7129286370772945,27.0,0.6872457013490403,0.49778914854636913,Within-Group,2-OH-Butanoic Acid,0.9951522764592834,False
X10min,.,15°C - 22°C,0.05167598770000009,1.0334300105491703,27.0,0.05000434201880705,0.9604870187785993,Between-Group,3-OH-Butanoic Acid,0.9995801204593276,False
X10min,.,15°C - 8°C,-1.1110179607,1.0334300105491705,27.0,-1.075078088848609,0.29185350091895146,Between-Group,3-OH-Butanoic Acid,0.9587581238028823,False
X10min,.,22°C - 8°C,-1.1626939483999998,1.0334300105491705,27.0,-1.1250824308674157,0.2704565560616659,Between-Group,3-OH-Butanoic Acid,0.9587581238028823,False
X2hrs,.,15°C - 22°C,0.3267169120999997,0.5967663174345725,27.0,0.5474788079604038,0.5885473136296044,Between-Group,3-OH-Butanoic Acid,0.9979364913093677,False
X2hrs,.,15°C - 8°C,0.7276045752999996,0.5967663174345726,27.0,1.2192453797122549,0.23329593240038876,Between-Group,3-OH-Butanoic Acid,0.9583024215269884,False
X2hrs,.,22°C - 8°C,0.40088766319999986,0.5967663174345726,27.0,0.6717665717518512,0.5074400212964547,Between-Group,3-OH-Butanoic Acid,0.9979364913093677,False
.,15°C,X10min - X2hrs,-0.49918749599999923,0.7836720197053885,27.0,-0.636985222705364,0.5294988747653245,Within-Group,3-OH-Butanoic Acid,0.9979364913093677,False
.,22°C,X10min - X2hrs,-0.22414657159999962,0.7836720197053885,27.0,-0.2860208938992931,0.7770451905093054,Within-Group,3-OH-Butanoic Acid,0.9995801204593276,False
.,8°C,X10min - X2hrs,1.3394350400000001,0.7836720197053885,27.0,1.709178082565132,0.09888974722289781,Within-Group,3-OH-Butanoic Acid,0.8087475535758233,False
X10min,.,15°C - 22°C,1.1459519334999992,0.8733504488448248,27.0,1.3121329874115741,0.20052181289107537,Between-Group,Alanine,0.9578432860474494,False
X10min,.,15°C - 8°C,0.4249518641999992,0.8733504488448248,27.0,0.4865765681601016,0.6304848783197914,Between-Group,Alanine,0.9979364913093677,False
X10min,.,22°C - 8°C,-0.7210000692999999,0.8733504488448248,27.0,-0.8255564192514726,0.41629089776267303,Between-Group,Alanine,0.9639481585472424,False
X2hrs,.,15°C - 22°C,-0.06464028040000153,0.9999437244742692,27.0,-0.0646439182704875,0.9489337655483787,Between-Group,Alanine,0.9995801204593276,False
X2hrs,.,15°C - 8°C,-0.991667088000002,0.9999437244742693,27.0,-0.9917228977274508,0.3301377656936799,Between-Group,Alanine,0.9587581238028823,False
X2hrs,.,22°C - 8°C,-0.9270268076000006,0.9999437244742693,27.0,-0.9270789794569634,0.3620991393342795,Between-Group,Alanine,0.9587581238028823,False
.,15°C,X10min - X2hrs,0.7694007684999988,0.8982838085451498,27.0,0.8565230288922958,0.3992468558169895,Within-Group,Alanine,0.9639481585472424,False
.,22°C,X10min - X2hrs,-0.44119144540000177,0.8982838085451498,27.0,-0.49114927955180493,0.6272895711575559,Within-Group,Alanine,0.9979364913093677,False
.,8°C,X10min - X2hrs,-0.6472181837000024,0.8982838085451498,27.0,-0.720505231802218,0.47740607850630046,Within-Group,Alanine,0.9826150257725653,False
X10min,.,15°C - 22°C,0.8987923351999992,0.43942651818518014,27.0,2.0453757295121555,0.05067508838851792,Between-Group,Arachidonic acid,0.7650685341259711,False
X10min,.,15°C - 8°C,0.17766250969999964,0.4394265181851802,27.0,0.40430538974693897,0.689173069293959,Between-Group,Arachidonic acid,0.9995801204593276,False
X10min,.,22°C - 8°C,-0.7211298254999996,0.4394265181851802,27.0,-1.6410703397652162,0.11238225181993897,Between-Group,Arachidonic acid,0.8282083340643328,False
X2hrs,.,15°C - 22°C,0.1712055831999998,0.228522400450669,27.0,0.7491851252322105,0.4602234659559298,Between-Group,Arachidonic acid,0.9764033088087116,False
X2hrs,.,15°C - 8°C,0.14430221259999987,0.228522400450669,27.0,0.631457626540862,0.5330514575692711,Between-Group,Arachidonic acid,0.9979364913093677,False
X2hrs,.,22°C - 8°C,-0.026903370599999935,0.228522400450669,27.0,-0.11772749869134842,0.9071550154517556,Between-Group,Arachidonic acid,0.9995801204593276,False
.,15°C,X10min - X2hrs,0.17929203929999987,0.3857398352663519,27.0,0.4648004248153406,0.6458010626371822,Within-Group,Arachidonic acid,0.9981454114012376,False
.,22°C,X10min - X2hrs,-0.5482947126999996,0.3857398352663519,27.0,-1.4214106570595806,0.1666457087806698,Within-Group,Arachidonic acid,0.9210798142931588,False
.,8°C,X10min - X2hrs,0.14593174220000008,0.3857398352663519,27.0,0.3783164943263761,0.7081537806740801,Within-Group,Arachidonic acid,0.9995801204593276,False
X10min,.,15°C - 22°C,0.6979247370000002,0.5394371270262754,27.0,1.293801820515044,0.20669263129475848,Between-Group,Arginine [-NH3],0.9583024215269884,False
X10min,.,15°C - 8°C,-0.04308587719999951,0.5394371270262754,27.0,-0.07987191656146582,0.9369282012088299,Between-Group,Arginine [-NH3],0.9995801204593276,False
X10min,.,22°C - 8°C,-0.7410106141999998,0.5394371270262754,27.0,-1.37367373707651,0.18084189148137012,Between-Group,Arginine [-NH3],0.9431600186489918,False
X2hrs,.,15°C - 22°C,-0.09076254630000069,0.16677682917098308,27.0,-0.5442155649028981,0.5907596004692443,Between-Group,Arginine [-NH3],0.9979364913093677,False
X2hrs,.,15°C - 8°C,0.009296379399999145,0.16677682917098308,27.0,0.055741432705069024,0.9559582375843959,Between-Group,Arginine [-NH3],0.9995801204593276,False
X2hrs,.,22°C - 8°C,0.10005892569999984,0.16677682917098308,27.0,0.5999569976079672,0.5535372878534478,Between-Group,Arginine [-NH3],0.9979364913093677,False
.,15°C,X10min - X2hrs,-0.21699612429999696,0.3941373835014699,27.0,-0.550559610388208,0.5864624272569638,Within-Group,Arginine [-NH3],0.9979364913093677,False
.,22°C,X10min - X2hrs,-1.0056834075999979,0.3941373835014699,27.0,-2.5516062411173115,0.016699383940797174,Within-Group,Arginine [-NH3],0.6290101284366936,False
.,8°C,X10min - X2hrs,-0.1646138676999983,0.3941373835014699,27.0,-0.4176560625576498,0.679501366270842,Within-Group,Arginine [-NH3],0.9995801204593276,False
X10min,.,15°C - 22°C,-0.22614748830000014,0.9054183398470086,27.0,-0.24977126964118376,0.8046548188833339,Between-Group,Ascorbic Acid,0.9995801204593276,False
X10min,.,15°C - 8°C,-0.27870999589999984,0.9054183398470087,27.0,-0.30782455317515917,0.760577980863383,Between-Group,Ascorbic Acid,0.9995801204593276,False
X10min,.,22°C - 8°C,-0.05256250759999971,0.9054183398470087,27.0,-0.05805328353397542,0.9541337098177323,Between-Group,Ascorbic Acid,0.9995801204593276,False
X2hrs,.,15°C - 22°C,-0.8030305321000004,1.1011949687758136,27.0,-0.7292355621572815,0.4721366517425776,Between-Group,Ascorbic Acid,0.9826150257725653,False
X2hrs,.,15°C - 8°C,-0.7035233309999993,1.1011949687758136,27.0,-0.6388726346816663,0.5282887547021925,Between-Group,Ascorbic Acid,0.9979364913093677,False
X2hrs,.,22°C - 8°C,0.09950720110000111,1.1011949687758136,27.0,0.09036292747561513,0.9286658481380936,Between-Group,Ascorbic Acid,0.9995801204593276,False
.,15°C,X10min - X2hrs,0.6372750121999996,0.7997114485343428,27.0,0.7968811917948083,0.43247197698131645,Within-Group,Ascorbic Acid,0.974695460966868,False
.,22°C,X10min - X2hrs,0.06039196839999931,0.7997114485343428,27.0,0.07551719874797545,0.9403599872648243,Within-Group,Ascorbic Acid,0.9995801204593276,False
.,8°C,X10min - X2hrs,0.21246167710000013,0.7997114485343428,27.0,0.2656729217637006,0.7925092262667985,Within-Group,Ascorbic Acid,0.9995801204593276,False
X10min,.,15°C - 22°C,0.15248231639999965,1.237456668495846,27.0,0.12322234812904201,0.902843723814313,Between-Group,Asparagine,0.9995801204593276,False
X10min,.,15°C - 8°C,1.1908401857000002,1.237456668495846,27.0,0.9623287958417898,0.34442445217263706,Between-Group,Asparagine,0.9587581238028823,False
X10min,.,22°C - 8°C,1.0383578693000004,1.237456668495846,27.0,0.8391064477127477,0.40877776632024454,Between-Group,Asparagine,0.9639481585472424,False
X2hrs,.,15°C - 22°C,-1.2051498686999995,0.9566922063244445,27.0,-1.2597049089906511,0.2185563847489181,Between-Group,Asparagine,0.9583024215269884,False
X2hrs,.,15°C - 8°C,-1.1637670948999994,0.9566922063244445,27.0,-1.2164488089341967,0.23434162915034198,Between-Group,Asparagine,0.9583024215269884,False
X2hrs,.,22°C - 8°C,0.041382773799999995,0.9566922063244445,27.0,0.04325610005645409,0.9658157019614579,Between-Group,Asparagine,0.9995801204593276,False
.,15°C,X10min - X2hrs,-0.2866642856000007,0.8166198465888013,27.0,-0.35103761780644904,0.7282845344830343,Within-Group,Asparagine,0.9995801204593276,False
.,22°C,X10min - X2hrs,-1.6442964706999998,0.8166198465888013,27.0,-2.0135396874917797,0.05412398801115344,Within-Group,Asparagine,0.7650685341259711,False
.,8°C,X10min - X2hrs,-2.6412715662000004,0.8166198465888013,27.0,-3.2343955112445113,0.0032101433794202655,Within-Group,Asparagine,0.40245825085434433,False
X10min,.,15°C - 22°C,1.033342765999999,0.8265030734166728,27.0,1.2502588305307487,0.22193284803087934,Between-Group,Cholesterol,0.9583024215269884,False
X10min,.,15°C - 8°C,0.018862220999999124,0.8265030734166731,27.0,0.022821719128066603,0.9819603130569883,Between-Group,Cholesterol,0.9995801204593276,False
X10min,.,22°C - 8°C,-1.0144805449999998,0.8265030734166731,27.0,-1.2274371114026819,0.23025298873431524,Between-Group,Cholesterol,0.9583024215269884,False
X2hrs,.,15°C - 22°C,0.06409868230000033,0.0958573320362661,27.0,0.6686883615303377,0.5093715175116824,Between-Group,Cholesterol,0.9979364913093677,False
X2hrs,.,15°C - 8°C,0.08086961660000029,0.0958573320362661,27.0,0.8436456020850294,0.40628010385284286,Between-Group,Cholesterol,0.9639481585472424,False
X2hrs,.,22°C - 8°C,0.016770934299999957,0.0958573320362661,27.0,0.1749572405546916,0.8624186394858183,Between-Group,Cholesterol,0.9995801204593276,False
.,15°C,X10min - X2hrs,-0.0826074854000029,0.5827405519684473,27.0,-0.14175688498245392,0.8883244942378176,Within-Group,Cholesterol,0.9995801204593276,False
.,22°C,X10min - X2hrs,-1.0518515691000017,0.5827405519684472,27.0,-1.805008361863505,0.08223815008636101,Within-Group,Cholesterol,0.791489245095708,False
.,8°C,X10min - X2hrs,-0.020600089800001734,0.5827405519684473,27.0,-0.03535036257630674,0.9720604238516173,Within-Group,Cholesterol,0.9995801204593276,False
X10min,.,15°C - 22°C,-0.3453076855999987,1.268609609207372,27.0,-0.2721938121024853,0.7875437513603404,Between-Group,Citric acid,0.9995801204593276,False
X10min,.,15°C - 8°C,0.6498268814000001,1.268609609207372,27.0,0.5122355030922494,0.6126510929735334,Between-Group,Citric acid,0.9979364913093677,False
X10min,.,22°C - 8°C,0.9951345669999987,1.268609609207372,27.0,0.7844293151947346,0.43961668425798794,Between-Group,Citric acid,0.9748246327115793,False
X2hrs,.,15°C - 22°C,-0.09829134519999938,1.1000095660979012,27.0,-0.0893549912921861,0.9294593257886891,Between-Group,Citric acid,0.9995801204593276,False
X2hrs,.,15°C - 8°C,1.0596698130000002,1.1000095660979012,27.0,0.9633278161016366,0.34393214247695136,Between-Group,Citric acid,0.9587581238028823,False
X2hrs,.,22°C - 8°C,1.1579611581999996,1.1000095660979012,27.0,1.0526828073938228,0.30181664790936946,Between-Group,Citric acid,0.9587581238028823,False
.,15°C,X10min - X2hrs,-0.725465511,1.0025768564041908,27.0,-0.7236008953986139,0.47553372650085746,Within-Group,Citric acid,0.9826150257725653,False
.,22°C,X10min - X2hrs,-0.47844917060000075,1.0025768564041906,27.0,-0.47721944461793275,0.637046174709704,Within-Group,Citric acid,0.9979364913093677,False
.,8°C,X10min - X2hrs,-0.3156225793999998,1.0025768564041908,27.0,-0.3148113557418445,0.7553249332830577,Within-Group,Citric acid,0.9995801204593276,False
X10min,.,15°C - 22°C,1.3405408434000003,0.8580835824576268,27.0,1.5622497281215584,0.12987538931528994,Between-Group,Cysteine,0.857683577491233,False
X10min,.,15°C - 8°C,0.8869461181000008,0.8580835824576268,27.0,1.0336360422602529,0.310476370562747,Between-Group,Cysteine,0.9587581238028823,False
X10min,.,22°C - 8°C,-0.45359472529999956,0.8580835824576268,27.0,-0.5286136858613054,0.6013922168764493,Between-Group,Cysteine,0.9979364913093677,False
X2hrs,.,15°C - 22°C,-0.08351888170000103,0.5958394968835934,27.0,-0.14017009972791006,0.8895660459432202,Between-Group,Cysteine,0.9995801204593276,False
X2hrs,.,15°C - 8°C,0.2967166223999989,0.5958394968835934,27.0,0.49798078836987064,0.6225296085860272,Between-Group,Cysteine,0.9979364913093677,False
X2hrs,.,22°C - 8°C,0.38023550409999995,0.5958394968835934,27.0,0.6381508880977806,0.5287513289834307,Between-Group,Cysteine,0.9979364913093677,False
.,15°C,X10min - X2hrs,0.5487741824000039,0.6816501374984628,27.0,0.8050672217479622,0.4278138667116065,Within-Group,Cysteine,0.974695460966868,False
.,22°C,X10min - X2hrs,-0.8752855426999976,0.6816501374984627,27.0,-1.2840686072655147,0.21002778663703608,Within-Group,Cysteine,0.9583024215269884,False
.,8°C,X10min - X2hrs,-0.04145531329999806,0.6816501374984628,27.0,-0.06081611521730464,0.951953598887962,Within-Group,Cysteine,0.9995801204593276,False
X10min,.,15°C - 22°C,-0.22833770139999982,0.6918977701254264,27.0,-0.3300165302723942,0.7439344113676468,Between-Group,Decanoic acid,0.9995801204593276,False
X10min,.,15°C - 8°C,0.18467106110000023,0.6918977701254265,27.0,0.2669051254010014,0.79157024926018,Between-Group,Decanoic acid,0.9995801204593276,False
X10min,.,22°C - 8°C,0.4130087625,0.6918977701254265,27.0,0.5969216556733955,0.5555325975305965,Between-Group,Decanoic acid,0.9979364913093677,False
X2hrs,.,15°C - 22°C,-0.8882474946999992,0.39355891747558885,27.0,-2.2569619318944647,0.03230928911495274,Between-Group,Decanoic acid,0.7296680224763044,False
X2hrs,.,15°C - 8°C,-0.15736210169999976,0.39355891747558885,27.0,-0.39984382188407763,0.6924172901935657,Between-Group,Decanoic acid,0.9995801204593276,False
X2hrs,.,22°C - 8°C,0.7308853929999994,0.39355891747558885,27.0,1.857118110010387,0.07423510779278657,Between-Group,Decanoic acid,0.791489245095708,False
.,15°C,X10min - X2hrs,0.5825959228999996,0.4346675014728679,27.0,1.3403254692975142,0.19130991677962061,Within-Group,Decanoic acid,0.9490838310481666,False
.,22°C,X10min - X2hrs,-0.07731387039999972,0.4346675014728679,27.0,-0.17786899213311827,0.860153631830171,Within-Group,Decanoic acid,0.9995801204593276,False
.,8°C,X10min - X2hrs,0.24056276009999963,0.4346675014728679,27.0,0.5534408698254513,0.5845158573019473,Within-Group,Decanoic acid,0.9979364913093677,False
X10min,.,15°C - 22°C,0.6518147424,0.48054061726137115,27.0,1.356419663575433,0.18620052610867882,Between-Group,Glutamic Acid,0.9458107478379616,False
X10min,.,15°C - 8°C,0.31235015569999997,0.4805406172613712,27.0,0.6499974080861293,0.5211864205981909,Between-Group,Glutamic Acid,0.9979364913093677,False
X10min,.,22°C - 8°C,-0.3394645867000001,0.4805406172613712,27.0,-0.7064222554893038,0.4859774686916991,Between-Group,Glutamic Acid,0.9845400112738207,False
X2hrs,.,15°C - 22°C,-0.07796881630000005,0.4036920031038599,27.0,-0.19313936293144904,0.8482953746896797,Between-Group,Glutamic Acid,0.9995801204593276,False
X2hrs,.,15°C - 8°C,0.7045318395999998,0.40369200310385994,27.0,1.745221193838564,0.09231948410411943,Between-Group,Glutamic Acid,0.791489245095708,False
X2hrs,.,22°C - 8°C,0.7825006558999998,0.40369200310385994,27.0,1.938360556770013,0.06310009244837224,Between-Group,Glutamic Acid,0.7650685341259711,False
.,15°C,X10min - X2hrs,0.03660230040000098,0.4340769744534177,27.0,0.08432214227923508,0.9334224278801967,Within-Group,Glutamic Acid,0.9995801204593276,False
.,22°C,X10min - X2hrs,-0.6931812582999992,0.43407697445341764,27.0,-1.5969086109044168,0.12192539877763572,Within-Group,Glutamic Acid,0.8425002768413034,False
.,8°C,X10min - X2hrs,0.42878398430000086,0.4340769744534177,27.0,0.9878063328282232,0.33201764239832576,Within-Group,Glutamic Acid,0.9587581238028823,False
X10min,.,15°C - 22°C,1.5910664337999978,0.823804558886528,27.0,1.9313639584011497,0.06399817702475946,Between-Group,Glutamine [-H2O],0.7650685341259711,False
X10min,.,15°C - 8°C,0.19127923869999774,0.8238045588865281,27.0,0.23219007061399957,0.8181413328174739,Between-Group,Glutamine [-H2O],0.9995801204593276,False
X10min,.,22°C - 8°C,-1.3997871951,0.8238045588865281,27.0,-1.6991738877871498,0.10078184669761554,Between-Group,Glutamine [-H2O],0.8087475535758233,False
X2hrs,.,15°C - 22°C,-0.33831712959999977,0.33456300837204217,27.0,-1.0112209692464953,0.3208875368839787,Between-Group,Glutamine [-H2O],0.9587581238028823,False
X2hrs,.,15°C - 8°C,-0.38410456799999965,0.33456300837204217,27.0,-1.1480784138958544,0.2610068876865324,Between-Group,Glutamine [-H2O],0.9587581238028823,False
X2hrs,.,22°C - 8°C,-0.04578743839999991,0.33456300837204217,27.0,-0.13685744464935934,0.8921588922878791,Between-Group,Glutamine [-H2O],0.9995801204593276,False
.,15°C,X10min - X2hrs,0.19561953399999588,0.6380555211898093,27.0,0.3065870092859878,0.7615096570723479,Within-Group,Glutamine [-H2O],0.9995801204593276,False
.,22°C,X10min - X2hrs,-1.7337640294000016,0.6380555211898093,27.0,-2.717262012194453,0.011349932997311239,Within-Group,Glutamine [-H2O],0.6290101284366936,False
.,8°C,X10min - X2hrs,-0.3797642727000015,0.6380555211898093,27.0,-0.5951900110382853,0.5566725698338004,Within-Group,Glutamine [-H2O],0.9979364913093677,False
X10min,.,15°C - 22°C,0.4867657592999997,0.5686621395782726,27.0,0.8559841167920756,0.3995396329360804,Between-Group,Glyceraldehyde-3-P(MOX),0.9639481585472424,False
X10min,.,15°C - 8°C,-0.18788873540000023,0.5686621395782726,27.0,-0.330404861381032,0.7436442651748894,Between-Group,Glyceraldehyde-3-P(MOX),0.9995801204593276,False
X10min,.,22°C - 8°C,-0.6746544946999999,0.5686621395782726,27.0,-1.1863889781731076,0.24580374186536558,Between-Group,Glyceraldehyde-3-P(MOX),0.9583024215269884,False
X2hrs,.,15°C - 22°C,-0.43852578659999997,0.37927534434161647,27.0,-1.1562201264657377,0.25771970093033647,Between-Group,Glyceraldehyde-3-P(MOX),0.9587581238028823,False
X2hrs,.,15°C - 8°C,-0.09172168129999991,0.37927534434161647,27.0,-0.2418340202398852,0.8107361427910564,Between-Group,Glyceraldehyde-3-P(MOX),0.9995801204593276,False
X2hrs,.,22°C - 8°C,0.34680410530000005,0.37927534434161647,27.0,0.9143861062258524,0.36860808889570007,Between-Group,Glyceraldehyde-3-P(MOX),0.9587581238028823,False
.,15°C,X10min - X2hrs,0.0869558378999995,0.39857387139201383,27.0,0.21816743178951348,0.8289392095063264,Within-Group,Glyceraldehyde-3-P(MOX),0.9995801204593276,False
.,22°C,X10min - X2hrs,-0.8383357080000002,0.39857387139201383,27.0,-2.1033383474740184,0.04489232886197455,Within-Group,Glyceraldehyde-3-P(MOX),0.7469991681189178,False
.,8°C,X10min - X2hrs,0.18312289199999982,0.39857387139201383,27.0,0.45944530021610697,0.6495923537485525,Within-Group,Glyceraldehyde-3-P(MOX),0.9988768156402602,False
X10min,.,15°C - 22°C,-0.6207509731999998,1.3994443878350828,27.0,-0.4435695899000969,0.6608880954411211,Between-Group,Glycerol-3-P,0.9995801204593276,False
X10min,.,15°C - 8°C,0.041656063000000076,1.3994443878350828,27.0,0.029766143879744526,0.9764724986108183,Between-Group,Glycerol-3-P,0.9995801204593276,False
X10min,.,22°C - 8°C,0.6624070361999999,1.3994443878350828,27.0,0.4733357337798414,0.6397783602101355,Between-Group,Glycerol-3-P,0.9979364913093677,False
X2hrs,.,15°C - 22°C,1.1362194006,1.046503947799922,27.0,1.0857287284856285,0.2871980506126451,Between-Group,Glycerol-3-P,0.9587581238028823,False
X2hrs,.,15°C - 8°C,1.0578954575000004,1.046503947799922,27.0,1.0108853002647786,0.32104525670482603,Between-Group,Glycerol-3-P,0.9587581238028823,False
X2hrs,.,22°C - 8°C,-0.07832394309999968,1.046503947799922,27.0,-0.07484342822085006,0.9408910662029482,Between-Group,Glycerol-3-P,0.9995801204593276,False
.,15°C,X10min - X2hrs,-1.7040286931000008,1.353554722872582,27.0,-1.2589285562711683,0.21883241067848969,Within-Group,Glycerol-3-P,0.9583024215269884,False
.,22°C,X10min - X2hrs,0.05294168069999888,1.353554722872582,27.0,0.03911307005574432,0.9690880202736518,Within-Group,Glycerol-3-P,0.9995801204593276,False
.,8°C,X10min - X2hrs,-0.6877892986000007,1.353554722872582,27.0,-0.5081355684979915,0.6154848505581342,Within-Group,Glycerol-3-P,0.9979364913093677,False
X10min,.,15°C - 22°C,0.7571670924999996,0.7095247181934629,27.0,1.0671468845057859,0.2953548977453891,Between-Group,Glycine,0.9587581238028823,False
X10min,.,15°C - 8°C,0.9856049190999997,0.709524718193463,27.0,1.3891058251070814,0.1761522615677651,Between-Group,Glycine,0.9330565104917558,False
X10min,.,22°C - 8°C,0.22843782660000012,0.709524718193463,27.0,0.32195894060129554,0.7499633424253416,Between-Group,Glycine,0.9995801204593276,False
X2hrs,.,15°C - 22°C,-0.2946011069000002,0.9574360447033273,27.0,-0.30769794863038163,0.7606732773877847,Between-Group,Glycine,0.9995801204593276,False
X2hrs,.,15°C - 8°C,-1.2255996704000003,0.9574360447033274,27.0,-1.2800851578339798,0.2114045516676635,Between-Group,Glycine,0.9583024215269884,False
X2hrs,.,22°C - 8°C,-0.9309985635000001,0.9574360447033274,27.0,-0.9723872092035982,0.3394894156969307,Between-Group,Glycine,0.9587581238028823,False
.,15°C,X10min - X2hrs,1.1239247598999984,0.7284751300492437,27.0,1.5428457520904288,0.13450877720472698,Within-Group,Glycine,0.8657938380835907,False
.,22°C,X10min - X2hrs,0.07215656049999863,0.7284751300492437,27.0,0.0990515084504271,0.921829129756548,Within-Group,Glycine,0.9995801204593276,False
.,8°C,X10min - X2hrs,-1.0872798296000017,0.7284751300492438,27.0,-1.4925421400817118,0.1471508964583363,Within-Group,Glycine,0.8855175248409941,False
X10min,.,15°C - 22°C,0.3998238243000002,0.23545893172118376,27.0,1.698061829200208,0.10099404061369671,Between-Group,Indole-3-Latic Acid,0.8087475535758233,False
X10min,.,15°C - 8°C,-0.1308039202999998,0.2354589317211838,27.0,-0.5555275365594959,0.5831080967110699,Between-Group,Indole-3-Latic Acid,0.9979364913093677,False
X10min,.,22°C - 8°C,-0.5306277446,0.2354589317211838,27.0,-2.2535893657597037,0.032547249488085385,Between-Group,Indole-3-Latic Acid,0.7296680224763044,False
X2hrs,.,15°C - 22°C,-0.033711946799999754,0.2092876606514439,27.0,-0.16107947642524892,0.8732300389879153,Between-Group,Indole-3-Latic Acid,0.9995801204593276,False
X2hrs,.,15°C - 8°C,-0.45484335919999985,0.20928766065144394,27.0,-2.173292767400722,0.038700982657299016,Between-Group,Indole-3-Latic Acid,0.7296680224763044,False
X2hrs,.,22°C - 8°C,-0.42113141240000007,0.20928766065144394,27.0,-2.012213290975473,0.05427206789829416,Between-Group,Indole-3-Latic Acid,0.7650685341259711,False
.,15°C,X10min - X2hrs,0.47884674579999953,0.15925251114734154,27.0,3.0068395301909376,0.005650138247300299,Within-Group,Indole-3-Latic Acid,0.49775466600062335,False
.,22°C,X10min - X2hrs,0.04531097469999956,0.1592525111473415,27.0,0.2845228271350619,0.7781805998934133,Within-Group,Indole-3-Latic Acid,0.9995801204593276,False
.,8°C,X10min - X2hrs,0.15480730689999944,0.15925251114734154,27.0,0.9720870696774799,0.33963597882044017,Within-Group,Indole-3-Latic Acid,0.9587581238028823,False
X10min,.,15°C - 22°C,-0.03870968329999966,0.43390539353642965,27.0,-0.08921226579947937,0.9295716895930031,Between-Group,Indole-3-Propionic Acid,0.9995801204593276,False
X10min,.,15°C - 8°C,-0.6493385646999996,0.4339053935364297,27.0,-1.4964980255436318,0.1461231019100073,Between-Group,Indole-3-Propionic Acid,0.8845666347766513,False
X10min,.,22°C - 8°C,-0.6106288814,0.4339053935364297,27.0,-1.4072857597441526,0.17075105358693768,Between-Group,Indole-3-Propionic Acid,0.9330565104917558,False
X2hrs,.,15°C - 22°C,-0.41642873649999995,0.49506001518533777,27.0,-0.841168189162075,0.4076421015648676,Between-Group,Indole-3-Propionic Acid,0.9639481585472424,False
X2hrs,.,15°C - 8°C,-0.6930467417999999,0.4950600151853378,27.0,-1.399924697090596,0.17292201652290282,Between-Group,Indole-3-Propionic Acid,0.9330565104917558,False
X2hrs,.,22°C - 8°C,-0.2766180052999999,0.4950600151853378,27.0,-0.5587565079285209,0.5809329826592697,Between-Group,Indole-3-Propionic Acid,0.9979364913093677,False
.,15°C,X10min - X2hrs,0.3305556737000004,0.2588403154499659,27.0,1.2770640969331424,0.21245328200914496,Within-Group,Indole-3-Propionic Acid,0.9583024215269884,False
.,22°C,X10min - X2hrs,-0.04716337949999987,0.2588403154499659,27.0,-0.1822103307902845,0.8567788315686609,Within-Group,Indole-3-Propionic Acid,0.9995801204593276,False
.,8°C,X10min - X2hrs,0.2868474966000002,0.2588403154499659,27.0,1.1082025460421296,0.27754897744773316,Within-Group,Indole-3-Propionic Acid,0.9587581238028823,False
X10min,.,15°C - 22°C,1.0730081760999997,1.2399905427528644,27.0,0.8653357740276371,0.39447848438160293,Between-Group,Lactic Acid,0.9639481585472424,False
X10min,.,15°C - 8°C,0.002822192000000001,1.2399905427528646,27.0,0.0022759786487843207,0.9982007664990864,Between-Group,Lactic Acid,0.9995801204593276,False
X10min,.,22°C - 8°C,-1.0701859840999997,1.2399905427528646,27.0,-0.8630597953788526,0.39570646541635857,Between-Group,Lactic Acid,0.9639481585472424,False
X2hrs,.,15°C - 22°C,-1.1138366647,1.6103027988036653,27.0,-0.6916939258427033,0.4950349860254477,Between-Group,Lactic Acid,0.9949616221104354,False
X2hrs,.,15°C - 8°C,-0.6150972684999994,1.6103027988036653,27.0,-0.38197615315391037,0.7054690269214254,Between-Group,Lactic Acid,0.9995801204593276,False
X2hrs,.,22°C - 8°C,0.49873939620000063,1.6103027988036653,27.0,0.3097177726887929,0.7591533939290431,Between-Group,Lactic Acid,0.9995801204593276,False
.,15°C,X10min - X2hrs,2.3321393203999987,1.5480573916000526,27.0,1.5064940957967514,0.14355182721293308,Within-Group,Lactic Acid,0.879471134190078,False
.,22°C,X10min - X2hrs,0.14529447959999908,1.5480573916000524,27.0,0.09385600326472687,0.9259165789056717,Within-Group,Lactic Acid,0.9995801204593276,False
.,8°C,X10min - X2hrs,1.7142198598999996,1.5480573916000526,27.0,1.1073361163491513,0.2779166038596441,Within-Group,Lactic Acid,0.9587581238028823,False
X10min,.,15°C - 22°C,0.3128822606,0.9851663400072951,27.0,0.3175933321043867,0.7532366025770421,Between-Group,Leucine,0.9995801204593276,False
X10min,.,15°C - 8°C,-0.7122712574000003,0.9851663400072952,27.0,-0.7229959332499382,0.47589929130229736,Between-Group,Leucine,0.9826150257725653,False
X10min,.,22°C - 8°C,-1.0251535180000004,0.9851663400072952,27.0,-1.040589265354325,0.30729516668420714,Between-Group,Leucine,0.9587581238028823,False
X2hrs,.,15°C - 22°C,-0.5974658427000006,0.3023310547030662,27.0,-1.9761973948948128,0.05843160152945699,Between-Group,Leucine,0.7650685341259711,False
X2hrs,.,15°C - 8°C,-0.09422590780000062,0.3023310547030662,27.0,-0.3116646680326783,0.7576893176820554,Between-Group,Leucine,0.9995801204593276,False
X2hrs,.,22°C - 8°C,0.5032399348999999,0.3023310547030662,27.0,1.6645327268621342,0.10757038170079422,Between-Group,Leucine,0.8239637885635016,False
.,15°C,X10min - X2hrs,-1.2732121904000002,0.7300331762971533,27.0,-1.7440470265446553,0.09252754232230011,Within-Group,Leucine,0.791489245095708,False
.,22°C,X10min - X2hrs,-2.1835602937000007,0.7300331762971531,27.0,-2.9910425506623866,0.005873211398237444,Within-Group,Leucine,0.49775466600062335,False
.,8°C,X10min - X2hrs,-0.6551668408000004,0.7300331762971533,27.0,-0.8974480367085684,0.3774130230967099,Within-Group,Leucine,0.9639481585472424,False
X10min,.,15°C - 22°C,1.8070893977000002,1.3554829492645528,27.0,1.333170143291346,0.19361621342208882,Between-Group,Linoleic Acid,0.9547619052379682,False
X10min,.,15°C - 8°C,-0.016468900200000247,1.355482949264553,27.0,-0.012149839442049648,0.9903954019961744,Between-Group,Linoleic Acid,0.9995801204593276,False
X10min,.,22°C - 8°C,-1.8235582979000005,1.355482949264553,27.0,-1.3453199827333955,0.18971278272725664,Between-Group,Linoleic Acid,0.9490838310481666,False
X2hrs,.,15°C - 22°C,0.14988097849999957,0.18049707577059,27.0,0.8303789845908464,0.4136070953195342,Between-Group,Linoleic Acid,0.9639481585472424,False
X2hrs,.,15°C - 8°C,0.2828581811999995,0.18049707577059,27.0,1.5671067245405652,0.12873630844183725,Between-Group,Linoleic Acid,0.8557178149369181,False
X2hrs,.,22°C - 8°C,0.13297720269999994,0.18049707577059,27.0,0.736727739949719,0.4676416541480969,Between-Group,Linoleic Acid,0.9785834614580545,False
.,15°C,X10min - X2hrs,-0.49359776199999916,0.9779729279672533,27.0,-0.5047151591669896,0.6178535860877681,Within-Group,Linoleic Acid,0.9979364913093677,False
.,22°C,X10min - X2hrs,-2.1508061811999997,0.9779729279672533,27.0,-2.199249201785694,0.03660598942945142,Within-Group,Linoleic Acid,0.7296680224763044,False
.,8°C,X10min - X2hrs,-0.19427068059999944,0.9779729279672533,27.0,-0.1986462764401843,0.8440276917125942,Within-Group,Linoleic Acid,0.9995801204593276,False
X10min,.,15°C - 22°C,-0.5313127909000005,1.278469326580612,27.0,-0.41558509058723153,0.680998057455958,Between-Group,Lysine,0.9995801204593276,False
X10min,.,15°C - 8°C,1.5064022566999995,1.2784693265806122,27.0,1.1782858027020606,0.24896351883819456,Between-Group,Lysine,0.9583024215269884,False
X10min,.,22°C - 8°C,2.0377150476,1.2784693265806122,27.0,1.593870893289292,0.12260574333580421,Between-Group,Lysine,0.8425002768413034,False
X2hrs,.,15°C - 22°C,0.7464476808999995,0.9094040437784227,27.0,0.8208097225944074,0.41894305415720856,Between-Group,Lysine,0.9639481585472424,False
X2hrs,.,15°C - 8°C,0.4830455834999996,0.9094040437784228,27.0,0.5311671822933901,0.5996457844976781,Between-Group,Lysine,0.9979364913093677,False
X2hrs,.,22°C - 8°C,-0.26340209739999987,0.9094040437784228,27.0,-0.28964254030101727,0.7743023673632969,Between-Group,Lysine,0.9995801204593276,False
.,15°C,X10min - X2hrs,-1.5030210325999995,1.1429087717818178,27.0,-1.3150839941990815,0.19954182170297396,Within-Group,Lysine,0.9578432860474494,False
.,22°C,X10min - X2hrs,-0.22526056079999968,1.1429087717818178,27.0,-0.19709408691370345,0.8452301058132665,Within-Group,Lysine,0.9995801204593276,False
.,8°C,X10min - X2hrs,-2.5263777057999994,1.142908771781818,27.0,-2.210480633429145,0.03573152697856505,Within-Group,Lysine,0.7296680224763044,False
X10min,.,15°C - 22°C,0.6648284874,0.6390401167954137,27.0,1.0403548539861736,0.30740204081102684,Between-Group,Methionine,0.9587581238028823,False
X10min,.,15°C - 8°C,1.1509481446999998,0.6390401167954137,27.0,1.8010577340146416,0.08287397460761532,Between-Group,Methionine,0.791489245095708,False
X10min,.,22°C - 8°C,0.48611965729999984,0.6390401167954137,27.0,0.7607028800284681,0.4534270845533226,Between-Group,Methionine,0.9748246327115793,False
X2hrs,.,15°C - 22°C,-0.2825127371000001,0.5127205839513973,27.0,-0.5510072073228496,0.5861598239486089,Between-Group,Methionine,0.9979364913093677,False
X2hrs,.,15°C - 8°C,-0.4397061487,0.5127205839513973,27.0,-0.8575941018620805,0.3986653743331281,Between-Group,Methionine,0.9639481585472424,False
X2hrs,.,22°C - 8°C,-0.15719341159999994,0.5127205839513973,27.0,-0.30658689453923094,0.7615097434755977,Between-Group,Methionine,0.9995801204593276,False
.,15°C,X10min - X2hrs,0.5805257307000002,0.5795444752780019,27.0,1.0016931494714494,0.3253851386434796,Within-Group,Methionine,0.9587581238028823,False
.,22°C,X10min - X2hrs,-0.3668154937999998,0.5795444752780018,27.0,-0.6329376078066175,0.532099027436721,Within-Group,Methionine,0.9979364913093677,False
.,8°C,X10min - X2hrs,-1.0101285626999996,0.5795444752780018,27.0,-1.742969876842413,0.0927187589370043,Within-Group,Methionine,0.791489245095708,False
X10min,.,15°C - 22°C,1.021863881099999,1.1846470318704372,27.0,0.8625893229028564,0.39596060798776944,Between-Group,Oleic Acid,0.9639481585472424,False
X10min,.,15°C - 8°C,1.6974271256999987,1.1846470318704374,27.0,1.4328547491651868,0.16337732481637118,Between-Group,Oleic Acid,0.9179819852941961,False
X10min,.,22°C - 8°C,0.6755632445999998,1.1846470318704374,27.0,0.5702654262623307,0.5732130941314656,Between-Group,Oleic Acid,0.9979364913093677,False
X2hrs,.,15°C - 22°C,0.44675260050000076,0.3366104037781223,27.0,1.327209722235677,0.19555378397934692,Between-Group,Oleic Acid,0.9561451841682491,False
X2hrs,.,15°C - 8°C,0.4305527005000006,0.33661040377812235,27.0,1.279083164594641,0.21175194438081843,Between-Group,Oleic Acid,0.9583024215269884,False
X2hrs,.,22°C - 8°C,-0.016199900000000156,0.33661040377812235,27.0,-0.04812655764103585,0.961969616362482,Between-Group,Oleic Acid,0.9995801204593276,False
.,15°C,X10min - X2hrs,0.4529556214999953,0.8821949659748074,27.0,0.5134416302177474,0.6118186131227297,Within-Group,Oleic Acid,0.9979364913093677,False
.,22°C,X10min - X2hrs,-0.12215565910000277,0.8821949659748073,27.0,-0.13846787140189956,0.8908982421150184,Within-Group,Oleic Acid,0.9995801204593276,False
.,8°C,X10min - X2hrs,-0.8139188037000028,0.8821949659748073,27.0,-0.9226064929996957,0.36438391852953134,Within-Group,Oleic Acid,0.9587581238028823,False
X10min,.,15°C - 22°C,0.48594252129999965,0.6729513112667487,27.0,0.7221065078025811,0.47643704620366967,Between-Group,Ornithine,0.9826150257725653,False
X10min,.,15°C - 8°C,0.5040250924999998,0.6729513112667487,27.0,0.7489770568263462,0.4603467940320056,Between-Group,Ornithine,0.9764033088087116,False
X10min,.,22°C - 8°C,0.01808257120000012,0.6729513112667487,27.0,0.026870549023765015,0.9787606080353084,Between-Group,Ornithine,0.9995801204593276,False
X2hrs,.,15°C - 22°C,0.005597152799999283,0.24552207211824167,27.0,0.02279694347522342,0.981979893733105,Between-Group,Ornithine,0.9995801204593276,False
X2hrs,.,15°C - 8°C,-0.2495960162000005,0.2455220721182417,27.0,-1.0165929850893276,0.3183706792537132,Between-Group,Ornithine,0.9587581238028823,False
X2hrs,.,22°C - 8°C,-0.2551931689999998,0.2455220721182417,27.0,-1.039389928564551,0.3078422486427857,Between-Group,Ornithine,0.9587581238028823,False
.,15°C,X10min - X2hrs,-0.2254621334999996,0.44451598345583715,27.0,-0.507208158741944,0.6161266928434512,Within-Group,Ornithine,0.9979364913093677,False
.,22°C,X10min - X2hrs,-0.705807502,0.4445159834558371,27.0,-1.587811300985811,0.12397224108471523,Within-Group,Ornithine,0.842615600735374,False
.,8°C,X10min - X2hrs,-0.9790832421999999,0.4445159834558371,27.0,-2.2025827611152082,0.03634445510860639,Within-Group,Ornithine,0.7296680224763044,False
X10min,.,15°C - 22°C,1.0235276940999993,0.6717970711855706,27.0,1.5235667703845497,0.13924511418953586,Between-Group,Palmitic Acid,0.8687870008021962,False
X10min,.,15°C - 8°C,0.04098355519999952,0.6717970711855707,27.0,0.061005855723176586,0.9518038911123015,Between-Group,Palmitic Acid,0.9995801204593276,False
X10min,.,22°C - 8°C,-0.9825441388999998,0.6717970711855707,27.0,-1.462560914661373,0.15513137825198448,Between-Group,Palmitic Acid,0.8948385960794855,False
X2hrs,.,15°C - 22°C,0.1868323166999994,0.19388157891956861,27.0,0.9636414028663672,0.34377770717577516,Between-Group,Palmitic Acid,0.9587581238028823,False
X2hrs,.,15°C - 8°C,0.1773708577999994,0.19388157891956861,27.0,0.9148412076506832,0.3683733895586626,Between-Group,Palmitic Acid,0.9587581238028823,False
X2hrs,.,22°C - 8°C,-0.009461458900000011,0.19388157891956861,27.0,-0.0488001952156841,0.9614377320891827,Between-Group,Palmitic Acid,0.9995801204593276,False
.,15°C,X10min - X2hrs,0.30691947130000097,0.47516414112158517,27.0,0.6459230500339173,0.5237815550790105,Within-Group,Palmitic Acid,0.9979364913093677,False
.,22°C,X10min - X2hrs,-0.529775906099999,0.47516414112158517,27.0,-1.1149324207199376,0.27470539915795955,Within-Group,Palmitic Acid,0.9587581238028823,False
.,8°C,X10min - X2hrs,0.44330677390000084,0.47516414112158517,27.0,0.9329550265590587,0.3591117906724721,Within-Group,Palmitic Acid,0.9587581238028823,False
X10min,.,15°C - 22°C,0.6367792431999995,0.4814400196949473,27.0,1.3226554028547088,0.19704436176909415,Between-Group,Phenylalanine,0.9578432860474494,False
X10min,.,15°C - 8°C,0.036485951199999644,0.4814400196949473,27.0,0.07578504010347556,0.94014887730551,Between-Group,Phenylalanine,0.9995801204593276,False
X10min,.,22°C - 8°C,-0.6002932919999999,0.4814400196949473,27.0,-1.2468703627512334,0.22315361389526742,Between-Group,Phenylalanine,0.9583024215269884,False
X2hrs,.,15°C - 22°C,0.007697174199999698,0.12440347611975065,27.0,0.061872661762203546,0.951119992589573,Between-Group,Phenylalanine,0.9995801204593276,False
X2hrs,.,15°C - 8°C,0.2126064636999997,0.12440347611975067,27.0,1.7090074194980285,0.09892177205943727,Between-Group,Phenylalanine,0.8087475535758233,False
X2hrs,.,22°C - 8°C,0.20490928949999998,0.12440347611975067,27.0,1.6471347577358249,0.11112163456140971,Between-Group,Phenylalanine,0.8259249253030201,False
.,15°C,X10min - X2hrs,-0.33895047520000043,0.36168662842226107,27.0,-0.9371385297780025,0.35699492051137094,Within-Group,Phenylalanine,0.9587581238028823,False
.,22°C,X10min - X2hrs,-0.9680325442000002,0.36168662842226107,27.0,-2.676439956939309,0.012494678283711627,Within-Group,Phenylalanine,0.6290101284366936,False
.,8°C,X10min - X2hrs,-0.16282996270000039,0.36168662842226107,27.0,-0.4501962469840053,0.6561630311166751,Within-Group,Phenylalanine,0.9995801204593276,False
X10min,.,15°C - 22°C,1.0197163498999977,1.1109754099258005,27.0,0.9178568137418112,0.36682070120679555,Between-Group,Proline,0.9587581238028823,False
X10min,.,15°C - 8°C,-0.3333175739000008,1.1109754099258005,27.0,-0.30002245857292403,0.7664578107489962,Between-Group,Proline,0.9995801204593276,False
X10min,.,22°C - 8°C,-1.3530339237999984,1.1109754099258005,27.0,-1.2178792723147351,0.23380631135307364,Between-Group,Proline,0.9583024215269884,False
X2hrs,.,15°C - 22°C,-0.30778417329999974,0.36898806307413035,27.0,-0.8341304342904051,0.41152687793507225,Between-Group,Proline,0.9639481585472424,False
X2hrs,.,15°C - 8°C,0.09169371910000004,0.3689880630741304,27.0,0.24850050252595463,0.8056276209469746,Between-Group,Proline,0.9995801204593276,False
X2hrs,.,22°C - 8°C,0.3994778923999998,0.3689880630741304,27.0,1.0826309368163596,0.2885466206658871,Between-Group,Proline,0.9587581238028823,False
.,15°C,X10min - X2hrs,-0.6802118284000016,0.8549561403753223,27.0,-0.7956102029998771,0.4331979826519413,Within-Group,Proline,0.974695460966868,False
.,22°C,X10min - X2hrs,-2.007712351599999,0.8549561403753223,27.0,-2.3483220445888855,0.026433846070547072,Within-Group,Proline,0.7296680224763044,False
.,8°C,X10min - X2hrs,-0.2552005354000008,0.8549561403753223,27.0,-0.2984954705255042,0.7676102595204788,Within-Group,Proline,0.9995801204593276,False
X10min,.,15°C - 22°C,1.0734430452999986,0.6354501465960339,27.0,1.6892639824700582,0.10268605763638489,Between-Group,Serine,0.8158728173140892,False
X10min,.,15°C - 8°C,0.5662602117999995,0.6354501465960339,27.0,0.8911166593214753,0.38073915949009085,Between-Group,Serine,0.9639481585472424,False
X10min,.,22°C - 8°C,-0.5071828334999989,0.6354501465960339,27.0,-0.7981473231485827,0.43174948632911125,Between-Group,Serine,0.974695460966868,False
X2hrs,.,15°C - 22°C,-0.5806372855999999,0.6410858638813888,27.0,-0.9057090762922004,0.3731016916958745,Between-Group,Serine,0.9626770589263999,False
X2hrs,.,15°C - 8°C,0.19553891480000019,0.6410858638813889,27.0,0.30501205192098574,0.7626958808648863,Between-Group,Serine,0.9995801204593276,False
X2hrs,.,22°C - 8°C,0.7761762004000001,0.6410858638813889,27.0,1.210721128213186,0.23649426976931004,Between-Group,Serine,0.9583024215269884,False
.,15°C,X10min - X2hrs,0.49787140409999725,0.6188644547757652,27.0,0.8044918402695987,0.42814026567280994,Within-Group,Serine,0.974695460966868,False
.,22°C,X10min - X2hrs,-1.156208926800001,0.6188644547757651,27.0,-1.8682748990955274,0.07261174914318004,Within-Group,Serine,0.791489245095708,False
.,8°C,X10min - X2hrs,0.1271501070999979,0.6188644547757651,27.0,0.20545711765925959,0.8387562032818651,Within-Group,Serine,0.9995801204593276,False
X10min,.,15°C - 22°C,0.728722331099999,0.611581783489208,27.0,1.1915370123395084,0.24381178765264788,Between-Group,Stearic Acid,0.9583024215269884,False
X10min,.,15°C - 8°C,-0.043130053000001,0.611581783489208,27.0,-0.07052213483850779,0.9442978425664339,Between-Group,Stearic Acid,0.9995801204593276,False
X10min,.,22°C - 8°C,-0.7718523840999999,0.611581783489208,27.0,-1.262059147178016,0.2177209697639096,Between-Group,Stearic Acid,0.9583024215269884,False
X2hrs,.,15°C - 22°C,0.09618627369999962,0.1594372197448693,27.0,0.6032861953684118,0.5513530818508301,Between-Group,Stearic Acid,0.9979364913093677,False
X2hrs,.,15°C - 8°C,0.2648499316999995,0.1594372197448693,27.0,1.6611549807743207,0.10825232334755079,Between-Group,Stearic Acid,0.8239637885635016,False
X2hrs,.,22°C - 8°C,0.16866365799999986,0.1594372197448693,27.0,1.0578687854059088,0.29948849650585474,Between-Group,Stearic Acid,0.9587581238028823,False
.,15°C,X10min - X2hrs,0.14959892719999915,0.44636821139338456,27.0,0.33514691096171617,0.7401042999727755,Within-Group,Stearic Acid,0.9995801204593276,False
.,22°C,X10min - X2hrs,-0.4829371302000002,0.44636821139338456,27.0,-1.0819254549791124,0.2888543693474339,Within-Group,Stearic Acid,0.9587581238028823,False
.,8°C,X10min - X2hrs,0.4575789118999996,0.44636821139338456,27.0,1.0251153648948694,0.31440592184323823,Within-Group,Stearic Acid,0.9587581238028823,False
X10min,.,15°C - 22°C,0.9750340927000005,0.627951103265518,27.0,1.5527229550669723,0.13213363999597097,Between-Group,Threonine,0.8614386993847227,False
X10min,.,15°C - 8°C,0.38014127850000057,0.6279511032655181,27.0,0.6053676417210856,0.5499897725899365,Between-Group,Threonine,0.9979364913093677,False
X10min,.,22°C - 8°C,-0.5948928141999998,0.6279511032655181,27.0,-0.9473553133458863,0.3518601553219953,Between-Group,Threonine,0.9587581238028823,False
X2hrs,.,15°C - 22°C,-0.49179072250000055,0.6520133133564998,27.0,-0.7542648477042757,0.4572186330417142,Between-Group,Threonine,0.9748246327115793,False
X2hrs,.,15°C - 8°C,0.24835872409999943,0.6520133133564999,27.0,0.38091051058677516,0.7062503926502799,Between-Group,Threonine,0.9995801204593276,False
X2hrs,.,22°C - 8°C,0.7401494465999999,0.6520133133564999,27.0,1.1351753582910507,0.26627899845071307,Between-Group,Threonine,0.9587581238028823,False
.,15°C,X10min - X2hrs,0.39796492240000214,0.6145707059471275,27.0,0.6475494496384924,0.5227447921127149,Within-Group,Threonine,0.9979364913093677,False
.,22°C,X10min - X2hrs,-1.0688598927999988,0.6145707059471275,27.0,-1.7391975934693422,0.09339106136822513,Within-Group,Threonine,0.791489245095708,False
.,8°C,X10min - X2hrs,0.26618236800000106,0.6145707059471275,27.0,0.43311919267252086,0.6683686690958455,Within-Group,Threonine,0.9995801204593276,False
X10min,.,15°C - 22°C,0.8098130173999996,0.7890658365472599,27.0,1.0262933457409888,0.31386061368659923,Between-Group,Tryptophan,0.9587581238028823,False
X10min,.,15°C - 8°C,0.4904820223999994,0.78906583654726,27.0,0.6215983504573165,0.5394194826785261,Between-Group,Tryptophan,0.9979364913093677,False
X10min,.,22°C - 8°C,-0.3193309950000002,0.78906583654726,27.0,-0.4046949952836721,0.6888900536708646,Between-Group,Tryptophan,0.9995801204593276,False
X2hrs,.,15°C - 22°C,-0.1981906803000006,0.7438802535915781,27.0,-0.26642820446315507,0.7919336398513709,Between-Group,Tryptophan,0.9995801204593276,False
X2hrs,.,15°C - 8°C,1.0075935507999993,0.7438802535915781,27.0,1.3545104147275981,0.18680102713481805,Between-Group,Tryptophan,0.9458107478379616,False
X2hrs,.,22°C - 8°C,1.2057842310999998,0.7438802535915781,27.0,1.620938619190753,0.11665269529590314,Between-Group,Tryptophan,0.8332697516777737,False
.,15°C,X10min - X2hrs,-0.1603048524999992,0.6585592318360133,27.0,-0.24341751622413887,0.8095219300561527,Within-Group,Tryptophan,0.9995801204593276,False
.,22°C,X10min - X2hrs,-1.1683085501999995,0.6585592318360132,27.0,-1.774037161308701,0.0873364674111184,Within-Group,Tryptophan,0.791489245095708,False
.,8°C,X10min - X2hrs,0.35680667590000065,0.6585592318360133,27.0,0.5417989129166874,0.5924005490656679,Within-Group,Tryptophan,0.9979364913093677,False
X10min,.,15°C - 22°C,1.528993844599998,0.777290510648612,27.0,1.9670815784488676,0.059527777512956945,Between-Group,Tyrosine,0.7650685341259711,False
X10min,.,15°C - 8°C,-0.053255293300000894,0.7772905106486121,27.0,-0.0685140144777554,0.9458813540138553,Between-Group,Tyrosine,0.9995801204593276,False
X10min,.,22°C - 8°C,-1.582249137899999,0.7772905106486121,27.0,-2.0355955929266227,0.051713331110998885,Between-Group,Tyrosine,0.7650685341259711,False
X2hrs,.,15°C - 22°C,0.2832669844999999,0.3675981009237718,27.0,0.7705888136749119,0.44764159443324003,Between-Group,Tyrosine,0.9748246327115793,False
X2hrs,.,15°C - 8°C,0.30358029469999975,0.3675981009237718,27.0,0.8258483760854702,0.4161281129361085,Between-Group,Tyrosine,0.9639481585472424,False
X2hrs,.,22°C - 8°C,0.020313310199999907,0.3675981009237718,27.0,0.05525956241055838,0.9563385638076272,Between-Group,Tyrosine,0.9995801204593276,False
.,15°C,X10min - X2hrs,-0.2821622697000018,0.5864206513966022,27.0,-0.4811601859996104,0.634279186050189,Within-Group,Tyrosine,0.9979364913093677,False
.,22°C,X10min - X2hrs,-1.5278891298000001,0.5864206513966022,27.0,-2.60544905122496,0.01474603324892074,Within-Group,Tyrosine,0.6290101284366936,False
.,8°C,X10min - X2hrs,0.07467331829999882,0.5864206513966022,27.0,0.12733746351217176,0.8996169531453692,Within-Group,Tyrosine,0.9995801204593276,False
X10min,.,15°C - 22°C,1.2307237433999991,0.5711653422295135,27.0,2.154759143115957,0.040262050901724744,Between-Group,Valine,0.7296680224763044,False
X10min,.,15°C - 8°C,0.4945817780999989,0.5711653422295135,27.0,0.8659169972908812,0.39416528204819534,Between-Group,Valine,0.9639481585472424,False
X10min,.,22°C - 8°C,-0.7361419653000002,0.5711653422295135,27.0,-1.288842145825076,0.20838699175365716,Between-Group,Valine,0.9583024215269884,False
X2hrs,.,15°C - 22°C,-0.3462829507999997,0.27819187613777474,27.0,-1.2447629873580595,0.22391539517069592,Between-Group,Valine,0.9583024215269884,False
X2hrs,.,15°C - 8°C,-0.2139427987999997,0.2781918761377748,27.0,-0.7690476147982277,0.44854061561203196,Between-Group,Valine,0.9748246327115793,False
X2hrs,.,22°C - 8°C,0.13234015200000002,0.2781918761377748,27.0,0.47571537255983143,0.6381036719259248,Between-Group,Valine,0.9979364913093677,False
.,15°C,X10min - X2hrs,0.3533641106999974,0.4565484529579251,27.0,0.7739903802336681,0.44566120584822233,Within-Group,Valine,0.9748246327115793,False
.,22°C,X10min - X2hrs,-1.2236425835000015,0.45654845295792507,27.0,-2.6802031100361017,0.012384795497822225,Within-Group,Valine,0.6290101284366936,False
.,8°C,X10min - X2hrs,-0.35516046620000125,0.4565484529579251,27.0,-0.7779250239464339,0.44337705008568606,Within-Group,Valine,0.9748246327115793,False
X10min,.,15°C - 22°C,0.45677216219999905,1.0855385719238426,27.0,0.42077930164239663,0.677246725076214,Between-Group,"(R*,R*)-2,3-Dihydroxybutanoic acid, tris(trimethylsilyl)-",0.9995801204593276,False
X10min,.,15°C - 8°C,1.2571579610999994,1.0855385719238426,27.0,1.1580960765604162,0.2569666102870666,Between-Group,"(R*,R*)-2,3-Dihydroxybutanoic acid, tris(trimethylsilyl)-",0.9587581238028823,False
X10min,.,22°C - 8°C,0.8003857989000004,1.0855385719238426,27.0,0.7373167749180197,0.4672893225701714,Between-Group,"(R*,R*)-2,3-Dihydroxybutanoic acid, tris(trimethylsilyl)-",0.9785834614580545,False
X2hrs,.,15°C - 22°C,-0.27319925969999986,0.914988496977317,27.0,-0.29858217956020117,0.767544803890635,Between-Group,"(R*,R*)-2,3-Dihydroxybutanoic acid, tris(trimethylsilyl)-",0.9995801204593276,False
X2hrs,.,15°C - 8°C,0.2582738697000003,0.9149884969773171,27.0,0.2822700728514219,0.7798889407637962,Between-Group,"(R*,R*)-2,3-Dihydroxybutanoic acid, tris(trimethylsilyl)-",0.9995801204593276,False
X2hrs,.,22°C - 8°C,0.5314731294000002,0.9149884969773171,27.0,0.5808522524116231,0.5661573964105838,Between-Group,"(R*,R*)-2,3-Dihydroxybutanoic acid, tris(trimethylsilyl)-",0.9979364913093677,False
.,15°C,X10min - X2hrs,1.2565095497999978,0.8911032299621132,27.0,1.4100605940497157,0.16993830243948174,Within-Group,"(R*,R*)-2,3-Dihydroxybutanoic acid, tris(trimethylsilyl)-",0.9330565104917558,False
.,22°C,X10min - X2hrs,0.5265381278999988,0.8911032299621131,27.0,0.5908834242721638,0.5595128850347226,Within-Group,"(R*,R*)-2,3-Dihydroxybutanoic acid, tris(trimethylsilyl)-",0.9979364913093677,False
.,8°C,X10min - X2hrs,0.2576254583999987,0.8911032299621132,27.0,0.28910843293762056,0.7747066829643126,Within-Group,"(R*,R*)-2,3-Dihydroxybutanoic acid, tris(trimethylsilyl)-",0.9995801204593276,False
X10min,.,15°C - 22°C,-1.2806895064999995,1.3470187966173417,27.0,-0.9507584524552222,0.3501608211848034,Between-Group,1-Ethyl-1-tetradecyloxy-1-silacyclohexane,0.9587581238028823,False
X10min,.,15°C - 8°C,-1.9346024751999995,1.3470187966173417,27.0,-1.4362104523397956,0.16242868699109164,Between-Group,1-Ethyl-1-tetradecyloxy-1-silacyclohexane,0.9179819852941961,False
X10min,.,22°C - 8°C,-0.6539129687,1.3470187966173417,27.0,-0.48545199988457344,0.631271824137354,Between-Group,1-Ethyl-1-tetradecyloxy-1-silacyclohexane,0.9979364913093677,False
X2hrs,.,15°C - 22°C,1.8819309805999984,1.617816242716527,27.0,1.1632538547393911,0.2549043657700377,Between-Group,1-Ethyl-1-tetradecyloxy-1-silacyclohexane,0.9587581238028823,False
X2hrs,.,15°C - 8°C,3.4657365745999975,1.6178162427165272,27.0,2.1422312887528983,0.04134896347932886,Between-Group,1-Ethyl-1-tetradecyloxy-1-silacyclohexane,0.7296680224763044,False
X2hrs,.,22°C - 8°C,1.5838055939999993,1.6178162427165272,27.0,0.9789774340135072,0.3362820991507207,Between-Group,1-Ethyl-1-tetradecyloxy-1-silacyclohexane,0.9587581238028823,False
.,15°C,X10min - X2hrs,-1.9332293800999982,1.6183494877560376,27.0,-1.194568537096746,0.242644401273795,Within-Group,1-Ethyl-1-tetradecyloxy-1-silacyclohexane,0.9583024215269884,False
.,22°C,X10min - X2hrs,1.2293911069999996,1.6183494877560374,27.0,0.7596573646800125,0.4540415421463756,Within-Group,1-Ethyl-1-tetradecyloxy-1-silacyclohexane,0.9748246327115793,False
.,8°C,X10min - X2hrs,3.467109669699999,1.6183494877560374,27.0,2.142373879023749,0.04133644615716877,Within-Group,1-Ethyl-1-tetradecyloxy-1-silacyclohexane,0.7296680224763044,False
X10min,.,15°C - 22°C,0.1790323848999995,0.7012133776772531,27.0,0.255317982513452,0.8004124396107092,Between-Group,1-Heptadecanol,0.9995801204593276,False
X10min,.,15°C - 8°C,0.09290812599999933,0.7012133776772532,27.0,0.132496225767618,0.8955743127975753,Between-Group,1-Heptadecanol,0.9995801204593276,False
X10min,.,22°C - 8°C,-0.0861242589000002,0.7012133776772532,27.0,-0.12282175674583397,0.9031579295959292,Between-Group,1-Heptadecanol,0.9995801204593276,False
X2hrs,.,15°C - 22°C,0.29236234470000066,0.8624935221693927,27.0,0.3389733803039289,0.7372520492073524,Between-Group,1-Heptadecanol,0.9995801204593276,False
X2hrs,.,15°C - 8°C,0.9643996686000006,0.8624935221693928,27.0,1.1181529412235904,0.27335208850681514,Between-Group,1-Heptadecanol,0.9587581238028823,False
X2hrs,.,22°C - 8°C,0.6720373238999999,0.8624935221693928,27.0,0.7791795609196617,0.44265024915720963,Between-Group,1-Heptadecanol,0.9748246327115793,False
.,15°C,X10min - X2hrs,-0.005656866500002439,0.7563356412088236,27.0,-0.00747930705865094,0.9940874217914952,Within-Group,1-Heptadecanol,0.9995801204593276,False
.,22°C,X10min - X2hrs,0.1076730932999987,0.7563356412088236,27.0,0.1423615223631518,0.8878514825137251,Within-Group,1-Heptadecanol,0.9995801204593276,False
.,8°C,X10min - X2hrs,0.8658346760999989,0.7563356412088236,27.0,1.1447757171884259,0.26234903647289537,Within-Group,1-Heptadecanol,0.9587581238028823,False
X10min,.,15°C - 22°C,0.6755844055000002,1.0175792069981535,27.0,0.6639133355456094,0.5123757516163936,Between-Group,1-Monooleoylglycerol,0.9979364913093677,False
X10min,.,15°C - 8°C,-0.5340421493999996,1.0175792069981535,27.0,-0.524816295112218,0.6039938708207508,Between-Group,1-Monooleoylglycerol,0.9979364913093677,False
X10min,.,22°C - 8°C,-1.2096265548999998,1.0175792069981535,27.0,-1.1887296306578272,0.24489657210775906,Between-Group,1-Monooleoylglycerol,0.9583024215269884,False
X2hrs,.,15°C - 22°C,2.5173348167,1.126117625986561,27.0,2.2354101903827597,0.03385743373882785,Between-Group,1-Monooleoylglycerol,0.7296680224763044,False
X2hrs,.,15°C - 8°C,1.4383501700000008,1.126117625986561,27.0,1.2772645919114367,0.21238355948466384,Between-Group,1-Monooleoylglycerol,0.9583024215269884,False
X2hrs,.,22°C - 8°C,-1.0789846466999993,1.126117625986561,27.0,-0.9581455984713232,0.34649105674905467,Between-Group,1-Monooleoylglycerol,0.9587581238028823,False
.,15°C,X10min - X2hrs,-0.11695770949999901,1.0575926280894214,27.0,-0.11058862022448782,0.9127605211959031,Within-Group,1-Monooleoylglycerol,0.9995801204593276,False
.,22°C,X10min - X2hrs,1.7247927017000007,1.0575926280894212,27.0,1.630866796808049,0.11453013588898843,Within-Group,1-Monooleoylglycerol,0.8286486887209302,False
.,8°C,X10min - X2hrs,1.8554346099000014,1.0575926280894214,27.0,1.7543944242991838,0.09070764242761238,Within-Group,1-Monooleoylglycerol,0.791489245095708,False
X10min,.,15°C - 22°C,-0.3476251267999994,0.3731000655493113,27.0,-0.9317208944688729,0.3597378554160432,Between-Group,1-Monopalmitin,0.9587581238028823,False
X10min,.,15°C - 8°C,-0.40999884209999937,0.37310006554931135,27.0,-1.0988978023800728,0.28151530189623847,Between-Group,1-Monopalmitin,0.9587581238028823,False
X10min,.,22°C - 8°C,-0.06237371529999994,0.37310006554931135,27.0,-0.16717690791120007,0.8684766556898553,Between-Group,1-Monopalmitin,0.9995801204593276,False
X2hrs,.,15°C - 22°C,0.08794703780000027,0.5608441588614885,27.0,0.15681189936707626,0.8765598094854591,Between-Group,1-Monopalmitin,0.9995801204593276,False
X2hrs,.,15°C - 8°C,0.24739871440000047,0.5608441588614885,27.0,0.4411184648908868,0.6626394800225139,Between-Group,1-Monopalmitin,0.9995801204593276,False
X2hrs,.,22°C - 8°C,0.1594516766000002,0.5608441588614885,27.0,0.28430656552381056,0.7783445495140855,Between-Group,1-Monopalmitin,0.9995801204593276,False
.,15°C,X10min - X2hrs,-0.20753339329999876,0.48715812025653554,27.0,-0.4260082808241244,0.6734788054806773,Within-Group,1-Monopalmitin,0.9995801204593276,False
.,22°C,X10min - X2hrs,0.22803877130000094,0.48715812025653554,27.0,0.46810011332648344,0.6434697901640165,Within-Group,1-Monopalmitin,0.9981454114012376,False
.,8°C,X10min - X2hrs,0.4498641632000011,0.48715812025653554,27.0,0.9234458884994146,0.36395438744207487,Within-Group,1-Monopalmitin,0.9587581238028823,False
X10min,.,15°C - 22°C,-2.1694757802,1.8592607745142946,27.0,-1.166848572259448,0.25347428848648956,Between-Group,"1,3-Dioxolane-2-methanol",0.9583024215269884,False
X10min,.,15°C - 8°C,-0.6097593235000003,1.859260774514295,27.0,-0.32795793460403155,0.7454731560662022,Between-Group,"1,3-Dioxolane-2-methanol",0.9995801204593276,False
X10min,.,22°C - 8°C,1.5597164567,1.859260774514295,27.0,0.8388906376554162,0.4088967554497397,Between-Group,"1,3-Dioxolane-2-methanol",0.9639481585472424,False
X2hrs,.,15°C - 22°C,2.268929677000001,1.8850149069347,27.0,1.2036667023973835,0.23916579464474097,Between-Group,"1,3-Dioxolane-2-methanol",0.9583024215269884,False
X2hrs,.,15°C - 8°C,-0.6166259982000002,1.8850149069347002,27.0,-0.32711995853800485,0.7460998283041589,Between-Group,"1,3-Dioxolane-2-methanol",0.9995801204593276,False
X2hrs,.,22°C - 8°C,-2.885555675200001,1.8850149069347002,27.0,-1.530786660935388,0.1374557237060626,Between-Group,"1,3-Dioxolane-2-methanol",0.8660511256185427,False
.,15°C,X10min - X2hrs,-2.3940753136000015,2.005511271222842,27.0,-1.1937481219640498,0.24295991812397175,Within-Group,"1,3-Dioxolane-2-methanol",0.9583024215269884,False
.,22°C,X10min - X2hrs,2.0443301435999994,2.0055112712228413,27.0,1.0193560978360838,0.31708145843147106,Within-Group,"1,3-Dioxolane-2-methanol",0.9587581238028823,False
.,8°C,X10min - X2hrs,-2.4009419883000014,2.005511271222842,27.0,-1.1971720242868789,0.2416451624671503,Within-Group,"1,3-Dioxolane-2-methanol",0.9583024215269884,False
X10min,.,15°C - 22°C,-0.794467676,1.7720503797815192,27.0,-0.44833244306403525,0.6574905386795142,Between-Group,"1,5-Anhydrohexitol",0.9995801204593276,False
X10min,.,15°C - 8°C,-0.6999400311000002,1.7720503797815195,27.0,-0.3949887876135314,0.6959544028238436,Between-Group,"1,5-Anhydrohexitol",0.9995801204593276,False
X10min,.,22°C - 8°C,0.09452764489999982,1.7720503797815195,27.0,0.05334365545050382,0.9578508364923717,Between-Group,"1,5-Anhydrohexitol",0.9995801204593276,False
X2hrs,.,15°C - 22°C,-0.9382950974999993,1.2650809190750236,27.0,-0.7416878109157183,0.46467964745665336,Between-Group,"1,5-Anhydrohexitol",0.9764033088087116,False
X2hrs,.,15°C - 8°C,0.22068619730000172,1.2650809190750238,27.0,0.17444433314302027,0.8628177468239502,Between-Group,"1,5-Anhydrohexitol",0.9995801204593276,False
X2hrs,.,22°C - 8°C,1.1589812948000011,1.2650809190750238,27.0,0.9161321440587386,0.36770817836581626,Between-Group,"1,5-Anhydrohexitol",0.9587581238028823,False
.,15°C,X10min - X2hrs,-1.9528630256000006,1.2615436130231814,27.0,-1.5479948576015785,0.1332662742539348,Within-Group,"1,5-Anhydrohexitol",0.863259878447463,False
.,22°C,X10min - X2hrs,-2.0966904471,1.2615436130231814,27.0,-1.6620039334791292,0.1080805870582491,Within-Group,"1,5-Anhydrohexitol",0.8239637885635016,False
.,8°C,X10min - X2hrs,-1.0322367971999986,1.2615436130231814,27.0,-0.8182331443352413,0.42038707200448444,Within-Group,"1,5-Anhydrohexitol",0.9650872510802724,False
X10min,.,15°C - 22°C,0.012269757299999996,0.5813495907264559,27.0,0.021105643653533287,0.9833165870440319,Between-Group,"11-Eicosenoic acid, (E)-",0.9995801204593276,False
X10min,.,15°C - 8°C,-0.06426624889999998,0.5813495907264559,27.0,-0.11054664856595618,0.9127934915414025,Between-Group,"11-Eicosenoic acid, (E)-",0.9995801204593276,False
X10min,.,22°C - 8°C,-0.07653600619999998,0.5813495907264559,27.0,-0.1316522922194895,0.8962354644974847,Between-Group,"11-Eicosenoic acid, (E)-",0.9995801204593276,False
X2hrs,.,15°C - 22°C,-0.10564617929999988,0.46236043603956717,27.0,-0.22849312152426263,0.8209846593595,Between-Group,"11-Eicosenoic acid, (E)-",0.9995801204593276,False
X2hrs,.,15°C - 8°C,0.34978638260000017,0.4623604360395672,27.0,0.7565231696642544,0.4558865025304808,Between-Group,"11-Eicosenoic acid, (E)-",0.9748246327115793,False
X2hrs,.,22°C - 8°C,0.4554325619000001,0.4623604360395672,27.0,0.9850162911885171,0.3333612575948154,Between-Group,"11-Eicosenoic acid, (E)-",0.9587581238028823,False
.,15°C,X10min - X2hrs,0.3927227508000012,0.5837020005582598,27.0,0.6728137824170489,0.5067838513186012,Within-Group,"11-Eicosenoic acid, (E)-",0.9979364913093677,False
.,22°C,X10min - X2hrs,0.2748068142000013,0.5837020005582598,27.0,0.4707998498157838,0.641565143588281,Within-Group,"11-Eicosenoic acid, (E)-",0.9981454114012376,False
.,8°C,X10min - X2hrs,0.8067753823000013,0.5837020005582598,27.0,1.382169979764317,0.1782480055439496,Within-Group,"11-Eicosenoic acid, (E)-",0.9344238228773027,False
X10min,.,15°C - 22°C,0.4443374696000007,0.7934221453487433,27.0,0.5600265535879329,0.5800785494134352,Between-Group,2-Aminoadipic acid,0.9979364913093677,False
X10min,.,15°C - 8°C,1.8759000520000007,0.7934221453487434,27.0,2.3643152173115376,0.02551163227311559,Between-Group,2-Aminoadipic acid,0.7296680224763044,False
X10min,.,22°C - 8°C,1.4315625823999998,0.7934221453487434,27.0,1.8042886637236044,0.0823536680963935,Between-Group,2-Aminoadipic acid,0.791489245095708,False
X2hrs,.,15°C - 22°C,-1.6529208123999997,0.7409300693224652,27.0,-2.2308728999370935,0.034191779678344796,Between-Group,2-Aminoadipic acid,0.7296680224763044,False
X2hrs,.,15°C - 8°C,-1.2199153781999996,0.7409300693224652,27.0,-1.6464649346942242,0.11126028983924656,Between-Group,2-Aminoadipic acid,0.8259249253030201,False
X2hrs,.,22°C - 8°C,0.43300543420000015,0.7409300693224652,27.0,0.5844079652428695,0.5637975681817521,Between-Group,2-Aminoadipic acid,0.9979364913093677,False
.,15°C,X10min - X2hrs,1.3727752914,0.6358453084238096,27.0,2.158976834794863,0.039901923010732275,Within-Group,2-Aminoadipic acid,0.7296680224763044,False
.,22°C,X10min - X2hrs,-0.7244829906000003,0.6358453084238095,27.0,-1.1394013307983886,0.2645438288083414,Within-Group,2-Aminoadipic acid,0.9587581238028823,False
.,8°C,X10min - X2hrs,-1.7230401388,0.6358453084238095,27.0,-2.7098417114553017,0.01155042589091439,Within-Group,2-Aminoadipic acid,0.6290101284366936,False
X10min,.,15°C - 22°C,-1.6065002879999999,1.4724137876921295,27.0,-1.0910657733774949,0.28488521208664713,Between-Group,2-Aminoheptanedioic acid,0.9587581238028823,False
X10min,.,15°C - 8°C,-0.6887765912000006,1.47241378769213,27.0,-0.46778738215946286,0.6436905803054462,Between-Group,2-Aminoheptanedioic acid,0.9981454114012376,False
X10min,.,22°C - 8°C,0.9177236967999993,1.47241378769213,27.0,0.6232783912180317,0.5383315189955418,Between-Group,2-Aminoheptanedioic acid,0.9979364913093677,False
X2hrs,.,15°C - 22°C,-2.7513934625,1.0972235537614705,27.0,-2.507596061958159,0.018471360798743904,Between-Group,2-Aminoheptanedioic acid,0.6381486375084822,False
X2hrs,.,15°C - 8°C,-2.5250945353999996,1.0972235537614705,27.0,-2.3013491888171216,0.029320902616651313,Between-Group,2-Aminoheptanedioic acid,0.7296680224763044,False
X2hrs,.,22°C - 8°C,0.2262989271000002,1.0972235537614705,27.0,0.20624687314103737,0.8381454336608336,Between-Group,2-Aminoheptanedioic acid,0.9995801204593276,False
.,15°C,X10min - X2hrs,-0.26105474540000095,1.0740276638634603,27.0,-0.24306147242142964,0.8097948996586006,Within-Group,2-Aminoheptanedioic acid,0.9995801204593276,False
.,22°C,X10min - X2hrs,-1.405947919900001,1.0740276638634603,27.0,-1.309042557472465,0.20155207789002375,Within-Group,2-Aminoheptanedioic acid,0.9578432860474494,False
.,8°C,X10min - X2hrs,-2.0973726896,1.0740276638634603,27.0,-1.9528106771993128,0.06128003537287728,Within-Group,2-Aminoheptanedioic acid,0.7650685341259711,False
X10min,.,15°C - 22°C,-0.41745478860000124,0.8349004005727678,27.0,-0.5000054956418923,0.621122045207356,Between-Group,"2-Ethyl-3-hydroxypropionic acid, di-",0.9979364913093677,False
X10min,.,15°C - 8°C,0.0841380765999988,0.8349004005727678,27.0,0.10077618425177116,0.9204727554779149,Between-Group,"2-Ethyl-3-hydroxypropionic acid, di-",0.9995801204593276,False
X10min,.,22°C - 8°C,0.5015928652,0.8349004005727678,27.0,0.6007816798936635,0.5529958167730906,Between-Group,"2-Ethyl-3-hydroxypropionic acid, di-",0.9979364913093677,False
X2hrs,.,15°C - 22°C,0.2577476738000009,0.8117138518523775,27.0,0.3175351427252423,0.7532802638149148,Between-Group,"2-Ethyl-3-hydroxypropionic acid, di-",0.9995801204593276,False
X2hrs,.,15°C - 8°C,0.268169035900001,0.8117138518523775,27.0,0.3303738568561124,0.7436674291615437,Between-Group,"2-Ethyl-3-hydroxypropionic acid, di-",0.9995801204593276,False
X2hrs,.,22°C - 8°C,0.010421362100000109,0.8117138518523775,27.0,0.012838714130870088,0.9898508682497371,Between-Group,"2-Ethyl-3-hydroxypropionic acid, di-",0.9995801204593276,False
.,15°C,X10min - X2hrs,-0.44390395460000615,0.7162565380502077,27.0,-0.6197555359262767,0.5406141922258618,Within-Group,"2-Ethyl-3-hydroxypropionic acid, di-",0.9979364913093677,False
.,22°C,X10min - X2hrs,0.231298507799996,0.7162565380502076,27.0,0.3229269060909886,0.7492382193840728,Within-Group,"2-Ethyl-3-hydroxypropionic acid, di-",0.9995801204593276,False
.,8°C,X10min - X2hrs,-0.25987299530000396,0.7162565380502077,27.0,-0.36282111435580017,0.7195634537613351,Within-Group,"2-Ethyl-3-hydroxypropionic acid, di-",0.9995801204593276,False
X10min,.,15°C - 22°C,1.0005901121999996,0.855275379121961,27.0,1.1699040293048315,0.2522633905434878,Between-Group,2-Keto-3-methylvaleric acid mo-tms pk2,0.9583024215269884,False
X10min,.,15°C - 8°C,1.3134238292999993,0.855275379121961,27.0,1.5356736103503652,0.1362551944179489,Between-Group,2-Keto-3-methylvaleric acid mo-tms pk2,0.8660511256185427,False
X10min,.,22°C - 8°C,0.3128337170999998,0.855275379121961,27.0,0.3657695810455338,0.7173872284826599,Between-Group,2-Keto-3-methylvaleric acid mo-tms pk2,0.9995801204593276,False
X2hrs,.,15°C - 22°C,-1.2463990918000003,1.0388212030985218,27.0,-1.199820612134533,0.24063175597906888,Between-Group,2-Keto-3-methylvaleric acid mo-tms pk2,0.9583024215269884,False
X2hrs,.,15°C - 8°C,-1.2798310769,1.0388212030985218,27.0,-1.2320032293166632,0.22856982224170308,Between-Group,2-Keto-3-methylvaleric acid mo-tms pk2,0.9583024215269884,False
X2hrs,.,22°C - 8°C,-0.033431985099999784,1.0388212030985218,27.0,-0.03218261718213033,0.97456314845906,Between-Group,2-Keto-3-methylvaleric acid mo-tms pk2,0.9995801204593276,False
.,15°C,X10min - X2hrs,1.3556513014999996,0.9034371220764652,27.0,1.500548592008443,0.14507672809210634,Within-Group,2-Keto-3-methylvaleric acid mo-tms pk2,0.8834912123932465,False
.,22°C,X10min - X2hrs,-0.8913379025000002,0.9034371220764652,27.0,-0.9866075687163971,0.33259448409688197,Within-Group,2-Keto-3-methylvaleric acid mo-tms pk2,0.9587581238028823,False
.,8°C,X10min - X2hrs,-1.2376036046999999,0.9034371220764652,27.0,-1.3698834976533667,0.1820085524298699,Within-Group,2-Keto-3-methylvaleric acid mo-tms pk2,0.9444015194958046,False
X10min,.,15°C - 22°C,0.18672445140000027,1.2122025123135614,27.0,0.1540373407110215,0.8787258973544778,Between-Group,"2,3-Butanediol",0.9995801204593276,False
X10min,.,15°C - 8°C,-1.7910775385999993,1.2122025123135616,27.0,-1.477539866817814,0.1511018443460823,Between-Group,"2,3-Butanediol",0.8934335796509634,False
X10min,.,22°C - 8°C,-1.9778019899999997,1.2122025123135616,27.0,-1.6315772075288355,0.11437949445616588,Between-Group,"2,3-Butanediol",0.8286486887209302,False
X2hrs,.,15°C - 22°C,0.23649408250000042,1.4497258671740911,27.0,0.16313020816893578,0.8716307981985507,Between-Group,"2,3-Butanediol",0.9995801204593276,False
X2hrs,.,15°C - 8°C,0.20940432369999978,1.4497258671740914,27.0,0.14444408314806825,0.8862226057801441,Between-Group,"2,3-Butanediol",0.9995801204593276,False
X2hrs,.,22°C - 8°C,-0.02708975880000064,1.4497258671740914,27.0,-0.018686125020867514,0.9852289021488905,Between-Group,"2,3-Butanediol",0.9995801204593276,False
.,15°C,X10min - X2hrs,-1.3741820015999986,1.26410516135031,27.0,-1.087078863068722,0.28661170090549504,Within-Group,"2,3-Butanediol",0.9587581238028823,False
.,22°C,X10min - X2hrs,-1.3244123704999984,1.2641051613503098,27.0,-1.0477074305157246,0.3040621860974413,Within-Group,"2,3-Butanediol",0.9587581238028823,False
.,8°C,X10min - X2hrs,0.6262998607000005,1.26410516135031,27.0,0.4954491761041388,0.6242916213324725,Within-Group,"2,3-Butanediol",0.9979364913093677,False
X10min,.,15°C - 22°C,-0.8914049422999999,1.5948148134930236,27.0,-0.5589394673025461,0.580809856935909,Between-Group,"2,3,4-Trihydroxybutyric acid tetrakis(trimethylsilyl) deriv., (, (R*,R*)-)",0.9979364913093677,False
X10min,.,15°C - 8°C,-1.4419878334,1.594814813493024,27.0,-0.9041725855566286,0.37390111924870006,Between-Group,"2,3,4-Trihydroxybutyric acid tetrakis(trimethylsilyl) deriv., (, (R*,R*)-)",0.9626770589263999,False
X10min,.,22°C - 8°C,-0.5505828911000001,1.594814813493024,27.0,-0.34523311825408276,0.7325942881353898,Between-Group,"2,3,4-Trihydroxybutyric acid tetrakis(trimethylsilyl) deriv., (, (R*,R*)-)",0.9995801204593276,False
X2hrs,.,15°C - 22°C,0.46722684070000003,1.7799162742821955,27.0,0.26249933631761596,0.7949290567226153,Between-Group,"2,3,4-Trihydroxybutyric acid tetrakis(trimethylsilyl) deriv., (, (R*,R*)-)",0.9995801204593276,False
X2hrs,.,15°C - 8°C,0.2015407731999998,1.7799162742821955,27.0,0.11323047949616459,0.9106855612428209,Between-Group,"2,3,4-Trihydroxybutyric acid tetrakis(trimethylsilyl) deriv., (, (R*,R*)-)",0.9995801204593276,False
X2hrs,.,22°C - 8°C,-0.26568606750000023,1.7799162742821955,27.0,-0.14926885682145138,0.8824508673621163,Between-Group,"2,3,4-Trihydroxybutyric acid tetrakis(trimethylsilyl) deriv., (, (R*,R*)-)",0.9995801204593276,False
.,15°C,X10min - X2hrs,0.6509192691999988,1.5711846615136087,27.0,0.4142856566413603,0.6819378365655056,Within-Group,"2,3,4-Trihydroxybutyric acid tetrakis(trimethylsilyl) deriv., (, (R*,R*)-)",0.9995801204593276,False
.,22°C,X10min - X2hrs,2.0095510521999986,1.5711846615136087,27.0,1.2790037361134161,0.21177950099771503,Within-Group,"2,3,4-Trihydroxybutyric acid tetrakis(trimethylsilyl) deriv., (, (R*,R*)-)",0.9583024215269884,False
.,8°C,X10min - X2hrs,2.2944478757999986,1.5711846615136087,27.0,1.4603298593747922,0.15573887070409925,Within-Group,"2,3,4-Trihydroxybutyric acid tetrakis(trimethylsilyl) deriv., (, (R*,R*)-)",0.8948385960794855,False
X10min,.,15°C - 22°C,0.6926460565999993,1.022556924153832,27.0,0.6773667462798372,0.5039365018451631,Between-Group,4-Aminobutanoic acid,0.9951522764592834,False
X10min,.,15°C - 8°C,0.25793073289999974,1.022556924153832,27.0,0.25224095285789394,0.8027651333553651,Between-Group,4-Aminobutanoic acid,0.9995801204593276,False
X10min,.,22°C - 8°C,-0.4347153236999996,1.022556924153832,27.0,-0.42512579342194323,0.6741141084785487,Between-Group,4-Aminobutanoic acid,0.9995801204593276,False
X2hrs,.,15°C - 22°C,-0.47098661489999993,1.0944362943861925,27.0,-0.43034630459157946,0.6703594448968406,Between-Group,4-Aminobutanoic acid,0.9995801204593276,False
X2hrs,.,15°C - 8°C,0.05126581740000019,1.0944362943861925,27.0,0.04684221243663368,0.9629837466248543,Between-Group,4-Aminobutanoic acid,0.9995801204593276,False
X2hrs,.,22°C - 8°C,0.5222524323000002,1.0944362943861925,27.0,0.4771885170282132,0.6370679117211221,Between-Group,4-Aminobutanoic acid,0.9979364913093677,False
.,15°C,X10min - X2hrs,0.24149155129999966,0.9916212763235633,27.0,0.24353203896081152,0.8094341336286398,Within-Group,4-Aminobutanoic acid,0.9995801204593276,False
.,22°C,X10min - X2hrs,-0.9221411201999996,0.9916212763235633,27.0,-0.9299327699167957,0.3606462397584541,Within-Group,4-Aminobutanoic acid,0.9587581238028823,False
.,8°C,X10min - X2hrs,0.034826635800000116,0.9916212763235633,27.0,0.03512090415114921,0.9722417014604157,Within-Group,4-Aminobutanoic acid,0.9995801204593276,False
X10min,.,15°C - 22°C,-0.4521095862999999,0.6296212408474547,27.0,-0.7180659688219405,0.47888441633231693,Between-Group,"9-Hexadecenoic acid, (Z)-",0.9826150257725653,False
X10min,.,15°C - 8°C,-0.4988894347,0.6296212408474549,27.0,-0.7923643650085677,0.43505542491062776,Between-Group,"9-Hexadecenoic acid, (Z)-",0.9748246327115793,False
X10min,.,22°C - 8°C,-0.0467798484000001,0.6296212408474549,27.0,-0.07429839618662731,0.9413206913031197,Between-Group,"9-Hexadecenoic acid, (Z)-",0.9995801204593276,False
X2hrs,.,15°C - 22°C,-0.1270904091999997,0.3921584822742368,27.0,-0.32407920507792376,0.7483753135778355,Between-Group,"9-Hexadecenoic acid, (Z)-",0.9995801204593276,False
X2hrs,.,15°C - 8°C,-0.06801702889999942,0.3921584822742368,27.0,-0.1734427074114262,0.8635972458640262,Between-Group,"9-Hexadecenoic acid, (Z)-",0.9995801204593276,False
X2hrs,.,22°C - 8°C,0.0590733803000003,0.3921584822742368,27.0,0.15063649766649756,0.8813822301393868,Between-Group,"9-Hexadecenoic acid, (Z)-",0.9995801204593276,False
.,15°C,X10min - X2hrs,-0.07152813840000076,0.5122349763313813,27.0,-0.13963930950651623,0.8899814172827885,Within-Group,"9-Hexadecenoic acid, (Z)-",0.9995801204593276,False
.,22°C,X10min - X2hrs,0.25349103869999945,0.5122349763313812,27.0,0.4948725690609772,0.6246932603282825,Within-Group,"9-Hexadecenoic acid, (Z)-",0.9979364913093677,False
.,8°C,X10min - X2hrs,0.35934426739999986,0.5122349763313813,27.0,0.7015223169132607,0.4889802460974827,Within-Group,"9-Hexadecenoic acid, (Z)-",0.986692282303849,False
X10min,.,15°C - 22°C,-0.778764914,1.0251125798794323,27.0,-0.7596872082982279,0.4540239959431466,Between-Group,"alpha-D-Glucopyranoside, methyl 2-(acetylamino)-2-deoxy-3-O-(trimethylsilyl)-, cyclic methylboronate",0.9748246327115793,False
X10min,.,15°C - 8°C,-0.7416945367000003,1.0251125798794323,27.0,-0.7235249583877256,0.47557960456950266,Between-Group,"alpha-D-Glucopyranoside, methyl 2-(acetylamino)-2-deoxy-3-O-(trimethylsilyl)-, cyclic methylboronate",0.9826150257725653,False
X10min,.,22°C - 8°C,0.037070377299999735,1.0251125798794323,27.0,0.03616224991050226,0.9714190258732049,Between-Group,"alpha-D-Glucopyranoside, methyl 2-(acetylamino)-2-deoxy-3-O-(trimethylsilyl)-, cyclic methylboronate",0.9995801204593276,False
X2hrs,.,15°C - 22°C,0.14480251950000034,1.0421450818424247,27.0,0.1389466035228048,0.8905235442157251,Between-Group,"alpha-D-Glucopyranoside, methyl 2-(acetylamino)-2-deoxy-3-O-(trimethylsilyl)-, cyclic methylboronate",0.9995801204593276,False
X2hrs,.,15°C - 8°C,-0.16233611799999967,1.0421450818424247,27.0,-0.1557711309379334,0.8773722201071472,Between-Group,"alpha-D-Glucopyranoside, methyl 2-(acetylamino)-2-deoxy-3-O-(trimethylsilyl)-, cyclic methylboronate",0.9995801204593276,False
X2hrs,.,22°C - 8°C,-0.3071386375,1.0421450818424247,27.0,-0.2947177344607382,0.7704637218099782,Between-Group,"alpha-D-Glucopyranoside, methyl 2-(acetylamino)-2-deoxy-3-O-(trimethylsilyl)-, cyclic methylboronate",0.9995801204593276,False
.,15°C,X10min - X2hrs,-0.7171046901000016,1.0567672877057772,27.0,-0.6785833536320214,0.503177167831521,Within-Group,"alpha-D-Glucopyranoside, methyl 2-(acetylamino)-2-deoxy-3-O-(trimethylsilyl)-, cyclic methylboronate",0.9951522764592834,False
.,22°C,X10min - X2hrs,0.20646274339999884,1.056767287705777,27.0,0.19537200460493606,0.8465645742032146,Within-Group,"alpha-D-Glucopyranoside, methyl 2-(acetylamino)-2-deoxy-3-O-(trimethylsilyl)-, cyclic methylboronate",0.9995801204593276,False
.,8°C,X10min - X2hrs,-0.1377462714000009,1.0567672877057772,27.0,-0.13034683510978617,0.8972583312982789,Within-Group,"alpha-D-Glucopyranoside, methyl 2-(acetylamino)-2-deoxy-3-O-(trimethylsilyl)-, cyclic methylboronate",0.9995801204593276,False
X10min,.,15°C - 22°C,3.3838138878999984,1.4758421840501965,27.0,2.292801984161816,0.029876065384993503,Between-Group,"Aminomalonic acid, tris(trimethylsilyl)-",0.7296680224763044,False
X10min,.,15°C - 8°C,0.8051904753999992,1.4758421840501965,27.0,0.5455803365033866,0.5898338739297325,Between-Group,"Aminomalonic acid, tris(trimethylsilyl)-",0.9979364913093677,False
X10min,.,22°C - 8°C,-2.578623412499999,1.4758421840501965,27.0,-1.747221647658429,0.09196592482317759,Between-Group,"Aminomalonic acid, tris(trimethylsilyl)-",0.791489245095708,False
X2hrs,.,15°C - 22°C,3.0130041131999996,1.5654352953921502,27.0,1.9247068991409353,0.06486300583324614,Between-Group,"Aminomalonic acid, tris(trimethylsilyl)-",0.7650685341259711,False
X2hrs,.,15°C - 8°C,-0.8994816713000005,1.5654352953921502,27.0,-0.5745888533033716,0.5703263835093741,Between-Group,"Aminomalonic acid, tris(trimethylsilyl)-",0.9979364913093677,False
X2hrs,.,22°C - 8°C,-3.9124857845,1.5654352953921502,27.0,-2.499295752444307,0.018824443584321008,Between-Group,"Aminomalonic acid, tris(trimethylsilyl)-",0.6381486375084822,False
.,15°C,X10min - X2hrs,1.0697420963000002,1.6071404192344667,27.0,0.6656183140546942,0.5113019357505884,Within-Group,"Aminomalonic acid, tris(trimethylsilyl)-",0.9979364913093677,False
.,22°C,X10min - X2hrs,0.6989323216000012,1.6071404192344665,27.0,0.43489188202542095,0.6670972677196965,Within-Group,"Aminomalonic acid, tris(trimethylsilyl)-",0.9995801204593276,False
.,8°C,X10min - X2hrs,-0.6349300503999996,1.6071404192344665,27.0,-0.39506818620269507,0.6958965008483167,Within-Group,"Aminomalonic acid, tris(trimethylsilyl)-",0.9995801204593276,False
X10min,.,15°C - 22°C,-1.0756693087000007,0.6106688381015608,27.0,-1.7614609450910041,0.08948233065309492,Between-Group,Arachidonic acid.1,0.791489245095708,False
X10min,.,15°C - 8°C,-1.013022647800001,0.6106688381015608,27.0,-1.6588739830728427,0.10871488076137123,Between-Group,Arachidonic acid.1,0.8239637885635016,False
X10min,.,22°C - 8°C,0.06264666089999982,0.6106688381015608,27.0,0.10258696201816181,0.9190489292008335,Between-Group,Arachidonic acid.1,0.9995801204593276,False
X2hrs,.,15°C - 22°C,0.48420659899999974,0.6805839957912254,27.0,0.71145751588983,0.4829027700278542,Between-Group,Arachidonic acid.1,0.9832993969741625,False
X2hrs,.,15°C - 8°C,0.3801363953000002,0.6805839957912254,27.0,0.5585444230995553,0.5810757250185232,Between-Group,Arachidonic acid.1,0.9979364913093677,False
X2hrs,.,22°C - 8°C,-0.10407020369999959,0.6805839957912254,27.0,-0.1529130927902747,0.8796038677112196,Between-Group,Arachidonic acid.1,0.9995801204593276,False
.,15°C,X10min - X2hrs,-0.6643349892000011,0.6194104935416731,27.0,-1.0725278246441357,0.29297614142734524,Within-Group,Arachidonic acid.1,0.9587581238028823,False
.,22°C,X10min - X2hrs,0.8955409184999994,0.6194104935416731,27.0,1.4457955230617168,0.15974320677015136,Within-Group,Arachidonic acid.1,0.9126901195800221,False
.,8°C,X10min - X2hrs,0.7288240539,0.6194104935416731,27.0,1.1766414381079027,0.24960837330019875,Within-Group,Arachidonic acid.1,0.9583024215269884,False
X10min,.,15°C - 22°C,0.3095656447000006,1.0011343905349896,27.0,0.3092148742733469,0.7595317248766835,Between-Group,beta-Alanine,0.9995801204593276,False
X10min,.,15°C - 8°C,0.6388776787000003,1.0011343905349896,27.0,0.6381537631112589,0.5287494859278405,Between-Group,beta-Alanine,0.9979364913093677,False
X10min,.,22°C - 8°C,0.32931203399999975,1.0011343905349896,27.0,0.328938888837912,0.7447397850059825,Between-Group,beta-Alanine,0.9995801204593276,False
X2hrs,.,15°C - 22°C,-0.21634298320000012,1.1723438660573147,27.0,-0.18453884518334943,0.8549698631263055,Between-Group,beta-Alanine,0.9995801204593276,False
X2hrs,.,15°C - 8°C,0.4226086044999997,1.1723438660573147,27.0,0.3604817807605084,0.721291796815513,Between-Group,beta-Alanine,0.9995801204593276,False
X2hrs,.,22°C - 8°C,0.6389515876999998,1.1723438660573147,27.0,0.5450206259438578,0.5902134409858807,Between-Group,beta-Alanine,0.9979364913093677,False
.,15°C,X10min - X2hrs,1.0552218794000008,1.0497306308801164,27.0,1.0052311024927227,0.3237100180617558,Within-Group,beta-Alanine,0.9587581238028823,False
.,22°C,X10min - X2hrs,0.5293132515000002,1.0497306308801162,27.0,0.5042372166049998,0.6181849108631772,Within-Group,beta-Alanine,0.9979364913093677,False
.,8°C,X10min - X2hrs,0.8389528052000003,1.0497306308801164,27.0,0.7992077019764627,0.43114497279462316,Within-Group,beta-Alanine,0.974695460966868,False
X10min,.,15°C - 22°C,2.258700533299999,1.5798846215810558,27.0,1.429661699624384,0.16428407219202792,Between-Group,beta-D-Xylopyranose,0.9180049528532549,False
X10min,.,15°C - 8°C,0.12403207419999873,1.579884621581056,27.0,0.07850704570810664,0.9380036735952371,Between-Group,beta-D-Xylopyranose,0.9995801204593276,False
X10min,.,22°C - 8°C,-2.1346684591000002,1.579884621581056,27.0,-1.351154653916277,0.1878601485381202,Between-Group,beta-D-Xylopyranose,0.9458107478379616,False
X2hrs,.,15°C - 22°C,-0.9543390096999992,1.6043965623949874,27.0,-0.5948273837456963,0.5569114462444527,Between-Group,beta-D-Xylopyranose,0.9979364913093677,False
X2hrs,.,15°C - 8°C,0.9835063302000004,1.6043965623949874,27.0,0.6130070041610264,0.5450012109227875,Between-Group,beta-D-Xylopyranose,0.9979364913093677,False
X2hrs,.,22°C - 8°C,1.9378453398999997,1.6043965623949874,27.0,1.2078343879067228,0.2375847783445865,Between-Group,beta-D-Xylopyranose,0.9583024215269884,False
.,15°C,X10min - X2hrs,0.37459498939999697,1.422392594305994,27.0,0.26335555380388304,0.794275992105307,Within-Group,beta-D-Xylopyranose,0.9995801204593276,False
.,22°C,X10min - X2hrs,-2.838444553600001,1.4223925943059939,27.0,-1.9955422750108731,0.05616388631215295,Within-Group,beta-D-Xylopyranose,0.7650685341259711,False
.,8°C,X10min - X2hrs,1.2340692453999986,1.4223925943059939,27.0,0.8676010057561633,0.39325872245535853,Within-Group,beta-D-Xylopyranose,0.9639481585472424,False
X10min,.,15°C - 22°C,1.4226078356000005,0.7376168487792323,27.0,1.9286542029977207,0.06434898480238287,Between-Group,"Butanoic acid, 2,4-bis[(trimethylsilyl)oxy]-, trimethylsilyl ester",0.7650685341259711,False
X10min,.,15°C - 8°C,0.8153661063999995,0.7376168487792323,27.0,1.1054060217705757,0.2787368022039416,Between-Group,"Butanoic acid, 2,4-bis[(trimethylsilyl)oxy]-, trimethylsilyl ester",0.9587581238028823,False
X10min,.,22°C - 8°C,-0.6072417292000009,0.7376168487792323,27.0,-0.8232481812271448,0.41757928691645496,Between-Group,"Butanoic acid, 2,4-bis[(trimethylsilyl)oxy]-, trimethylsilyl ester",0.9639481585472424,False
X2hrs,.,15°C - 22°C,-0.38911447269999927,0.5897067414640533,27.0,-0.6598440298205722,0.5149436615591454,Between-Group,"Butanoic acid, 2,4-bis[(trimethylsilyl)oxy]-, trimethylsilyl ester",0.9979364913093677,False
X2hrs,.,15°C - 8°C,-0.25393345879999907,0.5897067414640534,27.0,-0.43060972674242015,0.6701702173448425,Between-Group,"Butanoic acid, 2,4-bis[(trimethylsilyl)oxy]-, trimethylsilyl ester",0.9995801204593276,False
X2hrs,.,22°C - 8°C,0.1351810139000002,0.5897067414640534,27.0,0.22923430307815193,0.8204144154830242,Between-Group,"Butanoic acid, 2,4-bis[(trimethylsilyl)oxy]-, trimethylsilyl ester",0.9995801204593276,False
.,15°C,X10min - X2hrs,1.052105504799999,0.543377893064375,27.0,1.9362317058330418,0.06337218086618904,Within-Group,"Butanoic acid, 2,4-bis[(trimethylsilyl)oxy]-, trimethylsilyl ester",0.7650685341259711,False
.,22°C,X10min - X2hrs,-0.7596168035000007,0.5433778930643749,27.0,-1.3979530878890718,0.17350717986069825,Within-Group,"Butanoic acid, 2,4-bis[(trimethylsilyl)oxy]-, trimethylsilyl ester",0.9330565104917558,False
.,8°C,X10min - X2hrs,-0.017194060399999656,0.543377893064375,27.0,-0.03164291484703932,0.9749895754554165,Within-Group,"Butanoic acid, 2,4-bis[(trimethylsilyl)oxy]-, trimethylsilyl ester",0.9995801204593276,False
X10min,.,15°C - 22°C,-0.11672637999999969,0.6271892925464655,27.0,-0.18611028821311068,0.8537495000464574,Between-Group,Campesterol,0.9995801204593276,False
X10min,.,15°C - 8°C,0.05229316410000013,0.6271892925464655,27.0,0.08337700391485235,0.9341668719295768,Between-Group,Campesterol,0.9995801204593276,False
X10min,.,22°C - 8°C,0.1690195440999998,0.6271892925464655,27.0,0.269487292127963,0.789603596351653,Between-Group,Campesterol,0.9995801204593276,False
X2hrs,.,15°C - 22°C,0.6758114828000008,0.5647820714391368,27.0,1.1965880593163074,0.24186902627843695,Between-Group,Campesterol,0.9583024215269884,False
X2hrs,.,15°C - 8°C,0.35347079040000107,0.5647820714391368,27.0,0.6258534189998496,0.5366662380974405,Between-Group,Campesterol,0.9979364913093677,False
X2hrs,.,22°C - 8°C,-0.3223406923999997,0.5647820714391368,27.0,-0.5707346403164577,0.5728994505464124,Between-Group,Campesterol,0.9979364913093677,False
.,15°C,X10min - X2hrs,-0.0781622031000011,0.5122648067421613,27.0,-0.15258163760475263,0.8798627442816831,Within-Group,Campesterol,0.9995801204593276,False
.,22°C,X10min - X2hrs,0.7143756596999993,0.5122648067421613,27.0,1.394543701417237,0.1745227546708956,Within-Group,Campesterol,0.9330565104917558,False
.,8°C,X10min - X2hrs,0.22301542319999984,0.5122648067421613,27.0,0.4353518341779242,0.6667675473541528,Within-Group,Campesterol,0.9995801204593276,False
X10min,.,15°C - 22°C,-0.26790947619999966,1.4751462158365298,27.0,-0.18161553975045983,0.8572410387177352,Between-Group,"D-(-)-Ribofuranose, tetrakis(trimethylsilyl) ether (isomer 1)",0.9995801204593276,False
X10min,.,15°C - 8°C,-1.6886293742999998,1.4751462158365298,27.0,-1.144719998717149,0.2623717224406825,Between-Group,"D-(-)-Ribofuranose, tetrakis(trimethylsilyl) ether (isomer 1)",0.9587581238028823,False
X10min,.,22°C - 8°C,-1.4207198981000002,1.4751462158365298,27.0,-0.9631044589666894,0.34404216999010384,Between-Group,"D-(-)-Ribofuranose, tetrakis(trimethylsilyl) ether (isomer 1)",0.9587581238028823,False
X2hrs,.,15°C - 22°C,1.1819131388000002,1.4939466122879104,27.0,0.791134789609352,0.4357603201626794,Between-Group,"D-(-)-Ribofuranose, tetrakis(trimethylsilyl) ether (isomer 1)",0.9748246327115793,False
X2hrs,.,15°C - 8°C,1.5399195065000006,1.4939466122879106,27.0,1.0307727825304847,0.3117930071969719,Between-Group,"D-(-)-Ribofuranose, tetrakis(trimethylsilyl) ether (isomer 1)",0.9587581238028823,False
X2hrs,.,22°C - 8°C,0.3580063677000005,1.4939466122879106,27.0,0.2396379929211327,0.8124208357780298,Between-Group,"D-(-)-Ribofuranose, tetrakis(trimethylsilyl) ether (isomer 1)",0.9995801204593276,False
.,15°C,X10min - X2hrs,-1.5875809576999997,1.539564870682343,27.0,-1.0311880895258254,0.3116017923891563,Within-Group,"D-(-)-Ribofuranose, tetrakis(trimethylsilyl) ether (isomer 1)",0.9587581238028823,False
.,22°C,X10min - X2hrs,-0.13775834269999987,1.5395648706823428,27.0,-0.08947875164165359,0.9293618939158567,Within-Group,"D-(-)-Ribofuranose, tetrakis(trimethylsilyl) ether (isomer 1)",0.9995801204593276,False
.,8°C,X10min - X2hrs,1.6409679231000007,1.539564870682343,27.0,1.0658647481172492,0.29592370309539084,Within-Group,"D-(-)-Ribofuranose, tetrakis(trimethylsilyl) ether (isomer 1)",0.9587581238028823,False
X10min,.,15°C - 22°C,0.5439575723,2.148525627058791,27.0,0.25317713945290327,0.8020491250132247,Between-Group,"D-Arabinose, tetrakis(trimethylsilyl) ether, ethyloxime (isomer 1)",0.9995801204593276,False
X10min,.,15°C - 8°C,0.44750453009999924,2.148525627058791,27.0,0.2082844739965273,0.8365701001078902,Between-Group,"D-Arabinose, tetrakis(trimethylsilyl) ether, ethyloxime (isomer 1)",0.9995801204593276,False
X10min,.,22°C - 8°C,-0.09645304220000073,2.148525627058791,27.0,-0.044892665456375984,0.9645232463922668,Between-Group,"D-Arabinose, tetrakis(trimethylsilyl) ether, ethyloxime (isomer 1)",0.9995801204593276,False
X2hrs,.,15°C - 22°C,-1.4244944602999996,2.2295890629037554,27.0,-0.6389044887243828,0.5282683441604059,Between-Group,"D-Arabinose, tetrakis(trimethylsilyl) ether, ethyloxime (isomer 1)",0.9979364913093677,False
X2hrs,.,15°C - 8°C,-1.1442849376999997,2.2295890629037554,27.0,-0.513226834818482,0.6119668281387385,Between-Group,"D-Arabinose, tetrakis(trimethylsilyl) ether, ethyloxime (isomer 1)",0.9979364913093677,False
X2hrs,.,22°C - 8°C,0.2802095226,2.2295890629037554,27.0,0.12567765390590085,0.9009182460201381,Between-Group,"D-Arabinose, tetrakis(trimethylsilyl) ether, ethyloxime (isomer 1)",0.9995801204593276,False
.,15°C,X10min - X2hrs,0.8256331690999977,2.2029469926543004,27.0,0.3747857628227376,0.710747589457692,Within-Group,"D-Arabinose, tetrakis(trimethylsilyl) ether, ethyloxime (isomer 1)",0.9995801204593276,False
.,22°C,X10min - X2hrs,-1.1428188635000018,2.2029469926543,27.0,-0.518768207910003,0.6081485032385143,Within-Group,"D-Arabinose, tetrakis(trimethylsilyl) ether, ethyloxime (isomer 1)",0.9979364913093677,False
.,8°C,X10min - X2hrs,-0.7661562987000011,2.2029469926543,27.0,-0.3477869877281387,0.7306969710694113,Within-Group,"D-Arabinose, tetrakis(trimethylsilyl) ether, ethyloxime (isomer 1)",0.9995801204593276,False
X10min,.,15°C - 22°C,1.9603545218000002,1.8239060729668435,27.0,1.0748111160193703,0.291970880567394,Between-Group,Diethanolamine,0.9587581238028823,False
X10min,.,15°C - 8°C,2.198739191,1.8239060729668435,27.0,1.205511195773057,0.23846511954392813,Between-Group,Diethanolamine,0.9583024215269884,False
X10min,.,22°C - 8°C,0.23838466919999957,1.8239060729668435,27.0,0.1307000797536865,0.8969815351063357,Between-Group,Diethanolamine,0.9995801204593276,False
X2hrs,.,15°C - 22°C,-0.8529121944999988,1.8598819712400394,27.0,-0.45858404333654385,0.6502030009379078,Between-Group,Diethanolamine,0.9988768156402602,False
X2hrs,.,15°C - 8°C,1.385029503700001,1.8598819712400396,27.0,0.7446867732023662,0.4628941167837821,Between-Group,Diethanolamine,0.9764033088087116,False
X2hrs,.,22°C - 8°C,2.2379416981999998,1.8598819712400396,27.0,1.2032708165389099,0.23931638114314294,Between-Group,Diethanolamine,0.9583024215269884,False
.,15°C,X10min - X2hrs,0.5721732739000006,2.1464609229409324,27.0,0.2665658935528388,0.7918287225448787,Within-Group,Diethanolamine,0.9995801204593276,False
.,22°C,X10min - X2hrs,-2.2410934423999986,2.1464609229409324,27.0,-1.0440876973103277,0.3057032300452105,Within-Group,Diethanolamine,0.9587581238028823,False
.,8°C,X10min - X2hrs,-0.2415364133999982,2.1464609229409324,27.0,-0.11252774780034742,0.9112374361468223,Within-Group,Diethanolamine,0.9995801204593276,False
X10min,.,15°C - 22°C,-0.5187695270000002,0.2904693650479172,27.0,-1.78596984544109,0.08534110714984734,Between-Group,DL-Ornithine,0.791489245095708,False
X10min,.,15°C - 8°C,0.04164373959999962,0.29046936504791726,27.0,0.14336706245469247,0.8870649355226904,Between-Group,DL-Ornithine,0.9995801204593276,False
X10min,.,22°C - 8°C,0.5604132665999999,0.29046936504791726,27.0,1.9293369078957823,0.06426044350649782,Between-Group,DL-Ornithine,0.7650685341259711,False
X2hrs,.,15°C - 22°C,-0.2958725280999992,0.6242542992907631,27.0,-0.47396153848864186,0.639337757121349,Between-Group,DL-Ornithine,0.9979364913093677,False
X2hrs,.,15°C - 8°C,0.6189334680000008,0.6242542992907631,27.0,0.9914765003672261,0.33025581678640636,Between-Group,DL-Ornithine,0.9587581238028823,False
X2hrs,.,22°C - 8°C,0.9148059961,0.6242542992907631,27.0,1.465438038855868,0.15435077529488603,Between-Group,DL-Ornithine,0.8948385960794855,False
.,15°C,X10min - X2hrs,-0.036151153700002825,0.4665571395806869,27.0,-0.07748494371448968,0.9388091339901949,Within-Group,DL-Ornithine,0.9995801204593276,False
.,22°C,X10min - X2hrs,0.1867458451999982,0.46655713958068684,27.0,0.4002636105147464,0.6921117862908182,Within-Group,DL-Ornithine,0.9995801204593276,False
.,8°C,X10min - X2hrs,0.5411385746999984,0.4665571395806869,27.0,1.159854879053701,0.2562620145565674,Within-Group,DL-Ornithine,0.9587581238028823,False
X10min,.,15°C - 22°C,0.2746460985000009,0.5985035190980916,27.0,0.4588880261119865,0.6499874431175874,Between-Group,Doconexent,0.9988768156402602,False
X10min,.,15°C - 8°C,0.31298213260000074,0.5985035190980917,27.0,0.522941173464854,0.6052805137877489,Between-Group,Doconexent,0.9979364913093677,False
X10min,.,22°C - 8°C,0.03833603409999983,0.5985035190980917,27.0,0.06405314735286752,0.9493997875878704,Between-Group,Doconexent,0.9995801204593276,False
X2hrs,.,15°C - 22°C,0.05673264790000003,1.0155743672291604,27.0,0.05586262289662391,0.95586258735069,Between-Group,Doconexent,0.9995801204593276,False
X2hrs,.,15°C - 8°C,-0.4072885623999999,1.0155743672291604,27.0,-0.40104257801545795,0.6915450278641212,Between-Group,Doconexent,0.9995801204593276,False
X2hrs,.,22°C - 8°C,-0.4640212102999999,1.0155743672291604,27.0,-0.4569052009120818,0.6513940447429623,Between-Group,Doconexent,0.9991870025372007,False
.,15°C,X10min - X2hrs,1.0011367564000013,0.9527518862347261,27.0,1.0507843341633174,0.3026721070891713,Within-Group,Doconexent,0.9587581238028823,False
.,22°C,X10min - X2hrs,0.7832233058000003,0.952751886234726,27.0,0.82206429303992,0.41824105973105186,Within-Group,Doconexent,0.9639481585472424,False
.,8°C,X10min - X2hrs,0.28086606140000064,0.9527518862347261,27.0,0.29479454772845726,0.7704056690816512,Within-Group,Doconexent,0.9995801204593276,False
X10min,.,15°C - 22°C,-2.4616401419999985,1.3414603566293648,27.0,-1.8350450163024317,0.07753927029021902,Between-Group,Dodecanoic acid,0.791489245095708,False
X10min,.,15°C - 8°C,-2.8141941633000003,1.3414603566293648,27.0,-2.097858613109609,0.04541272704043544,Between-Group,Dodecanoic acid,0.7469991681189178,False
X10min,.,22°C - 8°C,-0.3525540213000018,1.3414603566293648,27.0,-0.26281359680717703,0.7946893424761754,Between-Group,Dodecanoic acid,0.9995801204593276,False
X2hrs,.,15°C - 22°C,3.1381978626,1.213111072244119,27.0,2.586900684036036,0.015393608856830656,Between-Group,Dodecanoic acid,0.6290101284366936,False
X2hrs,.,15°C - 8°C,1.2137458001000003,1.2131110722441192,27.0,1.0005232231989334,0.3259403738068116,Between-Group,Dodecanoic acid,0.9587581238028823,False
X2hrs,.,22°C - 8°C,-1.9244520625,1.2131110722441192,27.0,-1.586377460837102,0.1242974162129077,Between-Group,Dodecanoic acid,0.842615600735374,False
.,15°C,X10min - X2hrs,-2.9733385567000017,1.134995963349455,27.0,-2.619690864737056,0.014266111959868046,Within-Group,Dodecanoic acid,0.6290101284366936,False
.,22°C,X10min - X2hrs,2.6264994478999966,1.134995963349455,27.0,2.3141046600280473,0.028509818308461093,Within-Group,Dodecanoic acid,0.7296680224763044,False
.,8°C,X10min - X2hrs,1.0546014066999985,1.134995963349455,27.0,0.9291675395811925,0.36103544823978095,Within-Group,Dodecanoic acid,0.9587581238028823,False
X10min,.,15°C - 22°C,0.0852482903000007,1.242051423865248,27.0,0.06863507312338897,0.9457858862633646,Between-Group,Erythritol,0.9995801204593276,False
X10min,.,15°C - 8°C,-0.6987321998999991,1.2420514238652482,27.0,-0.5625630199155147,0.5783739864456412,Between-Group,Erythritol,0.9979364913093677,False
X10min,.,22°C - 8°C,-0.7839804901999998,1.2420514238652482,27.0,-0.6311980930389037,0.5332185721053282,Between-Group,Erythritol,0.9979364913093677,False
X2hrs,.,15°C - 22°C,-0.6190151216999995,1.4705527160458134,27.0,-0.42094044976808215,0.6771304761463736,Between-Group,Erythritol,0.9995801204593276,False
X2hrs,.,15°C - 8°C,0.42886310990000076,1.4705527160458134,27.0,0.2916339585929132,0.7727954482464151,Between-Group,Erythritol,0.9995801204593276,False
X2hrs,.,22°C - 8°C,1.0478782316000004,1.4705527160458134,27.0,0.7125744083609954,0.48222227343496793,Between-Group,Erythritol,0.9832993969741625,False
.,15°C,X10min - X2hrs,-1.0363400474000004,1.3713721919195152,27.0,-0.7556956845897765,0.456374348421797,Within-Group,Erythritol,0.9748246327115793,False
.,22°C,X10min - X2hrs,-1.7406034594000008,1.3713721919195152,27.0,-1.2692422011005424,0.21518700928486023,Within-Group,Erythritol,0.9583024215269884,False
.,8°C,X10min - X2hrs,0.09125526239999943,1.3713721919195152,27.0,0.0665430310879128,0.9474358006760013,Within-Group,Erythritol,0.9995801204593276,False
X10min,.,15°C - 22°C,0.7785501306999992,1.3671925053824352,27.0,0.5694517250752635,0.5737572121481591,Between-Group,"Ethanolamine, 2TMS",0.9979364913093677,False
X10min,.,15°C - 8°C,-0.8178072406999995,1.3671925053824352,27.0,-0.5981653918379548,0.5547145676971588,Between-Group,"Ethanolamine, 2TMS",0.9979364913093677,False
X10min,.,22°C - 8°C,-1.5963573713999988,1.3671925053824352,27.0,-1.1676171169132183,0.2531693074152336,Between-Group,"Ethanolamine, 2TMS",0.9583024215269884,False
X2hrs,.,15°C - 22°C,-1.6519267549999994,1.50176112955803,27.0,-1.0999930165233158,0.2810463468817003,Between-Group,"Ethanolamine, 2TMS",0.9587581238028823,False
X2hrs,.,15°C - 8°C,-0.9786072951999998,1.5017611295580302,27.0,-0.6516397820790614,0.5201423022203278,Between-Group,"Ethanolamine, 2TMS",0.9979364913093677,False
X2hrs,.,22°C - 8°C,0.6733194597999997,1.5017611295580302,27.0,0.44835323444425434,0.6574757235640509,Between-Group,"Ethanolamine, 2TMS",0.9995801204593276,False
.,15°C,X10min - X2hrs,1.323149818,1.5073873624453116,27.0,0.8777769078901936,0.3878091154074641,Within-Group,"Ethanolamine, 2TMS",0.9639481585472424,False
.,22°C,X10min - X2hrs,-1.1073270676999987,1.5073873624453114,27.0,-0.734600206481546,0.4689155339321113,Within-Group,"Ethanolamine, 2TMS",0.9792342874927252,False
.,8°C,X10min - X2hrs,1.1623497635,1.5073873624453116,27.0,0.7711022345407054,0.4473423431538136,Within-Group,"Ethanolamine, 2TMS",0.9748246327115793,False
X10min,.,15°C - 22°C,0.058573127900002755,1.250731487490711,27.0,0.04683109723056186,0.9629925235679062,Between-Group,"Ethanolamine, 3TMS",0.9995801204593276,False
X10min,.,15°C - 8°C,0.02855186290000017,1.250731487490711,27.0,0.022828131525882145,0.9819552452172334,Between-Group,"Ethanolamine, 3TMS",0.9995801204593276,False
X10min,.,22°C - 8°C,-0.030021265000002587,1.250731487490711,27.0,-0.02400296570467972,0.9810267646609744,Between-Group,"Ethanolamine, 3TMS",0.9995801204593276,False
X2hrs,.,15°C - 22°C,0.7072721384,1.2314085145932694,27.0,0.5743602793209611,0.5704788167579149,Between-Group,"Ethanolamine, 3TMS",0.9979364913093677,False
X2hrs,.,15°C - 8°C,1.2290171602999997,1.2314085145932696,27.0,0.9980580333293703,0.32711245676214096,Between-Group,"Ethanolamine, 3TMS",0.9587581238028823,False
X2hrs,.,22°C - 8°C,0.5217450218999997,1.2314085145932696,27.0,0.4236977540084092,0.6751426746128768,Between-Group,"Ethanolamine, 3TMS",0.9995801204593276,False
.,15°C,X10min - X2hrs,-0.5386253871999988,1.3225350415712946,27.0,-0.4072673844316909,0.6870225855600388,Within-Group,"Ethanolamine, 3TMS",0.9995801204593276,False
.,22°C,X10min - X2hrs,0.11007362329999854,1.3225350415712944,27.0,0.08322926791355248,0.9342832426143992,Within-Group,"Ethanolamine, 3TMS",0.9995801204593276,False
.,8°C,X10min - X2hrs,0.6618399102000008,1.3225350415712946,27.0,0.5004327971632974,0.6208251748268304,Within-Group,"Ethanolamine, 3TMS",0.9979364913093677,False
X10min,.,15°C - 22°C,-0.5494966639999996,0.9516743311506266,27.0,-0.5773999003793955,0.5684534085970572,Between-Group,Ethyl alpha-D-glucopyranoside,0.9979364913093677,False
X10min,.,15°C - 8°C,-0.9328723518999997,0.9516743311506267,27.0,-0.9802432632307164,0.33566841307369233,Between-Group,Ethyl alpha-D-glucopyranoside,0.9587581238028823,False
X10min,.,22°C - 8°C,-0.38337568790000004,0.9516743311506267,27.0,-0.4028433628513209,0.6902355182648299,Between-Group,Ethyl alpha-D-glucopyranoside,0.9995801204593276,False
X2hrs,.,15°C - 22°C,0.23544240229999994,1.2431447875420878,27.0,0.18939258295528896,0.8512017065712453,Between-Group,Ethyl alpha-D-glucopyranoside,0.9995801204593276,False
X2hrs,.,15°C - 8°C,0.8149369811999999,1.2431447875420878,27.0,0.6555447035347115,0.5176643794547311,Between-Group,Ethyl alpha-D-glucopyranoside,0.9979364913093677,False
X2hrs,.,22°C - 8°C,0.5794945789,1.2431447875420878,27.0,0.4661521205794226,0.6448456258814218,Between-Group,Ethyl alpha-D-glucopyranoside,0.9981454114012376,False
.,15°C,X10min - X2hrs,-0.573761664299999,0.9973323155517425,27.0,-0.5752963734886937,0.569854676797702,Within-Group,Ethyl alpha-D-glucopyranoside,0.9979364913093677,False
.,22°C,X10min - X2hrs,0.21117740200000065,0.9973323155517425,27.0,0.21174226354349446,0.8338983609848476,Within-Group,Ethyl alpha-D-glucopyranoside,0.9995801204593276,False
.,8°C,X10min - X2hrs,1.1740476688000008,0.9973323155517425,27.0,1.1771880350136816,0.2493938830566239,Within-Group,Ethyl alpha-D-glucopyranoside,0.9583024215269884,False
X10min,.,15°C - 22°C,-0.23548166219999997,1.71765668895799,27.0,-0.1370947196339066,0.8919731340666155,Between-Group,Glyceric acid,0.9995801204593276,False
X10min,.,15°C - 8°C,0.5891068907,1.7176566889579903,27.0,0.34297126689349045,0.7342761027466049,Between-Group,Glyceric acid,0.9995801204593276,False
X10min,.,22°C - 8°C,0.8245885529,1.7176566889579903,27.0,0.48006598652739707,0.6350469383466525,Between-Group,Glyceric acid,0.9979364913093677,False
X2hrs,.,15°C - 22°C,1.7417557828000019,1.596693282328593,27.0,1.0908518261314732,0.28497767058875395,Between-Group,Glyceric acid,0.9587581238028823,False
X2hrs,.,15°C - 8°C,1.323628322600002,1.5966932823285933,27.0,0.828980955358967,0.4143839959434964,Between-Group,Glyceric acid,0.9639481585472424,False
X2hrs,.,22°C - 8°C,-0.4181274601999998,1.5966932823285933,27.0,-0.2618708707725062,0.7954085042670125,Between-Group,Glyceric acid,0.9995801204593276,False
.,15°C,X10min - X2hrs,0.1753761055999936,1.4699570425190631,27.0,0.11930695967785006,0.9059154589617853,Within-Group,Glyceric acid,0.9995801204593276,False
.,22°C,X10min - X2hrs,2.1526135505999955,1.469957042519063,27.0,1.4644057535933603,0.15463048499949753,Within-Group,Glyceric acid,0.8948385960794855,False
.,8°C,X10min - X2hrs,0.9098975374999957,1.4699570425190631,27.0,0.6189960054483672,0.5411070075341256,Within-Group,Glyceric acid,0.9979364913093677,False
X10min,.,15°C - 22°C,0.37629225150000023,2.211196865639723,27.0,0.17017582529501948,0.8661406149551754,Between-Group,Glycerol,0.9995801204593276,False
X10min,.,15°C - 8°C,-0.2777627359,2.211196865639723,27.0,-0.1256164660036456,0.9009662228143912,Between-Group,Glycerol,0.9995801204593276,False
X10min,.,22°C - 8°C,-0.6540549874000002,2.211196865639723,27.0,-0.2957922912986651,0.7696517336478564,Between-Group,Glycerol,0.9995801204593276,False
X2hrs,.,15°C - 22°C,0.14556400819999946,2.275375699212405,27.0,0.06397361466521101,0.9494625273257615,Between-Group,Glycerol,0.9995801204593276,False
X2hrs,.,15°C - 8°C,0.7338492428999998,2.275375699212405,27.0,0.3225178343752257,0.7495446349706805,Between-Group,Glycerol,0.9995801204593276,False
X2hrs,.,22°C - 8°C,0.5882852347000003,2.275375699212405,27.0,0.2585442197100147,0.7979477149635419,Between-Group,Glycerol,0.9995801204593276,False
.,15°C,X10min - X2hrs,0.18775485470000028,2.3706752865311698,27.0,0.07919889145793889,0.9374585073210113,Within-Group,Glycerol,0.9995801204593276,False
.,22°C,X10min - X2hrs,-0.04297338860000051,2.3706752865311698,27.0,-0.01812706651313695,0.9856707784345826,Within-Group,Glycerol,0.9995801204593276,False
.,8°C,X10min - X2hrs,1.1993668335,2.3706752865311698,27.0,0.5059178033845972,0.6170202387258241,Within-Group,Glycerol,0.9979364913093677,False
X10min,.,15°C - 22°C,2.161843780200001,1.452636005312268,27.0,1.488221255905933,0.14828018518513428,Between-Group,Glycolic acid,0.8870644019604798,False
X10min,.,15°C - 8°C,1.4242502264000003,1.452636005312268,27.0,0.9804591247852447,0.3355638373922438,Between-Group,Glycolic acid,0.9587581238028823,False
X10min,.,22°C - 8°C,-0.7375935538000005,1.452636005312268,27.0,-0.5077621311206881,0.6157432619823837,Between-Group,Glycolic acid,0.9979364913093677,False
X2hrs,.,15°C - 22°C,1.0665888403000006,1.3394180292918028,27.0,0.7963076627122478,0.43279949223240854,Between-Group,Glycolic acid,0.974695460966868,False
X2hrs,.,15°C - 8°C,1.4413430366000006,1.3394180292918028,27.0,1.076096487488741,0.29140605031613825,Between-Group,Glycolic acid,0.9587581238028823,False
X2hrs,.,22°C - 8°C,0.37475419629999995,1.3394180292918028,27.0,0.27978882477649314,0.7817718563193775,Between-Group,Glycolic acid,0.9995801204593276,False
.,15°C,X10min - X2hrs,0.04858428259999936,1.4740359831125778,27.0,0.03296003839567653,0.9739489097065752,Within-Group,Glycolic acid,0.9995801204593276,False
.,22°C,X10min - X2hrs,-1.0466706573000009,1.4740359831125776,27.0,-0.7100713071399036,0.48374812056979966,Within-Group,Glycolic acid,0.9832993969741625,False
.,8°C,X10min - X2hrs,0.06567709279999961,1.4740359831125776,27.0,0.04455596305140104,0.9647891446723362,Within-Group,Glycolic acid,0.9995801204593276,False
X10min,.,15°C - 22°C,0.0035464884000000474,1.3638036784301042,27.0,0.0026004390925844,0.9979442707621775,Between-Group,"L-(+)-Erythrulose, tris(trimethylsilyl) ether, trimethylsilyloxime (isomer 2)",0.9995801204593276,False
X10min,.,15°C - 8°C,0.5928544722000004,1.3638036784301044,27.0,0.434706608859161,0.6672301014602364,Between-Group,"L-(+)-Erythrulose, tris(trimethylsilyl) ether, trimethylsilyloxime (isomer 2)",0.9995801204593276,False
X10min,.,22°C - 8°C,0.5893079838000004,1.3638036784301044,27.0,0.4321061697665766,0.6690956772488128,Between-Group,"L-(+)-Erythrulose, tris(trimethylsilyl) ether, trimethylsilyloxime (isomer 2)",0.9995801204593276,False
X2hrs,.,15°C - 22°C,-2.625529047899999,1.252321638310702,27.0,-2.09652933206653,0.04553977229436863,Between-Group,"L-(+)-Erythrulose, tris(trimethylsilyl) ether, trimethylsilyloxime (isomer 2)",0.7469991681189178,False
X2hrs,.,15°C - 8°C,-0.7798408914999986,1.252321638310702,27.0,-0.6227161358897796,0.538695495759172,Between-Group,"L-(+)-Erythrulose, tris(trimethylsilyl) ether, trimethylsilyloxime (isomer 2)",0.9979364913093677,False
X2hrs,.,22°C - 8°C,1.8456881564000003,1.252321638310702,27.0,1.4738131961767504,0.1520964144339476,Between-Group,"L-(+)-Erythrulose, tris(trimethylsilyl) ether, trimethylsilyloxime (isomer 2)",0.8941159160654608,False
.,15°C,X10min - X2hrs,0.5859839284999977,1.0387241671446739,27.0,0.5641381485431268,0.5773167176875755,Within-Group,"L-(+)-Erythrulose, tris(trimethylsilyl) ether, trimethylsilyloxime (isomer 2)",0.9979364913093677,False
.,22°C,X10min - X2hrs,-2.043091607800001,1.0387241671446739,27.0,-1.9669241098107988,0.059546870369986765,Within-Group,"L-(+)-Erythrulose, tris(trimethylsilyl) ether, trimethylsilyloxime (isomer 2)",0.7650685341259711,False
.,8°C,X10min - X2hrs,-0.7867114352000013,1.0387241671446739,27.0,-0.7573824313364876,0.45538025079129485,Within-Group,"L-(+)-Erythrulose, tris(trimethylsilyl) ether, trimethylsilyloxime (isomer 2)",0.9748246327115793,False
X10min,.,15°C - 22°C,0.7590248754000001,1.674182978626381,27.0,0.45337032157784696,0.6539049136974384,Between-Group,L-5-Oxoproline,0.9995801204593276,False
X10min,.,15°C - 8°C,-0.188204048,1.674182978626381,27.0,-0.1124154590046161,0.911325623885443,Between-Group,L-5-Oxoproline,0.9995801204593276,False
X10min,.,22°C - 8°C,-0.9472289234000001,1.674182978626381,27.0,-0.5657857805824631,0.5762118126755685,Between-Group,L-5-Oxoproline,0.9979364913093677,False
X2hrs,.,15°C - 22°C,-0.5123857486000009,1.807927964105252,27.0,-0.2834104891195606,0.7790239830368031,Between-Group,L-5-Oxoproline,0.9995801204593276,False
X2hrs,.,15°C - 8°C,-0.3673954947999999,1.8079279641052521,27.0,-0.2032135693978409,0.8404918446432859,Between-Group,L-5-Oxoproline,0.9995801204593276,False
X2hrs,.,22°C - 8°C,0.14499025380000097,1.8079279641052521,27.0,0.08019691972171966,0.9366721274758458,Between-Group,L-5-Oxoproline,0.9995801204593276,False
.,15°C,X10min - X2hrs,0.7162645160999997,1.9588444213936076,27.0,0.365656663835721,0.7174705267518082,Within-Group,L-5-Oxoproline,0.9995801204593276,False
.,22°C,X10min - X2hrs,-0.5551461079000012,1.9588444213936074,27.0,-0.2834049002753603,0.7790282212360053,Within-Group,L-5-Oxoproline,0.9995801204593276,False
.,8°C,X10min - X2hrs,0.5370730692999999,1.9588444213936074,27.0,0.2741785225178336,0.7860342485143815,Within-Group,L-5-Oxoproline,0.9995801204593276,False
X10min,.,15°C - 22°C,1.5710364578000011,1.5653053624352844,27.0,1.0036613273692492,0.3244525283714572,Between-Group,L-Alanine,0.9587581238028823,False
X10min,.,15°C - 8°C,1.5028138126000001,1.5653053624352848,27.0,0.9600770869793348,0.34553581845412473,Between-Group,L-Alanine,0.9587581238028823,False
X10min,.,22°C - 8°C,-0.06822264520000099,1.5653053624352848,27.0,-0.04358424038991405,0.9655565498155836,Between-Group,L-Alanine,0.9995801204593276,False
X2hrs,.,15°C - 22°C,-0.5399614067999996,1.6266491441910735,27.0,-0.33194706352519576,0.7424923704878578,Between-Group,L-Alanine,0.9995801204593276,False
X2hrs,.,15°C - 8°C,-0.550302391699999,1.6266491441910738,27.0,-0.3383042948537388,0.7377505112373037,Between-Group,L-Alanine,0.9995801204593276,False
X2hrs,.,22°C - 8°C,-0.010340984899999406,1.6266491441910738,27.0,-0.006357231328543155,0.9949744370717117,Between-Group,L-Alanine,0.9995801204593276,False
.,15°C,X10min - X2hrs,1.8845501928000012,1.248428719270544,27.0,1.5095376802138472,0.14277624865555147,Within-Group,L-Alanine,0.879471134190078,False
.,22°C,X10min - X2hrs,-0.22644767179999953,1.248428719270544,27.0,-0.1813861442824807,0.8574193138483626,Within-Group,L-Alanine,0.9995801204593276,False
.,8°C,X10min - X2hrs,-0.16856601149999795,1.248428719270544,27.0,-0.13502253584689314,0.8935956189306824,Within-Group,L-Alanine,0.9995801204593276,False
X10min,.,15°C - 22°C,-0.9488604844999993,1.1839805625412632,27.0,-0.8014155928906395,0.4298879366441595,Between-Group,L-Aspartic acid,0.974695460966868,False
X10min,.,15°C - 8°C,1.6383102848000002,1.1839805625412634,27.0,1.3837307272034736,0.17777470696941305,Between-Group,L-Aspartic acid,0.9344238228773027,False
X10min,.,22°C - 8°C,2.5871707692999997,1.1839805625412634,27.0,2.185146320094113,0.03773125787983269,Between-Group,L-Aspartic acid,0.7296680224763044,False
X2hrs,.,15°C - 22°C,1.0482851568999996,1.1939295925655384,27.0,0.878012542303625,0.3876835020685422,Between-Group,L-Aspartic acid,0.9639481585472424,False
X2hrs,.,15°C - 8°C,-0.18956764050000063,1.1939295925655384,27.0,-0.15877623075968333,0.8750268523434079,Between-Group,L-Aspartic acid,0.9995801204593276,False
X2hrs,.,22°C - 8°C,-1.2378527974000002,1.1939295925655384,27.0,-1.0367887730633083,0.3090311138595029,Between-Group,L-Aspartic acid,0.9587581238028823,False
.,15°C,X10min - X2hrs,-0.07614002579999823,1.1791171454096936,27.0,-0.06457375850772043,0.9489891092124562,Within-Group,L-Aspartic acid,0.9995801204593276,False
.,22°C,X10min - X2hrs,1.9210056156000008,1.1791171454096936,27.0,1.629189790919826,0.11488639637133842,Within-Group,L-Aspartic acid,0.8286486887209302,False
.,8°C,X10min - X2hrs,-1.9040179510999993,1.1791171454096936,27.0,-1.6147826859378194,0.11798509758269363,Within-Group,L-Aspartic acid,0.8332697516777737,False
X10min,.,15°C - 22°C,-3.2235074781,1.484322900351632,27.0,-2.1717023144602567,0.03883278334162216,Between-Group,L-Norvaline,0.7296680224763044,False
X10min,.,15°C - 8°C,-0.5519193175999981,1.484322900351632,27.0,-0.37183238058865087,0.7129199784889929,Between-Group,L-Norvaline,0.9995801204593276,False
X10min,.,22°C - 8°C,2.6715881605000016,1.484322900351632,27.0,1.7998699338716055,0.08306596304514041,Between-Group,L-Norvaline,0.791489245095708,False
X2hrs,.,15°C - 22°C,-2.1416654845999994,1.6351893369456925,27.0,-1.3097354760154774,0.20132072384864777,Between-Group,L-Norvaline,0.9578432860474494,False
X2hrs,.,15°C - 8°C,-2.193312279699999,1.6351893369456925,27.0,-1.3413200723267942,0.19099103429584594,Between-Group,L-Norvaline,0.9490838310481666,False
X2hrs,.,22°C - 8°C,-0.051646795099999476,1.6351893369456925,27.0,-0.0315845963113168,0.975035654268945,Between-Group,L-Norvaline,0.9995801204593276,False
.,15°C,X10min - X2hrs,0.38104753749999953,1.4710555472433204,27.0,0.25903001298221695,0.797576770606639,Within-Group,L-Norvaline,0.9995801204593276,False
.,22°C,X10min - X2hrs,1.462889531,1.4710555472433202,27.0,0.9944488729479843,0.32883365329866665,Within-Group,L-Norvaline,0.9587581238028823,False
.,8°C,X10min - X2hrs,-1.2603454246000012,1.4710555472433202,27.0,-0.8567626334449583,0.3991167286159377,Within-Group,L-Norvaline,0.9639481585472424,False
X10min,.,15°C - 22°C,1.1293876553999993,0.9592539731610014,27.0,1.1773604144461987,0.24932626782475104,Between-Group,L-Proline,0.9583024215269884,False
X10min,.,15°C - 8°C,1.3750213633999997,0.9592539731610015,27.0,1.4334278531773312,0.16321499996204195,Between-Group,L-Proline,0.9179819852941961,False
X10min,.,22°C - 8°C,0.2456337080000004,0.9592539731610015,27.0,0.25606743873113275,0.7998396948017745,Between-Group,L-Proline,0.9995801204593276,False
X2hrs,.,15°C - 22°C,-0.5217134874999998,1.0164324111466916,27.0,-0.5132790747113495,0.6119307795625124,Between-Group,L-Proline,0.9979364913093677,False
X2hrs,.,15°C - 8°C,-0.12778067189999964,1.0164324111466916,27.0,-0.1257148734128258,0.900889062781028,Between-Group,L-Proline,0.9995801204593276,False
X2hrs,.,22°C - 8°C,0.39393281560000015,1.0164324111466916,27.0,0.38756420129852365,0.7013770653485459,Between-Group,L-Proline,0.9995801204593276,False
.,15°C,X10min - X2hrs,0.9003723174999996,0.8826092263314415,27.0,1.0201256576960909,0.31672303979507527,Within-Group,L-Proline,0.9587581238028823,False
.,22°C,X10min - X2hrs,-0.7507288253999995,0.8826092263314413,27.0,-0.8505789459287643,0.4024836648512162,Within-Group,L-Proline,0.9639481585472424,False
.,8°C,X10min - X2hrs,-0.6024297177999998,0.8826092263314415,27.0,-0.682555427506683,0.500702486667064,Within-Group,L-Proline,0.9951522764592834,False
X10min,.,15°C - 22°C,-0.42786780939999985,1.6016114776102883,27.0,-0.2671483161686674,0.7913849681188878,Between-Group,L-Rhamnose,0.9995801204593276,False
X10min,.,15°C - 8°C,-0.4119034904,1.6016114776102885,27.0,-0.2571806559569538,0.7989891687621382,Between-Group,L-Rhamnose,0.9995801204593276,False
X10min,.,22°C - 8°C,0.015964318999999838,1.6016114776102885,27.0,0.009967660211713561,0.992120375874966,Between-Group,L-Rhamnose,0.9995801204593276,False
X2hrs,.,15°C - 22°C,-0.36318983140000016,1.5171856601736509,27.0,-0.2393839072789753,0.8126158181911879,Between-Group,L-Rhamnose,0.9995801204593276,False
X2hrs,.,15°C - 8°C,-2.2474674942999995,1.5171856601736509,27.0,-1.4813397946581985,0.1500931193996232,Between-Group,L-Rhamnose,0.892659078534601,False
X2hrs,.,22°C - 8°C,-1.8842776628999993,1.5171856601736509,27.0,-1.2419558873792234,0.22493316353369078,Between-Group,L-Rhamnose,0.9583024215269884,False
.,15°C,X10min - X2hrs,0.3318270028000003,1.500001025433506,27.0,0.22121785063720276,0.8265873033030997,Within-Group,L-Rhamnose,0.9995801204593276,False
.,22°C,X10min - X2hrs,0.3965049808,1.5000010254335059,27.0,0.2643364731603491,0.7935280005804342,Within-Group,L-Rhamnose,0.9995801204593276,False
.,8°C,X10min - X2hrs,-1.503737001099999,1.500001025433506,27.0,-1.0024906487416656,0.3250070262554843,Within-Group,L-Rhamnose,0.9587581238028823,False
X10min,.,15°C - 22°C,0.4746538406999993,2.3927355589205987,27.0,0.19837287866199607,0.8442394533783936,Between-Group,Lactic Acid.1,0.9995801204593276,False
X10min,.,15°C - 8°C,-0.3563168960000002,2.3927355589205987,27.0,-0.1489161201586106,0.8827265229161998,Between-Group,Lactic Acid.1,0.9995801204593276,False
X10min,.,22°C - 8°C,-0.8309707366999995,2.3927355589205987,27.0,-0.3472889988206067,0.7310668001355706,Between-Group,Lactic Acid.1,0.9995801204593276,False
X2hrs,.,15°C - 22°C,-0.1068732310000007,1.7896596201571775,27.0,-0.05971707122196484,0.9528207942395466,Between-Group,Lactic Acid.1,0.9995801204593276,False
X2hrs,.,15°C - 8°C,-0.6185677393000002,1.7896596201571777,27.0,-0.34563429399254936,0.7322961325465654,Between-Group,Lactic Acid.1,0.9995801204593276,False
X2hrs,.,22°C - 8°C,-0.5116945082999995,1.7896596201571777,27.0,-0.28591722277058457,0.7771237483901625,Between-Group,Lactic Acid.1,0.9995801204593276,False
.,15°C,X10min - X2hrs,-3.022225294399999,1.8767148733638668,27.0,-1.6103806376207235,0.1189455981652491,Within-Group,Lactic Acid.1,0.8342598160969541,False
.,22°C,X10min - X2hrs,-3.6037523660999993,1.8767148733638666,27.0,-1.9202450075117439,0.06544834067744296,Within-Group,Lactic Acid.1,0.7650685341259711,False
.,8°C,X10min - X2hrs,-3.284476137699999,1.8767148733638668,27.0,-1.7501199485955097,0.09145571888432469,Within-Group,Lactic Acid.1,0.791489245095708,False
X10min,.,15°C - 22°C,0.10714119100000047,1.168859286659454,27.0,0.091663036109509,0.9276424743173894,Between-Group,Methyl galactoside,0.9995801204593276,False
X10min,.,15°C - 8°C,-0.3078191971999995,1.1688592866594543,27.0,-0.26335008902545703,0.794280159785139,Between-Group,Methyl galactoside,0.9995801204593276,False
X10min,.,22°C - 8°C,-0.41496038820000003,1.1688592866594543,27.0,-0.3550131251349661,0.72533799741485,Between-Group,Methyl galactoside,0.9995801204593276,False
X2hrs,.,15°C - 22°C,0.04211536500000003,1.125378653112475,27.0,0.03742328405068018,0.9704228369341108,Between-Group,Methyl galactoside,0.9995801204593276,False
X2hrs,.,15°C - 8°C,0.3319226311000001,1.1253786531124752,27.0,0.2949430666576064,0.7702934276256284,Between-Group,Methyl galactoside,0.9995801204593276,False
X2hrs,.,22°C - 8°C,0.28980726610000007,1.1253786531124752,27.0,0.25751978260692626,0.798730117452327,Between-Group,Methyl galactoside,0.9995801204593276,False
.,15°C,X10min - X2hrs,-0.9158780758999996,1.3463675034436724,27.0,-0.6802586021702186,0.5021326229922098,Within-Group,Methyl galactoside,0.9951522764592834,False
.,22°C,X10min - X2hrs,-0.9809039019000001,1.3463675034436722,27.0,-0.7285558358999995,0.4725457002897334,Within-Group,Methyl galactoside,0.9826150257725653,False
.,8°C,X10min - X2hrs,-0.2761362476,1.3463675034436722,27.0,-0.20509723154615092,0.8390345608356242,Within-Group,Methyl galactoside,0.9995801204593276,False
X10min,.,15°C - 22°C,-0.9097626591000001,1.200281890332825,27.0,-0.7579574985070656,0.45504162491245637,Between-Group,"N-Acetylglutamine,N,N',O,O'- tetrakis(trimethylsilyl)-",0.9748246327115793,False
X10min,.,15°C - 8°C,-0.2298156207000004,1.2002818903328252,27.0,-0.1914680397587895,0.8495915332709202,Between-Group,"N-Acetylglutamine,N,N',O,O'- tetrakis(trimethylsilyl)-",0.9995801204593276,False
X10min,.,22°C - 8°C,0.6799470383999997,1.2002818903328252,27.0,0.566489458748276,0.5757402462574943,Between-Group,"N-Acetylglutamine,N,N',O,O'- tetrakis(trimethylsilyl)-",0.9979364913093677,False
X2hrs,.,15°C - 22°C,-3.1687978671999986,1.2601010123988141,27.0,-2.514717340927819,0.018173319702058,Between-Group,"N-Acetylglutamine,N,N',O,O'- tetrakis(trimethylsilyl)-",0.6381486375084822,False
X2hrs,.,15°C - 8°C,-2.912783825999998,1.2601010123988141,27.0,-2.3115478817488007,0.028670743037735036,Between-Group,"N-Acetylglutamine,N,N',O,O'- tetrakis(trimethylsilyl)-",0.7296680224763044,False
X2hrs,.,22°C - 8°C,0.2560140412000007,1.2601010123988141,27.0,0.20316945917901846,0.8405259771894354,Between-Group,"N-Acetylglutamine,N,N',O,O'- tetrakis(trimethylsilyl)-",0.9995801204593276,False
.,15°C,X10min - X2hrs,2.1027223151999985,1.1762922539547167,27.0,1.7875849374427202,0.08507404769774282,Within-Group,"N-Acetylglutamine,N,N',O,O'- tetrakis(trimethylsilyl)-",0.791489245095708,False
.,22°C,X10min - X2hrs,-0.15631289290000017,1.1762922539547167,27.0,-0.13288610239034837,0.8952689027534843,Within-Group,"N-Acetylglutamine,N,N',O,O'- tetrakis(trimethylsilyl)-",0.9995801204593276,False
.,8°C,X10min - X2hrs,-0.5802458900999992,1.1762922539547167,27.0,-0.4932837805819103,0.6258005493770817,Within-Group,"N-Acetylglutamine,N,N',O,O'- tetrakis(trimethylsilyl)-",0.9979364913093677,False
X10min,.,15°C - 22°C,0.42822114400000094,0.7430642556567773,27.0,0.5762908668261888,0.5691919763873017,Between-Group,Nonanoic acid,0.9979364913093677,False
X10min,.,15°C - 8°C,0.8328033441000003,0.7430642556567773,27.0,1.1207689479880913,0.27225635265785586,Between-Group,Nonanoic acid,0.9587581238028823,False
X10min,.,22°C - 8°C,0.40458220009999935,0.7430642556567773,27.0,0.5444780811619023,0.5905814804708993,Between-Group,Nonanoic acid,0.9979364913093677,False
X2hrs,.,15°C - 22°C,-0.23023522669999985,0.9208351449178882,27.0,-0.25002871357666323,0.8044577783667735,Between-Group,Nonanoic acid,0.9995801204593276,False
X2hrs,.,15°C - 8°C,0.4541061753000005,0.9208351449178883,27.0,0.49314600751961263,0.625896610903529,Between-Group,Nonanoic acid,0.9979364913093677,False
X2hrs,.,22°C - 8°C,0.6843414020000004,0.9208351449178883,27.0,0.7431747210962758,0.46379386116320065,Between-Group,Nonanoic acid,0.9764033088087116,False
.,15°C,X10min - X2hrs,0.7313684370000012,0.8806015645563054,27.0,0.8305327476547286,0.4135217030799937,Within-Group,Nonanoic acid,0.9639481585472424,False
.,22°C,X10min - X2hrs,0.07291206630000034,0.8806015645563053,27.0,0.08279802039272709,0.9346229419503675,Within-Group,Nonanoic acid,0.9995801204593276,False
.,8°C,X10min - X2hrs,0.35267126820000133,0.8806015645563054,27.0,0.4004890320376573,0.691947756147015,Within-Group,Nonanoic acid,0.9995801204593276,False
X10min,.,15°C - 22°C,1.8809987256999992,1.1982417347650545,27.0,1.5697990406491862,0.12810843646252876,Between-Group,Oxalic acid,0.8557178149369181,False
X10min,.,15°C - 8°C,1.8965963460999995,1.1982417347650547,27.0,1.582816130563066,0.12510811770997196,Between-Group,Oxalic acid,0.842615600735374,False
X10min,.,22°C - 8°C,0.015597620400000345,1.1982417347650547,27.0,0.013017089913880064,0.9897098686141987,Between-Group,Oxalic acid,0.9995801204593276,False
X2hrs,.,15°C - 22°C,0.8101758594000003,1.5178357527552993,27.0,0.5337704411885824,0.5978678186063489,Between-Group,Oxalic acid,0.9979364913093677,False
X2hrs,.,15°C - 8°C,1.7772779098000002,1.5178357527552995,27.0,1.1709290063656361,0.25185814083375624,Between-Group,Oxalic acid,0.9583024215269884,False
X2hrs,.,22°C - 8°C,0.9671020504,1.5178357527552995,27.0,0.6371585651770538,0.5293876736363747,Between-Group,Oxalic acid,0.9979364913093677,False
.,15°C,X10min - X2hrs,1.3125556522999988,1.266971655609996,27.0,1.0359787028290353,0.30940201247108723,Within-Group,Oxalic acid,0.9587581238028823,False
.,22°C,X10min - X2hrs,0.24173278599999987,1.2669716556099957,27.0,0.19079573321915816,0.8501130474567706,Within-Group,Oxalic acid,0.9995801204593276,False
.,8°C,X10min - X2hrs,1.1932372159999995,1.266971655609996,27.0,0.9418026131180526,0.35464468233976765,Within-Group,Oxalic acid,0.9587581238028823,False
X10min,.,15°C - 22°C,0.7695581178999997,0.9935914094562757,27.0,0.7745217104092376,0.44535234277666147,Between-Group,Palmitelaidic acid,0.9748246327115793,False
X10min,.,15°C - 8°C,-0.10478161140000042,0.9935914094562758,27.0,-0.10545744498469466,0.9167924135429553,Between-Group,Palmitelaidic acid,0.9995801204593276,False
X10min,.,22°C - 8°C,-0.8743397293000001,0.9935914094562758,27.0,-0.8799791553939321,0.3866361506644068,Between-Group,Palmitelaidic acid,0.9639481585472424,False
X2hrs,.,15°C - 22°C,3.2248707141000006,1.1626363697936568,27.0,2.7737569526337342,0.009927105126188275,Between-Group,Palmitelaidic acid,0.6290101284366936,False
X2hrs,.,15°C - 8°C,4.5496898451000005,1.162636369793657,27.0,3.9132526414148496,0.0005564889394790209,Between-Group,Palmitelaidic acid,0.2753952864008284,False
X2hrs,.,22°C - 8°C,1.324819131,1.162636369793657,27.0,1.1394956887811163,0.2645051799195508,Between-Group,Palmitelaidic acid,0.9587581238028823,False
.,15°C,X10min - X2hrs,0.0411226513999996,1.0163497809150346,27.0,0.040461120937101275,0.9680232166584931,Within-Group,Palmitelaidic acid,0.9995801204593276,False
.,22°C,X10min - X2hrs,2.4964352476000005,1.0163497809150344,27.0,2.456275678391374,0.0207563385786649,Within-Group,Palmitelaidic acid,0.6809418172420065,False
.,8°C,X10min - X2hrs,4.695594107900001,1.0163497809150346,27.0,4.620057185108545,8.455052499291365e-05,Within-Group,Palmitelaidic acid,0.08598788391779318,False
