Variable_A,Variable_B,TimeWindow,n,df,r,CI_95%,p_val,p_adj,is_significant
Glutamine [-H2O],IL-12(p40),delta_time2_vs_time1,30,27,0.55412839,"[0.24, 0.77]",0.001815047,0.844531911,FALSE
Arginine [-NH3],IL-26,delta_time2_vs_time1,30,27,0.545212621,"[0.22, 0.76]",0.002223689,0.844531911,FALSE
Tyrosine,APRIL/TNFSF13,delta_time2_vs_time1,30,27,0.533634605,"[0.21, 0.75]",0.002871137,0.844531911,FALSE
2-OH-Butanoic Acid,IL-12(p70),delta_time3_vs_time1,30,27,0.517220755,"[0.19, 0.74]",0.004063186,0.98763082,FALSE
Phenylalanine,IL-29/IFN-lambda1,delta_time2_vs_time1,30,27,0.505681709,"[0.17, 0.74]",0.005135026,0.865196306,FALSE
Dodecanoic acid,sTNF-R1,delta_time2_vs_time1,30,27,0.502672917,"[0.17, 0.73]",0.005451144,0.865196306,FALSE
Citric acid,sTNF-R1,delta_time3_vs_time1,30,27,0.49522358,"[0.16, 0.73]",0.006305828,0.98763082,FALSE
Arginine [-NH3],IL-12(p40),delta_time2_vs_time1,30,27,0.495140073,"[0.16, 0.73]",0.006316019,0.865196306,FALSE
Palmitelaidic acid,sTNF-R1,delta_time2_vs_time1,30,27,0.491699046,"[0.15, 0.73]",0.006748247,0.865196306,FALSE
Glycerol,IL-12(p70),delta_time3_vs_time1,30,27,0.490959863,"[0.15, 0.73]",0.006844294,0.98763082,FALSE
"2,3,4-Trihydroxybutyric acid",IL-35,delta_time3_vs_time1,30,27,0.487188562,"[0.15, 0.72]",0.007352538,0.98763082,FALSE
Methyl galactoside,IL-35,delta_time3_vs_time1,30,27,0.479355004,"[0.14, 0.72]",0.008510821,0.98763082,FALSE
Leucine,IFN-y,delta_time3_vs_time1,30,27,0.475710707,"[0.13, 0.72]",0.009099952,0.98763082,FALSE
L-Rhamnose,MMP-1,delta_time2_vs_time1,30,27,0.473939911,"[0.13, 0.72]",0.009398378,0.913885443,FALSE
L-Alanine,IL-10,delta_time3_vs_time1,30,27,0.473339088,"[0.13, 0.72]",0.009501483,0.98763082,FALSE
Decanoic acid,sTNF-R1,delta_time3_vs_time1,30,27,0.471607296,"[0.13, 0.71]",0.009804004,0.98763082,FALSE
Leucine,IL-10,delta_time3_vs_time1,30,27,0.470547784,"[0.13, 0.71]",0.009993045,0.98763082,FALSE
3-OH-Butanoic Acid,IL-20,delta_time3_vs_time1,30,27,0.466704037,"[0.12, 0.71]",0.010704747,0.98763082,FALSE
Decanoic acid,Pentraxin-3,delta_time3_vs_time1,30,27,0.465383425,"[0.12, 0.71]",0.010958867,0.98763082,FALSE
Methyl galactoside,IFN-a2,delta_time3_vs_time1,30,27,0.460855202,"[0.11, 0.71]",0.011868908,0.98763082,FALSE
Aminomalonic acid,IL-19,delta_time3_vs_time1,30,27,0.460746036,"[0.11, 0.71]",0.011891604,0.98763082,FALSE
Leucine,IL-12(p70),delta_time3_vs_time1,30,27,0.456098311,"[0.11, 0.70]",0.012892081,0.98763082,FALSE
2-OH-Butanoic Acid,IFN-y,delta_time3_vs_time1,30,27,0.455177039,"[0.11, 0.70]",0.013098504,0.98763082,FALSE
Aminomalonic acid,IL-35,delta_time3_vs_time1,30,27,0.453697732,"[0.10, 0.70]",0.013435723,0.98763082,FALSE
Glutamic Acid,TSLP,delta_time2_vs_time1,30,27,0.452273302,"[0.10, 0.70]",0.013767235,0.913885443,FALSE
Glycerol,IL-28A/IFN-lambda2,delta_time3_vs_time1,30,27,0.451949332,"[0.10, 0.70]",0.013843576,0.98763082,FALSE
Tyrosine,IL-10,delta_time2_vs_time1,30,27,0.447850835,"[0.10, 0.70]",0.01484017,0.913885443,FALSE
Glutamine [-H2O],IL-12(p70),delta_time2_vs_time1,30,27,0.445013265,"[0.09, 0.70]",0.015564492,0.913885443,FALSE
beta-D-Xylopyranose,IFN-a2,delta_time3_vs_time1,30,27,0.444334005,"[0.09, 0.70]",0.015742162,0.98763082,FALSE
Glycerol,IFN-y,delta_time3_vs_time1,30,27,0.443016785,"[0.09, 0.70]",0.016091493,0.98763082,FALSE
Diethanolamine,IL-29/IFN-lambda1,delta_time2_vs_time1,30,27,0.442507843,"[0.09, 0.70]",0.016228175,0.913885443,FALSE
Arginine [-NH3],IL-29/IFN-lambda1,delta_time2_vs_time1,30,27,0.441665532,"[0.09, 0.70]",0.0164565,0.913885443,FALSE
Serine,IL-28A/IFN-lambda2,delta_time3_vs_time1,30,27,0.440031859,"[0.09, 0.69]",0.016906922,0.98763082,FALSE
Tyrosine,TWEAK/TNFSF12,delta_time2_vs_time1,30,27,0.438652112,"[0.09, 0.69]",0.017295234,0.913885443,FALSE
L-Alanine,TSLP,delta_time2_vs_time1,30,27,0.434998646,"[0.08, 0.69]",0.018359201,0.913885443,FALSE
"(R*,R*)-2,3-Dihydroxybutanoic acid",TSLP,delta_time2_vs_time1,30,27,0.434380944,"[0.08, 0.69]",0.018544316,0.913885443,FALSE
Butanoic acid,IL-20,delta_time2_vs_time1,30,27,0.434244515,"[0.08, 0.69]",0.018585409,0.913885443,FALSE
Aminomalonic acid,IL-12(p40),delta_time3_vs_time1,30,27,0.43327207,"[0.08, 0.69]",0.01888049,0.98763082,FALSE
Glyceraldehyde-3-P(MOX),IL-26,delta_time2_vs_time1,30,27,0.432025149,"[0.08, 0.69]",0.019264499,0.913885443,FALSE
Erythritol,MMP-2,delta_time2_vs_time1,30,27,0.431244318,"[0.08, 0.69]",0.019508228,0.913885443,FALSE
2-OH-Butanoic Acid,IL-12(p40),delta_time3_vs_time1,30,27,0.430907156,"[0.08, 0.69]",0.019614252,0.98763082,FALSE
Leucine,IL-11,delta_time3_vs_time1,30,27,0.430167596,"[0.08, 0.69]",0.019848476,0.98763082,FALSE
Glycerol,IL-12(p40),delta_time3_vs_time1,30,27,0.429771771,"[0.08, 0.69]",0.01997478,0.98763082,FALSE
Glutamic Acid,Pentraxin-3,delta_time3_vs_time1,30,27,0.428662826,"[0.07, 0.69]",0.020332157,0.98763082,FALSE
Threonine,IL-28A/IFN-lambda2,delta_time3_vs_time1,30,27,0.425142187,"[0.07, 0.68]",0.021501755,0.98763082,FALSE
3-OH-Butanoic Acid,TSLP,delta_time3_vs_time1,30,27,0.424553075,"[0.07, 0.68]",0.021702753,0.98763082,FALSE
Glutamine [-H2O],IL-26,delta_time2_vs_time1,30,27,0.422365297,"[0.07, 0.68]",0.022462737,0.985716153,FALSE
Proline,IL-10,delta_time3_vs_time1,30,27,0.422198937,"[0.07, 0.68]",0.022521407,0.98763082,FALSE
Lactic Acid.1,IL-28A/IFN-lambda2,delta_time2_vs_time1,30,27,0.41936285,"[0.06, 0.68]",0.023541086,0.985716153,FALSE
L-Rhamnose,IL-20,delta_time2_vs_time1,30,27,0.415051473,"[0.06, 0.68]",0.025163274,0.985716153,FALSE
Threonine,APRIL/TNFSF13,delta_time3_vs_time1,30,27,0.414887356,"[0.06, 0.68]",0.025226781,0.98763082,FALSE
Threonine,IL-29/IFN-lambda1,delta_time2_vs_time1,30,27,0.413218514,"[0.06, 0.68]",0.025880022,0.985716153,FALSE
2-Keto-3-methylvaleric acid,IL-12(p70),delta_time2_vs_time1,30,27,0.410844688,"[0.05, 0.68]",0.02683291,0.985716153,FALSE
beta-D-Xylopyranose,TSLP,delta_time2_vs_time1,30,27,0.410638782,"[0.05, 0.68]",0.026916892,0.985716153,FALSE
Ethyl alpha-D-glucopyranoside,IFN-a2,delta_time3_vs_time1,30,27,0.409765815,"[0.05, 0.67]",0.027275324,0.98763082,FALSE
2-OH-Butanoic Acid,IL-20,delta_time3_vs_time1,30,27,0.409734145,"[0.05, 0.67]",0.0272884,0.98763082,FALSE
beta-Alanine,IL-10,delta_time2_vs_time1,30,27,0.408852399,"[0.05, 0.67]",0.027654511,0.985716153,FALSE
Glycerol,IL-10,delta_time3_vs_time1,30,27,0.407440826,"[0.05, 0.67]",0.028248918,0.98763082,FALSE
2-OH-Butanoic Acid,IL-28A/IFN-lambda2,delta_time3_vs_time1,30,27,0.407117416,"[0.05, 0.67]",0.028386556,0.98763082,FALSE
Lactic Acid,IL-12(p40),delta_time2_vs_time1,30,27,0.402669457,"[0.04, 0.67]",0.030335397,0.999017505,FALSE
Ethyl alpha-D-glucopyranoside,IL-10,delta_time3_vs_time1,30,27,0.401394899,"[0.04, 0.67]",0.030913376,0.98763082,FALSE
Methionine,IFN-y,delta_time3_vs_time1,30,27,0.398568716,"[0.04, 0.67]",0.032226789,0.98763082,FALSE
Lactic Acid,Osteocalcin,delta_time3_vs_time1,30,27,0.396318235,"[0.03, 0.67]",0.033304585,0.98763082,FALSE
Leucine,IL-19,delta_time3_vs_time1,30,27,0.394035662,"[0.03, 0.66]",0.034427264,0.98763082,FALSE
Serine,IFN-y,delta_time3_vs_time1,30,27,0.393259675,"[0.03, 0.66]",0.034815802,0.98763082,FALSE
beta-D-Xylopyranose,IFN-y,delta_time3_vs_time1,30,27,0.392810484,"[0.03, 0.66]",0.03504232,0.98763082,FALSE
Threonine,IL-29/IFN-lambda1,delta_time3_vs_time1,30,27,0.392479053,"[0.03, 0.66]",0.035210214,0.98763082,FALSE
Lactic Acid,IL-12(p40),delta_time3_vs_time1,30,27,0.391414335,"[0.03, 0.66]",0.035753954,0.98763082,FALSE
"11-Eicosenoic acid, (E)-",IFN-a2,delta_time3_vs_time1,30,27,0.391169425,"[0.03, 0.66]",0.035879977,0.98763082,FALSE
Serine,IL-12(p70),delta_time2_vs_time1,30,27,0.391014394,"[0.03, 0.66]",0.035959936,0.999017505,FALSE
Erythritol,sCD30/TNFRSF8,delta_time2_vs_time1,30,27,0.389908963,"[0.03, 0.66]",0.036534231,0.999017505,FALSE
Asparagine,sTNF-R1,delta_time3_vs_time1,30,27,0.389860102,"[0.03, 0.66]",0.036559785,0.98763082,FALSE
Glutamine [-H2O],MMP-1,delta_time2_vs_time1,30,27,0.386631063,"[0.02, 0.66]",0.038280602,0.999017505,FALSE
Lactic Acid,IL-29/IFN-lambda1,delta_time3_vs_time1,30,27,0.380764976,"[0.02, 0.66]",0.041572454,0.98763082,FALSE
Indole-3-Latic Acid,IL-12(p70),delta_time2_vs_time1,30,27,0.37948941,"[0.02, 0.65]",0.042317321,0.999017505,FALSE
Tyrosine,IL-29/IFN-lambda1,delta_time2_vs_time1,30,27,0.379078158,"[0.01, 0.65]",0.042559727,0.999017505,FALSE
Citric acid,gp130/sIL-6Rb,delta_time3_vs_time1,30,27,0.376932738,"[0.01, 0.65]",0.043842323,0.98763082,FALSE
Citric acid,Chitinase 3-like1,delta_time3_vs_time1,30,27,0.376518526,"[0.01, 0.65]",0.044093458,0.98763082,FALSE
Tryptophan,IL-29/IFN-lambda1,delta_time2_vs_time1,30,27,0.37617191,"[0.01, 0.65]",0.044304489,0.999017505,FALSE
Ornithine,IL-10,delta_time2_vs_time1,30,27,0.375894969,"[0.01, 0.65]",0.044473676,0.999017505,FALSE
Ethyl alpha-D-glucopyranoside,IL-35,delta_time3_vs_time1,30,27,0.37585324,"[0.01, 0.65]",0.044499213,0.98763082,FALSE
Threonine,IL-10,delta_time3_vs_time1,30,27,0.375399847,"[0.01, 0.65]",0.044777434,0.98763082,FALSE
Ethyl alpha-D-glucopyranoside,TSLP,delta_time3_vs_time1,30,27,0.375267451,"[0.01, 0.65]",0.044858938,0.98763082,FALSE
L-Rhamnose,IL-35,delta_time2_vs_time1,30,27,0.375035163,"[0.01, 0.65]",0.045002221,0.999017505,FALSE
3-OH-Butanoic Acid,IFN-a2,delta_time3_vs_time1,30,27,0.374585187,"[0.01, 0.65]",0.045280816,0.98763082,FALSE
beta-Alanine,IL-20,delta_time2_vs_time1,30,27,0.373860729,"[0.01, 0.65]",0.045732232,0.999017505,FALSE
Ethyl alpha-D-glucopyranoside,IL-28A/IFN-lambda2,delta_time3_vs_time1,30,27,0.369094893,"[0.00, 0.65]",0.048791659,0.98763082,FALSE
Palmitelaidic acid,IL-35,delta_time3_vs_time1,30,27,0.368697201,"[0.00, 0.65]",0.049054106,0.98763082,FALSE
Erythritol,IL-20,delta_time2_vs_time1,30,27,0.367759263,"[0.00, 0.65]",0.049677498,0.999017505,FALSE
Erythritol,IL-10,delta_time2_vs_time1,30,27,0.367158174,"[0.00, 0.65]",0.050080289,0.999017505,FALSE
L-(+)-Erythrulose,sTNF-R1,delta_time3_vs_time1,30,27,0.366032711,"[-0.00, 0.65]",0.050841402,0.98763082,FALSE
L-5-Oxoproline,IL-10,delta_time3_vs_time1,30,27,0.365170098,"[-0.00, 0.65]",0.051430918,0.98763082,FALSE
Indole-3-Propionic Acid,Pentraxin-3,delta_time3_vs_time1,30,27,0.365109285,"[-0.00, 0.65]",0.051472681,0.98763082,FALSE
Lactic Acid,IL-12(p70),delta_time3_vs_time1,30,27,0.364720584,"[-0.00, 0.65]",0.05174025,0.98763082,FALSE
Lactic Acid,IL-20,delta_time3_vs_time1,30,27,0.364122627,"[-0.00, 0.64]",0.052154005,0.98763082,FALSE
Linoleic Acid,sTNF-R2,delta_time2_vs_time1,30,27,0.363963645,"[-0.00, 0.64]",0.05226445,0.999017505,FALSE
Aminomalonic acid,IFN-y,delta_time3_vs_time1,30,27,0.36383154,"[-0.00, 0.64]",0.052356364,0.98763082,FALSE
Lactic Acid,APRIL/TNFSF13,delta_time3_vs_time1,30,27,0.362522387,"[-0.00, 0.64]",0.05327413,0.98763082,FALSE
"Ethanolamine, 2TMS",IL-20,delta_time3_vs_time1,30,27,0.362400849,"[-0.00, 0.64]",0.053359971,0.98763082,FALSE
Serine,IL-20,delta_time2_vs_time1,30,27,0.360794201,"[-0.01, 0.64]",0.054505001,0.999017505,FALSE
Linoleic Acid,IL-10,delta_time2_vs_time1,30,27,0.360630578,"[-0.01, 0.64]",0.054622689,0.999017505,FALSE
Stearic Acid,IL-35,delta_time3_vs_time1,30,27,0.36022989,"[-0.01, 0.64]",0.054911731,0.98763082,FALSE
Methionine,IL-19,delta_time3_vs_time1,30,27,0.359368187,"[-0.01, 0.64]",0.055537404,0.98763082,FALSE
Citric acid,Pentraxin-3,delta_time3_vs_time1,30,27,0.358375269,"[-0.01, 0.64]",0.056265283,0.98763082,FALSE
2-Keto-3-methylvaleric acid,IL-28A/IFN-lambda2,delta_time3_vs_time1,30,27,0.358278607,"[-0.01, 0.64]",0.056336541,0.98763082,FALSE
beta-D-Xylopyranose,MMP-1,delta_time3_vs_time1,30,27,0.356812093,"[-0.01, 0.64]",0.05742635,0.98763082,FALSE
Serine,APRIL/TNFSF13,delta_time3_vs_time1,30,27,0.356472754,"[-0.01, 0.64]",0.057680863,0.98763082,FALSE
Methyl galactoside,IL-28A/IFN-lambda2,delta_time3_vs_time1,30,27,0.356233369,"[-0.01, 0.64]",0.057860938,0.98763082,FALSE
Lactic Acid,TSLP,delta_time2_vs_time1,30,27,0.355483209,"[-0.01, 0.64]",0.058428094,0.999017505,FALSE
"2,3,4-Trihydroxybutyric acid",IL-12(p40),delta_time3_vs_time1,30,27,0.354979101,"[-0.01, 0.64]",0.058811663,0.98763082,FALSE
Glycine,IL-10,delta_time3_vs_time1,30,27,0.354671456,"[-0.01, 0.64]",0.059046712,0.98763082,FALSE
Alanine,IL-10,delta_time3_vs_time1,30,27,0.354502374,"[-0.01, 0.64]",0.059176209,0.98763082,FALSE
Arginine [-NH3],IL-12(p70),delta_time2_vs_time1,30,27,0.354472465,"[-0.01, 0.64]",0.059199138,0.999017505,FALSE
Erythritol,MMP-3,delta_time2_vs_time1,30,27,0.354035194,"[-0.01, 0.64]",0.059535167,0.999017505,FALSE
Tyrosine,BAFF/TNFSF13B,delta_time2_vs_time1,30,27,0.353456551,"[-0.01, 0.64]",0.059982127,0.999017505,FALSE
Palmitic Acid,IL-12(p70),delta_time2_vs_time1,30,27,0.352219319,"[-0.02, 0.64]",0.060946599,0.999017505,FALSE
Phenylalanine,IL-12(p70),delta_time2_vs_time1,30,27,0.352036911,"[-0.02, 0.64]",0.061089813,0.999017505,FALSE
Oxalic acid,TSLP,delta_time2_vs_time1,30,27,0.351423914,"[-0.02, 0.64]",0.061573019,0.999017505,FALSE
Methionine,IL-12(p70),delta_time2_vs_time1,30,27,0.347538606,"[-0.02, 0.63]",0.064705421,0.999017505,FALSE
L-Rhamnose,IFN-a2,delta_time2_vs_time1,30,27,0.347462127,"[-0.02, 0.63]",0.064768301,0.999017505,FALSE
Leucine,IL-28A/IFN-lambda2,delta_time3_vs_time1,30,27,0.347395562,"[-0.02, 0.63]",0.064823068,0.98763082,FALSE
"2,3,4-Trihydroxybutyric acid",IL-29/IFN-lambda1,delta_time3_vs_time1,30,27,0.347033799,"[-0.02, 0.63]",0.065121341,0.98763082,FALSE
Threonine,MMP-1,delta_time3_vs_time1,30,27,0.345764099,"[-0.02, 0.63]",0.066176666,0.98763082,FALSE
Linoleic Acid,BAFF/TNFSF13B,delta_time2_vs_time1,30,27,0.345591242,"[-0.02, 0.63]",0.066321359,0.999017505,FALSE
Nonanoic acid,IL-20,delta_time2_vs_time1,30,27,0.345185833,"[-0.02, 0.63]",0.066661679,0.999017505,FALSE
Erythritol,IL-26,delta_time2_vs_time1,30,27,0.343877224,"[-0.03, 0.63]",0.067769446,0.999017505,FALSE
3-OH-Butanoic Acid,IL-35,delta_time3_vs_time1,30,27,0.342574841,"[-0.03, 0.63]",0.068886064,0.98763082,FALSE
Tryptophan,IL-10,delta_time2_vs_time1,30,27,0.342184824,"[-0.03, 0.63]",0.069223209,0.999017505,FALSE
Nonanoic acid,IL-10,delta_time3_vs_time1,30,27,0.342117649,"[-0.03, 0.63]",0.069281407,0.98763082,FALSE
Serine,MMP-1,delta_time3_vs_time1,30,27,0.341809169,"[-0.03, 0.63]",0.069549147,0.98763082,FALSE
Glycerol,IL-35,delta_time3_vs_time1,30,27,0.341604427,"[-0.03, 0.63]",0.069727291,0.98763082,FALSE
beta-Alanine,IL-19,delta_time3_vs_time1,30,27,0.341311016,"[-0.03, 0.63]",0.0699832,0.98763082,FALSE
Dodecanoic acid,TSLP,delta_time3_vs_time1,30,27,0.341231985,"[-0.03, 0.63]",0.070052254,0.98763082,FALSE
Arginine [-NH3],IFN-a2,delta_time2_vs_time1,30,27,0.340996893,"[-0.03, 0.63]",0.070257979,0.999017505,FALSE
Glutamine [-H2O],IL-11,delta_time2_vs_time1,30,27,0.339928982,"[-0.03, 0.63]",0.07119838,0.999017505,FALSE
"Ethanolamine, 2TMS",Osteopontin,delta_time2_vs_time1,30,27,0.339532912,"[-0.03, 0.63]",0.071549621,0.999017505,FALSE
Erythritol,sIL-6Ra,delta_time2_vs_time1,30,27,0.339285006,"[-0.03, 0.63]",0.071770149,0.999017505,FALSE
Serine,IL-29/IFN-lambda1,delta_time2_vs_time1,30,27,0.338159291,"[-0.03, 0.63]",0.072778151,0.999017505,FALSE
Butanoic acid,IL-10,delta_time2_vs_time1,30,27,0.337594719,"[-0.03, 0.63]",0.073287783,0.999017505,FALSE
Glyceraldehyde-3-P(MOX),IL-12(p40),delta_time3_vs_time1,30,27,0.337385738,"[-0.03, 0.63]",0.073477124,0.98763082,FALSE
L-Aspartic acid,IL-20,delta_time2_vs_time1,30,27,0.33690037,"[-0.03, 0.63]",0.073918333,0.999017505,FALSE
"Ethanolamine, 2TMS",TWEAK/TNFSF12,delta_time2_vs_time1,30,27,0.336576017,"[-0.03, 0.63]",0.074214313,0.999017505,FALSE
"Ethanolamine, 3TMS",IL-12(p70),delta_time2_vs_time1,30,27,0.336343803,"[-0.03, 0.63]",0.074426773,0.999017505,FALSE
2-Keto-3-methylvaleric acid,IFN-y,delta_time3_vs_time1,30,27,0.334773689,"[-0.04, 0.62]",0.075875645,0.98763082,FALSE
Asparagine,IL-12(p40),delta_time2_vs_time1,30,27,0.334134165,"[-0.04, 0.62]",0.076471967,0.999017505,FALSE
Serine,MMP-3,delta_time3_vs_time1,30,27,0.333248318,"[-0.04, 0.62]",0.077303915,0.98763082,FALSE
Cysteine,IL-10,delta_time3_vs_time1,30,27,0.332359377,"[-0.04, 0.62]",0.078145741,0.98763082,FALSE
Alanine,Osteopontin,delta_time3_vs_time1,30,27,0.331549311,"[-0.04, 0.62]",0.078918984,0.98763082,FALSE
Threonine,MMP-3,delta_time3_vs_time1,30,27,0.33140228,"[-0.04, 0.62]",0.079059959,0.98763082,FALSE
Aminomalonic acid,IL-12(p70),delta_time3_vs_time1,30,27,0.3309431,"[-0.04, 0.62]",0.079501468,0.98763082,FALSE
Campesterol,IFN-a2,delta_time3_vs_time1,30,27,0.33004844,"[-0.04, 0.62]",0.080367125,0.98763082,FALSE
Butanoic acid,IL-10,delta_time3_vs_time1,30,27,0.329983082,"[-0.04, 0.62]",0.080430646,0.98763082,FALSE
Glyceraldehyde-3-P(MOX),Osteocalcin,delta_time3_vs_time1,30,27,0.329827409,"[-0.04, 0.62]",0.080582098,0.98763082,FALSE
Glyceraldehyde-3-P(MOX),Chitinase 3-like1,delta_time3_vs_time1,30,27,0.329703186,"[-0.04, 0.62]",0.08070311,0.98763082,FALSE
L-Rhamnose,IL-28A/IFN-lambda2,delta_time2_vs_time1,30,27,0.328259603,"[-0.04, 0.62]",0.0821196,0.999017505,FALSE
Serine,IL-10,delta_time3_vs_time1,30,27,0.328214699,"[-0.04, 0.62]",0.082163964,0.98763082,FALSE
Linoleic Acid,IL-29/IFN-lambda1,delta_time2_vs_time1,30,27,0.327754247,"[-0.04, 0.62]",0.082619938,0.999017505,FALSE
Glyceraldehyde-3-P(MOX),IFN-a2,delta_time2_vs_time1,30,27,0.327481044,"[-0.04, 0.62]",0.082891397,0.999017505,FALSE
Tyrosine,MMP-1,delta_time2_vs_time1,30,27,0.327386881,"[-0.04, 0.62]",0.082985117,0.999017505,FALSE
3-OH-Butanoic Acid,IL-12(p70),delta_time3_vs_time1,30,27,0.32738165,"[-0.04, 0.62]",0.082990325,0.98763082,FALSE
Palmitic Acid,IFN-a2,delta_time3_vs_time1,30,27,0.327179587,"[-0.04, 0.62]",0.083191719,0.98763082,FALSE
Erythritol,TWEAK/TNFSF12,delta_time3_vs_time1,30,27,0.325940728,"[-0.05, 0.62]",0.084434649,0.98763082,FALSE
Glycerol,APRIL/TNFSF13,delta_time3_vs_time1,30,27,0.325367567,"[-0.05, 0.62]",0.085014466,0.98763082,FALSE
DL-Ornithine,IFN-y,delta_time2_vs_time1,30,27,0.32527593,"[-0.05, 0.62]",0.085107447,0.999017505,FALSE
"11-Eicosenoic acid, (E)-",IL-20,delta_time3_vs_time1,30,27,0.324693006,"[-0.05, 0.62]",0.085700743,0.98763082,FALSE
L-Norvaline,Osteopontin,delta_time3_vs_time1,30,27,0.324273317,"[-0.05, 0.62]",0.086129846,0.98763082,FALSE
L-Proline,IL-19,delta_time2_vs_time1,30,27,0.322683566,"[-0.05, 0.62]",0.087770112,0.999017505,FALSE
Arginine [-NH3],IL-11,delta_time2_vs_time1,30,27,0.321585737,"[-0.05, 0.62]",0.088916618,0.999017505,FALSE
Leucine,MMP-3,delta_time3_vs_time1,30,27,0.321375021,"[-0.05, 0.62]",0.089137972,0.98763082,FALSE
Serine,IL-19,delta_time3_vs_time1,30,27,0.320429919,"[-0.05, 0.61]",0.090135942,0.98763082,FALSE
Methyl galactoside,IL-20,delta_time3_vs_time1,30,27,0.319941354,"[-0.05, 0.61]",0.09065515,0.98763082,FALSE
Glyceraldehyde-3-P(MOX),IL-12(p40),delta_time2_vs_time1,30,27,0.319589425,"[-0.05, 0.61]",0.091030555,0.999017505,FALSE
Palmitelaidic acid,TSLP,delta_time3_vs_time1,30,27,0.318940044,"[-0.05, 0.61]",0.091726346,0.98763082,FALSE
Leucine,MMP-1,delta_time3_vs_time1,30,27,0.317906856,"[-0.06, 0.61]",0.092841671,0.98763082,FALSE
1-Monooleoylglycerol,TSLP,delta_time2_vs_time1,30,27,0.317541082,"[-0.06, 0.61]",0.093238973,0.999017505,FALSE
Doconexent,TSLP,delta_time2_vs_time1,30,27,0.317126412,"[-0.06, 0.61]",0.093690941,0.999017505,FALSE
Tyrosine,IL-35,delta_time2_vs_time1,30,27,0.317005785,"[-0.06, 0.61]",0.093822729,0.999017505,FALSE
Glyceraldehyde-3-P(MOX),IL-12(p70),delta_time2_vs_time1,30,27,0.316313004,"[-0.06, 0.61]",0.094582323,0.999017505,FALSE
Serine,IL-11,delta_time3_vs_time1,30,27,0.31531863,"[-0.06, 0.61]",0.095680705,0.98763082,FALSE
2-Keto-3-methylvaleric acid,MMP-1,delta_time3_vs_time1,30,27,0.315176577,"[-0.06, 0.61]",0.0958384,0.98763082,FALSE
Glyceraldehyde-3-P(MOX),APRIL/TNFSF13,delta_time3_vs_time1,30,27,0.31513453,"[-0.06, 0.61]",0.095885114,0.98763082,FALSE
Erythritol,Osteopontin,delta_time2_vs_time1,30,27,0.314967406,"[-0.06, 0.61]",0.096070959,0.999017505,FALSE
2-Keto-3-methylvaleric acid,IL-12(p70),delta_time3_vs_time1,30,27,0.314695922,"[-0.06, 0.61]",0.096373434,0.98763082,FALSE
Aminomalonic acid,IL-10,delta_time2_vs_time1,30,27,0.314267898,"[-0.06, 0.61]",0.096851776,0.999017505,FALSE
"11-Eicosenoic acid, (E)-",IL-10,delta_time3_vs_time1,30,27,0.314176566,"[-0.06, 0.61]",0.096954076,0.98763082,FALSE
Erythritol,IL-28A/IFN-lambda2,delta_time2_vs_time1,30,27,0.313851514,"[-0.06, 0.61]",0.097318826,0.999017505,FALSE
Palmitelaidic acid,APRIL/TNFSF13,delta_time2_vs_time1,30,27,0.312964617,"[-0.06, 0.61]",0.098319299,0.999017505,FALSE
Methionine,IL-11,delta_time3_vs_time1,30,27,0.311977363,"[-0.06, 0.61]",0.099442067,0.98763082,FALSE
Methionine,IL-12(p70),delta_time3_vs_time1,30,27,0.311779727,"[-0.06, 0.61]",0.099667986,0.98763082,FALSE
3-OH-Butanoic Acid,MMP-1,delta_time3_vs_time1,30,27,0.310694422,"[-0.06, 0.61]",0.100915489,0.98763082,FALSE
Proline,IL-29/IFN-lambda1,delta_time3_vs_time1,30,27,0.309672436,"[-0.06, 0.61]",0.1021009,0.98763082,FALSE
Indole-3-Propionic Acid,IL-12(p70),delta_time3_vs_time1,30,27,0.30927183,"[-0.06, 0.61]",0.102568406,0.98763082,FALSE
"2,3,4-Trihydroxybutyric acid",IL-10,delta_time3_vs_time1,30,27,0.308628173,"[-0.07, 0.61]",0.103322913,0.98763082,FALSE
Lactic Acid,MMP-3,delta_time3_vs_time1,30,27,0.308183538,"[-0.07, 0.61]",0.103846547,0.98763082,FALSE
Ethyl alpha-D-glucopyranoside,IL-20,delta_time3_vs_time1,30,27,0.307905207,"[-0.07, 0.61]",0.104175339,0.98763082,FALSE
Glycerol,IL-35,delta_time2_vs_time1,30,27,0.307828617,"[-0.07, 0.61]",0.104265953,0.999017505,FALSE
Arginine [-NH3],IL-20,delta_time2_vs_time1,30,27,0.307468133,"[-0.07, 0.61]",0.104693229,0.999017505,FALSE
Threonine,IL-20,delta_time3_vs_time1,30,27,0.307215704,"[-0.07, 0.61]",0.104993208,0.98763082,FALSE
L-Rhamnose,IL-35,delta_time3_vs_time1,30,27,0.307183895,"[-0.07, 0.61]",0.105031055,0.98763082,FALSE
3-OH-Butanoic Acid,IL-10,delta_time3_vs_time1,30,27,0.306507041,"[-0.07, 0.61]",0.105838803,0.98763082,FALSE
Lactic Acid.1,IL-28A/IFN-lambda2,delta_time3_vs_time1,30,27,0.305988197,"[-0.07, 0.60]",0.106461122,0.98763082,FALSE
Indole-3-Propionic Acid,IL-28A/IFN-lambda2,delta_time3_vs_time1,30,27,0.305650752,"[-0.07, 0.60]",0.106867332,0.98763082,FALSE
Serine,IL-29/IFN-lambda1,delta_time3_vs_time1,30,27,0.30521512,"[-0.07, 0.60]",0.107393446,0.98763082,FALSE
1-Monopalmitin,TSLP,delta_time2_vs_time1,30,27,0.304726322,"[-0.07, 0.60]",0.107986071,0.999017505,FALSE
"2,3,4-Trihydroxybutyric acid",IFN-a2,delta_time3_vs_time1,30,27,0.304409748,"[-0.07, 0.60]",0.10837119,0.98763082,FALSE
Erythritol,Osteocalcin,delta_time2_vs_time1,30,27,0.303900766,"[-0.07, 0.60]",0.108992523,0.999017505,FALSE
Aminomalonic acid,MMP-1,delta_time3_vs_time1,30,27,0.30309269,"[-0.07, 0.60]",0.109984423,0.98763082,FALSE
Threonine,IL-19,delta_time3_vs_time1,30,27,0.302993997,"[-0.07, 0.60]",0.110106026,0.98763082,FALSE
L-5-Oxoproline,IL-29/IFN-lambda1,delta_time2_vs_time1,30,27,0.302828132,"[-0.07, 0.60]",0.110310621,0.999017505,FALSE
1-Heptadecanol,IFN-a2,delta_time3_vs_time1,30,27,0.302771634,"[-0.07, 0.60]",0.110380376,0.98763082,FALSE
"Ethanolamine, 2TMS",IL-10,delta_time2_vs_time1,30,27,0.30161404,"[-0.07, 0.60]",0.111816833,0.999017505,FALSE
Threonine,IFN-y,delta_time3_vs_time1,30,27,0.301569653,"[-0.07, 0.60]",0.111872189,0.98763082,FALSE
1-Monopalmitin,IFN-a2,delta_time3_vs_time1,30,27,0.301345982,"[-0.07, 0.60]",0.11215144,0.98763082,FALSE
Arginine [-NH3],IL-10,delta_time2_vs_time1,30,27,0.301256439,"[-0.07, 0.60]",0.11226338,0.999017505,FALSE
L-Aspartic acid,IL-28A/IFN-lambda2,delta_time2_vs_time1,30,27,0.300907187,"[-0.07, 0.60]",0.112700777,0.999017505,FALSE
Butanoic acid,IL-29/IFN-lambda1,delta_time3_vs_time1,30,27,0.298533682,"[-0.08, 0.60]",0.115706942,0.98763082,FALSE
Stearic Acid,IL-29/IFN-lambda1,delta_time2_vs_time1,30,27,0.298291607,"[-0.08, 0.60]",0.11601685,0.999017505,FALSE
Glycerol-3-P,IL-10,delta_time3_vs_time1,30,27,0.298261417,"[-0.08, 0.60]",0.116055543,0.98763082,FALSE
2-OH-Butanoic Acid,Pentraxin-3,delta_time3_vs_time1,30,27,0.297809344,"[-0.08, 0.60]",0.116636084,0.98763082,FALSE
L-Proline,IL-35,delta_time2_vs_time1,30,27,0.297684761,"[-0.08, 0.60]",0.116796447,0.999017505,FALSE
3-OH-Butanoic Acid,IL-26,delta_time3_vs_time1,30,27,0.297193029,"[-0.08, 0.60]",0.117431,0.98763082,FALSE
L-Proline,IL-10,delta_time3_vs_time1,30,27,0.297030494,"[-0.08, 0.60]",0.117641303,0.98763082,FALSE
L-5-Oxoproline,IL-20,delta_time2_vs_time1,30,27,0.296626383,"[-0.08, 0.60]",0.118165386,0.999017505,FALSE
Lysine,IL-10,delta_time3_vs_time1,30,27,0.296150439,"[-0.08, 0.60]",0.118784841,0.98763082,FALSE
Tyrosine,MMP-3,delta_time2_vs_time1,30,27,0.295502298,"[-0.08, 0.60]",0.119632269,0.999017505,FALSE
2-OH-Butanoic Acid,IL-19,delta_time3_vs_time1,30,27,0.294948011,"[-0.08, 0.60]",0.120360522,0.98763082,FALSE
Serine,IL-20,delta_time3_vs_time1,30,27,0.294822374,"[-0.08, 0.60]",0.120526045,0.98763082,FALSE
Glycerol,Osteocalcin,delta_time3_vs_time1,30,27,0.294429842,"[-0.08, 0.60]",0.121044276,0.98763082,FALSE
Erythritol,MMP-2,delta_time3_vs_time1,30,27,0.29389957,"[-0.08, 0.60]",0.121746963,0.98763082,FALSE
Lactic Acid,IL-28A/IFN-lambda2,delta_time3_vs_time1,30,27,0.293710197,"[-0.08, 0.60]",0.121998637,0.98763082,FALSE
Stearic Acid,IL-10,delta_time2_vs_time1,30,27,0.292631993,"[-0.08, 0.60]",0.123438868,0.999017505,FALSE
"11-Eicosenoic acid, (E)-",sTNF-R1,delta_time2_vs_time1,30,27,0.292585951,"[-0.08, 0.60]",0.123500646,0.999017505,FALSE
L-Rhamnose,IFN-y,delta_time2_vs_time1,30,27,0.292251485,"[-0.08, 0.60]",0.123950113,0.999017505,FALSE
Indole-3-Latic Acid,IL-12(p40),delta_time2_vs_time1,30,27,0.292119689,"[-0.08, 0.59]",0.124127556,0.999017505,FALSE
Lactic Acid,MMP-1,delta_time2_vs_time1,30,27,0.29175112,"[-0.08, 0.59]",0.124624769,0.999017505,FALSE
"2,3,4-Trihydroxybutyric acid",IL-12(p70),delta_time3_vs_time1,30,27,0.29172698,"[-0.08, 0.59]",0.124657385,0.98763082,FALSE
Tyrosine,sIL-6Ra,delta_time2_vs_time1,30,27,0.291725576,"[-0.08, 0.59]",0.124659282,0.999017505,FALSE
Lactic Acid,IL-10,delta_time2_vs_time1,30,27,0.291260699,"[-0.08, 0.59]",0.125288631,0.999017505,FALSE
beta-D-Xylopyranose,APRIL/TNFSF13,delta_time3_vs_time1,30,27,0.291211303,"[-0.08, 0.59]",0.125355641,0.98763082,FALSE
L-Alanine,IL-29/IFN-lambda1,delta_time2_vs_time1,30,27,0.291107269,"[-0.08, 0.59]",0.125496857,0.999017505,FALSE
Proline,IL-28A/IFN-lambda2,delta_time3_vs_time1,30,27,0.291040262,"[-0.08, 0.59]",0.125587874,0.98763082,FALSE
Palmitic Acid,IL-28A/IFN-lambda2,delta_time3_vs_time1,30,27,0.290960172,"[-0.08, 0.59]",0.125696725,0.98763082,FALSE
Palmitic Acid,IL-20,delta_time3_vs_time1,30,27,0.290830635,"[-0.08, 0.59]",0.125872928,0.98763082,FALSE
1-Monooleoylglycerol,IL-20,delta_time2_vs_time1,30,27,0.288539,"[-0.09, 0.59]",0.129020194,0.999017505,FALSE
"11-Eicosenoic acid, (E)-",IFN-y,delta_time2_vs_time1,30,27,0.287718274,"[-0.09, 0.59]",0.130161257,0.999017505,FALSE
"11-Eicosenoic acid, (E)-",IL-35,delta_time3_vs_time1,30,27,0.287690111,"[-0.09, 0.59]",0.130200543,0.98763082,FALSE
Glutamine [-H2O],IFN-y,delta_time2_vs_time1,30,27,0.287329374,"[-0.09, 0.59]",0.130704519,0.999017505,FALSE
Phenylalanine,IL-10,delta_time2_vs_time1,30,27,0.287218411,"[-0.09, 0.59]",0.130859831,0.999017505,FALSE
Glycerol,TSLP,delta_time2_vs_time1,30,27,0.286896194,"[-0.09, 0.59]",0.131311589,0.999017505,FALSE
Butanoic acid,MMP-1,delta_time2_vs_time1,30,27,0.286742026,"[-0.09, 0.59]",0.13152814,0.999017505,FALSE
Diethanolamine,APRIL/TNFSF13,delta_time2_vs_time1,30,27,0.286667373,"[-0.09, 0.59]",0.131633095,0.999017505,FALSE
1-Heptadecanol,sTNF-R1,delta_time2_vs_time1,30,27,0.285797149,"[-0.09, 0.59]",0.132861063,0.999017505,FALSE
Threonine,TWEAK/TNFSF12,delta_time3_vs_time1,30,27,0.285456461,"[-0.09, 0.59]",0.133344076,0.98763082,FALSE
D-(-)-Ribofuranose,IL-35,delta_time3_vs_time1,30,27,0.285283994,"[-0.09, 0.59]",0.133589081,0.98763082,FALSE
Leucine,sCD30/TNFRSF8,delta_time3_vs_time1,30,27,0.285215643,"[-0.09, 0.59]",0.13368627,0.98763082,FALSE
Phenylalanine,MMP-1,delta_time2_vs_time1,30,27,0.284827713,"[-0.09, 0.59]",0.134238852,0.999017505,FALSE
Lactic Acid,IL-10,delta_time3_vs_time1,30,27,0.284539029,"[-0.09, 0.59]",0.134651145,0.98763082,FALSE
2-Aminoheptanedioic acid,sTNF-R1,delta_time3_vs_time1,30,27,0.284188227,"[-0.09, 0.59]",0.135153393,0.98763082,FALSE
beta-Alanine,MMP-1,delta_time2_vs_time1,30,27,0.284124199,"[-0.09, 0.59]",0.135245209,0.999017505,FALSE
2-OH-Butanoic Acid,IL-11,delta_time3_vs_time1,30,27,0.283631456,"[-0.09, 0.59]",0.13595333,0.98763082,FALSE
1-Monooleoylglycerol,IL-28A/IFN-lambda2,delta_time2_vs_time1,30,27,0.2835369,"[-0.09, 0.59]",0.136089526,0.999017505,FALSE
Threonine,IL-12(p70),delta_time2_vs_time1,30,27,0.283393387,"[-0.09, 0.59]",0.136296426,0.999017505,FALSE
"Ethanolamine, 2TMS",IFN-a2,delta_time3_vs_time1,30,27,0.283391436,"[-0.09, 0.59]",0.136299239,0.98763082,FALSE
Ornithine,MMP-3,delta_time2_vs_time1,30,27,0.281803507,"[-0.09, 0.59]",0.138603863,0.999017505,FALSE
Glycerol,sCD30/TNFRSF8,delta_time3_vs_time1,30,27,0.28149601,"[-0.09, 0.59]",0.139053397,0.98763082,FALSE
"Ethanolamine, 2TMS",sIL-6Ra,delta_time2_vs_time1,30,27,0.28138792,"[-0.09, 0.59]",0.139211666,0.999017505,FALSE
Serine,IL-12(p70),delta_time3_vs_time1,30,27,0.28011053,"[-0.10, 0.59]",0.141091984,0.98763082,FALSE
"2,3,4-Trihydroxybutyric acid",IL-29/IFN-lambda1,delta_time2_vs_time1,30,27,0.279423138,"[-0.10, 0.59]",0.142111411,0.999017505,FALSE
Aminomalonic acid,IL-20,delta_time2_vs_time1,30,27,0.279199148,"[-0.10, 0.59]",0.142444745,0.999017505,FALSE
Glutamic Acid,TWEAK/TNFSF12,delta_time2_vs_time1,30,27,0.278984371,"[-0.10, 0.59]",0.142764901,0.999017505,FALSE
"9-Hexadecenoic acid, (Z)-",IL-10,delta_time3_vs_time1,30,27,0.278867865,"[-0.10, 0.59]",0.142938787,0.98763082,FALSE
Linoleic Acid,sIL-6Ra,delta_time2_vs_time1,30,27,0.278724896,"[-0.10, 0.59]",0.143152378,0.999017505,FALSE
Glutamine [-H2O],IFN-a2,delta_time2_vs_time1,30,27,0.278302731,"[-0.10, 0.59]",0.14378443,0.999017505,FALSE
3-OH-Butanoic Acid,IL-28A/IFN-lambda2,delta_time3_vs_time1,30,27,0.278232431,"[-0.10, 0.59]",0.143889876,0.98763082,FALSE
Methionine,IL-28A/IFN-lambda2,delta_time3_vs_time1,30,27,0.278051864,"[-0.10, 0.58]",0.144160974,0.98763082,FALSE
"11-Eicosenoic acid, (E)-",Osteopontin,delta_time3_vs_time1,30,27,0.277637886,"[-0.10, 0.58]",0.144783901,0.98763082,FALSE
Palmitic Acid,IL-35,delta_time3_vs_time1,30,27,0.27728797,"[-0.10, 0.58]",0.145311946,0.98763082,FALSE
3-OH-Butanoic Acid,TWEAK/TNFSF12,delta_time3_vs_time1,30,27,0.277167141,"[-0.10, 0.58]",0.145494607,0.98763082,FALSE
beta-D-Xylopyranose,IL-28A/IFN-lambda2,delta_time3_vs_time1,30,27,0.276795887,"[-0.10, 0.58]",0.14605688,0.98763082,FALSE
Oleic Acid,IL-20,delta_time3_vs_time1,30,27,0.276764617,"[-0.10, 0.58]",0.146104312,0.98763082,FALSE
Indole-3-Propionic Acid,APRIL/TNFSF13,delta_time3_vs_time1,30,27,0.276682221,"[-0.10, 0.58]",0.146229343,0.98763082,FALSE
Butanoic acid,IL-28A/IFN-lambda2,delta_time2_vs_time1,30,27,0.276624832,"[-0.10, 0.58]",0.146316475,0.999017505,FALSE
"2,3,4-Trihydroxybutyric acid",IL-28A/IFN-lambda2,delta_time3_vs_time1,30,27,0.275156608,"[-0.10, 0.58]",0.148558367,0.98763082,FALSE
Aminomalonic acid,IL-10,delta_time3_vs_time1,30,27,0.27506543,"[-0.10, 0.58]",0.148698401,0.98763082,FALSE
Glyceraldehyde-3-P(MOX),gp130/sIL-6Rb,delta_time3_vs_time1,30,27,0.274868612,"[-0.10, 0.58]",0.149001007,0.98763082,FALSE
Linoleic Acid,MMP-2,delta_time2_vs_time1,30,27,0.27365759,"[-0.10, 0.58]",0.150872694,0.999017505,FALSE
Dodecanoic acid,Pentraxin-3,delta_time2_vs_time1,30,27,0.273274269,"[-0.10, 0.58]",0.151468638,0.999017505,FALSE
Lactic Acid,TWEAK/TNFSF12,delta_time2_vs_time1,30,27,0.272953093,"[-0.10, 0.58]",0.151969266,0.999017505,FALSE
2-Aminoheptanedioic acid,IFN-y,delta_time3_vs_time1,30,27,0.27285672,"[-0.10, 0.58]",0.152119717,0.98763082,FALSE
Phenylalanine,TSLP,delta_time2_vs_time1,30,27,0.272355768,"[-0.10, 0.58]",0.152903496,0.999017505,FALSE
Threonine,IL-12(p40),delta_time3_vs_time1,30,27,0.271834221,"[-0.11, 0.58]",0.15372257,0.98763082,FALSE
Leucine,IL-29/IFN-lambda1,delta_time3_vs_time1,30,27,0.27145189,"[-0.11, 0.58]",0.154325005,0.98763082,FALSE
"Ethanolamine, 2TMS",IL-28A/IFN-lambda2,delta_time3_vs_time1,30,27,0.271362417,"[-0.11, 0.58]",0.15446623,0.98763082,FALSE
Threonine,MMP-2,delta_time3_vs_time1,30,27,0.271349571,"[-0.11, 0.58]",0.154486514,0.98763082,FALSE
Glutamine [-H2O],IL-20,delta_time2_vs_time1,30,27,0.271293422,"[-0.11, 0.58]",0.154575195,0.999017505,FALSE
Oleic Acid,IL-28A/IFN-lambda2,delta_time3_vs_time1,30,27,0.271196929,"[-0.11, 0.58]",0.154727682,0.98763082,FALSE
beta-D-Xylopyranose,IL-35,delta_time3_vs_time1,30,27,0.270033771,"[-0.11, 0.58]",0.156574292,0.98763082,FALSE
Stearic Acid,APRIL/TNFSF13,delta_time2_vs_time1,30,27,0.269874589,"[-0.11, 0.58]",0.156828227,0.999017505,FALSE
beta-Alanine,IL-29/IFN-lambda1,delta_time3_vs_time1,30,27,0.269628557,"[-0.11, 0.58]",0.157221288,0.98763082,FALSE
Indole-3-Propionic Acid,IL-19,delta_time3_vs_time1,30,27,0.269513108,"[-0.11, 0.58]",0.157405971,0.98763082,FALSE
Serine,IL-10,delta_time2_vs_time1,30,27,0.269335993,"[-0.11, 0.58]",0.157689606,0.999017505,FALSE
Threonine,IL-20,delta_time2_vs_time1,30,27,0.268826438,"[-0.11, 0.58]",0.158507645,0.999017505,FALSE
2-Keto-3-methylvaleric acid,gp130/sIL-6Rb,delta_time3_vs_time1,30,27,0.268691078,"[-0.11, 0.58]",0.158725461,0.98763082,FALSE
Threonine,IL-11,delta_time3_vs_time1,30,27,0.268189631,"[-0.11, 0.58]",0.159534229,0.98763082,FALSE
"1,5-Anhydrohexitol",IL-20,delta_time3_vs_time1,30,27,0.268181496,"[-0.11, 0.58]",0.159547373,0.98763082,FALSE
2-OH-Butanoic Acid,IFN-a2,delta_time3_vs_time1,30,27,0.26740575,"[-0.11, 0.58]",0.160804408,0.98763082,FALSE
Linoleic Acid,Osteocalcin,delta_time2_vs_time1,30,27,0.267099877,"[-0.11, 0.58]",0.161301986,0.999017505,FALSE
Oleic Acid,IL-26,delta_time3_vs_time1,30,27,0.267042425,"[-0.11, 0.58]",0.161395567,0.98763082,FALSE
Diethanolamine,IL-20,delta_time2_vs_time1,30,27,0.266961061,"[-0.11, 0.58]",0.161528165,0.999017505,FALSE
Arginine [-NH3],IL-19,delta_time2_vs_time1,30,27,0.266949607,"[-0.11, 0.58]",0.161546838,0.999017505,FALSE
Ornithine,IL-28A/IFN-lambda2,delta_time2_vs_time1,30,27,0.266639842,"[-0.11, 0.58]",0.162052408,0.999017505,FALSE
Decanoic acid,gp130/sIL-6Rb,delta_time3_vs_time1,30,27,0.266259115,"[-0.11, 0.58]",0.162675339,0.98763082,FALSE
Glutamic Acid,gp130/sIL-6Rb,delta_time3_vs_time1,30,27,0.265996174,"[-0.11, 0.58]",0.163106545,0.98763082,FALSE
"1,5-Anhydrohexitol",IL-12(p70),delta_time3_vs_time1,30,27,0.265776339,"[-0.11, 0.58]",0.163467684,0.98763082,FALSE
Citric acid,sTNF-R2,delta_time3_vs_time1,30,27,0.264944206,"[-0.11, 0.58]",0.164839836,0.98763082,FALSE
DL-Ornithine,BAFF/TNFSF13B,delta_time3_vs_time1,30,27,0.264907118,"[-0.11, 0.58]",0.164901182,0.98763082,FALSE
Arginine [-NH3],MMP-1,delta_time2_vs_time1,30,27,0.264820004,"[-0.11, 0.58]",0.165045338,0.999017505,FALSE
Serine,MMP-1,delta_time2_vs_time1,30,27,0.264076458,"[-0.11, 0.57]",0.166279404,0.999017505,FALSE
Tyrosine,Pentraxin-3,delta_time2_vs_time1,30,27,0.26395357,"[-0.11, 0.57]",0.16648399,0.999017505,FALSE
3-OH-Butanoic Acid,sIL-6Ra,delta_time2_vs_time1,30,27,0.263927756,"[-0.11, 0.57]",0.166526988,0.999017505,FALSE
Arachidonic acid.1,IL-28A/IFN-lambda2,delta_time2_vs_time1,30,27,0.263705097,"[-0.11, 0.57]",0.166898197,0.999017505,FALSE
Valine,IL-11,delta_time3_vs_time1,30,27,0.263612935,"[-0.11, 0.57]",0.167052018,0.98763082,FALSE
Palmitelaidic acid,IFN-a2,delta_time3_vs_time1,30,27,0.263283255,"[-0.11, 0.57]",0.167603084,0.98763082,FALSE
Serine,TWEAK/TNFSF12,delta_time3_vs_time1,30,27,0.26268101,"[-0.11, 0.57]",0.168613071,0.98763082,FALSE
N-Acetylglutamine,Osteopontin,delta_time3_vs_time1,30,27,0.26228606,"[-0.12, 0.57]",0.169277748,0.98763082,FALSE
Oleic Acid,IFN-a2,delta_time3_vs_time1,30,27,0.261971999,"[-0.12, 0.57]",0.169807617,0.98763082,FALSE
Arginine [-NH3],IFN-y,delta_time2_vs_time1,30,27,0.26169011,"[-0.12, 0.57]",0.170284204,0.999017505,FALSE
Valine,IL-12(p70),delta_time2_vs_time1,30,27,0.261622196,"[-0.12, 0.57]",0.170399166,0.999017505,FALSE
Glyceraldehyde-3-P(MOX),sTNF-R2,delta_time3_vs_time1,30,27,0.26153066,"[-0.12, 0.57]",0.170554202,0.98763082,FALSE
"Ethanolamine, 2TMS",sCD163,delta_time2_vs_time1,30,27,0.261293793,"[-0.12, 0.57]",0.170955851,0.999017505,FALSE
Oxalic acid,MMP-1,delta_time2_vs_time1,30,27,0.261153442,"[-0.12, 0.57]",0.171194155,0.999017505,FALSE
"2-Ethyl-3-hydroxypropionic acid, di-",IL-10,delta_time3_vs_time1,30,27,0.261062379,"[-0.12, 0.57]",0.171348896,0.98763082,FALSE
beta-D-Xylopyranose,BAFF/TNFSF13B,delta_time3_vs_time1,30,27,0.260982441,"[-0.12, 0.57]",0.171484816,0.98763082,FALSE
N-Acetylglutamine,BAFF/TNFSF13B,delta_time3_vs_time1,30,27,0.260920854,"[-0.12, 0.57]",0.171589584,0.98763082,FALSE
Erythritol,sCD163,delta_time2_vs_time1,30,27,0.260493637,"[-0.12, 0.57]",0.172317588,0.999017505,FALSE
2-Keto-3-methylvaleric acid,IL-29/IFN-lambda1,delta_time3_vs_time1,30,27,0.260413055,"[-0.12, 0.57]",0.17245515,0.98763082,FALSE
Methionine,IL-12(p40),delta_time3_vs_time1,30,27,0.259999754,"[-0.12, 0.57]",0.173161908,0.98763082,FALSE
Lactic Acid,IL-35,delta_time3_vs_time1,30,27,0.259959727,"[-0.12, 0.57]",0.173230465,0.98763082,FALSE
Dodecanoic acid,IFN-a2,delta_time3_vs_time1,30,27,0.259607441,"[-0.12, 0.57]",0.173834663,0.98763082,FALSE
Lactic Acid.1,IL-19,delta_time3_vs_time1,30,27,0.257964868,"[-0.12, 0.57]",0.17667141,0.98763082,FALSE
Aminomalonic acid,IL-29/IFN-lambda1,delta_time3_vs_time1,30,27,0.257883413,"[-0.12, 0.57]",0.176812926,0.98763082,FALSE
Diethanolamine,IL-12(p70),delta_time2_vs_time1,30,27,0.257668871,"[-0.12, 0.57]",0.177186041,0.999017505,FALSE
Indole-3-Propionic Acid,IFN-y,delta_time3_vs_time1,30,27,0.25737887,"[-0.12, 0.57]",0.177691265,0.98763082,FALSE
Tyrosine,IL-20,delta_time2_vs_time1,30,27,0.25732901,"[-0.12, 0.57]",0.177778232,0.999017505,FALSE
Aminomalonic acid,IL-20,delta_time3_vs_time1,30,27,0.257185938,"[-0.12, 0.57]",0.178027943,0.98763082,FALSE
beta-Alanine,IL-10,delta_time3_vs_time1,30,27,0.257153606,"[-0.12, 0.57]",0.178084407,0.98763082,FALSE
2-OH-Butanoic Acid,IL-35,delta_time3_vs_time1,30,27,0.257039611,"[-0.12, 0.57]",0.178283589,0.98763082,FALSE
L-Proline,Pentraxin-3,delta_time2_vs_time1,30,27,0.256783912,"[-0.12, 0.57]",0.178730938,0.999017505,FALSE
"Ethanolamine, 2TMS",sTNF-R1,delta_time2_vs_time1,30,27,0.256614783,"[-0.12, 0.57]",0.179027262,0.999017505,FALSE
"11-Eicosenoic acid, (E)-",IL-12(p70),delta_time3_vs_time1,30,27,0.256400476,"[-0.12, 0.57]",0.179403237,0.98763082,FALSE
N-Acetylglutamine,Pentraxin-3,delta_time3_vs_time1,30,27,0.255764447,"[-0.12, 0.57]",0.180522329,0.98763082,FALSE
2-Keto-3-methylvaleric acid,IL-11,delta_time3_vs_time1,30,27,0.255367561,"[-0.12, 0.57]",0.18122312,0.98763082,FALSE
alpha-D-Glucopyranoside,TSLP,delta_time2_vs_time1,30,27,0.255073984,"[-0.12, 0.57]",0.181742721,0.999017505,FALSE
Glycerol,BAFF/TNFSF13B,delta_time3_vs_time1,30,27,0.254615118,"[-0.12, 0.57]",0.182556952,0.98763082,FALSE
Glycine,IL-10,delta_time2_vs_time1,30,27,0.254456363,"[-0.12, 0.57]",0.182839247,0.999017505,FALSE
N-Acetylglutamine,Chitinase 3-like1,delta_time3_vs_time1,30,27,0.254441512,"[-0.12, 0.57]",0.182865669,0.98763082,FALSE
Dodecanoic acid,IL-20,delta_time3_vs_time1,30,27,0.253571525,"[-0.12, 0.57]",0.184418235,0.98763082,FALSE
Nonanoic acid,IL-19,delta_time3_vs_time1,30,27,0.253294125,"[-0.12, 0.57]",0.184915209,0.98763082,FALSE
Lactic Acid.1,IL-29/IFN-lambda1,delta_time2_vs_time1,30,27,0.252872839,"[-0.13, 0.57]",0.185671743,0.999017505,FALSE
Glycerol,IL-29/IFN-lambda1,delta_time3_vs_time1,30,27,0.252592117,"[-0.13, 0.57]",0.186177055,0.98763082,FALSE
Glycerol,IL-20,delta_time3_vs_time1,30,27,0.252570098,"[-0.13, 0.57]",0.186216731,0.98763082,FALSE
Arachidonic acid.1,IL-20,delta_time3_vs_time1,30,27,0.252057475,"[-0.13, 0.57]",0.187142081,0.98763082,FALSE
Indole-3-Propionic Acid,sTNF-R1,delta_time3_vs_time1,30,27,0.25199449,"[-0.13, 0.57]",0.187255998,0.98763082,FALSE
DL-Ornithine,sIL-6Ra,delta_time3_vs_time1,30,27,0.251595953,"[-0.13, 0.57]",0.187977924,0.98763082,FALSE
Aminomalonic acid,IL-28A/IFN-lambda2,delta_time3_vs_time1,30,27,0.251366873,"[-0.13, 0.57]",0.188393763,0.98763082,FALSE
Asparagine,gp130/sIL-6Rb,delta_time3_vs_time1,30,27,0.250959449,"[-0.13, 0.57]",0.189134924,0.98763082,FALSE
Glyceric acid,IL-10,delta_time3_vs_time1,30,27,0.250641143,"[-0.13, 0.57]",0.189715376,0.98763082,FALSE
Lactic Acid,TWEAK/TNFSF12,delta_time3_vs_time1,30,27,0.250559316,"[-0.13, 0.57]",0.189864794,0.98763082,FALSE
Butanoic acid,IL-28A/IFN-lambda2,delta_time3_vs_time1,30,27,0.249700961,"[-0.13, 0.56]",0.191437083,0.990497156,FALSE
beta-Alanine,Osteopontin,delta_time3_vs_time1,30,27,0.249223495,"[-0.13, 0.56]",0.19231558,0.992619405,FALSE
Diethanolamine,MMP-1,delta_time2_vs_time1,30,27,0.248862019,"[-0.13, 0.56]",0.192982521,0.999017505,FALSE
Valine,TSLP,delta_time2_vs_time1,30,27,0.248736564,"[-0.13, 0.56]",0.193214367,0.999017505,FALSE
Proline,IL-11,delta_time3_vs_time1,30,27,0.247598013,"[-0.13, 0.56]",0.19532727,0.992619405,FALSE
Oxalic acid,IL-29/IFN-lambda1,delta_time2_vs_time1,30,27,0.247553901,"[-0.13, 0.56]",0.195409452,0.999017505,FALSE
D-(-)-Ribofuranose,IL-10,delta_time3_vs_time1,30,27,0.247484785,"[-0.13, 0.56]",0.195538266,0.992619405,FALSE
L-Alanine,IL-10,delta_time2_vs_time1,30,27,0.247136049,"[-0.13, 0.56]",0.196189113,0.999017505,FALSE
beta-Alanine,TWEAK/TNFSF12,delta_time3_vs_time1,30,27,0.246997705,"[-0.13, 0.56]",0.19644772,0.992619405,FALSE
beta-D-Xylopyranose,IL-28A/IFN-lambda2,delta_time2_vs_time1,30,27,0.246872124,"[-0.13, 0.56]",0.196682671,0.999017505,FALSE
"2,3,4-Trihydroxybutyric acid",APRIL/TNFSF13,delta_time3_vs_time1,30,27,0.24683882,"[-0.13, 0.56]",0.196745012,0.992619405,FALSE
Lactic Acid,IFN-y,delta_time3_vs_time1,30,27,0.246738078,"[-0.13, 0.56]",0.196933676,0.992619405,FALSE
1-Monooleoylglycerol,IL-11,delta_time2_vs_time1,30,27,0.245982285,"[-0.13, 0.56]",0.19835305,0.999017505,FALSE
L-Proline,IFN-y,delta_time2_vs_time1,30,27,0.245782292,"[-0.13, 0.56]",0.198729813,0.999017505,FALSE
Indole-3-Propionic Acid,IL-12(p40),delta_time2_vs_time1,30,27,0.245486131,"[-0.13, 0.56]",0.19928865,0.999017505,FALSE
Aminomalonic acid,TSLP,delta_time2_vs_time1,30,27,0.245197564,"[-0.13, 0.56]",0.1998342,0.999017505,FALSE
Lactic Acid.1,IL-11,delta_time2_vs_time1,30,27,0.244926138,"[-0.13, 0.56]",0.200348281,0.999017505,FALSE
"Ethanolamine, 3TMS",IL-35,delta_time2_vs_time1,30,27,0.244669091,"[-0.13, 0.56]",0.200835967,0.999017505,FALSE
Methyl galactoside,sTNF-R1,delta_time2_vs_time1,30,27,0.24440917,"[-0.13, 0.56]",0.201329937,0.999017505,FALSE
Cysteine,IL-10,delta_time2_vs_time1,30,27,0.243366579,"[-0.14, 0.56]",0.203319734,0.999017505,FALSE
Lactic Acid,IL-29/IFN-lambda1,delta_time2_vs_time1,30,27,0.243187985,"[-0.14, 0.56]",0.203661932,0.999017505,FALSE
Lactic Acid,sTNF-R2,delta_time3_vs_time1,30,27,0.242104464,"[-0.14, 0.56]",0.20574651,0.992619405,FALSE
Tryptophan,IL-20,delta_time2_vs_time1,30,27,0.241987812,"[-0.14, 0.56]",0.205971803,0.999017505,FALSE
Glycerol,MMP-1,delta_time3_vs_time1,30,27,0.241779091,"[-0.14, 0.56]",0.206375336,0.992619405,FALSE
L-Rhamnose,IL-10,delta_time2_vs_time1,30,27,0.24154371,"[-0.14, 0.56]",0.206831059,0.999017505,FALSE
beta-Alanine,IFN-y,delta_time3_vs_time1,30,27,0.241459745,"[-0.14, 0.56]",0.206993793,0.992619405,FALSE
"2,3-Butanediol",IFN-a2,delta_time2_vs_time1,30,27,0.241078009,"[-0.14, 0.56]",0.207734738,0.999017505,FALSE
3-OH-Butanoic Acid,gp130/sIL-6Rb,delta_time2_vs_time1,30,27,0.240873524,"[-0.14, 0.56]",0.208132389,0.999017505,FALSE
Methionine,IL-20,delta_time3_vs_time1,30,27,0.239805188,"[-0.14, 0.56]",0.210218374,0.992619405,FALSE
Serine,TSLP,delta_time3_vs_time1,30,27,0.239637433,"[-0.14, 0.56]",0.210547217,0.992619405,FALSE
Indole-3-Latic Acid,sTNF-R1,delta_time3_vs_time1,30,27,0.239243365,"[-0.14, 0.56]",0.211321071,0.992619405,FALSE
Leucine,IL-20,delta_time3_vs_time1,30,27,0.239200221,"[-0.14, 0.56]",0.211405914,0.992619405,FALSE
Palmitic Acid,IL-12(p70),delta_time3_vs_time1,30,27,0.239184025,"[-0.14, 0.56]",0.211437768,0.992619405,FALSE
Lactic Acid,IFN-y,delta_time2_vs_time1,30,27,0.239009725,"[-0.14, 0.56]",0.211780798,0.999017505,FALSE
2-Keto-3-methylvaleric acid,IFN-y,delta_time2_vs_time1,30,27,0.238776069,"[-0.14, 0.56]",0.212241238,0.999017505,FALSE
L-Alanine,IL-29/IFN-lambda1,delta_time3_vs_time1,30,27,0.238681377,"[-0.14, 0.56]",0.212428032,0.992619405,FALSE
Stearic Acid,IFN-a2,delta_time3_vs_time1,30,27,0.238248228,"[-0.14, 0.56]",0.213283905,0.992619405,FALSE
Linoleic Acid,TWEAK/TNFSF12,delta_time2_vs_time1,30,27,0.238175133,"[-0.14, 0.56]",0.213428567,0.999017505,FALSE
1-Monopalmitin,IL-28A/IFN-lambda2,delta_time2_vs_time1,30,27,0.238092405,"[-0.14, 0.56]",0.213592374,0.999017505,FALSE
Lactic Acid.1,IL-10,delta_time2_vs_time1,30,27,0.238031922,"[-0.14, 0.56]",0.213712188,0.999017505,FALSE
Ornithine,IL-11,delta_time3_vs_time1,30,27,0.237936033,"[-0.14, 0.56]",0.213902235,0.992619405,FALSE
Linoleic Acid,IL-35,delta_time3_vs_time1,30,27,0.23743851,"[-0.14, 0.56]",0.214890142,0.992619405,FALSE
1H-Indole-3-Acetic Acid,sTNF-R1,delta_time3_vs_time1,30,27,0.23725707,"[-0.14, 0.56]",0.215251188,0.992619405,FALSE
Arachidonic acid,IL-35,delta_time3_vs_time1,30,27,0.237256083,"[-0.14, 0.56]",0.215253153,0.992619405,FALSE
2-OH-Butanoic Acid,IL-12(p40),delta_time2_vs_time1,30,27,0.235531501,"[-0.14, 0.55]",0.2187055,0.999017505,FALSE
Ascorbic Acid,IFN-a2,delta_time2_vs_time1,30,27,0.235499394,"[-0.14, 0.55]",0.218770127,0.999017505,FALSE
Valine,IL-29/IFN-lambda1,delta_time2_vs_time1,30,27,0.235395984,"[-0.14, 0.55]",0.218978365,0.999017505,FALSE
Glyceraldehyde-3-P(MOX),MMP-1,delta_time2_vs_time1,30,27,0.235168578,"[-0.14, 0.55]",0.219436764,0.999017505,FALSE
Linoleic Acid,MMP-1,delta_time2_vs_time1,30,27,0.235062147,"[-0.14, 0.55]",0.219651529,0.999017505,FALSE
Glyceraldehyde-3-P(MOX),MMP-1,delta_time3_vs_time1,30,27,0.235019937,"[-0.14, 0.55]",0.219736745,0.992619405,FALSE
Serine,IL-12(p40),delta_time3_vs_time1,30,27,0.234764207,"[-0.14, 0.55]",0.220253492,0.992619405,FALSE
"2,3,4-Trihydroxybutyric acid",APRIL/TNFSF13,delta_time2_vs_time1,30,27,0.234057328,"[-0.14, 0.55]",0.221686144,0.999017505,FALSE
beta-Alanine,IFN-a2,delta_time3_vs_time1,30,27,0.233458466,"[-0.15, 0.55]",0.222904792,0.992619405,FALSE
2-Keto-3-methylvaleric acid,IL-19,delta_time3_vs_time1,30,27,0.233393831,"[-0.15, 0.55]",0.223036589,0.992619405,FALSE
Butanoic acid,IL-35,delta_time3_vs_time1,30,27,0.233381952,"[-0.15, 0.55]",0.223060818,0.992619405,FALSE
Glycerol-3-P,IFN-a2,delta_time3_vs_time1,30,27,0.233229251,"[-0.15, 0.55]",0.223372424,0.992619405,FALSE
Glyceraldehyde-3-P(MOX),MMP-2,delta_time3_vs_time1,30,27,0.233033857,"[-0.15, 0.55]",0.22377158,0.992619405,FALSE
Methyl galactoside,Osteopontin,delta_time3_vs_time1,30,27,0.232944868,"[-0.15, 0.55]",0.223953527,0.992619405,FALSE
L-Rhamnose,APRIL/TNFSF13,delta_time2_vs_time1,30,27,0.23197438,"[-0.15, 0.55]",0.225944273,0.999017505,FALSE
2-OH-Butanoic Acid,APRIL/TNFSF13,delta_time3_vs_time1,30,27,0.231520011,"[-0.15, 0.55]",0.226880394,0.992619405,FALSE
L-Aspartic acid,Osteopontin,delta_time3_vs_time1,30,27,0.23131993,"[-0.15, 0.55]",0.227293441,0.992619405,FALSE
beta-D-Xylopyranose,IL-12(p70),delta_time3_vs_time1,30,27,0.231193763,"[-0.15, 0.55]",0.22755416,0.992619405,FALSE
Ornithine,TWEAK/TNFSF12,delta_time2_vs_time1,30,27,0.230849573,"[-0.15, 0.55]",0.228266433,0.999017505,FALSE
Erythritol,MMP-1,delta_time2_vs_time1,30,27,0.230609779,"[-0.15, 0.55]",0.228763552,0.999017505,FALSE
"2,3,4-Trihydroxybutyric acid",IL-11,delta_time3_vs_time1,30,27,0.230386799,"[-0.15, 0.55]",0.229226467,0.992619405,FALSE
Dodecanoic acid,gp130/sIL-6Rb,delta_time2_vs_time1,30,27,0.229936262,"[-0.15, 0.55]",0.230163714,0.999017505,FALSE
Threonine,IL-35,delta_time3_vs_time1,30,27,0.229847772,"[-0.15, 0.55]",0.2303481,0.992619405,FALSE
"Ethanolamine, 2TMS",MMP-2,delta_time2_vs_time1,30,27,0.229823505,"[-0.15, 0.55]",0.230398682,0.999017505,FALSE
Glycerol,sIL-6Ra,delta_time3_vs_time1,30,27,0.228275116,"[-0.15, 0.55]",0.233641563,0.992619405,FALSE
Cysteine,TSLP,delta_time2_vs_time1,30,27,0.228265597,"[-0.15, 0.55]",0.233661591,0.999017505,FALSE
Linoleic Acid,IL-10,delta_time3_vs_time1,30,27,0.227988216,"[-0.15, 0.55]",0.234245766,0.992619405,FALSE
Glycerol,IL-19,delta_time3_vs_time1,30,27,0.226727807,"[-0.15, 0.55]",0.236912519,0.992619405,FALSE
Glycerol,TWEAK/TNFSF12,delta_time3_vs_time1,30,27,0.226574014,"[-0.15, 0.55]",0.237239293,0.992619405,FALSE
Palmitelaidic acid,Pentraxin-3,delta_time2_vs_time1,30,27,0.226108418,"[-0.15, 0.55]",0.2382304,0.999017505,FALSE
Erythritol,BAFF/TNFSF13B,delta_time2_vs_time1,30,27,0.225349048,"[-0.15, 0.55]",0.239852765,0.999017505,FALSE
"11-Eicosenoic acid, (E)-",gp130/sIL-6Rb,delta_time2_vs_time1,30,27,0.225268949,"[-0.15, 0.55]",0.240024323,0.999017505,FALSE
Nonanoic acid,TSLP,delta_time2_vs_time1,30,27,0.224996669,"[-0.15, 0.55]",0.2406081,0.999017505,FALSE
Palmitelaidic acid,sCD163,delta_time2_vs_time1,30,27,0.224868432,"[-0.15, 0.55]",0.240883372,0.999017505,FALSE
2-OH-Butanoic Acid,IL-12(p70),delta_time2_vs_time1,30,27,0.224523858,"[-0.15, 0.55]",0.241624063,0.999017505,FALSE
"Ethanolamine, 2TMS",IL-26,delta_time3_vs_time1,30,27,0.224408695,"[-0.15, 0.55]",0.241871953,0.992619405,FALSE
Glycerol,Chitinase 3-like1,delta_time3_vs_time1,30,27,0.224400865,"[-0.15, 0.55]",0.241888813,0.992619405,FALSE
Ornithine,TSLP,delta_time2_vs_time1,30,27,0.224312189,"[-0.15, 0.55]",0.242079813,0.999017505,FALSE
Glutamine [-H2O],IL-19,delta_time2_vs_time1,30,27,0.224117099,"[-0.16, 0.55]",0.242500372,0.999017505,FALSE
Glyceraldehyde-3-P(MOX),IL-19,delta_time3_vs_time1,30,27,0.223906216,"[-0.16, 0.55]",0.242955521,0.992619405,FALSE
beta-Alanine,IL-28A/IFN-lambda2,delta_time2_vs_time1,30,27,0.223329541,"[-0.16, 0.55]",0.244203046,0.999017505,FALSE
Serine,sCD30/TNFRSF8,delta_time3_vs_time1,30,27,0.222514433,"[-0.16, 0.54]",0.2459736,0.992619405,FALSE
Diethanolamine,IL-35,delta_time2_vs_time1,30,27,0.222418147,"[-0.16, 0.54]",0.246183307,0.999017505,FALSE
"11-Eicosenoic acid, (E)-",IL-28A/IFN-lambda2,delta_time3_vs_time1,30,27,0.222308948,"[-0.16, 0.54]",0.246421283,0.992619405,FALSE
beta-D-Xylopyranose,sTNF-R1,delta_time3_vs_time1,30,27,0.221961846,"[-0.16, 0.54]",0.247178728,0.992619405,FALSE
3-OH-Butanoic Acid,Osteocalcin,delta_time3_vs_time1,30,27,0.221800959,"[-0.16, 0.54]",0.247530335,0.992619405,FALSE
3-OH-Butanoic Acid,IL-26,delta_time2_vs_time1,30,27,0.221635609,"[-0.16, 0.54]",0.247892041,0.999017505,FALSE
Methionine,MMP-1,delta_time2_vs_time1,30,27,0.221451546,"[-0.16, 0.54]",0.24829509,0.999017505,FALSE
"(R*,R*)-2,3-Dihydroxybutanoic acid",MMP-1,delta_time2_vs_time1,30,27,0.221202815,"[-0.16, 0.54]",0.248840433,0.999017505,FALSE
Palmitic Acid,IL-19,delta_time2_vs_time1,30,27,0.22114347,"[-0.16, 0.54]",0.248970664,0.999017505,FALSE
Leucine,IL-12(p40),delta_time3_vs_time1,30,27,0.2208144,"[-0.16, 0.54]",0.249693612,0.992619405,FALSE
DL-Ornithine,sTNF-R1,delta_time3_vs_time1,30,27,0.218941385,"[-0.16, 0.54]",0.253834847,0.992619405,FALSE
2-OH-Butanoic Acid,gp130/sIL-6Rb,delta_time3_vs_time1,30,27,0.218874929,"[-0.16, 0.54]",0.253982605,0.992619405,FALSE
DL-Ornithine,TSLP,delta_time3_vs_time1,30,27,0.218871846,"[-0.16, 0.54]",0.253989461,0.992619405,FALSE
Glutamic Acid,IL-12(p70),delta_time2_vs_time1,30,27,0.218808091,"[-0.16, 0.54]",0.254131269,0.999017505,FALSE
"2-Ethyl-3-hydroxypropionic acid, di-",IL-20,delta_time3_vs_time1,30,27,0.218680119,"[-0.16, 0.54]",0.254416068,0.992619405,FALSE
3-OH-Butanoic Acid,Osteocalcin,delta_time2_vs_time1,30,27,0.218464038,"[-0.16, 0.54]",0.254897428,0.999017505,FALSE
Campesterol,MMP-1,delta_time3_vs_time1,30,27,0.218252544,"[-0.16, 0.54]",0.255369148,0.992619405,FALSE
Indole-3-Propionic Acid,IFN-a2,delta_time3_vs_time1,30,27,0.218234822,"[-0.16, 0.54]",0.255408701,0.992619405,FALSE
"Ethanolamine, 2TMS",sTNF-R2,delta_time2_vs_time1,30,27,0.21801422,"[-0.16, 0.54]",0.255901394,0.999017505,FALSE
Stearic Acid,IL-20,delta_time3_vs_time1,30,27,0.21792361,"[-0.16, 0.54]",0.256103944,0.992619405,FALSE
Threonine,MMP-1,delta_time2_vs_time1,30,27,0.217718891,"[-0.16, 0.54]",0.25656196,0.999017505,FALSE
Indole-3-Latic Acid,IFN-y,delta_time2_vs_time1,30,27,0.217602106,"[-0.16, 0.54]",0.25682348,0.999017505,FALSE
Stearic Acid,IL-10,delta_time3_vs_time1,30,27,0.217336429,"[-0.16, 0.54]",0.25741907,0.992619405,FALSE
Erythritol,IFN-a2,delta_time2_vs_time1,30,27,0.217306007,"[-0.16, 0.54]",0.257487329,0.999017505,FALSE
D-(-)-Ribofuranose,IL-10,delta_time2_vs_time1,30,27,0.21727742,"[-0.16, 0.54]",0.257551479,0.999017505,FALSE
Methyl galactoside,IL-10,delta_time3_vs_time1,30,27,0.216961079,"[-0.16, 0.54]",0.258262065,0.992619405,FALSE
Palmitic Acid,MMP-1,delta_time2_vs_time1,30,27,0.216866812,"[-0.16, 0.54]",0.258474061,0.999017505,FALSE
Valine,IL-28A/IFN-lambda2,delta_time3_vs_time1,30,27,0.216809108,"[-0.16, 0.54]",0.258603887,0.992619405,FALSE
Asparagine,Pentraxin-3,delta_time3_vs_time1,30,27,0.216687509,"[-0.16, 0.54]",0.258877607,0.992619405,FALSE
Alanine,sIL-6Ra,delta_time3_vs_time1,30,27,0.216614662,"[-0.16, 0.54]",0.259041679,0.992619405,FALSE
DL-Ornithine,IL-12(p40),delta_time2_vs_time1,30,27,0.216294313,"[-0.16, 0.54]",0.259763993,0.999017505,FALSE
"11-Eicosenoic acid, (E)-",Pentraxin-3,delta_time2_vs_time1,30,27,0.21588726,"[-0.16, 0.54]",0.260683701,0.999017505,FALSE
L-Aspartic acid,IL-10,delta_time2_vs_time1,30,27,0.215131725,"[-0.16, 0.54]",0.262396403,0.999017505,FALSE
1-Monooleoylglycerol,IL-29/IFN-lambda1,delta_time2_vs_time1,30,27,0.215008052,"[-0.16, 0.54]",0.262677449,0.999017505,FALSE
N-Acetylglutamine,TWEAK/TNFSF12,delta_time3_vs_time1,30,27,0.214958294,"[-0.16, 0.54]",0.262790579,0.992619405,FALSE
Glyceraldehyde-3-P(MOX),TWEAK/TNFSF12,delta_time2_vs_time1,30,27,0.214768619,"[-0.16, 0.54]",0.263222119,0.999017505,FALSE
Oleic Acid,IL-35,delta_time3_vs_time1,30,27,0.214743108,"[-0.16, 0.54]",0.263280195,0.992619405,FALSE
Methyl galactoside,BAFF/TNFSF13B,delta_time3_vs_time1,30,27,0.214488795,"[-0.16, 0.54]",0.263859602,0.992619405,FALSE
1-Monopalmitin,IL-35,delta_time3_vs_time1,30,27,0.214424843,"[-0.17, 0.54]",0.264005435,0.992619405,FALSE
Lactic Acid.1,gp130/sIL-6Rb,delta_time3_vs_time1,30,27,0.214397701,"[-0.17, 0.54]",0.264067344,0.992619405,FALSE
Citric acid,sCD30/TNFRSF8,delta_time3_vs_time1,30,27,0.213790863,"[-0.17, 0.54]",0.265453974,0.992619405,FALSE
Indole-3-Propionic Acid,BAFF/TNFSF13B,delta_time3_vs_time1,30,27,0.213355593,"[-0.17, 0.54]",0.266451477,0.992619405,FALSE
beta-D-Xylopyranose,IL-10,delta_time3_vs_time1,30,27,0.212762183,"[-0.17, 0.54]",0.267815298,0.992619405,FALSE
L-Aspartic acid,MMP-1,delta_time2_vs_time1,30,27,0.212601359,"[-0.17, 0.54]",0.268185696,0.999017505,FALSE
Methyl galactoside,IL-29/IFN-lambda1,delta_time3_vs_time1,30,27,0.212586564,"[-0.17, 0.54]",0.268219786,0.992619405,FALSE
Serine,MMP-2,delta_time3_vs_time1,30,27,0.212348378,"[-0.17, 0.54]",0.268769011,0.992619405,FALSE
Asparagine,APRIL/TNFSF13,delta_time3_vs_time1,30,27,0.212344066,"[-0.17, 0.54]",0.268778962,0.992619405,FALSE
Ornithine,IFN-y,delta_time3_vs_time1,30,27,0.212243013,"[-0.17, 0.54]",0.269012201,0.992619405,FALSE
3-OH-Butanoic Acid,APRIL/TNFSF13,delta_time3_vs_time1,30,27,0.212200241,"[-0.17, 0.54]",0.269110963,0.992619405,FALSE
Aminomalonic acid,IL-11,delta_time3_vs_time1,30,27,0.212169244,"[-0.17, 0.54]",0.269182551,0.992619405,FALSE
Lactic Acid,IFN-a2,delta_time3_vs_time1,30,27,0.212057518,"[-0.17, 0.54]",0.269440682,0.992619405,FALSE
Palmitelaidic acid,sCD30/TNFRSF8,delta_time2_vs_time1,30,27,0.211972735,"[-0.17, 0.54]",0.269636673,0.999017505,FALSE
Glutamic Acid,sTNF-R1,delta_time3_vs_time1,30,27,0.211897782,"[-0.17, 0.54]",0.269810017,0.992619405,FALSE
Palmitelaidic acid,Osteopontin,delta_time2_vs_time1,30,27,0.211741987,"[-0.17, 0.54]",0.270170554,0.999017505,FALSE
Valine,MMP-1,delta_time2_vs_time1,30,27,0.211215158,"[-0.17, 0.54]",0.271392033,0.999017505,FALSE
Asparagine,Chitinase 3-like1,delta_time3_vs_time1,30,27,0.211134245,"[-0.17, 0.54]",0.271579951,0.992619405,FALSE
Glutamine [-H2O],IL-29/IFN-lambda1,delta_time2_vs_time1,30,27,0.211021873,"[-0.17, 0.54]",0.271841069,0.999017505,FALSE
Linoleic Acid,TSLP,delta_time2_vs_time1,30,27,0.210961187,"[-0.17, 0.54]",0.271982151,0.999017505,FALSE
Leucine,sCD163,delta_time3_vs_time1,30,27,0.210318865,"[-0.17, 0.54]",0.273478323,0.992619405,FALSE
Glycerol,sTNF-R2,delta_time3_vs_time1,30,27,0.210266622,"[-0.17, 0.54]",0.273600246,0.992619405,FALSE
Indole-3-Latic Acid,IFN-y,delta_time3_vs_time1,30,27,0.210242489,"[-0.17, 0.54]",0.273656577,0.992619405,FALSE
Oxalic acid,IL-12(p40),delta_time2_vs_time1,30,27,0.209831235,"[-0.17, 0.54]",0.274617702,0.999017505,FALSE
Palmitelaidic acid,sIL-6Ra,delta_time2_vs_time1,30,27,0.209703274,"[-0.17, 0.54]",0.274917197,0.999017505,FALSE
L-5-Oxoproline,IL-12(p70),delta_time2_vs_time1,30,27,0.209645093,"[-0.17, 0.54]",0.275053442,0.999017505,FALSE
Decanoic acid,TSLP,delta_time3_vs_time1,30,27,0.209572952,"[-0.17, 0.53]",0.275222434,0.992619405,FALSE
Tyrosine,IL-19,delta_time2_vs_time1,30,27,0.209531348,"[-0.17, 0.53]",0.275319925,0.999017505,FALSE
Methionine,IL-10,delta_time3_vs_time1,30,27,0.209484435,"[-0.17, 0.53]",0.275429882,0.992619405,FALSE
Indole-3-Propionic Acid,Chitinase 3-like1,delta_time3_vs_time1,30,27,0.209465917,"[-0.17, 0.53]",0.275473293,0.992619405,FALSE
Arginine [-NH3],IL-11,delta_time3_vs_time1,30,27,0.209461247,"[-0.17, 0.53]",0.275484242,0.992619405,FALSE
Stearic Acid,IL-19,delta_time2_vs_time1,30,27,0.20935377,"[-0.17, 0.53]",0.27573629,0.999017505,FALSE
Proline,MMP-1,delta_time2_vs_time1,30,27,0.209132477,"[-0.17, 0.53]",0.27625572,0.999017505,FALSE
Diethanolamine,Pentraxin-3,delta_time2_vs_time1,30,27,0.2090538,"[-0.17, 0.53]",0.276440546,0.999017505,FALSE
"11-Eicosenoic acid, (E)-",TWEAK/TNFSF12,delta_time3_vs_time1,30,27,0.208949229,"[-0.17, 0.53]",0.276686325,0.992619405,FALSE
Methyl galactoside,IL-11,delta_time3_vs_time1,30,27,0.208413755,"[-0.17, 0.53]",0.277947078,0.992619405,FALSE
L-Rhamnose,IL-12(p70),delta_time2_vs_time1,30,27,0.208186334,"[-0.17, 0.53]",0.278483645,0.999017505,FALSE
"9-Hexadecenoic acid, (Z)-",IL-35,delta_time3_vs_time1,30,27,0.208061215,"[-0.17, 0.53]",0.278779128,0.992619405,FALSE
3-OH-Butanoic Acid,sCD163,delta_time2_vs_time1,30,27,0.208034081,"[-0.17, 0.53]",0.278843235,0.999017505,FALSE
Lactic Acid,TSLP,delta_time3_vs_time1,30,27,0.207808586,"[-0.17, 0.53]",0.279376356,0.992619405,FALSE
2-Keto-3-methylvaleric acid,IFN-a2,delta_time2_vs_time1,30,27,0.207708356,"[-0.17, 0.53]",0.279613533,0.999017505,FALSE
"Ethanolamine, 2TMS",TSLP,delta_time3_vs_time1,30,27,0.20732632,"[-0.17, 0.53]",0.280518733,0.992619405,FALSE
"2-Ethyl-3-hydroxypropionic acid, di-",TSLP,delta_time2_vs_time1,30,27,0.207080761,"[-0.17, 0.53]",0.281101554,0.999017505,FALSE
Tryptophan,TWEAK/TNFSF12,delta_time2_vs_time1,30,27,0.207011188,"[-0.17, 0.53]",0.281266824,0.999017505,FALSE
Lactic Acid,MMP-1,delta_time3_vs_time1,30,27,0.206985577,"[-0.17, 0.53]",0.281327678,0.992619405,FALSE
Erythritol,sTNF-R2,delta_time2_vs_time1,30,27,0.206518183,"[-0.17, 0.53]",0.282439723,0.999017505,FALSE
3-OH-Butanoic Acid,IFN-y,delta_time3_vs_time1,30,27,0.206446406,"[-0.17, 0.53]",0.282610746,0.992619405,FALSE
1H-Indole-3-Acetic Acid,Chitinase 3-like1,delta_time3_vs_time1,30,27,0.206432417,"[-0.17, 0.53]",0.282644086,0.992619405,FALSE
Linoleic Acid,MMP-3,delta_time2_vs_time1,30,27,0.206244261,"[-0.17, 0.53]",0.283092755,0.999017505,FALSE
Indole-3-Latic Acid,MMP-1,delta_time2_vs_time1,30,27,0.205832488,"[-0.17, 0.53]",0.28407624,0.999017505,FALSE
L-5-Oxoproline,IFN-a2,delta_time2_vs_time1,30,27,0.205817054,"[-0.17, 0.53]",0.284113146,0.999017505,FALSE
"2,3,4-Trihydroxybutyric acid",IL-11,delta_time2_vs_time1,30,27,0.205788382,"[-0.17, 0.53]",0.284181712,0.999017505,FALSE
Glyceraldehyde-3-P(MOX),IL-11,delta_time2_vs_time1,30,27,0.205014935,"[-0.17, 0.53]",0.286035352,0.999017505,FALSE
Lactic Acid.1,IL-11,delta_time3_vs_time1,30,27,0.204937575,"[-0.17, 0.53]",0.286221174,0.992619405,FALSE
3-OH-Butanoic Acid,Osteopontin,delta_time2_vs_time1,30,27,0.204880718,"[-0.17, 0.53]",0.286357799,0.999017505,FALSE
3-OH-Butanoic Acid,sTNF-R2,delta_time3_vs_time1,30,27,0.204545176,"[-0.18, 0.53]",0.287164924,0.992619405,FALSE
Leucine,BAFF/TNFSF13B,delta_time3_vs_time1,30,27,0.2045282,"[-0.18, 0.53]",0.287205798,0.992619405,FALSE
Methionine,MMP-3,delta_time3_vs_time1,30,27,0.204511274,"[-0.18, 0.53]",0.287246555,0.992619405,FALSE
Aminomalonic acid,IL-28A/IFN-lambda2,delta_time2_vs_time1,30,27,0.204340731,"[-0.18, 0.53]",0.287657416,0.999017505,FALSE
Indole-3-Propionic Acid,IL-20,delta_time3_vs_time1,30,27,0.203890709,"[-0.18, 0.53]",0.288743372,0.992619405,FALSE
Cholesterol,IL-35,delta_time2_vs_time1,30,27,0.203404498,"[-0.18, 0.53]",0.28991958,0.999017505,FALSE
Leucine,TWEAK/TNFSF12,delta_time3_vs_time1,30,27,0.203241327,"[-0.18, 0.53]",0.290314993,0.992619405,FALSE
Decanoic acid,BAFF/TNFSF13B,delta_time3_vs_time1,30,27,0.203116305,"[-0.18, 0.53]",0.290618192,0.992619405,FALSE
Threonine,IL-12(p70),delta_time3_vs_time1,30,27,0.203034319,"[-0.18, 0.53]",0.29081713,0.992619405,FALSE
Oxalic acid,IL-35,delta_time3_vs_time1,30,27,0.203008006,"[-0.18, 0.53]",0.290880995,0.992619405,FALSE
Indole-3-Latic Acid,TSLP,delta_time2_vs_time1,30,27,0.20284075,"[-0.18, 0.53]",0.291287166,0.999017505,FALSE
Ethyl alpha-D-glucopyranoside,IL-10,delta_time2_vs_time1,30,27,0.202824322,"[-0.18, 0.53]",0.291327078,0.999017505,FALSE
Erythritol,IL-11,delta_time2_vs_time1,30,27,0.202793468,"[-0.18, 0.53]",0.291402051,0.999017505,FALSE
3-OH-Butanoic Acid,IL-19,delta_time3_vs_time1,30,27,0.202392813,"[-0.18, 0.53]",0.292376718,0.992619405,FALSE
Cysteine,IL-29/IFN-lambda1,delta_time2_vs_time1,30,27,0.202023804,"[-0.18, 0.53]",0.293276222,0.999017505,FALSE
Stearic Acid,IL-28A/IFN-lambda2,delta_time3_vs_time1,30,27,0.201815027,"[-0.18, 0.53]",0.293785918,0.992619405,FALSE
Aminomalonic acid,IL-12(p70),delta_time2_vs_time1,30,27,0.201803512,"[-0.18, 0.53]",0.293814045,0.999017505,FALSE
"1,5-Anhydrohexitol",TSLP,delta_time3_vs_time1,30,27,0.201709275,"[-0.18, 0.53]",0.294044309,0.992619405,FALSE
DL-Ornithine,IL-28A/IFN-lambda2,delta_time2_vs_time1,30,27,0.201497049,"[-0.18, 0.53]",0.294563286,0.999017505,FALSE
2-OH-Butanoic Acid,IL-26,delta_time2_vs_time1,30,27,0.201470954,"[-0.18, 0.53]",0.294627137,0.999017505,FALSE
Nonanoic acid,IL-11,delta_time3_vs_time1,30,27,0.201054298,"[-0.18, 0.53]",0.295647851,0.992619405,FALSE
Glycolic acid,IL-19,delta_time3_vs_time1,30,27,0.201028092,"[-0.18, 0.53]",0.295712125,0.992619405,FALSE
Lactic Acid,IL-26,delta_time2_vs_time1,30,27,0.200183922,"[-0.18, 0.53]",0.297787272,0.999017505,FALSE
4-Aminobutanoic acid,TSLP,delta_time2_vs_time1,30,27,0.200057711,"[-0.18, 0.53]",0.298098313,0.999017505,FALSE
2-Keto-3-methylvaleric acid,MMP-2,delta_time3_vs_time1,30,27,0.20005597,"[-0.18, 0.53]",0.298102603,0.992619405,FALSE
2-Keto-3-methylvaleric acid,MMP-1,delta_time2_vs_time1,30,27,0.199808913,"[-0.18, 0.53]",0.298712059,0.999017505,FALSE
Dodecanoic acid,IL-35,delta_time3_vs_time1,30,27,0.199794216,"[-0.18, 0.53]",0.29874834,0.992619405,FALSE
Linoleic Acid,IFN-a2,delta_time3_vs_time1,30,27,0.199682037,"[-0.18, 0.53]",0.29902535,0.992619405,FALSE
Campesterol,IL-28A/IFN-lambda2,delta_time2_vs_time1,30,27,0.199423165,"[-0.18, 0.53]",0.299665214,0.999017505,FALSE
Glyceraldehyde-3-P(MOX),IL-26,delta_time3_vs_time1,30,27,0.199333191,"[-0.18, 0.53]",0.299887807,0.992619405,FALSE
Methyl galactoside,MMP-1,delta_time3_vs_time1,30,27,0.199329977,"[-0.18, 0.53]",0.29989576,0.992619405,FALSE
Leucine,APRIL/TNFSF13,delta_time3_vs_time1,30,27,0.199226322,"[-0.18, 0.53]",0.300152336,0.992619405,FALSE
4-Aminobutanoic acid,IL-20,delta_time2_vs_time1,30,27,0.199135978,"[-0.18, 0.53]",0.300376072,0.999017505,FALSE
Oxalic acid,IL-10,delta_time2_vs_time1,30,27,0.198849488,"[-0.18, 0.53]",0.301086261,0.999017505,FALSE
Nonanoic acid,IL-35,delta_time3_vs_time1,30,27,0.198576714,"[-0.18, 0.53]",0.301763427,0.992619405,FALSE
Lactic Acid,Pentraxin-3,delta_time2_vs_time1,30,27,0.198222028,"[-0.18, 0.53]",0.302645373,0.999017505,FALSE
N-Acetylglutamine,sCD163,delta_time3_vs_time1,30,27,0.198168733,"[-0.18, 0.53]",0.302778031,0.992619405,FALSE
Palmitic Acid,IL-10,delta_time3_vs_time1,30,27,0.198151156,"[-0.18, 0.53]",0.302821791,0.992619405,FALSE
"Ethanolamine, 2TMS",IL-10,delta_time3_vs_time1,30,27,0.198095519,"[-0.18, 0.53]",0.302960333,0.992619405,FALSE
1-Monooleoylglycerol,sCD30/TNFRSF8,delta_time2_vs_time1,30,27,0.198009806,"[-0.18, 0.53]",0.303173845,0.999017505,FALSE
Nonanoic acid,IFN-y,delta_time3_vs_time1,30,27,0.197917723,"[-0.18, 0.53]",0.303403328,0.992619405,FALSE
Glyceraldehyde-3-P(MOX),IFN-y,delta_time3_vs_time1,30,27,0.197867491,"[-0.18, 0.53]",0.303528559,0.992619405,FALSE
Aminomalonic acid,MMP-1,delta_time2_vs_time1,30,27,0.197725439,"[-0.18, 0.53]",0.303882877,0.999017505,FALSE
Ornithine,TSLP,delta_time3_vs_time1,30,27,0.197322267,"[-0.18, 0.53]",0.304889915,0.992619405,FALSE
Lactic Acid,sCD30/TNFRSF8,delta_time3_vs_time1,30,27,0.19703945,"[-0.18, 0.53]",0.305597578,0.992619405,FALSE
Oleic Acid,IL-20,delta_time2_vs_time1,30,27,0.196727465,"[-0.18, 0.53]",0.306379413,0.999017505,FALSE
Ornithine,IL-29/IFN-lambda1,delta_time2_vs_time1,30,27,0.196705855,"[-0.18, 0.53]",0.306433613,0.999017505,FALSE
beta-Alanine,TSLP,delta_time2_vs_time1,30,27,0.196496821,"[-0.18, 0.53]",0.306958211,0.999017505,FALSE
2-Keto-3-methylvaleric acid,Pentraxin-3,delta_time2_vs_time1,30,27,0.196267244,"[-0.18, 0.53]",0.30753501,0.999017505,FALSE
Lactic Acid.1,IL-12(p40),delta_time2_vs_time1,30,27,0.19615324,"[-0.18, 0.52]",0.307821688,0.999017505,FALSE
Indole-3-Propionic Acid,IL-12(p70),delta_time2_vs_time1,30,27,0.196034326,"[-0.18, 0.52]",0.308120893,0.999017505,FALSE
Arachidonic acid.1,IFN-a2,delta_time3_vs_time1,30,27,0.195986619,"[-0.18, 0.52]",0.308240983,0.992619405,FALSE
2-OH-Butanoic Acid,TWEAK/TNFSF12,delta_time3_vs_time1,30,27,0.195814092,"[-0.18, 0.52]",0.308675511,0.992619405,FALSE
Ascorbic Acid,IL-35,delta_time2_vs_time1,30,27,0.195780272,"[-0.18, 0.52]",0.308760736,0.999017505,FALSE
1-Monooleoylglycerol,APRIL/TNFSF13,delta_time2_vs_time1,30,27,0.194478933,"[-0.19, 0.52]",0.312051176,0.999017505,FALSE
"Ethanolamine, 3TMS",sTNF-R1,delta_time3_vs_time1,30,27,0.194458423,"[-0.19, 0.52]",0.31210321,0.992619405,FALSE
"Ethanolamine, 2TMS",IL-19,delta_time2_vs_time1,30,27,0.194232089,"[-0.19, 0.52]",0.312677771,0.999017505,FALSE
N-Acetylglutamine,sTNF-R1,delta_time3_vs_time1,30,27,0.194126211,"[-0.19, 0.52]",0.312946775,0.992619405,FALSE
L-5-Oxoproline,IL-11,delta_time3_vs_time1,30,27,0.193637942,"[-0.19, 0.52]",0.314189174,0.992619405,FALSE
"Ethanolamine, 3TMS",MMP-1,delta_time2_vs_time1,30,27,0.193290767,"[-0.19, 0.52]",0.315074417,0.999017505,FALSE
3-OH-Butanoic Acid,sCD30/TNFRSF8,delta_time2_vs_time1,30,27,0.193189009,"[-0.19, 0.52]",0.315334176,0.999017505,FALSE
Oxalic acid,IL-12(p40),delta_time3_vs_time1,30,27,0.193104656,"[-0.19, 0.52]",0.315549607,0.992619405,FALSE
"1,5-Anhydrohexitol",IL-35,delta_time3_vs_time1,30,27,0.192887736,"[-0.19, 0.52]",0.31610402,0.992619405,FALSE
Indole-3-Propionic Acid,sCD30/TNFRSF8,delta_time3_vs_time1,30,27,0.192655572,"[-0.19, 0.52]",0.316698063,0.992619405,FALSE
"9-Hexadecenoic acid, (Z)-",IL-12(p70),delta_time3_vs_time1,30,27,0.192621265,"[-0.19, 0.52]",0.316785904,0.992619405,FALSE
2-Keto-3-methylvaleric acid,IL-35,delta_time2_vs_time1,30,27,0.192470198,"[-0.19, 0.52]",0.317172881,0.999017505,FALSE
Indole-3-Propionic Acid,IL-11,delta_time3_vs_time1,30,27,0.19180145,"[-0.19, 0.52]",0.318889466,0.992619405,FALSE
L-Proline,IL-28A/IFN-lambda2,delta_time2_vs_time1,30,27,0.19166785,"[-0.19, 0.52]",0.319233085,0.999017505,FALSE
Palmitic Acid,IL-19,delta_time3_vs_time1,30,27,0.19164207,"[-0.19, 0.52]",0.319299416,0.992619405,FALSE
"Ethanolamine, 2TMS",IL-19,delta_time3_vs_time1,30,27,0.191383127,"[-0.19, 0.52]",0.319966154,0.992619405,FALSE
Palmitic Acid,IL-11,delta_time2_vs_time1,30,27,0.191189745,"[-0.19, 0.52]",0.320464641,0.999017505,FALSE
Threonine,sCD30/TNFRSF8,delta_time3_vs_time1,30,27,0.191106357,"[-0.19, 0.52]",0.320679741,0.992619405,FALSE
Lactic Acid.1,IFN-a2,delta_time2_vs_time1,30,27,0.191098361,"[-0.19, 0.52]",0.320700371,0.999017505,FALSE
1H-Indole-3-Acetic Acid,sCD30/TNFRSF8,delta_time3_vs_time1,30,27,0.191071666,"[-0.19, 0.52]",0.320769253,0.992619405,FALSE
"11-Eicosenoic acid, (E)-",APRIL/TNFSF13,delta_time2_vs_time1,30,27,0.191005947,"[-0.19, 0.52]",0.320938866,0.999017505,FALSE
Palmitelaidic acid,IL-20,delta_time3_vs_time1,30,27,0.190896664,"[-0.19, 0.52]",0.321221038,0.992619405,FALSE
Ornithine,IL-10,delta_time3_vs_time1,30,27,0.190887336,"[-0.19, 0.52]",0.32124513,0.992619405,FALSE
Aminomalonic acid,IL-35,delta_time2_vs_time1,30,27,0.190813594,"[-0.19, 0.52]",0.321435628,0.999017505,FALSE
Palmitic Acid,TSLP,delta_time2_vs_time1,30,27,0.190748444,"[-0.19, 0.52]",0.321603988,0.999017505,FALSE
1-Monooleoylglycerol,MMP-1,delta_time2_vs_time1,30,27,0.190528756,"[-0.19, 0.52]",0.322172107,0.999017505,FALSE
beta-Alanine,IL-12(p70),delta_time3_vs_time1,30,27,0.190374228,"[-0.19, 0.52]",0.322572089,0.992619405,FALSE
Arachidonic acid.1,IL-35,delta_time2_vs_time1,30,27,0.18993481,"[-0.19, 0.52]",0.323711154,0.999017505,FALSE
beta-Alanine,IL-28A/IFN-lambda2,delta_time3_vs_time1,30,27,0.189770103,"[-0.19, 0.52]",0.324138746,0.992619405,FALSE
beta-D-Xylopyranose,IL-20,delta_time3_vs_time1,30,27,0.189732227,"[-0.19, 0.52]",0.324237123,0.992619405,FALSE
Tryptophan,gp130/sIL-6Rb,delta_time3_vs_time1,30,27,0.189566398,"[-0.19, 0.52]",0.324668057,0.992619405,FALSE
4-Aminobutanoic acid,IL-35,delta_time2_vs_time1,30,27,0.189124709,"[-0.19, 0.52]",0.325817577,0.999017505,FALSE
"Ethanolamine, 2TMS",Osteocalcin,delta_time2_vs_time1,30,27,0.189088284,"[-0.19, 0.52]",0.325912487,0.999017505,FALSE
Ethyl alpha-D-glucopyranoside,IL-11,delta_time3_vs_time1,30,27,0.188951655,"[-0.19, 0.52]",0.326268638,0.992619405,FALSE
N-Acetylglutamine,Osteopontin,delta_time2_vs_time1,30,27,0.188756648,"[-0.19, 0.52]",0.32677738,0.999017505,FALSE
beta-Alanine,Osteopontin,delta_time2_vs_time1,30,27,0.187989486,"[-0.19, 0.52]",0.328783487,0.999017505,FALSE
Methyl galactoside,Pentraxin-3,delta_time2_vs_time1,30,27,0.187873041,"[-0.19, 0.52]",0.329088643,0.999017505,FALSE
L-Proline,IL-35,delta_time3_vs_time1,30,27,0.187650195,"[-0.19, 0.52]",0.32967312,0.992619405,FALSE
DL-Ornithine,Chitinase 3-like1,delta_time3_vs_time1,30,27,0.187569658,"[-0.19, 0.52]",0.329884505,0.992619405,FALSE
Glycerol-3-P,IL-11,delta_time3_vs_time1,30,27,0.187532084,"[-0.19, 0.52]",0.329983156,0.992619405,FALSE
Oleic Acid,Osteopontin,delta_time2_vs_time1,30,27,0.187503317,"[-0.19, 0.52]",0.330058694,0.999017505,FALSE
"11-Eicosenoic acid, (E)-",sCD163,delta_time2_vs_time1,30,27,0.18749929,"[-0.19, 0.52]",0.330069269,0.999017505,FALSE
"Ethanolamine, 2TMS",IL-11,delta_time3_vs_time1,30,27,0.187337055,"[-0.19, 0.52]",0.330495487,0.992619405,FALSE
Arginine [-NH3],APRIL/TNFSF13,delta_time2_vs_time1,30,27,0.187003264,"[-0.19, 0.52]",0.331373466,0.999017505,FALSE
Ethyl alpha-D-glucopyranoside,TSLP,delta_time2_vs_time1,30,27,0.186767121,"[-0.19, 0.52]",0.331995456,0.999017505,FALSE
Lysine,IL-10,delta_time2_vs_time1,30,27,0.186709614,"[-0.19, 0.52]",0.332147036,0.999017505,FALSE
L-Norvaline,sTNF-R1,delta_time3_vs_time1,30,27,0.186487387,"[-0.19, 0.52]",0.332733183,0.992619405,FALSE
Dodecanoic acid,sCD30/TNFRSF8,delta_time2_vs_time1,30,27,0.186339153,"[-0.19, 0.52]",0.333124517,0.999017505,FALSE
"2,3,4-Trihydroxybutyric acid",Pentraxin-3,delta_time2_vs_time1,30,27,0.18629855,"[-0.19, 0.52]",0.333231758,0.999017505,FALSE
Valine,IL-12(p70),delta_time3_vs_time1,30,27,0.186292791,"[-0.19, 0.52]",0.333246969,0.992619405,FALSE
Serine,IFN-a2,delta_time3_vs_time1,30,27,0.186221593,"[-0.19, 0.52]",0.333435073,0.992619405,FALSE
Citric acid,gp130/sIL-6Rb,delta_time2_vs_time1,30,27,0.186178434,"[-0.19, 0.52]",0.333549128,0.999017505,FALSE
Leucine,Osteopontin,delta_time3_vs_time1,30,27,0.185867721,"[-0.19, 0.52]",0.334370947,0.992619405,FALSE
Nonanoic acid,IL-28A/IFN-lambda2,delta_time2_vs_time1,30,27,0.18566181,"[-0.19, 0.52]",0.334916249,0.999017505,FALSE
L-Proline,IL-20,delta_time2_vs_time1,30,27,0.185652478,"[-0.19, 0.52]",0.334940975,0.999017505,FALSE
2-OH-Butanoic Acid,sTNF-R1,delta_time3_vs_time1,30,27,0.18540333,"[-0.19, 0.52]",0.335601529,0.992619405,FALSE
Alanine,IL-29/IFN-lambda1,delta_time3_vs_time1,30,27,0.185384216,"[-0.19, 0.52]",0.335652238,0.992619405,FALSE
Nonanoic acid,IL-29/IFN-lambda1,delta_time2_vs_time1,30,27,0.185327597,"[-0.19, 0.52]",0.335802474,0.999017505,FALSE
Nonanoic acid,IL-10,delta_time2_vs_time1,30,27,0.184712361,"[-0.19, 0.52]",0.337437601,0.999017505,FALSE
L-Aspartic acid,IFN-y,delta_time2_vs_time1,30,27,0.184550992,"[-0.20, 0.52]",0.337867272,0.999017505,FALSE
Glyceraldehyde-3-P(MOX),MMP-2,delta_time2_vs_time1,30,27,0.18448004,"[-0.20, 0.52]",0.338056298,0.999017505,FALSE
2-Aminoadipic acid,Osteopontin,delta_time3_vs_time1,30,27,0.184317536,"[-0.20, 0.52]",0.338489472,0.992619405,FALSE
1-Monooleoylglycerol,sTNF-R1,delta_time2_vs_time1,30,27,0.183960521,"[-0.20, 0.52]",0.339442321,0.999017505,FALSE
Glycerol,IL-11,delta_time3_vs_time1,30,27,0.183861439,"[-0.20, 0.52]",0.339707052,0.992619405,FALSE
Erythritol,TWEAK/TNFSF12,delta_time2_vs_time1,30,27,0.183818998,"[-0.20, 0.52]",0.339820484,0.999017505,FALSE
Asparagine,TSLP,delta_time3_vs_time1,30,27,0.183598527,"[-0.20, 0.52]",0.340410114,0.992619405,FALSE
L-Alanine,IL-35,delta_time3_vs_time1,30,27,0.183450069,"[-0.20, 0.52]",0.340807497,0.992619405,FALSE
Citric acid,BAFF/TNFSF13B,delta_time3_vs_time1,30,27,0.18336629,"[-0.20, 0.52]",0.341031875,0.992619405,FALSE
L-Aspartic acid,IL-12(p40),delta_time2_vs_time1,30,27,0.183327419,"[-0.20, 0.52]",0.34113601,0.999017505,FALSE
2-Keto-3-methylvaleric acid,IL-20,delta_time2_vs_time1,30,27,0.183313684,"[-0.20, 0.52]",0.341172811,0.999017505,FALSE
Asparagine,IFN-y,delta_time3_vs_time1,30,27,0.182888101,"[-0.20, 0.51]",0.342314279,0.992619405,FALSE
Tyrosine,Osteocalcin,delta_time2_vs_time1,30,27,0.182736883,"[-0.20, 0.51]",0.34272042,0.999017505,FALSE
"11-Eicosenoic acid, (E)-",IL-19,delta_time3_vs_time1,30,27,0.182687426,"[-0.20, 0.51]",0.342853313,0.992619405,FALSE
2-Keto-3-methylvaleric acid,IL-12(p40),delta_time2_vs_time1,30,27,0.182623137,"[-0.20, 0.51]",0.343026107,0.999017505,FALSE
Glyceraldehyde-3-P(MOX),sTNF-R1,delta_time3_vs_time1,30,27,0.182392522,"[-0.20, 0.51]",0.343646383,0.992619405,FALSE
L-Rhamnose,IL-19,delta_time2_vs_time1,30,27,0.182379193,"[-0.20, 0.51]",0.343682253,0.999017505,FALSE
Tryptophan,MMP-3,delta_time2_vs_time1,30,27,0.182287026,"[-0.20, 0.51]",0.343930356,0.999017505,FALSE
1-Ethyl-1-tetradecyloxy-1-silacyclohexane,IFN-a2,delta_time3_vs_time1,30,27,0.182199558,"[-0.20, 0.51]",0.34416591,0.992619405,FALSE
"(R*,R*)-2,3-Dihydroxybutanoic acid",IL-12(p70),delta_time2_vs_time1,30,27,0.182162845,"[-0.20, 0.51]",0.344264806,0.999017505,FALSE
3-OH-Butanoic Acid,IL-11,delta_time3_vs_time1,30,27,0.18206807,"[-0.20, 0.51]",0.34452019,0.992619405,FALSE
"Ethanolamine, 2TMS",IL-26,delta_time2_vs_time1,30,27,0.181910034,"[-0.20, 0.51]",0.344946294,0.999017505,FALSE
3-OH-Butanoic Acid,MMP-3,delta_time2_vs_time1,30,27,0.181808526,"[-0.20, 0.51]",0.345220152,0.999017505,FALSE
Lysine,MMP-1,delta_time2_vs_time1,30,27,0.181667496,"[-0.20, 0.51]",0.345600851,0.999017505,FALSE
Linoleic Acid,IL-20,delta_time2_vs_time1,30,27,0.181460128,"[-0.20, 0.51]",0.346161083,0.999017505,FALSE
Aminomalonic acid,IFN-a2,delta_time2_vs_time1,30,27,0.181352701,"[-0.20, 0.51]",0.346451526,0.999017505,FALSE
"1,3-Dioxolane-2-methanol",IL-11,delta_time3_vs_time1,30,27,0.181263844,"[-0.20, 0.51]",0.346691873,0.992619405,FALSE
Cysteine,IL-29/IFN-lambda1,delta_time3_vs_time1,30,27,0.181019225,"[-0.20, 0.51]",0.347354054,0.992619405,FALSE
N-Acetylglutamine,IL-12(p70),delta_time3_vs_time1,30,27,0.180509333,"[-0.20, 0.51]",0.348736765,0.992619405,FALSE
Glycolic acid,TSLP,delta_time2_vs_time1,30,27,0.180358134,"[-0.20, 0.51]",0.349147414,0.999017505,FALSE
L-Rhamnose,MMP-1,delta_time3_vs_time1,30,27,0.180293649,"[-0.20, 0.51]",0.34932264,0.992619405,FALSE
Campesterol,IFN-y,delta_time2_vs_time1,30,27,0.180284345,"[-0.20, 0.51]",0.349347927,0.999017505,FALSE
Glyceraldehyde-3-P(MOX),TWEAK/TNFSF12,delta_time3_vs_time1,30,27,0.179765476,"[-0.20, 0.51]",0.350759838,0.992619405,FALSE
Methionine,IFN-y,delta_time2_vs_time1,30,27,0.179667109,"[-0.20, 0.51]",0.351027892,0.999017505,FALSE
Glyceraldehyde-3-P(MOX),Osteocalcin,delta_time2_vs_time1,30,27,0.179507985,"[-0.20, 0.51]",0.35146177,0.999017505,FALSE
Dodecanoic acid,sCD163,delta_time2_vs_time1,30,27,0.179469337,"[-0.20, 0.51]",0.351567197,0.999017505,FALSE
Ornithine,MMP-2,delta_time2_vs_time1,30,27,0.179071579,"[-0.20, 0.51]",0.352653345,0.999017505,FALSE
"Ethanolamine, 2TMS",sCD30/TNFRSF8,delta_time2_vs_time1,30,27,0.179038895,"[-0.20, 0.51]",0.352742684,0.999017505,FALSE
Ornithine,MMP-3,delta_time3_vs_time1,30,27,0.178526763,"[-0.20, 0.51]",0.354144306,0.992619405,FALSE
1-Ethyl-1-tetradecyloxy-1-silacyclohexane,IL-29/IFN-lambda1,delta_time2_vs_time1,30,27,0.178351613,"[-0.20, 0.51]",0.354624426,0.999017505,FALSE
Leucine,sIL-6Ra,delta_time3_vs_time1,30,27,0.178101714,"[-0.20, 0.51]",0.355310113,0.992619405,FALSE
Aminomalonic acid,IFN-a2,delta_time3_vs_time1,30,27,0.177934865,"[-0.20, 0.51]",0.355768365,0.992619405,FALSE
1-Heptadecanol,TSLP,delta_time2_vs_time1,30,27,0.177411079,"[-0.20, 0.51]",0.357209223,0.999017505,FALSE
Nonanoic acid,MMP-1,delta_time2_vs_time1,30,27,0.177392188,"[-0.20, 0.51]",0.357261254,0.999017505,FALSE
Nonanoic acid,IL-35,delta_time2_vs_time1,30,27,0.177120663,"[-0.20, 0.51]",0.358009606,0.999017505,FALSE
Threonine,Osteocalcin,delta_time3_vs_time1,30,27,0.176373622,"[-0.20, 0.51]",0.360073328,0.992619405,FALSE
Indole-3-Propionic Acid,IL-12(p40),delta_time3_vs_time1,30,27,0.1762879,"[-0.20, 0.51]",0.360310587,0.992619405,FALSE
Palmitelaidic acid,sTNF-R2,delta_time2_vs_time1,30,27,0.176285552,"[-0.20, 0.51]",0.360317086,0.999017505,FALSE
Ethyl alpha-D-glucopyranoside,sTNF-R1,delta_time2_vs_time1,30,27,0.176068138,"[-0.20, 0.51]",0.360919259,0.999017505,FALSE
Palmitic Acid,IL-10,delta_time2_vs_time1,30,27,0.175725373,"[-0.20, 0.51]",0.361869829,0.999017505,FALSE
Erythritol,Chitinase 3-like1,delta_time2_vs_time1,30,27,0.175716413,"[-0.20, 0.51]",0.361894696,0.999017505,FALSE
L-(+)-Erythrulose,gp130/sIL-6Rb,delta_time2_vs_time1,30,27,0.17568226,"[-0.20, 0.51]",0.361989495,0.999017505,FALSE
"1,5-Anhydrohexitol",IL-11,delta_time3_vs_time1,30,27,0.175664848,"[-0.20, 0.51]",0.362037831,0.992619405,FALSE
Oleic Acid,IL-26,delta_time2_vs_time1,30,27,0.175582077,"[-0.20, 0.51]",0.36226766,0.999017505,FALSE
Lactic Acid,gp130/sIL-6Rb,delta_time3_vs_time1,30,27,0.17553498,"[-0.20, 0.51]",0.362398471,0.992619405,FALSE
Arachidonic acid,IL-29/IFN-lambda1,delta_time2_vs_time1,30,27,0.175398648,"[-0.20, 0.51]",0.362777288,0.999017505,FALSE
Butanoic acid,IL-29/IFN-lambda1,delta_time2_vs_time1,30,27,0.175371496,"[-0.20, 0.51]",0.362852764,0.999017505,FALSE
L-5-Oxoproline,IL-29/IFN-lambda1,delta_time3_vs_time1,30,27,0.17512957,"[-0.20, 0.51]",0.363525648,0.992619405,FALSE
Ornithine,BAFF/TNFSF13B,delta_time2_vs_time1,30,27,0.175101388,"[-0.20, 0.51]",0.363604079,0.999017505,FALSE
Oxalic acid,IL-20,delta_time2_vs_time1,30,27,0.175014186,"[-0.20, 0.51]",0.363846833,0.999017505,FALSE
2-OH-Butanoic Acid,MMP-1,delta_time3_vs_time1,30,27,0.174997583,"[-0.20, 0.51]",0.363893063,0.992619405,FALSE
Serine,sTNF-R2,delta_time3_vs_time1,30,27,0.174816272,"[-0.20, 0.51]",0.364398138,0.992619405,FALSE
Linoleic Acid,Chitinase 3-like1,delta_time2_vs_time1,30,27,0.174639507,"[-0.20, 0.51]",0.364890946,0.999017505,FALSE
Arachidonic acid.1,Pentraxin-3,delta_time3_vs_time1,30,27,0.174608147,"[-0.21, 0.51]",0.364978417,0.992619405,FALSE
Phenylalanine,IFN-a2,delta_time2_vs_time1,30,27,0.174564133,"[-0.21, 0.51]",0.365101203,0.999017505,FALSE
Leucine,sTNF-R2,delta_time3_vs_time1,30,27,0.174273912,"[-0.21, 0.51]",0.365911445,0.992619405,FALSE
Glycine,IL-29/IFN-lambda1,delta_time3_vs_time1,30,27,0.174199353,"[-0.21, 0.51]",0.36611977,0.992619405,FALSE
Tryptophan,IFN-a2,delta_time2_vs_time1,30,27,0.174109114,"[-0.21, 0.51]",0.366372,0.999017505,FALSE
1-Monopalmitin,IL-35,delta_time2_vs_time1,30,27,0.173954236,"[-0.21, 0.51]",0.366805143,0.999017505,FALSE
Glyceric acid,IL-19,delta_time3_vs_time1,30,27,0.173819629,"[-0.21, 0.51]",0.36718184,0.992619405,FALSE
"Ethanolamine, 2TMS",Chitinase 3-like1,delta_time2_vs_time1,30,27,0.173643655,"[-0.21, 0.51]",0.367674643,0.999017505,FALSE
Tyrosine,IFN-a2,delta_time2_vs_time1,30,27,0.173387593,"[-0.21, 0.51]",0.368392424,0.999017505,FALSE
Ethyl alpha-D-glucopyranoside,MMP-1,delta_time3_vs_time1,30,27,0.173191806,"[-0.21, 0.51]",0.368941796,0.992619405,FALSE
beta-Alanine,IL-12(p40),delta_time3_vs_time1,30,27,0.172938889,"[-0.21, 0.51]",0.369652188,0.992619405,FALSE
L-Aspartic acid,IL-19,delta_time2_vs_time1,30,27,0.172869028,"[-0.21, 0.51]",0.369848553,0.999017505,FALSE
Serine,Chitinase 3-like1,delta_time3_vs_time1,30,27,0.172761402,"[-0.21, 0.51]",0.37015119,0.992619405,FALSE
Arginine [-NH3],TWEAK/TNFSF12,delta_time2_vs_time1,30,27,0.172602461,"[-0.21, 0.51]",0.370598384,0.999017505,FALSE
Arginine [-NH3],Osteocalcin,delta_time2_vs_time1,30,27,0.172433114,"[-0.21, 0.51]",0.371075206,0.999017505,FALSE
Stearic Acid,IL-29/IFN-lambda1,delta_time3_vs_time1,30,27,0.172414358,"[-0.21, 0.51]",0.371128036,0.992619405,FALSE
2-Aminoadipic acid,IL-28A/IFN-lambda2,delta_time2_vs_time1,30,27,0.172308536,"[-0.21, 0.51]",0.371426202,0.999017505,FALSE
3-OH-Butanoic Acid,IL-12(p40),delta_time3_vs_time1,30,27,0.171982748,"[-0.21, 0.51]",0.372345022,0.992619405,FALSE
1-Monooleoylglycerol,sCD163,delta_time2_vs_time1,30,27,0.171691422,"[-0.21, 0.51]",0.373167773,0.999017505,FALSE
beta-D-Xylopyranose,TSLP,delta_time3_vs_time1,30,27,0.171658364,"[-0.21, 0.51]",0.3732612,0.992619405,FALSE
Alanine,IL-10,delta_time2_vs_time1,30,27,0.171487781,"[-0.21, 0.51]",0.373743518,0.999017505,FALSE
Glycerol,gp130/sIL-6Rb,delta_time3_vs_time1,30,27,0.17134724,"[-0.21, 0.51]",0.374141166,0.992619405,FALSE
1-Heptadecanol,IL-35,delta_time3_vs_time1,30,27,0.171274042,"[-0.21, 0.51]",0.37434837,0.992619405,FALSE
Phenylalanine,APRIL/TNFSF13,delta_time2_vs_time1,30,27,0.171149517,"[-0.21, 0.51]",0.374701022,0.999017505,FALSE
Glycerol,IFN-a2,delta_time3_vs_time1,30,27,0.170545015,"[-0.21, 0.51]",0.376415706,0.992619405,FALSE
"Ethanolamine, 3TMS",IL-20,delta_time3_vs_time1,30,27,0.170520841,"[-0.21, 0.51]",0.376484371,0.992619405,FALSE
beta-Alanine,sIL-6Ra,delta_time2_vs_time1,30,27,0.170160121,"[-0.21, 0.51]",0.377509841,0.999017505,FALSE
Cholesterol,IFN-y,delta_time2_vs_time1,30,27,0.170136098,"[-0.21, 0.51]",0.377578193,0.999017505,FALSE
Oxalic acid,IL-11,delta_time2_vs_time1,30,27,0.169475809,"[-0.21, 0.50]",0.37945969,0.999017505,FALSE
Indole-3-Propionic Acid,gp130/sIL-6Rb,delta_time3_vs_time1,30,27,0.169147486,"[-0.21, 0.50]",0.38039727,0.992619405,FALSE
Butanoic acid,IL-35,delta_time2_vs_time1,30,27,0.169066912,"[-0.21, 0.50]",0.380627565,0.999017505,FALSE
Ascorbic Acid,Osteopontin,delta_time2_vs_time1,30,27,0.168797314,"[-0.21, 0.50]",0.38139872,0.999017505,FALSE
Butanoic acid,IL-19,delta_time2_vs_time1,30,27,0.168723616,"[-0.21, 0.50]",0.381609682,0.999017505,FALSE
3-OH-Butanoic Acid,IL-29/IFN-lambda1,delta_time3_vs_time1,30,27,0.168542515,"[-0.21, 0.50]",0.382128371,0.992619405,FALSE
Ethyl alpha-D-glucopyranoside,Osteopontin,delta_time3_vs_time1,30,27,0.168073976,"[-0.21, 0.50]",0.383472204,0.992619405,FALSE
L-5-Oxoproline,IL-35,delta_time2_vs_time1,30,27,0.167953973,"[-0.21, 0.50]",0.383816828,0.999017505,FALSE
2-OH-Butanoic Acid,IL-29/IFN-lambda1,delta_time3_vs_time1,30,27,0.167787139,"[-0.21, 0.50]",0.384296237,0.992619405,FALSE
Tyrosine,sTNF-R1,delta_time2_vs_time1,30,27,0.16771358,"[-0.21, 0.50]",0.384507725,0.999017505,FALSE
Stearic Acid,MMP-1,delta_time2_vs_time1,30,27,0.16759184,"[-0.21, 0.50]",0.384857881,0.999017505,FALSE
Palmitelaidic acid,Chitinase 3-like1,delta_time2_vs_time1,30,27,0.167476874,"[-0.21, 0.50]",0.385188723,0.999017505,FALSE
"11-Eicosenoic acid, (E)-",MMP-1,delta_time3_vs_time1,30,27,0.167260881,"[-0.21, 0.50]",0.385810738,0.992619405,FALSE
2-OH-Butanoic Acid,TSLP,delta_time3_vs_time1,30,27,0.166938496,"[-0.21, 0.50]",0.386740215,0.992619405,FALSE
Butanoic acid,TSLP,delta_time2_vs_time1,30,27,0.16686064,"[-0.21, 0.50]",0.386964878,0.999017505,FALSE
2-Keto-3-methylvaleric acid,TWEAK/TNFSF12,delta_time3_vs_time1,30,27,0.166834747,"[-0.21, 0.50]",0.387039609,0.992619405,FALSE
1-Ethyl-1-tetradecyloxy-1-silacyclohexane,IL-10,delta_time2_vs_time1,30,27,0.166697622,"[-0.21, 0.50]",0.387435527,0.999017505,FALSE
Methyl galactoside,IL-12(p70),delta_time3_vs_time1,30,27,0.166500218,"[-0.21, 0.50]",0.388005891,0.992619405,FALSE
Proline,TSLP,delta_time2_vs_time1,30,27,0.166498978,"[-0.21, 0.50]",0.388009474,0.999017505,FALSE
"Ethanolamine, 3TMS",IL-10,delta_time3_vs_time1,30,27,0.166366282,"[-0.21, 0.50]",0.388393149,0.992619405,FALSE
Phenylalanine,IL-11,delta_time2_vs_time1,30,27,0.166184182,"[-0.21, 0.50]",0.388920026,0.999017505,FALSE
Methionine,IL-20,delta_time2_vs_time1,30,27,0.165587409,"[-0.21, 0.50]",0.390649563,0.999017505,FALSE
2-Keto-3-methylvaleric acid,IL-19,delta_time2_vs_time1,30,27,0.165457748,"[-0.21, 0.50]",0.391025923,0.999017505,FALSE
Linoleic Acid,IL-26,delta_time3_vs_time1,30,27,0.165243449,"[-0.21, 0.50]",0.391648409,0.992619405,FALSE
Lactic Acid,IL-20,delta_time2_vs_time1,30,27,0.165184409,"[-0.21, 0.50]",0.391820006,0.999017505,FALSE
Tyrosine,Chitinase 3-like1,delta_time2_vs_time1,30,27,0.165120368,"[-0.21, 0.50]",0.392006186,0.999017505,FALSE
Serine,BAFF/TNFSF13B,delta_time3_vs_time1,30,27,0.165028667,"[-0.21, 0.50]",0.392272869,0.992619405,FALSE
Glycolic acid,IL-35,delta_time2_vs_time1,30,27,0.164933986,"[-0.21, 0.50]",0.392548325,0.999017505,FALSE
Methionine,sCD30/TNFRSF8,delta_time3_vs_time1,30,27,0.164374407,"[-0.22, 0.50]",0.394178574,0.992619405,FALSE
Citric acid,sCD163,delta_time3_vs_time1,30,27,0.164339983,"[-0.22, 0.50]",0.394278991,0.992619405,FALSE
L-Proline,IL-12(p40),delta_time2_vs_time1,30,27,0.164211111,"[-0.22, 0.50]",0.394655041,0.999017505,FALSE
Glutamic Acid,sIL-6Ra,delta_time2_vs_time1,30,27,0.164015321,"[-0.22, 0.50]",0.395226752,0.999017505,FALSE
Threonine,IL-12(p40),delta_time2_vs_time1,30,27,0.16395208,"[-0.22, 0.50]",0.395411517,0.999017505,FALSE
Glycolic acid,IFN-a2,delta_time2_vs_time1,30,27,0.163601202,"[-0.22, 0.50]",0.396437538,0.999017505,FALSE
beta-Alanine,MMP-1,delta_time3_vs_time1,30,27,0.163552684,"[-0.22, 0.50]",0.396579533,0.992619405,FALSE
Ethyl alpha-D-glucopyranoside,IL-29/IFN-lambda1,delta_time3_vs_time1,30,27,0.16348759,"[-0.22, 0.50]",0.396770084,0.992619405,FALSE
Asparagine,gp130/sIL-6Rb,delta_time2_vs_time1,30,27,0.163357766,"[-0.22, 0.50]",0.397150273,0.999017505,FALSE
Lactic Acid,MMP-2,delta_time3_vs_time1,30,27,0.163275969,"[-0.22, 0.50]",0.397389924,0.992619405,FALSE
1-Ethyl-1-tetradecyloxy-1-silacyclohexane,IL-19,delta_time2_vs_time1,30,27,0.162883326,"[-0.22, 0.50]",0.398541436,0.999017505,FALSE
2-Aminoadipic acid,IL-10,delta_time3_vs_time1,30,27,0.162794206,"[-0.22, 0.50]",0.398803066,0.992619405,FALSE
L-Aspartic acid,BAFF/TNFSF13B,delta_time2_vs_time1,30,27,0.162773354,"[-0.22, 0.50]",0.398864296,0.999017505,FALSE
Campesterol,IL-35,delta_time2_vs_time1,30,27,0.162386398,"[-0.22, 0.50]",0.400001505,0.999017505,FALSE
Methionine,IL-12(p40),delta_time2_vs_time1,30,27,0.162265169,"[-0.22, 0.50]",0.400358158,0.999017505,FALSE
Glyceric acid,TSLP,delta_time3_vs_time1,30,27,0.161995078,"[-0.22, 0.50]",0.401153406,0.992619405,FALSE
Indole-3-Latic Acid,IL-12(p40),delta_time3_vs_time1,30,27,0.161973635,"[-0.22, 0.50]",0.401216581,0.992619405,FALSE
Oxalic acid,TSLP,delta_time3_vs_time1,30,27,0.161884565,"[-0.22, 0.50]",0.401479056,0.992619405,FALSE
Indole-3-Latic Acid,IL-26,delta_time2_vs_time1,30,27,0.161820786,"[-0.22, 0.50]",0.401667061,0.999017505,FALSE
Oleic Acid,sTNF-R1,delta_time2_vs_time1,30,27,0.161477218,"[-0.22, 0.50]",0.40268068,0.999017505,FALSE
Serine,IL-12(p40),delta_time2_vs_time1,30,27,0.161412475,"[-0.22, 0.50]",0.40287185,0.999017505,FALSE
Proline,IL-29/IFN-lambda1,delta_time2_vs_time1,30,27,0.161407796,"[-0.22, 0.50]",0.402885668,0.999017505,FALSE
Valine,TSLP,delta_time3_vs_time1,30,27,0.161257222,"[-0.22, 0.50]",0.403330487,0.992619405,FALSE
Lysine,TSLP,delta_time2_vs_time1,30,27,0.161204779,"[-0.22, 0.50]",0.403485476,0.999017505,FALSE
Lactic Acid.1,IL-35,delta_time2_vs_time1,30,27,0.161119989,"[-0.22, 0.50]",0.403736135,0.999017505,FALSE
Tryptophan,APRIL/TNFSF13,delta_time2_vs_time1,30,27,0.161031834,"[-0.22, 0.50]",0.403996834,0.999017505,FALSE
L-Rhamnose,Osteopontin,delta_time3_vs_time1,30,27,0.160981361,"[-0.22, 0.50]",0.404146138,0.992619405,FALSE
"Ethanolamine, 3TMS",TSLP,delta_time2_vs_time1,30,27,0.160730783,"[-0.22, 0.50]",0.404887841,0.999017505,FALSE
Glycine,TSLP,delta_time2_vs_time1,30,27,0.16052582,"[-0.22, 0.50]",0.405495096,0.999017505,FALSE
Lactic Acid,IL-12(p70),delta_time2_vs_time1,30,27,0.160385337,"[-0.22, 0.50]",0.405911608,0.999017505,FALSE
Aminomalonic acid,MMP-3,delta_time3_vs_time1,30,27,0.160108019,"[-0.22, 0.50]",0.406734525,0.992619405,FALSE
Arachidonic acid.1,IL-19,delta_time2_vs_time1,30,27,0.160068493,"[-0.22, 0.50]",0.406851891,0.999017505,FALSE
Glyceraldehyde-3-P(MOX),sCD30/TNFRSF8,delta_time3_vs_time1,30,27,0.160067912,"[-0.22, 0.50]",0.406853616,0.992619405,FALSE
Campesterol,IL-19,delta_time3_vs_time1,30,27,0.160038497,"[-0.22, 0.50]",0.406940972,0.992619405,FALSE
Lactic Acid,IL-11,delta_time3_vs_time1,30,27,0.15992813,"[-0.22, 0.50]",0.40726883,0.992619405,FALSE
Tyrosine,sTNF-R2,delta_time2_vs_time1,30,27,0.159790561,"[-0.22, 0.50]",0.407677704,0.999017505,FALSE
Leucine,MMP-2,delta_time3_vs_time1,30,27,0.15978686,"[-0.22, 0.50]",0.407688706,0.992619405,FALSE
Threonine,sCD163,delta_time3_vs_time1,30,27,0.159219386,"[-0.22, 0.50]",0.409377776,0.992619405,FALSE
Lysine,IL-20,delta_time2_vs_time1,30,27,0.15910864,"[-0.22, 0.50]",0.409707867,0.999017505,FALSE
"2,3,4-Trihydroxybutyric acid",IL-20,delta_time3_vs_time1,30,27,0.159003769,"[-0.22, 0.50]",0.410020583,0.992619405,FALSE
L-Norvaline,TSLP,delta_time2_vs_time1,30,27,0.158929009,"[-0.22, 0.50]",0.410243594,0.999017505,FALSE
Threonine,sTNF-R2,delta_time3_vs_time1,30,27,0.158788572,"[-0.22, 0.50]",0.410662699,0.992619405,FALSE
Glutamine [-H2O],IL-11,delta_time3_vs_time1,30,27,0.158703496,"[-0.22, 0.50]",0.41091671,0.992619405,FALSE
3-OH-Butanoic Acid,BAFF/TNFSF13B,delta_time3_vs_time1,30,27,0.158322905,"[-0.22, 0.50]",0.412054111,0.992619405,FALSE
Lactic Acid.1,IL-19,delta_time2_vs_time1,30,27,0.158065059,"[-0.22, 0.50]",0.412825689,0.999017505,FALSE
Palmitic Acid,IL-29/IFN-lambda1,delta_time2_vs_time1,30,27,0.158033997,"[-0.22, 0.50]",0.412918691,0.999017505,FALSE
Glycolic acid,sTNF-R1,delta_time2_vs_time1,30,27,0.157969828,"[-0.22, 0.50]",0.413110862,0.999017505,FALSE
2-OH-Butanoic Acid,gp130/sIL-6Rb,delta_time2_vs_time1,30,27,0.157940309,"[-0.22, 0.50]",0.413199277,0.999017505,FALSE
Glyceraldehyde-3-P(MOX),MMP-3,delta_time3_vs_time1,30,27,0.157905476,"[-0.22, 0.50]",0.413303628,0.992619405,FALSE
Lactic Acid.1,IL-20,delta_time2_vs_time1,30,27,0.157525293,"[-0.22, 0.50]",0.414443489,0.999017505,FALSE
L-Proline,IFN-y,delta_time3_vs_time1,30,27,0.157365428,"[-0.22, 0.50]",0.41492332,0.992619405,FALSE
Butanoic acid,IL-11,delta_time3_vs_time1,30,27,0.157292642,"[-0.22, 0.50]",0.415141886,0.992619405,FALSE
Methyl galactoside,TWEAK/TNFSF12,delta_time3_vs_time1,30,27,0.15721381,"[-0.22, 0.50]",0.415378683,0.992619405,FALSE
Stearic Acid,sTNF-R1,delta_time2_vs_time1,30,27,0.157186868,"[-0.22, 0.50]",0.415459628,0.999017505,FALSE
2-Keto-3-methylvaleric acid,IL-29/IFN-lambda1,delta_time2_vs_time1,30,27,0.157119608,"[-0.22, 0.50]",0.415661745,0.999017505,FALSE
D-(-)-Ribofuranose,IFN-a2,delta_time3_vs_time1,30,27,0.156911914,"[-0.22, 0.49]",0.416286213,0.992619405,FALSE
Asparagine,IL-12(p70),delta_time2_vs_time1,30,27,0.156909385,"[-0.22, 0.49]",0.416293819,0.999017505,FALSE
Glycerol,IL-12(p70),delta_time2_vs_time1,30,27,0.156830979,"[-0.22, 0.49]",0.416529697,0.999017505,FALSE
Citric acid,TSLP,delta_time2_vs_time1,30,27,0.156733776,"[-0.22, 0.49]",0.416822231,0.999017505,FALSE
3-OH-Butanoic Acid,MMP-3,delta_time3_vs_time1,30,27,0.156716644,"[-0.22, 0.49]",0.416873802,0.992619405,FALSE
Indole-3-Propionic Acid,sTNF-R2,delta_time3_vs_time1,30,27,0.156391032,"[-0.22, 0.49]",0.417854627,0.992619405,FALSE
Lysine,Osteopontin,delta_time3_vs_time1,30,27,0.156279266,"[-0.22, 0.49]",0.418191591,0.992619405,FALSE
Ornithine,sCD30/TNFRSF8,delta_time3_vs_time1,30,27,0.156163981,"[-0.22, 0.49]",0.418539321,0.992619405,FALSE
Aminomalonic acid,TWEAK/TNFSF12,delta_time2_vs_time1,30,27,0.155834185,"[-0.22, 0.49]",0.419534959,0.999017505,FALSE
beta-Alanine,sCD163,delta_time2_vs_time1,30,27,0.155451522,"[-0.22, 0.49]",0.420691846,0.999017505,FALSE
Arachidonic acid,IFN-a2,delta_time3_vs_time1,30,27,0.15544537,"[-0.22, 0.49]",0.420710461,0.992619405,FALSE
Indole-3-Latic Acid,IL-19,delta_time3_vs_time1,30,27,0.155176426,"[-0.22, 0.49]",0.421524622,0.992619405,FALSE
L-Proline,BAFF/TNFSF13B,delta_time3_vs_time1,30,27,0.15508811,"[-0.22, 0.49]",0.421792166,0.992619405,FALSE
2-Aminoadipic acid,IL-20,delta_time2_vs_time1,30,27,0.154943534,"[-0.22, 0.49]",0.422230348,0.999017505,FALSE
Glyceric acid,Pentraxin-3,delta_time3_vs_time1,30,27,0.154850863,"[-0.22, 0.49]",0.422511348,0.992619405,FALSE
Linoleic Acid,sCD30/TNFRSF8,delta_time2_vs_time1,30,27,0.154690784,"[-0.22, 0.49]",0.422996989,0.999017505,FALSE
Nonanoic acid,IL-28A/IFN-lambda2,delta_time3_vs_time1,30,27,0.154541569,"[-0.22, 0.49]",0.423449948,0.992619405,FALSE
Phenylalanine,IL-20,delta_time2_vs_time1,30,27,0.154539841,"[-0.22, 0.49]",0.423455195,0.999017505,FALSE
Methionine,APRIL/TNFSF13,delta_time3_vs_time1,30,27,0.154490211,"[-0.22, 0.49]",0.42360591,0.992619405,FALSE
Proline,IL-35,delta_time3_vs_time1,30,27,0.154286523,"[-0.22, 0.49]",0.424224788,0.992619405,FALSE
3-OH-Butanoic Acid,Osteopontin,delta_time3_vs_time1,30,27,0.154161219,"[-0.23, 0.49]",0.424605753,0.992619405,FALSE
Ornithine,sIL-6Ra,delta_time2_vs_time1,30,27,0.153860094,"[-0.23, 0.49]",0.425522042,0.999017505,FALSE
Threonine,IL-10,delta_time2_vs_time1,30,27,0.153669969,"[-0.23, 0.49]",0.42610113,0.999017505,FALSE
"Ethanolamine, 2TMS",Pentraxin-3,delta_time2_vs_time1,30,27,0.153152628,"[-0.23, 0.49]",0.427679057,0.999017505,FALSE
Indole-3-Propionic Acid,Osteocalcin,delta_time3_vs_time1,30,27,0.153073726,"[-0.23, 0.49]",0.427919995,0.992619405,FALSE
Butanoic acid,BAFF/TNFSF13B,delta_time2_vs_time1,30,27,0.153018026,"[-0.23, 0.49]",0.428090126,0.999017505,FALSE
Glyceraldehyde-3-P(MOX),sIL-6Ra,delta_time3_vs_time1,30,27,0.152905324,"[-0.23, 0.49]",0.428434482,0.992619405,FALSE
Stearic Acid,IL-19,delta_time3_vs_time1,30,27,0.152459766,"[-0.23, 0.49]",0.429797352,0.992619405,FALSE
Leucine,sTNF-R1,delta_time3_vs_time1,30,27,0.152349293,"[-0.23, 0.49]",0.430135634,0.992619405,FALSE
L-5-Oxoproline,MMP-1,delta_time3_vs_time1,30,27,0.152288868,"[-0.23, 0.49]",0.430320725,0.992619405,FALSE
"11-Eicosenoic acid, (E)-",sCD163,delta_time3_vs_time1,30,27,0.152177546,"[-0.23, 0.49]",0.430661831,0.992619405,FALSE
Doconexent,Pentraxin-3,delta_time2_vs_time1,30,27,0.152104733,"[-0.23, 0.49]",0.430885022,0.999017505,FALSE
"11-Eicosenoic acid, (E)-",Osteopontin,delta_time2_vs_time1,30,27,0.152061671,"[-0.23, 0.49]",0.431017049,0.999017505,FALSE
Indole-3-Propionic Acid,TWEAK/TNFSF12,delta_time3_vs_time1,30,27,0.151960462,"[-0.23, 0.49]",0.431327436,0.992619405,FALSE
Linoleic Acid,Osteopontin,delta_time2_vs_time1,30,27,0.151881044,"[-0.23, 0.49]",0.431571082,0.999017505,FALSE
"2,3,4-Trihydroxybutyric acid",IL-10,delta_time2_vs_time1,30,27,0.151878053,"[-0.23, 0.49]",0.43158026,0.999017505,FALSE
"2,3,4-Trihydroxybutyric acid",sTNF-R2,delta_time2_vs_time1,30,27,0.151721113,"[-0.23, 0.49]",0.43206196,0.999017505,FALSE
1-Monooleoylglycerol,IL-10,delta_time2_vs_time1,30,27,0.151499633,"[-0.23, 0.49]",0.432742257,0.999017505,FALSE
Oleic Acid,IL-12(p70),delta_time3_vs_time1,30,27,0.151385747,"[-0.23, 0.49]",0.433092295,0.992619405,FALSE
Nonanoic acid,sIL-6Ra,delta_time3_vs_time1,30,27,0.151159742,"[-0.23, 0.49]",0.433787398,0.992619405,FALSE
Palmitic Acid,IL-12(p40),delta_time2_vs_time1,30,27,0.150961087,"[-0.23, 0.49]",0.434398885,0.999017505,FALSE
Oleic Acid,IL-10,delta_time2_vs_time1,30,27,0.150959357,"[-0.23, 0.49]",0.434404213,0.999017505,FALSE
Phenylalanine,IL-35,delta_time3_vs_time1,30,27,0.150690319,"[-0.23, 0.49]",0.435233102,0.992619405,FALSE
1-Monopalmitin,IL-10,delta_time3_vs_time1,30,27,0.150655403,"[-0.23, 0.49]",0.435340741,0.992619405,FALSE
"2-Ethyl-3-hydroxypropionic acid, di-",IL-20,delta_time2_vs_time1,30,27,0.15019953,"[-0.23, 0.49]",0.436747408,0.999017505,FALSE
Campesterol,IL-10,delta_time3_vs_time1,30,27,0.150129599,"[-0.23, 0.49]",0.436963409,0.992619405,FALSE
L-Norvaline,sIL-6Ra,delta_time3_vs_time1,30,27,0.149979559,"[-0.23, 0.49]",0.437427047,0.992619405,FALSE
Proline,IL-12(p70),delta_time3_vs_time1,30,27,0.149065325,"[-0.23, 0.49]",0.440257869,0.992619405,FALSE
Lactic Acid,sCD163,delta_time3_vs_time1,30,27,0.14904317,"[-0.23, 0.49]",0.440326592,0.992619405,FALSE
Stearic Acid,Pentraxin-3,delta_time2_vs_time1,30,27,0.149022629,"[-0.23, 0.49]",0.440390314,0.999017505,FALSE
2-Keto-3-methylvaleric acid,IL-28A/IFN-lambda2,delta_time2_vs_time1,30,27,0.148586191,"[-0.23, 0.49]",0.4417454,0.999017505,FALSE
Glyceraldehyde-3-P(MOX),IL-29/IFN-lambda1,delta_time2_vs_time1,30,27,0.148507753,"[-0.23, 0.49]",0.441989181,0.999017505,FALSE
Oxalic acid,IFN-a2,delta_time3_vs_time1,30,27,0.148236701,"[-0.23, 0.49]",0.442832147,0.992619405,FALSE
Oxalic acid,IL-20,delta_time3_vs_time1,30,27,0.148159469,"[-0.23, 0.49]",0.443072497,0.992619405,FALSE
Methionine,IL-35,delta_time2_vs_time1,30,27,0.148004917,"[-0.23, 0.49]",0.443553679,0.999017505,FALSE
Doconexent,sTNF-R1,delta_time2_vs_time1,30,27,0.147964949,"[-0.23, 0.49]",0.44367816,0.999017505,FALSE
"Ethanolamine, 2TMS",IFN-y,delta_time3_vs_time1,30,27,0.147866121,"[-0.23, 0.49]",0.443986047,0.992619405,FALSE
L-Proline,APRIL/TNFSF13,delta_time2_vs_time1,30,27,0.147833546,"[-0.23, 0.49]",0.444087553,0.999017505,FALSE
1-Ethyl-1-tetradecyloxy-1-silacyclohexane,sTNF-R1,delta_time2_vs_time1,30,27,0.147216127,"[-0.23, 0.49]",0.446013878,0.999017505,FALSE
Glyceraldehyde-3-P(MOX),sCD163,delta_time3_vs_time1,30,27,0.147055717,"[-0.23, 0.49]",0.446515085,0.992619405,FALSE
Oxalic acid,IL-19,delta_time2_vs_time1,30,27,0.146854754,"[-0.23, 0.49]",0.447143426,0.999017505,FALSE
"1,5-Anhydrohexitol",IFN-a2,delta_time2_vs_time1,30,27,0.146172969,"[-0.23, 0.49]",0.449278665,0.999017505,FALSE
L-Rhamnose,IL-12(p40),delta_time3_vs_time1,30,27,0.146135725,"[-0.23, 0.49]",0.449395465,0.992619405,FALSE
2-OH-Butanoic Acid,Chitinase 3-like1,delta_time3_vs_time1,30,27,0.146113881,"[-0.23, 0.49]",0.449463976,0.992619405,FALSE
Methionine,TSLP,delta_time2_vs_time1,30,27,0.145913493,"[-0.23, 0.49]",0.450092732,0.999017505,FALSE
Serine,sTNF-R1,delta_time3_vs_time1,30,27,0.145825598,"[-0.23, 0.49]",0.450368668,0.992619405,FALSE
2-OH-Butanoic Acid,Osteocalcin,delta_time3_vs_time1,30,27,0.145605351,"[-0.23, 0.49]",0.451060504,0.992619405,FALSE
Decanoic acid,Chitinase 3-like1,delta_time3_vs_time1,30,27,0.145564848,"[-0.23, 0.49]",0.451187792,0.992619405,FALSE
"2,3,4-Trihydroxybutyric acid",sCD30/TNFRSF8,delta_time3_vs_time1,30,27,0.145526932,"[-0.23, 0.49]",0.451306969,0.992619405,FALSE
Butanoic acid,MMP-1,delta_time3_vs_time1,30,27,0.145097561,"[-0.23, 0.49]",0.452657722,0.992619405,FALSE
Phenylalanine,IL-11,delta_time3_vs_time1,30,27,0.144733509,"[-0.23, 0.49]",0.453804676,0.992619405,FALSE
Aminomalonic acid,APRIL/TNFSF13,delta_time3_vs_time1,30,27,0.144616325,"[-0.23, 0.49]",0.454174195,0.992619405,FALSE
N-Acetylglutamine,sTNF-R2,delta_time3_vs_time1,30,27,0.144322408,"[-0.23, 0.49]",0.455101717,0.992619405,FALSE
Glycerol,MMP-2,delta_time3_vs_time1,30,27,0.144056101,"[-0.23, 0.48]",0.455942972,0.992619405,FALSE
Tyrosine,MMP-2,delta_time2_vs_time1,30,27,0.143716432,"[-0.24, 0.48]",0.457017177,0.999017505,FALSE
Serine,sCD163,delta_time3_vs_time1,30,27,0.143623337,"[-0.24, 0.48]",0.457311823,0.992619405,FALSE
DL-Ornithine,Pentraxin-3,delta_time3_vs_time1,30,27,0.143615051,"[-0.24, 0.48]",0.457338054,0.992619405,FALSE
L-Rhamnose,TSLP,delta_time3_vs_time1,30,27,0.143292245,"[-0.24, 0.48]",0.458360547,0.992619405,FALSE
L-Proline,IL-28A/IFN-lambda2,delta_time3_vs_time1,30,27,0.143241226,"[-0.24, 0.48]",0.458522264,0.992619405,FALSE
"2,3,4-Trihydroxybutyric acid",TSLP,delta_time2_vs_time1,30,27,0.143196425,"[-0.24, 0.48]",0.458664292,0.999017505,FALSE
Arginine [-NH3],TSLP,delta_time3_vs_time1,30,27,0.142997299,"[-0.24, 0.48]",0.459295853,0.992619405,FALSE
Glycolic acid,IL-19,delta_time2_vs_time1,30,27,0.142744784,"[-0.24, 0.48]",0.460097403,0.999017505,FALSE
Oleic Acid,Pentraxin-3,delta_time3_vs_time1,30,27,0.142629466,"[-0.24, 0.48]",0.460463698,0.992619405,FALSE
3-OH-Butanoic Acid,MMP-2,delta_time2_vs_time1,30,27,0.141629059,"[-0.24, 0.48]",0.463647838,0.999017505,FALSE
Nonanoic acid,BAFF/TNFSF13B,delta_time3_vs_time1,30,27,0.141586542,"[-0.24, 0.48]",0.463783419,0.992619405,FALSE
L-Proline,IL-19,delta_time3_vs_time1,30,27,0.141506289,"[-0.24, 0.48]",0.464039389,0.992619405,FALSE
Serine,TSLP,delta_time2_vs_time1,30,27,0.14148615,"[-0.24, 0.48]",0.464103636,0.999017505,FALSE
Proline,IFN-y,delta_time3_vs_time1,30,27,0.141393448,"[-0.24, 0.48]",0.464399431,0.992619405,FALSE
Methionine,sTNF-R1,delta_time3_vs_time1,30,27,0.141175296,"[-0.24, 0.48]",0.4650959,0.992619405,FALSE
1H-Indole-3-Acetic Acid,gp130/sIL-6Rb,delta_time3_vs_time1,30,27,0.140951795,"[-0.24, 0.48]",0.465810012,0.992619405,FALSE
Methionine,IL-29/IFN-lambda1,delta_time3_vs_time1,30,27,0.140939287,"[-0.24, 0.48]",0.465849992,0.992619405,FALSE
1-Ethyl-1-tetradecyloxy-1-silacyclohexane,APRIL/TNFSF13,delta_time2_vs_time1,30,27,0.140811421,"[-0.24, 0.48]",0.466258818,0.999017505,FALSE
Asparagine,IFN-y,delta_time2_vs_time1,30,27,0.140765701,"[-0.24, 0.48]",0.466405042,0.999017505,FALSE
2-Keto-3-methylvaleric acid,sTNF-R2,delta_time3_vs_time1,30,27,0.140765136,"[-0.24, 0.48]",0.466406849,0.992619405,FALSE
Oleic Acid,IL-19,delta_time2_vs_time1,30,27,0.140694746,"[-0.24, 0.48]",0.466632025,0.999017505,FALSE
2-Keto-3-methylvaleric acid,TSLP,delta_time2_vs_time1,30,27,0.140675761,"[-0.24, 0.48]",0.466692767,0.999017505,FALSE
Palmitic Acid,APRIL/TNFSF13,delta_time3_vs_time1,30,27,0.140434355,"[-0.24, 0.48]",0.467465498,0.992619405,FALSE
2-OH-Butanoic Acid,MMP-1,delta_time2_vs_time1,30,27,0.140408489,"[-0.24, 0.48]",0.467548332,0.999017505,FALSE
Indole-3-Propionic Acid,MMP-3,delta_time3_vs_time1,30,27,0.14005534,"[-0.24, 0.48]",0.468680058,0.992619405,FALSE
Serine,Pentraxin-3,delta_time2_vs_time1,30,27,0.139761705,"[-0.24, 0.48]",0.469622147,0.999017505,FALSE
2-OH-Butanoic Acid,IFN-y,delta_time2_vs_time1,30,27,0.139666631,"[-0.24, 0.48]",0.469927392,0.999017505,FALSE
Methyl galactoside,IL-29/IFN-lambda1,delta_time2_vs_time1,30,27,0.13962602,"[-0.24, 0.48]",0.470057809,0.999017505,FALSE
Lactic Acid.1,MMP-2,delta_time2_vs_time1,30,27,0.139352002,"[-0.24, 0.48]",0.470938274,0.999017505,FALSE
Decanoic acid,IL-20,delta_time3_vs_time1,30,27,0.139200173,"[-0.24, 0.48]",0.471426499,0.992619405,FALSE
1-Monooleoylglycerol,sTNF-R2,delta_time2_vs_time1,30,27,0.13916122,"[-0.24, 0.48]",0.471551797,0.999017505,FALSE
Decanoic acid,sTNF-R1,delta_time2_vs_time1,30,27,0.13881327,"[-0.24, 0.48]",0.472671813,0.999017505,FALSE
Linoleic Acid,IL-12(p40),delta_time2_vs_time1,30,27,0.138715676,"[-0.24, 0.48]",0.472986207,0.999017505,FALSE
Indole-3-Propionic Acid,MMP-2,delta_time3_vs_time1,30,27,0.138587144,"[-0.24, 0.48]",0.473400429,0.992619405,FALSE
"Ethanolamine, 2TMS",IFN-a2,delta_time2_vs_time1,30,27,0.138319659,"[-0.24, 0.48]",0.474263061,0.999017505,FALSE
L-5-Oxoproline,IL-10,delta_time2_vs_time1,30,27,0.138311973,"[-0.24, 0.48]",0.474287863,0.999017505,FALSE
Glutamic Acid,IL-10,delta_time2_vs_time1,30,27,0.138242054,"[-0.24, 0.48]",0.474513491,0.999017505,FALSE
Diethanolamine,IL-19,delta_time2_vs_time1,30,27,0.138237494,"[-0.24, 0.48]",0.474528207,0.999017505,FALSE
L-Proline,IL-10,delta_time2_vs_time1,30,27,0.138172615,"[-0.24, 0.48]",0.474737622,0.999017505,FALSE
Tyrosine,sCD163,delta_time2_vs_time1,30,27,0.138118523,"[-0.24, 0.48]",0.474912257,0.999017505,FALSE
beta-D-Xylopyranose,sIL-6Ra,delta_time3_vs_time1,30,27,0.138058552,"[-0.24, 0.48]",0.475105912,0.992619405,FALSE
2-Aminoadipic acid,MMP-1,delta_time2_vs_time1,30,27,0.13803743,"[-0.24, 0.48]",0.475174127,0.999017505,FALSE
"Ethanolamine, 3TMS",IL-12(p40),delta_time2_vs_time1,30,27,0.137920295,"[-0.24, 0.48]",0.475552517,0.999017505,FALSE
Arachidonic acid,IL-35,delta_time2_vs_time1,30,27,0.137858693,"[-0.24, 0.48]",0.475751578,0.999017505,FALSE
Linoleic Acid,sTNF-R1,delta_time2_vs_time1,30,27,0.137672896,"[-0.24, 0.48]",0.476352223,0.999017505,FALSE
2-Keto-3-methylvaleric acid,IL-10,delta_time3_vs_time1,30,27,0.137498423,"[-0.24, 0.48]",0.476916614,0.992619405,FALSE
Stearic Acid,IL-26,delta_time3_vs_time1,30,27,0.137442856,"[-0.24, 0.48]",0.477096436,0.992619405,FALSE
Glyceric acid,sTNF-R1,delta_time2_vs_time1,30,27,0.13744103,"[-0.24, 0.48]",0.477102347,0.999017505,FALSE
Tyrosine,IL-10,delta_time3_vs_time1,30,27,0.13743904,"[-0.24, 0.48]",0.477108786,0.992619405,FALSE
"9-Hexadecenoic acid, (Z)-",IL-20,delta_time3_vs_time1,30,27,0.137387131,"[-0.24, 0.48]",0.477276804,0.992619405,FALSE
"2-Ethyl-3-hydroxypropionic acid, di-",IL-29/IFN-lambda1,delta_time2_vs_time1,30,27,0.137245777,"[-0.24, 0.48]",0.477734493,0.999017505,FALSE
Tyrosine,IL-28A/IFN-lambda2,delta_time2_vs_time1,30,27,0.137023064,"[-0.24, 0.48]",0.478456074,0.999017505,FALSE
L-(+)-Erythrulose,IFN-y,delta_time2_vs_time1,30,27,0.13669129,"[-0.24, 0.48]",0.479532044,0.999017505,FALSE
Linoleic Acid,TSLP,delta_time3_vs_time1,30,27,0.136658579,"[-0.24, 0.48]",0.479638198,0.992619405,FALSE
Decanoic acid,sTNF-R2,delta_time3_vs_time1,30,27,0.1363409,"[-0.24, 0.48]",0.480669742,0.992619405,FALSE
2-Aminoadipic acid,BAFF/TNFSF13B,delta_time2_vs_time1,30,27,0.13627796,"[-0.24, 0.48]",0.480874252,0.999017505,FALSE
"9-Hexadecenoic acid, (Z)-",TSLP,delta_time2_vs_time1,30,27,0.136226045,"[-0.24, 0.48]",0.481042972,0.999017505,FALSE
beta-Alanine,sCD30/TNFRSF8,delta_time2_vs_time1,30,27,0.135710504,"[-0.24, 0.48]",0.482720087,0.999017505,FALSE
2-Aminoheptanedioic acid,MMP-3,delta_time3_vs_time1,30,27,0.135647958,"[-0.24, 0.48]",0.482923762,0.992619405,FALSE
"D-Arabinose, tetrakis",IFN-y,delta_time2_vs_time1,30,27,0.13562852,"[-0.24, 0.48]",0.482987069,0.999017505,FALSE
"11-Eicosenoic acid, (E)-",IL-12(p70),delta_time2_vs_time1,30,27,0.135585298,"[-0.24, 0.48]",0.483127849,0.999017505,FALSE
Indole-3-Propionic Acid,IL-35,delta_time3_vs_time1,30,27,0.135553051,"[-0.24, 0.48]",0.483232897,0.992619405,FALSE
Threonine,sIL-6Ra,delta_time3_vs_time1,30,27,0.135449094,"[-0.24, 0.48]",0.483571629,0.992619405,FALSE
Dodecanoic acid,APRIL/TNFSF13,delta_time2_vs_time1,30,27,0.135289404,"[-0.24, 0.48]",0.484092196,0.999017505,FALSE
beta-Alanine,MMP-2,delta_time3_vs_time1,30,27,0.135163408,"[-0.24, 0.48]",0.484503129,0.992619405,FALSE
"2-Ethyl-3-hydroxypropionic acid, di-",sCD30/TNFRSF8,delta_time2_vs_time1,30,27,0.135020531,"[-0.24, 0.48]",0.484969331,0.999017505,FALSE
Alanine,sCD30/TNFRSF8,delta_time3_vs_time1,30,27,0.134973926,"[-0.24, 0.48]",0.485121453,0.992619405,FALSE
beta-Alanine,IL-29/IFN-lambda1,delta_time2_vs_time1,30,27,0.134767708,"[-0.24, 0.48]",0.485794849,0.999017505,FALSE
2-Aminoheptanedioic acid,TWEAK/TNFSF12,delta_time3_vs_time1,30,27,0.134379541,"[-0.24, 0.48]",0.487063686,0.992619405,FALSE
DL-Ornithine,BAFF/TNFSF13B,delta_time2_vs_time1,30,27,0.13418433,"[-0.24, 0.48]",0.487702426,0.999017505,FALSE
Arginine [-NH3],IL-28A/IFN-lambda2,delta_time2_vs_time1,30,27,0.133895223,"[-0.24, 0.48]",0.488649182,0.999017505,FALSE
Lactic Acid,MMP-3,delta_time2_vs_time1,30,27,0.133889532,"[-0.24, 0.48]",0.488667828,0.999017505,FALSE
Asparagine,MMP-1,delta_time3_vs_time1,30,27,0.133653809,"[-0.24, 0.48]",0.48944047,0.992619405,FALSE
Proline,BAFF/TNFSF13B,delta_time2_vs_time1,30,27,0.133584991,"[-0.24, 0.48]",0.489666156,0.999017505,FALSE
Valine,IL-35,delta_time2_vs_time1,30,27,0.133556336,"[-0.24, 0.48]",0.489760142,0.999017505,FALSE
Lactic Acid.1,sTNF-R2,delta_time2_vs_time1,30,27,0.133470267,"[-0.25, 0.48]",0.490042505,0.999017505,FALSE
2-Keto-3-methylvaleric acid,IL-20,delta_time3_vs_time1,30,27,0.133447248,"[-0.25, 0.48]",0.490118035,0.992619405,FALSE
Phenylalanine,TWEAK/TNFSF12,delta_time2_vs_time1,30,27,0.133398159,"[-0.25, 0.48]",0.490279127,0.999017505,FALSE
"11-Eicosenoic acid, (E)-",BAFF/TNFSF13B,delta_time3_vs_time1,30,27,0.133231589,"[-0.25, 0.48]",0.490825952,0.992619405,FALSE
Proline,TWEAK/TNFSF12,delta_time3_vs_time1,30,27,0.133165733,"[-0.25, 0.48]",0.491042232,0.992619405,FALSE
Diethanolamine,TSLP,delta_time2_vs_time1,30,27,0.133103844,"[-0.25, 0.48]",0.491245529,0.999017505,FALSE
L-Aspartic acid,IL-12(p70),delta_time2_vs_time1,30,27,0.133093499,"[-0.25, 0.48]",0.491279516,0.999017505,FALSE
Phenylalanine,Pentraxin-3,delta_time3_vs_time1,30,27,0.133087862,"[-0.25, 0.48]",0.491298034,0.992619405,FALSE
Methionine,IFN-a2,delta_time2_vs_time1,30,27,0.13279979,"[-0.25, 0.48]",0.49224492,0.999017505,FALSE
beta-Alanine,IL-20,delta_time3_vs_time1,30,27,0.132677009,"[-0.25, 0.48]",0.492648779,0.992619405,FALSE
N-Acetylglutamine,IFN-a2,delta_time3_vs_time1,30,27,0.132669687,"[-0.25, 0.48]",0.492672869,0.992619405,FALSE
3-OH-Butanoic Acid,TWEAK/TNFSF12,delta_time2_vs_time1,30,27,0.132606387,"[-0.25, 0.48]",0.492881151,0.999017505,FALSE
Glycine,Osteopontin,delta_time3_vs_time1,30,27,0.132477163,"[-0.25, 0.48]",0.493306483,0.992619405,FALSE
Arachidonic acid,IL-10,delta_time2_vs_time1,30,27,0.132290877,"[-0.25, 0.48]",0.493919959,0.999017505,FALSE
Tryptophan,IL-26,delta_time2_vs_time1,30,27,0.132102098,"[-0.25, 0.48]",0.494542039,0.999017505,FALSE
Oleic Acid,IL-10,delta_time3_vs_time1,30,27,0.131987096,"[-0.25, 0.48]",0.494921196,0.992619405,FALSE
2-Keto-3-methylvaleric acid,APRIL/TNFSF13,delta_time3_vs_time1,30,27,0.131763486,"[-0.25, 0.48]",0.495658849,0.992619405,FALSE
Valine,IL-19,delta_time3_vs_time1,30,27,0.131755148,"[-0.25, 0.48]",0.495686363,0.992619405,FALSE
Nonanoic acid,sCD30/TNFRSF8,delta_time3_vs_time1,30,27,0.131744641,"[-0.25, 0.48]",0.495721037,0.992619405,FALSE
Valine,IFN-y,delta_time3_vs_time1,30,27,0.131577869,"[-0.25, 0.48]",0.496271587,0.992619405,FALSE
L-Rhamnose,IL-29/IFN-lambda1,delta_time3_vs_time1,30,27,0.131381457,"[-0.25, 0.48]",0.496920376,0.992619405,FALSE
Glyceraldehyde-3-P(MOX),BAFF/TNFSF13B,delta_time3_vs_time1,30,27,0.131223708,"[-0.25, 0.47]",0.497441763,0.992619405,FALSE
Ornithine,IL-12(p40),delta_time2_vs_time1,30,27,0.131136137,"[-0.25, 0.47]",0.497731316,0.999017505,FALSE
Arachidonic acid.1,sTNF-R1,delta_time2_vs_time1,30,27,0.131108928,"[-0.25, 0.47]",0.497821303,0.999017505,FALSE
1H-Indole-3-Acetic Acid,sTNF-R2,delta_time3_vs_time1,30,27,0.130973026,"[-0.25, 0.47]",0.498270873,0.992619405,FALSE
Citric acid,MMP-3,delta_time3_vs_time1,30,27,0.130967863,"[-0.25, 0.47]",0.498287956,0.992619405,FALSE
L-Proline,sTNF-R1,delta_time3_vs_time1,30,27,0.130918623,"[-0.25, 0.47]",0.498450898,0.992619405,FALSE
"2-Ethyl-3-hydroxypropionic acid, di-",IL-28A/IFN-lambda2,delta_time2_vs_time1,30,27,0.130777161,"[-0.25, 0.47]",0.498919162,0.999017505,FALSE
Glycine,TWEAK/TNFSF12,delta_time2_vs_time1,30,27,0.130526748,"[-0.25, 0.47]",0.499748613,0.999017505,FALSE
Asparagine,sCD30/TNFRSF8,delta_time3_vs_time1,30,27,0.130333213,"[-0.25, 0.47]",0.500390138,0.992619405,FALSE
Diethanolamine,IL-28A/IFN-lambda2,delta_time2_vs_time1,30,27,0.130261062,"[-0.25, 0.47]",0.50062941,0.999017505,FALSE
Tryptophan,MMP-3,delta_time3_vs_time1,30,27,0.130222999,"[-0.25, 0.47]",0.500755658,0.992619405,FALSE
Glyceraldehyde-3-P(MOX),IFN-y,delta_time2_vs_time1,30,27,0.129968287,"[-0.25, 0.47]",0.501600908,0.999017505,FALSE
Threonine,TSLP,delta_time2_vs_time1,30,27,0.129632409,"[-0.25, 0.47]",0.502716591,0.999017505,FALSE
N-Acetylglutamine,IFN-y,delta_time3_vs_time1,30,27,0.129626735,"[-0.25, 0.47]",0.502735447,0.992619405,FALSE
Lactic Acid.1,Pentraxin-3,delta_time2_vs_time1,30,27,0.12933815,"[-0.25, 0.47]",0.503695043,0.999017505,FALSE
"Ethanolamine, 3TMS",Pentraxin-3,delta_time3_vs_time1,30,27,0.129303291,"[-0.25, 0.47]",0.503811018,0.992619405,FALSE
Phenylalanine,IL-12(p40),delta_time2_vs_time1,30,27,0.129258416,"[-0.25, 0.47]",0.503960332,0.999017505,FALSE
Glyceric acid,TSLP,delta_time2_vs_time1,30,27,0.129111617,"[-0.25, 0.47]",0.504448943,0.999017505,FALSE
L-(+)-Erythrulose,Pentraxin-3,delta_time3_vs_time1,30,27,0.128872791,"[-0.25, 0.47]",0.505244362,0.992619405,FALSE
Glutamic Acid,Osteopontin,delta_time2_vs_time1,30,27,0.128833823,"[-0.25, 0.47]",0.505374203,0.999017505,FALSE
Glutamic Acid,MMP-1,delta_time2_vs_time1,30,27,0.128790456,"[-0.25, 0.47]",0.505518726,0.999017505,FALSE
"11-Eicosenoic acid, (E)-",sTNF-R2,delta_time3_vs_time1,30,27,0.128650184,"[-0.25, 0.47]",0.505986321,0.992619405,FALSE
"D-Arabinose, tetrakis",gp130/sIL-6Rb,delta_time2_vs_time1,30,27,0.128464689,"[-0.25, 0.47]",0.506605,0.999017505,FALSE
3-OH-Butanoic Acid,APRIL/TNFSF13,delta_time2_vs_time1,30,27,0.128444502,"[-0.25, 0.47]",0.506672351,0.999017505,FALSE
Ascorbic Acid,IL-26,delta_time2_vs_time1,30,27,0.128345601,"[-0.25, 0.47]",0.507002391,0.999017505,FALSE
Linoleic Acid,IL-28A/IFN-lambda2,delta_time2_vs_time1,30,27,0.128331292,"[-0.25, 0.47]",0.507050147,0.999017505,FALSE
beta-Alanine,IL-19,delta_time2_vs_time1,30,27,0.128320321,"[-0.25, 0.47]",0.507086766,0.999017505,FALSE
Dodecanoic acid,Pentraxin-3,delta_time3_vs_time1,30,27,0.128312929,"[-0.25, 0.47]",0.50711144,0.992619405,FALSE
Cholesterol,IL-12(p70),delta_time2_vs_time1,30,27,0.128277022,"[-0.25, 0.47]",0.507231304,0.999017505,FALSE
L-Aspartic acid,IL-10,delta_time3_vs_time1,30,27,0.128210198,"[-0.25, 0.47]",0.507454408,0.992619405,FALSE
Arachidonic acid,Pentraxin-3,delta_time2_vs_time1,30,27,0.127951168,"[-0.25, 0.47]",0.508319689,0.999017505,FALSE
"Ethanolamine, 2TMS",IL-29/IFN-lambda1,delta_time3_vs_time1,30,27,0.127916974,"[-0.25, 0.47]",0.508433967,0.992619405,FALSE
Oleic Acid,IL-19,delta_time3_vs_time1,30,27,0.127908135,"[-0.25, 0.47]",0.50846351,0.992619405,FALSE
Citric acid,Osteocalcin,delta_time3_vs_time1,30,27,0.127854267,"[-0.25, 0.47]",0.508643572,0.992619405,FALSE
Ethyl alpha-D-glucopyranoside,IL-29/IFN-lambda1,delta_time2_vs_time1,30,27,0.127272585,"[-0.25, 0.47]",0.510589929,0.999017505,FALSE
Cysteine,IL-20,delta_time2_vs_time1,30,27,0.127182495,"[-0.25, 0.47]",0.510891708,0.999017505,FALSE
Glutamine [-H2O],Pentraxin-3,delta_time3_vs_time1,30,27,0.126679663,"[-0.25, 0.47]",0.512577668,0.992619405,FALSE
1-Heptadecanol,sCD30/TNFRSF8,delta_time2_vs_time1,30,27,0.126678164,"[-0.25, 0.47]",0.5125827,0.999017505,FALSE
Stearic Acid,TSLP,delta_time2_vs_time1,30,27,0.126521652,"[-0.25, 0.47]",0.513108035,0.999017505,FALSE
"Ethanolamine, 2TMS",IL-12(p70),delta_time3_vs_time1,30,27,0.126475507,"[-0.25, 0.47]",0.513262972,0.992619405,FALSE
Indole-3-Latic Acid,gp130/sIL-6Rb,delta_time3_vs_time1,30,27,0.126407251,"[-0.25, 0.47]",0.513492191,0.992619405,FALSE
Decanoic acid,sCD30/TNFRSF8,delta_time3_vs_time1,30,27,0.126206704,"[-0.25, 0.47]",0.514165961,0.992619405,FALSE
L-Norvaline,IL-12(p40),delta_time2_vs_time1,30,27,0.126192054,"[-0.25, 0.47]",0.514215197,0.999017505,FALSE
"2,3,4-Trihydroxybutyric acid",IL-19,delta_time3_vs_time1,30,27,0.125999511,"[-0.25, 0.47]",0.514862518,0.992619405,FALSE
L-5-Oxoproline,IL-19,delta_time3_vs_time1,30,27,0.125899814,"[-0.25, 0.47]",0.515197851,0.992619405,FALSE
Lysine,sIL-6Ra,delta_time3_vs_time1,30,27,0.125749503,"[-0.25, 0.47]",0.515703629,0.992619405,FALSE
Ascorbic Acid,IL-19,delta_time2_vs_time1,30,27,0.125381705,"[-0.25, 0.47]",0.516942245,0.999017505,FALSE
Lactic Acid,BAFF/TNFSF13B,delta_time3_vs_time1,30,27,0.125068157,"[-0.25, 0.47]",0.517999312,0.992619405,FALSE
Glutamine [-H2O],IL-12(p40),delta_time3_vs_time1,30,27,0.124896651,"[-0.25, 0.47]",0.518577955,0.992619405,FALSE
beta-D-Xylopyranose,Pentraxin-3,delta_time3_vs_time1,30,27,0.124755837,"[-0.25, 0.47]",0.519053284,0.992619405,FALSE
Glutamine [-H2O],IFN-y,delta_time3_vs_time1,30,27,0.124669765,"[-0.25, 0.47]",0.519343931,0.992619405,FALSE
2-Aminoadipic acid,MMP-3,delta_time3_vs_time1,30,27,0.124631099,"[-0.25, 0.47]",0.519474526,0.992619405,FALSE
Butanoic acid,IL-20,delta_time3_vs_time1,30,27,0.124603356,"[-0.25, 0.47]",0.519568235,0.992619405,FALSE
L-Alanine,IL-20,delta_time2_vs_time1,30,27,0.124576792,"[-0.25, 0.47]",0.519657971,0.999017505,FALSE
2-Aminoheptanedioic acid,sCD30/TNFRSF8,delta_time2_vs_time1,30,27,0.124339493,"[-0.25, 0.47]",0.520459927,0.999017505,FALSE
Oxalic acid,IL-12(p70),delta_time2_vs_time1,30,27,0.123938321,"[-0.25, 0.47]",0.521817059,0.999017505,FALSE
1-Ethyl-1-tetradecyloxy-1-silacyclohexane,IL-35,delta_time3_vs_time1,30,27,0.123892631,"[-0.25, 0.47]",0.521971734,0.992619405,FALSE
N-Acetylglutamine,sTNF-R1,delta_time2_vs_time1,30,27,0.12384321,"[-0.25, 0.47]",0.522139062,0.999017505,FALSE
Doconexent,IL-35,delta_time2_vs_time1,30,27,0.123824842,"[-0.25, 0.47]",0.522201262,0.999017505,FALSE
Diethanolamine,IL-10,delta_time2_vs_time1,30,27,0.123648425,"[-0.25, 0.47]",0.522798823,0.999017505,FALSE
Butanoic acid,IFN-y,delta_time3_vs_time1,30,27,0.123645134,"[-0.25, 0.47]",0.522809971,0.992619405,FALSE
Proline,sCD30/TNFRSF8,delta_time3_vs_time1,30,27,0.123620435,"[-0.25, 0.47]",0.522893659,0.992619405,FALSE
DL-Ornithine,IL-35,delta_time3_vs_time1,30,27,0.123243581,"[-0.25, 0.47]",0.524171364,0.992619405,FALSE
Leucine,Osteocalcin,delta_time3_vs_time1,30,27,0.123196888,"[-0.25, 0.47]",0.524329777,0.992619405,FALSE
2-Keto-3-methylvaleric acid,sCD30/TNFRSF8,delta_time3_vs_time1,30,27,0.12315436,"[-0.25, 0.47]",0.524474082,0.992619405,FALSE
Glycine,IL-29/IFN-lambda1,delta_time2_vs_time1,30,27,0.123143074,"[-0.25, 0.47]",0.52451238,0.999017505,FALSE
Glutamic Acid,IL-29/IFN-lambda1,delta_time2_vs_time1,30,27,0.122811736,"[-0.26, 0.47]",0.525637362,0.999017505,FALSE
L-Rhamnose,IL-11,delta_time2_vs_time1,30,27,0.122683467,"[-0.26, 0.47]",0.526073181,0.999017505,FALSE
Valine,IL-26,delta_time2_vs_time1,30,27,0.122149851,"[-0.26, 0.47]",0.527888117,0.999017505,FALSE
2-Aminoadipic acid,IL-10,delta_time2_vs_time1,30,27,0.122115601,"[-0.26, 0.47]",0.52800471,0.999017505,FALSE
1H-Indole-3-Acetic Acid,MMP-3,delta_time3_vs_time1,30,27,0.121619003,"[-0.26, 0.47]",0.529696621,0.992619405,FALSE
beta-D-Xylopyranose,IL-29/IFN-lambda1,delta_time3_vs_time1,30,27,0.121570642,"[-0.26, 0.47]",0.529861526,0.992619405,FALSE
L-5-Oxoproline,IL-35,delta_time3_vs_time1,30,27,0.121161019,"[-0.26, 0.47]",0.531259272,0.992619405,FALSE
Leucine,Pentraxin-3,delta_time2_vs_time1,30,27,0.121138416,"[-0.26, 0.47]",0.531336449,0.999017505,FALSE
Oxalic acid,IL-29/IFN-lambda1,delta_time3_vs_time1,30,27,0.121132729,"[-0.26, 0.47]",0.53135587,0.992619405,FALSE
2-Aminoheptanedioic acid,Pentraxin-3,delta_time3_vs_time1,30,27,0.12076466,"[-0.26, 0.47]",0.532613433,0.992619405,FALSE
Cysteine,APRIL/TNFSF13,delta_time2_vs_time1,30,27,0.120681475,"[-0.26, 0.47]",0.532897847,0.999017505,FALSE
Campesterol,IL-35,delta_time3_vs_time1,30,27,0.120543336,"[-0.26, 0.47]",0.533370305,0.992619405,FALSE
Tyrosine,Osteopontin,delta_time2_vs_time1,30,27,0.120437348,"[-0.26, 0.47]",0.533732938,0.999017505,FALSE
N-Acetylglutamine,sIL-6Ra,delta_time3_vs_time1,30,27,0.120325107,"[-0.26, 0.47]",0.534117094,0.992619405,FALSE
Threonine,TSLP,delta_time3_vs_time1,30,27,0.120256977,"[-0.26, 0.47]",0.534350342,0.992619405,FALSE
Phenylalanine,IL-19,delta_time2_vs_time1,30,27,0.120004598,"[-0.26, 0.47]",0.53521479,0.999017505,FALSE
Arginine [-NH3],IL-12(p40),delta_time3_vs_time1,30,27,0.119884685,"[-0.26, 0.47]",0.535625753,0.992619405,FALSE
Glyceraldehyde-3-P(MOX),IL-20,delta_time2_vs_time1,30,27,0.119879628,"[-0.26, 0.47]",0.535643086,0.999017505,FALSE
Glyceraldehyde-3-P(MOX),Pentraxin-3,delta_time3_vs_time1,30,27,0.119727731,"[-0.26, 0.47]",0.536163885,0.992619405,FALSE
Oxalic acid,IL-26,delta_time2_vs_time1,30,27,0.119641641,"[-0.26, 0.47]",0.536459161,0.999017505,FALSE
beta-D-Xylopyranose,IL-12(p40),delta_time3_vs_time1,30,27,0.119545494,"[-0.26, 0.47]",0.536789024,0.992619405,FALSE
Lactic Acid,Chitinase 3-like1,delta_time3_vs_time1,30,27,0.119462613,"[-0.26, 0.47]",0.537073449,0.992619405,FALSE
Cysteine,BAFF/TNFSF13B,delta_time2_vs_time1,30,27,0.11927163,"[-0.26, 0.47]",0.537729125,0.999017505,FALSE
Nonanoic acid,Osteopontin,delta_time3_vs_time1,30,27,0.119178208,"[-0.26, 0.47]",0.538049996,0.992619405,FALSE
DL-Ornithine,sCD30/TNFRSF8,delta_time3_vs_time1,30,27,0.118693078,"[-0.26, 0.46]",0.539717699,0.992619405,FALSE
beta-D-Xylopyranose,gp130/sIL-6Rb,delta_time3_vs_time1,30,27,0.118656337,"[-0.26, 0.46]",0.539844102,0.992619405,FALSE
Erythritol,sTNF-R1,delta_time3_vs_time1,30,27,0.118480626,"[-0.26, 0.46]",0.540448801,0.992619405,FALSE
Tyrosine,Osteopontin,delta_time3_vs_time1,30,27,0.118236512,"[-0.26, 0.46]",0.541289437,0.992619405,FALSE
L-Rhamnose,TWEAK/TNFSF12,delta_time3_vs_time1,30,27,0.11802876,"[-0.26, 0.46]",0.542005341,0.992619405,FALSE
Aminomalonic acid,MMP-3,delta_time2_vs_time1,30,27,0.117937654,"[-0.26, 0.46]",0.542319425,0.999017505,FALSE
Arachidonic acid.1,IL-35,delta_time3_vs_time1,30,27,0.117701693,"[-0.26, 0.46]",0.543133297,0.992619405,FALSE
"Ethanolamine, 3TMS",Osteopontin,delta_time3_vs_time1,30,27,0.117575304,"[-0.26, 0.46]",0.543569473,0.992619405,FALSE
1H-Indole-3-Acetic Acid,sIL-6Ra,delta_time2_vs_time1,30,27,0.117450242,"[-0.26, 0.46]",0.544001228,0.999017505,FALSE
Lactic Acid.1,IL-35,delta_time3_vs_time1,30,27,0.117407018,"[-0.26, 0.46]",0.544150488,0.992619405,FALSE
Butanoic acid,sCD30/TNFRSF8,delta_time2_vs_time1,30,27,0.117365305,"[-0.26, 0.46]",0.54429455,0.999017505,FALSE
Methyl galactoside,IL-35,delta_time2_vs_time1,30,27,0.117188814,"[-0.26, 0.46]",0.544904285,0.999017505,FALSE
"Ethanolamine, 2TMS",Chitinase 3-like1,delta_time3_vs_time1,30,27,0.11697237,"[-0.26, 0.46]",0.545652484,0.992619405,FALSE
"11-Eicosenoic acid, (E)-",IL-35,delta_time2_vs_time1,30,27,0.116920318,"[-0.26, 0.46]",0.545832488,0.999017505,FALSE
Ornithine,sIL-6Ra,delta_time3_vs_time1,30,27,0.116757401,"[-0.26, 0.46]",0.546396056,0.992619405,FALSE
Tryptophan,TSLP,delta_time2_vs_time1,30,27,0.116734834,"[-0.26, 0.46]",0.546474144,0.999017505,FALSE
beta-D-Xylopyranose,IL-10,delta_time2_vs_time1,30,27,0.116709442,"[-0.26, 0.46]",0.546562013,0.999017505,FALSE
Butanoic acid,IL-11,delta_time2_vs_time1,30,27,0.116660833,"[-0.26, 0.46]",0.54673024,0.999017505,FALSE
Glycerol-3-P,IL-35,delta_time3_vs_time1,30,27,0.116659885,"[-0.26, 0.46]",0.546733521,0.992619405,FALSE
Aminomalonic acid,TWEAK/TNFSF12,delta_time3_vs_time1,30,27,0.116502198,"[-0.26, 0.46]",0.547279415,0.992619405,FALSE
Doconexent,sIL-6Ra,delta_time2_vs_time1,30,27,0.11638631,"[-0.26, 0.46]",0.547680769,0.999017505,FALSE
Asparagine,TSLP,delta_time2_vs_time1,30,27,0.116274366,"[-0.26, 0.46]",0.548068594,0.999017505,FALSE
Alanine,BAFF/TNFSF13B,delta_time3_vs_time1,30,27,0.116240916,"[-0.26, 0.46]",0.548184504,0.992619405,FALSE
Oleic Acid,Osteocalcin,delta_time2_vs_time1,30,27,0.116187656,"[-0.26, 0.46]",0.548369085,0.999017505,FALSE
"1,5-Anhydrohexitol",IFN-y,delta_time2_vs_time1,30,27,0.116162327,"[-0.26, 0.46]",0.548456878,0.999017505,FALSE
Stearic Acid,IL-11,delta_time3_vs_time1,30,27,0.116091956,"[-0.26, 0.46]",0.548700821,0.992619405,FALSE
Stearic Acid,IL-12(p70),delta_time3_vs_time1,30,27,0.116066331,"[-0.26, 0.46]",0.548789663,0.992619405,FALSE
2-Keto-3-methylvaleric acid,IL-10,delta_time2_vs_time1,30,27,0.115863559,"[-0.26, 0.46]",0.549492913,0.999017505,FALSE
Lactic Acid,Osteopontin,delta_time3_vs_time1,30,27,0.115615474,"[-0.26, 0.46]",0.550353887,0.992619405,FALSE
"Ethanolamine, 3TMS",IL-19,delta_time3_vs_time1,30,27,0.11546842,"[-0.26, 0.46]",0.55086453,0.992619405,FALSE
beta-D-Xylopyranose,IL-19,delta_time3_vs_time1,30,27,0.115294781,"[-0.26, 0.46]",0.551467773,0.992619405,FALSE
2-Aminoadipic acid,sCD163,delta_time3_vs_time1,30,27,0.115276889,"[-0.26, 0.46]",0.551529949,0.992619405,FALSE
Glutamic Acid,IL-26,delta_time2_vs_time1,30,27,0.11516906,"[-0.26, 0.46]",0.551904735,0.999017505,FALSE
3-OH-Butanoic Acid,Pentraxin-3,delta_time3_vs_time1,30,27,0.11497144,"[-0.26, 0.46]",0.552591913,0.992619405,FALSE
Lactic Acid.1,MMP-1,delta_time2_vs_time1,30,27,0.114805322,"[-0.26, 0.46]",0.553169857,0.999017505,FALSE
"D-Arabinose, tetrakis",IL-12(p70),delta_time2_vs_time1,30,27,0.11464547,"[-0.26, 0.46]",0.553726268,0.999017505,FALSE
Serine,sIL-6Ra,delta_time3_vs_time1,30,27,0.114609501,"[-0.26, 0.46]",0.553851503,0.992619405,FALSE
Glycerol-3-P,IL-10,delta_time2_vs_time1,30,27,0.114599384,"[-0.26, 0.46]",0.553886731,0.999017505,FALSE
Threonine,Chitinase 3-like1,delta_time3_vs_time1,30,27,0.114541109,"[-0.26, 0.46]",0.554089662,0.992619405,FALSE
Doconexent,IL-10,delta_time2_vs_time1,30,27,0.114498089,"[-0.26, 0.46]",0.554239496,0.999017505,FALSE
Glyceric acid,IL-20,delta_time3_vs_time1,30,27,0.114072651,"[-0.26, 0.46]",0.555722237,0.992619405,FALSE
Glycerol-3-P,Osteopontin,delta_time3_vs_time1,30,27,0.114042618,"[-0.26, 0.46]",0.55582698,0.992619405,FALSE
1-Monopalmitin,sTNF-R1,delta_time2_vs_time1,30,27,0.113935252,"[-0.26, 0.46]",0.556201494,0.999017505,FALSE
Oleic Acid,gp130/sIL-6Rb,delta_time3_vs_time1,30,27,0.113619783,"[-0.26, 0.46]",0.557302586,0.992619405,FALSE
1-Heptadecanol,APRIL/TNFSF13,delta_time2_vs_time1,30,27,0.113543666,"[-0.26, 0.46]",0.557568409,0.999017505,FALSE
Tryptophan,MMP-2,delta_time2_vs_time1,30,27,0.113357741,"[-0.26, 0.46]",0.558217957,0.999017505,FALSE
"2,3,4-Trihydroxybutyric acid",sCD163,delta_time2_vs_time1,30,27,0.113328815,"[-0.26, 0.46]",0.558319047,0.999017505,FALSE
Glutamine [-H2O],IL-20,delta_time3_vs_time1,30,27,0.113323958,"[-0.26, 0.46]",0.558336021,0.992619405,FALSE
Tryptophan,IL-12(p40),delta_time2_vs_time1,30,27,0.113149808,"[-0.26, 0.46]",0.558944809,0.999017505,FALSE
2-Aminoheptanedioic acid,Osteopontin,delta_time3_vs_time1,30,27,0.113095415,"[-0.26, 0.46]",0.559135013,0.992619405,FALSE
2-OH-Butanoic Acid,sTNF-R2,delta_time3_vs_time1,30,27,0.112978061,"[-0.26, 0.46]",0.55954549,0.992619405,FALSE
Dodecanoic acid,IL-19,delta_time2_vs_time1,30,27,0.112905179,"[-0.26, 0.46]",0.559800486,0.999017505,FALSE
Linoleic Acid,IL-26,delta_time2_vs_time1,30,27,0.112731444,"[-0.26, 0.46]",0.560408548,0.999017505,FALSE
"2-Ethyl-3-hydroxypropionic acid, di-",APRIL/TNFSF13,delta_time3_vs_time1,30,27,0.112412635,"[-0.27, 0.46]",0.561525149,0.992619405,FALSE
"Ethanolamine, 2TMS",MMP-1,delta_time3_vs_time1,30,27,0.112325841,"[-0.27, 0.46]",0.561829312,0.992619405,FALSE
Palmitic Acid,Pentraxin-3,delta_time2_vs_time1,30,27,0.112071555,"[-0.27, 0.46]",0.562720876,0.999017505,FALSE
2-Aminoadipic acid,IFN-y,delta_time3_vs_time1,30,27,0.111830725,"[-0.27, 0.46]",0.563565851,0.992619405,FALSE
Citric acid,TWEAK/TNFSF12,delta_time3_vs_time1,30,27,0.111829683,"[-0.27, 0.46]",0.563569508,0.992619405,FALSE
1-Ethyl-1-tetradecyloxy-1-silacyclohexane,Pentraxin-3,delta_time2_vs_time1,30,27,0.111573518,"[-0.27, 0.46]",0.564468923,0.999017505,FALSE
Tryptophan,MMP-1,delta_time2_vs_time1,30,27,0.111514524,"[-0.27, 0.46]",0.564676147,0.999017505,FALSE
1H-Indole-3-Acetic Acid,BAFF/TNFSF13B,delta_time2_vs_time1,30,27,0.111267379,"[-0.27, 0.46]",0.565544655,0.999017505,FALSE
L-Rhamnose,MMP-3,delta_time3_vs_time1,30,27,0.111165718,"[-0.27, 0.46]",0.565902084,0.992619405,FALSE
2-Aminoadipic acid,sCD30/TNFRSF8,delta_time2_vs_time1,30,27,0.111016284,"[-0.27, 0.46]",0.566427661,0.999017505,FALSE
Methyl galactoside,APRIL/TNFSF13,delta_time2_vs_time1,30,27,0.11089362,"[-0.27, 0.46]",0.56685925,0.999017505,FALSE
"1,5-Anhydrohexitol",IL-19,delta_time3_vs_time1,30,27,0.110892012,"[-0.27, 0.46]",0.566864909,0.992619405,FALSE
D-(-)-Ribofuranose,TSLP,delta_time3_vs_time1,30,27,0.110875587,"[-0.27, 0.46]",0.566922713,0.992619405,FALSE
Lactic Acid,IL-19,delta_time2_vs_time1,30,27,0.110859251,"[-0.27, 0.46]",0.566980205,0.999017505,FALSE
1-Monopalmitin,TSLP,delta_time3_vs_time1,30,27,0.110816604,"[-0.27, 0.46]",0.567130307,0.992619405,FALSE
beta-D-Xylopyranose,Chitinase 3-like1,delta_time3_vs_time1,30,27,0.110639643,"[-0.27, 0.46]",0.567753334,0.992619405,FALSE
Erythritol,sCD163,delta_time3_vs_time1,30,27,0.110560799,"[-0.27, 0.46]",0.568031022,0.992619405,FALSE
Erythritol,gp130/sIL-6Rb,delta_time2_vs_time1,30,27,0.110516017,"[-0.27, 0.46]",0.568188769,0.999017505,FALSE
2-Aminoadipic acid,sIL-6Ra,delta_time2_vs_time1,30,27,0.110336052,"[-0.27, 0.46]",0.56882291,0.999017505,FALSE
Doconexent,APRIL/TNFSF13,delta_time2_vs_time1,30,27,0.110086198,"[-0.27, 0.46]",0.56970385,0.999017505,FALSE
2-Aminoadipic acid,IL-28A/IFN-lambda2,delta_time3_vs_time1,30,27,0.109785716,"[-0.27, 0.46]",0.5707641,0.992619405,FALSE
"(R*,R*)-2,3-Dihydroxybutanoic acid",IL-20,delta_time2_vs_time1,30,27,0.109437912,"[-0.27, 0.46]",0.571992436,0.999017505,FALSE
Glyceric acid,IL-28A/IFN-lambda2,delta_time3_vs_time1,30,27,0.109257239,"[-0.27, 0.46]",0.572630983,0.992619405,FALSE
Methionine,IL-29/IFN-lambda1,delta_time2_vs_time1,30,27,0.109250384,"[-0.27, 0.46]",0.572655219,0.999017505,FALSE
Glyceraldehyde-3-P(MOX),MMP-3,delta_time2_vs_time1,30,27,0.109205045,"[-0.27, 0.46]",0.572815512,0.999017505,FALSE
3-OH-Butanoic Acid,sCD163,delta_time3_vs_time1,30,27,0.109123189,"[-0.27, 0.46]",0.573104961,0.992619405,FALSE
3-OH-Butanoic Acid,BAFF/TNFSF13B,delta_time2_vs_time1,30,27,0.109118108,"[-0.27, 0.46]",0.573122929,0.999017505,FALSE
Leucine,IL-35,delta_time3_vs_time1,30,27,0.109077444,"[-0.27, 0.46]",0.573266748,0.992619405,FALSE
N-Acetylglutamine,MMP-2,delta_time3_vs_time1,30,27,0.109010626,"[-0.27, 0.46]",0.573503098,0.992619405,FALSE
Threonine,IFN-a2,delta_time3_vs_time1,30,27,0.108945719,"[-0.27, 0.46]",0.573732731,0.992619405,FALSE
"1,5-Anhydrohexitol",IFN-y,delta_time3_vs_time1,30,27,0.108864402,"[-0.27, 0.46]",0.574020479,0.992619405,FALSE
"2,3,4-Trihydroxybutyric acid",Osteocalcin,delta_time2_vs_time1,30,27,0.108838858,"[-0.27, 0.46]",0.574110883,0.999017505,FALSE
Methyl galactoside,TSLP,delta_time3_vs_time1,30,27,0.108789121,"[-0.27, 0.46]",0.574286926,0.992619405,FALSE
Glycerol,sCD163,delta_time3_vs_time1,30,27,0.108771065,"[-0.27, 0.46]",0.574350839,0.992619405,FALSE
Lactic Acid,Pentraxin-3,delta_time3_vs_time1,30,27,0.108448992,"[-0.27, 0.46]",0.575491451,0.992619405,FALSE
Valine,IL-20,delta_time3_vs_time1,30,27,0.108171938,"[-0.27, 0.46]",0.576473438,0.992619405,FALSE
2-OH-Butanoic Acid,BAFF/TNFSF13B,delta_time3_vs_time1,30,27,0.107864184,"[-0.27, 0.46]",0.577565108,0.992619405,FALSE
Valine,IL-20,delta_time2_vs_time1,30,27,0.107756469,"[-0.27, 0.46]",0.577947411,0.999017505,FALSE
Doconexent,TWEAK/TNFSF12,delta_time2_vs_time1,30,27,0.107743088,"[-0.27, 0.46]",0.577994912,0.999017505,FALSE
"2-Ethyl-3-hydroxypropionic acid, di-",IL-19,delta_time3_vs_time1,30,27,0.107700103,"[-0.27, 0.46]",0.578147513,0.992619405,FALSE
L-Rhamnose,TSLP,delta_time2_vs_time1,30,27,0.107458123,"[-0.27, 0.46]",0.579006897,0.999017505,FALSE
Dodecanoic acid,IL-26,delta_time3_vs_time1,30,27,0.10741339,"[-0.27, 0.46]",0.579165825,0.992619405,FALSE
Proline,IFN-a2,delta_time3_vs_time1,30,27,0.10700295,"[-0.27, 0.46]",0.580624959,0.992619405,FALSE
"2,3-Butanediol",IFN-y,delta_time2_vs_time1,30,27,0.106949802,"[-0.27, 0.46]",0.58081402,0.999017505,FALSE
Ornithine,IL-19,delta_time2_vs_time1,30,27,0.106943156,"[-0.27, 0.46]",0.580837666,0.999017505,FALSE
"D-Arabinose, tetrakis",IL-29/IFN-lambda1,delta_time2_vs_time1,30,27,0.106832579,"[-0.27, 0.46]",0.581231111,0.999017505,FALSE
Arginine [-NH3],IFN-y,delta_time3_vs_time1,30,27,0.106690744,"[-0.27, 0.46]",0.581735951,0.992619405,FALSE
Oleic Acid,TWEAK/TNFSF12,delta_time2_vs_time1,30,27,0.106679763,"[-0.27, 0.46]",0.581775045,0.999017505,FALSE
2-Aminoheptanedioic acid,IL-19,delta_time3_vs_time1,30,27,0.106447831,"[-0.27, 0.46]",0.58260101,0.992619405,FALSE
Ethyl alpha-D-glucopyranoside,sCD30/TNFRSF8,delta_time2_vs_time1,30,27,0.106301182,"[-0.27, 0.46]",0.583123532,0.999017505,FALSE
"Ethanolamine, 3TMS",IFN-y,delta_time3_vs_time1,30,27,0.106060691,"[-0.27, 0.45]",0.58398086,0.992619405,FALSE
Proline,BAFF/TNFSF13B,delta_time3_vs_time1,30,27,0.106026893,"[-0.27, 0.45]",0.584101391,0.992619405,FALSE
"11-Eicosenoic acid, (E)-",sCD30/TNFRSF8,delta_time3_vs_time1,30,27,0.105879817,"[-0.27, 0.45]",0.584626024,0.992619405,FALSE
DL-Ornithine,IL-35,delta_time2_vs_time1,30,27,0.105775153,"[-0.27, 0.45]",0.584999495,0.999017505,FALSE
Oleic Acid,sIL-6Ra,delta_time2_vs_time1,30,27,0.105708041,"[-0.27, 0.45]",0.585239025,0.999017505,FALSE
1-Monopalmitin,IL-19,delta_time2_vs_time1,30,27,0.105634275,"[-0.27, 0.45]",0.585502356,0.999017505,FALSE
Palmitelaidic acid,Osteocalcin,delta_time2_vs_time1,30,27,0.105603484,"[-0.27, 0.45]",0.585612286,0.999017505,FALSE
Glycolic acid,IFN-y,delta_time2_vs_time1,30,27,0.105563028,"[-0.27, 0.45]",0.58575674,0.999017505,FALSE
Threonine,BAFF/TNFSF13B,delta_time3_vs_time1,30,27,0.105510678,"[-0.27, 0.45]",0.585943685,0.992619405,FALSE
1-Monopalmitin,IL-12(p70),delta_time2_vs_time1,30,27,0.10546876,"[-0.27, 0.45]",0.586093395,0.999017505,FALSE
"Ethanolamine, 2TMS",IL-12(p40),delta_time3_vs_time1,30,27,0.105466296,"[-0.27, 0.45]",0.586102198,0.992619405,FALSE
Palmitelaidic acid,TSLP,delta_time2_vs_time1,30,27,0.105337532,"[-0.27, 0.45]",0.586562186,0.999017505,FALSE
Indole-3-Latic Acid,Pentraxin-3,delta_time3_vs_time1,30,27,0.105124824,"[-0.27, 0.45]",0.587322401,0.992619405,FALSE
Oleic Acid,Osteocalcin,delta_time3_vs_time1,30,27,0.105004067,"[-0.27, 0.45]",0.587754174,0.992619405,FALSE
Proline,Osteopontin,delta_time3_vs_time1,30,27,0.104921734,"[-0.27, 0.45]",0.588048638,0.992619405,FALSE
Arginine [-NH3],MMP-3,delta_time2_vs_time1,30,27,0.104905106,"[-0.27, 0.45]",0.588108116,0.999017505,FALSE
L-5-Oxoproline,MMP-1,delta_time2_vs_time1,30,27,0.104821181,"[-0.27, 0.45]",0.588408357,0.999017505,FALSE
Doconexent,sCD163,delta_time2_vs_time1,30,27,0.104758848,"[-0.27, 0.45]",0.588631392,0.999017505,FALSE
DL-Ornithine,sCD163,delta_time3_vs_time1,30,27,0.104744165,"[-0.27, 0.45]",0.588683939,0.992619405,FALSE
Nonanoic acid,MMP-1,delta_time3_vs_time1,30,27,0.104629749,"[-0.27, 0.45]",0.589093448,0.992619405,FALSE
D-(-)-Ribofuranose,IL-20,delta_time2_vs_time1,30,27,0.104501996,"[-0.27, 0.45]",0.589550841,0.999017505,FALSE
L-Alanine,TSLP,delta_time3_vs_time1,30,27,0.104194825,"[-0.27, 0.45]",0.590651231,0.992619405,FALSE
Lactic Acid.1,sCD163,delta_time2_vs_time1,30,27,0.104134041,"[-0.27, 0.45]",0.590869083,0.999017505,FALSE
Leucine,Chitinase 3-like1,delta_time3_vs_time1,30,27,0.10388271,"[-0.27, 0.45]",0.591770244,0.992619405,FALSE
Serine,gp130/sIL-6Rb,delta_time3_vs_time1,30,27,0.103655621,"[-0.27, 0.45]",0.592584994,0.992619405,FALSE
Glycolic acid,IL-20,delta_time2_vs_time1,30,27,0.103538554,"[-0.27, 0.45]",0.593005196,0.999017505,FALSE
Dodecanoic acid,Osteopontin,delta_time2_vs_time1,30,27,0.103408309,"[-0.27, 0.45]",0.593472853,0.999017505,FALSE
Aminomalonic acid,Chitinase 3-like1,delta_time2_vs_time1,30,27,0.103313385,"[-0.27, 0.45]",0.593813783,0.999017505,FALSE
2-Keto-3-methylvaleric acid,BAFF/TNFSF13B,delta_time3_vs_time1,30,27,0.103029939,"[-0.27, 0.45]",0.594832324,0.992619405,FALSE
"11-Eicosenoic acid, (E)-",sIL-6Ra,delta_time2_vs_time1,30,27,0.102912066,"[-0.27, 0.45]",0.59525611,0.999017505,FALSE
Glutamine [-H2O],gp130/sIL-6Rb,delta_time3_vs_time1,30,27,0.102582707,"[-0.27, 0.45]",0.596440939,0.992619405,FALSE
Nonanoic acid,IL-12(p40),delta_time3_vs_time1,30,27,0.102284168,"[-0.27, 0.45]",0.597515771,0.992619405,FALSE
Palmitelaidic acid,gp130/sIL-6Rb,delta_time2_vs_time1,30,27,0.101996594,"[-0.27, 0.45]",0.598551912,0.999017505,FALSE
Proline,MMP-3,delta_time3_vs_time1,30,27,0.101898894,"[-0.27, 0.45]",0.598904103,0.992619405,FALSE
Aminomalonic acid,sCD30/TNFRSF8,delta_time3_vs_time1,30,27,0.101760915,"[-0.28, 0.45]",0.599401642,0.992619405,FALSE
Decanoic acid,TSLP,delta_time2_vs_time1,30,27,0.101628529,"[-0.28, 0.45]",0.599879183,0.999017505,FALSE
Arginine [-NH3],MMP-2,delta_time2_vs_time1,30,27,0.101595226,"[-0.28, 0.45]",0.599999336,0.999017505,FALSE
Lactic Acid.1,IFN-y,delta_time3_vs_time1,30,27,0.10158557,"[-0.28, 0.45]",0.600034176,0.992619405,FALSE
1-Monopalmitin,sIL-6Ra,delta_time3_vs_time1,30,27,0.10144099,"[-0.28, 0.45]",0.600555945,0.992619405,FALSE
2-Aminoheptanedioic acid,IL-28A/IFN-lambda2,delta_time2_vs_time1,30,27,0.10106853,"[-0.28, 0.45]",0.601900988,0.999017505,FALSE
Palmitelaidic acid,BAFF/TNFSF13B,delta_time2_vs_time1,30,27,0.100900766,"[-0.28, 0.45]",0.602507242,0.999017505,FALSE
1-Heptadecanol,IL-28A/IFN-lambda2,delta_time3_vs_time1,30,27,0.100453727,"[-0.28, 0.45]",0.604123989,0.992619405,FALSE
Tryptophan,MMP-2,delta_time3_vs_time1,30,27,0.100428861,"[-0.28, 0.45]",0.60421397,0.992619405,FALSE
Indole-3-Propionic Acid,gp130/sIL-6Rb,delta_time2_vs_time1,30,27,0.100085021,"[-0.28, 0.45]",0.605458818,0.999017505,FALSE
Ascorbic Acid,sTNF-R1,delta_time3_vs_time1,30,27,0.10007019,"[-0.28, 0.45]",0.605512537,0.992619405,FALSE
Proline,sTNF-R1,delta_time2_vs_time1,30,27,0.100017864,"[-0.28, 0.45]",0.60570208,0.999017505,FALSE
Palmitic Acid,TSLP,delta_time3_vs_time1,30,27,0.100013561,"[-0.28, 0.45]",0.60571767,0.992619405,FALSE
1-Heptadecanol,Osteopontin,delta_time2_vs_time1,30,27,0.099955708,"[-0.28, 0.45]",0.605927267,0.999017505,FALSE
alpha-D-Glucopyranoside,sTNF-R1,delta_time2_vs_time1,30,27,0.099915374,"[-0.28, 0.45]",0.60607341,0.999017505,FALSE
"1,5-Anhydrohexitol",IL-28A/IFN-lambda2,delta_time3_vs_time1,30,27,0.099829818,"[-0.28, 0.45]",0.606383461,0.992619405,FALSE
Asparagine,MMP-1,delta_time2_vs_time1,30,27,0.099829006,"[-0.28, 0.45]",0.606386402,0.999017505,FALSE
Diethanolamine,IL-11,delta_time2_vs_time1,30,27,0.099788761,"[-0.28, 0.45]",0.606532274,0.999017505,FALSE
Proline,APRIL/TNFSF13,delta_time2_vs_time1,30,27,0.099782192,"[-0.28, 0.45]",0.606556085,0.999017505,FALSE
Decanoic acid,IL-12(p70),delta_time3_vs_time1,30,27,0.099592103,"[-0.28, 0.45]",0.607245275,0.992619405,FALSE
Glycerol,sTNF-R1,delta_time3_vs_time1,30,27,0.099559766,"[-0.28, 0.45]",0.607362553,0.992619405,FALSE
Glutamic Acid,IL-12(p40),delta_time3_vs_time1,30,27,0.099529356,"[-0.28, 0.45]",0.607472846,0.992619405,FALSE
Glycolic acid,IL-10,delta_time3_vs_time1,30,27,0.099482083,"[-0.28, 0.45]",0.607644318,0.992619405,FALSE
"Ethanolamine, 3TMS",MMP-1,delta_time3_vs_time1,30,27,0.099478539,"[-0.28, 0.45]",0.607657175,0.992619405,FALSE
"2,3,4-Trihydroxybutyric acid",Chitinase 3-like1,delta_time2_vs_time1,30,27,0.099455416,"[-0.28, 0.45]",0.607741059,0.999017505,FALSE
Lactic Acid.1,TSLP,delta_time2_vs_time1,30,27,0.099293629,"[-0.28, 0.45]",0.608328101,0.999017505,FALSE
Proline,IL-19,delta_time3_vs_time1,30,27,0.099183363,"[-0.28, 0.45]",0.608728335,0.993678151,FALSE
Ethyl alpha-D-glucopyranoside,Pentraxin-3,delta_time2_vs_time1,30,27,0.098747511,"[-0.28, 0.45]",0.610311438,0.999017505,FALSE
Indole-3-Propionic Acid,sCD163,delta_time3_vs_time1,30,27,0.098598917,"[-0.28, 0.45]",0.610851556,0.996451601,FALSE
Methyl galactoside,BAFF/TNFSF13B,delta_time2_vs_time1,30,27,0.09834373,"[-0.28, 0.45]",0.611779589,0.999017505,FALSE
Alanine,MMP-1,delta_time3_vs_time1,30,27,0.09831822,"[-0.28, 0.45]",0.611872391,0.996502656,FALSE
L-Alanine,IL-12(p40),delta_time3_vs_time1,30,27,0.098123183,"[-0.28, 0.45]",0.61258212,0.996502656,FALSE
Butanoic acid,IFN-a2,delta_time2_vs_time1,30,27,0.098121079,"[-0.28, 0.45]",0.612589777,0.999017505,FALSE
Indole-3-Latic Acid,MMP-1,delta_time3_vs_time1,30,27,0.098026182,"[-0.28, 0.45]",0.61293523,0.996502656,FALSE
Lactic Acid.1,BAFF/TNFSF13B,delta_time2_vs_time1,30,27,0.09797998,"[-0.28, 0.45]",0.613103445,0.999017505,FALSE
L-5-Oxoproline,IL-28A/IFN-lambda2,delta_time3_vs_time1,30,27,0.097724662,"[-0.28, 0.45]",0.61403338,0.996502656,FALSE
Arachidonic acid.1,sCD30/TNFRSF8,delta_time2_vs_time1,30,27,0.0975964,"[-0.28, 0.45]",0.614500767,0.999017505,FALSE
Tryptophan,Osteopontin,delta_time2_vs_time1,30,27,0.097405005,"[-0.28, 0.45]",0.61519848,0.999017505,FALSE
Linoleic Acid,sCD163,delta_time2_vs_time1,30,27,0.09735665,"[-0.28, 0.45]",0.615374807,0.999017505,FALSE
Cysteine,MMP-1,delta_time2_vs_time1,30,27,0.097184736,"[-0.28, 0.45]",0.616001859,0.999017505,FALSE
"Ethanolamine, 3TMS",IFN-a2,delta_time2_vs_time1,30,27,0.09710392,"[-0.28, 0.45]",0.616296726,0.999017505,FALSE
Ornithine,IL-12(p70),delta_time3_vs_time1,30,27,0.096910875,"[-0.28, 0.45]",0.617001308,0.996502656,FALSE
L-5-Oxoproline,IFN-a2,delta_time3_vs_time1,30,27,0.096698106,"[-0.28, 0.45]",0.617778266,0.996502656,FALSE
Oleic Acid,sTNF-R2,delta_time2_vs_time1,30,27,0.096413714,"[-0.28, 0.45]",0.618817398,0.999017505,FALSE
Stearic Acid,IL-12(p70),delta_time2_vs_time1,30,27,0.096322481,"[-0.28, 0.45]",0.619150904,0.999017505,FALSE
"11-Eicosenoic acid, (E)-",sCD30/TNFRSF8,delta_time2_vs_time1,30,27,0.09627204,"[-0.28, 0.45]",0.619335323,0.999017505,FALSE
Lactic Acid.1,IL-10,delta_time3_vs_time1,30,27,0.096234257,"[-0.28, 0.45]",0.619473478,0.996502656,FALSE
Indole-3-Latic Acid,IL-20,delta_time2_vs_time1,30,27,0.096055771,"[-0.28, 0.45]",0.620126295,0.999017505,FALSE
"Ethanolamine, 3TMS",TWEAK/TNFSF12,delta_time3_vs_time1,30,27,0.09603366,"[-0.28, 0.45]",0.620207185,0.996502656,FALSE
1-Monooleoylglycerol,Chitinase 3-like1,delta_time2_vs_time1,30,27,0.095985795,"[-0.28, 0.45]",0.620382309,0.999017505,FALSE
"2-Ethyl-3-hydroxypropionic acid, di-",MMP-1,delta_time3_vs_time1,30,27,0.095947118,"[-0.28, 0.45]",0.620523833,0.996502656,FALSE
Arginine [-NH3],IL-28A/IFN-lambda2,delta_time3_vs_time1,30,27,0.095789628,"[-0.28, 0.45]",0.62110024,0.996502656,FALSE
"2,3-Butanediol",IL-20,delta_time2_vs_time1,30,27,0.095708311,"[-0.28, 0.45]",0.621397945,0.999017505,FALSE
Cysteine,IFN-y,delta_time3_vs_time1,30,27,0.095383234,"[-0.28, 0.45]",0.622588644,0.996502656,FALSE
Lactic Acid,sIL-6Ra,delta_time3_vs_time1,30,27,0.095014284,"[-0.28, 0.45]",0.623941169,0.996502656,FALSE
Tyrosine,IL-11,delta_time2_vs_time1,30,27,0.094904069,"[-0.28, 0.45]",0.624345435,0.999017505,FALSE
Aminomalonic acid,MMP-2,delta_time2_vs_time1,30,27,0.094731172,"[-0.28, 0.45]",0.624979836,0.999017505,FALSE
N-Acetylglutamine,IL-29/IFN-lambda1,delta_time3_vs_time1,30,27,0.094708278,"[-0.28, 0.45]",0.62506386,0.996502656,FALSE
"Ethanolamine, 2TMS",APRIL/TNFSF13,delta_time3_vs_time1,30,27,0.094681786,"[-0.28, 0.45]",0.62516109,0.996502656,FALSE
L-5-Oxoproline,IL-26,delta_time2_vs_time1,30,27,0.094242399,"[-0.28, 0.45]",0.626774672,0.999017505,FALSE
Alanine,sCD163,delta_time3_vs_time1,30,27,0.094192742,"[-0.28, 0.45]",0.626957138,0.996502656,FALSE
L-Aspartic acid,TSLP,delta_time3_vs_time1,30,27,0.094059269,"[-0.28, 0.45]",0.627447688,0.996502656,FALSE
Oxalic acid,IL-35,delta_time2_vs_time1,30,27,0.093799405,"[-0.28, 0.45]",0.628403208,0.999017505,FALSE
L-Alanine,IFN-a2,delta_time3_vs_time1,30,27,0.093701635,"[-0.28, 0.44]",0.628762859,0.996502656,FALSE
Stearic Acid,TWEAK/TNFSF12,delta_time2_vs_time1,30,27,0.093653832,"[-0.28, 0.44]",0.628938736,0.999017505,FALSE
Nonanoic acid,IL-19,delta_time2_vs_time1,30,27,0.093389975,"[-0.28, 0.44]",0.629909872,0.999017505,FALSE
beta-D-Xylopyranose,IL-35,delta_time2_vs_time1,30,27,0.09336803,"[-0.28, 0.44]",0.62999067,0.999017505,FALSE
Indole-3-Latic Acid,IL-20,delta_time3_vs_time1,30,27,0.093340124,"[-0.28, 0.44]",0.630093417,0.996502656,FALSE
Diethanolamine,IFN-a2,delta_time2_vs_time1,30,27,0.093337346,"[-0.28, 0.44]",0.630103646,0.999017505,FALSE
Asparagine,IL-28A/IFN-lambda2,delta_time3_vs_time1,30,27,0.093249625,"[-0.28, 0.44]",0.630426684,0.996502656,FALSE
Glycerol-3-P,TSLP,delta_time3_vs_time1,30,27,0.093143541,"[-0.28, 0.44]",0.630817426,0.996502656,FALSE
Aminomalonic acid,Osteocalcin,delta_time3_vs_time1,30,27,0.093139394,"[-0.28, 0.44]",0.630832704,0.996502656,FALSE
Alanine,IL-12(p70),delta_time3_vs_time1,30,27,0.093071494,"[-0.28, 0.44]",0.631082859,0.996502656,FALSE
Methionine,MMP-1,delta_time3_vs_time1,30,27,0.092987587,"[-0.28, 0.44]",0.631392039,0.996502656,FALSE
Glyceraldehyde-3-P(MOX),IL-10,delta_time2_vs_time1,30,27,0.092923284,"[-0.28, 0.44]",0.631629023,0.999017505,FALSE
L-Alanine,IL-28A/IFN-lambda2,delta_time2_vs_time1,30,27,0.092470137,"[-0.28, 0.44]",0.633300084,0.999017505,FALSE
Asparagine,sTNF-R2,delta_time3_vs_time1,30,27,0.092446192,"[-0.28, 0.44]",0.633388437,0.996502656,FALSE
Methionine,TWEAK/TNFSF12,delta_time3_vs_time1,30,27,0.092278454,"[-0.28, 0.44]",0.634007481,0.996502656,FALSE
"2,3,4-Trihydroxybutyric acid",MMP-3,delta_time2_vs_time1,30,27,0.092105362,"[-0.28, 0.44]",0.634646542,0.999017505,FALSE
Glycerol,IFN-a2,delta_time2_vs_time1,30,27,0.09196588,"[-0.28, 0.44]",0.635161699,0.999017505,FALSE
L-Rhamnose,sIL-6Ra,delta_time3_vs_time1,30,27,0.091811812,"[-0.28, 0.44]",0.63573092,0.996502656,FALSE
Oleic Acid,TSLP,delta_time3_vs_time1,30,27,0.091801835,"[-0.28, 0.44]",0.635767788,0.996502656,FALSE
Tryptophan,Osteocalcin,delta_time3_vs_time1,30,27,0.091791301,"[-0.28, 0.44]",0.635806716,0.996502656,FALSE
Erythritol,IL-12(p70),delta_time3_vs_time1,30,27,0.091699941,"[-0.28, 0.44]",0.636144368,0.996502656,FALSE
Phenylalanine,IL-26,delta_time2_vs_time1,30,27,0.091659763,"[-0.28, 0.44]",0.636292884,0.999017505,FALSE
Methyl galactoside,IFN-y,delta_time3_vs_time1,30,27,0.091502802,"[-0.28, 0.44]",0.636873207,0.996502656,FALSE
Valine,IL-10,delta_time3_vs_time1,30,27,0.091433755,"[-0.28, 0.44]",0.637128557,0.996502656,FALSE
Ornithine,IL-35,delta_time2_vs_time1,30,27,0.091288693,"[-0.28, 0.44]",0.637665161,0.999017505,FALSE
1-Ethyl-1-tetradecyloxy-1-silacyclohexane,IL-35,delta_time2_vs_time1,30,27,0.091157785,"[-0.28, 0.44]",0.638149557,0.999017505,FALSE
Serine,Osteocalcin,delta_time3_vs_time1,30,27,0.090790021,"[-0.29, 0.44]",0.639511175,0.996502656,FALSE
Citric acid,MMP-2,delta_time3_vs_time1,30,27,0.09064994,"[-0.29, 0.44]",0.640030116,0.996502656,FALSE
Palmitic Acid,IFN-a2,delta_time2_vs_time1,30,27,0.090614674,"[-0.29, 0.44]",0.640160788,0.999017505,FALSE
Ornithine,IL-29/IFN-lambda1,delta_time3_vs_time1,30,27,0.090452359,"[-0.29, 0.44]",0.64076235,0.996502656,FALSE
beta-Alanine,sTNF-R2,delta_time2_vs_time1,30,27,0.090342703,"[-0.29, 0.44]",0.641168879,0.999017505,FALSE
Glycerol,TSLP,delta_time3_vs_time1,30,27,0.090308154,"[-0.29, 0.44]",0.641296982,0.996502656,FALSE
Cysteine,IL-35,delta_time2_vs_time1,30,27,0.090255485,"[-0.29, 0.44]",0.641492293,0.999017505,FALSE
"(R*,R*)-2,3-Dihydroxybutanoic acid",gp130/sIL-6Rb,delta_time2_vs_time1,30,27,0.09022849,"[-0.29, 0.44]",0.641592408,0.999017505,FALSE
Erythritol,IL-12(p40),delta_time2_vs_time1,30,27,0.089943273,"[-0.29, 0.44]",0.642650543,0.999017505,FALSE
Proline,IL-35,delta_time2_vs_time1,30,27,0.089695516,"[-0.29, 0.44]",0.643570259,0.999017505,FALSE
Glycerol-3-P,TWEAK/TNFSF12,delta_time2_vs_time1,30,27,0.089601594,"[-0.29, 0.44]",0.643919047,0.999017505,FALSE
L-Proline,IFN-a2,delta_time3_vs_time1,30,27,0.089532457,"[-0.29, 0.44]",0.644175844,0.996502656,FALSE
"2,3,4-Trihydroxybutyric acid",IFN-a2,delta_time2_vs_time1,30,27,0.08943632,"[-0.29, 0.44]",0.644532989,0.999017505,FALSE
Ethyl alpha-D-glucopyranoside,Osteopontin,delta_time2_vs_time1,30,27,0.089180778,"[-0.29, 0.44]",0.645482701,0.999017505,FALSE
2-Aminoheptanedioic acid,Chitinase 3-like1,delta_time3_vs_time1,30,27,0.089147228,"[-0.29, 0.44]",0.645607427,0.996502656,FALSE
Ethyl alpha-D-glucopyranoside,BAFF/TNFSF13B,delta_time3_vs_time1,30,27,0.089125592,"[-0.29, 0.44]",0.645687867,0.996502656,FALSE
L-Proline,IFN-a2,delta_time2_vs_time1,30,27,0.089032162,"[-0.29, 0.44]",0.646035275,0.999017505,FALSE
L-Aspartic acid,IL-12(p40),delta_time3_vs_time1,30,27,0.088810293,"[-0.29, 0.44]",0.646860559,0.996502656,FALSE
Lactic Acid,BAFF/TNFSF13B,delta_time2_vs_time1,30,27,0.088554226,"[-0.29, 0.44]",0.647813559,0.999017505,FALSE
Decanoic acid,IFN-y,delta_time3_vs_time1,30,27,0.08843274,"[-0.29, 0.44]",0.64826588,0.996502656,FALSE
Glycolic acid,IL-12(p40),delta_time3_vs_time1,30,27,0.088353433,"[-0.29, 0.44]",0.648561228,0.996502656,FALSE
Arachidonic acid.1,TSLP,delta_time2_vs_time1,30,27,0.088203501,"[-0.29, 0.44]",0.649119726,0.999017505,FALSE
Tryptophan,sIL-6Ra,delta_time2_vs_time1,30,27,0.088142117,"[-0.29, 0.44]",0.649348439,0.999017505,FALSE
Aminomalonic acid,BAFF/TNFSF13B,delta_time2_vs_time1,30,27,0.088116284,"[-0.29, 0.44]",0.649444699,0.999017505,FALSE
Glutamic Acid,sTNF-R1,delta_time2_vs_time1,30,27,0.088073009,"[-0.29, 0.44]",0.649605965,0.999017505,FALSE
Lactic Acid,IL-35,delta_time2_vs_time1,30,27,0.08775835,"[-0.29, 0.44]",0.650779023,0.999017505,FALSE
Glycolic acid,IL-12(p70),delta_time2_vs_time1,30,27,0.0876465,"[-0.29, 0.44]",0.651196201,0.999017505,FALSE
L-5-Oxoproline,IL-28A/IFN-lambda2,delta_time2_vs_time1,30,27,0.087519048,"[-0.29, 0.44]",0.651671694,0.999017505,FALSE
"11-Eicosenoic acid, (E)-",IL-19,delta_time2_vs_time1,30,27,0.087267888,"[-0.29, 0.44]",0.652609107,0.999017505,FALSE
Citric acid,MMP-2,delta_time2_vs_time1,30,27,0.087174694,"[-0.29, 0.44]",0.652957072,0.999017505,FALSE
"Ethanolamine, 3TMS",IFN-y,delta_time2_vs_time1,30,27,0.087163189,"[-0.29, 0.44]",0.653000032,0.999017505,FALSE
Oxalic acid,IFN-y,delta_time2_vs_time1,30,27,0.087145175,"[-0.29, 0.44]",0.6530673,0.999017505,FALSE
Nonanoic acid,IL-29/IFN-lambda1,delta_time3_vs_time1,30,27,0.087020103,"[-0.29, 0.44]",0.65353443,0.996502656,FALSE
Lactic Acid.1,MMP-3,delta_time2_vs_time1,30,27,0.086783315,"[-0.29, 0.44]",0.654419155,0.999017505,FALSE
Aminomalonic acid,IL-12(p40),delta_time2_vs_time1,30,27,0.086214866,"[-0.29, 0.44]",0.656544956,0.999017505,FALSE
"11-Eicosenoic acid, (E)-",sIL-6Ra,delta_time3_vs_time1,30,27,0.086077588,"[-0.29, 0.44]",0.657058723,0.996502656,FALSE
beta-Alanine,TWEAK/TNFSF12,delta_time2_vs_time1,30,27,0.086063202,"[-0.29, 0.44]",0.65711257,0.999017505,FALSE
Erythritol,Chitinase 3-like1,delta_time3_vs_time1,30,27,0.086059259,"[-0.29, 0.44]",0.657127331,0.996502656,FALSE
Oxalic acid,MMP-1,delta_time3_vs_time1,30,27,0.085760383,"[-0.29, 0.44]",0.658246452,0.996502656,FALSE
L-Alanine,sIL-6Ra,delta_time3_vs_time1,30,27,0.085659228,"[-0.29, 0.44]",0.658625385,0.996502656,FALSE
D-(-)-Ribofuranose,IL-28A/IFN-lambda2,delta_time3_vs_time1,30,27,0.085546842,"[-0.29, 0.44]",0.659046487,0.996502656,FALSE
2-Aminoadipic acid,IL-35,delta_time2_vs_time1,30,27,0.085528471,"[-0.29, 0.44]",0.65911533,0.999017505,FALSE
beta-Alanine,Chitinase 3-like1,delta_time2_vs_time1,30,27,0.085377013,"[-0.29, 0.44]",0.659683015,0.999017505,FALSE
Oleic Acid,APRIL/TNFSF13,delta_time3_vs_time1,30,27,0.08516647,"[-0.29, 0.44]",0.660472466,0.996502656,FALSE
Doconexent,IL-28A/IFN-lambda2,delta_time2_vs_time1,30,27,0.085152076,"[-0.29, 0.44]",0.660526451,0.999017505,FALSE
Ornithine,IL-12(p70),delta_time2_vs_time1,30,27,0.085060771,"[-0.29, 0.44]",0.660868927,0.999017505,FALSE
Lactic Acid.1,IL-12(p70),delta_time3_vs_time1,30,27,0.085052029,"[-0.29, 0.44]",0.660901723,0.996502656,FALSE
Leucine,IFN-a2,delta_time3_vs_time1,30,27,0.085038536,"[-0.29, 0.44]",0.660952341,0.996502656,FALSE
D-(-)-Ribofuranose,IL-28A/IFN-lambda2,delta_time2_vs_time1,30,27,0.084945242,"[-0.29, 0.44]",0.661302364,0.999017505,FALSE
"11-Eicosenoic acid, (E)-",IL-11,delta_time3_vs_time1,30,27,0.084876997,"[-0.29, 0.44]",0.661558455,0.996502656,FALSE
Indole-3-Latic Acid,Chitinase 3-like1,delta_time3_vs_time1,30,27,0.084865966,"[-0.29, 0.44]",0.661599852,0.996502656,FALSE
Palmitic Acid,IL-20,delta_time2_vs_time1,30,27,0.084855189,"[-0.29, 0.44]",0.661640297,0.999017505,FALSE
Methionine,TSLP,delta_time3_vs_time1,30,27,0.08476933,"[-0.29, 0.44]",0.661962549,0.996502656,FALSE
Palmitelaidic acid,TWEAK/TNFSF12,delta_time2_vs_time1,30,27,0.084639223,"[-0.29, 0.44]",0.662450992,0.999017505,FALSE
Arachidonic acid,TSLP,delta_time2_vs_time1,30,27,0.084211006,"[-0.29, 0.44]",0.664059535,0.999017505,FALSE
Tryptophan,IFN-y,delta_time3_vs_time1,30,27,0.084197276,"[-0.29, 0.44]",0.664111134,0.996502656,FALSE
Dodecanoic acid,IFN-y,delta_time2_vs_time1,30,27,0.08416199,"[-0.29, 0.44]",0.664243751,0.999017505,FALSE
Tyrosine,sCD30/TNFRSF8,delta_time2_vs_time1,30,27,0.084074099,"[-0.29, 0.44]",0.664574118,0.999017505,FALSE
Arginine [-NH3],Pentraxin-3,delta_time2_vs_time1,30,27,0.084053826,"[-0.29, 0.44]",0.664650332,0.999017505,FALSE
Tryptophan,BAFF/TNFSF13B,delta_time2_vs_time1,30,27,0.083969877,"[-0.29, 0.44]",0.664965953,0.999017505,FALSE
L-Norvaline,IL-10,delta_time2_vs_time1,30,27,0.083851403,"[-0.29, 0.44]",0.665411469,0.999017505,FALSE
Glycolic acid,IFN-a2,delta_time3_vs_time1,30,27,0.083754868,"[-0.29, 0.44]",0.66577457,0.996502656,FALSE
Cysteine,TWEAK/TNFSF12,delta_time2_vs_time1,30,27,0.083707508,"[-0.29, 0.44]",0.665952733,0.999017505,FALSE
1H-Indole-3-Acetic Acid,sIL-6Ra,delta_time3_vs_time1,30,27,0.083555369,"[-0.29, 0.44]",0.666525189,0.996502656,FALSE
Lactic Acid.1,IL-29/IFN-lambda1,delta_time3_vs_time1,30,27,0.083546927,"[-0.29, 0.44]",0.666556956,0.996502656,FALSE
Palmitic Acid,MMP-1,delta_time3_vs_time1,30,27,0.083319725,"[-0.29, 0.44]",0.667412206,0.996502656,FALSE
Cysteine,sIL-6Ra,delta_time2_vs_time1,30,27,0.083301567,"[-0.29, 0.44]",0.667480575,0.999017505,FALSE
Glycine,sCD30/TNFRSF8,delta_time3_vs_time1,30,27,0.083292581,"[-0.29, 0.44]",0.667514408,0.996502656,FALSE
1-Monopalmitin,APRIL/TNFSF13,delta_time2_vs_time1,30,27,0.083180472,"[-0.29, 0.44]",0.667936589,0.999017505,FALSE
"11-Eicosenoic acid, (E)-",MMP-2,delta_time3_vs_time1,30,27,0.082874106,"[-0.29, 0.44]",0.669090814,0.996502656,FALSE
Nonanoic acid,IFN-a2,delta_time2_vs_time1,30,27,0.082596117,"[-0.29, 0.44]",0.670138767,0.999017505,FALSE
Threonine,APRIL/TNFSF13,delta_time2_vs_time1,30,27,0.08254119,"[-0.29, 0.44]",0.670345901,0.999017505,FALSE
Glycerol,MMP-3,delta_time3_vs_time1,30,27,0.082448311,"[-0.29, 0.44]",0.670696206,0.996502656,FALSE
Lactic Acid.1,sCD30/TNFRSF8,delta_time2_vs_time1,30,27,0.08238744,"[-0.29, 0.44]",0.670925829,0.999017505,FALSE
L-Norvaline,BAFF/TNFSF13B,delta_time3_vs_time1,30,27,0.082265764,"[-0.29, 0.44]",0.671384907,0.996502656,FALSE
Phenylalanine,APRIL/TNFSF13,delta_time3_vs_time1,30,27,0.082245023,"[-0.29, 0.44]",0.671463173,0.996502656,FALSE
Alanine,IL-11,delta_time3_vs_time1,30,27,0.082083044,"[-0.29, 0.44]",0.67207452,0.996502656,FALSE
"1,5-Anhydrohexitol",IL-35,delta_time2_vs_time1,30,27,0.081904399,"[-0.29, 0.44]",0.672749005,0.999017505,FALSE
"9-Hexadecenoic acid, (Z)-",IFN-a2,delta_time3_vs_time1,30,27,0.081600823,"[-0.29, 0.44]",0.673895743,0.996502656,FALSE
L-Aspartic acid,sTNF-R1,delta_time3_vs_time1,30,27,0.081382584,"[-0.29, 0.43]",0.67472057,0.996502656,FALSE
Glycolic acid,IL-28A/IFN-lambda2,delta_time2_vs_time1,30,27,0.081356298,"[-0.29, 0.43]",0.674819941,0.999017505,FALSE
4-Aminobutanoic acid,IL-28A/IFN-lambda2,delta_time2_vs_time1,30,27,0.081188822,"[-0.29, 0.43]",0.675453196,0.999017505,FALSE
Lactic Acid,IL-19,delta_time3_vs_time1,30,27,0.080981421,"[-0.29, 0.43]",0.676237712,0.996502656,FALSE
Cholesterol,MMP-1,delta_time2_vs_time1,30,27,0.080905801,"[-0.29, 0.43]",0.676523835,0.999017505,FALSE
"2,3,4-Trihydroxybutyric acid",IFN-y,delta_time3_vs_time1,30,27,0.080876339,"[-0.29, 0.43]",0.676635323,0.996502656,FALSE
Stearic Acid,IL-11,delta_time2_vs_time1,30,27,0.08056062,"[-0.29, 0.43]",0.677830457,0.999017505,FALSE
Indole-3-Latic Acid,APRIL/TNFSF13,delta_time3_vs_time1,30,27,0.080496613,"[-0.29, 0.43]",0.678072844,0.996502656,FALSE
2-Keto-3-methylvaleric acid,MMP-3,delta_time3_vs_time1,30,27,0.080344505,"[-0.29, 0.43]",0.678648986,0.996502656,FALSE
N-Acetylglutamine,TSLP,delta_time2_vs_time1,30,27,0.08033632,"[-0.29, 0.43]",0.678679993,0.999017505,FALSE
Oleic Acid,MMP-2,delta_time2_vs_time1,30,27,0.080220062,"[-0.29, 0.43]",0.679120473,0.999017505,FALSE
Arginine [-NH3],MMP-3,delta_time3_vs_time1,30,27,0.08017588,"[-0.29, 0.43]",0.679287895,0.996502656,FALSE
Citric acid,sIL-6Ra,delta_time3_vs_time1,30,27,0.080166054,"[-0.30, 0.43]",0.679325132,0.996502656,FALSE
"2,3-Butanediol",IL-12(p40),delta_time2_vs_time1,30,27,0.079929153,"[-0.30, 0.43]",0.680223124,0.999017505,FALSE
Arachidonic acid,IL-19,delta_time2_vs_time1,30,27,0.079842943,"[-0.30, 0.43]",0.680550013,0.999017505,FALSE
beta-D-Xylopyranose,Osteocalcin,delta_time3_vs_time1,30,27,0.079597116,"[-0.30, 0.43]",0.681482452,0.996502656,FALSE
2-Keto-3-methylvaleric acid,Osteopontin,delta_time3_vs_time1,30,27,0.079459614,"[-0.30, 0.43]",0.68200421,0.996502656,FALSE
2-Keto-3-methylvaleric acid,sTNF-R1,delta_time3_vs_time1,30,27,0.079451266,"[-0.30, 0.43]",0.682035888,0.996502656,FALSE
2-Keto-3-methylvaleric acid,gp130/sIL-6Rb,delta_time2_vs_time1,30,27,0.079156799,"[-0.30, 0.43]",0.683153754,0.999017505,FALSE
Glycolic acid,IL-11,delta_time2_vs_time1,30,27,0.079098942,"[-0.30, 0.43]",0.683373467,0.999017505,FALSE
DL-Ornithine,TSLP,delta_time2_vs_time1,30,27,0.078983964,"[-0.30, 0.43]",0.683810178,0.999017505,FALSE
2-Aminoadipic acid,IL-11,delta_time3_vs_time1,30,27,0.078923915,"[-0.30, 0.43]",0.684038298,0.996502656,FALSE
Methionine,BAFF/TNFSF13B,delta_time3_vs_time1,30,27,0.078907211,"[-0.30, 0.43]",0.684101759,0.996502656,FALSE
Ascorbic Acid,IL-11,delta_time2_vs_time1,30,27,0.078693807,"[-0.30, 0.43]",0.684912699,0.999017505,FALSE
Alanine,TSLP,delta_time2_vs_time1,30,27,0.078606302,"[-0.30, 0.43]",0.68524532,0.999017505,FALSE
Serine,IL-19,delta_time2_vs_time1,30,27,0.078571576,"[-0.30, 0.43]",0.685377335,0.999017505,FALSE
Glycerol,APRIL/TNFSF13,delta_time2_vs_time1,30,27,0.078437321,"[-0.30, 0.43]",0.685887807,0.999017505,FALSE
3-OH-Butanoic Acid,MMP-2,delta_time3_vs_time1,30,27,0.078410901,"[-0.30, 0.43]",0.685988281,0.996502656,FALSE
Arachidonic acid,APRIL/TNFSF13,delta_time2_vs_time1,30,27,0.077920319,"[-0.30, 0.43]",0.687854846,0.999017505,FALSE
Serine,IL-35,delta_time3_vs_time1,30,27,0.077852604,"[-0.30, 0.43]",0.688112626,0.996502656,FALSE
L-5-Oxoproline,APRIL/TNFSF13,delta_time3_vs_time1,30,27,0.07765391,"[-0.30, 0.43]",0.688869229,0.996502656,FALSE
Linoleic Acid,IL-29/IFN-lambda1,delta_time3_vs_time1,30,27,0.07763886,"[-0.30, 0.43]",0.688926547,0.996502656,FALSE
Methyl galactoside,IL-10,delta_time2_vs_time1,30,27,0.077636525,"[-0.30, 0.43]",0.688935443,0.999017505,FALSE
"11-Eicosenoic acid, (E)-",Pentraxin-3,delta_time3_vs_time1,30,27,0.077597435,"[-0.30, 0.43]",0.689084333,0.996502656,FALSE
Tyrosine,IL-12(p70),delta_time2_vs_time1,30,27,0.077505837,"[-0.30, 0.43]",0.689433264,0.999017505,FALSE
Phenylalanine,IL-12(p40),delta_time3_vs_time1,30,27,0.07737928,"[-0.30, 0.43]",0.689915468,0.996502656,FALSE
Dodecanoic acid,Chitinase 3-like1,delta_time2_vs_time1,30,27,0.077368533,"[-0.30, 0.43]",0.689956421,0.999017505,FALSE
"9-Hexadecenoic acid, (Z)-",TSLP,delta_time3_vs_time1,30,27,0.077345265,"[-0.30, 0.43]",0.690045094,0.996502656,FALSE
2-Keto-3-methylvaleric acid,sCD163,delta_time3_vs_time1,30,27,0.077192166,"[-0.30, 0.43]",0.690628625,0.996502656,FALSE
Lactic Acid,IL-26,delta_time3_vs_time1,30,27,0.077091889,"[-0.30, 0.43]",0.69101092,0.996502656,FALSE
2-Aminoadipic acid,sTNF-R1,delta_time3_vs_time1,30,27,0.077062862,"[-0.30, 0.43]",0.691121597,0.996502656,FALSE
Lactic Acid.1,APRIL/TNFSF13,delta_time2_vs_time1,30,27,0.076911641,"[-0.30, 0.43]",0.691698288,0.999017505,FALSE
Stearic Acid,IL-20,delta_time2_vs_time1,30,27,0.076899349,"[-0.30, 0.43]",0.691745173,0.999017505,FALSE
1-Monopalmitin,sCD30/TNFRSF8,delta_time3_vs_time1,30,27,0.076888675,"[-0.30, 0.43]",0.691785886,0.996502656,FALSE
Glutamic Acid,Chitinase 3-like1,delta_time3_vs_time1,30,27,0.076870484,"[-0.30, 0.43]",0.691855272,0.996502656,FALSE
Glyceraldehyde-3-P(MOX),IL-28A/IFN-lambda2,delta_time3_vs_time1,30,27,0.07667998,"[-0.30, 0.43]",0.692582066,0.996502656,FALSE
Glyceraldehyde-3-P(MOX),sIL-6Ra,delta_time2_vs_time1,30,27,0.076605501,"[-0.30, 0.43]",0.692866287,0.999017505,FALSE
2-Aminoadipic acid,BAFF/TNFSF13B,delta_time3_vs_time1,30,27,0.076546522,"[-0.30, 0.43]",0.693091382,0.996502656,FALSE
2-Aminoadipic acid,TWEAK/TNFSF12,delta_time3_vs_time1,30,27,0.076388395,"[-0.30, 0.43]",0.693695014,0.996502656,FALSE
L-Norvaline,IFN-y,delta_time2_vs_time1,30,27,0.076193604,"[-0.30, 0.43]",0.694438859,0.999017505,FALSE
Decanoic acid,IL-28A/IFN-lambda2,delta_time3_vs_time1,30,27,0.076157317,"[-0.30, 0.43]",0.694577457,0.996502656,FALSE
Tryptophan,IL-11,delta_time2_vs_time1,30,27,0.07610644,"[-0.30, 0.43]",0.6947718,0.999017505,FALSE
N-Acetylglutamine,gp130/sIL-6Rb,delta_time2_vs_time1,30,27,0.07588879,"[-0.30, 0.43]",0.6956034,0.999017505,FALSE
"2,3-Butanediol",IL-12(p70),delta_time2_vs_time1,30,27,0.075750531,"[-0.30, 0.43]",0.696131844,0.999017505,FALSE
L-Aspartic acid,IFN-a2,delta_time2_vs_time1,30,27,0.075726465,"[-0.30, 0.43]",0.696223839,0.999017505,FALSE
beta-Alanine,MMP-2,delta_time2_vs_time1,30,27,0.075365887,"[-0.30, 0.43]",0.697602728,0.999017505,FALSE
Aminomalonic acid,IL-19,delta_time2_vs_time1,30,27,0.075234628,"[-0.30, 0.43]",0.698104913,0.999017505,FALSE
1H-Indole-3-Acetic Acid,TSLP,delta_time2_vs_time1,30,27,0.075231035,"[-0.30, 0.43]",0.698118662,0.999017505,FALSE
Glyceraldehyde-3-P(MOX),IL-19,delta_time2_vs_time1,30,27,0.074939788,"[-0.30, 0.43]",0.699233391,0.999017505,FALSE
L-Aspartic acid,sTNF-R1,delta_time2_vs_time1,30,27,0.074864127,"[-0.30, 0.43]",0.699523083,0.999017505,FALSE
L-Rhamnose,IL-12(p40),delta_time2_vs_time1,30,27,0.074798586,"[-0.30, 0.43]",0.699774056,0.999017505,FALSE
Ornithine,IL-20,delta_time2_vs_time1,30,27,0.074741284,"[-0.30, 0.43]",0.699993505,0.999017505,FALSE
"2-Ethyl-3-hydroxypropionic acid, di-",TSLP,delta_time3_vs_time1,30,27,0.07438184,"[-0.30, 0.43]",0.701370617,0.996502656,FALSE
Ornithine,IL-19,delta_time3_vs_time1,30,27,0.07436416,"[-0.30, 0.43]",0.701438376,0.996502656,FALSE
DL-Ornithine,APRIL/TNFSF13,delta_time3_vs_time1,30,27,0.074100842,"[-0.30, 0.43]",0.702447827,0.996502656,FALSE
Decanoic acid,TWEAK/TNFSF12,delta_time3_vs_time1,30,27,0.07403202,"[-0.30, 0.43]",0.702711741,0.996502656,FALSE
Threonine,IFN-a2,delta_time2_vs_time1,30,27,0.07401921,"[-0.30, 0.43]",0.702760867,0.999017505,FALSE
Phenylalanine,IL-35,delta_time2_vs_time1,30,27,0.073942634,"[-0.30, 0.43]",0.703054564,0.999017505,FALSE
beta-D-Xylopyranose,Pentraxin-3,delta_time2_vs_time1,30,27,0.073900209,"[-0.30, 0.43]",0.703217299,0.999017505,FALSE
2-OH-Butanoic Acid,sCD30/TNFRSF8,delta_time3_vs_time1,30,27,0.073765731,"[-0.30, 0.43]",0.703733215,0.996502656,FALSE
L-Alanine,IFN-y,delta_time3_vs_time1,30,27,0.073715523,"[-0.30, 0.43]",0.703925868,0.996502656,FALSE
"2-Ethyl-3-hydroxypropionic acid, di-",MMP-1,delta_time2_vs_time1,30,27,0.073666273,"[-0.30, 0.43]",0.704114861,0.999017505,FALSE
1-Heptadecanol,Pentraxin-3,delta_time3_vs_time1,30,27,0.073659535,"[-0.30, 0.43]",0.704140719,0.996502656,FALSE
3-OH-Butanoic Acid,sCD30/TNFRSF8,delta_time3_vs_time1,30,27,0.073633261,"[-0.30, 0.43]",0.704241554,0.996502656,FALSE
D-(-)-Ribofuranose,IL-19,delta_time2_vs_time1,30,27,0.073545574,"[-0.30, 0.43]",0.704578111,0.999017505,FALSE
Dodecanoic acid,sTNF-R2,delta_time2_vs_time1,30,27,0.073037442,"[-0.30, 0.43]",0.706529473,0.999017505,FALSE
Erythritol,IFN-y,delta_time2_vs_time1,30,27,0.073010452,"[-0.30, 0.43]",0.706633174,0.999017505,FALSE
Asparagine,IL-10,delta_time3_vs_time1,30,27,0.072891704,"[-0.30, 0.43]",0.707089483,0.996502656,FALSE
3-OH-Butanoic Acid,Chitinase 3-like1,delta_time3_vs_time1,30,27,0.072767264,"[-0.30, 0.43]",0.707567774,0.996502656,FALSE
Oxalic acid,IFN-a2,delta_time2_vs_time1,30,27,0.072412363,"[-0.30, 0.43]",0.708932445,0.999017505,FALSE
Tryptophan,APRIL/TNFSF13,delta_time3_vs_time1,30,27,0.0721824,"[-0.30, 0.43]",0.709817173,0.996502656,FALSE
3-OH-Butanoic Acid,Pentraxin-3,delta_time2_vs_time1,30,27,0.071999911,"[-0.30, 0.43]",0.710519518,0.999017505,FALSE
L-Aspartic acid,sCD30/TNFRSF8,delta_time3_vs_time1,30,27,0.071982377,"[-0.30, 0.43]",0.710587015,0.996502656,FALSE
1-Ethyl-1-tetradecyloxy-1-silacyclohexane,IL-12(p40),delta_time3_vs_time1,30,27,0.07197053,"[-0.30, 0.43]",0.710632619,0.996502656,FALSE
"2,3,4-Trihydroxybutyric acid",IL-12(p40),delta_time2_vs_time1,30,27,0.071914861,"[-0.30, 0.43]",0.710846931,0.999017505,FALSE
Oleic Acid,IL-11,delta_time3_vs_time1,30,27,0.071894251,"[-0.30, 0.43]",0.710926277,0.996502656,FALSE
Glutamic Acid,sCD163,delta_time2_vs_time1,30,27,0.071843298,"[-0.30, 0.43]",0.71112246,0.999017505,FALSE
Cysteine,IL-19,delta_time3_vs_time1,30,27,0.07179685,"[-0.30, 0.43]",0.711301313,0.996502656,FALSE
Nonanoic acid,TWEAK/TNFSF12,delta_time3_vs_time1,30,27,0.071679736,"[-0.30, 0.43]",0.711752337,0.996502656,FALSE
Methyl galactoside,IL-12(p40),delta_time3_vs_time1,30,27,0.071502715,"[-0.30, 0.43]",0.712434255,0.996502656,FALSE
Linoleic Acid,MMP-1,delta_time3_vs_time1,30,27,0.071480523,"[-0.30, 0.43]",0.712519759,0.996502656,FALSE
Alanine,IFN-y,delta_time3_vs_time1,30,27,0.071425537,"[-0.30, 0.43]",0.712731627,0.996502656,FALSE
Oleic Acid,IL-12(p70),delta_time2_vs_time1,30,27,0.071358194,"[-0.30, 0.43]",0.712991136,0.999017505,FALSE
"2-Ethyl-3-hydroxypropionic acid, di-",IL-10,delta_time2_vs_time1,30,27,0.071231829,"[-0.30, 0.43]",0.713478175,0.999017505,FALSE
Butanoic acid,APRIL/TNFSF13,delta_time2_vs_time1,30,27,0.071175079,"[-0.30, 0.43]",0.713696938,0.999017505,FALSE
2-Aminoadipic acid,MMP-1,delta_time3_vs_time1,30,27,0.07116244,"[-0.30, 0.43]",0.713745664,0.996502656,FALSE
Asparagine,sIL-6Ra,delta_time3_vs_time1,30,27,0.071133218,"[-0.30, 0.43]",0.713858321,0.996502656,FALSE
Palmitic Acid,IFN-y,delta_time3_vs_time1,30,27,0.071089415,"[-0.30, 0.43]",0.714027204,0.996502656,FALSE
3-OH-Butanoic Acid,sTNF-R1,delta_time3_vs_time1,30,27,0.070953187,"[-0.30, 0.43]",0.714552515,0.996502656,FALSE
Leucine,TSLP,delta_time3_vs_time1,30,27,0.070934234,"[-0.30, 0.43]",0.71462561,0.996502656,FALSE
Ethyl alpha-D-glucopyranoside,APRIL/TNFSF13,delta_time3_vs_time1,30,27,0.070730742,"[-0.30, 0.43]",0.715410562,0.996502656,FALSE
L-(+)-Erythrulose,Osteopontin,delta_time3_vs_time1,30,27,0.070634569,"[-0.30, 0.43]",0.715781641,0.996502656,FALSE
2-Aminoadipic acid,gp130/sIL-6Rb,delta_time2_vs_time1,30,27,0.07058605,"[-0.30, 0.43]",0.71596887,0.999017505,FALSE
N-Acetylglutamine,MMP-1,delta_time3_vs_time1,30,27,0.070570528,"[-0.30, 0.43]",0.716028774,0.996502656,FALSE
Nonanoic acid,IL-12(p70),delta_time2_vs_time1,30,27,0.07052093,"[-0.30, 0.43]",0.716220191,0.999017505,FALSE
Glyceraldehyde-3-P(MOX),gp130/sIL-6Rb,delta_time2_vs_time1,30,27,0.070416446,"[-0.30, 0.43]",0.716623489,0.999017505,FALSE
N-Acetylglutamine,sIL-6Ra,delta_time2_vs_time1,30,27,0.070364152,"[-0.30, 0.43]",0.716825366,0.999017505,FALSE
Phenylalanine,gp130/sIL-6Rb,delta_time3_vs_time1,30,27,0.07028127,"[-0.30, 0.43]",0.717145364,0.996502656,FALSE
"11-Eicosenoic acid, (E)-",IL-11,delta_time2_vs_time1,30,27,0.070198907,"[-0.30, 0.43]",0.717463407,0.999017505,FALSE
L-5-Oxoproline,IL-12(p40),delta_time3_vs_time1,30,27,0.070110913,"[-0.30, 0.43]",0.717803243,0.996502656,FALSE
1-Monopalmitin,IFN-a2,delta_time2_vs_time1,30,27,0.070087019,"[-0.30, 0.43]",0.717895534,0.999017505,FALSE
Lactic Acid.1,IL-12(p70),delta_time2_vs_time1,30,27,0.069758188,"[-0.30, 0.43]",0.719166011,0.999017505,FALSE
Dodecanoic acid,BAFF/TNFSF13B,delta_time2_vs_time1,30,27,0.06969049,"[-0.30, 0.43]",0.719427661,0.999017505,FALSE
Butanoic acid,IFN-a2,delta_time3_vs_time1,30,27,0.069689292,"[-0.30, 0.43]",0.719432294,0.996502656,FALSE
"Ethanolamine, 3TMS",IL-20,delta_time2_vs_time1,30,27,0.069684391,"[-0.30, 0.43]",0.719451238,0.999017505,FALSE
Glutamic Acid,APRIL/TNFSF13,delta_time2_vs_time1,30,27,0.069651479,"[-0.30, 0.43]",0.719578454,0.999017505,FALSE
"Ethanolamine, 2TMS",TSLP,delta_time2_vs_time1,30,27,0.069611961,"[-0.30, 0.43]",0.719731213,0.999017505,FALSE
2-Keto-3-methylvaleric acid,sIL-6Ra,delta_time3_vs_time1,30,27,0.069473985,"[-0.30, 0.43]",0.720264657,0.996502656,FALSE
Proline,IL-12(p70),delta_time2_vs_time1,30,27,0.06927269,"[-0.30, 0.42]",0.721043132,0.999017505,FALSE
Tryptophan,sCD163,delta_time3_vs_time1,30,27,0.069238327,"[-0.31, 0.42]",0.721176051,0.996502656,FALSE
"Ethanolamine, 2TMS",gp130/sIL-6Rb,delta_time2_vs_time1,30,27,0.06921736,"[-0.31, 0.42]",0.721257161,0.999017505,FALSE
"9-Hexadecenoic acid, (Z)-",Pentraxin-3,delta_time3_vs_time1,30,27,0.068918366,"[-0.31, 0.42]",0.722414084,0.996502656,FALSE
"2,3,4-Trihydroxybutyric acid",Osteocalcin,delta_time3_vs_time1,30,27,0.068899212,"[-0.31, 0.42]",0.722488218,0.996502656,FALSE
L-Proline,IL-11,delta_time3_vs_time1,30,27,0.068872862,"[-0.31, 0.42]",0.72259021,0.996502656,FALSE
2-Keto-3-methylvaleric acid,Chitinase 3-like1,delta_time3_vs_time1,30,27,0.068862768,"[-0.31, 0.42]",0.722629282,0.996502656,FALSE
Ethyl alpha-D-glucopyranoside,IFN-y,delta_time3_vs_time1,30,27,0.068834346,"[-0.31, 0.42]",0.722739298,0.996502656,FALSE
Oleic Acid,IL-28A/IFN-lambda2,delta_time2_vs_time1,30,27,0.068607891,"[-0.31, 0.42]",0.723616067,0.999017505,FALSE
1-Monooleoylglycerol,BAFF/TNFSF13B,delta_time2_vs_time1,30,27,0.068568702,"[-0.31, 0.42]",0.72376783,0.999017505,FALSE
"1,5-Anhydrohexitol",IFN-a2,delta_time3_vs_time1,30,27,0.068553849,"[-0.31, 0.42]",0.723825353,0.996502656,FALSE
"2,3,4-Trihydroxybutyric acid",IL-26,delta_time2_vs_time1,30,27,0.068508794,"[-0.31, 0.42]",0.72399985,0.999017505,FALSE
Oleic Acid,sCD30/TNFRSF8,delta_time2_vs_time1,30,27,0.068487843,"[-0.31, 0.42]",0.724080997,0.999017505,FALSE
Campesterol,IL-28A/IFN-lambda2,delta_time3_vs_time1,30,27,0.068478713,"[-0.31, 0.42]",0.724116361,0.996502656,FALSE
L-Aspartic acid,IL-19,delta_time3_vs_time1,30,27,0.068389002,"[-0.31, 0.42]",0.72446387,0.996502656,FALSE
Phenylalanine,Pentraxin-3,delta_time2_vs_time1,30,27,0.067982739,"[-0.31, 0.42]",0.726038251,0.999017505,FALSE
Oleic Acid,IFN-a2,delta_time2_vs_time1,30,27,0.067941564,"[-0.31, 0.42]",0.726197879,0.999017505,FALSE
Oxalic acid,IL-26,delta_time3_vs_time1,30,27,0.067898556,"[-0.31, 0.42]",0.726364621,0.996502656,FALSE
Serine,TWEAK/TNFSF12,delta_time2_vs_time1,30,27,0.067863685,"[-0.31, 0.42]",0.726499827,0.999017505,FALSE
"9-Hexadecenoic acid, (Z)-",IL-29/IFN-lambda1,delta_time3_vs_time1,30,27,0.067851448,"[-0.31, 0.42]",0.726547276,0.996502656,FALSE
2-Aminoheptanedioic acid,sCD163,delta_time3_vs_time1,30,27,0.067777,"[-0.31, 0.42]",0.726835965,0.996502656,FALSE
Valine,IFN-y,delta_time2_vs_time1,30,27,0.067758566,"[-0.31, 0.42]",0.726907454,0.999017505,FALSE
Proline,TSLP,delta_time3_vs_time1,30,27,0.067650395,"[-0.31, 0.42]",0.727326992,0.996502656,FALSE
Glutamic Acid,IFN-y,delta_time2_vs_time1,30,27,0.06760734,"[-0.31, 0.42]",0.727494,0.999017505,FALSE
L-Norvaline,sCD163,delta_time3_vs_time1,30,27,0.067551894,"[-0.31, 0.42]",0.72770909,0.996502656,FALSE
1-Monopalmitin,IL-28A/IFN-lambda2,delta_time3_vs_time1,30,27,0.067509587,"[-0.31, 0.42]",0.727873226,0.996502656,FALSE
Ethyl alpha-D-glucopyranoside,APRIL/TNFSF13,delta_time2_vs_time1,30,27,0.066524415,"[-0.31, 0.42]",0.731698624,0.999017505,FALSE
N-Acetylglutamine,APRIL/TNFSF13,delta_time3_vs_time1,30,27,0.0664996,"[-0.31, 0.42]",0.731795061,0.996502656,FALSE
3-OH-Butanoic Acid,sTNF-R1,delta_time2_vs_time1,30,27,0.066494871,"[-0.31, 0.42]",0.73181344,0.999017505,FALSE
"2,3,4-Trihydroxybutyric acid",TWEAK/TNFSF12,delta_time2_vs_time1,30,27,0.066463645,"[-0.31, 0.42]",0.731934796,0.999017505,FALSE
"2-Ethyl-3-hydroxypropionic acid, di-",Osteopontin,delta_time3_vs_time1,30,27,0.066442527,"[-0.31, 0.42]",0.732016877,0.996502656,FALSE
Lysine,TWEAK/TNFSF12,delta_time2_vs_time1,30,27,0.066437132,"[-0.31, 0.42]",0.732037844,0.999017505,FALSE
Stearic Acid,Osteopontin,delta_time2_vs_time1,30,27,0.066408699,"[-0.31, 0.42]",0.73214836,0.999017505,FALSE
1-Monooleoylglycerol,Osteopontin,delta_time2_vs_time1,30,27,0.066270518,"[-0.31, 0.42]",0.732685524,0.999017505,FALSE
Arginine [-NH3],APRIL/TNFSF13,delta_time3_vs_time1,30,27,0.066181529,"[-0.31, 0.42]",0.733031524,0.996502656,FALSE
Leucine,Pentraxin-3,delta_time3_vs_time1,30,27,0.066011353,"[-0.31, 0.42]",0.733693329,0.996502656,FALSE
L-Norvaline,gp130/sIL-6Rb,delta_time2_vs_time1,30,27,0.06588643,"[-0.31, 0.42]",0.734179269,0.999017505,FALSE
alpha-D-Glucopyranoside,APRIL/TNFSF13,delta_time2_vs_time1,30,27,0.065765376,"[-0.31, 0.42]",0.734650252,0.999017505,FALSE
"D-Arabinose, tetrakis",APRIL/TNFSF13,delta_time2_vs_time1,30,27,0.06573082,"[-0.31, 0.42]",0.734784718,0.999017505,FALSE
3-OH-Butanoic Acid,IL-10,delta_time2_vs_time1,30,27,0.065711928,"[-0.31, 0.42]",0.734858234,0.999017505,FALSE
1-Monooleoylglycerol,sIL-6Ra,delta_time2_vs_time1,30,27,0.065698155,"[-0.31, 0.42]",0.734911831,0.999017505,FALSE
1-Monopalmitin,IL-11,delta_time2_vs_time1,30,27,0.06550934,"[-0.31, 0.42]",0.735646721,0.999017505,FALSE
L-Alanine,APRIL/TNFSF13,delta_time3_vs_time1,30,27,0.065420718,"[-0.31, 0.42]",0.735991728,0.996502656,FALSE
Ethyl alpha-D-glucopyranoside,BAFF/TNFSF13B,delta_time2_vs_time1,30,27,0.065107378,"[-0.31, 0.42]",0.737211969,0.999017505,FALSE
Dodecanoic acid,sIL-6Ra,delta_time3_vs_time1,30,27,0.065096721,"[-0.31, 0.42]",0.737253482,0.996502656,FALSE
Glyceraldehyde-3-P(MOX),IL-12(p70),delta_time3_vs_time1,30,27,0.065051939,"[-0.31, 0.42]",0.73742793,0.996502656,FALSE
beta-Alanine,BAFF/TNFSF13B,delta_time2_vs_time1,30,27,0.064996275,"[-0.31, 0.42]",0.737644787,0.999017505,FALSE
"Ethanolamine, 3TMS",BAFF/TNFSF13B,delta_time3_vs_time1,30,27,0.064906505,"[-0.31, 0.42]",0.737994556,0.996502656,FALSE
Ethyl alpha-D-glucopyranoside,IL-12(p70),delta_time3_vs_time1,30,27,0.064675138,"[-0.31, 0.42]",0.738896267,0.996502656,FALSE
"2,3-Butanediol",IL-11,delta_time2_vs_time1,30,27,0.064657387,"[-0.31, 0.42]",0.738965461,0.999017505,FALSE
1H-Indole-3-Acetic Acid,MMP-3,delta_time2_vs_time1,30,27,0.064573763,"[-0.31, 0.42]",0.739291462,0.999017505,FALSE
Oleic Acid,Chitinase 3-like1,delta_time2_vs_time1,30,27,0.064514242,"[-0.31, 0.42]",0.739523527,0.999017505,FALSE
Threonine,IL-35,delta_time2_vs_time1,30,27,0.064508212,"[-0.31, 0.42]",0.739547041,0.999017505,FALSE
"Ethanolamine, 2TMS",Pentraxin-3,delta_time3_vs_time1,30,27,0.064497045,"[-0.31, 0.42]",0.739590583,0.996502656,FALSE
Ascorbic Acid,sCD163,delta_time3_vs_time1,30,27,0.064438251,"[-0.31, 0.42]",0.73981984,0.996502656,FALSE
Ornithine,MMP-1,delta_time2_vs_time1,30,27,0.064423575,"[-0.31, 0.42]",0.739877071,0.999017505,FALSE
"11-Eicosenoic acid, (E)-",APRIL/TNFSF13,delta_time3_vs_time1,30,27,0.064052702,"[-0.31, 0.42]",0.74132377,0.996502656,FALSE
Lactic Acid,sTNF-R2,delta_time2_vs_time1,30,27,0.063908611,"[-0.31, 0.42]",0.741886074,0.999017505,FALSE
L-Norvaline,IL-10,delta_time3_vs_time1,30,27,0.063809175,"[-0.31, 0.42]",0.74227419,0.996502656,FALSE
L-Alanine,MMP-1,delta_time3_vs_time1,30,27,0.063753364,"[-0.31, 0.42]",0.742492058,0.996502656,FALSE
Decanoic acid,sCD163,delta_time3_vs_time1,30,27,0.063432712,"[-0.31, 0.42]",0.743744154,0.996502656,FALSE
L-Aspartic acid,Pentraxin-3,delta_time2_vs_time1,30,27,0.063400727,"[-0.31, 0.42]",0.743869082,0.999017505,FALSE
N-Acetylglutamine,IL-20,delta_time2_vs_time1,30,27,0.063347707,"[-0.31, 0.42]",0.744076188,0.999017505,FALSE
Phenylalanine,IL-28A/IFN-lambda2,delta_time3_vs_time1,30,27,0.062903755,"[-0.31, 0.42]",0.745811038,0.996502656,FALSE
Aminomalonic acid,sIL-6Ra,delta_time2_vs_time1,30,27,0.062468334,"[-0.31, 0.42]",0.747513732,0.999017505,FALSE
Ethyl alpha-D-glucopyranoside,sCD163,delta_time2_vs_time1,30,27,0.062462307,"[-0.31, 0.42]",0.747537312,0.999017505,FALSE
Erythritol,IL-29/IFN-lambda1,delta_time3_vs_time1,30,27,0.06232909,"[-0.31, 0.42]",0.748058485,0.996502656,FALSE
D-(-)-Ribofuranose,Pentraxin-3,delta_time2_vs_time1,30,27,0.062283871,"[-0.31, 0.42]",0.748235418,0.999017505,FALSE
DL-Ornithine,MMP-3,delta_time3_vs_time1,30,27,0.062273357,"[-0.31, 0.42]",0.748276558,0.996502656,FALSE
"2-Ethyl-3-hydroxypropionic acid, di-",IL-12(p40),delta_time3_vs_time1,30,27,0.06222816,"[-0.31, 0.42]",0.748453422,0.996502656,FALSE
2-Aminoadipic acid,IL-29/IFN-lambda1,delta_time3_vs_time1,30,27,0.062080388,"[-0.31, 0.42]",0.749031758,0.996502656,FALSE
Methyl galactoside,IL-19,delta_time3_vs_time1,30,27,0.062076086,"[-0.31, 0.42]",0.749048598,0.996502656,FALSE
Oxalic acid,IL-11,delta_time3_vs_time1,30,27,0.062012679,"[-0.31, 0.42]",0.749296796,0.996502656,FALSE
Butanoic acid,IL-12(p70),delta_time3_vs_time1,30,27,0.061994365,"[-0.31, 0.42]",0.74936849,0.996502656,FALSE
Methyl galactoside,Pentraxin-3,delta_time3_vs_time1,30,27,0.061949673,"[-0.31, 0.42]",0.74954345,0.996502656,FALSE
L-Proline,IL-12(p70),delta_time3_vs_time1,30,27,0.061934181,"[-0.31, 0.42]",0.749604104,0.996502656,FALSE
Erythritol,sTNF-R2,delta_time3_vs_time1,30,27,0.061579681,"[-0.31, 0.42]",0.75099237,0.996502656,FALSE
L-Aspartic acid,sCD30/TNFRSF8,delta_time2_vs_time1,30,27,0.061536599,"[-0.31, 0.42]",0.751161139,0.999017505,FALSE
Ascorbic Acid,APRIL/TNFSF13,delta_time2_vs_time1,30,27,0.061514468,"[-0.31, 0.42]",0.751247836,0.999017505,FALSE
1-Heptadecanol,IL-19,delta_time2_vs_time1,30,27,0.061484065,"[-0.31, 0.42]",0.751366946,0.999017505,FALSE
Erythritol,IL-29/IFN-lambda1,delta_time2_vs_time1,30,27,0.061478635,"[-0.31, 0.42]",0.751388222,0.999017505,FALSE
Glycine,sIL-6Ra,delta_time2_vs_time1,30,27,0.061339134,"[-0.31, 0.42]",0.751934817,0.999017505,FALSE
Ethyl alpha-D-glucopyranoside,sTNF-R2,delta_time2_vs_time1,30,27,0.061324177,"[-0.31, 0.42]",0.751993433,0.999017505,FALSE
Dodecanoic acid,IL-10,delta_time3_vs_time1,30,27,0.061237669,"[-0.31, 0.42]",0.752332458,0.996502656,FALSE
Methionine,MMP-2,delta_time3_vs_time1,30,27,0.061163999,"[-0.31, 0.42]",0.752621206,0.996502656,FALSE
Glycine,IFN-y,delta_time3_vs_time1,30,27,0.061062545,"[-0.31, 0.42]",0.753018908,0.996502656,FALSE
"Ethanolamine, 3TMS",sCD30/TNFRSF8,delta_time3_vs_time1,30,27,0.061001575,"[-0.31, 0.42]",0.753257942,0.996502656,FALSE
Palmitic Acid,IL-28A/IFN-lambda2,delta_time2_vs_time1,30,27,0.060915628,"[-0.31, 0.42]",0.753594934,0.999017505,FALSE
2-Aminoadipic acid,TSLP,delta_time3_vs_time1,30,27,0.06090062,"[-0.31, 0.42]",0.753653786,0.996502656,FALSE
Glyceraldehyde-3-P(MOX),IFN-a2,delta_time3_vs_time1,30,27,0.06086759,"[-0.31, 0.42]",0.75378331,0.996502656,FALSE
"Ethanolamine, 3TMS",sIL-6Ra,delta_time3_vs_time1,30,27,0.06079681,"[-0.31, 0.42]",0.754060888,0.996502656,FALSE
beta-D-Xylopyranose,sCD163,delta_time2_vs_time1,30,27,0.060190499,"[-0.31, 0.42]",0.756439888,0.999017505,FALSE
L-Proline,IL-12(p70),delta_time2_vs_time1,30,27,0.060188313,"[-0.31, 0.42]",0.756448468,0.999017505,FALSE
Linoleic Acid,APRIL/TNFSF13,delta_time3_vs_time1,30,27,0.060100806,"[-0.31, 0.42]",0.756792004,0.996502656,FALSE
Ornithine,sCD163,delta_time2_vs_time1,30,27,0.06001295,"[-0.31, 0.42]",0.757136954,0.999017505,FALSE
Doconexent,Osteocalcin,delta_time2_vs_time1,30,27,0.059924309,"[-0.31, 0.42]",0.757485032,0.999017505,FALSE
1-Monopalmitin,APRIL/TNFSF13,delta_time3_vs_time1,30,27,0.059859485,"[-0.31, 0.42]",0.757739618,0.996502656,FALSE
Dodecanoic acid,TWEAK/TNFSF12,delta_time3_vs_time1,30,27,0.059717633,"[-0.31, 0.42]",0.758296797,0.996502656,FALSE
Methionine,sCD163,delta_time3_vs_time1,30,27,0.059647877,"[-0.31, 0.42]",0.758570836,0.996502656,FALSE
1H-Indole-3-Acetic Acid,Osteopontin,delta_time2_vs_time1,30,27,0.059590683,"[-0.31, 0.42]",0.758795548,0.999017505,FALSE
1H-Indole-3-Acetic Acid,Chitinase 3-like1,delta_time2_vs_time1,30,27,0.059589122,"[-0.31, 0.42]",0.75880168,0.999017505,FALSE
Valine,IL-12(p40),delta_time2_vs_time1,30,27,0.059439483,"[-0.31, 0.42]",0.759389691,0.999017505,FALSE
beta-D-Xylopyranose,Osteopontin,delta_time3_vs_time1,30,27,0.059407798,"[-0.31, 0.42]",0.759514212,0.996502656,FALSE
Glutamic Acid,Chitinase 3-like1,delta_time2_vs_time1,30,27,0.059387018,"[-0.31, 0.42]",0.759595881,0.999017505,FALSE
1-Monopalmitin,BAFF/TNFSF13B,delta_time3_vs_time1,30,27,0.059270008,"[-0.31, 0.42]",0.760055801,0.996502656,FALSE
2-Aminoheptanedioic acid,IL-12(p40),delta_time3_vs_time1,30,27,0.059027322,"[-0.31, 0.42]",0.76100996,0.996502656,FALSE
Alanine,IL-19,delta_time2_vs_time1,30,27,0.059024706,"[-0.31, 0.42]",0.761020246,0.999017505,FALSE
1-Monopalmitin,MMP-1,delta_time2_vs_time1,30,27,0.058980915,"[-0.31, 0.42]",0.761192455,0.999017505,FALSE
2-OH-Butanoic Acid,IL-11,delta_time2_vs_time1,30,27,0.058667493,"[-0.31, 0.42]",0.762425316,0.999017505,FALSE
2-Aminoheptanedioic acid,MMP-2,delta_time3_vs_time1,30,27,0.058588191,"[-0.31, 0.42]",0.762737343,0.996502656,FALSE
beta-Alanine,IL-11,delta_time3_vs_time1,30,27,0.058514937,"[-0.31, 0.42]",0.76302561,0.996502656,FALSE
"2,3,4-Trihydroxybutyric acid",MMP-2,delta_time2_vs_time1,30,27,0.058507919,"[-0.31, 0.42]",0.763053225,0.999017505,FALSE
L-Aspartic acid,MMP-3,delta_time2_vs_time1,30,27,0.05824986,"[-0.31, 0.42]",0.764068977,0.999017505,FALSE
Citric acid,TSLP,delta_time3_vs_time1,30,27,0.058187149,"[-0.32, 0.42]",0.764315873,0.996502656,FALSE
Arachidonic acid,sTNF-R1,delta_time2_vs_time1,30,27,0.05813956,"[-0.32, 0.42]",0.764503248,0.999017505,FALSE
1-Ethyl-1-tetradecyloxy-1-silacyclohexane,BAFF/TNFSF13B,delta_time2_vs_time1,30,27,0.057953145,"[-0.32, 0.42]",0.765237359,0.999017505,FALSE
L-Proline,sTNF-R1,delta_time2_vs_time1,30,27,0.057892801,"[-0.32, 0.42]",0.765475039,0.999017505,FALSE
1-Ethyl-1-tetradecyloxy-1-silacyclohexane,IL-28A/IFN-lambda2,delta_time3_vs_time1,30,27,0.057687021,"[-0.32, 0.42]",0.766285707,0.996502656,FALSE
2-Keto-3-methylvaleric acid,IL-11,delta_time2_vs_time1,30,27,0.057592994,"[-0.32, 0.42]",0.766656209,0.999017505,FALSE
Alanine,Osteopontin,delta_time2_vs_time1,30,27,0.057113216,"[-0.32, 0.41]",0.768547485,0.999017505,FALSE
Tyrosine,TSLP,delta_time2_vs_time1,30,27,0.057057301,"[-0.32, 0.41]",0.768767985,0.999017505,FALSE
Glycine,IL-20,delta_time2_vs_time1,30,27,0.057037325,"[-0.32, 0.41]",0.768846767,0.999017505,FALSE
DL-Ornithine,MMP-1,delta_time3_vs_time1,30,27,0.05681148,"[-0.32, 0.41]",0.76973759,0.996502656,FALSE
Arachidonic acid,IL-20,delta_time3_vs_time1,30,27,0.056795642,"[-0.32, 0.41]",0.769800073,0.996502656,FALSE
2-OH-Butanoic Acid,MMP-3,delta_time3_vs_time1,30,27,0.056773101,"[-0.32, 0.41]",0.769889004,0.996502656,FALSE
2-Aminoheptanedioic acid,BAFF/TNFSF13B,delta_time3_vs_time1,30,27,0.056634846,"[-0.32, 0.41]",0.770434507,0.996502656,FALSE
1H-Indole-3-Acetic Acid,sCD30/TNFRSF8,delta_time2_vs_time1,30,27,0.056405396,"[-0.32, 0.41]",0.771340075,0.999017505,FALSE
Palmitelaidic acid,IL-12(p40),delta_time3_vs_time1,30,27,0.056333447,"[-0.32, 0.41]",0.771624095,0.996502656,FALSE
Glutamine [-H2O],IL-19,delta_time3_vs_time1,30,27,0.056200184,"[-0.32, 0.41]",0.772150227,0.996502656,FALSE
Cysteine,IL-11,delta_time3_vs_time1,30,27,0.056185994,"[-0.32, 0.41]",0.772206256,0.996502656,FALSE
Aminomalonic acid,sIL-6Ra,delta_time3_vs_time1,30,27,0.056118459,"[-0.32, 0.41]",0.772472937,0.996502656,FALSE
beta-Alanine,IL-12(p70),delta_time2_vs_time1,30,27,0.05596445,"[-0.32, 0.41]",0.773081169,0.999017505,FALSE
Glycine,sIL-6Ra,delta_time3_vs_time1,30,27,0.055959117,"[-0.32, 0.41]",0.773102234,0.996502656,FALSE
Asparagine,BAFF/TNFSF13B,delta_time3_vs_time1,30,27,0.055806266,"[-0.32, 0.41]",0.77370603,0.996502656,FALSE
3-OH-Butanoic Acid,IL-19,delta_time2_vs_time1,30,27,0.055773787,"[-0.32, 0.41]",0.773834346,0.999017505,FALSE
1-Monooleoylglycerol,IL-19,delta_time2_vs_time1,30,27,0.055699566,"[-0.32, 0.41]",0.774127598,0.999017505,FALSE
Proline,MMP-1,delta_time3_vs_time1,30,27,0.055695141,"[-0.32, 0.41]",0.774145081,0.996502656,FALSE
Arginine [-NH3],sTNF-R2,delta_time2_vs_time1,30,27,0.055481701,"[-0.32, 0.41]",0.774988563,0.999017505,FALSE
L-Proline,TSLP,delta_time3_vs_time1,30,27,0.055049716,"[-0.32, 0.41]",0.776696469,0.996502656,FALSE
Glycerol,Pentraxin-3,delta_time3_vs_time1,30,27,0.054919542,"[-0.32, 0.41]",0.777211328,0.996502656,FALSE
L-Proline,BAFF/TNFSF13B,delta_time2_vs_time1,30,27,0.054825512,"[-0.32, 0.41]",0.77758329,0.999017505,FALSE
Indole-3-Latic Acid,IL-12(p70),delta_time3_vs_time1,30,27,0.054626043,"[-0.32, 0.41]",0.778372504,0.996502656,FALSE
Threonine,Osteopontin,delta_time3_vs_time1,30,27,0.054605459,"[-0.32, 0.41]",0.778453957,0.996502656,FALSE
"2-Ethyl-3-hydroxypropionic acid, di-",IL-29/IFN-lambda1,delta_time3_vs_time1,30,27,0.054511947,"[-0.32, 0.41]",0.778824029,0.996502656,FALSE
Stearic Acid,Osteocalcin,delta_time2_vs_time1,30,27,0.054376026,"[-0.32, 0.41]",0.779362017,0.999017505,FALSE
Cholesterol,IFN-a2,delta_time2_vs_time1,30,27,0.054281795,"[-0.32, 0.41]",0.779735052,0.999017505,FALSE
"11-Eicosenoic acid, (E)-",Osteocalcin,delta_time3_vs_time1,30,27,0.05415338,"[-0.32, 0.41]",0.780243485,0.996502656,FALSE
Glycine,APRIL/TNFSF13,delta_time2_vs_time1,30,27,0.054049026,"[-0.32, 0.41]",0.780656725,0.999017505,FALSE
3-OH-Butanoic Acid,sTNF-R2,delta_time2_vs_time1,30,27,0.05403702,"[-0.32, 0.41]",0.780704269,0.999017505,FALSE
1-Monooleoylglycerol,IL-35,delta_time2_vs_time1,30,27,0.054016196,"[-0.32, 0.41]",0.780786741,0.999017505,FALSE
2-OH-Butanoic Acid,IL-10,delta_time3_vs_time1,30,27,0.0540059,"[-0.32, 0.41]",0.780827518,0.996502656,FALSE
Tyrosine,IL-29/IFN-lambda1,delta_time3_vs_time1,30,27,0.053960618,"[-0.32, 0.41]",0.781006858,0.996502656,FALSE
N-Acetylglutamine,Osteocalcin,delta_time3_vs_time1,30,27,0.053934343,"[-0.32, 0.41]",0.78111093,0.996502656,FALSE
D-(-)-Ribofuranose,sTNF-R1,delta_time2_vs_time1,30,27,0.053716301,"[-0.32, 0.41]",0.781974684,0.999017505,FALSE
Citric acid,IFN-y,delta_time3_vs_time1,30,27,0.053660283,"[-0.32, 0.41]",0.782196636,0.996502656,FALSE
Glycine,MMP-1,delta_time3_vs_time1,30,27,0.053580125,"[-0.32, 0.41]",0.782514263,0.996502656,FALSE
L-Rhamnose,IFN-y,delta_time3_vs_time1,30,27,0.053490506,"[-0.32, 0.41]",0.782869421,0.996502656,FALSE
"11-Eicosenoic acid, (E)-",TSLP,delta_time3_vs_time1,30,27,0.053326771,"[-0.32, 0.41]",0.783518409,0.996502656,FALSE
L-Rhamnose,sCD30/TNFRSF8,delta_time3_vs_time1,30,27,0.053091021,"[-0.32, 0.41]",0.784453084,0.996502656,FALSE
Dodecanoic acid,Osteocalcin,delta_time3_vs_time1,30,27,0.052940209,"[-0.32, 0.41]",0.785051162,0.996502656,FALSE
L-Rhamnose,IL-26,delta_time2_vs_time1,30,27,0.052935482,"[-0.32, 0.41]",0.78506991,0.999017505,FALSE
L-5-Oxoproline,APRIL/TNFSF13,delta_time2_vs_time1,30,27,0.052819085,"[-0.32, 0.41]",0.785531593,0.999017505,FALSE
Linoleic Acid,IL-12(p70),delta_time2_vs_time1,30,27,0.052730891,"[-0.32, 0.41]",0.785881459,0.999017505,FALSE
Leucine,IL-26,delta_time3_vs_time1,30,27,0.052728233,"[-0.32, 0.41]",0.785892003,0.996502656,FALSE
Proline,sIL-6Ra,delta_time3_vs_time1,30,27,0.052567814,"[-0.32, 0.41]",0.786528489,0.996502656,FALSE
Glycerol,Pentraxin-3,delta_time2_vs_time1,30,27,0.052553916,"[-0.32, 0.41]",0.786583637,0.999017505,FALSE
"1,5-Anhydrohexitol",IL-10,delta_time3_vs_time1,30,27,0.052504603,"[-0.32, 0.41]",0.786779326,0.996502656,FALSE
L-Aspartic acid,TWEAK/TNFSF12,delta_time2_vs_time1,30,27,0.052465124,"[-0.32, 0.41]",0.786935999,0.999017505,FALSE
Methionine,Chitinase 3-like1,delta_time3_vs_time1,30,27,0.052410389,"[-0.32, 0.41]",0.787153228,0.996502656,FALSE
Oleic Acid,sTNF-R2,delta_time3_vs_time1,30,27,0.052375862,"[-0.32, 0.41]",0.787290264,0.996502656,FALSE
1-Heptadecanol,IL-20,delta_time3_vs_time1,30,27,0.052370171,"[-0.32, 0.41]",0.787312852,0.996502656,FALSE
2-OH-Butanoic Acid,Pentraxin-3,delta_time2_vs_time1,30,27,0.052330179,"[-0.32, 0.41]",0.787471589,0.999017505,FALSE
Lactic Acid,sCD163,delta_time2_vs_time1,30,27,0.052151978,"[-0.32, 0.41]",0.788179006,0.999017505,FALSE
Methionine,sTNF-R2,delta_time3_vs_time1,30,27,0.052122285,"[-0.32, 0.41]",0.788296896,0.996502656,FALSE
Dodecanoic acid,sIL-6Ra,delta_time2_vs_time1,30,27,0.052091535,"[-0.32, 0.41]",0.78841899,0.999017505,FALSE
Butanoic acid,IL-12(p40),delta_time2_vs_time1,30,27,0.052089209,"[-0.32, 0.41]",0.788428227,0.999017505,FALSE
Campesterol,IL-19,delta_time2_vs_time1,30,27,0.05181742,"[-0.32, 0.41]",0.78950757,0.999017505,FALSE
Glutamine [-H2O],Pentraxin-3,delta_time2_vs_time1,30,27,0.051718809,"[-0.32, 0.41]",0.789899275,0.999017505,FALSE
Ornithine,APRIL/TNFSF13,delta_time3_vs_time1,30,27,0.051689794,"[-0.32, 0.41]",0.79001454,0.996502656,FALSE
2-OH-Butanoic Acid,sCD163,delta_time3_vs_time1,30,27,0.051528709,"[-0.32, 0.41]",0.790654536,0.996502656,FALSE
Erythritol,APRIL/TNFSF13,delta_time2_vs_time1,30,27,0.051428312,"[-0.32, 0.41]",0.791053485,0.999017505,FALSE
Cysteine,IL-28A/IFN-lambda2,delta_time2_vs_time1,30,27,0.051298706,"[-0.32, 0.41]",0.791568578,0.999017505,FALSE
Glycolic acid,IFN-y,delta_time3_vs_time1,30,27,0.05117413,"[-0.32, 0.41]",0.792063761,0.996502656,FALSE
L-5-Oxoproline,TSLP,delta_time2_vs_time1,30,27,0.05096996,"[-0.32, 0.41]",0.792875498,0.999017505,FALSE
"2,3-Butanediol",IL-19,delta_time3_vs_time1,30,27,0.050672541,"[-0.32, 0.41]",0.794058353,0.996502656,FALSE
D-(-)-Ribofuranose,BAFF/TNFSF13B,delta_time2_vs_time1,30,27,0.050670857,"[-0.32, 0.41]",0.79406505,0.999017505,FALSE
Proline,MMP-2,delta_time3_vs_time1,30,27,0.050599959,"[-0.32, 0.41]",0.794347082,0.996502656,FALSE
Serine,IFN-a2,delta_time2_vs_time1,30,27,0.050569762,"[-0.32, 0.41]",0.794467214,0.999017505,FALSE
Methyl galactoside,APRIL/TNFSF13,delta_time3_vs_time1,30,27,0.050456177,"[-0.32, 0.41]",0.794919127,0.996502656,FALSE
2-Aminoheptanedioic acid,IL-12(p70),delta_time3_vs_time1,30,27,0.050215148,"[-0.32, 0.41]",0.795878303,0.997076338,FALSE
Serine,IL-28A/IFN-lambda2,delta_time2_vs_time1,30,27,0.050103095,"[-0.32, 0.41]",0.796324317,0.999017505,FALSE
Oleic Acid,Pentraxin-3,delta_time2_vs_time1,30,27,0.049806047,"[-0.32, 0.41]",0.797506989,0.999017505,FALSE
"D-Arabinose, tetrakis",IL-19,delta_time2_vs_time1,30,27,0.049686377,"[-0.32, 0.41]",0.797983571,0.999017505,FALSE
Aminomalonic acid,MMP-2,delta_time3_vs_time1,30,27,0.049670637,"[-0.32, 0.41]",0.79804626,0.998056353,FALSE
2-Aminoheptanedioic acid,sIL-6Ra,delta_time3_vs_time1,30,27,0.049401318,"[-0.32, 0.41]",0.799119089,0.998056353,FALSE
Stearic Acid,BAFF/TNFSF13B,delta_time2_vs_time1,30,27,0.049273611,"[-0.32, 0.41]",0.799627935,0.999017505,FALSE
Proline,IL-20,delta_time3_vs_time1,30,27,0.049206707,"[-0.32, 0.41]",0.799894545,0.998056353,FALSE
Diethanolamine,sTNF-R1,delta_time2_vs_time1,30,27,0.049002709,"[-0.32, 0.41]",0.800707603,0.999017505,FALSE
Glyceric acid,IL-10,delta_time2_vs_time1,30,27,0.048903512,"[-0.32, 0.41]",0.801103039,0.999017505,FALSE
2-Aminoadipic acid,TSLP,delta_time2_vs_time1,30,27,0.04887903,"[-0.32, 0.41]",0.801200638,0.999017505,FALSE
Glycerol-3-P,IL-28A/IFN-lambda2,delta_time3_vs_time1,30,27,0.048698328,"[-0.32, 0.41]",0.801921127,0.998056353,FALSE
N-Acetylglutamine,IL-20,delta_time3_vs_time1,30,27,0.048343265,"[-0.32, 0.41]",0.803337286,0.998056353,FALSE
L-Aspartic acid,Chitinase 3-like1,delta_time2_vs_time1,30,27,0.04814038,"[-0.32, 0.41]",0.804146757,0.999017505,FALSE
1-Ethyl-1-tetradecyloxy-1-silacyclohexane,IL-29/IFN-lambda1,delta_time3_vs_time1,30,27,0.048061728,"[-0.32, 0.41]",0.80446062,0.998056353,FALSE
1H-Indole-3-Acetic Acid,sCD163,delta_time3_vs_time1,30,27,0.048053736,"[-0.32, 0.41]",0.804492515,0.998056353,FALSE
Lactic Acid,sTNF-R1,delta_time3_vs_time1,30,27,0.047945061,"[-0.32, 0.41]",0.804926232,0.998056353,FALSE
Glycine,MMP-3,delta_time2_vs_time1,30,27,0.047901957,"[-0.32, 0.41]",0.805098276,0.999017505,FALSE
Oleic Acid,MMP-3,delta_time2_vs_time1,30,27,0.047821746,"[-0.32, 0.41]",0.80541845,0.999017505,FALSE
Threonine,IL-28A/IFN-lambda2,delta_time2_vs_time1,30,27,0.047811284,"[-0.32, 0.41]",0.805460211,0.999017505,FALSE
Aminomalonic acid,IL-29/IFN-lambda1,delta_time2_vs_time1,30,27,0.047808535,"[-0.32, 0.41]",0.805471185,0.999017505,FALSE
Phenylalanine,IL-28A/IFN-lambda2,delta_time2_vs_time1,30,27,0.047528724,"[-0.32, 0.41]",0.80658835,0.999017505,FALSE
"2,3,4-Trihydroxybutyric acid",IL-19,delta_time2_vs_time1,30,27,0.047422193,"[-0.32, 0.41]",0.80701378,0.999017505,FALSE
"Ethanolamine, 2TMS",TWEAK/TNFSF12,delta_time3_vs_time1,30,27,0.047355337,"[-0.32, 0.41]",0.807280795,0.998056353,FALSE
Valine,MMP-3,delta_time3_vs_time1,30,27,0.047241123,"[-0.32, 0.41]",0.807737005,0.998056353,FALSE
beta-D-Xylopyranose,BAFF/TNFSF13B,delta_time2_vs_time1,30,27,0.047171719,"[-0.32, 0.41]",0.808014255,0.999017505,FALSE
Arachidonic acid.1,Pentraxin-3,delta_time2_vs_time1,30,27,0.047073657,"[-0.33, 0.41]",0.80840603,0.999017505,FALSE
2-Aminoadipic acid,sCD30/TNFRSF8,delta_time3_vs_time1,30,27,0.047050634,"[-0.33, 0.41]",0.808498016,0.998056353,FALSE
DL-Ornithine,IL-20,delta_time2_vs_time1,30,27,0.046962486,"[-0.33, 0.41]",0.808850227,0.999017505,FALSE
Valine,IFN-a2,delta_time2_vs_time1,30,27,0.046825756,"[-0.33, 0.41]",0.809396634,0.999017505,FALSE
Glyceric acid,IL-19,delta_time2_vs_time1,30,27,0.046715166,"[-0.33, 0.41]",0.809838642,0.999017505,FALSE
Lactic Acid.1,MMP-1,delta_time3_vs_time1,30,27,0.046643156,"[-0.33, 0.41]",0.810126482,0.998056353,FALSE
DL-Ornithine,TWEAK/TNFSF12,delta_time3_vs_time1,30,27,0.046639692,"[-0.33, 0.41]",0.810140327,0.998056353,FALSE
beta-D-Xylopyranose,sIL-6Ra,delta_time2_vs_time1,30,27,0.046621766,"[-0.33, 0.41]",0.810211987,0.999017505,FALSE
Glyceraldehyde-3-P(MOX),Osteopontin,delta_time3_vs_time1,30,27,0.046615749,"[-0.33, 0.41]",0.810236038,0.998056353,FALSE
Erythritol,IL-35,delta_time2_vs_time1,30,27,0.046501334,"[-0.33, 0.41]",0.810693447,0.999017505,FALSE
Ornithine,IL-28A/IFN-lambda2,delta_time3_vs_time1,30,27,0.046367762,"[-0.33, 0.41]",0.811227519,0.998056353,FALSE
Glyceraldehyde-3-P(MOX),APRIL/TNFSF13,delta_time2_vs_time1,30,27,0.046307591,"[-0.33, 0.41]",0.811468132,0.999017505,FALSE
Palmitelaidic acid,IL-10,delta_time3_vs_time1,30,27,0.046263533,"[-0.33, 0.41]",0.811644323,0.998056353,FALSE
Butanoic acid,sIL-6Ra,delta_time2_vs_time1,30,27,0.046181814,"[-0.33, 0.41]",0.811971147,0.999017505,FALSE
beta-Alanine,sTNF-R1,delta_time2_vs_time1,30,27,0.045880272,"[-0.33, 0.41]",0.813177392,0.999017505,FALSE
Indole-3-Latic Acid,IFN-a2,delta_time2_vs_time1,30,27,0.04583286,"[-0.33, 0.41]",0.813367086,0.999017505,FALSE
"Ethanolamine, 3TMS",IL-12(p70),delta_time3_vs_time1,30,27,0.045786688,"[-0.33, 0.41]",0.813551836,0.998056353,FALSE
beta-D-Xylopyranose,IL-19,delta_time2_vs_time1,30,27,0.045780677,"[-0.33, 0.41]",0.813575887,0.999017505,FALSE
Glutamic Acid,IFN-y,delta_time3_vs_time1,30,27,0.045772064,"[-0.33, 0.41]",0.813610353,0.998056353,FALSE
Proline,IFN-y,delta_time2_vs_time1,30,27,0.045601755,"[-0.33, 0.41]",0.814291898,0.999017505,FALSE
1-Monopalmitin,IL-20,delta_time2_vs_time1,30,27,0.045527236,"[-0.33, 0.41]",0.814590153,0.999017505,FALSE
Alanine,sTNF-R1,delta_time2_vs_time1,30,27,0.045446967,"[-0.33, 0.41]",0.81491145,0.999017505,FALSE
alpha-D-Glucopyranoside,sCD30/TNFRSF8,delta_time2_vs_time1,30,27,0.045361912,"[-0.33, 0.41]",0.815251935,0.999017505,FALSE
Glutamine [-H2O],IL-28A/IFN-lambda2,delta_time3_vs_time1,30,27,0.045285796,"[-0.33, 0.41]",0.815556661,0.998056353,FALSE
Lactic Acid,Chitinase 3-like1,delta_time2_vs_time1,30,27,0.045251863,"[-0.33, 0.41]",0.815692523,0.999017505,FALSE
Glycerol-3-P,MMP-3,delta_time2_vs_time1,30,27,0.044737148,"[-0.33, 0.40]",0.817753945,0.999017505,FALSE
Ornithine,BAFF/TNFSF13B,delta_time3_vs_time1,30,27,0.044730999,"[-0.33, 0.40]",0.817778577,0.998056353,FALSE
"Ethanolamine, 3TMS",IL-11,delta_time2_vs_time1,30,27,0.044535278,"[-0.33, 0.40]",0.818562753,0.999017505,FALSE
"2,3,4-Trihydroxybutyric acid",sIL-6Ra,delta_time3_vs_time1,30,27,0.044527459,"[-0.33, 0.40]",0.818594084,0.998056353,FALSE
Indole-3-Propionic Acid,sIL-6Ra,delta_time3_vs_time1,30,27,0.044506525,"[-0.33, 0.40]",0.818677972,0.998056353,FALSE
"2-Ethyl-3-hydroxypropionic acid, di-",IFN-a2,delta_time3_vs_time1,30,27,0.044375481,"[-0.33, 0.40]",0.819203123,0.998056353,FALSE
Ascorbic Acid,IFN-a2,delta_time3_vs_time1,30,27,0.044219042,"[-0.33, 0.40]",0.819830149,0.998056353,FALSE
Arachidonic acid.1,sCD163,delta_time2_vs_time1,30,27,0.044056115,"[-0.33, 0.40]",0.820483289,0.999017505,FALSE
Indole-3-Propionic Acid,IFN-a2,delta_time2_vs_time1,30,27,0.044053073,"[-0.33, 0.40]",0.820495485,0.999017505,FALSE
Proline,Pentraxin-3,delta_time2_vs_time1,30,27,0.043851809,"[-0.33, 0.40]",0.821302481,0.999017505,FALSE
Ethyl alpha-D-glucopyranoside,IL-28A/IFN-lambda2,delta_time2_vs_time1,30,27,0.043814029,"[-0.33, 0.40]",0.821453984,0.999017505,FALSE
L-Aspartic acid,sIL-6Ra,delta_time2_vs_time1,30,27,0.043801924,"[-0.33, 0.40]",0.821502527,0.999017505,FALSE
Glutamine [-H2O],Osteocalcin,delta_time2_vs_time1,30,27,0.043767748,"[-0.33, 0.40]",0.821639587,0.999017505,FALSE
Cysteine,Pentraxin-3,delta_time2_vs_time1,30,27,0.043766002,"[-0.33, 0.40]",0.821646588,0.999017505,FALSE
Nonanoic acid,IL-12(p70),delta_time3_vs_time1,30,27,0.043597135,"[-0.33, 0.40]",0.822323886,0.998056353,FALSE
Nonanoic acid,IFN-a2,delta_time3_vs_time1,30,27,0.043554224,"[-0.33, 0.40]",0.822496014,0.998056353,FALSE
Nonanoic acid,APRIL/TNFSF13,delta_time2_vs_time1,30,27,0.043327492,"[-0.33, 0.40]",0.823405634,0.999017505,FALSE
alpha-D-Glucopyranoside,IL-35,delta_time2_vs_time1,30,27,0.043316358,"[-0.33, 0.40]",0.823450305,0.999017505,FALSE
Palmitelaidic acid,MMP-2,delta_time2_vs_time1,30,27,0.042916965,"[-0.33, 0.40]",0.825053185,0.999017505,FALSE
Alanine,sTNF-R2,delta_time3_vs_time1,30,27,0.042814202,"[-0.33, 0.40]",0.825465714,0.998056353,FALSE
Glycine,BAFF/TNFSF13B,delta_time2_vs_time1,30,27,0.042773914,"[-0.33, 0.40]",0.825627457,0.999017505,FALSE
"Ethanolamine, 3TMS",Chitinase 3-like1,delta_time3_vs_time1,30,27,0.042409563,"[-0.33, 0.40]",0.827090526,0.998056353,FALSE
Palmitic Acid,IL-11,delta_time3_vs_time1,30,27,0.042312474,"[-0.33, 0.40]",0.827480488,0.998056353,FALSE
Methionine,IL-35,delta_time3_vs_time1,30,27,0.042285561,"[-0.33, 0.40]",0.827588589,0.998056353,FALSE
L-Norvaline,sCD30/TNFRSF8,delta_time3_vs_time1,30,27,0.042275947,"[-0.33, 0.40]",0.827627207,0.998056353,FALSE
"9-Hexadecenoic acid, (Z)-",IL-19,delta_time3_vs_time1,30,27,0.04217764,"[-0.33, 0.40]",0.828022119,0.998056353,FALSE
Butanoic acid,sTNF-R1,delta_time2_vs_time1,30,27,0.042130785,"[-0.33, 0.40]",0.828210353,0.999017505,FALSE
Phenylalanine,sCD30/TNFRSF8,delta_time3_vs_time1,30,27,0.042104289,"[-0.33, 0.40]",0.828316806,0.998056353,FALSE
Glycine,MMP-3,delta_time3_vs_time1,30,27,0.042022867,"[-0.33, 0.40]",0.828643941,0.998056353,FALSE
L-Alanine,IL-35,delta_time2_vs_time1,30,27,0.041953001,"[-0.33, 0.40]",0.828924672,0.999017505,FALSE
Glycerol,Osteopontin,delta_time3_vs_time1,30,27,0.041820541,"[-0.33, 0.40]",0.829456968,0.998056353,FALSE
alpha-D-Glucopyranoside,Osteopontin,delta_time2_vs_time1,30,27,0.041513208,"[-0.33, 0.40]",0.830692282,0.999017505,FALSE
1H-Indole-3-Acetic Acid,sTNF-R2,delta_time2_vs_time1,30,27,0.041309913,"[-0.33, 0.40]",0.831509637,0.999017505,FALSE
Oleic Acid,APRIL/TNFSF13,delta_time2_vs_time1,30,27,0.041232891,"[-0.33, 0.40]",0.83181935,0.999017505,FALSE
"Ethanolamine, 2TMS",Osteocalcin,delta_time3_vs_time1,30,27,0.04122621,"[-0.33, 0.40]",0.831846218,0.998056353,FALSE
L-Proline,Osteopontin,delta_time3_vs_time1,30,27,0.041196154,"[-0.33, 0.40]",0.831967083,0.998056353,FALSE
Lactic Acid,IL-11,delta_time2_vs_time1,30,27,0.041153962,"[-0.33, 0.40]",0.832136758,0.999017505,FALSE
Tryptophan,IL-11,delta_time3_vs_time1,30,27,0.041112145,"[-0.33, 0.40]",0.832304935,0.998056353,FALSE
"2,3,4-Trihydroxybutyric acid",BAFF/TNFSF13B,delta_time2_vs_time1,30,27,0.041084963,"[-0.33, 0.40]",0.832414255,0.999017505,FALSE
L-Alanine,IL-28A/IFN-lambda2,delta_time3_vs_time1,30,27,0.041024076,"[-0.33, 0.40]",0.832659145,0.998056353,FALSE
D-(-)-Ribofuranose,sIL-6Ra,delta_time3_vs_time1,30,27,0.041014882,"[-0.33, 0.40]",0.832696125,0.998056353,FALSE
Threonine,IL-26,delta_time3_vs_time1,30,27,0.040989968,"[-0.33, 0.40]",0.832796336,0.998056353,FALSE
beta-Alanine,Chitinase 3-like1,delta_time3_vs_time1,30,27,0.040833518,"[-0.33, 0.40]",0.83342567,0.998056353,FALSE
Tryptophan,sCD30/TNFRSF8,delta_time3_vs_time1,30,27,0.040649276,"[-0.33, 0.40]",0.834166932,0.998056353,FALSE
L-Rhamnose,IL-10,delta_time3_vs_time1,30,27,0.040557725,"[-0.33, 0.40]",0.834535324,0.998056353,FALSE
Glycine,Pentraxin-3,delta_time2_vs_time1,30,27,0.040500716,"[-0.33, 0.40]",0.834764736,0.999017505,FALSE
Dodecanoic acid,Osteocalcin,delta_time2_vs_time1,30,27,0.040337976,"[-0.33, 0.40]",0.835419705,0.999017505,FALSE
1-Heptadecanol,sCD163,delta_time2_vs_time1,30,27,0.040325698,"[-0.33, 0.40]",0.835469124,0.999017505,FALSE
2-Aminoadipic acid,IL-19,delta_time3_vs_time1,30,27,0.040017535,"[-0.33, 0.40]",0.836709672,0.998056353,FALSE
"9-Hexadecenoic acid, (Z)-",IL-28A/IFN-lambda2,delta_time2_vs_time1,30,27,0.039920605,"[-0.33, 0.40]",0.837099957,0.999017505,FALSE
Indole-3-Propionic Acid,MMP-1,delta_time2_vs_time1,30,27,0.039877785,"[-0.33, 0.40]",0.837272383,0.999017505,FALSE
Cysteine,sTNF-R1,delta_time2_vs_time1,30,27,0.039803835,"[-0.33, 0.40]",0.837570178,0.999017505,FALSE
Stearic Acid,sTNF-R2,delta_time2_vs_time1,30,27,0.039651949,"[-0.33, 0.40]",0.838181886,0.999017505,FALSE
Ornithine,IFN-a2,delta_time2_vs_time1,30,27,0.039500437,"[-0.33, 0.40]",0.838792177,0.999017505,FALSE
Doconexent,BAFF/TNFSF13B,delta_time2_vs_time1,30,27,0.039488354,"[-0.33, 0.40]",0.838840853,0.999017505,FALSE
Arachidonic acid.1,TSLP,delta_time3_vs_time1,30,27,0.039488064,"[-0.33, 0.40]",0.838842022,0.998056353,FALSE
Glutamine [-H2O],IL-28A/IFN-lambda2,delta_time2_vs_time1,30,27,0.039466242,"[-0.33, 0.40]",0.838929931,0.999017505,FALSE
beta-D-Xylopyranose,sCD30/TNFRSF8,delta_time3_vs_time1,30,27,0.039407705,"[-0.33, 0.40]",0.839165753,0.998056353,FALSE
Methyl galactoside,TSLP,delta_time2_vs_time1,30,27,0.039340358,"[-0.33, 0.40]",0.83943708,0.999017505,FALSE
Ornithine,sCD30/TNFRSF8,delta_time2_vs_time1,30,27,0.039272233,"[-0.33, 0.40]",0.839711561,0.999017505,FALSE
Arginine [-NH3],IL-29/IFN-lambda1,delta_time3_vs_time1,30,27,0.039186554,"[-0.33, 0.40]",0.840056798,0.998056353,FALSE
L-Rhamnose,TWEAK/TNFSF12,delta_time2_vs_time1,30,27,0.039053902,"[-0.33, 0.40]",0.840591363,0.999017505,FALSE
Alanine,IL-28A/IFN-lambda2,delta_time2_vs_time1,30,27,0.038914199,"[-0.33, 0.40]",0.841154419,0.999017505,FALSE
1-Ethyl-1-tetradecyloxy-1-silacyclohexane,Osteopontin,delta_time3_vs_time1,30,27,0.038849924,"[-0.33, 0.40]",0.841413496,0.998056353,FALSE
2-Aminoheptanedioic acid,IL-10,delta_time3_vs_time1,30,27,0.03865256,"[-0.33, 0.40]",0.842209125,0.998056353,FALSE
2-Aminoheptanedioic acid,sCD30/TNFRSF8,delta_time3_vs_time1,30,27,0.038613092,"[-0.33, 0.40]",0.842368252,0.998056353,FALSE
N-Acetylglutamine,sCD30/TNFRSF8,delta_time2_vs_time1,30,27,0.038440596,"[-0.33, 0.40]",0.843063782,0.999017505,FALSE
Indole-3-Propionic Acid,IFN-y,delta_time2_vs_time1,30,27,0.038340766,"[-0.33, 0.40]",0.843466367,0.999017505,FALSE
1-Monooleoylglycerol,IL-19,delta_time3_vs_time1,30,27,0.038265356,"[-0.33, 0.40]",0.843770496,0.998056353,FALSE
D-(-)-Ribofuranose,MMP-1,delta_time2_vs_time1,30,27,0.038079548,"[-0.33, 0.40]",0.84451996,0.999017505,FALSE
Citric acid,IL-12(p40),delta_time3_vs_time1,30,27,0.037895654,"[-0.33, 0.40]",0.845261833,0.998056353,FALSE
2-Aminoheptanedioic acid,IL-20,delta_time3_vs_time1,30,27,0.037718371,"[-0.33, 0.40]",0.845977156,0.998056353,FALSE
"2-Ethyl-3-hydroxypropionic acid, di-",IL-28A/IFN-lambda2,delta_time3_vs_time1,30,27,0.037710647,"[-0.33, 0.40]",0.846008326,0.998056353,FALSE
Doconexent,MMP-2,delta_time2_vs_time1,30,27,0.037647157,"[-0.33, 0.40]",0.846264534,0.999017505,FALSE
DL-Ornithine,sCD30/TNFRSF8,delta_time2_vs_time1,30,27,0.037286625,"[-0.33, 0.40]",0.847719724,0.999017505,FALSE
Nonanoic acid,Pentraxin-3,delta_time3_vs_time1,30,27,0.037278125,"[-0.33, 0.40]",0.847754037,0.998056353,FALSE
beta-D-Xylopyranose,MMP-3,delta_time2_vs_time1,30,27,0.037277858,"[-0.33, 0.40]",0.847755117,0.999017505,FALSE
beta-D-Xylopyranose,sTNF-R2,delta_time2_vs_time1,30,27,0.037140086,"[-0.33, 0.40]",0.848311331,0.999017505,FALSE
"2,3,4-Trihydroxybutyric acid",sCD30/TNFRSF8,delta_time2_vs_time1,30,27,0.037109149,"[-0.33, 0.40]",0.848436239,0.999017505,FALSE
"D-Arabinose, tetrakis",Osteocalcin,delta_time2_vs_time1,30,27,0.037098168,"[-0.33, 0.40]",0.848480575,0.999017505,FALSE
Phenylalanine,Osteocalcin,delta_time2_vs_time1,30,27,0.03703876,"[-0.33, 0.40]",0.848720448,0.999017505,FALSE
D-(-)-Ribofuranose,TSLP,delta_time2_vs_time1,30,27,0.036644274,"[-0.33, 0.40]",0.850313609,0.999017505,FALSE
Campesterol,IL-20,delta_time3_vs_time1,30,27,0.036583788,"[-0.33, 0.40]",0.850557939,0.998056353,FALSE
beta-Alanine,IL-11,delta_time2_vs_time1,30,27,0.036496668,"[-0.33, 0.40]",0.850909878,0.999017505,FALSE
Doconexent,Osteopontin,delta_time2_vs_time1,30,27,0.036153998,"[-0.33, 0.40]",0.852294431,0.999017505,FALSE
1-Ethyl-1-tetradecyloxy-1-silacyclohexane,IL-11,delta_time2_vs_time1,30,27,0.036113601,"[-0.33, 0.40]",0.852457682,0.999017505,FALSE
Glycerol-3-P,sIL-6Ra,delta_time2_vs_time1,30,27,0.036101571,"[-0.33, 0.40]",0.852506299,0.999017505,FALSE
Lysine,IL-35,delta_time2_vs_time1,30,27,0.035909519,"[-0.34, 0.40]",0.853282505,0.999017505,FALSE
L-Alanine,MMP-1,delta_time2_vs_time1,30,27,0.035904581,"[-0.34, 0.40]",0.853302464,0.999017505,FALSE
L-Rhamnose,IFN-a2,delta_time3_vs_time1,30,27,0.035755332,"[-0.34, 0.40]",0.853905775,0.998056353,FALSE
Glycolic acid,Pentraxin-3,delta_time2_vs_time1,30,27,0.035634638,"[-0.34, 0.40]",0.854393714,0.999017505,FALSE
"2,3-Butanediol",IL-19,delta_time2_vs_time1,30,27,0.035633759,"[-0.34, 0.40]",0.854397267,0.999017505,FALSE
Arginine [-NH3],gp130/sIL-6Rb,delta_time3_vs_time1,30,27,0.03546135,"[-0.34, 0.40]",0.855094373,0.998056353,FALSE
L-Proline,IL-29/IFN-lambda1,delta_time2_vs_time1,30,27,0.035308211,"[-0.34, 0.40]",0.85571365,0.999017505,FALSE
Stearic Acid,sIL-6Ra,delta_time2_vs_time1,30,27,0.035300549,"[-0.34, 0.40]",0.855744634,0.999017505,FALSE
1-Monopalmitin,BAFF/TNFSF13B,delta_time2_vs_time1,30,27,0.035213174,"[-0.34, 0.40]",0.856098011,0.999017505,FALSE
L-Aspartic acid,APRIL/TNFSF13,delta_time2_vs_time1,30,27,0.035208286,"[-0.34, 0.40]",0.856117779,0.999017505,FALSE
Palmitic Acid,BAFF/TNFSF13B,delta_time3_vs_time1,30,27,0.035112037,"[-0.34, 0.40]",0.856507082,0.998056353,FALSE
Glycerol,MMP-1,delta_time2_vs_time1,30,27,0.035078431,"[-0.34, 0.40]",0.856643012,0.999017505,FALSE
Doconexent,IL-19,delta_time2_vs_time1,30,27,0.035015152,"[-0.34, 0.40]",0.856898983,0.999017505,FALSE
1-Heptadecanol,IL-11,delta_time3_vs_time1,30,27,0.034916102,"[-0.34, 0.40]",0.85729968,0.998056353,FALSE
Arginine [-NH3],Osteopontin,delta_time2_vs_time1,30,27,0.034878194,"[-0.34, 0.40]",0.85745304,0.999017505,FALSE
Valine,sTNF-R1,delta_time3_vs_time1,30,27,0.034659683,"[-0.34, 0.40]",0.858337156,0.998056353,FALSE
beta-D-Xylopyranose,MMP-2,delta_time2_vs_time1,30,27,0.034529665,"[-0.34, 0.40]",0.858863298,0.999017505,FALSE
Lysine,IL-29/IFN-lambda1,delta_time2_vs_time1,30,27,0.03430525,"[-0.34, 0.40]",0.859771577,0.999017505,FALSE
Ornithine,IL-35,delta_time3_vs_time1,30,27,0.034301933,"[-0.34, 0.40]",0.859785005,0.998056353,FALSE
Tryptophan,sIL-6Ra,delta_time3_vs_time1,30,27,0.034026171,"[-0.34, 0.40]",0.860901341,0.998056353,FALSE
1H-Indole-3-Acetic Acid,APRIL/TNFSF13,delta_time2_vs_time1,30,27,0.033973852,"[-0.34, 0.40]",0.861113171,0.999017505,FALSE
1-Ethyl-1-tetradecyloxy-1-silacyclohexane,IL-28A/IFN-lambda2,delta_time2_vs_time1,30,27,0.033965176,"[-0.34, 0.40]",0.861148296,0.999017505,FALSE
L-Alanine,BAFF/TNFSF13B,delta_time2_vs_time1,30,27,0.033780511,"[-0.34, 0.40]",0.861896045,0.999017505,FALSE
Doconexent,sTNF-R2,delta_time2_vs_time1,30,27,0.033278271,"[-0.34, 0.39]",0.863930304,0.999017505,FALSE
Tyrosine,IL-26,delta_time2_vs_time1,30,27,0.033015433,"[-0.34, 0.39]",0.864995234,0.999017505,FALSE
Lactic Acid.1,APRIL/TNFSF13,delta_time3_vs_time1,30,27,0.03294926,"[-0.34, 0.39]",0.865263384,0.998056353,FALSE
2-Keto-3-methylvaleric acid,IL-35,delta_time3_vs_time1,30,27,0.032929119,"[-0.34, 0.39]",0.865345002,0.998056353,FALSE
"D-Arabinose, tetrakis",IL-12(p40),delta_time2_vs_time1,30,27,0.032885306,"[-0.34, 0.39]",0.865522553,0.999017505,FALSE
2-OH-Butanoic Acid,MMP-2,delta_time3_vs_time1,30,27,0.03287892,"[-0.34, 0.39]",0.86554843,0.998056353,FALSE
Valine,APRIL/TNFSF13,delta_time2_vs_time1,30,27,0.032857664,"[-0.34, 0.39]",0.865634574,0.999017505,FALSE
Glyceraldehyde-3-P(MOX),IL-20,delta_time3_vs_time1,30,27,0.032613046,"[-0.34, 0.39]",0.86662602,0.998056353,FALSE
Serine,Osteopontin,delta_time3_vs_time1,30,27,0.032398106,"[-0.34, 0.39]",0.867497346,0.998056353,FALSE
Ornithine,IL-26,delta_time3_vs_time1,30,27,0.032390353,"[-0.34, 0.39]",0.867528776,0.998056353,FALSE
"2,3,4-Trihydroxybutyric acid",BAFF/TNFSF13B,delta_time3_vs_time1,30,27,0.032383751,"[-0.34, 0.39]",0.867555544,0.998056353,FALSE
Aminomalonic acid,sCD163,delta_time3_vs_time1,30,27,0.032273907,"[-0.34, 0.39]",0.868000892,0.998056353,FALSE
Oxalic acid,APRIL/TNFSF13,delta_time2_vs_time1,30,27,0.032165438,"[-0.34, 0.39]",0.868440707,0.999017505,FALSE
Lactic Acid,APRIL/TNFSF13,delta_time2_vs_time1,30,27,0.032025506,"[-0.34, 0.39]",0.869008149,0.999017505,FALSE
Ethyl alpha-D-glucopyranoside,MMP-1,delta_time2_vs_time1,30,27,0.032019885,"[-0.34, 0.39]",0.869030947,0.999017505,FALSE
Phenylalanine,MMP-3,delta_time3_vs_time1,30,27,0.031973499,"[-0.34, 0.39]",0.869219065,0.998056353,FALSE
Arachidonic acid,IL-10,delta_time3_vs_time1,30,27,0.031948553,"[-0.34, 0.39]",0.869320233,0.998056353,FALSE
Ethyl alpha-D-glucopyranoside,IL-20,delta_time2_vs_time1,30,27,0.031851083,"[-0.34, 0.39]",0.86971555,0.999017505,FALSE
Glutamine [-H2O],MMP-3,delta_time3_vs_time1,30,27,0.031668564,"[-0.34, 0.39]",0.87045589,0.998056353,FALSE
Serine,APRIL/TNFSF13,delta_time2_vs_time1,30,27,0.031594693,"[-0.34, 0.39]",0.870755561,0.999017505,FALSE
Oleic Acid,sCD163,delta_time2_vs_time1,30,27,0.031560918,"[-0.34, 0.39]",0.870892578,0.999017505,FALSE
Arginine [-NH3],BAFF/TNFSF13B,delta_time2_vs_time1,30,27,0.031512281,"[-0.34, 0.39]",0.871089898,0.999017505,FALSE
Serine,IFN-y,delta_time2_vs_time1,30,27,0.031445478,"[-0.34, 0.39]",0.871360927,0.999017505,FALSE
Tryptophan,IL-12(p70),delta_time2_vs_time1,30,27,0.031411348,"[-0.34, 0.39]",0.8714994,0.999017505,FALSE
Glyceraldehyde-3-P(MOX),sTNF-R2,delta_time2_vs_time1,30,27,0.031260572,"[-0.34, 0.39]",0.872111189,0.999017505,FALSE
"9-Hexadecenoic acid, (Z)-",IL-11,delta_time3_vs_time1,30,27,0.031176337,"[-0.34, 0.39]",0.872453011,0.998056353,FALSE
Alanine,IL-20,delta_time2_vs_time1,30,27,0.031086514,"[-0.34, 0.39]",0.872817535,0.999017505,FALSE
Dodecanoic acid,APRIL/TNFSF13,delta_time3_vs_time1,30,27,0.030945492,"[-0.34, 0.39]",0.873389885,0.998056353,FALSE
3-OH-Butanoic Acid,sIL-6Ra,delta_time3_vs_time1,30,27,0.030881839,"[-0.34, 0.39]",0.87364825,0.998056353,FALSE
"D-Arabinose, tetrakis",MMP-1,delta_time2_vs_time1,30,27,0.030870284,"[-0.34, 0.39]",0.87369515,0.999017505,FALSE
beta-D-Xylopyranose,TWEAK/TNFSF12,delta_time2_vs_time1,30,27,0.030867707,"[-0.34, 0.39]",0.873705613,0.999017505,FALSE
Campesterol,TSLP,delta_time2_vs_time1,30,27,0.030733732,"[-0.34, 0.39]",0.874249454,0.999017505,FALSE
Butanoic acid,IL-19,delta_time3_vs_time1,30,27,0.030455446,"[-0.34, 0.39]",0.875379274,0.998056353,FALSE
Decanoic acid,sIL-6Ra,delta_time3_vs_time1,30,27,0.030228742,"[-0.34, 0.39]",0.876299851,0.998056353,FALSE
Cholesterol,TSLP,delta_time2_vs_time1,30,27,0.030224578,"[-0.34, 0.39]",0.876316763,0.999017505,FALSE
N-Acetylglutamine,IL-12(p40),delta_time3_vs_time1,30,27,0.03015588,"[-0.34, 0.39]",0.876595756,0.998056353,FALSE
Citric acid,Chitinase 3-like1,delta_time2_vs_time1,30,27,0.030077107,"[-0.34, 0.39]",0.876915683,0.999017505,FALSE
Serine,Pentraxin-3,delta_time3_vs_time1,30,27,0.029988349,"[-0.34, 0.39]",0.87727619,0.998056353,FALSE
Aminomalonic acid,sTNF-R2,delta_time2_vs_time1,30,27,0.029845452,"[-0.34, 0.39]",0.877856639,0.999017505,FALSE
2-OH-Butanoic Acid,IL-19,delta_time2_vs_time1,30,27,0.02980851,"[-0.34, 0.39]",0.878006705,0.999017505,FALSE
Ethyl alpha-D-glucopyranoside,IL-19,delta_time3_vs_time1,30,27,0.02966951,"[-0.34, 0.39]",0.8785714,0.998056353,FALSE
Citric acid,MMP-3,delta_time2_vs_time1,30,27,0.029621394,"[-0.34, 0.39]",0.878766889,0.999017505,FALSE
L-(+)-Erythrulose,sTNF-R1,delta_time2_vs_time1,30,27,0.029605885,"[-0.34, 0.39]",0.878829899,0.999017505,FALSE
3-OH-Butanoic Acid,MMP-1,delta_time2_vs_time1,30,27,0.029601252,"[-0.34, 0.39]",0.878848724,0.999017505,FALSE
Decanoic acid,IFN-a2,delta_time3_vs_time1,30,27,0.029580198,"[-0.34, 0.39]",0.878934264,0.998056353,FALSE
Proline,IL-20,delta_time2_vs_time1,30,27,0.02956217,"[-0.34, 0.39]",0.879007512,0.999017505,FALSE
Ethyl alpha-D-glucopyranoside,IL-19,delta_time2_vs_time1,30,27,0.029297474,"[-0.34, 0.39]",0.880083099,0.999017505,FALSE
Arachidonic acid,IL-29/IFN-lambda1,delta_time3_vs_time1,30,27,0.029187428,"[-0.34, 0.39]",0.88053033,0.998056353,FALSE
Oleic Acid,IL-12(p40),delta_time2_vs_time1,30,27,0.029077555,"[-0.34, 0.39]",0.880976894,0.999017505,FALSE
Lactic Acid.1,Chitinase 3-like1,delta_time2_vs_time1,30,27,0.028852341,"[-0.34, 0.39]",0.881892357,0.999017505,FALSE
Linoleic Acid,APRIL/TNFSF13,delta_time2_vs_time1,30,27,0.028777192,"[-0.34, 0.39]",0.88219786,0.999017505,FALSE
1H-Indole-3-Acetic Acid,TWEAK/TNFSF12,delta_time2_vs_time1,30,27,0.028613144,"[-0.34, 0.39]",0.882864819,0.999017505,FALSE
Alanine,APRIL/TNFSF13,delta_time2_vs_time1,30,27,0.028538356,"[-0.34, 0.39]",0.883168909,0.999017505,FALSE
Cysteine,IL-35,delta_time3_vs_time1,30,27,0.028522734,"[-0.34, 0.39]",0.883232429,0.998056353,FALSE
Ethyl alpha-D-glucopyranoside,sIL-6Ra,delta_time2_vs_time1,30,27,0.028103663,"[-0.34, 0.39]",0.884936688,0.999017505,FALSE
Erythritol,gp130/sIL-6Rb,delta_time3_vs_time1,30,27,0.027908657,"[-0.34, 0.39]",0.885729901,0.998056353,FALSE
Ornithine,Pentraxin-3,delta_time2_vs_time1,30,27,0.027906849,"[-0.34, 0.39]",0.885737257,0.999017505,FALSE
1-Monopalmitin,Pentraxin-3,delta_time2_vs_time1,30,27,0.027798565,"[-0.34, 0.39]",0.886177764,0.999017505,FALSE
Palmitic Acid,sTNF-R1,delta_time2_vs_time1,30,27,0.027773921,"[-0.34, 0.39]",0.886278024,0.999017505,FALSE
Butanoic acid,APRIL/TNFSF13,delta_time3_vs_time1,30,27,0.027532759,"[-0.34, 0.39]",0.887259222,0.998056353,FALSE
Arginine [-NH3],sIL-6Ra,delta_time2_vs_time1,30,27,0.027391319,"[-0.34, 0.39]",0.887834766,0.999017505,FALSE
"1,3-Dioxolane-2-methanol",IL-12(p40),delta_time3_vs_time1,30,27,0.027358825,"[-0.34, 0.39]",0.887966998,0.998056353,FALSE
"(R*,R*)-2,3-Dihydroxybutanoic acid",IL-35,delta_time2_vs_time1,30,27,0.027313237,"[-0.34, 0.39]",0.88815252,0.999017505,FALSE
Erythritol,MMP-1,delta_time3_vs_time1,30,27,0.027252492,"[-0.34, 0.39]",0.888399731,0.998056353,FALSE
Palmitic Acid,IL-26,delta_time3_vs_time1,30,27,0.027157723,"[-0.34, 0.39]",0.88878543,0.998056353,FALSE
Serine,sIL-6Ra,delta_time2_vs_time1,30,27,0.027116113,"[-0.34, 0.39]",0.888954787,0.999017505,FALSE
"9-Hexadecenoic acid, (Z)-",IL-28A/IFN-lambda2,delta_time3_vs_time1,30,27,0.02700609,"[-0.34, 0.39]",0.889402611,0.998056353,FALSE
"Ethanolamine, 3TMS",IL-28A/IFN-lambda2,delta_time3_vs_time1,30,27,0.026863531,"[-0.34, 0.39]",0.889982916,0.998056353,FALSE
Tryptophan,IL-26,delta_time3_vs_time1,30,27,0.026679124,"[-0.34, 0.39]",0.890733652,0.998056353,FALSE
Arginine [-NH3],TSLP,delta_time2_vs_time1,30,27,0.026658441,"[-0.34, 0.39]",0.890817859,0.999017505,FALSE
Glutamic Acid,Osteocalcin,delta_time2_vs_time1,30,27,0.026630148,"[-0.34, 0.39]",0.890933051,0.999017505,FALSE
Dodecanoic acid,BAFF/TNFSF13B,delta_time3_vs_time1,30,27,0.02658643,"[-0.34, 0.39]",0.891111049,0.998056353,FALSE
Doconexent,sCD30/TNFRSF8,delta_time2_vs_time1,30,27,0.026441112,"[-0.34, 0.39]",0.891702751,0.999017505,FALSE
L-5-Oxoproline,Osteopontin,delta_time3_vs_time1,30,27,0.026397284,"[-0.34, 0.39]",0.89188122,0.998056353,FALSE
Glycerol-3-P,Osteopontin,delta_time2_vs_time1,30,27,0.026292726,"[-0.34, 0.39]",0.892307006,0.999017505,FALSE
Asparagine,IL-19,delta_time3_vs_time1,30,27,0.026048444,"[-0.34, 0.39]",0.893301893,0.998056353,FALSE
Lactic Acid.1,IFN-y,delta_time2_vs_time1,30,27,0.025850478,"[-0.34, 0.39]",0.894108267,0.999017505,FALSE
Ornithine,sCD163,delta_time3_vs_time1,30,27,0.025803761,"[-0.34, 0.39]",0.894298571,0.998056353,FALSE
Alanine,MMP-3,delta_time3_vs_time1,30,27,0.02544678,"[-0.34, 0.39]",0.895752961,0.998056353,FALSE
Cysteine,IL-28A/IFN-lambda2,delta_time3_vs_time1,30,27,0.025422614,"[-0.34, 0.39]",0.895851428,0.998056353,FALSE
Oxalic acid,IL-10,delta_time3_vs_time1,30,27,0.025329311,"[-0.34, 0.39]",0.89623162,0.998056353,FALSE
Campesterol,sTNF-R1,delta_time2_vs_time1,30,27,0.025173709,"[-0.34, 0.39]",0.896865714,0.999017505,FALSE
Linoleic Acid,IL-28A/IFN-lambda2,delta_time3_vs_time1,30,27,0.025007903,"[-0.34, 0.39]",0.897541458,0.998056353,FALSE
Glutamine [-H2O],IL-35,delta_time3_vs_time1,30,27,0.024920305,"[-0.34, 0.39]",0.897898493,0.998056353,FALSE
Glyceraldehyde-3-P(MOX),IL-11,delta_time3_vs_time1,30,27,0.024723313,"[-0.34, 0.39]",0.898701473,0.998056353,FALSE
"D-Arabinose, tetrakis",IL-28A/IFN-lambda2,delta_time2_vs_time1,30,27,0.024703005,"[-0.34, 0.39]",0.898784258,0.999017505,FALSE
Campesterol,IL-11,delta_time2_vs_time1,30,27,0.024597191,"[-0.35, 0.39]",0.899215623,0.999017505,FALSE
Methionine,IL-28A/IFN-lambda2,delta_time2_vs_time1,30,27,0.024511651,"[-0.35, 0.39]",0.899564362,0.999017505,FALSE
1-Monooleoylglycerol,IL-12(p40),delta_time3_vs_time1,30,27,0.024442572,"[-0.35, 0.39]",0.899846001,0.998056353,FALSE
2-Aminoadipic acid,IFN-y,delta_time2_vs_time1,30,27,0.024247885,"[-0.35, 0.39]",0.900639815,0.999017505,FALSE
"Ethanolamine, 3TMS",TSLP,delta_time3_vs_time1,30,27,0.024178664,"[-0.35, 0.39]",0.90092208,0.998056353,FALSE
Nonanoic acid,Pentraxin-3,delta_time2_vs_time1,30,27,0.024008298,"[-0.35, 0.39]",0.901616837,0.999017505,FALSE
L-Aspartic acid,IFN-y,delta_time3_vs_time1,30,27,0.023613338,"[-0.35, 0.39]",0.903227763,0.998056353,FALSE
Glycerol,IFN-y,delta_time2_vs_time1,30,27,0.023572461,"[-0.35, 0.39]",0.903394512,0.999017505,FALSE
Citric acid,TWEAK/TNFSF12,delta_time2_vs_time1,30,27,0.023563842,"[-0.35, 0.39]",0.90342967,0.999017505,FALSE
2-Keto-3-methylvaleric acid,IL-12(p40),delta_time3_vs_time1,30,27,0.023479395,"[-0.35, 0.39]",0.903774164,0.998056353,FALSE
Glutamine [-H2O],sTNF-R1,delta_time3_vs_time1,30,27,0.023417896,"[-0.35, 0.39]",0.904025054,0.998056353,FALSE
Tyrosine,IL-35,delta_time3_vs_time1,30,27,0.023414153,"[-0.35, 0.39]",0.904040324,0.998056353,FALSE
Aminomalonic acid,Osteocalcin,delta_time2_vs_time1,30,27,0.023402624,"[-0.35, 0.39]",0.904087358,0.999017505,FALSE
Palmitelaidic acid,Osteopontin,delta_time3_vs_time1,30,27,0.023357827,"[-0.35, 0.39]",0.904270118,0.998056353,FALSE
Aminomalonic acid,IL-11,delta_time2_vs_time1,30,27,0.023308912,"[-0.35, 0.39]",0.904469687,0.999017505,FALSE
"Ethanolamine, 3TMS",sTNF-R2,delta_time3_vs_time1,30,27,0.023256173,"[-0.35, 0.39]",0.90468486,0.998056353,FALSE
Palmitic Acid,Pentraxin-3,delta_time3_vs_time1,30,27,0.02320099,"[-0.35, 0.39]",0.904910013,0.998056353,FALSE
Diethanolamine,BAFF/TNFSF13B,delta_time2_vs_time1,30,27,0.023134668,"[-0.35, 0.39]",0.905180622,0.999017505,FALSE
"11-Eicosenoic acid, (E)-",Chitinase 3-like1,delta_time3_vs_time1,30,27,0.022935433,"[-0.35, 0.39]",0.905993615,0.998056353,FALSE
"9-Hexadecenoic acid, (Z)-",IFN-y,delta_time2_vs_time1,30,27,0.022634047,"[-0.35, 0.39]",0.907223617,0.999017505,FALSE
1H-Indole-3-Acetic Acid,MMP-1,delta_time2_vs_time1,30,27,0.02262761,"[-0.35, 0.39]",0.90724989,0.999017505,FALSE
Glutamine [-H2O],APRIL/TNFSF13,delta_time3_vs_time1,30,27,0.022611812,"[-0.35, 0.39]",0.907314369,0.998056353,FALSE
Oxalic acid,Osteocalcin,delta_time2_vs_time1,30,27,0.022535022,"[-0.35, 0.39]",0.907627798,0.999017505,FALSE
Glyceraldehyde-3-P(MOX),TSLP,delta_time2_vs_time1,30,27,0.022522455,"[-0.35, 0.39]",0.907679095,0.999017505,FALSE
Oxalic acid,BAFF/TNFSF13B,delta_time2_vs_time1,30,27,0.02251187,"[-0.35, 0.39]",0.907722298,0.999017505,FALSE
1-Heptadecanol,sIL-6Ra,delta_time2_vs_time1,30,27,0.022495027,"[-0.35, 0.39]",0.907791048,0.999017505,FALSE
Glutamic Acid,sCD30/TNFRSF8,delta_time2_vs_time1,30,27,0.022454739,"[-0.35, 0.39]",0.9079555,0.999017505,FALSE
Ornithine,Osteopontin,delta_time2_vs_time1,30,27,0.022451721,"[-0.35, 0.39]",0.90796782,0.999017505,FALSE
Nonanoic acid,sTNF-R1,delta_time3_vs_time1,30,27,0.022339456,"[-0.35, 0.39]",0.908426089,0.998056353,FALSE
Arginine [-NH3],IL-35,delta_time3_vs_time1,30,27,0.02227705,"[-0.35, 0.39]",0.908680846,0.998056353,FALSE
Glutamine [-H2O],IL-12(p70),delta_time3_vs_time1,30,27,0.022086726,"[-0.35, 0.39]",0.909457851,0.998056353,FALSE
Citric acid,sTNF-R2,delta_time2_vs_time1,30,27,0.022020431,"[-0.35, 0.39]",0.90972852,0.999017505,FALSE
"2,3-Butanediol",IL-20,delta_time3_vs_time1,30,27,0.02197755,"[-0.35, 0.39]",0.909903602,0.998056353,FALSE
D-(-)-Ribofuranose,IL-35,delta_time2_vs_time1,30,27,0.021754151,"[-0.35, 0.39]",0.910815793,0.999017505,FALSE
Aminomalonic acid,Osteopontin,delta_time2_vs_time1,30,27,0.02167611,"[-0.35, 0.39]",0.911134481,0.999017505,FALSE
Glutamic Acid,sCD163,delta_time3_vs_time1,30,27,0.02165343,"[-0.35, 0.39]",0.911227099,0.998056353,FALSE
Oleic Acid,BAFF/TNFSF13B,delta_time3_vs_time1,30,27,0.02160092,"[-0.35, 0.39]",0.911441541,0.998056353,FALSE
Campesterol,IL-12(p70),delta_time2_vs_time1,30,27,0.02156149,"[-0.35, 0.39]",0.911602564,0.999017505,FALSE
Doconexent,IL-12(p70),delta_time3_vs_time1,30,27,0.021408407,"[-0.35, 0.38]",0.91222777,0.998056353,FALSE
beta-D-Xylopyranose,IL-29/IFN-lambda1,delta_time2_vs_time1,30,27,0.021389855,"[-0.35, 0.38]",0.912303542,0.999017505,FALSE
L-Alanine,IL-11,delta_time3_vs_time1,30,27,0.02134918,"[-0.35, 0.38]",0.912469671,0.998056353,FALSE
Dodecanoic acid,IL-12(p70),delta_time3_vs_time1,30,27,0.021331844,"[-0.35, 0.38]",0.91254048,0.998056353,FALSE
1-Monopalmitin,IL-29/IFN-lambda1,delta_time2_vs_time1,30,27,0.021306039,"[-0.35, 0.38]",0.912645879,0.999017505,FALSE
Butanoic acid,IL-12(p70),delta_time2_vs_time1,30,27,0.02109721,"[-0.35, 0.38]",0.913498884,0.999017505,FALSE
Lysine,APRIL/TNFSF13,delta_time2_vs_time1,30,27,0.021086409,"[-0.35, 0.38]",0.913543007,0.999017505,FALSE
Glutamine [-H2O],IL-26,delta_time3_vs_time1,30,27,0.021077036,"[-0.35, 0.38]",0.913581293,0.998056353,FALSE
Cysteine,MMP-1,delta_time3_vs_time1,30,27,0.020702039,"[-0.35, 0.38]",0.915113298,0.998056353,FALSE
L-Proline,Pentraxin-3,delta_time3_vs_time1,30,27,0.020573684,"[-0.35, 0.38]",0.915637745,0.998056353,FALSE
Indole-3-Propionic Acid,MMP-1,delta_time3_vs_time1,30,27,0.020329116,"[-0.35, 0.38]",0.916637123,0.998056353,FALSE
Arginine [-NH3],IL-35,delta_time2_vs_time1,30,27,0.020213699,"[-0.35, 0.38]",0.917108795,0.999017505,FALSE
1-Heptadecanol,BAFF/TNFSF13B,delta_time3_vs_time1,30,27,0.020132928,"[-0.35, 0.38]",0.917438896,0.998056353,FALSE
Glyceric acid,gp130/sIL-6Rb,delta_time2_vs_time1,30,27,0.020081261,"[-0.35, 0.38]",0.917650059,0.999017505,FALSE
Lysine,sCD30/TNFRSF8,delta_time3_vs_time1,30,27,0.020001025,"[-0.35, 0.38]",0.917978,0.998056353,FALSE
Tryptophan,sTNF-R2,delta_time2_vs_time1,30,27,0.019915231,"[-0.35, 0.38]",0.918328666,0.999017505,FALSE
Glutamine [-H2O],TSLP,delta_time2_vs_time1,30,27,0.019913792,"[-0.35, 0.38]",0.918334547,0.999017505,FALSE
Alanine,TSLP,delta_time3_vs_time1,30,27,0.019865061,"[-0.35, 0.38]",0.918533733,0.998056353,FALSE
Ornithine,APRIL/TNFSF13,delta_time2_vs_time1,30,27,0.019795985,"[-0.35, 0.38]",0.918816087,0.999017505,FALSE
Lactic Acid,Osteocalcin,delta_time2_vs_time1,30,27,0.019654924,"[-0.35, 0.38]",0.919392714,0.999017505,FALSE
Arachidonic acid.1,IFN-a2,delta_time2_vs_time1,30,27,0.019654137,"[-0.35, 0.38]",0.919395931,0.999017505,FALSE
L-Alanine,IL-26,delta_time3_vs_time1,30,27,0.019624501,"[-0.35, 0.38]",0.919517084,0.998056353,FALSE
Stearic Acid,Chitinase 3-like1,delta_time2_vs_time1,30,27,0.019560323,"[-0.35, 0.38]",0.919779447,0.999017505,FALSE
Methionine,sIL-6Ra,delta_time3_vs_time1,30,27,0.019431931,"[-0.35, 0.38]",0.920304344,0.998056353,FALSE
"9-Hexadecenoic acid, (Z)-",IL-12(p40),delta_time2_vs_time1,30,27,0.019400955,"[-0.35, 0.38]",0.920430987,0.999017505,FALSE
"11-Eicosenoic acid, (E)-",IL-29/IFN-lambda1,delta_time3_vs_time1,30,27,0.019174947,"[-0.35, 0.38]",0.921355059,0.998056353,FALSE
Proline,IL-10,delta_time2_vs_time1,30,27,0.018925801,"[-0.35, 0.38]",0.922373849,0.999017505,FALSE
2-Aminoheptanedioic acid,sTNF-R2,delta_time3_vs_time1,30,27,0.018263021,"[-0.35, 0.38]",0.925084627,0.998056353,FALSE
L-Alanine,sCD30/TNFRSF8,delta_time3_vs_time1,30,27,0.018042832,"[-0.35, 0.38]",0.925985383,0.998056353,FALSE
Glycine,IL-11,delta_time3_vs_time1,30,27,0.017966118,"[-0.35, 0.38]",0.92629923,0.998056353,FALSE
Glycolic acid,IL-35,delta_time3_vs_time1,30,27,0.017942298,"[-0.35, 0.38]",0.926396682,0.998056353,FALSE
D-(-)-Ribofuranose,IL-12(p70),delta_time2_vs_time1,30,27,0.01789259,"[-0.35, 0.38]",0.92660005,0.999017505,FALSE
2-Aminoadipic acid,IL-35,delta_time3_vs_time1,30,27,0.017881371,"[-0.35, 0.38]",0.926645951,0.998056353,FALSE
Erythritol,IL-19,delta_time2_vs_time1,30,27,0.017879322,"[-0.35, 0.38]",0.926654334,0.999017505,FALSE
1-Ethyl-1-tetradecyloxy-1-silacyclohexane,TWEAK/TNFSF12,delta_time3_vs_time1,30,27,0.017862291,"[-0.35, 0.38]",0.926724015,0.998056353,FALSE
Arachidonic acid,IL-28A/IFN-lambda2,delta_time3_vs_time1,30,27,0.017850275,"[-0.35, 0.38]",0.926773177,0.998056353,FALSE
Methyl galactoside,sIL-6Ra,delta_time3_vs_time1,30,27,0.017697929,"[-0.35, 0.38]",0.927396508,0.998056353,FALSE
Phenylalanine,sTNF-R2,delta_time2_vs_time1,30,27,0.017672882,"[-0.35, 0.38]",0.927498992,0.999017505,FALSE
Decanoic acid,APRIL/TNFSF13,delta_time3_vs_time1,30,27,0.017612215,"[-0.35, 0.38]",0.927747225,0.998056353,FALSE
Stearic Acid,IFN-a2,delta_time2_vs_time1,30,27,0.017598842,"[-0.35, 0.38]",0.927801946,0.999017505,FALSE
Valine,MMP-1,delta_time3_vs_time1,30,27,0.017540779,"[-0.35, 0.38]",0.928039535,0.998056353,FALSE
Linoleic Acid,IL-20,delta_time3_vs_time1,30,27,0.017500459,"[-0.35, 0.38]",0.928204522,0.998056353,FALSE
"D-Arabinose, tetrakis",IL-20,delta_time2_vs_time1,30,27,0.017470423,"[-0.35, 0.38]",0.928327433,0.999017505,FALSE
DL-Ornithine,gp130/sIL-6Rb,delta_time2_vs_time1,30,27,0.017250011,"[-0.35, 0.38]",0.92922942,0.999017505,FALSE
Glycerol-3-P,IL-29/IFN-lambda1,delta_time3_vs_time1,30,27,0.016952181,"[-0.35, 0.38]",0.93044836,0.998056353,FALSE
Oxalic acid,TWEAK/TNFSF12,delta_time2_vs_time1,30,27,0.016690333,"[-0.35, 0.38]",0.93152016,0.999017505,FALSE
Methyl galactoside,sCD30/TNFRSF8,delta_time3_vs_time1,30,27,0.016648124,"[-0.35, 0.38]",0.931692942,0.998056353,FALSE
Serine,BAFF/TNFSF13B,delta_time2_vs_time1,30,27,0.016616484,"[-0.35, 0.38]",0.931822465,0.999017505,FALSE
Butanoic acid,Osteopontin,delta_time3_vs_time1,30,27,0.016521801,"[-0.35, 0.38]",0.932210064,0.998056353,FALSE
Tryptophan,Chitinase 3-like1,delta_time2_vs_time1,30,27,0.016468298,"[-0.35, 0.38]",0.932429091,0.999017505,FALSE
Ascorbic Acid,gp130/sIL-6Rb,delta_time3_vs_time1,30,27,0.016324826,"[-0.35, 0.38]",0.933016457,0.998056353,FALSE
Arachidonic acid.1,IFN-y,delta_time2_vs_time1,30,27,0.016218554,"[-0.35, 0.38]",0.933451552,0.999017505,FALSE
L-5-Oxoproline,MMP-3,delta_time2_vs_time1,30,27,0.016047987,"[-0.35, 0.38]",0.93414992,0.999017505,FALSE
"Ethanolamine, 2TMS",IL-20,delta_time2_vs_time1,30,27,0.015797758,"[-0.35, 0.38]",0.935174538,0.999017505,FALSE
Glycerol-3-P,sCD30/TNFRSF8,delta_time2_vs_time1,30,27,0.015773138,"[-0.35, 0.38]",0.935275357,0.999017505,FALSE
Glyceric acid,IFN-a2,delta_time3_vs_time1,30,27,0.015766936,"[-0.35, 0.38]",0.935300751,0.998056353,FALSE
Methyl galactoside,IL-20,delta_time2_vs_time1,30,27,0.015681919,"[-0.35, 0.38]",0.935648903,0.999017505,FALSE
L-5-Oxoproline,sCD30/TNFRSF8,delta_time3_vs_time1,30,27,0.015674623,"[-0.35, 0.38]",0.93567878,0.998056353,FALSE
1H-Indole-3-Acetic Acid,MMP-2,delta_time3_vs_time1,30,27,0.015608443,"[-0.35, 0.38]",0.935949801,0.998056353,FALSE
Glycerol-3-P,IL-26,delta_time3_vs_time1,30,27,0.015442729,"[-0.35, 0.38]",0.936628461,0.998056353,FALSE
1-Ethyl-1-tetradecyloxy-1-silacyclohexane,MMP-1,delta_time2_vs_time1,30,27,0.015413009,"[-0.35, 0.38]",0.936750178,0.999017505,FALSE
"2,3-Butanediol",IL-12(p70),delta_time3_vs_time1,30,27,0.015286022,"[-0.35, 0.38]",0.937270272,0.998056353,FALSE
Tryptophan,IL-35,delta_time2_vs_time1,30,27,0.015280907,"[-0.35, 0.38]",0.937291222,0.999017505,FALSE
beta-Alanine,Pentraxin-3,delta_time2_vs_time1,30,27,0.015176939,"[-0.35, 0.38]",0.937717056,0.999017505,FALSE
L-Rhamnose,sIL-6Ra,delta_time2_vs_time1,30,27,0.015151362,"[-0.35, 0.38]",0.937821818,0.999017505,FALSE
L-Rhamnose,IL-11,delta_time3_vs_time1,30,27,0.015068824,"[-0.35, 0.38]",0.938159894,0.998056353,FALSE
Asparagine,MMP-3,delta_time3_vs_time1,30,27,0.015061292,"[-0.35, 0.38]",0.938190747,0.998056353,FALSE
Lactic Acid,IL-28A/IFN-lambda2,delta_time2_vs_time1,30,27,0.015045831,"[-0.35, 0.38]",0.938254077,0.999017505,FALSE
Glutamic Acid,Osteocalcin,delta_time3_vs_time1,30,27,0.014996344,"[-0.35, 0.38]",0.938456785,0.998056353,FALSE
Glutamic Acid,MMP-2,delta_time3_vs_time1,30,27,0.014940755,"[-0.35, 0.38]",0.93868449,0.998056353,FALSE
Cholesterol,IL-11,delta_time2_vs_time1,30,27,0.014918731,"[-0.35, 0.38]",0.938774707,0.999017505,FALSE
Glutamic Acid,Pentraxin-3,delta_time2_vs_time1,30,27,0.014732116,"[-0.35, 0.38]",0.939539167,0.999017505,FALSE
Glutamic Acid,IL-12(p40),delta_time2_vs_time1,30,27,0.014722056,"[-0.35, 0.38]",0.939580379,0.999017505,FALSE
Alanine,IL-28A/IFN-lambda2,delta_time3_vs_time1,30,27,0.014709054,"[-0.35, 0.38]",0.939633645,0.998056353,FALSE
Tryptophan,IL-12(p40),delta_time3_vs_time1,30,27,0.014708674,"[-0.35, 0.38]",0.939635199,0.998056353,FALSE
1-Heptadecanol,IL-29/IFN-lambda1,delta_time2_vs_time1,30,27,0.014643758,"[-0.35, 0.38]",0.939901138,0.999017505,FALSE
beta-Alanine,gp130/sIL-6Rb,delta_time2_vs_time1,30,27,0.014624376,"[-0.35, 0.38]",0.939980543,0.999017505,FALSE
beta-D-Xylopyranose,TWEAK/TNFSF12,delta_time3_vs_time1,30,27,0.014620875,"[-0.35, 0.38]",0.939994887,0.998056353,FALSE
Alanine,IFN-a2,delta_time3_vs_time1,30,27,0.014532529,"[-0.35, 0.38]",0.940356823,0.998056353,FALSE
"Ethanolamine, 3TMS",IL-29/IFN-lambda1,delta_time2_vs_time1,30,27,0.014455089,"[-0.35, 0.38]",0.940674091,0.999017505,FALSE
1-Ethyl-1-tetradecyloxy-1-silacyclohexane,IL-20,delta_time2_vs_time1,30,27,0.014371268,"[-0.35, 0.38]",0.941017512,0.999017505,FALSE
L-(+)-Erythrulose,IFN-y,delta_time3_vs_time1,30,27,0.014334832,"[-0.35, 0.38]",0.941166798,0.998056353,FALSE
Palmitic Acid,IL-29/IFN-lambda1,delta_time3_vs_time1,30,27,0.014219207,"[-0.35, 0.38]",0.941640545,0.998056353,FALSE
Oxalic acid,IL-28A/IFN-lambda2,delta_time3_vs_time1,30,27,0.013984695,"[-0.35, 0.38]",0.942601465,0.998056353,FALSE
Ornithine,gp130/sIL-6Rb,delta_time2_vs_time1,30,27,0.013875381,"[-0.35, 0.38]",0.943049408,0.999017505,FALSE
"Ethanolamine, 2TMS",Osteopontin,delta_time3_vs_time1,30,27,0.013851396,"[-0.35, 0.38]",0.943147697,0.998056353,FALSE
Campesterol,IL-11,delta_time3_vs_time1,30,27,0.013848155,"[-0.35, 0.38]",0.943160977,0.998056353,FALSE
L-Rhamnose,IL-28A/IFN-lambda2,delta_time3_vs_time1,30,27,0.013819701,"[-0.35, 0.38]",0.94327758,0.998056353,FALSE
Lysine,IL-26,delta_time3_vs_time1,30,27,0.01346149,"[-0.35, 0.38]",0.944745594,0.998056353,FALSE
Glycolic acid,IL-28A/IFN-lambda2,delta_time3_vs_time1,30,27,0.013366522,"[-0.35, 0.38]",0.945134818,0.998056353,FALSE
Leucine,IL-29/IFN-lambda1,delta_time2_vs_time1,30,27,0.013201812,"[-0.36, 0.38]",0.945809913,0.999017505,FALSE
DL-Ornithine,IL-28A/IFN-lambda2,delta_time3_vs_time1,30,27,0.01273161,"[-0.36, 0.38]",0.947737319,0.998056353,FALSE
Oleic Acid,BAFF/TNFSF13B,delta_time2_vs_time1,30,27,0.0125693,"[-0.36, 0.38]",0.94840271,0.999017505,FALSE
Glyceraldehyde-3-P(MOX),IL-29/IFN-lambda1,delta_time3_vs_time1,30,27,0.01233958,"[-0.36, 0.38]",0.94934451,0.998056353,FALSE
Oxalic acid,IFN-y,delta_time3_vs_time1,30,27,0.012288496,"[-0.36, 0.38]",0.949553953,0.998056353,FALSE
1H-Indole-3-Acetic Acid,IL-20,delta_time2_vs_time1,30,27,0.012270295,"[-0.36, 0.38]",0.949628574,0.999017505,FALSE
3-OH-Butanoic Acid,IL-11,delta_time2_vs_time1,30,27,0.01217238,"[-0.36, 0.38]",0.950030032,0.999017505,FALSE
Methionine,Pentraxin-3,delta_time3_vs_time1,30,27,0.012097008,"[-0.36, 0.38]",0.950339073,0.998056353,FALSE
Phenylalanine,BAFF/TNFSF13B,delta_time3_vs_time1,30,27,0.011884851,"[-0.36, 0.38]",0.951208991,0.998056353,FALSE
Arachidonic acid,MMP-1,delta_time2_vs_time1,30,27,0.011810838,"[-0.36, 0.38]",0.951512481,0.999017505,FALSE
Glycolic acid,IL-12(p40),delta_time2_vs_time1,30,27,0.011782728,"[-0.36, 0.38]",0.951627749,0.999017505,FALSE
Palmitic Acid,Osteocalcin,delta_time3_vs_time1,30,27,0.011647295,"[-0.36, 0.38]",0.952183118,0.998056353,FALSE
Asparagine,IL-20,delta_time3_vs_time1,30,27,0.011584673,"[-0.36, 0.38]",0.95243992,0.998056353,FALSE
"(R*,R*)-2,3-Dihydroxybutanoic acid",IL-12(p40),delta_time2_vs_time1,30,27,0.011251365,"[-0.36, 0.38]",0.953806827,0.999017505,FALSE
L-Proline,IL-20,delta_time3_vs_time1,30,27,0.010839762,"[-0.36, 0.38]",0.955495005,0.998056353,FALSE
Ascorbic Acid,Osteopontin,delta_time3_vs_time1,30,27,0.010823439,"[-0.36, 0.38]",0.955561957,0.998056353,FALSE
L-Rhamnose,APRIL/TNFSF13,delta_time3_vs_time1,30,27,0.010786153,"[-0.36, 0.38]",0.955714892,0.998056353,FALSE
Indole-3-Latic Acid,TSLP,delta_time3_vs_time1,30,27,0.010749571,"[-0.36, 0.38]",0.955864942,0.998056353,FALSE
Palmitelaidic acid,MMP-1,delta_time3_vs_time1,30,27,0.010746233,"[-0.36, 0.38]",0.955878635,0.998056353,FALSE
L-Proline,TWEAK/TNFSF12,delta_time2_vs_time1,30,27,0.010715161,"[-0.36, 0.38]",0.956006088,0.999017505,FALSE
"2,3-Butanediol",gp130/sIL-6Rb,delta_time2_vs_time1,30,27,0.010602206,"[-0.36, 0.38]",0.956469417,0.999017505,FALSE
Cysteine,IL-12(p70),delta_time2_vs_time1,30,27,0.010469887,"[-0.36, 0.38]",0.957012194,0.999017505,FALSE
L-Rhamnose,IL-29/IFN-lambda1,delta_time2_vs_time1,30,27,0.010452283,"[-0.36, 0.38]",0.957084408,0.999017505,FALSE
"9-Hexadecenoic acid, (Z)-",IL-19,delta_time2_vs_time1,30,27,0.010253296,"[-0.36, 0.38]",0.957900699,0.999017505,FALSE
"2,3,4-Trihydroxybutyric acid",IL-12(p70),delta_time2_vs_time1,30,27,0.010201135,"[-0.36, 0.38]",0.95811468,0.999017505,FALSE
beta-D-Xylopyranose,Osteocalcin,delta_time2_vs_time1,30,27,0.010089273,"[-0.36, 0.38]",0.958573589,0.999017505,FALSE
2-Keto-3-methylvaleric acid,IFN-a2,delta_time3_vs_time1,30,27,0.010014992,"[-0.36, 0.38]",0.95887833,0.998056353,FALSE
"D-Arabinose, tetrakis",Osteopontin,delta_time2_vs_time1,30,27,0.009993659,"[-0.36, 0.38]",0.95896585,0.999017505,FALSE
2-Aminoadipic acid,Osteopontin,delta_time2_vs_time1,30,27,0.009947818,"[-0.36, 0.38]",0.959153918,0.999017505,FALSE
beta-Alanine,IFN-a2,delta_time2_vs_time1,30,27,0.009833022,"[-0.36, 0.37]",0.959624893,0.999017505,FALSE
"11-Eicosenoic acid, (E)-",TSLP,delta_time2_vs_time1,30,27,0.009767064,"[-0.36, 0.37]",0.959895506,0.999017505,FALSE
"11-Eicosenoic acid, (E)-",BAFF/TNFSF13B,delta_time2_vs_time1,30,27,0.009748289,"[-0.36, 0.37]",0.959972536,0.999017505,FALSE
Glycine,IL-28A/IFN-lambda2,delta_time3_vs_time1,30,27,0.009747942,"[-0.36, 0.37]",0.959973959,0.998056353,FALSE
Tryptophan,MMP-1,delta_time3_vs_time1,30,27,0.009700439,"[-0.36, 0.37]",0.960168857,0.998056353,FALSE
Glutamine [-H2O],gp130/sIL-6Rb,delta_time2_vs_time1,30,27,0.009689054,"[-0.36, 0.37]",0.960215572,0.999017505,FALSE
D-(-)-Ribofuranose,sIL-6Ra,delta_time2_vs_time1,30,27,0.0096385,"[-0.36, 0.37]",0.96042299,0.999017505,FALSE
Glycerol-3-P,IL-19,delta_time3_vs_time1,30,27,0.009582452,"[-0.36, 0.37]",0.960652954,0.998056353,FALSE
1-Monopalmitin,MMP-1,delta_time3_vs_time1,30,27,0.009377286,"[-0.36, 0.37]",0.961494773,0.998056353,FALSE
Ascorbic Acid,MMP-3,delta_time2_vs_time1,30,27,0.009329244,"[-0.36, 0.37]",0.961691903,0.999017505,FALSE
Tryptophan,Osteocalcin,delta_time2_vs_time1,30,27,0.009179971,"[-0.36, 0.37]",0.962304419,0.999017505,FALSE
L-Aspartic acid,IL-35,delta_time2_vs_time1,30,27,0.009106125,"[-0.36, 0.37]",0.96260744,0.999017505,FALSE
Tryptophan,sTNF-R2,delta_time3_vs_time1,30,27,0.00897128,"[-0.36, 0.37]",0.963160783,0.998056353,FALSE
Phenylalanine,IFN-y,delta_time2_vs_time1,30,27,0.008960654,"[-0.36, 0.37]",0.963204387,0.999017505,FALSE
1-Heptadecanol,Pentraxin-3,delta_time2_vs_time1,30,27,0.008825812,"[-0.36, 0.37]",0.963757734,0.999017505,FALSE
"1,5-Anhydrohexitol",IL-12(p70),delta_time2_vs_time1,30,27,0.008714026,"[-0.36, 0.37]",0.964216478,0.999017505,FALSE
"Ethanolamine, 3TMS",sCD163,delta_time3_vs_time1,30,27,0.008623546,"[-0.36, 0.37]",0.964587796,0.998056353,FALSE
Dodecanoic acid,sCD163,delta_time3_vs_time1,30,27,0.008479885,"[-0.36, 0.37]",0.965177377,0.998056353,FALSE
L-5-Oxoproline,IFN-y,delta_time3_vs_time1,30,27,0.008458336,"[-0.36, 0.37]",0.965265818,0.998056353,FALSE
Ornithine,sTNF-R1,delta_time3_vs_time1,30,27,0.008412708,"[-0.36, 0.37]",0.965453078,0.998056353,FALSE
Glyceraldehyde-3-P(MOX),sCD163,delta_time2_vs_time1,30,27,0.008292101,"[-0.36, 0.37]",0.965948066,0.999017505,FALSE
Indole-3-Propionic Acid,IL-29/IFN-lambda1,delta_time2_vs_time1,30,27,0.008275899,"[-0.36, 0.37]",0.96601456,0.999017505,FALSE
beta-D-Xylopyranose,APRIL/TNFSF13,delta_time2_vs_time1,30,27,0.008250234,"[-0.36, 0.37]",0.966119898,0.999017505,FALSE
Glutamine [-H2O],IL-10,delta_time2_vs_time1,30,27,0.008171291,"[-0.36, 0.37]",0.966443902,0.999017505,FALSE
Alanine,sCD30/TNFRSF8,delta_time2_vs_time1,30,27,0.008138844,"[-0.36, 0.37]",0.966577072,0.999017505,FALSE
2-Aminoadipic acid,IL-20,delta_time3_vs_time1,30,27,0.007829226,"[-0.36, 0.37]",0.967847884,0.998056353,FALSE
Glycerol,IL-28A/IFN-lambda2,delta_time2_vs_time1,30,27,0.007691253,"[-0.36, 0.37]",0.968414215,0.999017505,FALSE
Alanine,IL-35,delta_time2_vs_time1,30,27,0.007673275,"[-0.36, 0.37]",0.968488011,0.999017505,FALSE
Dodecanoic acid,sTNF-R2,delta_time3_vs_time1,30,27,0.007634549,"[-0.36, 0.37]",0.968646967,0.998056353,FALSE
Arachidonic acid,TWEAK/TNFSF12,delta_time2_vs_time1,30,27,0.007582543,"[-0.36, 0.37]",0.968860441,0.999017505,FALSE
Palmitelaidic acid,TWEAK/TNFSF12,delta_time3_vs_time1,30,27,0.007570347,"[-0.36, 0.37]",0.968910504,0.998056353,FALSE
L-Aspartic acid,sTNF-R2,delta_time3_vs_time1,30,27,0.007481885,"[-0.36, 0.37]",0.969273622,0.998056353,FALSE
alpha-D-Glucopyranoside,sIL-6Ra,delta_time2_vs_time1,30,27,0.007449381,"[-0.36, 0.37]",0.969407048,0.999017505,FALSE
Valine,IL-35,delta_time3_vs_time1,30,27,0.007316287,"[-0.36, 0.37]",0.969953387,0.998056353,FALSE
Tyrosine,IFN-y,delta_time2_vs_time1,30,27,0.007261358,"[-0.36, 0.37]",0.970178874,0.999017505,FALSE
Glycine,IL-19,delta_time3_vs_time1,30,27,0.007096544,"[-0.36, 0.37]",0.970855447,0.998056353,FALSE
"9-Hexadecenoic acid, (Z)-",IL-35,delta_time2_vs_time1,30,27,0.006951686,"[-0.36, 0.37]",0.971450117,0.999017505,FALSE
2-Aminoadipic acid,sTNF-R1,delta_time2_vs_time1,30,27,0.006797514,"[-0.36, 0.37]",0.97208304,0.999017505,FALSE
"(R*,R*)-2,3-Dihydroxybutanoic acid",IL-10,delta_time2_vs_time1,30,27,0.006705998,"[-0.36, 0.37]",0.972458749,0.999017505,FALSE
1H-Indole-3-Acetic Acid,IL-11,delta_time3_vs_time1,30,27,0.006637403,"[-0.36, 0.37]",0.972740363,0.998056353,FALSE
Phenylalanine,IL-26,delta_time3_vs_time1,30,27,0.006489828,"[-0.36, 0.37]",0.973346231,0.998056353,FALSE
3-OH-Butanoic Acid,IL-12(p70),delta_time2_vs_time1,30,27,0.006478312,"[-0.36, 0.37]",0.973393515,0.999017505,FALSE
beta-D-Xylopyranose,sCD30/TNFRSF8,delta_time2_vs_time1,30,27,0.006473802,"[-0.36, 0.37]",0.973412027,0.999017505,FALSE
Glutamic Acid,sTNF-R2,delta_time2_vs_time1,30,27,0.006364635,"[-0.36, 0.37]",0.973860226,0.999017505,FALSE
2-Aminoheptanedioic acid,IL-29/IFN-lambda1,delta_time3_vs_time1,30,27,0.006337689,"[-0.36, 0.37]",0.973970859,0.998056353,FALSE
L-Proline,MMP-1,delta_time2_vs_time1,30,27,0.006330333,"[-0.36, 0.37]",0.974001057,0.999017505,FALSE
Glyceric acid,IL-35,delta_time3_vs_time1,30,27,0.006225173,"[-0.36, 0.37]",0.974432816,0.998056353,FALSE
Threonine,Pentraxin-3,delta_time2_vs_time1,30,27,0.006193309,"[-0.36, 0.37]",0.974563639,0.999173832,FALSE
Valine,IL-12(p40),delta_time3_vs_time1,30,27,0.006112087,"[-0.36, 0.37]",0.97489712,0.998056353,FALSE
Methyl galactoside,sIL-6Ra,delta_time2_vs_time1,30,27,0.006043721,"[-0.36, 0.37]",0.975177817,0.999284694,FALSE
Ascorbic Acid,TWEAK/TNFSF12,delta_time3_vs_time1,30,27,0.006036187,"[-0.36, 0.37]",0.975208751,0.998056353,FALSE
Threonine,gp130/sIL-6Rb,delta_time3_vs_time1,30,27,0.006024626,"[-0.36, 0.37]",0.975256221,0.998056353,FALSE
Indole-3-Latic Acid,Osteocalcin,delta_time3_vs_time1,30,27,0.006002972,"[-0.36, 0.37]",0.975345131,0.998056353,FALSE
beta-Alanine,TSLP,delta_time3_vs_time1,30,27,0.005970487,"[-0.36, 0.37]",0.97547851,0.998056353,FALSE
Dodecanoic acid,IL-12(p70),delta_time2_vs_time1,30,27,0.005692009,"[-0.36, 0.37]",0.976621937,0.999284694,FALSE
Tryptophan,IL-29/IFN-lambda1,delta_time3_vs_time1,30,27,0.00539336,"[-0.36, 0.37]",0.97784823,0.998056353,FALSE
Threonine,sTNF-R1,delta_time3_vs_time1,30,27,0.005271861,"[-0.36, 0.37]",0.978347139,0.998056353,FALSE
Glycolic acid,IL-29/IFN-lambda1,delta_time3_vs_time1,30,27,0.00499874,"[-0.36, 0.37]",0.979468675,0.998056353,FALSE
2-Keto-3-methylvaleric acid,TWEAK/TNFSF12,delta_time2_vs_time1,30,27,0.004845002,"[-0.36, 0.37]",0.980099999,0.999284694,FALSE
Phenylalanine,sIL-6Ra,delta_time3_vs_time1,30,27,0.004599449,"[-0.36, 0.37]",0.981108381,0.998056353,FALSE
Glutamine [-H2O],TSLP,delta_time3_vs_time1,30,27,0.004568044,"[-0.36, 0.37]",0.981237351,0.998056353,FALSE
4-Aminobutanoic acid,IL-10,delta_time2_vs_time1,30,27,0.004413635,"[-0.36, 0.37]",0.981871462,0.999284694,FALSE
Lactic Acid,sIL-6Ra,delta_time2_vs_time1,30,27,0.004253961,"[-0.36, 0.37]",0.982527204,0.999284694,FALSE
Palmitic Acid,IL-12(p40),delta_time3_vs_time1,30,27,0.0042287,"[-0.36, 0.37]",0.982630948,0.998056353,FALSE
Campesterol,TSLP,delta_time3_vs_time1,30,27,0.004199986,"[-0.36, 0.37]",0.982748872,0.998056353,FALSE
L-Aspartic acid,sCD163,delta_time3_vs_time1,30,27,0.004194863,"[-0.36, 0.37]",0.98276991,0.998056353,FALSE
Doconexent,MMP-3,delta_time2_vs_time1,30,27,0.004175215,"[-0.36, 0.37]",0.982850602,0.999284694,FALSE
1H-Indole-3-Acetic Acid,BAFF/TNFSF13B,delta_time3_vs_time1,30,27,0.004174099,"[-0.36, 0.37]",0.982855183,0.998056353,FALSE
1-Ethyl-1-tetradecyloxy-1-silacyclohexane,sCD30/TNFRSF8,delta_time2_vs_time1,30,27,0.003896391,"[-0.36, 0.37]",0.983995702,0.999588628,FALSE
"11-Eicosenoic acid, (E)-",IFN-y,delta_time3_vs_time1,30,27,0.003871458,"[-0.36, 0.37]",0.984098097,0.998056353,FALSE
Arachidonic acid.1,IL-10,delta_time3_vs_time1,30,27,0.003864207,"[-0.36, 0.37]",0.984127878,0.998056353,FALSE
"Ethanolamine, 3TMS",MMP-2,delta_time3_vs_time1,30,27,0.003718516,"[-0.36, 0.37]",0.984726231,0.998056353,FALSE
"1,5-Anhydrohexitol",sTNF-R1,delta_time3_vs_time1,30,27,0.003706767,"[-0.36, 0.37]",0.984774485,0.998056353,FALSE
L-5-Oxoproline,IL-19,delta_time2_vs_time1,30,27,0.003340244,"[-0.36, 0.37]",0.986279825,0.999657281,FALSE
Valine,IL-29/IFN-lambda1,delta_time3_vs_time1,30,27,0.003039009,"[-0.36, 0.37]",0.98751706,0.998056353,FALSE
Valine,IFN-a2,delta_time3_vs_time1,30,27,0.002908202,"[-0.36, 0.37]",0.98805432,0.998056353,FALSE
Asparagine,sCD163,delta_time3_vs_time1,30,27,0.002852286,"[-0.36, 0.37]",0.988283983,0.998056353,FALSE
Methyl galactoside,MMP-1,delta_time2_vs_time1,30,27,0.002811882,"[-0.36, 0.37]",0.988449938,0.999657281,FALSE
Alanine,sIL-6Ra,delta_time2_vs_time1,30,27,0.002795388,"[-0.36, 0.37]",0.988517683,0.999657281,FALSE
Serine,sTNF-R1,delta_time2_vs_time1,30,27,0.002694547,"[-0.36, 0.37]",0.988931871,0.999657281,FALSE
Glycine,BAFF/TNFSF13B,delta_time3_vs_time1,30,27,0.002233377,"[-0.36, 0.37]",0.990826088,0.999156425,FALSE
"2,3-Butanediol",IFN-a2,delta_time3_vs_time1,30,27,0.002129402,"[-0.36, 0.37]",0.991253161,0.999156425,FALSE
Doconexent,MMP-1,delta_time2_vs_time1,30,27,0.002040372,"[-0.36, 0.37]",0.991618853,0.999657281,FALSE
1-Heptadecanol,IL-28A/IFN-lambda2,delta_time2_vs_time1,30,27,0.001831073,"[-0.36, 0.37]",0.992478556,0.999657281,FALSE
"2,3,4-Trihydroxybutyric acid",IL-35,delta_time2_vs_time1,30,27,0.001824566,"[-0.36, 0.37]",0.992505283,0.999657281,FALSE
Cysteine,IFN-a2,delta_time3_vs_time1,30,27,0.001765862,"[-0.36, 0.37]",0.992746413,0.999623469,FALSE
Decanoic acid,IL-35,delta_time3_vs_time1,30,27,0.001229253,"[-0.37, 0.37]",0.994950597,0.999623469,FALSE
L-Alanine,IL-19,delta_time3_vs_time1,30,27,0.001222618,"[-0.37, 0.37]",0.994977848,0.999623469,FALSE
Tryptophan,sCD30/TNFRSF8,delta_time2_vs_time1,30,27,0.001038644,"[-0.37, 0.37]",0.995733554,0.999657281,FALSE
Citric acid,Pentraxin-3,delta_time2_vs_time1,30,27,0.000933396,"[-0.37, 0.37]",0.996165878,0.999657281,FALSE
L-Rhamnose,BAFF/TNFSF13B,delta_time2_vs_time1,30,27,0.000764851,"[-0.37, 0.37]",0.996858207,0.999657281,FALSE
Lactic Acid,IFN-a2,delta_time2_vs_time1,30,27,0.000630409,"[-0.37, 0.37]",0.997410457,0.999657281,FALSE
alpha-D-Glucopyranoside,IL-19,delta_time2_vs_time1,30,27,0.000615591,"[-0.37, 0.37]",0.997471325,0.999657281,FALSE
"(R*,R*)-2,3-Dihydroxybutanoic acid",sIL-6Ra,delta_time2_vs_time1,30,27,0.000582941,"[-0.37, 0.37]",0.997605439,0.999657281,FALSE
Glutamic Acid,sCD30/TNFRSF8,delta_time3_vs_time1,30,27,0.000420001,"[-0.37, 0.37]",0.99827475,0.999623469,FALSE
Proline,TWEAK/TNFSF12,delta_time2_vs_time1,30,27,0.000403804,"[-0.37, 0.37]",0.998341284,0.999780059,FALSE
N-Acetylglutamine,sCD30/TNFRSF8,delta_time3_vs_time1,30,27,0.000322929,"[-0.37, 0.37]",0.998673496,0.999623469,FALSE
2-Aminoadipic acid,IL-19,delta_time2_vs_time1,30,27,0.00019645,"[-0.37, 0.37]",0.999193038,0.999807325,FALSE
2-Aminoadipic acid,Chitinase 3-like1,delta_time3_vs_time1,30,27,0.000134404,"[-0.37, 0.37]",0.999447904,0.999623469,FALSE
Cysteine,MMP-3,delta_time2_vs_time1,30,27,0.000113238,"[-0.37, 0.37]",0.99953485,0.999807325,FALSE
Tryptophan,sTNF-R1,delta_time3_vs_time1,30,27,0.000112803,"[-0.37, 0.37]",0.999536635,0.999623469,FALSE
Arachidonic acid,Osteopontin,delta_time2_vs_time1,30,27,-4.69E-05,"[-0.37, 0.37]",0.999807325,0.999807325,FALSE
"11-Eicosenoic acid, (E)-",MMP-3,delta_time3_vs_time1,30,27,-9.17E-05,"[-0.37, 0.37]",0.999623469,0.999623469,FALSE
"9-Hexadecenoic acid, (Z)-",APRIL/TNFSF13,delta_time3_vs_time1,30,27,-0.00018582,"[-0.37, 0.37]",0.999236703,0.999623469,FALSE
Methionine,Osteocalcin,delta_time3_vs_time1,30,27,-0.000270611,"[-0.37, 0.37]",0.998888403,0.999623469,FALSE
Proline,IL-12(p40),delta_time3_vs_time1,30,27,-0.000275959,"[-0.37, 0.37]",0.998866434,0.999623469,FALSE
Ornithine,Chitinase 3-like1,delta_time2_vs_time1,30,27,-0.000353285,"[-0.37, 0.37]",0.998548803,0.999780059,FALSE
2-Aminoheptanedioic acid,IFN-a2,delta_time3_vs_time1,30,27,-0.00043506,"[-0.37, 0.37]",0.998212895,0.999623469,FALSE
1-Monopalmitin,IL-12(p40),delta_time3_vs_time1,30,27,-0.000489046,"[-0.37, 0.37]",0.997991134,0.999623469,FALSE
"2,3,4-Trihydroxybutyric acid",MMP-3,delta_time3_vs_time1,30,27,-0.000728602,"[-0.37, 0.37]",0.997007108,0.999623469,FALSE
1-Monooleoylglycerol,IL-35,delta_time3_vs_time1,30,27,-0.000783999,"[-0.37, 0.37]",0.996779555,0.999623469,FALSE
Serine,Chitinase 3-like1,delta_time2_vs_time1,30,27,-0.000795956,"[-0.37, 0.37]",0.99673044,0.999657281,FALSE
Indole-3-Latic Acid,gp130/sIL-6Rb,delta_time2_vs_time1,30,27,-0.000844571,"[-0.37, 0.37]",0.996530742,0.999657281,FALSE
Glycerol-3-P,IL-20,delta_time3_vs_time1,30,27,-0.000914835,"[-0.37, 0.37]",0.99624212,0.999623469,FALSE
Cysteine,Osteopontin,delta_time3_vs_time1,30,27,-0.001039376,"[-0.37, 0.37]",0.995730547,0.999623469,FALSE
Glycerol-3-P,BAFF/TNFSF13B,delta_time2_vs_time1,30,27,-0.001069254,"[-0.37, 0.37]",0.995607816,0.999657281,FALSE
beta-D-Xylopyranose,Chitinase 3-like1,delta_time2_vs_time1,30,27,-0.001129632,"[-0.37, 0.37]",0.995359804,0.999657281,FALSE
"11-Eicosenoic acid, (E)-",IL-12(p40),delta_time2_vs_time1,30,27,-0.001234888,"[-0.37, 0.37]",0.99492745,0.999657281,FALSE
DL-Ornithine,IL-10,delta_time3_vs_time1,30,27,-0.001263802,"[-0.37, 0.37]",0.994808679,0.999623469,FALSE
"(R*,R*)-2,3-Dihydroxybutanoic acid",IFN-y,delta_time2_vs_time1,30,27,-0.001276679,"[-0.37, 0.37]",0.994755786,0.999657281,FALSE
Arginine [-NH3],sCD163,delta_time2_vs_time1,30,27,-0.001711297,"[-0.37, 0.37]",0.992970544,0.999657281,FALSE
Dodecanoic acid,IL-28A/IFN-lambda2,delta_time2_vs_time1,30,27,-0.001927102,"[-0.37, 0.36]",0.992084112,0.999657281,FALSE
Ascorbic Acid,Osteocalcin,delta_time2_vs_time1,30,27,-0.002048069,"[-0.37, 0.36]",0.991587236,0.999657281,FALSE
"2,3-Butanediol",IL-35,delta_time2_vs_time1,30,27,-0.002058563,"[-0.37, 0.36]",0.991544133,0.999657281,FALSE
Citric acid,IL-12(p70),delta_time3_vs_time1,30,27,-0.002069295,"[-0.37, 0.36]",0.991500054,0.999156425,FALSE
"(R*,R*)-2,3-Dihydroxybutanoic acid",TWEAK/TNFSF12,delta_time2_vs_time1,30,27,-0.002204384,"[-0.37, 0.36]",0.990945176,0.999657281,FALSE
Threonine,IFN-y,delta_time2_vs_time1,30,27,-0.002264086,"[-0.37, 0.36]",0.990699949,0.999657281,FALSE
Aminomalonic acid,sCD163,delta_time2_vs_time1,30,27,-0.002313457,"[-0.37, 0.36]",0.990497161,0.999657281,FALSE
"Ethanolamine, 2TMS",BAFF/TNFSF13B,delta_time2_vs_time1,30,27,-0.002325201,"[-0.37, 0.36]",0.990448923,0.999657281,FALSE
1H-Indole-3-Acetic Acid,Osteocalcin,delta_time3_vs_time1,30,27,-0.002369716,"[-0.37, 0.36]",0.990266079,0.999156425,FALSE
1-Heptadecanol,IL-35,delta_time2_vs_time1,30,27,-0.002553768,"[-0.37, 0.36]",0.9895101,0.999657281,FALSE
Nonanoic acid,sCD163,delta_time3_vs_time1,30,27,-0.002748103,"[-0.37, 0.36]",0.988711897,0.998059409,FALSE
Aminomalonic acid,TSLP,delta_time3_vs_time1,30,27,-0.002856679,"[-0.37, 0.36]",0.98826594,0.998056353,FALSE
Glycerol-3-P,IL-19,delta_time2_vs_time1,30,27,-0.00287367,"[-0.37, 0.36]",0.988196155,0.999657281,FALSE
Stearic Acid,sCD163,delta_time2_vs_time1,30,27,-0.002942091,"[-0.37, 0.36]",0.987915127,0.999657281,FALSE
"1,5-Anhydrohexitol",APRIL/TNFSF13,delta_time3_vs_time1,30,27,-0.003007225,"[-0.37, 0.36]",0.987647605,0.998056353,FALSE
"9-Hexadecenoic acid, (Z)-",sTNF-R1,delta_time2_vs_time1,30,27,-0.003310767,"[-0.37, 0.36]",0.986400894,0.999657281,FALSE
beta-Alanine,sTNF-R2,delta_time3_vs_time1,30,27,-0.003340908,"[-0.37, 0.36]",0.986277099,0.998056353,FALSE
Phenylalanine,IFN-y,delta_time3_vs_time1,30,27,-0.003374564,"[-0.37, 0.36]",0.986138869,0.998056353,FALSE
Cholesterol,Pentraxin-3,delta_time3_vs_time1,30,27,-0.003461601,"[-0.37, 0.36]",0.985781397,0.998056353,FALSE
beta-D-Xylopyranose,IL-11,delta_time3_vs_time1,30,27,-0.003471815,"[-0.37, 0.36]",0.985739447,0.998056353,FALSE
Asparagine,IL-20,delta_time2_vs_time1,30,27,-0.003507009,"[-0.37, 0.36]",0.985594899,0.999657281,FALSE
Alanine,Osteocalcin,delta_time3_vs_time1,30,27,-0.003629299,"[-0.37, 0.36]",0.985092648,0.998056353,FALSE
Alanine,IL-35,delta_time3_vs_time1,30,27,-0.003643118,"[-0.37, 0.36]",0.985035891,0.998056353,FALSE
Erythritol,IFN-y,delta_time3_vs_time1,30,27,-0.003714722,"[-0.37, 0.36]",0.984741812,0.998056353,FALSE
"Ethanolamine, 3TMS",APRIL/TNFSF13,delta_time2_vs_time1,30,27,-0.003721474,"[-0.37, 0.36]",0.984714079,0.999657281,FALSE
L-Norvaline,Chitinase 3-like1,delta_time3_vs_time1,30,27,-0.003752394,"[-0.37, 0.36]",0.984587092,0.998056353,FALSE
Cholesterol,sTNF-R1,delta_time3_vs_time1,30,27,-0.003930416,"[-0.37, 0.36]",0.983855962,0.998056353,FALSE
D-(-)-Ribofuranose,gp130/sIL-6Rb,delta_time2_vs_time1,30,27,-0.003959327,"[-0.37, 0.36]",0.983737227,0.999588628,FALSE
"2,3,4-Trihydroxybutyric acid",MMP-1,delta_time3_vs_time1,30,27,-0.003991748,"[-0.37, 0.36]",0.983604076,0.998056353,FALSE
Alanine,APRIL/TNFSF13,delta_time3_vs_time1,30,27,-0.004070165,"[-0.37, 0.36]",0.983282025,0.998056353,FALSE
D-(-)-Ribofuranose,sCD30/TNFRSF8,delta_time2_vs_time1,30,27,-0.004169011,"[-0.37, 0.36]",0.982876078,0.999284694,FALSE
"11-Eicosenoic acid, (E)-",sTNF-R2,delta_time2_vs_time1,30,27,-0.004177795,"[-0.37, 0.36]",0.982840005,0.999284694,FALSE
Ethyl alpha-D-glucopyranoside,Chitinase 3-like1,delta_time2_vs_time1,30,27,-0.004186418,"[-0.37, 0.36]",0.982804591,0.999284694,FALSE
Glyceric acid,IFN-a2,delta_time2_vs_time1,30,27,-0.004335833,"[-0.37, 0.36]",0.982190974,0.999284694,FALSE
Threonine,BAFF/TNFSF13B,delta_time2_vs_time1,30,27,-0.004354343,"[-0.37, 0.36]",0.982114959,0.999284694,FALSE
2-Aminoadipic acid,sCD163,delta_time2_vs_time1,30,27,-0.004455534,"[-0.37, 0.36]",0.981699393,0.999284694,FALSE
"Ethanolamine, 2TMS",APRIL/TNFSF13,delta_time2_vs_time1,30,27,-0.004468808,"[-0.37, 0.36]",0.981644882,0.999284694,FALSE
Stearic Acid,IL-35,delta_time2_vs_time1,30,27,-0.004546886,"[-0.37, 0.36]",0.981324241,0.999284694,FALSE
Cysteine,IL-19,delta_time2_vs_time1,30,27,-0.004596037,"[-0.37, 0.36]",0.981122395,0.999284694,FALSE
alpha-D-Glucopyranoside,Pentraxin-3,delta_time2_vs_time1,30,27,-0.004775865,"[-0.37, 0.36]",0.980383911,0.999284694,FALSE
2-Aminoheptanedioic acid,Osteocalcin,delta_time3_vs_time1,30,27,-0.004830273,"[-0.37, 0.36]",0.980160482,0.998056353,FALSE
DL-Ornithine,IFN-y,delta_time3_vs_time1,30,27,-0.004920801,"[-0.37, 0.36]",0.979788732,0.998056353,FALSE
Glutamic Acid,MMP-3,delta_time2_vs_time1,30,27,-0.004968635,"[-0.37, 0.36]",0.979592301,0.999284694,FALSE
Oxalic acid,Pentraxin-3,delta_time2_vs_time1,30,27,-0.005050225,"[-0.37, 0.36]",0.979257257,0.999284694,FALSE
Ascorbic Acid,Chitinase 3-like1,delta_time3_vs_time1,30,27,-0.005142964,"[-0.37, 0.36]",0.978876433,0.998056353,FALSE
Phenylalanine,BAFF/TNFSF13B,delta_time2_vs_time1,30,27,-0.005275857,"[-0.37, 0.36]",0.978330731,0.999284694,FALSE
Oxalic acid,sCD30/TNFRSF8,delta_time2_vs_time1,30,27,-0.005378605,"[-0.37, 0.36]",0.977908819,0.999284694,FALSE
L-Proline,IL-29/IFN-lambda1,delta_time3_vs_time1,30,27,-0.005471904,"[-0.37, 0.36]",0.977525713,0.998056353,FALSE
Lysine,IL-35,delta_time3_vs_time1,30,27,-0.005641597,"[-0.37, 0.36]",0.976828929,0.998056353,FALSE
Proline,sCD163,delta_time3_vs_time1,30,27,-0.005807261,"[-0.37, 0.36]",0.976148707,0.998056353,FALSE
Ornithine,IL-12(p40),delta_time3_vs_time1,30,27,-0.005900297,"[-0.37, 0.36]",0.975766703,0.998056353,FALSE
L-Rhamnose,BAFF/TNFSF13B,delta_time3_vs_time1,30,27,-0.006017992,"[-0.37, 0.36]",0.975283458,0.998056353,FALSE
Glutamic Acid,sIL-6Ra,delta_time3_vs_time1,30,27,-0.006091549,"[-0.37, 0.36]",0.974981444,0.998056353,FALSE
"1,5-Anhydrohexitol",IL-28A/IFN-lambda2,delta_time2_vs_time1,30,27,-0.006499003,"[-0.37, 0.36]",0.973308567,0.999017505,FALSE
Doconexent,IFN-a2,delta_time3_vs_time1,30,27,-0.006537669,"[-0.37, 0.36]",0.97314982,0.998056353,FALSE
Ascorbic Acid,MMP-2,delta_time3_vs_time1,30,27,-0.006620918,"[-0.37, 0.36]",0.972808039,0.998056353,FALSE
Alanine,IFN-a2,delta_time2_vs_time1,30,27,-0.006718956,"[-0.37, 0.36]",0.972405551,0.999017505,FALSE
L-Alanine,MMP-3,delta_time2_vs_time1,30,27,-0.006803655,"[-0.37, 0.36]",0.972057827,0.999017505,FALSE
Glyceric acid,Pentraxin-3,delta_time2_vs_time1,30,27,-0.006885057,"[-0.37, 0.36]",0.971723646,0.999017505,FALSE
Glutamine [-H2O],IL-35,delta_time2_vs_time1,30,27,-0.00697346,"[-0.37, 0.36]",0.971360731,0.999017505,FALSE
1-Heptadecanol,Osteopontin,delta_time3_vs_time1,30,27,-0.007000276,"[-0.37, 0.36]",0.971250646,0.998056353,FALSE
L-(+)-Erythrulose,gp130/sIL-6Rb,delta_time3_vs_time1,30,27,-0.007159158,"[-0.37, 0.36]",0.970598408,0.998056353,FALSE
Oxalic acid,IL-28A/IFN-lambda2,delta_time2_vs_time1,30,27,-0.007343931,"[-0.37, 0.36]",0.969839912,0.999017505,FALSE
beta-Alanine,APRIL/TNFSF13,delta_time2_vs_time1,30,27,-0.007500823,"[-0.37, 0.36]",0.969195887,0.999017505,FALSE
Glycerol-3-P,APRIL/TNFSF13,delta_time2_vs_time1,30,27,-0.007569664,"[-0.37, 0.36]",0.968913306,0.999017505,FALSE
"Ethanolamine, 3TMS",APRIL/TNFSF13,delta_time3_vs_time1,30,27,-0.00759603,"[-0.37, 0.36]",0.968805078,0.998056353,FALSE
Ascorbic Acid,sIL-6Ra,delta_time2_vs_time1,30,27,-0.007602854,"[-0.37, 0.36]",0.968777069,0.999017505,FALSE
Arginine [-NH3],IL-26,delta_time3_vs_time1,30,27,-0.007664571,"[-0.37, 0.36]",0.968523737,0.998056353,FALSE
"Ethanolamine, 3TMS",gp130/sIL-6Rb,delta_time3_vs_time1,30,27,-0.007688314,"[-0.37, 0.36]",0.96842628,0.998056353,FALSE
1-Monopalmitin,IL-20,delta_time3_vs_time1,30,27,-0.00785544,"[-0.37, 0.36]",0.967740287,0.998056353,FALSE
DL-Ornithine,sIL-6Ra,delta_time2_vs_time1,30,27,-0.008187914,"[-0.37, 0.36]",0.966375675,0.999017505,FALSE
"D-Arabinose, tetrakis",sTNF-R2,delta_time2_vs_time1,30,27,-0.00819012,"[-0.37, 0.36]",0.966366619,0.999017505,FALSE
Palmitic Acid,IFN-y,delta_time2_vs_time1,30,27,-0.008385077,"[-0.37, 0.36]",0.965566478,0.999017505,FALSE
Stearic Acid,MMP-1,delta_time3_vs_time1,30,27,-0.008452579,"[-0.37, 0.36]",0.965289442,0.998056353,FALSE
Doconexent,Chitinase 3-like1,delta_time2_vs_time1,30,27,-0.008463273,"[-0.37, 0.36]",0.965245554,0.999017505,FALSE
Dodecanoic acid,sTNF-R1,delta_time3_vs_time1,30,27,-0.00847018,"[-0.37, 0.36]",0.96521721,0.998056353,FALSE
DL-Ornithine,MMP-2,delta_time3_vs_time1,30,27,-0.008479166,"[-0.37, 0.36]",0.965180327,0.998056353,FALSE
Ornithine,MMP-1,delta_time3_vs_time1,30,27,-0.008486527,"[-0.37, 0.36]",0.965150117,0.998056353,FALSE
2-Aminoadipic acid,APRIL/TNFSF13,delta_time2_vs_time1,30,27,-0.00856727,"[-0.37, 0.36]",0.964818748,0.999017505,FALSE
Leucine,IL-35,delta_time2_vs_time1,30,27,-0.008780443,"[-0.37, 0.36]",0.963943915,0.999017505,FALSE
Palmitic Acid,APRIL/TNFSF13,delta_time2_vs_time1,30,27,-0.008782427,"[-0.37, 0.36]",0.963935775,0.999017505,FALSE
3-OH-Butanoic Acid,IFN-y,delta_time2_vs_time1,30,27,-0.00890445,"[-0.37, 0.36]",0.963435029,0.999017505,FALSE
N-Acetylglutamine,Chitinase 3-like1,delta_time2_vs_time1,30,27,-0.008910679,"[-0.37, 0.36]",0.963409464,0.999017505,FALSE
"9-Hexadecenoic acid, (Z)-",Pentraxin-3,delta_time2_vs_time1,30,27,-0.008987366,"[-0.37, 0.36]",0.963094772,0.999017505,FALSE
Campesterol,IL-20,delta_time2_vs_time1,30,27,-0.009024349,"[-0.37, 0.36]",0.962943011,0.999017505,FALSE
"11-Eicosenoic acid, (E)-",IL-20,delta_time2_vs_time1,30,27,-0.009165254,"[-0.37, 0.36]",0.96236481,0.999017505,FALSE
Dodecanoic acid,TSLP,delta_time2_vs_time1,30,27,-0.009166322,"[-0.37, 0.36]",0.962360428,0.999017505,FALSE
Palmitic Acid,IL-26,delta_time2_vs_time1,30,27,-0.009221214,"[-0.37, 0.36]",0.962135184,0.999017505,FALSE
L-Norvaline,MMP-1,delta_time2_vs_time1,30,27,-0.009699781,"[-0.37, 0.36]",0.96017156,0.999017505,FALSE
beta-Alanine,IL-35,delta_time3_vs_time1,30,27,-0.009742345,"[-0.37, 0.36]",0.959996924,0.998056353,FALSE
Lactic Acid.1,Osteocalcin,delta_time2_vs_time1,30,27,-0.009877004,"[-0.38, 0.36]",0.959444448,0.999017505,FALSE
2-Aminoadipic acid,IFN-a2,delta_time2_vs_time1,30,27,-0.009980648,"[-0.38, 0.36]",0.959019229,0.999017505,FALSE
beta-Alanine,Osteocalcin,delta_time2_vs_time1,30,27,-0.010118791,"[-0.38, 0.36]",0.95845249,0.999017505,FALSE
Glutamic Acid,sTNF-R2,delta_time3_vs_time1,30,27,-0.010138424,"[-0.38, 0.36]",0.958371947,0.998056353,FALSE
Glycerol,IL-20,delta_time2_vs_time1,30,27,-0.010152872,"[-0.38, 0.36]",0.958312675,0.999017505,FALSE
"Ethanolamine, 2TMS",sTNF-R2,delta_time3_vs_time1,30,27,-0.010295624,"[-0.38, 0.36]",0.957727053,0.998056353,FALSE
1-Monopalmitin,IFN-y,delta_time2_vs_time1,30,27,-0.010327079,"[-0.38, 0.36]",0.957598017,0.999017505,FALSE
L-Aspartic acid,MMP-1,delta_time3_vs_time1,30,27,-0.010346478,"[-0.38, 0.36]",0.957518437,0.998056353,FALSE
Erythritol,MMP-3,delta_time3_vs_time1,30,27,-0.010356476,"[-0.38, 0.36]",0.957477423,0.998056353,FALSE
"9-Hexadecenoic acid, (Z)-",IL-29/IFN-lambda1,delta_time2_vs_time1,30,27,-0.010677924,"[-0.38, 0.36]",0.95615883,0.999017505,FALSE
3-OH-Butanoic Acid,Chitinase 3-like1,delta_time2_vs_time1,30,27,-0.0107345,"[-0.38, 0.36]",0.955926764,0.999017505,FALSE
Erythritol,IL-19,delta_time3_vs_time1,30,27,-0.010777156,"[-0.38, 0.36]",0.955751798,0.998056353,FALSE
Asparagine,IFN-a2,delta_time2_vs_time1,30,27,-0.010823361,"[-0.38, 0.36]",0.955562274,0.999017505,FALSE
Indole-3-Propionic Acid,IL-10,delta_time3_vs_time1,30,27,-0.011001634,"[-0.38, 0.36]",0.95483107,0.998056353,FALSE
Nonanoic acid,MMP-3,delta_time3_vs_time1,30,27,-0.011014496,"[-0.38, 0.36]",0.954778314,0.998056353,FALSE
Indole-3-Latic Acid,sTNF-R2,delta_time3_vs_time1,30,27,-0.011046223,"[-0.38, 0.36]",0.954648186,0.998056353,FALSE
Alanine,sTNF-R1,delta_time3_vs_time1,30,27,-0.011048604,"[-0.38, 0.36]",0.95463842,0.998056353,FALSE
DL-Ornithine,sTNF-R1,delta_time2_vs_time1,30,27,-0.011266198,"[-0.38, 0.36]",0.953745993,0.999017505,FALSE
Glycerol-3-P,MMP-2,delta_time2_vs_time1,30,27,-0.01138212,"[-0.38, 0.36]",0.953270581,0.999017505,FALSE
2-Aminoheptanedioic acid,TSLP,delta_time3_vs_time1,30,27,-0.011561863,"[-0.38, 0.36]",0.95253346,0.998056353,FALSE
N-Acetylglutamine,TSLP,delta_time3_vs_time1,30,27,-0.011561863,"[-0.38, 0.36]",0.95253346,0.998056353,FALSE
Oleic Acid,IFN-y,delta_time2_vs_time1,30,27,-0.011599311,"[-0.38, 0.36]",0.952379889,0.999017505,FALSE
Glycerol-3-P,Pentraxin-3,delta_time2_vs_time1,30,27,-0.011856704,"[-0.38, 0.36]",0.951324406,0.999017505,FALSE
1-Monooleoylglycerol,MMP-2,delta_time2_vs_time1,30,27,-0.01193696,"[-0.38, 0.36]",0.95099532,0.999017505,FALSE
Campesterol,IL-29/IFN-lambda1,delta_time3_vs_time1,30,27,-0.011969333,"[-0.38, 0.36]",0.95086258,0.998056353,FALSE
1-Monooleoylglycerol,IL-12(p70),delta_time2_vs_time1,30,27,-0.012019382,"[-0.38, 0.36]",0.950657359,0.999017505,FALSE
Lactic Acid.1,sTNF-R2,delta_time3_vs_time1,30,27,-0.012057585,"[-0.38, 0.36]",0.950500715,0.998056353,FALSE
Campesterol,IFN-y,delta_time3_vs_time1,30,27,-0.012069962,"[-0.38, 0.36]",0.950449968,0.998056353,FALSE
Serine,MMP-3,delta_time2_vs_time1,30,27,-0.01216675,"[-0.38, 0.36]",0.950053117,0.999017505,FALSE
alpha-D-Glucopyranoside,IL-28A/IFN-lambda2,delta_time2_vs_time1,30,27,-0.012281441,"[-0.38, 0.36]",0.949582876,0.999017505,FALSE
Threonine,IL-19,delta_time2_vs_time1,30,27,-0.012295005,"[-0.38, 0.36]",0.949527264,0.999017505,FALSE
2-Aminoadipic acid,sIL-6Ra,delta_time3_vs_time1,30,27,-0.012301637,"[-0.38, 0.36]",0.949500075,0.998056353,FALSE
Oxalic acid,sTNF-R2,delta_time2_vs_time1,30,27,-0.012395531,"[-0.38, 0.36]",0.94911512,0.999017505,FALSE
Alanine,IL-19,delta_time3_vs_time1,30,27,-0.012420169,"[-0.38, 0.36]",0.949014107,0.998056353,FALSE
L-(+)-Erythrulose,IL-12(p70),delta_time3_vs_time1,30,27,-0.012420447,"[-0.38, 0.36]",0.949012967,0.998056353,FALSE
Alanine,MMP-2,delta_time3_vs_time1,30,27,-0.012440014,"[-0.38, 0.36]",0.948932746,0.998056353,FALSE
Linoleic Acid,IL-19,delta_time2_vs_time1,30,27,-0.0127906,"[-0.38, 0.36]",0.947495497,0.999017505,FALSE
1-Monooleoylglycerol,IL-10,delta_time3_vs_time1,30,27,-0.012826401,"[-0.38, 0.36]",0.947348736,0.998056353,FALSE
Glyceraldehyde-3-P(MOX),Chitinase 3-like1,delta_time2_vs_time1,30,27,-0.012869281,"[-0.38, 0.36]",0.947172959,0.999017505,FALSE
Methyl galactoside,sCD163,delta_time3_vs_time1,30,27,-0.012910775,"[-0.38, 0.36]",0.947002869,0.998056353,FALSE
1H-Indole-3-Acetic Acid,sCD163,delta_time2_vs_time1,30,27,-0.012925251,"[-0.38, 0.36]",0.94694353,0.999017505,FALSE
"1,5-Anhydrohexitol",gp130/sIL-6Rb,delta_time2_vs_time1,30,27,-0.012941785,"[-0.38, 0.36]",0.946875754,0.999017505,FALSE
Indole-3-Propionic Acid,IL-29/IFN-lambda1,delta_time3_vs_time1,30,27,-0.012946624,"[-0.38, 0.36]",0.946855918,0.998056353,FALSE
L-5-Oxoproline,IL-11,delta_time2_vs_time1,30,27,-0.013057804,"[-0.38, 0.36]",0.946400184,0.999017505,FALSE
Glutamic Acid,IL-12(p70),delta_time3_vs_time1,30,27,-0.013063628,"[-0.38, 0.36]",0.946376313,0.998056353,FALSE
Citric acid,Osteopontin,delta_time2_vs_time1,30,27,-0.01326468,"[-0.38, 0.35]",0.945552234,0.999017505,FALSE
1-Monopalmitin,Pentraxin-3,delta_time3_vs_time1,30,27,-0.013327203,"[-0.38, 0.35]",0.945295973,0.998056353,FALSE
L-5-Oxoproline,Osteopontin,delta_time2_vs_time1,30,27,-0.0133709,"[-0.38, 0.35]",0.945116875,0.999017505,FALSE
Alanine,IL-20,delta_time3_vs_time1,30,27,-0.013529616,"[-0.38, 0.35]",0.944466388,0.998056353,FALSE
Asparagine,IL-11,delta_time3_vs_time1,30,27,-0.013780112,"[-0.38, 0.35]",0.943439815,0.998056353,FALSE
Ornithine,IL-11,delta_time2_vs_time1,30,27,-0.013834614,"[-0.38, 0.35]",0.943216465,0.999017505,FALSE
Arachidonic acid,IL-12(p70),delta_time3_vs_time1,30,27,-0.014065475,"[-0.38, 0.35]",0.942270459,0.998056353,FALSE
Ornithine,sTNF-R2,delta_time2_vs_time1,30,27,-0.014079165,"[-0.38, 0.35]",0.942214362,0.999017505,FALSE
Aminomalonic acid,sTNF-R1,delta_time2_vs_time1,30,27,-0.014206791,"[-0.38, 0.35]",0.941691417,0.999017505,FALSE
"2-Ethyl-3-hydroxypropionic acid, di-",sIL-6Ra,delta_time2_vs_time1,30,27,-0.014276683,"[-0.38, 0.35]",0.941405048,0.999017505,FALSE
L-5-Oxoproline,BAFF/TNFSF13B,delta_time2_vs_time1,30,27,-0.014278578,"[-0.38, 0.35]",0.941397282,0.999017505,FALSE
Glyceraldehyde-3-P(MOX),IL-28A/IFN-lambda2,delta_time2_vs_time1,30,27,-0.014581248,"[-0.38, 0.35]",0.940157228,0.999017505,FALSE
Decanoic acid,sCD30/TNFRSF8,delta_time2_vs_time1,30,27,-0.014817858,"[-0.38, 0.35]",0.939187921,0.999017505,FALSE
Methyl galactoside,sTNF-R2,delta_time2_vs_time1,30,27,-0.014905518,"[-0.38, 0.35]",0.938828834,0.999017505,FALSE
L-Alanine,Osteopontin,delta_time3_vs_time1,30,27,-0.015044649,"[-0.38, 0.35]",0.938258922,0.998056353,FALSE
Glyceric acid,IL-20,delta_time2_vs_time1,30,27,-0.015427907,"[-0.38, 0.35]",0.936689161,0.999017505,FALSE
Nonanoic acid,TSLP,delta_time3_vs_time1,30,27,-0.015493087,"[-0.38, 0.35]",0.936422222,0.998056353,FALSE
Glycine,IL-35,delta_time3_vs_time1,30,27,-0.01556281,"[-0.38, 0.35]",0.936136677,0.998056353,FALSE
"1,5-Anhydrohexitol",BAFF/TNFSF13B,delta_time3_vs_time1,30,27,-0.015648204,"[-0.38, 0.35]",0.935786968,0.998056353,FALSE
Indole-3-Latic Acid,TWEAK/TNFSF12,delta_time3_vs_time1,30,27,-0.015662926,"[-0.38, 0.35]",0.935726681,0.998056353,FALSE
Nonanoic acid,IL-20,delta_time3_vs_time1,30,27,-0.015689533,"[-0.38, 0.35]",0.935617721,0.998056353,FALSE
L-(+)-Erythrulose,sCD163,delta_time3_vs_time1,30,27,-0.01591611,"[-0.38, 0.35]",0.934689906,0.998056353,FALSE
Ornithine,IFN-y,delta_time2_vs_time1,30,27,-0.015975554,"[-0.38, 0.35]",0.934446502,0.999017505,FALSE
2-Aminoadipic acid,TWEAK/TNFSF12,delta_time2_vs_time1,30,27,-0.016041727,"[-0.38, 0.35]",0.934175549,0.999017505,FALSE
L-5-Oxoproline,TWEAK/TNFSF12,delta_time2_vs_time1,30,27,-0.016099579,"[-0.38, 0.35]",0.933938675,0.999017505,FALSE
1-Monopalmitin,Chitinase 3-like1,delta_time3_vs_time1,30,27,-0.016108848,"[-0.38, 0.35]",0.933900726,0.998056353,FALSE
Ethyl alpha-D-glucopyranoside,Pentraxin-3,delta_time3_vs_time1,30,27,-0.016226081,"[-0.38, 0.35]",0.933420735,0.998056353,FALSE
Ornithine,Osteocalcin,delta_time2_vs_time1,30,27,-0.016276476,"[-0.38, 0.35]",0.933214408,0.999017505,FALSE
Phenylalanine,MMP-1,delta_time3_vs_time1,30,27,-0.016335128,"[-0.38, 0.35]",0.932974283,0.998056353,FALSE
"Ethanolamine, 2TMS",BAFF/TNFSF13B,delta_time3_vs_time1,30,27,-0.01643688,"[-0.38, 0.35]",0.932557714,0.998056353,FALSE
"Ethanolamine, 2TMS",MMP-3,delta_time3_vs_time1,30,27,-0.016490657,"[-0.38, 0.35]",0.932337557,0.998056353,FALSE
Valine,sCD30/TNFRSF8,delta_time3_vs_time1,30,27,-0.016491412,"[-0.38, 0.35]",0.93233447,0.998056353,FALSE
Proline,IL-19,delta_time2_vs_time1,30,27,-0.016495725,"[-0.38, 0.35]",0.932316812,0.999017505,FALSE
1H-Indole-3-Acetic Acid,Pentraxin-3,delta_time3_vs_time1,30,27,-0.016601331,"[-0.38, 0.35]",0.931884494,0.998056353,FALSE
2-Aminoheptanedioic acid,APRIL/TNFSF13,delta_time3_vs_time1,30,27,-0.016653299,"[-0.38, 0.35]",0.931671759,0.998056353,FALSE
Doconexent,IL-29/IFN-lambda1,delta_time2_vs_time1,30,27,-0.016876834,"[-0.38, 0.35]",0.930756759,0.999017505,FALSE
Oxalic acid,sIL-6Ra,delta_time2_vs_time1,30,27,-0.016905297,"[-0.38, 0.35]",0.930640256,0.999017505,FALSE
Oleic Acid,MMP-1,delta_time2_vs_time1,30,27,-0.016931351,"[-0.38, 0.35]",0.930533617,0.999017505,FALSE
1-Monooleoylglycerol,Osteocalcin,delta_time2_vs_time1,30,27,-0.016971319,"[-0.38, 0.35]",0.930370026,0.999017505,FALSE
2-Keto-3-methylvaleric acid,Osteocalcin,delta_time3_vs_time1,30,27,-0.017217185,"[-0.38, 0.35]",0.92936376,0.998056353,FALSE
Erythritol,Osteopontin,delta_time3_vs_time1,30,27,-0.017283436,"[-0.38, 0.35]",0.929092632,0.998056353,FALSE
"1,3-Dioxolane-2-methanol",TSLP,delta_time2_vs_time1,30,27,-0.017337695,"[-0.38, 0.35]",0.928870583,0.999017505,FALSE
L-Aspartic acid,Chitinase 3-like1,delta_time3_vs_time1,30,27,-0.017348224,"[-0.38, 0.35]",0.928827497,0.998056353,FALSE
"1,3-Dioxolane-2-methanol",IL-10,delta_time3_vs_time1,30,27,-0.017355938,"[-0.38, 0.35]",0.928795927,0.998056353,FALSE
2-Keto-3-methylvaleric acid,TSLP,delta_time3_vs_time1,30,27,-0.017365099,"[-0.38, 0.35]",0.928758436,0.998056353,FALSE
Glutamic Acid,BAFF/TNFSF13B,delta_time2_vs_time1,30,27,-0.017390253,"[-0.38, 0.35]",0.928655499,0.999017505,FALSE
Glyceric acid,MMP-1,delta_time2_vs_time1,30,27,-0.017502809,"[-0.38, 0.35]",0.928194908,0.999017505,FALSE
beta-D-Xylopyranose,sCD163,delta_time3_vs_time1,30,27,-0.017519086,"[-0.38, 0.35]",0.928128302,0.998056353,FALSE
2-Aminoadipic acid,IL-12(p70),delta_time3_vs_time1,30,27,-0.017576224,"[-0.38, 0.35]",0.927894496,0.998056353,FALSE
Nonanoic acid,IL-12(p40),delta_time2_vs_time1,30,27,-0.017823335,"[-0.38, 0.35]",0.9268834,0.999017505,FALSE
Dodecanoic acid,MMP-2,delta_time3_vs_time1,30,27,-0.018039956,"[-0.38, 0.35]",0.925997149,0.998056353,FALSE
Glycerol-3-P,sTNF-R1,delta_time2_vs_time1,30,27,-0.018086378,"[-0.38, 0.35]",0.925807238,0.999017505,FALSE
Palmitelaidic acid,IL-28A/IFN-lambda2,delta_time3_vs_time1,30,27,-0.018272223,"[-0.38, 0.35]",0.925046985,0.998056353,FALSE
Glycolic acid,TWEAK/TNFSF12,delta_time3_vs_time1,30,27,-0.018319424,"[-0.38, 0.35]",0.924853905,0.998056353,FALSE
Cholesterol,IL-12(p70),delta_time3_vs_time1,30,27,-0.018321486,"[-0.38, 0.35]",0.92484547,0.998056353,FALSE
Methyl galactoside,IL-12(p70),delta_time2_vs_time1,30,27,-0.018487485,"[-0.38, 0.35]",0.924166475,0.999017505,FALSE
Glycolic acid,TSLP,delta_time3_vs_time1,30,27,-0.018690564,"[-0.38, 0.35]",0.923335874,0.998056353,FALSE
Arginine [-NH3],IL-20,delta_time3_vs_time1,30,27,-0.018778344,"[-0.38, 0.35]",0.922976878,0.998056353,FALSE
N-Acetylglutamine,sTNF-R2,delta_time2_vs_time1,30,27,-0.01887926,"[-0.38, 0.35]",0.922564177,0.999017505,FALSE
Palmitic Acid,BAFF/TNFSF13B,delta_time2_vs_time1,30,27,-0.018932689,"[-0.38, 0.35]",0.922345684,0.999017505,FALSE
Cholesterol,IL-19,delta_time3_vs_time1,30,27,-0.01907624,"[-0.38, 0.35]",0.921758673,0.998056353,FALSE
Glyceric acid,Osteopontin,delta_time2_vs_time1,30,27,-0.019184366,"[-0.38, 0.35]",0.921316546,0.999017505,FALSE
1-Heptadecanol,TWEAK/TNFSF12,delta_time3_vs_time1,30,27,-0.01919327,"[-0.38, 0.35]",0.921280138,0.998056353,FALSE
"2,3,4-Trihydroxybutyric acid",sIL-6Ra,delta_time2_vs_time1,30,27,-0.019350868,"[-0.38, 0.35]",0.920635768,0.999017505,FALSE
Serine,IL-35,delta_time2_vs_time1,30,27,-0.019521578,"[-0.38, 0.35]",0.919937843,0.999017505,FALSE
Lactic Acid,MMP-2,delta_time2_vs_time1,30,27,-0.019790168,"[-0.38, 0.35]",0.918839864,0.999017505,FALSE
Linoleic Acid,Pentraxin-3,delta_time2_vs_time1,30,27,-0.019824501,"[-0.38, 0.35]",0.918699524,0.999017505,FALSE
Aminomalonic acid,sCD30/TNFRSF8,delta_time2_vs_time1,30,27,-0.019845231,"[-0.38, 0.35]",0.918614791,0.999017505,FALSE
beta-D-Xylopyranose,Osteopontin,delta_time2_vs_time1,30,27,-0.019869364,"[-0.38, 0.35]",0.918516144,0.999017505,FALSE
Lactic Acid.1,Osteopontin,delta_time3_vs_time1,30,27,-0.019913986,"[-0.38, 0.35]",0.918333756,0.998056353,FALSE
beta-Alanine,IL-35,delta_time2_vs_time1,30,27,-0.020079573,"[-0.38, 0.35]",0.917656959,0.999017505,FALSE
Glycine,IL-35,delta_time2_vs_time1,30,27,-0.020152895,"[-0.38, 0.35]",0.917357295,0.999017505,FALSE
Lactic Acid.1,IFN-a2,delta_time3_vs_time1,30,27,-0.020358117,"[-0.38, 0.35]",0.916518611,0.998056353,FALSE
1H-Indole-3-Acetic Acid,IL-19,delta_time3_vs_time1,30,27,-0.020434751,"[-0.38, 0.35]",0.91620545,0.998056353,FALSE
D-(-)-Ribofuranose,APRIL/TNFSF13,delta_time2_vs_time1,30,27,-0.020439942,"[-0.38, 0.35]",0.916184241,0.999017505,FALSE
Glycerol-3-P,Chitinase 3-like1,delta_time2_vs_time1,30,27,-0.020548559,"[-0.38, 0.35]",0.915740409,0.999017505,FALSE
"D-Arabinose, tetrakis",TWEAK/TNFSF12,delta_time2_vs_time1,30,27,-0.020867094,"[-0.38, 0.35]",0.91443895,0.999017505,FALSE
Ethyl alpha-D-glucopyranoside,TWEAK/TNFSF12,delta_time3_vs_time1,30,27,-0.02097369,"[-0.38, 0.35]",0.914003473,0.998056353,FALSE
Lactic Acid.1,IL-20,delta_time3_vs_time1,30,27,-0.020993228,"[-0.38, 0.35]",0.913923654,0.998056353,FALSE
Methyl galactoside,sTNF-R2,delta_time3_vs_time1,30,27,-0.021162871,"[-0.38, 0.35]",0.913230668,0.998056353,FALSE
Stearic Acid,MMP-2,delta_time2_vs_time1,30,27,-0.02118033,"[-0.38, 0.35]",0.913159353,0.999017505,FALSE
Serine,IL-11,delta_time2_vs_time1,30,27,-0.021267331,"[-0.38, 0.35]",0.912803981,0.999017505,FALSE
Stearic Acid,Osteopontin,delta_time3_vs_time1,30,27,-0.02137499,"[-0.38, 0.35]",0.912364255,0.998056353,FALSE
"2,3,4-Trihydroxybutyric acid",MMP-1,delta_time2_vs_time1,30,27,-0.021489899,"[-0.38, 0.35]",0.911894942,0.999017505,FALSE
Erythritol,sIL-6Ra,delta_time3_vs_time1,30,27,-0.021526926,"[-0.38, 0.35]",0.911743722,0.998056353,FALSE
Glyceric acid,IL-35,delta_time2_vs_time1,30,27,-0.021595024,"[-0.39, 0.35]",0.911465615,0.999017505,FALSE
1H-Indole-3-Acetic Acid,APRIL/TNFSF13,delta_time3_vs_time1,30,27,-0.021768235,"[-0.39, 0.35]",0.910758281,0.998056353,FALSE
Ascorbic Acid,BAFF/TNFSF13B,delta_time2_vs_time1,30,27,-0.021825353,"[-0.39, 0.35]",0.910525049,0.999017505,FALSE
"Ethanolamine, 2TMS",MMP-2,delta_time3_vs_time1,30,27,-0.021837878,"[-0.39, 0.35]",0.910473906,0.998056353,FALSE
Stearic Acid,sCD30/TNFRSF8,delta_time2_vs_time1,30,27,-0.021943536,"[-0.39, 0.35]",0.910042481,0.999017505,FALSE
Tyrosine,IL-26,delta_time3_vs_time1,30,27,-0.021985593,"[-0.39, 0.35]",0.909870764,0.998056353,FALSE
Decanoic acid,Osteopontin,delta_time2_vs_time1,30,27,-0.022265712,"[-0.39, 0.35]",0.908727131,0.999017505,FALSE
beta-Alanine,sCD163,delta_time3_vs_time1,30,27,-0.022296395,"[-0.39, 0.35]",0.908601872,0.998056353,FALSE
L-Rhamnose,MMP-2,delta_time3_vs_time1,30,27,-0.022301693,"[-0.39, 0.35]",0.908580244,0.998056353,FALSE
L-Aspartic acid,MMP-3,delta_time3_vs_time1,30,27,-0.022425,"[-0.39, 0.35]",0.908076891,0.998056353,FALSE
Glyceraldehyde-3-P(MOX),BAFF/TNFSF13B,delta_time2_vs_time1,30,27,-0.022481422,"[-0.39, 0.35]",0.907846583,0.999017505,FALSE
L-5-Oxoproline,IL-12(p40),delta_time2_vs_time1,30,27,-0.022696533,"[-0.39, 0.35]",0.906968583,0.999017505,FALSE
Glutamine [-H2O],TWEAK/TNFSF12,delta_time2_vs_time1,30,27,-0.022780952,"[-0.39, 0.35]",0.906624048,0.999017505,FALSE
Erythritol,Osteocalcin,delta_time3_vs_time1,30,27,-0.022917008,"[-0.39, 0.35]",0.906068803,0.998056353,FALSE
alpha-D-Glucopyranoside,sCD163,delta_time2_vs_time1,30,27,-0.02306438,"[-0.39, 0.35]",0.905467429,0.999017505,FALSE
L-Proline,TWEAK/TNFSF12,delta_time3_vs_time1,30,27,-0.023196733,"[-0.39, 0.35]",0.904927381,0.998056353,FALSE
Proline,sIL-6Ra,delta_time2_vs_time1,30,27,-0.023389462,"[-0.39, 0.35]",0.904141058,0.999017505,FALSE
Phenylalanine,MMP-2,delta_time2_vs_time1,30,27,-0.023509647,"[-0.39, 0.35]",0.903650752,0.999017505,FALSE
Citric acid,APRIL/TNFSF13,delta_time3_vs_time1,30,27,-0.02355511,"[-0.39, 0.35]",0.90346529,0.998056353,FALSE
Serine,IL-26,delta_time2_vs_time1,30,27,-0.023576858,"[-0.39, 0.35]",0.903376575,0.999017505,FALSE
Glycolic acid,IL-12(p70),delta_time3_vs_time1,30,27,-0.023579788,"[-0.39, 0.35]",0.903364621,0.998056353,FALSE
1-Heptadecanol,IL-29/IFN-lambda1,delta_time3_vs_time1,30,27,-0.023821245,"[-0.39, 0.35]",0.902379725,0.998056353,FALSE
Aminomalonic acid,Osteopontin,delta_time3_vs_time1,30,27,-0.024018999,"[-0.39, 0.35]",0.901573195,0.998056353,FALSE
Glutamic Acid,APRIL/TNFSF13,delta_time3_vs_time1,30,27,-0.024039597,"[-0.39, 0.35]",0.901489193,0.998056353,FALSE
Palmitic Acid,TWEAK/TNFSF12,delta_time3_vs_time1,30,27,-0.024214704,"[-0.39, 0.35]",0.900775119,0.998056353,FALSE
Glutamic Acid,IL-20,delta_time2_vs_time1,30,27,-0.024521172,"[-0.39, 0.35]",0.899525543,0.999017505,FALSE
1-Ethyl-1-tetradecyloxy-1-silacyclohexane,TSLP,delta_time3_vs_time1,30,27,-0.024565949,"[-0.39, 0.35]",0.899342991,0.998056353,FALSE
"Ethanolamine, 3TMS",IL-19,delta_time2_vs_time1,30,27,-0.024590194,"[-0.39, 0.35]",0.899244147,0.999017505,FALSE
Arachidonic acid.1,IL-19,delta_time3_vs_time1,30,27,-0.02463532,"[-0.39, 0.34]",0.899060185,0.998056353,FALSE
2-Aminoheptanedioic acid,sCD163,delta_time2_vs_time1,30,27,-0.024702643,"[-0.39, 0.34]",0.898785734,0.999017505,FALSE
"Ethanolamine, 2TMS",IL-12(p70),delta_time2_vs_time1,30,27,-0.024736248,"[-0.39, 0.34]",0.898648743,0.999017505,FALSE
1-Heptadecanol,IL-10,delta_time3_vs_time1,30,27,-0.02491354,"[-0.39, 0.34]",0.89792607,0.998056353,FALSE
Ethyl alpha-D-glucopyranoside,IL-12(p40),delta_time3_vs_time1,30,27,-0.024952245,"[-0.39, 0.34]",0.897768308,0.998056353,FALSE
Campesterol,Pentraxin-3,delta_time2_vs_time1,30,27,-0.025169122,"[-0.39, 0.34]",0.896884405,0.999017505,FALSE
Doconexent,IL-35,delta_time3_vs_time1,30,27,-0.025205474,"[-0.39, 0.34]",0.896736263,0.998056353,FALSE
Glutamine [-H2O],MMP-2,delta_time3_vs_time1,30,27,-0.025217951,"[-0.39, 0.34]",0.896685418,0.998056353,FALSE
Glycolic acid,APRIL/TNFSF13,delta_time2_vs_time1,30,27,-0.025227313,"[-0.39, 0.34]",0.896647265,0.999017505,FALSE
"2-Ethyl-3-hydroxypropionic acid, di-",MMP-3,delta_time2_vs_time1,30,27,-0.025241923,"[-0.39, 0.34]",0.896587726,0.999017505,FALSE
Nonanoic acid,Chitinase 3-like1,delta_time3_vs_time1,30,27,-0.025258063,"[-0.39, 0.34]",0.896521954,0.998056353,FALSE
D-(-)-Ribofuranose,BAFF/TNFSF13B,delta_time3_vs_time1,30,27,-0.025333585,"[-0.39, 0.34]",0.896214201,0.998056353,FALSE
Arachidonic acid.1,IL-12(p70),delta_time2_vs_time1,30,27,-0.025390459,"[-0.39, 0.34]",0.89598245,0.999017505,FALSE
Alanine,Chitinase 3-like1,delta_time3_vs_time1,30,27,-0.025493819,"[-0.39, 0.34]",0.895561299,0.998056353,FALSE
Alanine,TWEAK/TNFSF12,delta_time3_vs_time1,30,27,-0.025494704,"[-0.39, 0.34]",0.895557695,0.998056353,FALSE
L-Rhamnose,IL-20,delta_time3_vs_time1,30,27,-0.025771748,"[-0.39, 0.34]",0.894428985,0.998056353,FALSE
L-Proline,sIL-6Ra,delta_time2_vs_time1,30,27,-0.025848454,"[-0.39, 0.34]",0.894116508,0.999017505,FALSE
Glutamic Acid,IFN-a2,delta_time2_vs_time1,30,27,-0.026004225,"[-0.39, 0.34]",0.893481999,0.999017505,FALSE
Leucine,IL-12(p70),delta_time2_vs_time1,30,27,-0.026036162,"[-0.39, 0.34]",0.893351919,0.999017505,FALSE
Asparagine,IL-12(p70),delta_time3_vs_time1,30,27,-0.026100373,"[-0.39, 0.34]",0.89309039,0.998056353,FALSE
Threonine,IL-11,delta_time2_vs_time1,30,27,-0.026462018,"[-0.39, 0.34]",0.891617626,0.999017505,FALSE
Linoleic Acid,IL-11,delta_time2_vs_time1,30,27,-0.026463141,"[-0.39, 0.34]",0.89161305,0.999017505,FALSE
Decanoic acid,IL-11,delta_time3_vs_time1,30,27,-0.026549797,"[-0.39, 0.34]",0.891260205,0.998056353,FALSE
Arachidonic acid.1,gp130/sIL-6Rb,delta_time2_vs_time1,30,27,-0.026742635,"[-0.39, 0.34]",0.890475081,0.999017505,FALSE
Lactic Acid.1,TWEAK/TNFSF12,delta_time2_vs_time1,30,27,-0.026754901,"[-0.39, 0.34]",0.890425144,0.999017505,FALSE
Methionine,BAFF/TNFSF13B,delta_time2_vs_time1,30,27,-0.02676596,"[-0.39, 0.34]",0.890380123,0.999017505,FALSE
Valine,Pentraxin-3,delta_time2_vs_time1,30,27,-0.026826424,"[-0.39, 0.34]",0.890133972,0.999017505,FALSE
Palmitic Acid,MMP-2,delta_time2_vs_time1,30,27,-0.026861881,"[-0.39, 0.34]",0.889989634,0.999017505,FALSE
Glutamine [-H2O],Chitinase 3-like1,delta_time3_vs_time1,30,27,-0.026923353,"[-0.39, 0.34]",0.889739397,0.998056353,FALSE
L-(+)-Erythrulose,IL-35,delta_time2_vs_time1,30,27,-0.026954847,"[-0.39, 0.34]",0.889611195,0.999017505,FALSE
"2,3-Butanediol",IL-12(p40),delta_time3_vs_time1,30,27,-0.02716958,"[-0.39, 0.34]",0.888737173,0.998056353,FALSE
N-Acetylglutamine,IFN-y,delta_time2_vs_time1,30,27,-0.027184451,"[-0.39, 0.34]",0.888676646,0.999017505,FALSE
L-Norvaline,IL-20,delta_time2_vs_time1,30,27,-0.027217688,"[-0.39, 0.34]",0.888541377,0.999017505,FALSE
1-Heptadecanol,Chitinase 3-like1,delta_time2_vs_time1,30,27,-0.027298131,"[-0.39, 0.34]",0.888213992,0.999017505,FALSE
1H-Indole-3-Acetic Acid,IL-26,delta_time3_vs_time1,30,27,-0.027361297,"[-0.39, 0.34]",0.887956938,0.998056353,FALSE
Palmitic Acid,sTNF-R2,delta_time3_vs_time1,30,27,-0.02739456,"[-0.39, 0.34]",0.887821577,0.998056353,FALSE
Methyl galactoside,IFN-y,delta_time2_vs_time1,30,27,-0.027742501,"[-0.39, 0.34]",0.88640585,0.999017505,FALSE
Cholesterol,IL-12(p40),delta_time2_vs_time1,30,27,-0.027931958,"[-0.39, 0.34]",0.885635117,0.999017505,FALSE
1-Monopalmitin,IL-19,delta_time3_vs_time1,30,27,-0.028097275,"[-0.39, 0.34]",0.88496267,0.998056353,FALSE
Tryptophan,IL-28A/IFN-lambda2,delta_time3_vs_time1,30,27,-0.028223167,"[-0.39, 0.34]",0.884450645,0.998056353,FALSE
"Ethanolamine, 2TMS",sTNF-R1,delta_time3_vs_time1,30,27,-0.028255008,"[-0.39, 0.34]",0.884321147,0.998056353,FALSE
Stearic Acid,IL-28A/IFN-lambda2,delta_time2_vs_time1,30,27,-0.02837542,"[-0.39, 0.34]",0.883831461,0.999017505,FALSE
Cholesterol,IL-19,delta_time2_vs_time1,30,27,-0.028442535,"[-0.39, 0.34]",0.883558542,0.999017505,FALSE
Aminomalonic acid,APRIL/TNFSF13,delta_time2_vs_time1,30,27,-0.028679723,"[-0.39, 0.34]",0.882594125,0.999017505,FALSE
Citric acid,Osteocalcin,delta_time2_vs_time1,30,27,-0.028776816,"[-0.39, 0.34]",0.882199388,0.999017505,FALSE
L-Aspartic acid,IL-29/IFN-lambda1,delta_time2_vs_time1,30,27,-0.02878447,"[-0.39, 0.34]",0.88216827,0.999017505,FALSE
Ornithine,MMP-2,delta_time3_vs_time1,30,27,-0.028829858,"[-0.39, 0.34]",0.881983755,0.998056353,FALSE
L-Alanine,IL-12(p70),delta_time3_vs_time1,30,27,-0.028866353,"[-0.39, 0.34]",0.881835395,0.998056353,FALSE
Dodecanoic acid,IL-28A/IFN-lambda2,delta_time3_vs_time1,30,27,-0.028896964,"[-0.39, 0.34]",0.881710957,0.998056353,FALSE
"D-Arabinose, tetrakis",sIL-6Ra,delta_time2_vs_time1,30,27,-0.028901988,"[-0.39, 0.34]",0.881690536,0.999017505,FALSE
Threonine,TWEAK/TNFSF12,delta_time2_vs_time1,30,27,-0.028990611,"[-0.39, 0.34]",0.881330292,0.999017505,FALSE
Ornithine,Osteocalcin,delta_time3_vs_time1,30,27,-0.029009167,"[-0.39, 0.34]",0.881254867,0.998056353,FALSE
Arachidonic acid,IL-20,delta_time2_vs_time1,30,27,-0.029370519,"[-0.39, 0.34]",0.879786261,0.999017505,FALSE
1-Ethyl-1-tetradecyloxy-1-silacyclohexane,IL-11,delta_time3_vs_time1,30,27,-0.029455185,"[-0.39, 0.34]",0.87944222,0.998056353,FALSE
Indole-3-Latic Acid,MMP-2,delta_time3_vs_time1,30,27,-0.029461851,"[-0.39, 0.34]",0.879415131,0.998056353,FALSE
Palmitelaidic acid,IL-19,delta_time2_vs_time1,30,27,-0.02947448,"[-0.39, 0.34]",0.879363817,0.999017505,FALSE
Indole-3-Propionic Acid,IL-26,delta_time2_vs_time1,30,27,-0.029593892,"[-0.39, 0.34]",0.878878625,0.999017505,FALSE
1H-Indole-3-Acetic Acid,gp130/sIL-6Rb,delta_time2_vs_time1,30,27,-0.02973718,"[-0.39, 0.34]",0.878296481,0.999017505,FALSE
1-Monopalmitin,IFN-y,delta_time3_vs_time1,30,27,-0.02978708,"[-0.39, 0.34]",0.878093762,0.998056353,FALSE
L-Rhamnose,Pentraxin-3,delta_time2_vs_time1,30,27,-0.029865017,"[-0.39, 0.34]",0.877777159,0.999017505,FALSE
Glycine,APRIL/TNFSF13,delta_time3_vs_time1,30,27,-0.0300067,"[-0.39, 0.34]",0.877201652,0.998056353,FALSE
Arachidonic acid,IL-12(p70),delta_time2_vs_time1,30,27,-0.030013611,"[-0.39, 0.34]",0.87717358,0.999017505,FALSE
Oleic Acid,MMP-1,delta_time3_vs_time1,30,27,-0.030133592,"[-0.39, 0.34]",0.876686273,0.998056353,FALSE
Oxalic acid,Chitinase 3-like1,delta_time2_vs_time1,30,27,-0.030538257,"[-0.39, 0.34]",0.875043042,0.999017505,FALSE
Glyceric acid,IL-12(p70),delta_time3_vs_time1,30,27,-0.030622211,"[-0.39, 0.34]",0.87470219,0.998056353,FALSE
Dodecanoic acid,sCD30/TNFRSF8,delta_time3_vs_time1,30,27,-0.030650691,"[-0.39, 0.34]",0.874586568,0.998056353,FALSE
L-(+)-Erythrulose,Pentraxin-3,delta_time2_vs_time1,30,27,-0.030753933,"[-0.39, 0.34]",0.874167451,0.999017505,FALSE
Phenylalanine,IL-20,delta_time3_vs_time1,30,27,-0.030851516,"[-0.39, 0.34]",0.873771331,0.998056353,FALSE
N-Acetylglutamine,IL-11,delta_time3_vs_time1,30,27,-0.03092285,"[-0.39, 0.34]",0.873481786,0.998056353,FALSE
Arginine [-NH3],Chitinase 3-like1,delta_time2_vs_time1,30,27,-0.030963181,"[-0.39, 0.34]",0.87331809,0.999017505,FALSE
Palmitelaidic acid,IL-29/IFN-lambda1,delta_time3_vs_time1,30,27,-0.031226907,"[-0.39, 0.34]",0.872247798,0.998056353,FALSE
L-Alanine,MMP-3,delta_time3_vs_time1,30,27,-0.031428095,"[-0.39, 0.34]",0.871431454,0.998056353,FALSE
Lactic Acid,sTNF-R1,delta_time2_vs_time1,30,27,-0.031552878,"[-0.39, 0.34]",0.870925194,0.999017505,FALSE
alpha-D-Glucopyranoside,IL-29/IFN-lambda1,delta_time2_vs_time1,30,27,-0.031564464,"[-0.39, 0.34]",0.870878191,0.999017505,FALSE
Doconexent,gp130/sIL-6Rb,delta_time2_vs_time1,30,27,-0.03160286,"[-0.39, 0.34]",0.870722429,0.999017505,FALSE
L-Alanine,BAFF/TNFSF13B,delta_time3_vs_time1,30,27,-0.031770955,"[-0.39, 0.34]",0.870040555,0.998056353,FALSE
2-Aminoadipic acid,Pentraxin-3,delta_time2_vs_time1,30,27,-0.031797042,"[-0.39, 0.34]",0.869934741,0.999017505,FALSE
Glutamic Acid,gp130/sIL-6Rb,delta_time2_vs_time1,30,27,-0.031800343,"[-0.39, 0.34]",0.869921352,0.999017505,FALSE
Methyl galactoside,sCD163,delta_time2_vs_time1,30,27,-0.031896966,"[-0.39, 0.34]",0.869529454,0.999017505,FALSE
Glycerol-3-P,BAFF/TNFSF13B,delta_time3_vs_time1,30,27,-0.031978921,"[-0.39, 0.34]",0.869197075,0.998056353,FALSE
Palmitelaidic acid,Pentraxin-3,delta_time3_vs_time1,30,27,-0.032040056,"[-0.39, 0.34]",0.868949146,0.998056353,FALSE
beta-D-Xylopyranose,MMP-3,delta_time3_vs_time1,30,27,-0.032076904,"[-0.39, 0.34]",0.868799716,0.998056353,FALSE
Lysine,IL-19,delta_time3_vs_time1,30,27,-0.032370492,"[-0.39, 0.34]",0.867609299,0.998056353,FALSE
L-Aspartic acid,sTNF-R2,delta_time2_vs_time1,30,27,-0.032374662,"[-0.39, 0.34]",0.867592391,0.999017505,FALSE
Decanoic acid,gp130/sIL-6Rb,delta_time2_vs_time1,30,27,-0.032378858,"[-0.39, 0.34]",0.867575379,0.999017505,FALSE
DL-Ornithine,IL-12(p70),delta_time2_vs_time1,30,27,-0.032386522,"[-0.39, 0.34]",0.867544308,0.999017505,FALSE
1-Heptadecanol,IL-19,delta_time3_vs_time1,30,27,-0.032392472,"[-0.39, 0.34]",0.867520187,0.998056353,FALSE
DL-Ornithine,sTNF-R2,delta_time2_vs_time1,30,27,-0.032512599,"[-0.39, 0.34]",0.867033192,0.999017505,FALSE
Alanine,BAFF/TNFSF13B,delta_time2_vs_time1,30,27,-0.032531277,"[-0.39, 0.34]",0.866957479,0.999017505,FALSE
Methionine,gp130/sIL-6Rb,delta_time2_vs_time1,30,27,-0.032538251,"[-0.39, 0.34]",0.866929208,0.999017505,FALSE
Glyceric acid,IL-11,delta_time3_vs_time1,30,27,-0.032540845,"[-0.39, 0.34]",0.866918693,0.998056353,FALSE
3-OH-Butanoic Acid,gp130/sIL-6Rb,delta_time3_vs_time1,30,27,-0.032588897,"[-0.39, 0.34]",0.86672391,0.998056353,FALSE
Doconexent,IL-19,delta_time3_vs_time1,30,27,-0.032680263,"[-0.39, 0.34]",0.866353567,0.998056353,FALSE
D-(-)-Ribofuranose,Osteopontin,delta_time3_vs_time1,30,27,-0.032828033,"[-0.39, 0.34]",0.86575466,0.998056353,FALSE
Alanine,MMP-1,delta_time2_vs_time1,30,27,-0.032969297,"[-0.39, 0.34]",0.865182188,0.999017505,FALSE
Glycine,sCD163,delta_time3_vs_time1,30,27,-0.033006001,"[-0.39, 0.34]",0.865033453,0.998056353,FALSE
Doconexent,IL-20,delta_time3_vs_time1,30,27,-0.033009791,"[-0.39, 0.34]",0.865018097,0.998056353,FALSE
1-Monooleoylglycerol,Pentraxin-3,delta_time2_vs_time1,30,27,-0.03301375,"[-0.39, 0.34]",0.865002056,0.999017505,FALSE
Dodecanoic acid,Osteopontin,delta_time3_vs_time1,30,27,-0.033068559,"[-0.39, 0.34]",0.864779967,0.998056353,FALSE
Indole-3-Propionic Acid,TSLP,delta_time2_vs_time1,30,27,-0.033208077,"[-0.39, 0.34]",0.864214682,0.999017505,FALSE
Alanine,IL-12(p40),delta_time3_vs_time1,30,27,-0.033313622,"[-0.39, 0.34]",0.863787089,0.998056353,FALSE
Valine,BAFF/TNFSF13B,delta_time2_vs_time1,30,27,-0.033399964,"[-0.40, 0.34]",0.863437321,0.999017505,FALSE
Glutamic Acid,BAFF/TNFSF13B,delta_time3_vs_time1,30,27,-0.033541416,"[-0.40, 0.34]",0.862864359,0.998056353,FALSE
Ascorbic Acid,TWEAK/TNFSF12,delta_time2_vs_time1,30,27,-0.033694167,"[-0.40, 0.34]",0.862245709,0.999017505,FALSE
Glycerol-3-P,IL-35,delta_time2_vs_time1,30,27,-0.033730351,"[-0.40, 0.34]",0.862099171,0.999017505,FALSE
Lactic Acid.1,Pentraxin-3,delta_time3_vs_time1,30,27,-0.033885111,"[-0.40, 0.34]",0.861472484,0.998056353,FALSE
"Ethanolamine, 2TMS",MMP-3,delta_time2_vs_time1,30,27,-0.033998561,"[-0.40, 0.34]",0.861013129,0.999017505,FALSE
Alanine,IL-26,delta_time3_vs_time1,30,27,-0.03408081,"[-0.40, 0.34]",0.860680131,0.998056353,FALSE
Valine,Pentraxin-3,delta_time3_vs_time1,30,27,-0.034152,"[-0.40, 0.34]",0.86039193,0.998056353,FALSE
Lactic Acid.1,sIL-6Ra,delta_time2_vs_time1,30,27,-0.034249237,"[-0.40, 0.34]",0.859998308,0.999017505,FALSE
L-Aspartic acid,IL-11,delta_time3_vs_time1,30,27,-0.034482233,"[-0.40, 0.34]",0.859055257,0.998056353,FALSE
L-Rhamnose,sCD30/TNFRSF8,delta_time2_vs_time1,30,27,-0.034650433,"[-0.40, 0.34]",0.858374586,0.999017505,FALSE
Palmitic Acid,gp130/sIL-6Rb,delta_time2_vs_time1,30,27,-0.034661472,"[-0.40, 0.34]",0.858329915,0.999017505,FALSE
Arachidonic acid,BAFF/TNFSF13B,delta_time2_vs_time1,30,27,-0.034680248,"[-0.40, 0.34]",0.858253939,0.999017505,FALSE
"(R*,R*)-2,3-Dihydroxybutanoic acid",Osteopontin,delta_time2_vs_time1,30,27,-0.034756138,"[-0.40, 0.34]",0.857946869,0.999017505,FALSE
Lactic Acid.1,gp130/sIL-6Rb,delta_time2_vs_time1,30,27,-0.035037307,"[-0.40, 0.34]",0.856809364,0.999017505,FALSE
Aminomalonic acid,IL-26,delta_time2_vs_time1,30,27,-0.035046188,"[-0.40, 0.34]",0.856773439,0.999017505,FALSE
Doconexent,IL-10,delta_time3_vs_time1,30,27,-0.035052641,"[-0.40, 0.34]",0.856747333,0.998056353,FALSE
alpha-D-Glucopyranoside,IL-10,delta_time2_vs_time1,30,27,-0.035364193,"[-0.40, 0.34]",0.855487253,0.999017505,FALSE
Diethanolamine,TSLP,delta_time3_vs_time1,30,27,-0.0356365,"[-0.40, 0.34]",0.854386186,0.998056353,FALSE
2-OH-Butanoic Acid,IFN-a2,delta_time2_vs_time1,30,27,-0.035692754,"[-0.40, 0.34]",0.854158755,0.999017505,FALSE
Methionine,gp130/sIL-6Rb,delta_time3_vs_time1,30,27,-0.035695039,"[-0.40, 0.34]",0.854149517,0.998056353,FALSE
L-Rhamnose,sCD163,delta_time2_vs_time1,30,27,-0.036011537,"[-0.40, 0.33]",0.85287017,0.999017505,FALSE
"2,3,4-Trihydroxybutyric acid",TSLP,delta_time3_vs_time1,30,27,-0.036012869,"[-0.40, 0.33]",0.852864786,0.998056353,FALSE
Arginine [-NH3],IL-19,delta_time3_vs_time1,30,27,-0.036188209,"[-0.40, 0.33]",0.85215618,0.998056353,FALSE
L-Norvaline,sTNF-R2,delta_time3_vs_time1,30,27,-0.0362944,"[-0.40, 0.33]",0.851727084,0.998056353,FALSE
Methyl galactoside,IL-28A/IFN-lambda2,delta_time2_vs_time1,30,27,-0.036335939,"[-0.40, 0.33]",0.851559248,0.999017505,FALSE
Palmitelaidic acid,MMP-3,delta_time2_vs_time1,30,27,-0.036368361,"[-0.40, 0.33]",0.851428247,0.999017505,FALSE
2-Aminoheptanedioic acid,sIL-6Ra,delta_time2_vs_time1,30,27,-0.036403493,"[-0.40, 0.33]",0.851286306,0.999017505,FALSE
Dodecanoic acid,IL-11,delta_time2_vs_time1,30,27,-0.03683109,"[-0.40, 0.33]",0.849559069,0.999017505,FALSE
D-(-)-Ribofuranose,IFN-a2,delta_time2_vs_time1,30,27,-0.036882634,"[-0.40, 0.33]",0.849350906,0.999017505,FALSE
Proline,APRIL/TNFSF13,delta_time3_vs_time1,30,27,-0.036909745,"[-0.40, 0.33]",0.849241424,0.998056353,FALSE
Ascorbic Acid,IL-19,delta_time3_vs_time1,30,27,-0.036985468,"[-0.40, 0.33]",0.848935639,0.998056353,FALSE
beta-Alanine,IL-26,delta_time3_vs_time1,30,27,-0.037017909,"[-0.40, 0.33]",0.848804644,0.998056353,FALSE
Glutamic Acid,IL-19,delta_time3_vs_time1,30,27,-0.037039997,"[-0.40, 0.33]",0.848715453,0.998056353,FALSE
Glycine,IL-12(p70),delta_time3_vs_time1,30,27,-0.037146479,"[-0.40, 0.33]",0.848285517,0.998056353,FALSE
2-Aminoadipic acid,IFN-a2,delta_time3_vs_time1,30,27,-0.037403798,"[-0.40, 0.33]",0.847246735,0.998056353,FALSE
Proline,gp130/sIL-6Rb,delta_time2_vs_time1,30,27,-0.037446432,"[-0.40, 0.33]",0.847074646,0.999017505,FALSE
Glutamine [-H2O],MMP-1,delta_time3_vs_time1,30,27,-0.037594941,"[-0.40, 0.33]",0.84647526,0.998056353,FALSE
Proline,sTNF-R2,delta_time3_vs_time1,30,27,-0.037624819,"[-0.40, 0.33]",0.846354683,0.998056353,FALSE
L-Aspartic acid,sIL-6Ra,delta_time3_vs_time1,30,27,-0.037629405,"[-0.40, 0.33]",0.846336175,0.998056353,FALSE
1-Ethyl-1-tetradecyloxy-1-silacyclohexane,IL-10,delta_time3_vs_time1,30,27,-0.037651616,"[-0.40, 0.33]",0.846246543,0.998056353,FALSE
Nonanoic acid,IL-11,delta_time2_vs_time1,30,27,-0.037900119,"[-0.40, 0.33]",0.84524382,0.999017505,FALSE
2-Aminoadipic acid,MMP-2,delta_time3_vs_time1,30,27,-0.037902179,"[-0.40, 0.33]",0.845235506,0.998056353,FALSE
Ascorbic Acid,BAFF/TNFSF13B,delta_time3_vs_time1,30,27,-0.038143068,"[-0.40, 0.33]",0.844263737,0.998056353,FALSE
beta-D-Xylopyranose,sTNF-R1,delta_time2_vs_time1,30,27,-0.038145806,"[-0.40, 0.33]",0.84425269,0.999017505,FALSE
Glutamic Acid,IL-35,delta_time2_vs_time1,30,27,-0.03820036,"[-0.40, 0.33]",0.844032646,0.999017505,FALSE
Methyl galactoside,sCD30/TNFRSF8,delta_time2_vs_time1,30,27,-0.038258165,"[-0.40, 0.33]",0.843799501,0.999017505,FALSE
"11-Eicosenoic acid, (E)-",IL-26,delta_time3_vs_time1,30,27,-0.0382743,"[-0.40, 0.33]",0.843734426,0.998056353,FALSE
Stearic Acid,MMP-3,delta_time2_vs_time1,30,27,-0.038329188,"[-0.40, 0.33]",0.84351306,0.999017505,FALSE
Ascorbic Acid,sCD30/TNFRSF8,delta_time2_vs_time1,30,27,-0.038456726,"[-0.40, 0.33]",0.842998739,0.999017505,FALSE
1-Monopalmitin,sTNF-R1,delta_time3_vs_time1,30,27,-0.038555878,"[-0.40, 0.33]",0.842598937,0.998056353,FALSE
Citric acid,sIL-6Ra,delta_time2_vs_time1,30,27,-0.038844682,"[-0.40, 0.33]",0.841434626,0.999017505,FALSE
Cysteine,IL-26,delta_time3_vs_time1,30,27,-0.038862118,"[-0.40, 0.33]",0.841364346,0.998056353,FALSE
"11-Eicosenoic acid, (E)-",IL-26,delta_time2_vs_time1,30,27,-0.038875203,"[-0.40, 0.33]",0.841311599,0.999017505,FALSE
Phenylalanine,TSLP,delta_time3_vs_time1,30,27,-0.038896807,"[-0.40, 0.33]",0.841224522,0.998056353,FALSE
Glyceraldehyde-3-P(MOX),TSLP,delta_time3_vs_time1,30,27,-0.03890924,"[-0.40, 0.33]",0.841174408,0.998056353,FALSE
Asparagine,IL-12(p40),delta_time3_vs_time1,30,27,-0.038935699,"[-0.40, 0.33]",0.84106776,0.998056353,FALSE
Palmitic Acid,Osteocalcin,delta_time2_vs_time1,30,27,-0.038997185,"[-0.40, 0.33]",0.840819946,0.999017505,FALSE
beta-D-Xylopyranose,IL-12(p70),delta_time2_vs_time1,30,27,-0.03908707,"[-0.40, 0.33]",0.840457697,0.999017505,FALSE
Glycine,MMP-1,delta_time2_vs_time1,30,27,-0.039092058,"[-0.40, 0.33]",0.840437594,0.999017505,FALSE
2-Aminoheptanedioic acid,gp130/sIL-6Rb,delta_time3_vs_time1,30,27,-0.039107761,"[-0.40, 0.33]",0.840374313,0.998056353,FALSE
N-Acetylglutamine,MMP-2,delta_time2_vs_time1,30,27,-0.039195538,"[-0.40, 0.33]",0.840020596,0.999017505,FALSE
2-Aminoheptanedioic acid,gp130/sIL-6Rb,delta_time2_vs_time1,30,27,-0.039294495,"[-0.40, 0.33]",0.839621864,0.999017505,FALSE
Ascorbic Acid,sCD30/TNFRSF8,delta_time3_vs_time1,30,27,-0.039418533,"[-0.40, 0.33]",0.839122127,0.998056353,FALSE
Palmitic Acid,sCD30/TNFRSF8,delta_time2_vs_time1,30,27,-0.039468397,"[-0.40, 0.33]",0.838921248,0.999017505,FALSE
1-Monooleoylglycerol,IL-11,delta_time3_vs_time1,30,27,-0.039496008,"[-0.40, 0.33]",0.838810019,0.998056353,FALSE
Glutamic Acid,MMP-2,delta_time2_vs_time1,30,27,-0.039538151,"[-0.40, 0.33]",0.838640256,0.999017505,FALSE
Butanoic acid,sTNF-R2,delta_time2_vs_time1,30,27,-0.039783617,"[-0.40, 0.33]",0.837651598,0.999017505,FALSE
Methionine,IFN-a2,delta_time3_vs_time1,30,27,-0.039811292,"[-0.40, 0.33]",0.837540147,0.998056353,FALSE
Ascorbic Acid,IL-10,delta_time2_vs_time1,30,27,-0.039858879,"[-0.40, 0.33]",0.837348513,0.999017505,FALSE
Methionine,APRIL/TNFSF13,delta_time2_vs_time1,30,27,-0.039872291,"[-0.40, 0.33]",0.837294507,0.999017505,FALSE
Serine,IL-26,delta_time3_vs_time1,30,27,-0.040078976,"[-0.40, 0.33]",0.836462304,0.998056353,FALSE
N-Acetylglutamine,sCD163,delta_time2_vs_time1,30,27,-0.040141941,"[-0.40, 0.33]",0.836208815,0.999017505,FALSE
Tryptophan,IL-12(p70),delta_time3_vs_time1,30,27,-0.040233283,"[-0.40, 0.33]",0.835841112,0.998056353,FALSE
2-OH-Butanoic Acid,IL-20,delta_time2_vs_time1,30,27,-0.040296061,"[-0.40, 0.33]",0.835588416,0.999017505,FALSE
"11-Eicosenoic acid, (E)-",MMP-1,delta_time2_vs_time1,30,27,-0.040310329,"[-0.40, 0.33]",0.835530986,0.999017505,FALSE
beta-Alanine,MMP-3,delta_time2_vs_time1,30,27,-0.040489231,"[-0.40, 0.33]",0.834810957,0.999017505,FALSE
Glyceraldehyde-3-P(MOX),Osteopontin,delta_time2_vs_time1,30,27,-0.040491652,"[-0.40, 0.33]",0.834801215,0.999017505,FALSE
Palmitelaidic acid,IFN-y,delta_time2_vs_time1,30,27,-0.040536374,"[-0.40, 0.33]",0.834621242,0.999017505,FALSE
Proline,Chitinase 3-like1,delta_time3_vs_time1,30,27,-0.040627022,"[-0.40, 0.33]",0.834256477,0.998056353,FALSE
Leucine,IL-20,delta_time2_vs_time1,30,27,-0.040689564,"[-0.40, 0.33]",0.834004831,0.999017505,FALSE
Arachidonic acid,BAFF/TNFSF13B,delta_time3_vs_time1,30,27,-0.04088776,"[-0.40, 0.33]",0.833207464,0.998056353,FALSE
"D-Arabinose, tetrakis",sTNF-R1,delta_time2_vs_time1,30,27,-0.041034666,"[-0.40, 0.33]",0.832616552,0.999017505,FALSE
beta-D-Xylopyranose,IFN-y,delta_time2_vs_time1,30,27,-0.041038768,"[-0.40, 0.33]",0.832600052,0.999017505,FALSE
L-Proline,sIL-6Ra,delta_time3_vs_time1,30,27,-0.041127942,"[-0.40, 0.33]",0.832241404,0.998056353,FALSE
Proline,Osteopontin,delta_time2_vs_time1,30,27,-0.041323782,"[-0.40, 0.33]",0.831453872,0.999017505,FALSE
Cysteine,IL-12(p70),delta_time3_vs_time1,30,27,-0.041652837,"[-0.40, 0.33]",0.830131,0.998056353,FALSE
Tyrosine,sIL-6Ra,delta_time3_vs_time1,30,27,-0.041887257,"[-0.40, 0.33]",0.829188855,0.998056353,FALSE
Methyl galactoside,Chitinase 3-like1,delta_time3_vs_time1,30,27,-0.041975268,"[-0.40, 0.33]",0.828835197,0.998056353,FALSE
Glycerol-3-P,IL-29/IFN-lambda1,delta_time2_vs_time1,30,27,-0.041979691,"[-0.40, 0.33]",0.828817424,0.999017505,FALSE
Lysine,TSLP,delta_time3_vs_time1,30,27,-0.042062064,"[-0.40, 0.33]",0.828486451,0.998056353,FALSE
"9-Hexadecenoic acid, (Z)-",IL-10,delta_time2_vs_time1,30,27,-0.04210451,"[-0.40, 0.33]",0.828315918,0.999017505,FALSE
Serine,sCD30/TNFRSF8,delta_time2_vs_time1,30,27,-0.042218489,"[-0.40, 0.33]",0.827858018,0.999017505,FALSE
L-Norvaline,MMP-1,delta_time3_vs_time1,30,27,-0.042221304,"[-0.40, 0.33]",0.827846709,0.998056353,FALSE
2-Aminoheptanedioic acid,IL-28A/IFN-lambda2,delta_time3_vs_time1,30,27,-0.042232764,"[-0.40, 0.33]",0.827800673,0.998056353,FALSE
1-Ethyl-1-tetradecyloxy-1-silacyclohexane,TSLP,delta_time2_vs_time1,30,27,-0.042254507,"[-0.40, 0.33]",0.827713333,0.999017505,FALSE
Ethyl alpha-D-glucopyranoside,sCD30/TNFRSF8,delta_time3_vs_time1,30,27,-0.042304736,"[-0.40, 0.33]",0.827511569,0.998056353,FALSE
Alanine,Pentraxin-3,delta_time3_vs_time1,30,27,-0.042465492,"[-0.40, 0.33]",0.826865904,0.998056353,FALSE
Campesterol,IL-29/IFN-lambda1,delta_time2_vs_time1,30,27,-0.042495108,"[-0.40, 0.33]",0.826746966,0.999017505,FALSE
Ethyl alpha-D-glucopyranoside,sIL-6Ra,delta_time3_vs_time1,30,27,-0.042524831,"[-0.40, 0.33]",0.826627601,0.998056353,FALSE
Indole-3-Latic Acid,IL-11,delta_time2_vs_time1,30,27,-0.042744988,"[-0.40, 0.33]",0.825743592,0.999017505,FALSE
Lysine,MMP-3,delta_time2_vs_time1,30,27,-0.042927161,"[-0.40, 0.33]",0.825012257,0.999017505,FALSE
1-Heptadecanol,sTNF-R2,delta_time2_vs_time1,30,27,-0.042931184,"[-0.40, 0.33]",0.824996107,0.999017505,FALSE
Valine,IL-10,delta_time2_vs_time1,30,27,-0.043232285,"[-0.40, 0.33]",0.823787657,0.999017505,FALSE
Ethyl alpha-D-glucopyranoside,IL-11,delta_time2_vs_time1,30,27,-0.043236374,"[-0.40, 0.33]",0.823771252,0.999017505,FALSE
Lysine,MMP-1,delta_time3_vs_time1,30,27,-0.04334153,"[-0.40, 0.33]",0.823349308,0.998056353,FALSE
Cysteine,Osteopontin,delta_time2_vs_time1,30,27,-0.043390351,"[-0.40, 0.33]",0.823153429,0.999017505,FALSE
Glycolic acid,BAFF/TNFSF13B,delta_time2_vs_time1,30,27,-0.043592356,"[-0.40, 0.33]",0.822343054,0.999017505,FALSE
Palmitic Acid,TWEAK/TNFSF12,delta_time2_vs_time1,30,27,-0.043683017,"[-0.40, 0.33]",0.821979412,0.999017505,FALSE
L-Aspartic acid,sCD163,delta_time2_vs_time1,30,27,-0.043698818,"[-0.40, 0.33]",0.821916036,0.999017505,FALSE
beta-D-Xylopyranose,sTNF-R2,delta_time3_vs_time1,30,27,-0.043960824,"[-0.40, 0.33]",0.820865349,0.998056353,FALSE
Glyceric acid,BAFF/TNFSF13B,delta_time2_vs_time1,30,27,-0.044071797,"[-0.40, 0.33]",0.820420421,0.999017505,FALSE
Methyl galactoside,MMP-3,delta_time2_vs_time1,30,27,-0.044089054,"[-0.40, 0.33]",0.820351236,0.999017505,FALSE
Erythritol,sCD30/TNFRSF8,delta_time3_vs_time1,30,27,-0.044109854,"[-0.40, 0.33]",0.820267847,0.998056353,FALSE
1H-Indole-3-Acetic Acid,MMP-2,delta_time2_vs_time1,30,27,-0.04424034,"[-0.40, 0.33]",0.819744777,0.999017505,FALSE
Oxalic acid,Osteopontin,delta_time2_vs_time1,30,27,-0.044632713,"[-0.40, 0.33]",0.818172347,0.999017505,FALSE
Linoleic Acid,IFN-y,delta_time2_vs_time1,30,27,-0.04466556,"[-0.40, 0.33]",0.818040748,0.999017505,FALSE
Arachidonic acid.1,MMP-1,delta_time3_vs_time1,30,27,-0.044952588,"[-0.40, 0.33]",0.816890965,0.998056353,FALSE
Valine,APRIL/TNFSF13,delta_time3_vs_time1,30,27,-0.044976274,"[-0.40, 0.33]",0.816796102,0.998056353,FALSE
Arginine [-NH3],sCD30/TNFRSF8,delta_time2_vs_time1,30,27,-0.045174065,"[-0.40, 0.33]",0.816004025,0.999017505,FALSE
Proline,IFN-a2,delta_time2_vs_time1,30,27,-0.045345588,"[-0.41, 0.33]",0.815317283,0.999017505,FALSE
Campesterol,Osteopontin,delta_time3_vs_time1,30,27,-0.04550575,"[-0.41, 0.33]",0.814676154,0.998056353,FALSE
Glutamine [-H2O],IL-29/IFN-lambda1,delta_time3_vs_time1,30,27,-0.045536401,"[-0.41, 0.33]",0.814553469,0.998056353,FALSE
Butanoic acid,sCD163,delta_time2_vs_time1,30,27,-0.045627075,"[-0.41, 0.33]",0.814190562,0.999017505,FALSE
2-Keto-3-methylvaleric acid,Pentraxin-3,delta_time3_vs_time1,30,27,-0.045971698,"[-0.41, 0.33]",0.81281162,0.998056353,FALSE
"2-Ethyl-3-hydroxypropionic acid, di-",IL-35,delta_time2_vs_time1,30,27,-0.046035104,"[-0.41, 0.33]",0.812557973,0.999017505,FALSE
Cysteine,IL-12(p40),delta_time3_vs_time1,30,27,-0.046044026,"[-0.41, 0.33]",0.812522284,0.998056353,FALSE
Dodecanoic acid,MMP-2,delta_time2_vs_time1,30,27,-0.046278746,"[-0.41, 0.33]",0.811583487,0.999017505,FALSE
L-Rhamnose,sCD163,delta_time3_vs_time1,30,27,-0.046311614,"[-0.41, 0.33]",0.811452046,0.998056353,FALSE
L-5-Oxoproline,Osteocalcin,delta_time2_vs_time1,30,27,-0.046312093,"[-0.41, 0.33]",0.81145013,0.999017505,FALSE
Oleic Acid,sCD163,delta_time3_vs_time1,30,27,-0.046359392,"[-0.41, 0.33]",0.811260989,0.998056353,FALSE
"9-Hexadecenoic acid, (Z)-",IL-11,delta_time2_vs_time1,30,27,-0.046487782,"[-0.41, 0.33]",0.81074763,0.999017505,FALSE
alpha-D-Glucopyranoside,IL-12(p70),delta_time2_vs_time1,30,27,-0.046935002,"[-0.41, 0.33]",0.808960054,0.999017505,FALSE
Phenylalanine,MMP-3,delta_time2_vs_time1,30,27,-0.046961382,"[-0.41, 0.33]",0.808854641,0.999017505,FALSE
Glutamine [-H2O],APRIL/TNFSF13,delta_time2_vs_time1,30,27,-0.046969546,"[-0.41, 0.33]",0.808822016,0.999017505,FALSE
Ascorbic Acid,IFN-y,delta_time2_vs_time1,30,27,-0.047018763,"[-0.41, 0.33]",0.808625358,0.999017505,FALSE
Palmitic Acid,sIL-6Ra,delta_time2_vs_time1,30,27,-0.047226483,"[-0.41, 0.32]",0.807795484,0.999017505,FALSE
Phenylalanine,IFN-a2,delta_time3_vs_time1,30,27,-0.0474155,"[-0.41, 0.32]",0.807040508,0.998056353,FALSE
"2-Ethyl-3-hydroxypropionic acid, di-",Chitinase 3-like1,delta_time3_vs_time1,30,27,-0.047478435,"[-0.41, 0.32]",0.80678917,0.998056353,FALSE
4-Aminobutanoic acid,IL-12(p40),delta_time2_vs_time1,30,27,-0.047503452,"[-0.41, 0.32]",0.806689267,0.999017505,FALSE
beta-Alanine,MMP-3,delta_time3_vs_time1,30,27,-0.048116052,"[-0.41, 0.32]",0.804243836,0.998056353,FALSE
"11-Eicosenoic acid, (E)-",IL-12(p40),delta_time3_vs_time1,30,27,-0.048168534,"[-0.41, 0.32]",0.804034417,0.998056353,FALSE
"2-Ethyl-3-hydroxypropionic acid, di-",IL-12(p40),delta_time2_vs_time1,30,27,-0.048276158,"[-0.41, 0.32]",0.803605009,0.999017505,FALSE
Citric acid,MMP-1,delta_time3_vs_time1,30,27,-0.048433473,"[-0.41, 0.32]",0.802977438,0.998056353,FALSE
1-Ethyl-1-tetradecyloxy-1-silacyclohexane,Osteopontin,delta_time2_vs_time1,30,27,-0.048538594,"[-0.41, 0.32]",0.802558147,0.999017505,FALSE
"11-Eicosenoic acid, (E)-",Chitinase 3-like1,delta_time2_vs_time1,30,27,-0.048572307,"[-0.41, 0.32]",0.802423689,0.999017505,FALSE
Oxalic acid,IL-19,delta_time3_vs_time1,30,27,-0.048705281,"[-0.41, 0.32]",0.801893402,0.998056353,FALSE
"D-Arabinose, tetrakis",MMP-2,delta_time2_vs_time1,30,27,-0.048818785,"[-0.41, 0.32]",0.801440831,0.999017505,FALSE
Lactic Acid.1,sCD30/TNFRSF8,delta_time3_vs_time1,30,27,-0.048845922,"[-0.41, 0.32]",0.801332636,0.998056353,FALSE
Citric acid,IL-26,delta_time2_vs_time1,30,27,-0.049013686,"[-0.41, 0.32]",0.800663847,0.999017505,FALSE
1-Monopalmitin,gp130/sIL-6Rb,delta_time2_vs_time1,30,27,-0.049426085,"[-0.41, 0.32]",0.799020415,0.999017505,FALSE
Serine,sCD163,delta_time2_vs_time1,30,27,-0.049662485,"[-0.41, 0.32]",0.798078729,0.999017505,FALSE
Butanoic acid,TWEAK/TNFSF12,delta_time3_vs_time1,30,27,-0.049681831,"[-0.41, 0.32]",0.798001678,0.998056353,FALSE
Lactic Acid,Osteopontin,delta_time2_vs_time1,30,27,-0.049757516,"[-0.41, 0.32]",0.797700255,0.999017505,FALSE
"11-Eicosenoic acid, (E)-",Osteocalcin,delta_time2_vs_time1,30,27,-0.050086985,"[-0.41, 0.32]",0.796388448,0.999017505,FALSE
"D-Arabinose, tetrakis",IL-11,delta_time2_vs_time1,30,27,-0.050165966,"[-0.41, 0.32]",0.796074058,0.999017505,FALSE
Glycine,IFN-a2,delta_time3_vs_time1,30,27,-0.050436817,"[-0.41, 0.32]",0.794996159,0.996502656,FALSE
Ascorbic Acid,Chitinase 3-like1,delta_time2_vs_time1,30,27,-0.050562198,"[-0.41, 0.32]",0.794497308,0.999017505,FALSE
1-Ethyl-1-tetradecyloxy-1-silacyclohexane,MMP-1,delta_time3_vs_time1,30,27,-0.050562989,"[-0.41, 0.32]",0.794494161,0.996502656,FALSE
L-Alanine,TWEAK/TNFSF12,delta_time2_vs_time1,30,27,-0.05060513,"[-0.41, 0.32]",0.794326514,0.999017505,FALSE
"Ethanolamine, 2TMS",IL-35,delta_time3_vs_time1,30,27,-0.05067925,"[-0.41, 0.32]",0.794031667,0.996502656,FALSE
L-(+)-Erythrulose,TSLP,delta_time3_vs_time1,30,27,-0.050806756,"[-0.41, 0.32]",0.793524515,0.996502656,FALSE
Alanine,gp130/sIL-6Rb,delta_time2_vs_time1,30,27,-0.05087614,"[-0.41, 0.32]",0.793248578,0.999017505,FALSE
D-(-)-Ribofuranose,APRIL/TNFSF13,delta_time3_vs_time1,30,27,-0.051096186,"[-0.41, 0.32]",0.792373627,0.996502656,FALSE
2-Aminoadipic acid,sTNF-R2,delta_time3_vs_time1,30,27,-0.051148117,"[-0.41, 0.32]",0.792167174,0.996502656,FALSE
Indole-3-Propionic Acid,IL-26,delta_time3_vs_time1,30,27,-0.051398386,"[-0.41, 0.32]",0.791172411,0.996502656,FALSE
Valine,TWEAK/TNFSF12,delta_time3_vs_time1,30,27,-0.051420946,"[-0.41, 0.32]",0.791082758,0.996502656,FALSE
Oleic Acid,Chitinase 3-like1,delta_time3_vs_time1,30,27,-0.051455997,"[-0.41, 0.32]",0.790943467,0.996502656,FALSE
Asparagine,Osteocalcin,delta_time3_vs_time1,30,27,-0.051563823,"[-0.41, 0.32]",0.790515016,0.996502656,FALSE
alpha-D-Glucopyranoside,BAFF/TNFSF13B,delta_time2_vs_time1,30,27,-0.051880543,"[-0.41, 0.32]",0.78925686,0.999017505,FALSE
Citric acid,IL-26,delta_time3_vs_time1,30,27,-0.051886464,"[-0.41, 0.32]",0.789233341,0.996502656,FALSE
Butanoic acid,IFN-y,delta_time2_vs_time1,30,27,-0.051940925,"[-0.41, 0.32]",0.789017054,0.999017505,FALSE
Decanoic acid,Chitinase 3-like1,delta_time2_vs_time1,30,27,-0.051951367,"[-0.41, 0.32]",0.788975584,0.999017505,FALSE
N-Acetylglutamine,IL-35,delta_time3_vs_time1,30,27,-0.051994679,"[-0.41, 0.32]",0.788803585,0.996502656,FALSE
"Ethanolamine, 2TMS",sCD163,delta_time3_vs_time1,30,27,-0.052190252,"[-0.41, 0.32]",0.788027055,0.996502656,FALSE
Tryptophan,IL-28A/IFN-lambda2,delta_time2_vs_time1,30,27,-0.05227602,"[-0.41, 0.32]",0.787686573,0.999017505,FALSE
D-(-)-Ribofuranose,IL-20,delta_time3_vs_time1,30,27,-0.052279959,"[-0.41, 0.32]",0.787670933,0.996502656,FALSE
Glutamic Acid,MMP-3,delta_time3_vs_time1,30,27,-0.052370348,"[-0.41, 0.32]",0.787312151,0.996502656,FALSE
Linoleic Acid,IL-11,delta_time3_vs_time1,30,27,-0.052441757,"[-0.41, 0.32]",0.787028736,0.996502656,FALSE
Glutamic Acid,IL-26,delta_time3_vs_time1,30,27,-0.052552968,"[-0.41, 0.32]",0.786587401,0.996502656,FALSE
1-Ethyl-1-tetradecyloxy-1-silacyclohexane,Chitinase 3-like1,delta_time2_vs_time1,30,27,-0.052556467,"[-0.41, 0.32]",0.786573515,0.999017505,FALSE
DL-Ornithine,sTNF-R2,delta_time3_vs_time1,30,27,-0.052622637,"[-0.41, 0.32]",0.786310956,0.996502656,FALSE
2-Aminoheptanedioic acid,IL-35,delta_time3_vs_time1,30,27,-0.052665002,"[-0.41, 0.32]",0.786142867,0.996502656,FALSE
2-Aminoadipic acid,Chitinase 3-like1,delta_time2_vs_time1,30,27,-0.052665701,"[-0.41, 0.32]",0.786140094,0.999017505,FALSE
L-Norvaline,TSLP,delta_time3_vs_time1,30,27,-0.052818479,"[-0.41, 0.32]",0.785533997,0.996502656,FALSE
1-Ethyl-1-tetradecyloxy-1-silacyclohexane,IFN-a2,delta_time2_vs_time1,30,27,-0.052833561,"[-0.41, 0.32]",0.785474172,0.999017505,FALSE
Arachidonic acid,TSLP,delta_time3_vs_time1,30,27,-0.052929074,"[-0.41, 0.32]",0.785095325,0.996502656,FALSE
Glycerol-3-P,sCD30/TNFRSF8,delta_time3_vs_time1,30,27,-0.052988686,"[-0.41, 0.32]",0.784858905,0.996502656,FALSE
"Ethanolamine, 3TMS",MMP-3,delta_time3_vs_time1,30,27,-0.053188365,"[-0.41, 0.32]",0.78406711,0.996502656,FALSE
Palmitic Acid,sTNF-R1,delta_time3_vs_time1,30,27,-0.053192727,"[-0.41, 0.32]",0.784049814,0.996502656,FALSE
1-Ethyl-1-tetradecyloxy-1-silacyclohexane,IL-20,delta_time3_vs_time1,30,27,-0.053213306,"[-0.41, 0.32]",0.783968224,0.996502656,FALSE
DL-Ornithine,sCD163,delta_time2_vs_time1,30,27,-0.053260487,"[-0.41, 0.32]",0.783781173,0.999017505,FALSE
Stearic Acid,Osteocalcin,delta_time3_vs_time1,30,27,-0.053350668,"[-0.41, 0.32]",0.783423678,0.996502656,FALSE
1H-Indole-3-Acetic Acid,IL-10,delta_time2_vs_time1,30,27,-0.053591707,"[-0.41, 0.32]",0.782468368,0.999017505,FALSE
Ornithine,Osteopontin,delta_time3_vs_time1,30,27,-0.053612314,"[-0.41, 0.32]",0.78238671,0.996502656,FALSE
Glycine,IL-12(p40),delta_time3_vs_time1,30,27,-0.053776233,"[-0.41, 0.32]",0.781737245,0.996502656,FALSE
"2,3,4-Trihydroxybutyric acid",TWEAK/TNFSF12,delta_time3_vs_time1,30,27,-0.053896414,"[-0.41, 0.32]",0.781261161,0.996502656,FALSE
1-Ethyl-1-tetradecyloxy-1-silacyclohexane,sCD163,delta_time2_vs_time1,30,27,-0.053953675,"[-0.41, 0.32]",0.781034359,0.999017505,FALSE
L-Alanine,sTNF-R1,delta_time2_vs_time1,30,27,-0.053966194,"[-0.41, 0.32]",0.780984776,0.999017505,FALSE
"11-Eicosenoic acid, (E)-",IL-10,delta_time2_vs_time1,30,27,-0.054024657,"[-0.41, 0.32]",0.780753232,0.999017505,FALSE
"11-Eicosenoic acid, (E)-",TWEAK/TNFSF12,delta_time2_vs_time1,30,27,-0.05422939,"[-0.41, 0.32]",0.779942531,0.999017505,FALSE
Butanoic acid,MMP-2,delta_time3_vs_time1,30,27,-0.054523295,"[-0.41, 0.32]",0.778779116,0.996502656,FALSE
Glutamine [-H2O],Chitinase 3-like1,delta_time2_vs_time1,30,27,-0.054547136,"[-0.41, 0.32]",0.778684764,0.999017505,FALSE
Decanoic acid,BAFF/TNFSF13B,delta_time2_vs_time1,30,27,-0.054589966,"[-0.41, 0.32]",0.778515266,0.999017505,FALSE
Ascorbic Acid,MMP-2,delta_time2_vs_time1,30,27,-0.054635523,"[-0.41, 0.32]",0.778334989,0.999017505,FALSE
1H-Indole-3-Acetic Acid,Osteocalcin,delta_time2_vs_time1,30,27,-0.05471164,"[-0.41, 0.32]",0.778033808,0.999017505,FALSE
Erythritol,Pentraxin-3,delta_time3_vs_time1,30,27,-0.054829951,"[-0.41, 0.32]",0.777565731,0.996502656,FALSE
Oleic Acid,MMP-2,delta_time3_vs_time1,30,27,-0.055414282,"[-0.41, 0.32]",0.775255045,0.996502656,FALSE
Linoleic Acid,Osteopontin,delta_time3_vs_time1,30,27,-0.055472598,"[-0.41, 0.32]",0.775024543,0.996502656,FALSE
"D-Arabinose, tetrakis",IL-10,delta_time2_vs_time1,30,27,-0.055547308,"[-0.41, 0.32]",0.774729268,0.999017505,FALSE
Ascorbic Acid,sTNF-R2,delta_time3_vs_time1,30,27,-0.055610071,"[-0.41, 0.32]",0.774481234,0.996502656,FALSE
Alanine,gp130/sIL-6Rb,delta_time3_vs_time1,30,27,-0.055645774,"[-0.41, 0.32]",0.774340148,0.996502656,FALSE
1-Monooleoylglycerol,MMP-3,delta_time2_vs_time1,30,27,-0.055689872,"[-0.41, 0.32]",0.774165901,0.999017505,FALSE
Methyl galactoside,TWEAK/TNFSF12,delta_time2_vs_time1,30,27,-0.055832594,"[-0.41, 0.32]",0.773602019,0.999017505,FALSE
1-Ethyl-1-tetradecyloxy-1-silacyclohexane,BAFF/TNFSF13B,delta_time3_vs_time1,30,27,-0.055876753,"[-0.41, 0.32]",0.773427574,0.996502656,FALSE
"1,3-Dioxolane-2-methanol",sCD30/TNFRSF8,delta_time3_vs_time1,30,27,-0.056033954,"[-0.41, 0.32]",0.77280666,0.996502656,FALSE
N-Acetylglutamine,IL-28A/IFN-lambda2,delta_time3_vs_time1,30,27,-0.056075852,"[-0.41, 0.32]",0.772641192,0.996502656,FALSE
DL-Ornithine,MMP-3,delta_time2_vs_time1,30,27,-0.056138242,"[-0.41, 0.32]",0.772394814,0.999017505,FALSE
Glycerol-3-P,sTNF-R2,delta_time2_vs_time1,30,27,-0.056153458,"[-0.41, 0.32]",0.772334732,0.999017505,FALSE
Ornithine,sTNF-R2,delta_time3_vs_time1,30,27,-0.05632945,"[-0.41, 0.32]",0.771639872,0.996502656,FALSE
Erythritol,BAFF/TNFSF13B,delta_time3_vs_time1,30,27,-0.056382258,"[-0.41, 0.32]",0.771431408,0.996502656,FALSE
Glutamine [-H2O],MMP-2,delta_time2_vs_time1,30,27,-0.056407393,"[-0.41, 0.32]",0.771332192,0.999017505,FALSE
Lactic Acid,gp130/sIL-6Rb,delta_time2_vs_time1,30,27,-0.056440662,"[-0.41, 0.32]",0.771200871,0.999017505,FALSE
Ethyl alpha-D-glucopyranoside,MMP-2,delta_time2_vs_time1,30,27,-0.056678337,"[-0.41, 0.32]",0.770262895,0.999017505,FALSE
beta-D-Xylopyranose,MMP-2,delta_time3_vs_time1,30,27,-0.056710485,"[-0.41, 0.32]",0.77013605,0.996502656,FALSE
Leucine,IL-12(p40),delta_time2_vs_time1,30,27,-0.056742727,"[-0.41, 0.32]",0.77000884,0.999017505,FALSE
"1,3-Dioxolane-2-methanol",sTNF-R2,delta_time2_vs_time1,30,27,-0.056815046,"[-0.41, 0.32]",0.769723524,0.999017505,FALSE
D-(-)-Ribofuranose,MMP-1,delta_time3_vs_time1,30,27,-0.056825913,"[-0.41, 0.32]",0.769680653,0.996502656,FALSE
Glutamine [-H2O],TWEAK/TNFSF12,delta_time3_vs_time1,30,27,-0.056887763,"[-0.41, 0.32]",0.769436669,0.996502656,FALSE
Erythritol,IL-12(p70),delta_time2_vs_time1,30,27,-0.056966903,"[-0.41, 0.32]",0.769124509,0.999017505,FALSE
Campesterol,IL-26,delta_time3_vs_time1,30,27,-0.05697407,"[-0.41, 0.32]",0.769096242,0.996502656,FALSE
L-Alanine,Pentraxin-3,delta_time2_vs_time1,30,27,-0.056995343,"[-0.41, 0.32]",0.76901234,0.999017505,FALSE
Leucine,gp130/sIL-6Rb,delta_time3_vs_time1,30,27,-0.05700083,"[-0.41, 0.32]",0.7689907,0.996502656,FALSE
Tyrosine,IL-11,delta_time3_vs_time1,30,27,-0.057053799,"[-0.41, 0.32]",0.768781798,0.996502656,FALSE
Nonanoic acid,sTNF-R1,delta_time2_vs_time1,30,27,-0.057066242,"[-0.41, 0.32]",0.768732726,0.999017505,FALSE
Alanine,IL-29/IFN-lambda1,delta_time2_vs_time1,30,27,-0.057193336,"[-0.42, 0.32]",0.768231564,0.999017505,FALSE
1-Ethyl-1-tetradecyloxy-1-silacyclohexane,IL-19,delta_time3_vs_time1,30,27,-0.057243502,"[-0.42, 0.32]",0.768033772,0.996502656,FALSE
Palmitic Acid,sTNF-R2,delta_time2_vs_time1,30,27,-0.057268457,"[-0.42, 0.32]",0.767935387,0.999017505,FALSE
1-Monopalmitin,sCD163,delta_time3_vs_time1,30,27,-0.057759677,"[-0.42, 0.32]",0.765999453,0.996502656,FALSE
1-Heptadecanol,BAFF/TNFSF13B,delta_time2_vs_time1,30,27,-0.057767804,"[-0.42, 0.32]",0.765967432,0.999017505,FALSE
Glycine,Chitinase 3-like1,delta_time2_vs_time1,30,27,-0.057890991,"[-0.42, 0.32]",0.765482168,0.999017505,FALSE
D-(-)-Ribofuranose,sCD30/TNFRSF8,delta_time3_vs_time1,30,27,-0.058126479,"[-0.42, 0.32]",0.764554757,0.996502656,FALSE
Phenylalanine,sTNF-R1,delta_time3_vs_time1,30,27,-0.058166579,"[-0.42, 0.32]",0.764396863,0.996502656,FALSE
"Ethanolamine, 3TMS",IFN-a2,delta_time3_vs_time1,30,27,-0.058284945,"[-0.42, 0.31]",0.763930855,0.996502656,FALSE
N-Acetylglutamine,MMP-3,delta_time3_vs_time1,30,27,-0.058325946,"[-0.42, 0.31]",0.763769453,0.996502656,FALSE
Serine,sTNF-R2,delta_time2_vs_time1,30,27,-0.058456454,"[-0.42, 0.31]",0.763255767,0.999017505,FALSE
Threonine,sIL-6Ra,delta_time2_vs_time1,30,27,-0.058509038,"[-0.42, 0.31]",0.763048825,0.999017505,FALSE
Ornithine,TWEAK/TNFSF12,delta_time3_vs_time1,30,27,-0.058510014,"[-0.42, 0.31]",0.763044981,0.996502656,FALSE
"11-Eicosenoic acid, (E)-",IFN-a2,delta_time2_vs_time1,30,27,-0.058565201,"[-0.42, 0.31]",0.76282781,0.999017505,FALSE
Ornithine,gp130/sIL-6Rb,delta_time3_vs_time1,30,27,-0.058646603,"[-0.42, 0.31]",0.76250751,0.996502656,FALSE
L-(+)-Erythrulose,IL-12(p40),delta_time2_vs_time1,30,27,-0.05878264,"[-0.42, 0.31]",0.761972313,0.999017505,FALSE
beta-Alanine,sIL-6Ra,delta_time3_vs_time1,30,27,-0.058882092,"[-0.42, 0.31]",0.761581121,0.996502656,FALSE
"Ethanolamine, 2TMS",IL-28A/IFN-lambda2,delta_time2_vs_time1,30,27,-0.058921674,"[-0.42, 0.31]",0.76142544,0.999017505,FALSE
Cysteine,sIL-6Ra,delta_time3_vs_time1,30,27,-0.059068142,"[-0.42, 0.31]",0.760849446,0.996502656,FALSE
Palmitelaidic acid,BAFF/TNFSF13B,delta_time3_vs_time1,30,27,-0.059270008,"[-0.42, 0.31]",0.760055801,0.996502656,FALSE
Dodecanoic acid,Chitinase 3-like1,delta_time3_vs_time1,30,27,-0.059385714,"[-0.42, 0.31]",0.759601006,0.996502656,FALSE
N-Acetylglutamine,TWEAK/TNFSF12,delta_time2_vs_time1,30,27,-0.059466733,"[-0.42, 0.31]",0.759282598,0.999017505,FALSE
1-Monopalmitin,TWEAK/TNFSF12,delta_time3_vs_time1,30,27,-0.059468264,"[-0.42, 0.31]",0.759276581,0.996502656,FALSE
Valine,IL-11,delta_time2_vs_time1,30,27,-0.059817813,"[-0.42, 0.31]",0.757903288,0.999017505,FALSE
Methyl galactoside,MMP-2,delta_time3_vs_time1,30,27,-0.059855527,"[-0.42, 0.31]",0.757755161,0.996502656,FALSE
Indole-3-Latic Acid,IL-28A/IFN-lambda2,delta_time3_vs_time1,30,27,-0.059958074,"[-0.42, 0.31]",0.757352438,0.996502656,FALSE
DL-Ornithine,APRIL/TNFSF13,delta_time2_vs_time1,30,27,-0.060242667,"[-0.42, 0.31]",0.756235108,0.999017505,FALSE
Cysteine,sCD30/TNFRSF8,delta_time2_vs_time1,30,27,-0.060269842,"[-0.42, 0.31]",0.756128443,0.999017505,FALSE
Palmitic Acid,gp130/sIL-6Rb,delta_time3_vs_time1,30,27,-0.060383289,"[-0.42, 0.31]",0.755683194,0.996502656,FALSE
Ethyl alpha-D-glucopyranoside,gp130/sIL-6Rb,delta_time2_vs_time1,30,27,-0.060494623,"[-0.42, 0.31]",0.755246313,0.999017505,FALSE
Cysteine,sCD30/TNFRSF8,delta_time3_vs_time1,30,27,-0.060527905,"[-0.42, 0.31]",0.755115728,0.996502656,FALSE
Diethanolamine,IL-10,delta_time3_vs_time1,30,27,-0.060593144,"[-0.42, 0.31]",0.754859774,0.996502656,FALSE
Glyceraldehyde-3-P(MOX),IL-35,delta_time2_vs_time1,30,27,-0.060594923,"[-0.42, 0.31]",0.754852794,0.999017505,FALSE
Phenylalanine,Chitinase 3-like1,delta_time2_vs_time1,30,27,-0.060606335,"[-0.42, 0.31]",0.754808023,0.999017505,FALSE
L-Norvaline,gp130/sIL-6Rb,delta_time3_vs_time1,30,27,-0.060705704,"[-0.42, 0.31]",0.754418224,0.996502656,FALSE
Indole-3-Latic Acid,IFN-a2,delta_time3_vs_time1,30,27,-0.060735703,"[-0.42, 0.31]",0.754300555,0.996502656,FALSE
4-Aminobutanoic acid,IL-19,delta_time3_vs_time1,30,27,-0.061009698,"[-0.42, 0.31]",0.753226096,0.996502656,FALSE
Arachidonic acid,Pentraxin-3,delta_time3_vs_time1,30,27,-0.061047722,"[-0.42, 0.31]",0.753077018,0.996502656,FALSE
Dodecanoic acid,IL-19,delta_time3_vs_time1,30,27,-0.061050293,"[-0.42, 0.31]",0.753066939,0.996502656,FALSE
"9-Hexadecenoic acid, (Z)-",IFN-y,delta_time3_vs_time1,30,27,-0.061124208,"[-0.42, 0.31]",0.752777181,0.996502656,FALSE
Cysteine,MMP-3,delta_time3_vs_time1,30,27,-0.061220919,"[-0.42, 0.31]",0.752398108,0.996502656,FALSE
Lactic Acid.1,MMP-2,delta_time3_vs_time1,30,27,-0.061461541,"[-0.42, 0.31]",0.751455192,0.996502656,FALSE
Glycolic acid,MMP-1,delta_time2_vs_time1,30,27,-0.061629296,"[-0.42, 0.31]",0.750798027,0.999017505,FALSE
DL-Ornithine,IL-29/IFN-lambda1,delta_time2_vs_time1,30,27,-0.061703075,"[-0.42, 0.31]",0.750509059,0.999017505,FALSE
beta-Alanine,Osteocalcin,delta_time3_vs_time1,30,27,-0.061793946,"[-0.42, 0.31]",0.750153189,0.996502656,FALSE
L-Rhamnose,MMP-3,delta_time2_vs_time1,30,27,-0.061851905,"[-0.42, 0.31]",0.749926237,0.999017505,FALSE
Ascorbic Acid,IL-12(p70),delta_time2_vs_time1,30,27,-0.061941387,"[-0.42, 0.31]",0.749575889,0.999017505,FALSE
DL-Ornithine,Osteopontin,delta_time2_vs_time1,30,27,-0.062012021,"[-0.42, 0.31]",0.749299371,0.999017505,FALSE
Decanoic acid,IL-12(p70),delta_time2_vs_time1,30,27,-0.062098511,"[-0.42, 0.31]",0.748960822,0.999017505,FALSE
1H-Indole-3-Acetic Acid,IL-10,delta_time3_vs_time1,30,27,-0.062130218,"[-0.42, 0.31]",0.748836725,0.996502656,FALSE
"2-Ethyl-3-hydroxypropionic acid, di-",BAFF/TNFSF13B,delta_time2_vs_time1,30,27,-0.062410187,"[-0.42, 0.31]",0.747741204,0.999017505,FALSE
"2-Ethyl-3-hydroxypropionic acid, di-",IFN-y,delta_time3_vs_time1,30,27,-0.062429876,"[-0.42, 0.31]",0.74766418,0.996502656,FALSE
2-OH-Butanoic Acid,sIL-6Ra,delta_time3_vs_time1,30,27,-0.062493013,"[-0.42, 0.31]",0.747417197,0.996502656,FALSE
Tryptophan,Chitinase 3-like1,delta_time3_vs_time1,30,27,-0.062645079,"[-0.42, 0.31]",0.74682244,0.996502656,FALSE
Decanoic acid,sIL-6Ra,delta_time2_vs_time1,30,27,-0.062783847,"[-0.42, 0.31]",0.746279819,0.999017505,FALSE
L-Alanine,IL-20,delta_time3_vs_time1,30,27,-0.062794184,"[-0.42, 0.31]",0.746239402,0.996502656,FALSE
DL-Ornithine,Pentraxin-3,delta_time2_vs_time1,30,27,-0.062960048,"[-0.42, 0.31]",0.745590995,0.999017505,FALSE
Diethanolamine,TWEAK/TNFSF12,delta_time2_vs_time1,30,27,-0.063055823,"[-0.42, 0.31]",0.745216659,0.999017505,FALSE
Dodecanoic acid,gp130/sIL-6Rb,delta_time3_vs_time1,30,27,-0.063140517,"[-0.42, 0.31]",0.744885684,0.996502656,FALSE
Lysine,IL-28A/IFN-lambda2,delta_time2_vs_time1,30,27,-0.063309972,"[-0.42, 0.31]",0.744223601,0.999017505,FALSE
Asparagine,IL-29/IFN-lambda1,delta_time2_vs_time1,30,27,-0.063314692,"[-0.42, 0.31]",0.74420516,0.999017505,FALSE
L-Proline,sCD30/TNFRSF8,delta_time3_vs_time1,30,27,-0.063374382,"[-0.42, 0.31]",0.743971992,0.996502656,FALSE
Palmitic Acid,Chitinase 3-like1,delta_time3_vs_time1,30,27,-0.063439347,"[-0.42, 0.31]",0.743718238,0.996502656,FALSE
Lysine,BAFF/TNFSF13B,delta_time2_vs_time1,30,27,-0.063590759,"[-0.42, 0.31]",0.743126924,0.999017505,FALSE
"1,5-Anhydrohexitol",sCD163,delta_time3_vs_time1,30,27,-0.063829076,"[-0.42, 0.31]",0.742196509,0.996502656,FALSE
Oxalic acid,sCD163,delta_time2_vs_time1,30,27,-0.064159831,"[-0.42, 0.31]",0.740905793,0.999017505,FALSE
Cysteine,IFN-a2,delta_time2_vs_time1,30,27,-0.064937241,"[-0.42, 0.31]",0.737874795,0.999017505,FALSE
Phenylalanine,sIL-6Ra,delta_time2_vs_time1,30,27,-0.064984001,"[-0.42, 0.31]",0.73769261,0.999017505,FALSE
Palmitic Acid,sCD163,delta_time2_vs_time1,30,27,-0.065067411,"[-0.42, 0.31]",0.737367658,0.999017505,FALSE
"2,3,4-Trihydroxybutyric acid",IL-20,delta_time2_vs_time1,30,27,-0.065365553,"[-0.42, 0.31]",0.736206513,0.999017505,FALSE
DL-Ornithine,gp130/sIL-6Rb,delta_time3_vs_time1,30,27,-0.06557847,"[-0.42, 0.31]",0.735377633,0.996502656,FALSE
Nonanoic acid,BAFF/TNFSF13B,delta_time2_vs_time1,30,27,-0.065674257,"[-0.42, 0.31]",0.735004832,0.999017505,FALSE
2-Aminoheptanedioic acid,IL-20,delta_time2_vs_time1,30,27,-0.065910714,"[-0.42, 0.31]",0.734084798,0.999017505,FALSE
Glycerol,sTNF-R1,delta_time2_vs_time1,30,27,-0.065983795,"[-0.42, 0.31]",0.733800518,0.999017505,FALSE
Ascorbic Acid,sIL-6Ra,delta_time3_vs_time1,30,27,-0.066300348,"[-0.42, 0.31]",0.73256955,0.996502656,FALSE
Asparagine,Osteopontin,delta_time3_vs_time1,30,27,-0.066624186,"[-0.42, 0.31]",0.731310927,0.996502656,FALSE
Indole-3-Propionic Acid,Pentraxin-3,delta_time2_vs_time1,30,27,-0.066646769,"[-0.42, 0.31]",0.731223182,0.999017505,FALSE
Palmitelaidic acid,MMP-1,delta_time2_vs_time1,30,27,-0.066684363,"[-0.42, 0.31]",0.731077117,0.999017505,FALSE
L-(+)-Erythrulose,IL-20,delta_time3_vs_time1,30,27,-0.06709129,"[-0.42, 0.31]",0.729496688,0.996502656,FALSE
"9-Hexadecenoic acid, (Z)-",IL-12(p40),delta_time3_vs_time1,30,27,-0.067308344,"[-0.42, 0.31]",0.728654132,0.996502656,FALSE
"D-Arabinose, tetrakis",Pentraxin-3,delta_time2_vs_time1,30,27,-0.067325757,"[-0.42, 0.31]",0.72858655,0.999017505,FALSE
4-Aminobutanoic acid,IL-29/IFN-lambda1,delta_time2_vs_time1,30,27,-0.067331971,"[-0.42, 0.31]",0.728562433,0.999017505,FALSE
Decanoic acid,MMP-3,delta_time3_vs_time1,30,27,-0.067351453,"[-0.42, 0.31]",0.728486826,0.996502656,FALSE
Campesterol,MMP-1,delta_time2_vs_time1,30,27,-0.067367213,"[-0.42, 0.31]",0.728425667,0.999017505,FALSE
Decanoic acid,Pentraxin-3,delta_time2_vs_time1,30,27,-0.067437852,"[-0.42, 0.31]",0.728151554,0.999017505,FALSE
L-Proline,Chitinase 3-like1,delta_time3_vs_time1,30,27,-0.067588525,"[-0.42, 0.31]",0.727566984,0.996502656,FALSE
L-5-Oxoproline,sTNF-R1,delta_time2_vs_time1,30,27,-0.067607201,"[-0.42, 0.31]",0.727494537,0.999017505,FALSE
"Ethanolamine, 2TMS",gp130/sIL-6Rb,delta_time3_vs_time1,30,27,-0.067699614,"[-0.42, 0.31]",0.727136085,0.996502656,FALSE
Butanoic acid,Chitinase 3-like1,delta_time2_vs_time1,30,27,-0.067768943,"[-0.42, 0.31]",0.72686721,0.999017505,FALSE
Oleic Acid,sCD30/TNFRSF8,delta_time3_vs_time1,30,27,-0.067816517,"[-0.42, 0.31]",0.726682723,0.996502656,FALSE
Glutamic Acid,IL-28A/IFN-lambda2,delta_time2_vs_time1,30,27,-0.067868512,"[-0.42, 0.31]",0.726481111,0.999017505,FALSE
L-Proline,sCD30/TNFRSF8,delta_time2_vs_time1,30,27,-0.06790485,"[-0.42, 0.31]",0.726340219,0.999017505,FALSE
"2,3-Butanediol",IL-28A/IFN-lambda2,delta_time2_vs_time1,30,27,-0.068083868,"[-0.42, 0.31]",0.725646246,0.999017505,FALSE
"2-Ethyl-3-hydroxypropionic acid, di-",sCD163,delta_time2_vs_time1,30,27,-0.068185416,"[-0.42, 0.31]",0.725252684,0.999017505,FALSE
Aminomalonic acid,IFN-y,delta_time2_vs_time1,30,27,-0.068237971,"[-0.42, 0.31]",0.725049027,0.999017505,FALSE
2-Aminoadipic acid,MMP-3,delta_time2_vs_time1,30,27,-0.068270353,"[-0.42, 0.31]",0.724923555,0.999017505,FALSE
Dodecanoic acid,IL-26,delta_time2_vs_time1,30,27,-0.068278881,"[-0.42, 0.31]",0.724890512,0.999017505,FALSE
Arachidonic acid,IL-28A/IFN-lambda2,delta_time2_vs_time1,30,27,-0.068568866,"[-0.42, 0.31]",0.723767197,0.999017505,FALSE
Oleic Acid,IFN-y,delta_time3_vs_time1,30,27,-0.068808227,"[-0.42, 0.31]",0.722840407,0.996502656,FALSE
Ascorbic Acid,Osteocalcin,delta_time3_vs_time1,30,27,-0.068903649,"[-0.42, 0.31]",0.722471046,0.996502656,FALSE
Decanoic acid,MMP-2,delta_time3_vs_time1,30,27,-0.06895882,"[-0.42, 0.31]",0.722257515,0.996502656,FALSE
Glyceric acid,sCD30/TNFRSF8,delta_time3_vs_time1,30,27,-0.069026049,"[-0.42, 0.31]",0.721997346,0.996502656,FALSE
Leucine,APRIL/TNFSF13,delta_time2_vs_time1,30,27,-0.069256535,"[-0.42, 0.30]",0.721105621,0.999017505,FALSE
"9-Hexadecenoic acid, (Z)-",IL-26,delta_time3_vs_time1,30,27,-0.069264034,"[-0.42, 0.30]",0.721076613,0.996502656,FALSE
"Ethanolamine, 2TMS",IL-12(p40),delta_time2_vs_time1,30,27,-0.069316629,"[-0.43, 0.30]",0.720873181,0.999017505,FALSE
L-5-Oxoproline,IL-12(p70),delta_time3_vs_time1,30,27,-0.069450679,"[-0.43, 0.30]",0.720354772,0.996502656,FALSE
2-Keto-3-methylvaleric acid,IL-26,delta_time2_vs_time1,30,27,-0.069532503,"[-0.43, 0.30]",0.720038396,0.999017505,FALSE
L-(+)-Erythrulose,BAFF/TNFSF13B,delta_time3_vs_time1,30,27,-0.069551393,"[-0.43, 0.30]",0.719965365,0.996502656,FALSE
DL-Ornithine,IFN-a2,delta_time2_vs_time1,30,27,-0.069578872,"[-0.43, 0.30]",0.71985913,0.999017505,FALSE
1-Ethyl-1-tetradecyloxy-1-silacyclohexane,Chitinase 3-like1,delta_time3_vs_time1,30,27,-0.06973277,"[-0.43, 0.30]",0.71926425,0.996502656,FALSE
Decanoic acid,MMP-1,delta_time3_vs_time1,30,27,-0.069898742,"[-0.43, 0.30]",0.718622873,0.996502656,FALSE
Glutamic Acid,TWEAK/TNFSF12,delta_time3_vs_time1,30,27,-0.069937905,"[-0.43, 0.30]",0.718471564,0.996502656,FALSE
Glyceric acid,BAFF/TNFSF13B,delta_time3_vs_time1,30,27,-0.07002767,"[-0.43, 0.30]",0.718124781,0.996502656,FALSE
Stearic Acid,APRIL/TNFSF13,delta_time3_vs_time1,30,27,-0.070037732,"[-0.43, 0.30]",0.718085912,0.996502656,FALSE
1-Heptadecanol,Osteocalcin,delta_time2_vs_time1,30,27,-0.070068369,"[-0.43, 0.30]",0.717967571,0.999017505,FALSE
Stearic Acid,TSLP,delta_time3_vs_time1,30,27,-0.070392609,"[-0.43, 0.30]",0.716715508,0.996502656,FALSE
L-5-Oxoproline,IL-26,delta_time3_vs_time1,30,27,-0.070428011,"[-0.43, 0.30]",0.716578844,0.996502656,FALSE
"D-Arabinose, tetrakis",IFN-a2,delta_time2_vs_time1,30,27,-0.070593906,"[-0.43, 0.30]",0.715938553,0.999017505,FALSE
2-Aminoheptanedioic acid,IL-11,delta_time3_vs_time1,30,27,-0.0706774,"[-0.43, 0.30]",0.715616371,0.996502656,FALSE
Diethanolamine,IL-20,delta_time3_vs_time1,30,27,-0.070787276,"[-0.43, 0.30]",0.715192456,0.996502656,FALSE
L-Alanine,sIL-6Ra,delta_time2_vs_time1,30,27,-0.070851371,"[-0.43, 0.30]",0.714945212,0.999017505,FALSE
"2,3,4-Trihydroxybutyric acid",sTNF-R2,delta_time3_vs_time1,30,27,-0.070962629,"[-0.43, 0.30]",0.7145161,0.996502656,FALSE
L-5-Oxoproline,sIL-6Ra,delta_time2_vs_time1,30,27,-0.071235409,"[-0.43, 0.30]",0.713464376,0.999017505,FALSE
D-(-)-Ribofuranose,IL-19,delta_time3_vs_time1,30,27,-0.071525875,"[-0.43, 0.30]",0.712345026,0.996502656,FALSE
1-Monooleoylglycerol,Osteopontin,delta_time3_vs_time1,30,27,-0.071545062,"[-0.43, 0.30]",0.712271107,0.996502656,FALSE
DL-Ornithine,IL-26,delta_time2_vs_time1,30,27,-0.071608346,"[-0.43, 0.30]",0.71202732,0.999017505,FALSE
Palmitelaidic acid,IL-26,delta_time3_vs_time1,30,27,-0.071799719,"[-0.43, 0.30]",0.711290265,0.996502656,FALSE
"2-Ethyl-3-hydroxypropionic acid, di-",IL-11,delta_time2_vs_time1,30,27,-0.071991879,"[-0.43, 0.30]",0.710550437,0.999017505,FALSE
Oleic Acid,IL-29/IFN-lambda1,delta_time2_vs_time1,30,27,-0.072299734,"[-0.43, 0.30]",0.709365714,0.999017505,FALSE
Ascorbic Acid,sTNF-R1,delta_time2_vs_time1,30,27,-0.072327295,"[-0.43, 0.30]",0.709259681,0.999017505,FALSE
Indole-3-Latic Acid,IL-28A/IFN-lambda2,delta_time2_vs_time1,30,27,-0.072451172,"[-0.43, 0.30]",0.708783172,0.999017505,FALSE
1-Monooleoylglycerol,IL-28A/IFN-lambda2,delta_time3_vs_time1,30,27,-0.072459847,"[-0.43, 0.30]",0.708749806,0.996502656,FALSE
Methionine,sIL-6Ra,delta_time2_vs_time1,30,27,-0.072542918,"[-0.43, 0.30]",0.708430328,0.999017505,FALSE
"9-Hexadecenoic acid, (Z)-",gp130/sIL-6Rb,delta_time2_vs_time1,30,27,-0.07289818,"[-0.43, 0.30]",0.707064598,0.999017505,FALSE
Glycine,sCD163,delta_time2_vs_time1,30,27,-0.073024663,"[-0.43, 0.30]",0.706578573,0.999017505,FALSE
Indole-3-Latic Acid,MMP-3,delta_time3_vs_time1,30,27,-0.073075374,"[-0.43, 0.30]",0.706383744,0.996502656,FALSE
Stearic Acid,IL-12(p40),delta_time3_vs_time1,30,27,-0.073264441,"[-0.43, 0.30]",0.705657509,0.996502656,FALSE
Arginine [-NH3],MMP-1,delta_time3_vs_time1,30,27,-0.073465957,"[-0.43, 0.30]",0.704883739,0.996502656,FALSE
Citric acid,sCD163,delta_time2_vs_time1,30,27,-0.073657597,"[-0.43, 0.30]",0.704148159,0.999017505,FALSE
Nonanoic acid,MMP-2,delta_time3_vs_time1,30,27,-0.073674989,"[-0.43, 0.30]",0.704081413,0.996502656,FALSE
Palmitic Acid,Chitinase 3-like1,delta_time2_vs_time1,30,27,-0.073869066,"[-0.43, 0.30]",0.703336767,0.999017505,FALSE
1H-Indole-3-Acetic Acid,IL-12(p40),delta_time3_vs_time1,30,27,-0.073930991,"[-0.43, 0.30]",0.703099225,0.996502656,FALSE
L-(+)-Erythrulose,TWEAK/TNFSF12,delta_time3_vs_time1,30,27,-0.074011118,"[-0.43, 0.30]",0.702791902,0.996502656,FALSE
Campesterol,IL-10,delta_time2_vs_time1,30,27,-0.07412808,"[-0.43, 0.30]",0.702343383,0.999017505,FALSE
"2-Ethyl-3-hydroxypropionic acid, di-",sIL-6Ra,delta_time3_vs_time1,30,27,-0.074135345,"[-0.43, 0.30]",0.702315527,0.996502656,FALSE
Valine,TWEAK/TNFSF12,delta_time2_vs_time1,30,27,-0.074184258,"[-0.43, 0.30]",0.702127988,0.999017505,FALSE
N-Acetylglutamine,BAFF/TNFSF13B,delta_time2_vs_time1,30,27,-0.074197235,"[-0.43, 0.30]",0.702078239,0.999017505,FALSE
"2-Ethyl-3-hydroxypropionic acid, di-",IL-35,delta_time3_vs_time1,30,27,-0.074223993,"[-0.43, 0.30]",0.701975653,0.996502656,FALSE
L-(+)-Erythrulose,TWEAK/TNFSF12,delta_time2_vs_time1,30,27,-0.074243366,"[-0.43, 0.30]",0.701901386,0.999017505,FALSE
Indole-3-Latic Acid,IL-35,delta_time2_vs_time1,30,27,-0.07462588,"[-0.43, 0.30]",0.700435542,0.999017505,FALSE
DL-Ornithine,IL-11,delta_time3_vs_time1,30,27,-0.074626395,"[-0.43, 0.30]",0.70043357,0.996502656,FALSE
Butanoic acid,TSLP,delta_time3_vs_time1,30,27,-0.074683219,"[-0.43, 0.30]",0.700215904,0.996502656,FALSE
beta-Alanine,BAFF/TNFSF13B,delta_time3_vs_time1,30,27,-0.074773845,"[-0.43, 0.30]",0.699868806,0.996502656,FALSE
Oleic Acid,TWEAK/TNFSF12,delta_time3_vs_time1,30,27,-0.075155647,"[-0.43, 0.30]",0.698407144,0.996502656,FALSE
Oxalic acid,MMP-3,delta_time3_vs_time1,30,27,-0.075255506,"[-0.43, 0.30]",0.698025025,0.996502656,FALSE
1H-Indole-3-Acetic Acid,sTNF-R1,delta_time2_vs_time1,30,27,-0.075391923,"[-0.43, 0.30]",0.697503132,0.999017505,FALSE
"2,3,4-Trihydroxybutyric acid",Osteopontin,delta_time3_vs_time1,30,27,-0.075427307,"[-0.43, 0.30]",0.697367785,0.996502656,FALSE
Lysine,IL-12(p70),delta_time2_vs_time1,30,27,-0.075427876,"[-0.43, 0.30]",0.697365611,0.999017505,FALSE
1-Heptadecanol,IL-11,delta_time2_vs_time1,30,27,-0.075445414,"[-0.43, 0.30]",0.69729853,0.999017505,FALSE
Aminomalonic acid,Pentraxin-3,delta_time2_vs_time1,30,27,-0.075511867,"[-0.43, 0.30]",0.697044372,0.999017505,FALSE
Oleic Acid,sTNF-R1,delta_time3_vs_time1,30,27,-0.075552715,"[-0.43, 0.30]",0.69688816,0.996502656,FALSE
Serine,Osteocalcin,delta_time2_vs_time1,30,27,-0.07563995,"[-0.43, 0.30]",0.696554598,0.999017505,FALSE
Linoleic Acid,IFN-y,delta_time3_vs_time1,30,27,-0.075712992,"[-0.43, 0.30]",0.696275346,0.996502656,FALSE
Tryptophan,IL-19,delta_time2_vs_time1,30,27,-0.075894251,"[-0.43, 0.30]",0.695582529,0.999017505,FALSE
Glycerol-3-P,Osteocalcin,delta_time2_vs_time1,30,27,-0.076021496,"[-0.43, 0.30]",0.695096315,0.999017505,FALSE
alpha-D-Glucopyranoside,IL-20,delta_time2_vs_time1,30,27,-0.076035063,"[-0.43, 0.30]",0.695044481,0.999017505,FALSE
Methionine,Pentraxin-3,delta_time2_vs_time1,30,27,-0.07629505,"[-0.43, 0.30]",0.694051434,0.999017505,FALSE
Glycine,sTNF-R1,delta_time2_vs_time1,30,27,-0.076886237,"[-0.43, 0.30]",0.691795183,0.999017505,FALSE
L-Proline,MMP-1,delta_time3_vs_time1,30,27,-0.076961723,"[-0.43, 0.30]",0.69150728,0.996502656,FALSE
L-5-Oxoproline,IFN-y,delta_time2_vs_time1,30,27,-0.077103856,"[-0.43, 0.30]",0.690965294,0.999017505,FALSE
"9-Hexadecenoic acid, (Z)-",sCD30/TNFRSF8,delta_time2_vs_time1,30,27,-0.077271273,"[-0.43, 0.30]",0.69032709,0.999017505,FALSE
Proline,sTNF-R1,delta_time3_vs_time1,30,27,-0.077280367,"[-0.43, 0.30]",0.690292426,0.996502656,FALSE
L-Norvaline,sIL-6Ra,delta_time2_vs_time1,30,27,-0.077688826,"[-0.43, 0.30]",0.688736251,0.999017505,FALSE
Ethyl alpha-D-glucopyranoside,Osteocalcin,delta_time2_vs_time1,30,27,-0.078010037,"[-0.43, 0.30]",0.68751335,0.999017505,FALSE
Glutamine [-H2O],Osteocalcin,delta_time3_vs_time1,30,27,-0.078039769,"[-0.43, 0.30]",0.687400197,0.996502656,FALSE
1-Monopalmitin,IL-10,delta_time2_vs_time1,30,27,-0.078084046,"[-0.43, 0.30]",0.687231697,0.999017505,FALSE
"1,3-Dioxolane-2-methanol",sTNF-R1,delta_time2_vs_time1,30,27,-0.078202853,"[-0.43, 0.30]",0.686779639,0.999017505,FALSE
1-Heptadecanol,IL-10,delta_time2_vs_time1,30,27,-0.078217159,"[-0.43, 0.30]",0.686725214,0.999017505,FALSE
Glycine,MMP-2,delta_time3_vs_time1,30,27,-0.078325146,"[-0.43, 0.30]",0.686314431,0.996502656,FALSE
Glycine,TSLP,delta_time3_vs_time1,30,27,-0.078430698,"[-0.43, 0.30]",0.685912995,0.996502656,FALSE
Tyrosine,sCD30/TNFRSF8,delta_time3_vs_time1,30,27,-0.078617365,"[-0.43, 0.30]",0.685203264,0.996502656,FALSE
"2,3,4-Trihydroxybutyric acid",Pentraxin-3,delta_time3_vs_time1,30,27,-0.078782416,"[-0.43, 0.30]",0.684575944,0.996502656,FALSE
"Ethanolamine, 3TMS",IL-12(p40),delta_time3_vs_time1,30,27,-0.078826159,"[-0.43, 0.30]",0.684409718,0.996502656,FALSE
Cholesterol,Pentraxin-3,delta_time2_vs_time1,30,27,-0.078868222,"[-0.43, 0.30]",0.684249894,0.999017505,FALSE
Stearic Acid,sTNF-R2,delta_time3_vs_time1,30,27,-0.078873694,"[-0.43, 0.30]",0.684229102,0.996502656,FALSE
Proline,IL-28A/IFN-lambda2,delta_time2_vs_time1,30,27,-0.078928884,"[-0.43, 0.30]",0.68401942,0.999017505,FALSE
Aminomalonic acid,BAFF/TNFSF13B,delta_time3_vs_time1,30,27,-0.079014246,"[-0.43, 0.30]",0.683695152,0.996502656,FALSE
Alanine,IFN-y,delta_time2_vs_time1,30,27,-0.079115415,"[-0.43, 0.30]",0.683310908,0.999017505,FALSE
Glyceraldehyde-3-P(MOX),sCD30/TNFRSF8,delta_time2_vs_time1,30,27,-0.079132619,"[-0.43, 0.30]",0.683245576,0.999017505,FALSE
Tyrosine,MMP-1,delta_time3_vs_time1,30,27,-0.079167829,"[-0.43, 0.30]",0.68311187,0.996502656,FALSE
Glycolic acid,IL-29/IFN-lambda1,delta_time2_vs_time1,30,27,-0.079229175,"[-0.43, 0.30]",0.682878937,0.999017505,FALSE
"1,3-Dioxolane-2-methanol",IL-29/IFN-lambda1,delta_time3_vs_time1,30,27,-0.079572374,"[-0.43, 0.30]",0.681576327,0.996502656,FALSE
Ethyl alpha-D-glucopyranoside,MMP-3,delta_time3_vs_time1,30,27,-0.079578888,"[-0.43, 0.30]",0.681551612,0.996502656,FALSE
1-Monopalmitin,MMP-3,delta_time3_vs_time1,30,27,-0.079619077,"[-0.43, 0.30]",0.681399136,0.996502656,FALSE
"1,5-Anhydrohexitol",IL-12(p40),delta_time2_vs_time1,30,27,-0.079717785,"[-0.43, 0.30]",0.681024691,0.999017505,FALSE
1-Monopalmitin,Osteopontin,delta_time3_vs_time1,30,27,-0.079745083,"[-0.43, 0.30]",0.680921151,0.996502656,FALSE
"(R*,R*)-2,3-Dihydroxybutanoic acid",Pentraxin-3,delta_time2_vs_time1,30,27,-0.079876953,"[-0.43, 0.30]",0.68042105,0.999017505,FALSE
Threonine,MMP-3,delta_time2_vs_time1,30,27,-0.079881734,"[-0.43, 0.30]",0.680402919,0.999017505,FALSE
Lysine,sIL-6Ra,delta_time2_vs_time1,30,27,-0.079913074,"[-0.43, 0.30]",0.680284088,0.999017505,FALSE
"2,3-Butanediol",APRIL/TNFSF13,delta_time2_vs_time1,30,27,-0.079961828,"[-0.43, 0.30]",0.68009924,0.999017505,FALSE
alpha-D-Glucopyranoside,sTNF-R2,delta_time2_vs_time1,30,27,-0.080068449,"[-0.43, 0.30]",0.67969506,0.999017505,FALSE
Linoleic Acid,BAFF/TNFSF13B,delta_time3_vs_time1,30,27,-0.080072181,"[-0.43, 0.30]",0.679680915,0.996502656,FALSE
Tryptophan,Pentraxin-3,delta_time2_vs_time1,30,27,-0.080138959,"[-0.43, 0.30]",0.679427816,0.999017505,FALSE
1-Monooleoylglycerol,Pentraxin-3,delta_time3_vs_time1,30,27,-0.080733467,"[-0.43, 0.29]",0.677176061,0.996502656,FALSE
"2-Ethyl-3-hydroxypropionic acid, di-",MMP-2,delta_time2_vs_time1,30,27,-0.080839996,"[-0.43, 0.29]",0.676772858,0.999017505,FALSE
Lysine,MMP-2,delta_time2_vs_time1,30,27,-0.080863854,"[-0.43, 0.29]",0.676682569,0.999017505,FALSE
1-Monooleoylglycerol,IL-12(p40),delta_time2_vs_time1,30,27,-0.080950403,"[-0.43, 0.29]",0.67635507,0.999017505,FALSE
Glutamic Acid,IL-19,delta_time2_vs_time1,30,27,-0.081161427,"[-0.43, 0.29]",0.675556801,0.999017505,FALSE
Asparagine,IL-11,delta_time2_vs_time1,30,27,-0.081212155,"[-0.43, 0.29]",0.675364955,0.999017505,FALSE
Valine,gp130/sIL-6Rb,delta_time3_vs_time1,30,27,-0.08133245,"[-0.43, 0.29]",0.674910103,0.996502656,FALSE
"11-Eicosenoic acid, (E)-",sTNF-R1,delta_time3_vs_time1,30,27,-0.081399243,"[-0.43, 0.29]",0.674657594,0.996502656,FALSE
"2-Ethyl-3-hydroxypropionic acid, di-",TWEAK/TNFSF12,delta_time3_vs_time1,30,27,-0.0815135,"[-0.44, 0.29]",0.674225736,0.996502656,FALSE
"(R*,R*)-2,3-Dihydroxybutanoic acid",sTNF-R1,delta_time2_vs_time1,30,27,-0.081524291,"[-0.44, 0.29]",0.674184953,0.999017505,FALSE
D-(-)-Ribofuranose,IL-29/IFN-lambda1,delta_time2_vs_time1,30,27,-0.081545157,"[-0.44, 0.29]",0.674106096,0.999017505,FALSE
Glutamic Acid,MMP-1,delta_time3_vs_time1,30,27,-0.08174028,"[-0.44, 0.29]",0.673368866,0.996502656,FALSE
D-(-)-Ribofuranose,IL-29/IFN-lambda1,delta_time3_vs_time1,30,27,-0.081754704,"[-0.44, 0.29]",0.673314377,0.996502656,FALSE
Lysine,IFN-a2,delta_time2_vs_time1,30,27,-0.081761258,"[-0.44, 0.29]",0.673289623,0.999017505,FALSE
1-Monopalmitin,IL-29/IFN-lambda1,delta_time3_vs_time1,30,27,-0.081976345,"[-0.44, 0.29]",0.67247734,0.996502656,FALSE
"9-Hexadecenoic acid, (Z)-",IL-12(p70),delta_time2_vs_time1,30,27,-0.081999335,"[-0.44, 0.29]",0.672390537,0.999017505,FALSE
1-Monopalmitin,IL-11,delta_time3_vs_time1,30,27,-0.082033654,"[-0.44, 0.29]",0.672260971,0.996502656,FALSE
Arginine [-NH3],IL-12(p70),delta_time3_vs_time1,30,27,-0.082039214,"[-0.44, 0.29]",0.672239978,0.996502656,FALSE
Asparagine,MMP-2,delta_time2_vs_time1,30,27,-0.082194722,"[-0.44, 0.29]",0.671653,0.999017505,FALSE
Lysine,MMP-3,delta_time3_vs_time1,30,27,-0.082265782,"[-0.44, 0.29]",0.671384837,0.996502656,FALSE
Cholesterol,IL-26,delta_time2_vs_time1,30,27,-0.08244834,"[-0.44, 0.29]",0.670696098,0.999017505,FALSE
Glycine,TWEAK/TNFSF12,delta_time3_vs_time1,30,27,-0.08256766,"[-0.44, 0.29]",0.670246078,0.996502656,FALSE
Diethanolamine,sIL-6Ra,delta_time2_vs_time1,30,27,-0.082572232,"[-0.44, 0.29]",0.670228836,0.999017505,FALSE
"2-Ethyl-3-hydroxypropionic acid, di-",sTNF-R2,delta_time3_vs_time1,30,27,-0.082759066,"[-0.44, 0.29]",0.669524412,0.996502656,FALSE
1-Heptadecanol,MMP-1,delta_time3_vs_time1,30,27,-0.082773667,"[-0.44, 0.29]",0.669469375,0.996502656,FALSE
Methyl galactoside,Chitinase 3-like1,delta_time2_vs_time1,30,27,-0.083077831,"[-0.44, 0.29]",0.668323204,0.999017505,FALSE
L-Aspartic acid,MMP-2,delta_time2_vs_time1,30,27,-0.083118684,"[-0.44, 0.29]",0.668169315,0.999017505,FALSE
1-Monopalmitin,sCD30/TNFRSF8,delta_time2_vs_time1,30,27,-0.083206895,"[-0.44, 0.29]",0.667837077,0.999017505,FALSE
Glyceric acid,IL-12(p40),delta_time3_vs_time1,30,27,-0.083408166,"[-0.44, 0.29]",0.667079241,0.996502656,FALSE
Arachidonic acid.1,Chitinase 3-like1,delta_time2_vs_time1,30,27,-0.083471236,"[-0.44, 0.29]",0.666841832,0.999017505,FALSE
Glutamic Acid,IL-11,delta_time3_vs_time1,30,27,-0.083511954,"[-0.44, 0.29]",0.666688579,0.996502656,FALSE
Alanine,TWEAK/TNFSF12,delta_time2_vs_time1,30,27,-0.083573378,"[-0.44, 0.29]",0.666457417,0.999017505,FALSE
Ethyl alpha-D-glucopyranoside,sTNF-R2,delta_time3_vs_time1,30,27,-0.083807633,"[-0.44, 0.29]",0.665576096,0.996502656,FALSE
Methionine,TWEAK/TNFSF12,delta_time2_vs_time1,30,27,-0.083954779,"[-0.44, 0.29]",0.665022722,0.999017505,FALSE
Erythritol,TSLP,delta_time2_vs_time1,30,27,-0.08404184,"[-0.44, 0.29]",0.66469539,0.999017505,FALSE
Glycine,Osteopontin,delta_time2_vs_time1,30,27,-0.08444185,"[-0.44, 0.29]",0.663192216,0.999017505,FALSE
2-Aminoadipic acid,APRIL/TNFSF13,delta_time3_vs_time1,30,27,-0.084711252,"[-0.44, 0.29]",0.662180567,0.996502656,FALSE
Diethanolamine,Pentraxin-3,delta_time3_vs_time1,30,27,-0.084727597,"[-0.44, 0.29]",0.662119208,0.996502656,FALSE
Glyceric acid,IL-11,delta_time2_vs_time1,30,27,-0.084774428,"[-0.44, 0.29]",0.661943414,0.999017505,FALSE
Oleic Acid,IL-29/IFN-lambda1,delta_time3_vs_time1,30,27,-0.084814887,"[-0.44, 0.29]",0.661791554,0.996502656,FALSE
"1,3-Dioxolane-2-methanol",TSLP,delta_time3_vs_time1,30,27,-0.085131203,"[-0.44, 0.29]",0.66060474,0.996502656,FALSE
L-5-Oxoproline,MMP-3,delta_time3_vs_time1,30,27,-0.085301699,"[-0.44, 0.29]",0.659965371,0.996502656,FALSE
Dodecanoic acid,IL-35,delta_time2_vs_time1,30,27,-0.085334438,"[-0.44, 0.29]",0.659842627,0.999017505,FALSE
1H-Indole-3-Acetic Acid,IFN-y,delta_time3_vs_time1,30,27,-0.085502744,"[-0.44, 0.29]",0.659211746,0.996502656,FALSE
Arachidonic acid,sIL-6Ra,delta_time2_vs_time1,30,27,-0.085552658,"[-0.44, 0.29]",0.659024693,0.999017505,FALSE
"2,3-Butanediol",IL-11,delta_time3_vs_time1,30,27,-0.0855775,"[-0.44, 0.29]",0.658931605,0.996502656,FALSE
Arachidonic acid,TWEAK/TNFSF12,delta_time3_vs_time1,30,27,-0.08560557,"[-0.44, 0.29]",0.658826426,0.996502656,FALSE
Glyceric acid,IL-28A/IFN-lambda2,delta_time2_vs_time1,30,27,-0.085867687,"[-0.44, 0.29]",0.657844577,0.999017505,FALSE
Glyceric acid,MMP-1,delta_time3_vs_time1,30,27,-0.086136758,"[-0.44, 0.29]",0.65683726,0.996502656,FALSE
Phenylalanine,sTNF-R1,delta_time2_vs_time1,30,27,-0.0862255,"[-0.44, 0.29]",0.656505166,0.999017505,FALSE
Glyceraldehyde-3-P(MOX),Pentraxin-3,delta_time2_vs_time1,30,27,-0.086331825,"[-0.44, 0.29]",0.656107356,0.999017505,FALSE
Cholesterol,gp130/sIL-6Rb,delta_time2_vs_time1,30,27,-0.086620518,"[-0.44, 0.29]",0.65502769,0.999017505,FALSE
L-(+)-Erythrulose,Chitinase 3-like1,delta_time3_vs_time1,30,27,-0.086738742,"[-0.44, 0.29]",0.654585748,0.996502656,FALSE
Arachidonic acid.1,IL-28A/IFN-lambda2,delta_time3_vs_time1,30,27,-0.086789462,"[-0.44, 0.29]",0.654396184,0.996502656,FALSE
Tryptophan,TWEAK/TNFSF12,delta_time3_vs_time1,30,27,-0.086859901,"[-0.44, 0.29]",0.654132955,0.996502656,FALSE
Ascorbic Acid,IL-28A/IFN-lambda2,delta_time2_vs_time1,30,27,-0.086911966,"[-0.44, 0.29]",0.653938413,0.999017505,FALSE
"2,3,4-Trihydroxybutyric acid",MMP-2,delta_time3_vs_time1,30,27,-0.086989661,"[-0.44, 0.29]",0.653648147,0.996502656,FALSE
Lysine,IL-19,delta_time2_vs_time1,30,27,-0.086998162,"[-0.44, 0.29]",0.653616392,0.999017505,FALSE
3-OH-Butanoic Acid,IL-12(p40),delta_time2_vs_time1,30,27,-0.087023769,"[-0.44, 0.29]",0.653520735,0.999017505,FALSE
Diethanolamine,IL-12(p40),delta_time2_vs_time1,30,27,-0.087136936,"[-0.44, 0.29]",0.653098069,0.999017505,FALSE
1H-Indole-3-Acetic Acid,Osteopontin,delta_time3_vs_time1,30,27,-0.087259234,"[-0.44, 0.29]",0.652641418,0.996502656,FALSE
Stearic Acid,BAFF/TNFSF13B,delta_time3_vs_time1,30,27,-0.087388624,"[-0.44, 0.29]",0.652158417,0.996502656,FALSE
Ascorbic Acid,Pentraxin-3,delta_time3_vs_time1,30,27,-0.087424004,"[-0.44, 0.29]",0.652026372,0.996502656,FALSE
Ascorbic Acid,MMP-1,delta_time3_vs_time1,30,27,-0.087462705,"[-0.44, 0.29]",0.651881939,0.996502656,FALSE
Dodecanoic acid,MMP-3,delta_time3_vs_time1,30,27,-0.087846476,"[-0.44, 0.29]",0.650450403,0.996502656,FALSE
Methyl galactoside,Osteocalcin,delta_time3_vs_time1,30,27,-0.087911028,"[-0.44, 0.29]",0.650209732,0.996502656,FALSE
"1,3-Dioxolane-2-methanol",IL-35,delta_time3_vs_time1,30,27,-0.088152934,"[-0.44, 0.29]",0.649308134,0.996502656,FALSE
L-Aspartic acid,IL-12(p70),delta_time3_vs_time1,30,27,-0.088193438,"[-0.44, 0.29]",0.649157217,0.996502656,FALSE
"D-Arabinose, tetrakis",sCD163,delta_time2_vs_time1,30,27,-0.088259402,"[-0.44, 0.29]",0.648911471,0.999017505,FALSE
Campesterol,APRIL/TNFSF13,delta_time2_vs_time1,30,27,-0.088327941,"[-0.44, 0.29]",0.648656172,0.999017505,FALSE
Tryptophan,sCD163,delta_time2_vs_time1,30,27,-0.088432766,"[-0.44, 0.29]",0.648265785,0.999017505,FALSE
Tryptophan,Osteopontin,delta_time3_vs_time1,30,27,-0.08846051,"[-0.44, 0.29]",0.648162474,0.996502656,FALSE
Methionine,IL-26,delta_time3_vs_time1,30,27,-0.08848586,"[-0.44, 0.29]",0.648068087,0.996502656,FALSE
Glycine,sTNF-R1,delta_time3_vs_time1,30,27,-0.088588606,"[-0.44, 0.29]",0.647685574,0.996502656,FALSE
Cholesterol,IL-29/IFN-lambda1,delta_time2_vs_time1,30,27,-0.088603542,"[-0.44, 0.29]",0.647629978,0.999017505,FALSE
"1,5-Anhydrohexitol",MMP-1,delta_time3_vs_time1,30,27,-0.08864969,"[-0.44, 0.29]",0.647458208,0.996502656,FALSE
Glyceric acid,IL-29/IFN-lambda1,delta_time2_vs_time1,30,27,-0.088655366,"[-0.44, 0.29]",0.647437083,0.999017505,FALSE
N-Acetylglutamine,gp130/sIL-6Rb,delta_time3_vs_time1,30,27,-0.088790114,"[-0.44, 0.29]",0.646935638,0.996502656,FALSE
Arginine [-NH3],sTNF-R1,delta_time3_vs_time1,30,27,-0.088829824,"[-0.44, 0.29]",0.646787893,0.996502656,FALSE
1-Monopalmitin,sIL-6Ra,delta_time2_vs_time1,30,27,-0.089042675,"[-0.44, 0.29]",0.645996182,0.999017505,FALSE
Indole-3-Propionic Acid,IL-11,delta_time2_vs_time1,30,27,-0.08911197,"[-0.44, 0.29]",0.645738514,0.999017505,FALSE
Proline,IL-11,delta_time2_vs_time1,30,27,-0.089127968,"[-0.44, 0.29]",0.645679035,0.999017505,FALSE
"Ethanolamine, 2TMS",IFN-y,delta_time2_vs_time1,30,27,-0.089143791,"[-0.44, 0.29]",0.645620207,0.999017505,FALSE
Glycerol-3-P,IL-20,delta_time2_vs_time1,30,27,-0.089312423,"[-0.44, 0.29]",0.64499338,0.999017505,FALSE
L-Proline,IL-11,delta_time2_vs_time1,30,27,-0.089579029,"[-0.44, 0.29]",0.644002858,0.999017505,FALSE
L-Aspartic acid,Pentraxin-3,delta_time3_vs_time1,30,27,-0.090015871,"[-0.44, 0.29]",0.642381145,0.996502656,FALSE
L-Alanine,IL-12(p40),delta_time2_vs_time1,30,27,-0.090084099,"[-0.44, 0.29]",0.642128005,0.999017505,FALSE
Glyceraldehyde-3-P(MOX),IL-10,delta_time3_vs_time1,30,27,-0.090088219,"[-0.44, 0.29]",0.642112717,0.996502656,FALSE
"Ethanolamine, 2TMS",IL-35,delta_time2_vs_time1,30,27,-0.090129748,"[-0.44, 0.29]",0.641958658,0.999017505,FALSE
beta-D-Xylopyranose,IL-11,delta_time2_vs_time1,30,27,-0.090261283,"[-0.44, 0.29]",0.641470793,0.999017505,FALSE
DL-Ornithine,IL-19,delta_time2_vs_time1,30,27,-0.090370033,"[-0.44, 0.29]",0.641067547,0.999017505,FALSE
L-Rhamnose,Osteocalcin,delta_time3_vs_time1,30,27,-0.090383187,"[-0.44, 0.29]",0.641018781,0.996502656,FALSE
Decanoic acid,APRIL/TNFSF13,delta_time2_vs_time1,30,27,-0.09041239,"[-0.44, 0.29]",0.640910515,0.999017505,FALSE
Valine,sTNF-R1,delta_time2_vs_time1,30,27,-0.090458459,"[-0.44, 0.29]",0.640739737,0.999017505,FALSE
Indole-3-Propionic Acid,IL-20,delta_time2_vs_time1,30,27,-0.090632365,"[-0.44, 0.29]",0.640095234,0.999017505,FALSE
Cysteine,sTNF-R2,delta_time2_vs_time1,30,27,-0.090706671,"[-0.44, 0.29]",0.639819929,0.999017505,FALSE
L-Proline,gp130/sIL-6Rb,delta_time2_vs_time1,30,27,-0.090788682,"[-0.44, 0.29]",0.639516134,0.999017505,FALSE
1-Monooleoylglycerol,IL-29/IFN-lambda1,delta_time3_vs_time1,30,27,-0.090828771,"[-0.44, 0.29]",0.639367651,0.996502656,FALSE
"Ethanolamine, 3TMS",IL-10,delta_time2_vs_time1,30,27,-0.090916975,"[-0.44, 0.29]",0.639041009,0.999017505,FALSE
Arachidonic acid,Chitinase 3-like1,delta_time2_vs_time1,30,27,-0.09091857,"[-0.44, 0.29]",0.639035102,0.999017505,FALSE
Decanoic acid,Osteopontin,delta_time3_vs_time1,30,27,-0.090986052,"[-0.44, 0.29]",0.638785242,0.996502656,FALSE
Butanoic acid,Pentraxin-3,delta_time2_vs_time1,30,27,-0.091040988,"[-0.44, 0.28]",0.638581865,0.999017505,FALSE
"1,5-Anhydrohexitol",IL-19,delta_time2_vs_time1,30,27,-0.091055993,"[-0.44, 0.28]",0.638526322,0.999017505,FALSE
2-Keto-3-methylvaleric acid,APRIL/TNFSF13,delta_time2_vs_time1,30,27,-0.091071308,"[-0.44, 0.28]",0.638469631,0.999017505,FALSE
"2-Ethyl-3-hydroxypropionic acid, di-",MMP-2,delta_time3_vs_time1,30,27,-0.091491067,"[-0.44, 0.28]",0.636916603,0.996502656,FALSE
L-Norvaline,TWEAK/TNFSF12,delta_time2_vs_time1,30,27,-0.0914944,"[-0.44, 0.28]",0.636904277,0.999017505,FALSE
Leucine,IL-10,delta_time2_vs_time1,30,27,-0.091605516,"[-0.44, 0.28]",0.636493425,0.999017505,FALSE
1-Heptadecanol,gp130/sIL-6Rb,delta_time2_vs_time1,30,27,-0.091679196,"[-0.44, 0.28]",0.63622105,0.999017505,FALSE
2-Aminoheptanedioic acid,sTNF-R1,delta_time2_vs_time1,30,27,-0.091784153,"[-0.44, 0.28]",0.635833133,0.999017505,FALSE
2-Aminoheptanedioic acid,MMP-1,delta_time3_vs_time1,30,27,-0.091796254,"[-0.44, 0.28]",0.635788415,0.996502656,FALSE
"1,3-Dioxolane-2-methanol",IL-29/IFN-lambda1,delta_time2_vs_time1,30,27,-0.091884655,"[-0.44, 0.28]",0.635461768,0.999017505,FALSE
1-Ethyl-1-tetradecyloxy-1-silacyclohexane,sIL-6Ra,delta_time2_vs_time1,30,27,-0.091886785,"[-0.44, 0.28]",0.6354539,0.999017505,FALSE
Arachidonic acid,MMP-3,delta_time2_vs_time1,30,27,-0.092272196,"[-0.44, 0.28]",0.634030581,0.999017505,FALSE
Indole-3-Latic Acid,Pentraxin-3,delta_time2_vs_time1,30,27,-0.092318442,"[-0.44, 0.28]",0.633859883,0.999017505,FALSE
Cysteine,BAFF/TNFSF13B,delta_time3_vs_time1,30,27,-0.092356453,"[-0.44, 0.28]",0.633719594,0.996502656,FALSE
L-(+)-Erythrulose,Osteopontin,delta_time2_vs_time1,30,27,-0.092368779,"[-0.44, 0.28]",0.633674103,0.999017505,FALSE
Indole-3-Latic Acid,IL-29/IFN-lambda1,delta_time2_vs_time1,30,27,-0.092427034,"[-0.44, 0.28]",0.633459125,0.999017505,FALSE
"1,3-Dioxolane-2-methanol",IFN-a2,delta_time3_vs_time1,30,27,-0.092445276,"[-0.44, 0.28]",0.633391816,0.996502656,FALSE
Glycerol-3-P,sCD163,delta_time2_vs_time1,30,27,-0.092461419,"[-0.44, 0.28]",0.633332253,0.999017505,FALSE
Citric acid,sTNF-R1,delta_time2_vs_time1,30,27,-0.092467186,"[-0.44, 0.28]",0.633310973,0.999017505,FALSE
Erythritol,IL-12(p40),delta_time3_vs_time1,30,27,-0.092500471,"[-0.44, 0.28]",0.633188168,0.996502656,FALSE
L-Aspartic acid,BAFF/TNFSF13B,delta_time3_vs_time1,30,27,-0.092999158,"[-0.44, 0.28]",0.631349397,0.996502656,FALSE
1-Monooleoylglycerol,IFN-y,delta_time2_vs_time1,30,27,-0.093031957,"[-0.44, 0.28]",0.631228536,0.999017505,FALSE
Palmitic Acid,IL-35,delta_time2_vs_time1,30,27,-0.093094408,"[-0.44, 0.28]",0.630998434,0.999017505,FALSE
L-(+)-Erythrulose,IL-10,delta_time3_vs_time1,30,27,-0.093332768,"[-0.44, 0.28]",0.630120504,0.996502656,FALSE
"11-Eicosenoic acid, (E)-",IL-29/IFN-lambda1,delta_time2_vs_time1,30,27,-0.09358079,"[-0.44, 0.28]",0.629207509,0.999017505,FALSE
2-Aminoadipic acid,sTNF-R2,delta_time2_vs_time1,30,27,-0.093739144,"[-0.44, 0.28]",0.628624869,0.999017505,FALSE
L-Aspartic acid,gp130/sIL-6Rb,delta_time2_vs_time1,30,27,-0.093776403,"[-0.44, 0.28]",0.628487815,0.999017505,FALSE
Methyl galactoside,IL-19,delta_time2_vs_time1,30,27,-0.093795434,"[-0.45, 0.28]",0.628417815,0.999017505,FALSE
DL-Ornithine,MMP-1,delta_time2_vs_time1,30,27,-0.093896274,"[-0.45, 0.28]",0.628046951,0.999017505,FALSE
L-Aspartic acid,TSLP,delta_time2_vs_time1,30,27,-0.093902164,"[-0.45, 0.28]",0.628025291,0.999017505,FALSE
Indole-3-Latic Acid,sCD30/TNFRSF8,delta_time3_vs_time1,30,27,-0.093952763,"[-0.45, 0.28]",0.627839239,0.996502656,FALSE
1-Ethyl-1-tetradecyloxy-1-silacyclohexane,sTNF-R2,delta_time2_vs_time1,30,27,-0.094162118,"[-0.45, 0.28]",0.627069675,0.999017505,FALSE
Glycerol,IL-29/IFN-lambda1,delta_time2_vs_time1,30,27,-0.094168274,"[-0.45, 0.28]",0.627047052,0.999017505,FALSE
alpha-D-Glucopyranoside,IL-11,delta_time2_vs_time1,30,27,-0.094523638,"[-0.45, 0.28]",0.625741673,0.999017505,FALSE
Glycine,sTNF-R2,delta_time2_vs_time1,30,27,-0.094771287,"[-0.45, 0.28]",0.624832622,0.999017505,FALSE
4-Aminobutanoic acid,IFN-a2,delta_time2_vs_time1,30,27,-0.095032617,"[-0.45, 0.28]",0.623873934,0.999017505,FALSE
Phenylalanine,Osteopontin,delta_time2_vs_time1,30,27,-0.095060805,"[-0.45, 0.28]",0.623770563,0.999017505,FALSE
Glutamine [-H2O],sTNF-R2,delta_time2_vs_time1,30,27,-0.095331134,"[-0.45, 0.28]",0.622779563,0.999017505,FALSE
Arginine [-NH3],Pentraxin-3,delta_time3_vs_time1,30,27,-0.095368661,"[-0.45, 0.28]",0.622642043,0.996502656,FALSE
Ethyl alpha-D-glucopyranoside,Chitinase 3-like1,delta_time3_vs_time1,30,27,-0.095590067,"[-0.45, 0.28]",0.621830945,0.996502656,FALSE
Methionine,IL-19,delta_time2_vs_time1,30,27,-0.095703537,"[-0.45, 0.28]",0.621415425,0.999017505,FALSE
2-OH-Butanoic Acid,IL-29/IFN-lambda1,delta_time2_vs_time1,30,27,-0.095790681,"[-0.45, 0.28]",0.621096385,0.999017505,FALSE
2-Aminoadipic acid,IL-12(p40),delta_time3_vs_time1,30,27,-0.095889141,"[-0.45, 0.28]",0.620736001,0.996502656,FALSE
Diethanolamine,IFN-y,delta_time2_vs_time1,30,27,-0.096029722,"[-0.45, 0.28]",0.620221591,0.999017505,FALSE
Glycine,IL-28A/IFN-lambda2,delta_time2_vs_time1,30,27,-0.09610566,"[-0.45, 0.28]",0.619943796,0.999017505,FALSE
L-Proline,IL-26,delta_time3_vs_time1,30,27,-0.096118546,"[-0.45, 0.28]",0.619896661,0.996502656,FALSE
Glycerol,IL-11,delta_time2_vs_time1,30,27,-0.096134485,"[-0.45, 0.28]",0.619838362,0.999017505,FALSE
Proline,IL-26,delta_time3_vs_time1,30,27,-0.096180906,"[-0.45, 0.28]",0.619668581,0.996502656,FALSE
alpha-D-Glucopyranoside,IFN-y,delta_time2_vs_time1,30,27,-0.096249746,"[-0.45, 0.28]",0.61941684,0.999017505,FALSE
N-Acetylglutamine,MMP-3,delta_time2_vs_time1,30,27,-0.096438366,"[-0.45, 0.28]",0.618727293,0.999017505,FALSE
1-Heptadecanol,sTNF-R1,delta_time3_vs_time1,30,27,-0.096587877,"[-0.45, 0.28]",0.618180945,0.996502656,FALSE
D-(-)-Ribofuranose,IFN-y,delta_time3_vs_time1,30,27,-0.096817001,"[-0.45, 0.28]",0.617344056,0.996502656,FALSE
Cysteine,Chitinase 3-like1,delta_time2_vs_time1,30,27,-0.096818276,"[-0.45, 0.28]",0.6173394,0.999017505,FALSE
"9-Hexadecenoic acid, (Z)-",BAFF/TNFSF13B,delta_time2_vs_time1,30,27,-0.096966512,"[-0.45, 0.28]",0.61679821,0.999017505,FALSE
Methyl galactoside,Osteopontin,delta_time2_vs_time1,30,27,-0.097014945,"[-0.45, 0.28]",0.616621429,0.999017505,FALSE
DL-Ornithine,IFN-a2,delta_time3_vs_time1,30,27,-0.097106388,"[-0.45, 0.28]",0.616287722,0.996502656,FALSE
Proline,MMP-3,delta_time2_vs_time1,30,27,-0.097235493,"[-0.45, 0.28]",0.615816698,0.999017505,FALSE
1-Heptadecanol,IL-12(p70),delta_time3_vs_time1,30,27,-0.097382522,"[-0.45, 0.28]",0.615280464,0.996502656,FALSE
Arachidonic acid.1,Osteopontin,delta_time3_vs_time1,30,27,-0.097416925,"[-0.45, 0.28]",0.615155019,0.996502656,FALSE
L-5-Oxoproline,IL-20,delta_time3_vs_time1,30,27,-0.097643907,"[-0.45, 0.28]",0.614327634,0.996502656,FALSE
L-Rhamnose,Osteocalcin,delta_time2_vs_time1,30,27,-0.097658432,"[-0.45, 0.28]",0.614274702,0.999017505,FALSE
Glyceric acid,IL-12(p70),delta_time2_vs_time1,30,27,-0.097737799,"[-0.45, 0.28]",0.613985519,0.999017505,FALSE
Glycerol,IL-10,delta_time2_vs_time1,30,27,-0.097830375,"[-0.45, 0.28]",0.613648275,0.999017505,FALSE
1-Monooleoylglycerol,IFN-a2,delta_time2_vs_time1,30,27,-0.097914984,"[-0.45, 0.28]",0.613340122,0.999017505,FALSE
Ascorbic Acid,gp130/sIL-6Rb,delta_time2_vs_time1,30,27,-0.097995547,"[-0.45, 0.28]",0.613046765,0.999017505,FALSE
alpha-D-Glucopyranoside,Chitinase 3-like1,delta_time2_vs_time1,30,27,-0.098249611,"[-0.45, 0.28]",0.612122017,0.999017505,FALSE
L-Rhamnose,IL-19,delta_time3_vs_time1,30,27,-0.098475201,"[-0.45, 0.28]",0.611301396,0.996493392,FALSE
Glycerol,IL-19,delta_time2_vs_time1,30,27,-0.098534412,"[-0.45, 0.28]",0.611086084,0.999017505,FALSE
Arachidonic acid.1,IL-10,delta_time2_vs_time1,30,27,-0.099353404,"[-0.45, 0.28]",0.60811118,0.999017505,FALSE
Nonanoic acid,APRIL/TNFSF13,delta_time3_vs_time1,30,27,-0.09956453,"[-0.45, 0.28]",0.607345274,0.992619405,FALSE
"Ethanolamine, 3TMS",Pentraxin-3,delta_time2_vs_time1,30,27,-0.099586959,"[-0.45, 0.28]",0.607263931,0.999017505,FALSE
Glyceric acid,sIL-6Ra,delta_time3_vs_time1,30,27,-0.0996882,"[-0.45, 0.28]",0.606896822,0.992619405,FALSE
Oleic Acid,IL-12(p40),delta_time3_vs_time1,30,27,-0.099824223,"[-0.45, 0.28]",0.60640374,0.992619405,FALSE
Tryptophan,IFN-y,delta_time2_vs_time1,30,27,-0.099828434,"[-0.45, 0.28]",0.606388478,0.999017505,FALSE
"2-Ethyl-3-hydroxypropionic acid, di-",APRIL/TNFSF13,delta_time2_vs_time1,30,27,-0.099872779,"[-0.45, 0.28]",0.606227765,0.999017505,FALSE
Glutamine [-H2O],sCD163,delta_time2_vs_time1,30,27,-0.099947895,"[-0.45, 0.28]",0.605955576,0.999017505,FALSE
DL-Ornithine,Chitinase 3-like1,delta_time2_vs_time1,30,27,-0.099953456,"[-0.45, 0.28]",0.605935427,0.999017505,FALSE
Phenylalanine,Chitinase 3-like1,delta_time3_vs_time1,30,27,-0.100184563,"[-0.45, 0.28]",0.605098324,0.992619405,FALSE
Oxalic acid,APRIL/TNFSF13,delta_time3_vs_time1,30,27,-0.100276915,"[-0.45, 0.28]",0.604763948,0.992619405,FALSE
Lysine,sCD163,delta_time3_vs_time1,30,27,-0.100320606,"[-0.45, 0.28]",0.604605784,0.992619405,FALSE
2-Aminoheptanedioic acid,Chitinase 3-like1,delta_time2_vs_time1,30,27,-0.100457642,"[-0.45, 0.28]",0.604109821,0.999017505,FALSE
L-Norvaline,TWEAK/TNFSF12,delta_time3_vs_time1,30,27,-0.100514203,"[-0.45, 0.28]",0.603905166,0.992619405,FALSE
Palmitic Acid,Osteopontin,delta_time2_vs_time1,30,27,-0.100590866,"[-0.45, 0.28]",0.603627819,0.999017505,FALSE
Doconexent,sTNF-R1,delta_time3_vs_time1,30,27,-0.100730192,"[-0.45, 0.28]",0.603123918,0.992619405,FALSE
"2,3,4-Trihydroxybutyric acid",sCD163,delta_time3_vs_time1,30,27,-0.100845398,"[-0.45, 0.28]",0.602707385,0.992619405,FALSE
Arachidonic acid.1,IL-12(p70),delta_time3_vs_time1,30,27,-0.101039121,"[-0.45, 0.28]",0.602007245,0.992619405,FALSE
Ethyl alpha-D-glucopyranoside,sCD163,delta_time3_vs_time1,30,27,-0.101058749,"[-0.45, 0.28]",0.601936329,0.992619405,FALSE
Glycolic acid,MMP-2,delta_time3_vs_time1,30,27,-0.10115722,"[-0.45, 0.28]",0.601580591,0.992619405,FALSE
Decanoic acid,Osteocalcin,delta_time3_vs_time1,30,27,-0.101195649,"[-0.45, 0.28]",0.601441789,0.992619405,FALSE
L-Proline,sCD163,delta_time3_vs_time1,30,27,-0.101205261,"[-0.45, 0.28]",0.60140707,0.992619405,FALSE
"1,5-Anhydrohexitol",Osteopontin,delta_time3_vs_time1,30,27,-0.101224148,"[-0.45, 0.28]",0.60133886,0.992619405,FALSE
"(R*,R*)-2,3-Dihydroxybutanoic acid",sCD163,delta_time2_vs_time1,30,27,-0.101288315,"[-0.45, 0.28]",0.601107138,0.999017505,FALSE
Glyceric acid,sCD30/TNFRSF8,delta_time2_vs_time1,30,27,-0.101645128,"[-0.45, 0.28]",0.599819297,0.999017505,FALSE
Glycerol,sCD30/TNFRSF8,delta_time2_vs_time1,30,27,-0.101649905,"[-0.45, 0.28]",0.599802066,0.999017505,FALSE
Palmitelaidic acid,APRIL/TNFSF13,delta_time3_vs_time1,30,27,-0.101658721,"[-0.45, 0.28]",0.599770261,0.992619405,FALSE
Valine,sCD163,delta_time3_vs_time1,30,27,-0.101734637,"[-0.45, 0.28]",0.599496418,0.992619405,FALSE
Cholesterol,IL-10,delta_time2_vs_time1,30,27,-0.101750757,"[-0.45, 0.28]",0.599438278,0.999017505,FALSE
Butanoic acid,BAFF/TNFSF13B,delta_time3_vs_time1,30,27,-0.101772507,"[-0.45, 0.27]",0.599359837,0.992619405,FALSE
Ascorbic Acid,sCD163,delta_time2_vs_time1,30,27,-0.101852107,"[-0.45, 0.27]",0.599072793,0.999017505,FALSE
Campesterol,APRIL/TNFSF13,delta_time3_vs_time1,30,27,-0.101952914,"[-0.45, 0.27]",0.59870936,0.992619405,FALSE
Linoleic Acid,Osteocalcin,delta_time3_vs_time1,30,27,-0.102328178,"[-0.45, 0.27]",0.597357268,0.992619405,FALSE
DL-Ornithine,Osteopontin,delta_time3_vs_time1,30,27,-0.102357341,"[-0.45, 0.27]",0.59725225,0.992619405,FALSE
Stearic Acid,Pentraxin-3,delta_time3_vs_time1,30,27,-0.102492,"[-0.45, 0.27]",0.596767424,0.992619405,FALSE
Glutamine [-H2O],IFN-a2,delta_time3_vs_time1,30,27,-0.102619177,"[-0.45, 0.27]",0.596309694,0.992619405,FALSE
Methyl galactoside,MMP-3,delta_time3_vs_time1,30,27,-0.102682336,"[-0.45, 0.27]",0.596082427,0.992619405,FALSE
Aminomalonic acid,sTNF-R2,delta_time3_vs_time1,30,27,-0.102720369,"[-0.45, 0.27]",0.595945595,0.992619405,FALSE
Palmitic Acid,MMP-3,delta_time2_vs_time1,30,27,-0.102731813,"[-0.45, 0.27]",0.595904422,0.999017505,FALSE
Indole-3-Latic Acid,sCD163,delta_time3_vs_time1,30,27,-0.102955688,"[-0.45, 0.27]",0.595099263,0.992619405,FALSE
"2,3,4-Trihydroxybutyric acid",IL-28A/IFN-lambda2,delta_time2_vs_time1,30,27,-0.103023037,"[-0.45, 0.27]",0.594857133,0.999017505,FALSE
Decanoic acid,MMP-1,delta_time2_vs_time1,30,27,-0.10323887,"[-0.45, 0.27]",0.594081476,0.999017505,FALSE
Tyrosine,IL-28A/IFN-lambda2,delta_time3_vs_time1,30,27,-0.103258255,"[-0.45, 0.27]",0.594011831,0.992619405,FALSE
1H-Indole-3-Acetic Acid,IL-12(p40),delta_time2_vs_time1,30,27,-0.10326665,"[-0.45, 0.27]",0.593981669,0.999017505,FALSE
L-5-Oxoproline,Chitinase 3-like1,delta_time2_vs_time1,30,27,-0.103301485,"[-0.45, 0.27]",0.59385653,0.999017505,FALSE
Ethyl alpha-D-glucopyranoside,MMP-3,delta_time2_vs_time1,30,27,-0.103302695,"[-0.45, 0.27]",0.593852185,0.999017505,FALSE
Lysine,IL-29/IFN-lambda1,delta_time3_vs_time1,30,27,-0.103440565,"[-0.45, 0.27]",0.593357018,0.992619405,FALSE
Ethyl alpha-D-glucopyranoside,IL-35,delta_time2_vs_time1,30,27,-0.103799427,"[-0.45, 0.27]",0.592068992,0.999017505,FALSE
L-(+)-Erythrulose,IL-19,delta_time3_vs_time1,30,27,-0.104270396,"[-0.45, 0.27]",0.590380426,0.992619405,FALSE
L-Alanine,IL-12(p70),delta_time2_vs_time1,30,27,-0.104294178,"[-0.45, 0.27]",0.590295217,0.999017505,FALSE
Diethanolamine,MMP-1,delta_time3_vs_time1,30,27,-0.104364939,"[-0.45, 0.27]",0.590041712,0.992619405,FALSE
L-(+)-Erythrulose,APRIL/TNFSF13,delta_time2_vs_time1,30,27,-0.10445645,"[-0.45, 0.27]",0.589713943,0.999017505,FALSE
Butanoic acid,Osteopontin,delta_time2_vs_time1,30,27,-0.104511807,"[-0.45, 0.27]",0.589515707,0.999017505,FALSE
Tryptophan,sTNF-R1,delta_time2_vs_time1,30,27,-0.104515408,"[-0.45, 0.27]",0.589502813,0.999017505,FALSE
Glycolic acid,IL-20,delta_time3_vs_time1,30,27,-0.104562809,"[-0.45, 0.27]",0.589333092,0.992619405,FALSE
2-Aminoheptanedioic acid,IL-35,delta_time2_vs_time1,30,27,-0.104737304,"[-0.45, 0.27]",0.588708488,0.999017505,FALSE
Tryptophan,IL-35,delta_time3_vs_time1,30,27,-0.104741273,"[-0.45, 0.27]",0.588694285,0.992619405,FALSE
Palmitelaidic acid,IL-35,delta_time2_vs_time1,30,27,-0.104793037,"[-0.45, 0.27]",0.588509054,0.999017505,FALSE
Methionine,IL-10,delta_time2_vs_time1,30,27,-0.105007986,"[-0.45, 0.27]",0.587740158,0.999017505,FALSE
Palmitelaidic acid,sIL-6Ra,delta_time3_vs_time1,30,27,-0.105096521,"[-0.45, 0.27]",0.587423585,0.992619405,FALSE
Tyrosine,gp130/sIL-6Rb,delta_time3_vs_time1,30,27,-0.105399614,"[-0.45, 0.27]",0.586340387,0.992619405,FALSE
"D-Arabinose, tetrakis",TSLP,delta_time2_vs_time1,30,27,-0.105536389,"[-0.45, 0.27]",0.585851865,0.999017505,FALSE
Lactic Acid.1,Osteopontin,delta_time2_vs_time1,30,27,-0.105600768,"[-0.45, 0.27]",0.585621984,0.999017505,FALSE
Tyrosine,IL-12(p40),delta_time2_vs_time1,30,27,-0.105693895,"[-0.45, 0.27]",0.58528952,0.999017505,FALSE
Glutamine [-H2O],BAFF/TNFSF13B,delta_time3_vs_time1,30,27,-0.105843072,"[-0.45, 0.27]",0.58475713,0.992619405,FALSE
Dodecanoic acid,MMP-1,delta_time3_vs_time1,30,27,-0.105976941,"[-0.45, 0.27]",0.58427955,0.992619405,FALSE
Oleic Acid,sIL-6Ra,delta_time3_vs_time1,30,27,-0.106013942,"[-0.45, 0.27]",0.584147581,0.992619405,FALSE
Ascorbic Acid,IL-12(p40),delta_time3_vs_time1,30,27,-0.106022074,"[-0.45, 0.27]",0.584118577,0.992619405,FALSE
Alanine,sCD163,delta_time2_vs_time1,30,27,-0.106356697,"[-0.46, 0.27]",0.582925702,0.999017505,FALSE
L-(+)-Erythrulose,sTNF-R2,delta_time3_vs_time1,30,27,-0.106364295,"[-0.46, 0.27]",0.582898629,0.992619405,FALSE
Glutamine [-H2O],sCD163,delta_time3_vs_time1,30,27,-0.10661147,"[-0.46, 0.27]",0.582018201,0.992619405,FALSE
Valine,Chitinase 3-like1,delta_time3_vs_time1,30,27,-0.106936349,"[-0.46, 0.27]",0.580861882,0.992619405,FALSE
Lactic Acid.1,BAFF/TNFSF13B,delta_time3_vs_time1,30,27,-0.107153389,"[-0.46, 0.27]",0.580089952,0.992619405,FALSE
Ethyl alpha-D-glucopyranoside,TWEAK/TNFSF12,delta_time2_vs_time1,30,27,-0.107312132,"[-0.46, 0.27]",0.579525654,0.999017505,FALSE
Valine,MMP-3,delta_time2_vs_time1,30,27,-0.107449423,"[-0.46, 0.27]",0.579037805,0.999017505,FALSE
Methionine,IL-11,delta_time2_vs_time1,30,27,-0.107634163,"[-0.46, 0.27]",0.578381639,0.999017505,FALSE
Palmitelaidic acid,IL-28A/IFN-lambda2,delta_time2_vs_time1,30,27,-0.107653482,"[-0.46, 0.27]",0.578313043,0.999017505,FALSE
"1,3-Dioxolane-2-methanol",Pentraxin-3,delta_time3_vs_time1,30,27,-0.107736408,"[-0.46, 0.27]",0.578018627,0.992619405,FALSE
3-OH-Butanoic Acid,IFN-a2,delta_time2_vs_time1,30,27,-0.107868283,"[-0.46, 0.27]",0.577550561,0.999017505,FALSE
"1,3-Dioxolane-2-methanol",Osteopontin,delta_time3_vs_time1,30,27,-0.107869135,"[-0.46, 0.27]",0.577547537,0.992619405,FALSE
Arachidonic acid,IL-11,delta_time3_vs_time1,30,27,-0.10788926,"[-0.46, 0.27]",0.577476124,0.992619405,FALSE
Citric acid,IL-28A/IFN-lambda2,delta_time3_vs_time1,30,27,-0.10791403,"[-0.46, 0.27]",0.577388232,0.992619405,FALSE
N-Acetylglutamine,IL-26,delta_time2_vs_time1,30,27,-0.107931454,"[-0.46, 0.27]",0.577326408,0.999017505,FALSE
L-Alanine,APRIL/TNFSF13,delta_time2_vs_time1,30,27,-0.108217499,"[-0.46, 0.27]",0.576311901,0.999017505,FALSE
Butanoic acid,MMP-3,delta_time3_vs_time1,30,27,-0.108257127,"[-0.46, 0.27]",0.576171415,0.992619405,FALSE
Valine,MMP-2,delta_time3_vs_time1,30,27,-0.108709617,"[-0.46, 0.27]",0.574568378,0.992619405,FALSE
Citric acid,sCD30/TNFRSF8,delta_time2_vs_time1,30,27,-0.108818647,"[-0.46, 0.27]",0.574182416,0.999017505,FALSE
Phenylalanine,sCD163,delta_time3_vs_time1,30,27,-0.108859037,"[-0.46, 0.27]",0.574039466,0.992619405,FALSE
Palmitic Acid,sCD163,delta_time3_vs_time1,30,27,-0.109071964,"[-0.46, 0.27]",0.573286128,0.992619405,FALSE
4-Aminobutanoic acid,sCD30/TNFRSF8,delta_time2_vs_time1,30,27,-0.109222562,"[-0.46, 0.27]",0.57275358,0.999017505,FALSE
Palmitic Acid,sCD30/TNFRSF8,delta_time3_vs_time1,30,27,-0.109254133,"[-0.46, 0.27]",0.572641965,0.992619405,FALSE
Stearic Acid,TWEAK/TNFSF12,delta_time3_vs_time1,30,27,-0.109276263,"[-0.46, 0.27]",0.572563733,0.992619405,FALSE
Arachidonic acid,Osteopontin,delta_time3_vs_time1,30,27,-0.10939509,"[-0.46, 0.27]",0.572143751,0.992619405,FALSE
DL-Ornithine,IL-29/IFN-lambda1,delta_time3_vs_time1,30,27,-0.10953586,"[-0.46, 0.27]",0.571646394,0.992619405,FALSE
Lysine,Pentraxin-3,delta_time2_vs_time1,30,27,-0.109634458,"[-0.46, 0.27]",0.571298151,0.999017505,FALSE
Arachidonic acid,IL-11,delta_time2_vs_time1,30,27,-0.109699641,"[-0.46, 0.27]",0.571067983,0.999017505,FALSE
Arachidonic acid.1,IL-26,delta_time3_vs_time1,30,27,-0.109742962,"[-0.46, 0.27]",0.57091503,0.992619405,FALSE
L-Alanine,Chitinase 3-like1,delta_time2_vs_time1,30,27,-0.109765642,"[-0.46, 0.27]",0.570834966,0.999017505,FALSE
Palmitic Acid,MMP-2,delta_time3_vs_time1,30,27,-0.109814296,"[-0.46, 0.27]",0.570663218,0.992619405,FALSE
Lactic Acid.1,sIL-6Ra,delta_time3_vs_time1,30,27,-0.10994691,"[-0.46, 0.27]",0.570195218,0.992619405,FALSE
Glycine,sCD30/TNFRSF8,delta_time2_vs_time1,30,27,-0.110127694,"[-0.46, 0.27]",0.569557499,0.999017505,FALSE
1-Ethyl-1-tetradecyloxy-1-silacyclohexane,Osteocalcin,delta_time2_vs_time1,30,27,-0.110530612,"[-0.46, 0.27]",0.568137356,0.999017505,FALSE
L-Norvaline,IL-12(p70),delta_time2_vs_time1,30,27,-0.110532922,"[-0.46, 0.27]",0.56812922,0.999017505,FALSE
2-OH-Butanoic Acid,IL-35,delta_time2_vs_time1,30,27,-0.110607163,"[-0.46, 0.27]",0.567867722,0.999017505,FALSE
L-Proline,sCD163,delta_time2_vs_time1,30,27,-0.110609333,"[-0.46, 0.27]",0.56786008,0.999017505,FALSE
Oxalic acid,MMP-3,delta_time2_vs_time1,30,27,-0.110616353,"[-0.46, 0.27]",0.567835354,0.999017505,FALSE
D-(-)-Ribofuranose,TWEAK/TNFSF12,delta_time2_vs_time1,30,27,-0.110831194,"[-0.46, 0.27]",0.567078955,0.999017505,FALSE
L-Proline,IL-12(p40),delta_time3_vs_time1,30,27,-0.110949218,"[-0.46, 0.27]",0.566663612,0.992619405,FALSE
Indole-3-Propionic Acid,IL-35,delta_time2_vs_time1,30,27,-0.111026221,"[-0.46, 0.27]",0.566392705,0.999017505,FALSE
beta-Alanine,sCD30/TNFRSF8,delta_time3_vs_time1,30,27,-0.111137447,"[-0.46, 0.27]",0.5660015,0.992619405,FALSE
L-Alanine,sTNF-R1,delta_time3_vs_time1,30,27,-0.111272679,"[-0.46, 0.27]",0.565526022,0.992619405,FALSE
L-Rhamnose,sTNF-R2,delta_time3_vs_time1,30,27,-0.111314371,"[-0.46, 0.27]",0.565379472,0.992619405,FALSE
Cysteine,sCD163,delta_time2_vs_time1,30,27,-0.111380526,"[-0.46, 0.27]",0.565146963,0.999017505,FALSE
Phenylalanine,IL-29/IFN-lambda1,delta_time3_vs_time1,30,27,-0.111488191,"[-0.46, 0.27]",0.564768657,0.992619405,FALSE
Serine,Osteopontin,delta_time2_vs_time1,30,27,-0.111562283,"[-0.46, 0.27]",0.564508386,0.999017505,FALSE
Nonanoic acid,IFN-y,delta_time2_vs_time1,30,27,-0.111591628,"[-0.46, 0.27]",0.564405315,0.999017505,FALSE
Cholesterol,IL-20,delta_time2_vs_time1,30,27,-0.111606118,"[-0.46, 0.27]",0.564354424,0.999017505,FALSE
"9-Hexadecenoic acid, (Z)-",MMP-1,delta_time3_vs_time1,30,27,-0.11166722,"[-0.46, 0.27]",0.564139851,0.992619405,FALSE
Doconexent,MMP-2,delta_time3_vs_time1,30,27,-0.111912258,"[-0.46, 0.27]",0.563279718,0.992619405,FALSE
Lysine,IL-11,delta_time3_vs_time1,30,27,-0.111996277,"[-0.46, 0.27]",0.562984931,0.992619405,FALSE
L-Aspartic acid,IL-20,delta_time3_vs_time1,30,27,-0.112184672,"[-0.46, 0.27]",0.562324192,0.992619405,FALSE
beta-D-Xylopyranose,IL-26,delta_time3_vs_time1,30,27,-0.112233871,"[-0.46, 0.27]",0.562151698,0.992619405,FALSE
"(R*,R*)-2,3-Dihydroxybutanoic acid",BAFF/TNFSF13B,delta_time2_vs_time1,30,27,-0.11236317,"[-0.46, 0.27]",0.561698488,0.999017505,FALSE
Linoleic Acid,IL-19,delta_time3_vs_time1,30,27,-0.112402871,"[-0.46, 0.27]",0.561559361,0.992619405,FALSE
Lactic Acid.1,sTNF-R1,delta_time3_vs_time1,30,27,-0.112541102,"[-0.46, 0.26]",0.561075082,0.992619405,FALSE
L-Rhamnose,Chitinase 3-like1,delta_time2_vs_time1,30,27,-0.112650428,"[-0.46, 0.26]",0.560692203,0.999017505,FALSE
Glutamine [-H2O],sTNF-R2,delta_time3_vs_time1,30,27,-0.112726299,"[-0.46, 0.26]",0.560426559,0.992619405,FALSE
"(R*,R*)-2,3-Dihydroxybutanoic acid",sCD30/TNFRSF8,delta_time2_vs_time1,30,27,-0.112950709,"[-0.46, 0.26]",0.559641183,0.999017505,FALSE
"1,5-Anhydrohexitol",TWEAK/TNFSF12,delta_time3_vs_time1,30,27,-0.112973397,"[-0.46, 0.26]",0.559561808,0.992619405,FALSE
"1,5-Anhydrohexitol",IL-29/IFN-lambda1,delta_time3_vs_time1,30,27,-0.113213903,"[-0.46, 0.26]",0.55872071,0.992619405,FALSE
Doconexent,IL-11,delta_time2_vs_time1,30,27,-0.113233629,"[-0.46, 0.26]",0.558651753,0.999017505,FALSE
Glycolic acid,sCD163,delta_time3_vs_time1,30,27,-0.113347353,"[-0.46, 0.26]",0.55825426,0.992619405,FALSE
beta-D-Xylopyranose,gp130/sIL-6Rb,delta_time2_vs_time1,30,27,-0.113391438,"[-0.46, 0.26]",0.558100209,0.999017505,FALSE
Valine,IL-19,delta_time2_vs_time1,30,27,-0.114002667,"[-0.46, 0.26]",0.555966323,0.999017505,FALSE
"D-Arabinose, tetrakis",BAFF/TNFSF13B,delta_time2_vs_time1,30,27,-0.11401925,"[-0.46, 0.26]",0.555908483,0.999017505,FALSE
Glyceric acid,Osteopontin,delta_time3_vs_time1,30,27,-0.114167216,"[-0.46, 0.26]",0.5553925,0.992619405,FALSE
2-OH-Butanoic Acid,sTNF-R1,delta_time2_vs_time1,30,27,-0.114200089,"[-0.46, 0.26]",0.555277899,0.999017505,FALSE
Arachidonic acid.1,Osteopontin,delta_time2_vs_time1,30,27,-0.114239052,"[-0.46, 0.26]",0.555142076,0.999017505,FALSE
Phenylalanine,Osteocalcin,delta_time3_vs_time1,30,27,-0.114242759,"[-0.46, 0.26]",0.555129154,0.992619405,FALSE
Oleic Acid,IL-11,delta_time2_vs_time1,30,27,-0.114372797,"[-0.46, 0.26]",0.554675974,0.999017505,FALSE
Tryptophan,IL-19,delta_time3_vs_time1,30,27,-0.114405797,"[-0.46, 0.26]",0.554560997,0.992619405,FALSE
Proline,IL-12(p40),delta_time2_vs_time1,30,27,-0.114492792,"[-0.46, 0.26]",0.554257945,0.999017505,FALSE
D-(-)-Ribofuranose,Pentraxin-3,delta_time3_vs_time1,30,27,-0.114501822,"[-0.46, 0.26]",0.554226492,0.992619405,FALSE
Ascorbic Acid,IL-12(p70),delta_time3_vs_time1,30,27,-0.114510944,"[-0.46, 0.26]",0.554194722,0.992619405,FALSE
Nonanoic acid,sTNF-R2,delta_time3_vs_time1,30,27,-0.11453632,"[-0.46, 0.26]",0.554106342,0.992619405,FALSE
Glycerol-3-P,IL-12(p40),delta_time3_vs_time1,30,27,-0.114733138,"[-0.46, 0.26]",0.553421083,0.992619405,FALSE
Diethanolamine,sTNF-R1,delta_time3_vs_time1,30,27,-0.114738153,"[-0.46, 0.26]",0.553403627,0.992619405,FALSE
"2,3,4-Trihydroxybutyric acid",Chitinase 3-like1,delta_time3_vs_time1,30,27,-0.11480727,"[-0.46, 0.26]",0.553163079,0.992619405,FALSE
Valine,BAFF/TNFSF13B,delta_time3_vs_time1,30,27,-0.114869598,"[-0.46, 0.26]",0.552946202,0.992619405,FALSE
3-OH-Butanoic Acid,IL-20,delta_time2_vs_time1,30,27,-0.114934915,"[-0.46, 0.26]",0.552718963,0.999017505,FALSE
Erythritol,sTNF-R1,delta_time2_vs_time1,30,27,-0.115293349,"[-0.46, 0.26]",0.551472748,0.999017505,FALSE
4-Aminobutanoic acid,IL-29/IFN-lambda1,delta_time3_vs_time1,30,27,-0.115338346,"[-0.46, 0.26]",0.551316395,0.992619405,FALSE
Glutamine [-H2O],MMP-3,delta_time2_vs_time1,30,27,-0.115458104,"[-0.46, 0.26]",0.55090036,0.999017505,FALSE
Glycerol,gp130/sIL-6Rb,delta_time2_vs_time1,30,27,-0.115561999,"[-0.46, 0.26]",0.550539553,0.999017505,FALSE
Proline,Osteocalcin,delta_time3_vs_time1,30,27,-0.115602448,"[-0.46, 0.26]",0.550399113,0.992619405,FALSE
Glycerol-3-P,sIL-6Ra,delta_time3_vs_time1,30,27,-0.115630386,"[-0.46, 0.26]",0.550302117,0.992619405,FALSE
Dodecanoic acid,IL-12(p40),delta_time2_vs_time1,30,27,-0.115768665,"[-0.46, 0.26]",0.549822168,0.999017505,FALSE
2-Aminoadipic acid,gp130/sIL-6Rb,delta_time3_vs_time1,30,27,-0.115783389,"[-0.46, 0.26]",0.549771074,0.992619405,FALSE
Decanoic acid,sTNF-R2,delta_time2_vs_time1,30,27,-0.11600454,"[-0.46, 0.26]",0.54900392,0.999017505,FALSE
1H-Indole-3-Acetic Acid,MMP-1,delta_time3_vs_time1,30,27,-0.116015655,"[-0.46, 0.26]",0.548965378,0.992619405,FALSE
"2,3-Butanediol",IL-26,delta_time2_vs_time1,30,27,-0.116206681,"[-0.46, 0.26]",0.54830315,0.999017505,FALSE
Indole-3-Latic Acid,BAFF/TNFSF13B,delta_time3_vs_time1,30,27,-0.116463329,"[-0.46, 0.26]",0.547414015,0.992619405,FALSE
L-Aspartic acid,TWEAK/TNFSF12,delta_time3_vs_time1,30,27,-0.116550658,"[-0.46, 0.26]",0.547111627,0.992619405,FALSE
Arginine [-NH3],sCD30/TNFRSF8,delta_time3_vs_time1,30,27,-0.116577399,"[-0.46, 0.26]",0.547019045,0.992619405,FALSE
Arachidonic acid,sCD163,delta_time2_vs_time1,30,27,-0.116641968,"[-0.46, 0.26]",0.546795534,0.999017505,FALSE
Methyl galactoside,gp130/sIL-6Rb,delta_time2_vs_time1,30,27,-0.116699477,"[-0.46, 0.26]",0.546596496,0.999017505,FALSE
"9-Hexadecenoic acid, (Z)-",IL-20,delta_time2_vs_time1,30,27,-0.116755724,"[-0.46, 0.26]",0.546401859,0.999017505,FALSE
2-Aminoheptanedioic acid,TSLP,delta_time2_vs_time1,30,27,-0.116779522,"[-0.46, 0.26]",0.546319519,0.999017505,FALSE
Campesterol,BAFF/TNFSF13B,delta_time2_vs_time1,30,27,-0.116780895,"[-0.46, 0.26]",0.546314768,0.999017505,FALSE
N-Acetylglutamine,IL-10,delta_time2_vs_time1,30,27,-0.116818592,"[-0.46, 0.26]",0.54618435,0.999017505,FALSE
"2-Ethyl-3-hydroxypropionic acid, di-",Osteopontin,delta_time2_vs_time1,30,27,-0.116853659,"[-0.46, 0.26]",0.546063046,0.999017505,FALSE
Doconexent,IFN-y,delta_time2_vs_time1,30,27,-0.116923967,"[-0.46, 0.26]",0.545819867,0.999017505,FALSE
Glutamine [-H2O],sCD30/TNFRSF8,delta_time2_vs_time1,30,27,-0.11694933,"[-0.46, 0.26]",0.545732157,0.999017505,FALSE
"Ethanolamine, 3TMS",IL-26,delta_time2_vs_time1,30,27,-0.116951091,"[-0.46, 0.26]",0.545726065,0.999017505,FALSE
Campesterol,IL-12(p70),delta_time3_vs_time1,30,27,-0.117354203,"[-0.46, 0.26]",0.544332895,0.992619405,FALSE
Decanoic acid,IL-19,delta_time3_vs_time1,30,27,-0.117468522,"[-0.46, 0.26]",0.543938111,0.992619405,FALSE
"2,3-Butanediol",Pentraxin-3,delta_time3_vs_time1,30,27,-0.117530407,"[-0.46, 0.26]",0.543724454,0.992619405,FALSE
Indole-3-Propionic Acid,TSLP,delta_time3_vs_time1,30,27,-0.117543575,"[-0.46, 0.26]",0.543678996,0.992619405,FALSE
"1,5-Anhydrohexitol",sCD30/TNFRSF8,delta_time3_vs_time1,30,27,-0.11797579,"[-0.46, 0.26]",0.542187942,0.992619405,FALSE
Arginine [-NH3],Osteocalcin,delta_time3_vs_time1,30,27,-0.118041197,"[-0.46, 0.26]",0.541962471,0.992619405,FALSE
DL-Ornithine,IL-10,delta_time2_vs_time1,30,27,-0.118126023,"[-0.46, 0.26]",0.54167012,0.999017505,FALSE
Oxalic acid,sTNF-R1,delta_time2_vs_time1,30,27,-0.118154383,"[-0.46, 0.26]",0.541572396,0.999017505,FALSE
1-Heptadecanol,TSLP,delta_time3_vs_time1,30,27,-0.118202048,"[-0.46, 0.26]",0.541408165,0.992619405,FALSE
Lactic Acid.1,sCD163,delta_time3_vs_time1,30,27,-0.118285494,"[-0.46, 0.26]",0.541120711,0.992619405,FALSE
Tyrosine,TSLP,delta_time3_vs_time1,30,27,-0.11828925,"[-0.46, 0.26]",0.541107775,0.992619405,FALSE
Indole-3-Latic Acid,IL-26,delta_time3_vs_time1,30,27,-0.118487985,"[-0.46, 0.26]",0.540423467,0.992619405,FALSE
D-(-)-Ribofuranose,IL-11,delta_time2_vs_time1,30,27,-0.118634206,"[-0.46, 0.26]",0.539920246,0.999017505,FALSE
Oleic Acid,MMP-3,delta_time3_vs_time1,30,27,-0.118652516,"[-0.46, 0.26]",0.539857247,0.992619405,FALSE
N-Acetylglutamine,IL-10,delta_time3_vs_time1,30,27,-0.118696132,"[-0.46, 0.26]",0.539707193,0.992619405,FALSE
L-Proline,Osteopontin,delta_time2_vs_time1,30,27,-0.1187033,"[-0.46, 0.26]",0.539682536,0.999017505,FALSE
"9-Hexadecenoic acid, (Z)-",Osteopontin,delta_time3_vs_time1,30,27,-0.118743531,"[-0.47, 0.26]",0.539544144,0.992619405,FALSE
Lysine,BAFF/TNFSF13B,delta_time3_vs_time1,30,27,-0.118753708,"[-0.47, 0.26]",0.539509141,0.992619405,FALSE
Doconexent,TWEAK/TNFSF12,delta_time3_vs_time1,30,27,-0.11875803,"[-0.47, 0.26]",0.539494276,0.992619405,FALSE
Cysteine,TSLP,delta_time3_vs_time1,30,27,-0.118767748,"[-0.47, 0.26]",0.539460852,0.992619405,FALSE
1-Monopalmitin,IL-12(p70),delta_time3_vs_time1,30,27,-0.118943787,"[-0.47, 0.26]",0.538855548,0.992619405,FALSE
Cysteine,Osteocalcin,delta_time2_vs_time1,30,27,-0.119077335,"[-0.47, 0.26]",0.538396561,0.999017505,FALSE
Glyceric acid,APRIL/TNFSF13,delta_time2_vs_time1,30,27,-0.11911269,"[-0.47, 0.26]",0.53827508,0.999017505,FALSE
Leucine,IFN-a2,delta_time2_vs_time1,30,27,-0.119137575,"[-0.47, 0.26]",0.538189583,0.999017505,FALSE
Campesterol,IL-12(p40),delta_time2_vs_time1,30,27,-0.119251225,"[-0.47, 0.26]",0.537799201,0.999017505,FALSE
L-Proline,MMP-3,delta_time3_vs_time1,30,27,-0.119288396,"[-0.47, 0.26]",0.537671548,0.992619405,FALSE
Citric acid,BAFF/TNFSF13B,delta_time2_vs_time1,30,27,-0.119307483,"[-0.47, 0.26]",0.537606006,0.999017505,FALSE
Lactic Acid.1,Chitinase 3-like1,delta_time3_vs_time1,30,27,-0.119323605,"[-0.47, 0.26]",0.537550647,0.992619405,FALSE
"9-Hexadecenoic acid, (Z)-",APRIL/TNFSF13,delta_time2_vs_time1,30,27,-0.119332238,"[-0.47, 0.26]",0.537521007,0.999017505,FALSE
Glycerol-3-P,IL-12(p70),delta_time3_vs_time1,30,27,-0.119500857,"[-0.47, 0.26]",0.536942196,0.992619405,FALSE
L-5-Oxoproline,BAFF/TNFSF13B,delta_time3_vs_time1,30,27,-0.119578861,"[-0.47, 0.26]",0.536674536,0.992619405,FALSE
Stearic Acid,MMP-2,delta_time3_vs_time1,30,27,-0.119852557,"[-0.47, 0.26]",0.535735886,0.992619405,FALSE
Methionine,Osteopontin,delta_time3_vs_time1,30,27,-0.119923548,"[-0.47, 0.26]",0.535492544,0.992619405,FALSE
2-OH-Butanoic Acid,IL-26,delta_time3_vs_time1,30,27,-0.119950352,"[-0.47, 0.26]",0.53540068,0.992619405,FALSE
Glycine,MMP-2,delta_time2_vs_time1,30,27,-0.12002309,"[-0.47, 0.26]",0.53515143,0.999017505,FALSE
Nonanoic acid,sCD30/TNFRSF8,delta_time2_vs_time1,30,27,-0.120284523,"[-0.47, 0.26]",0.534256031,0.999017505,FALSE
Glycine,Chitinase 3-like1,delta_time3_vs_time1,30,27,-0.120338518,"[-0.47, 0.26]",0.534071185,0.992619405,FALSE
Indole-3-Latic Acid,IL-19,delta_time2_vs_time1,30,27,-0.120397667,"[-0.47, 0.26]",0.533868735,0.999017505,FALSE
Ornithine,IL-20,delta_time3_vs_time1,30,27,-0.120406524,"[-0.47, 0.26]",0.533838425,0.992619405,FALSE
Decanoic acid,sCD163,delta_time2_vs_time1,30,27,-0.120634268,"[-0.47, 0.26]",0.533059279,0.999017505,FALSE
Oleic Acid,Osteopontin,delta_time3_vs_time1,30,27,-0.120728652,"[-0.47, 0.26]",0.532736537,0.992619405,FALSE
Phenylalanine,IL-12(p70),delta_time3_vs_time1,30,27,-0.120783465,"[-0.47, 0.26]",0.532549149,0.992619405,FALSE
Glutamic Acid,IL-20,delta_time3_vs_time1,30,27,-0.120890552,"[-0.47, 0.26]",0.532183145,0.992619405,FALSE
Doconexent,Osteopontin,delta_time3_vs_time1,30,27,-0.12094575,"[-0.47, 0.26]",0.531994535,0.992619405,FALSE
"1,3-Dioxolane-2-methanol",Chitinase 3-like1,delta_time2_vs_time1,30,27,-0.120953539,"[-0.47, 0.26]",0.531967924,0.999017505,FALSE
Dodecanoic acid,MMP-1,delta_time2_vs_time1,30,27,-0.121169964,"[-0.47, 0.26]",0.53122873,0.999017505,FALSE
Glycine,sTNF-R2,delta_time3_vs_time1,30,27,-0.12137371,"[-0.47, 0.26]",0.530533293,0.992619405,FALSE
Asparagine,sTNF-R2,delta_time2_vs_time1,30,27,-0.1214762,"[-0.47, 0.26]",0.530183632,0.999017505,FALSE
Lactic Acid.1,Osteocalcin,delta_time3_vs_time1,30,27,-0.121503858,"[-0.47, 0.26]",0.530089288,0.992619405,FALSE
Palmitelaidic acid,IL-29/IFN-lambda1,delta_time2_vs_time1,30,27,-0.12173649,"[-0.47, 0.26]",0.529296108,0.999017505,FALSE
Glyceric acid,IFN-y,delta_time2_vs_time1,30,27,-0.121997664,"[-0.47, 0.26]",0.528406289,0.999017505,FALSE
Oleic Acid,IL-35,delta_time2_vs_time1,30,27,-0.122004558,"[-0.47, 0.26]",0.528382809,0.999017505,FALSE
Erythritol,IL-11,delta_time3_vs_time1,30,27,-0.122015831,"[-0.47, 0.26]",0.528344418,0.992619405,FALSE
1H-Indole-3-Acetic Acid,Pentraxin-3,delta_time2_vs_time1,30,27,-0.122050829,"[-0.47, 0.26]",0.528225242,0.999017505,FALSE
N-Acetylglutamine,IL-26,delta_time3_vs_time1,30,27,-0.122214169,"[-0.47, 0.26]",0.527669199,0.992619405,FALSE
1-Heptadecanol,sCD163,delta_time3_vs_time1,30,27,-0.122225001,"[-0.47, 0.26]",0.527632336,0.992619405,FALSE
DL-Ornithine,Osteocalcin,delta_time2_vs_time1,30,27,-0.12224582,"[-0.47, 0.26]",0.527561485,0.999017505,FALSE
L-Norvaline,Osteopontin,delta_time2_vs_time1,30,27,-0.122430633,"[-0.47, 0.26]",0.526932746,0.999017505,FALSE
Valine,IL-28A/IFN-lambda2,delta_time2_vs_time1,30,27,-0.122576004,"[-0.47, 0.26]",0.526438442,0.999017505,FALSE
Asparagine,MMP-2,delta_time3_vs_time1,30,27,-0.122886373,"[-0.47, 0.26]",0.525383849,0.992619405,FALSE
L-5-Oxoproline,sIL-6Ra,delta_time3_vs_time1,30,27,-0.122934127,"[-0.47, 0.26]",0.525221674,0.992619405,FALSE
Glyceraldehyde-3-P(MOX),IL-35,delta_time3_vs_time1,30,27,-0.123005063,"[-0.47, 0.25]",0.524980824,0.992619405,FALSE
D-(-)-Ribofuranose,IL-11,delta_time3_vs_time1,30,27,-0.123336165,"[-0.47, 0.25]",0.523857323,0.992619405,FALSE
Arachidonic acid.1,IFN-y,delta_time3_vs_time1,30,27,-0.123594916,"[-0.47, 0.25]",0.522980134,0.992619405,FALSE
Palmitelaidic acid,Chitinase 3-like1,delta_time3_vs_time1,30,27,-0.123653712,"[-0.47, 0.25]",0.522780909,0.992619405,FALSE
Palmitelaidic acid,IL-10,delta_time2_vs_time1,30,27,-0.123732812,"[-0.47, 0.25]",0.522512945,0.999017505,FALSE
Asparagine,IL-28A/IFN-lambda2,delta_time2_vs_time1,30,27,-0.123832203,"[-0.47, 0.25]",0.522176335,0.999017505,FALSE
2-Aminoheptanedioic acid,IFN-y,delta_time2_vs_time1,30,27,-0.123901291,"[-0.47, 0.25]",0.521942415,0.999017505,FALSE
L-Norvaline,sTNF-R1,delta_time2_vs_time1,30,27,-0.123939669,"[-0.47, 0.25]",0.521812497,0.999017505,FALSE
"1,3-Dioxolane-2-methanol",IL-28A/IFN-lambda2,delta_time3_vs_time1,30,27,-0.123981299,"[-0.47, 0.25]",0.521671586,0.992619405,FALSE
Tryptophan,BAFF/TNFSF13B,delta_time3_vs_time1,30,27,-0.124036416,"[-0.47, 0.25]",0.521485052,0.992619405,FALSE
Ascorbic Acid,IFN-y,delta_time3_vs_time1,30,27,-0.12410396,"[-0.47, 0.25]",0.521256507,0.992619405,FALSE
Leucine,TWEAK/TNFSF12,delta_time2_vs_time1,30,27,-0.124270162,"[-0.47, 0.25]",0.520694344,0.999017505,FALSE
"2,3,4-Trihydroxybutyric acid",IL-26,delta_time3_vs_time1,30,27,-0.124655695,"[-0.47, 0.25]",0.519391451,0.992619405,FALSE
Arachidonic acid,sCD30/TNFRSF8,delta_time2_vs_time1,30,27,-0.124844242,"[-0.47, 0.25]",0.518754842,0.999017505,FALSE
L-Aspartic acid,Osteocalcin,delta_time2_vs_time1,30,27,-0.124855012,"[-0.47, 0.25]",0.51871849,0.999017505,FALSE
"2,3,4-Trihydroxybutyric acid",IFN-y,delta_time2_vs_time1,30,27,-0.125070764,"[-0.47, 0.25]",0.517990518,0.999017505,FALSE
Alanine,MMP-2,delta_time2_vs_time1,30,27,-0.125121554,"[-0.47, 0.25]",0.517819219,0.999017505,FALSE
Glutamine [-H2O],BAFF/TNFSF13B,delta_time2_vs_time1,30,27,-0.125214259,"[-0.47, 0.25]",0.517506623,0.999017505,FALSE
beta-D-Xylopyranose,IFN-a2,delta_time2_vs_time1,30,27,-0.125602031,"[-0.47, 0.25]",0.516200089,0.999017505,FALSE
1H-Indole-3-Acetic Acid,IL-28A/IFN-lambda2,delta_time3_vs_time1,30,27,-0.126434601,"[-0.47, 0.25]",0.513400338,0.992619405,FALSE
Citric acid,IL-12(p40),delta_time2_vs_time1,30,27,-0.126540275,"[-0.47, 0.25]",0.513045513,0.999017505,FALSE
Indole-3-Latic Acid,Osteocalcin,delta_time2_vs_time1,30,27,-0.126815386,"[-0.47, 0.25]",0.512122329,0.999017505,FALSE
4-Aminobutanoic acid,IL-12(p70),delta_time2_vs_time1,30,27,-0.126817192,"[-0.47, 0.25]",0.512116274,0.999017505,FALSE
Dodecanoic acid,IL-20,delta_time2_vs_time1,30,27,-0.126946204,"[-0.47, 0.25]",0.511683635,0.999017505,FALSE
Phenylalanine,MMP-2,delta_time3_vs_time1,30,27,-0.127083198,"[-0.47, 0.25]",0.511224425,0.992619405,FALSE
L-Alanine,Osteocalcin,delta_time3_vs_time1,30,27,-0.127207299,"[-0.47, 0.25]",0.510808612,0.992619405,FALSE
Valine,sIL-6Ra,delta_time2_vs_time1,30,27,-0.127215726,"[-0.47, 0.25]",0.510780382,0.999017505,FALSE
Butanoic acid,sIL-6Ra,delta_time3_vs_time1,30,27,-0.127303818,"[-0.47, 0.25]",0.510485329,0.992619405,FALSE
Ornithine,sTNF-R1,delta_time2_vs_time1,30,27,-0.127437703,"[-0.47, 0.25]",0.510037058,0.999017505,FALSE
Butanoic acid,IL-12(p40),delta_time3_vs_time1,30,27,-0.127443422,"[-0.47, 0.25]",0.510017912,0.992619405,FALSE
L-Norvaline,Pentraxin-3,delta_time3_vs_time1,30,27,-0.1276652,"[-0.47, 0.25]",0.509275805,0.992619405,FALSE
Methyl galactoside,IL-11,delta_time2_vs_time1,30,27,-0.127767309,"[-0.47, 0.25]",0.508934306,0.999017505,FALSE
beta-D-Xylopyranose,MMP-1,delta_time2_vs_time1,30,27,-0.127919628,"[-0.47, 0.25]",0.508425097,0.999017505,FALSE
2-Aminoadipic acid,MMP-2,delta_time2_vs_time1,30,27,-0.128031672,"[-0.47, 0.25]",0.508050692,0.999017505,FALSE
1H-Indole-3-Acetic Acid,TWEAK/TNFSF12,delta_time3_vs_time1,30,27,-0.128077532,"[-0.47, 0.25]",0.507897484,0.992619405,FALSE
L-Norvaline,BAFF/TNFSF13B,delta_time2_vs_time1,30,27,-0.128105425,"[-0.47, 0.25]",0.507804312,0.999017505,FALSE
beta-Alanine,IL-12(p40),delta_time2_vs_time1,30,27,-0.128296798,"[-0.47, 0.25]",0.507165287,0.999017505,FALSE
Doconexent,IL-26,delta_time3_vs_time1,30,27,-0.128319735,"[-0.47, 0.25]",0.507088721,0.992619405,FALSE
"2,3-Butanediol",IFN-y,delta_time3_vs_time1,30,27,-0.128399764,"[-0.47, 0.25]",0.506821633,0.992619405,FALSE
Glycolic acid,gp130/sIL-6Rb,delta_time2_vs_time1,30,27,-0.128441798,"[-0.47, 0.25]",0.506681372,0.999017505,FALSE
Indole-3-Latic Acid,sIL-6Ra,delta_time3_vs_time1,30,27,-0.128476439,"[-0.47, 0.25]",0.506565799,0.992619405,FALSE
Diethanolamine,IFN-a2,delta_time3_vs_time1,30,27,-0.128524903,"[-0.47, 0.25]",0.506404128,0.992619405,FALSE
Decanoic acid,IL-10,delta_time3_vs_time1,30,27,-0.128651756,"[-0.47, 0.25]",0.505981083,0.992619405,FALSE
"11-Eicosenoic acid, (E)-",IL-28A/IFN-lambda2,delta_time2_vs_time1,30,27,-0.128697369,"[-0.47, 0.25]",0.505829006,0.999017505,FALSE
Erythritol,IL-20,delta_time3_vs_time1,30,27,-0.128746655,"[-0.47, 0.25]",0.505664712,0.992619405,FALSE
L-5-Oxoproline,sTNF-R2,delta_time2_vs_time1,30,27,-0.128856888,"[-0.47, 0.25]",0.50529735,0.999017505,FALSE
Glycolic acid,sCD30/TNFRSF8,delta_time2_vs_time1,30,27,-0.12895342,"[-0.47, 0.25]",0.504975754,0.999017505,FALSE
Proline,Chitinase 3-like1,delta_time2_vs_time1,30,27,-0.129271317,"[-0.47, 0.25]",0.503917406,0.999017505,FALSE
L-Proline,MMP-3,delta_time2_vs_time1,30,27,-0.129943034,"[-0.47, 0.25]",0.501684747,0.999017505,FALSE
Methionine,MMP-3,delta_time2_vs_time1,30,27,-0.130108717,"[-0.47, 0.25]",0.501134808,0.999017505,FALSE
2-OH-Butanoic Acid,Osteocalcin,delta_time2_vs_time1,30,27,-0.13013154,"[-0.47, 0.25]",0.501059077,0.999017505,FALSE
Phenylalanine,sCD163,delta_time2_vs_time1,30,27,-0.130142112,"[-0.47, 0.25]",0.501024002,0.999017505,FALSE
Decanoic acid,IL-12(p40),delta_time3_vs_time1,30,27,-0.130240432,"[-0.47, 0.25]",0.500697835,0.992619405,FALSE
L-Norvaline,MMP-2,delta_time3_vs_time1,30,27,-0.13066324,"[-0.47, 0.25]",0.499296421,0.992619405,FALSE
Indole-3-Latic Acid,TWEAK/TNFSF12,delta_time2_vs_time1,30,27,-0.130666412,"[-0.47, 0.25]",0.499285915,0.999017505,FALSE
L-Alanine,sCD30/TNFRSF8,delta_time2_vs_time1,30,27,-0.130707531,"[-0.47, 0.25]",0.499149731,0.999017505,FALSE
N-Acetylglutamine,APRIL/TNFSF13,delta_time2_vs_time1,30,27,-0.13074683,"[-0.47, 0.25]",0.49901959,0.999017505,FALSE
Cysteine,MMP-2,delta_time2_vs_time1,30,27,-0.130844741,"[-0.47, 0.25]",0.498695434,0.999017505,FALSE
L-Alanine,Chitinase 3-like1,delta_time3_vs_time1,30,27,-0.130885533,"[-0.47, 0.25]",0.498560412,0.992619405,FALSE
Methyl galactoside,Osteocalcin,delta_time2_vs_time1,30,27,-0.13091035,"[-0.47, 0.25]",0.498478275,0.999017505,FALSE
Arachidonic acid.1,IL-11,delta_time2_vs_time1,30,27,-0.131052338,"[-0.47, 0.25]",0.498008479,0.999017505,FALSE
Palmitelaidic acid,Osteocalcin,delta_time3_vs_time1,30,27,-0.131158534,"[-0.47, 0.25]",0.497657253,0.992619405,FALSE
Palmitelaidic acid,IFN-a2,delta_time2_vs_time1,30,27,-0.131247922,"[-0.47, 0.25]",0.497361713,0.999017505,FALSE
Glycolic acid,sIL-6Ra,delta_time3_vs_time1,30,27,-0.131253616,"[-0.47, 0.25]",0.497342892,0.992619405,FALSE
Stearic Acid,sCD163,delta_time3_vs_time1,30,27,-0.131273016,"[-0.47, 0.25]",0.49727876,0.992619405,FALSE
3-OH-Butanoic Acid,IL-35,delta_time2_vs_time1,30,27,-0.131373304,"[-0.48, 0.25]",0.496947318,0.999017505,FALSE
Decanoic acid,IL-19,delta_time2_vs_time1,30,27,-0.131378669,"[-0.48, 0.25]",0.496929589,0.999017505,FALSE
1-Monooleoylglycerol,IL-20,delta_time3_vs_time1,30,27,-0.131406684,"[-0.48, 0.25]",0.496837022,0.992619405,FALSE
Indole-3-Latic Acid,IL-11,delta_time3_vs_time1,30,27,-0.131422387,"[-0.48, 0.25]",0.49678514,0.992619405,FALSE
1-Ethyl-1-tetradecyloxy-1-silacyclohexane,MMP-3,delta_time2_vs_time1,30,27,-0.13150395,"[-0.48, 0.25]",0.496515707,0.999017505,FALSE
Dodecanoic acid,MMP-3,delta_time2_vs_time1,30,27,-0.13150395,"[-0.48, 0.25]",0.496515707,0.999017505,FALSE
Glycine,Osteocalcin,delta_time3_vs_time1,30,27,-0.131893794,"[-0.48, 0.25]",0.495228915,0.992619405,FALSE
Ascorbic Acid,IL-20,delta_time2_vs_time1,30,27,-0.131976535,"[-0.48, 0.25]",0.494956023,0.999017505,FALSE
"D-Arabinose, tetrakis",IL-26,delta_time2_vs_time1,30,27,-0.13203943,"[-0.48, 0.25]",0.494748633,0.999017505,FALSE
Asparagine,IL-26,delta_time2_vs_time1,30,27,-0.132182693,"[-0.48, 0.25]",0.494276406,0.999017505,FALSE
Glyceric acid,sIL-6Ra,delta_time2_vs_time1,30,27,-0.132242138,"[-0.48, 0.25]",0.494080531,0.999017505,FALSE
Tryptophan,Pentraxin-3,delta_time3_vs_time1,30,27,-0.132245198,"[-0.48, 0.25]",0.494070447,0.992619405,FALSE
"2-Ethyl-3-hydroxypropionic acid, di-",MMP-3,delta_time3_vs_time1,30,27,-0.13239004,"[-0.48, 0.25]",0.493593348,0.992619405,FALSE
"2-Ethyl-3-hydroxypropionic acid, di-",Chitinase 3-like1,delta_time2_vs_time1,30,27,-0.132693779,"[-0.48, 0.25]",0.49259361,0.999017505,FALSE
1H-Indole-3-Acetic Acid,TSLP,delta_time3_vs_time1,30,27,-0.132697712,"[-0.48, 0.25]",0.492580668,0.992619405,FALSE
Stearic Acid,sCD30/TNFRSF8,delta_time3_vs_time1,30,27,-0.133086491,"[-0.48, 0.25]",0.491302537,0.992619405,FALSE
"1,3-Dioxolane-2-methanol",IL-20,delta_time2_vs_time1,30,27,-0.133231483,"[-0.48, 0.25]",0.490826299,0.999017505,FALSE
"2-Ethyl-3-hydroxypropionic acid, di-",Pentraxin-3,delta_time3_vs_time1,30,27,-0.133455011,"[-0.48, 0.25]",0.490092564,0.992619405,FALSE
Dodecanoic acid,TWEAK/TNFSF12,delta_time2_vs_time1,30,27,-0.133455918,"[-0.48, 0.25]",0.490089585,0.999017505,FALSE
Indole-3-Latic Acid,APRIL/TNFSF13,delta_time2_vs_time1,30,27,-0.133608511,"[-0.48, 0.24]",0.489589016,0.999017505,FALSE
2-Aminoadipic acid,Osteocalcin,delta_time2_vs_time1,30,27,-0.133641008,"[-0.48, 0.24]",0.489482447,0.999017505,FALSE
L-5-Oxoproline,TSLP,delta_time3_vs_time1,30,27,-0.133658785,"[-0.48, 0.24]",0.489424153,0.992619405,FALSE
1H-Indole-3-Acetic Acid,IFN-a2,delta_time2_vs_time1,30,27,-0.133809525,"[-0.48, 0.24]",0.48893,0.999017505,FALSE
Threonine,sCD30/TNFRSF8,delta_time2_vs_time1,30,27,-0.133814395,"[-0.48, 0.24]",0.48891404,0.999017505,FALSE
Glycine,IL-19,delta_time2_vs_time1,30,27,-0.13384765,"[-0.48, 0.24]",0.488805061,0.999017505,FALSE
Glycolic acid,sCD30/TNFRSF8,delta_time3_vs_time1,30,27,-0.133923305,"[-0.48, 0.24]",0.48855718,0.992619405,FALSE
Indole-3-Latic Acid,IL-10,delta_time3_vs_time1,30,27,-0.133963386,"[-0.48, 0.24]",0.488425879,0.992619405,FALSE
"Ethanolamine, 2TMS",MMP-1,delta_time2_vs_time1,30,27,-0.133992049,"[-0.48, 0.24]",0.488331994,0.999017505,FALSE
Cysteine,sCD163,delta_time3_vs_time1,30,27,-0.134434045,"[-0.48, 0.24]",0.486885419,0.992619405,FALSE
Lysine,IL-11,delta_time2_vs_time1,30,27,-0.134562044,"[-0.48, 0.24]",0.48646691,0.999017505,FALSE
"Ethanolamine, 3TMS",gp130/sIL-6Rb,delta_time2_vs_time1,30,27,-0.134733387,"[-0.48, 0.24]",0.48590697,0.999017505,FALSE
Alanine,Osteocalcin,delta_time2_vs_time1,30,27,-0.13495325,"[-0.48, 0.24]",0.485188948,0.999017505,FALSE
Glycerol,IL-26,delta_time3_vs_time1,30,27,-0.134992778,"[-0.48, 0.24]",0.485059915,0.992619405,FALSE
Arachidonic acid.1,sIL-6Ra,delta_time2_vs_time1,30,27,-0.135287221,"[-0.48, 0.24]",0.484099316,0.999017505,FALSE
"2-Ethyl-3-hydroxypropionic acid, di-",IFN-a2,delta_time2_vs_time1,30,27,-0.135744046,"[-0.48, 0.24]",0.48261088,0.999017505,FALSE
L-Rhamnose,gp130/sIL-6Rb,delta_time3_vs_time1,30,27,-0.136091051,"[-0.48, 0.24]",0.481481833,0.992619405,FALSE
Cholesterol,APRIL/TNFSF13,delta_time2_vs_time1,30,27,-0.136169023,"[-0.48, 0.24]",0.481228324,0.999017505,FALSE
1-Monopalmitin,sCD163,delta_time2_vs_time1,30,27,-0.136172819,"[-0.48, 0.24]",0.481215983,0.999017505,FALSE
"D-Arabinose, tetrakis",MMP-3,delta_time2_vs_time1,30,27,-0.136437495,"[-0.48, 0.24]",0.480355966,0.999017505,FALSE
Arachidonic acid.1,IL-20,delta_time2_vs_time1,30,27,-0.136533164,"[-0.48, 0.24]",0.480045301,0.999017505,FALSE
"Ethanolamine, 3TMS",IL-11,delta_time3_vs_time1,30,27,-0.136928969,"[-0.48, 0.24]",0.478761104,0.992619405,FALSE
N-Acetylglutamine,IFN-a2,delta_time2_vs_time1,30,27,-0.13698585,"[-0.48, 0.24]",0.478576699,0.999017505,FALSE
D-(-)-Ribofuranose,MMP-3,delta_time2_vs_time1,30,27,-0.137027419,"[-0.48, 0.24]",0.478441958,0.999017505,FALSE
1-Monooleoylglycerol,IFN-a2,delta_time3_vs_time1,30,27,-0.137032923,"[-0.48, 0.24]",0.47842412,0.992619405,FALSE
alpha-D-Glucopyranoside,gp130/sIL-6Rb,delta_time2_vs_time1,30,27,-0.137076613,"[-0.48, 0.24]",0.478282527,0.999017505,FALSE
"1,5-Anhydrohexitol",IL-12(p40),delta_time3_vs_time1,30,27,-0.137077903,"[-0.48, 0.24]",0.478278344,0.992619405,FALSE
Arachidonic acid,IFN-y,delta_time2_vs_time1,30,27,-0.137371161,"[-0.48, 0.24]",0.477328502,0.999017505,FALSE
Linoleic Acid,IL-12(p70),delta_time3_vs_time1,30,27,-0.137392432,"[-0.48, 0.24]",0.477259646,0.992619405,FALSE
Lysine,IL-12(p40),delta_time2_vs_time1,30,27,-0.137435347,"[-0.48, 0.24]",0.47712074,0.999017505,FALSE
1-Ethyl-1-tetradecyloxy-1-silacyclohexane,MMP-2,delta_time2_vs_time1,30,27,-0.137494824,"[-0.48, 0.24]",0.476928259,0.999017505,FALSE
Decanoic acid,Osteocalcin,delta_time2_vs_time1,30,27,-0.137898502,"[-0.48, 0.24]",0.475622933,0.999017505,FALSE
1-Heptadecanol,IFN-y,delta_time3_vs_time1,30,27,-0.137921133,"[-0.48, 0.24]",0.47554981,0.992619405,FALSE
Glyceric acid,TWEAK/TNFSF12,delta_time3_vs_time1,30,27,-0.138040451,"[-0.48, 0.24]",0.475164371,0.992619405,FALSE
Glyceric acid,sCD163,delta_time2_vs_time1,30,27,-0.13804665,"[-0.48, 0.24]",0.47514435,0.999017505,FALSE
L-(+)-Erythrulose,sIL-6Ra,delta_time2_vs_time1,30,27,-0.138068945,"[-0.48, 0.24]",0.475072348,0.999017505,FALSE
"Ethanolamine, 3TMS",sTNF-R1,delta_time2_vs_time1,30,27,-0.13878176,"[-0.48, 0.24]",0.472773308,0.999017505,FALSE
Cysteine,IFN-y,delta_time2_vs_time1,30,27,-0.138919392,"[-0.48, 0.24]",0.472330071,0.999017505,FALSE
Palmitelaidic acid,IL-26,delta_time2_vs_time1,30,27,-0.138926228,"[-0.48, 0.24]",0.47230806,0.999017505,FALSE
N-Acetylglutamine,Osteocalcin,delta_time2_vs_time1,30,27,-0.139214139,"[-0.48, 0.24]",0.471381577,0.999017505,FALSE
1-Ethyl-1-tetradecyloxy-1-silacyclohexane,MMP-2,delta_time3_vs_time1,30,27,-0.139301619,"[-0.48, 0.24]",0.471100258,0.992619405,FALSE
Arginine [-NH3],MMP-2,delta_time3_vs_time1,30,27,-0.13935333,"[-0.48, 0.24]",0.470934007,0.992619405,FALSE
Cholesterol,IFN-a2,delta_time3_vs_time1,30,27,-0.139390478,"[-0.48, 0.24]",0.470814594,0.992619405,FALSE
Nonanoic acid,sIL-6Ra,delta_time2_vs_time1,30,27,-0.139415114,"[-0.48, 0.24]",0.47073541,0.999017505,FALSE
Palmitic Acid,Osteopontin,delta_time3_vs_time1,30,27,-0.139929619,"[-0.48, 0.24]",0.469083297,0.992619405,FALSE
Cysteine,TWEAK/TNFSF12,delta_time3_vs_time1,30,27,-0.139994684,"[-0.48, 0.24]",0.468874586,0.992619405,FALSE
"1,5-Anhydrohexitol",IL-11,delta_time2_vs_time1,30,27,-0.140003528,"[-0.48, 0.24]",0.468846218,0.999017505,FALSE
"(R*,R*)-2,3-Dihydroxybutanoic acid",Chitinase 3-like1,delta_time2_vs_time1,30,27,-0.140023564,"[-0.48, 0.24]",0.46878196,0.999017505,FALSE
Diethanolamine,Chitinase 3-like1,delta_time3_vs_time1,30,27,-0.140103344,"[-0.48, 0.24]",0.468526136,0.992619405,FALSE
2-Aminoadipic acid,IL-12(p70),delta_time2_vs_time1,30,27,-0.140184303,"[-0.48, 0.24]",0.468266609,0.999017505,FALSE
L-Aspartic acid,Osteopontin,delta_time2_vs_time1,30,27,-0.140324703,"[-0.48, 0.24]",0.467816711,0.999017505,FALSE
Ornithine,IL-26,delta_time2_vs_time1,30,27,-0.140367208,"[-0.48, 0.24]",0.467680551,0.999017505,FALSE
"(R*,R*)-2,3-Dihydroxybutanoic acid",IFN-a2,delta_time2_vs_time1,30,27,-0.140431981,"[-0.48, 0.24]",0.467473099,0.999017505,FALSE
Tryptophan,IL-10,delta_time3_vs_time1,30,27,-0.140595412,"[-0.48, 0.24]",0.466949884,0.992619405,FALSE
1-Ethyl-1-tetradecyloxy-1-silacyclohexane,TWEAK/TNFSF12,delta_time2_vs_time1,30,27,-0.140633379,"[-0.48, 0.24]",0.466828379,0.999017505,FALSE
1-Ethyl-1-tetradecyloxy-1-silacyclohexane,sCD30/TNFRSF8,delta_time3_vs_time1,30,27,-0.140675317,"[-0.48, 0.24]",0.466694187,0.992619405,FALSE
"1,5-Anhydrohexitol",Osteocalcin,delta_time3_vs_time1,30,27,-0.140687327,"[-0.48, 0.24]",0.46665576,0.992619405,FALSE
Serine,MMP-2,delta_time2_vs_time1,30,27,-0.141035342,"[-0.48, 0.24]",0.465543,0.999017505,FALSE
Dodecanoic acid,IFN-a2,delta_time2_vs_time1,30,27,-0.14111528,"[-0.48, 0.24]",0.4652876,0.999017505,FALSE
Ornithine,IFN-a2,delta_time3_vs_time1,30,27,-0.141162042,"[-0.48, 0.24]",0.465138231,0.992619405,FALSE
Aminomalonic acid,Chitinase 3-like1,delta_time3_vs_time1,30,27,-0.141268153,"[-0.48, 0.24]",0.464799378,0.992619405,FALSE
1-Monooleoylglycerol,sCD30/TNFRSF8,delta_time3_vs_time1,30,27,-0.141287968,"[-0.48, 0.24]",0.464736116,0.992619405,FALSE
Arachidonic acid.1,sTNF-R2,delta_time2_vs_time1,30,27,-0.141759795,"[-0.48, 0.24]",0.46323107,0.999017505,FALSE
L-Alanine,sCD163,delta_time3_vs_time1,30,27,-0.141791652,"[-0.48, 0.24]",0.463129544,0.992619405,FALSE
Diethanolamine,MMP-3,delta_time2_vs_time1,30,27,-0.142006904,"[-0.48, 0.24]",0.462443859,0.999017505,FALSE
"2-Ethyl-3-hydroxypropionic acid, di-",Osteocalcin,delta_time3_vs_time1,30,27,-0.142058248,"[-0.48, 0.24]",0.462280383,0.992619405,FALSE
Threonine,Chitinase 3-like1,delta_time2_vs_time1,30,27,-0.142162409,"[-0.48, 0.24]",0.461948832,0.999017505,FALSE
1-Monopalmitin,MMP-2,delta_time3_vs_time1,30,27,-0.142478019,"[-0.48, 0.24]",0.460944988,0.992619405,FALSE
Tyrosine,MMP-2,delta_time3_vs_time1,30,27,-0.142513673,"[-0.48, 0.24]",0.46083166,0.992619405,FALSE
D-(-)-Ribofuranose,Chitinase 3-like1,delta_time3_vs_time1,30,27,-0.142654735,"[-0.48, 0.24]",0.460383423,0.992619405,FALSE
"2-Ethyl-3-hydroxypropionic acid, di-",IL-11,delta_time3_vs_time1,30,27,-0.142735206,"[-0.48, 0.24]",0.46012782,0.992619405,FALSE
Ascorbic Acid,Pentraxin-3,delta_time2_vs_time1,30,27,-0.142745466,"[-0.48, 0.24]",0.460095236,0.999017505,FALSE
Cysteine,APRIL/TNFSF13,delta_time3_vs_time1,30,27,-0.142888039,"[-0.48, 0.24]",0.459642582,0.992619405,FALSE
"9-Hexadecenoic acid, (Z)-",sTNF-R2,delta_time2_vs_time1,30,27,-0.143189105,"[-0.48, 0.24]",0.4586875,0.999017505,FALSE
Citric acid,IL-29/IFN-lambda1,delta_time2_vs_time1,30,27,-0.143307223,"[-0.48, 0.24]",0.458313079,0.999017505,FALSE
Arachidonic acid.1,APRIL/TNFSF13,delta_time2_vs_time1,30,27,-0.143429241,"[-0.48, 0.24]",0.457926464,0.999017505,FALSE
L-Norvaline,APRIL/TNFSF13,delta_time2_vs_time1,30,27,-0.143757415,"[-0.48, 0.24]",0.456887497,0.999017505,FALSE
Methionine,IL-26,delta_time2_vs_time1,30,27,-0.143764156,"[-0.48, 0.24]",0.456866168,0.999017505,FALSE
"1,5-Anhydrohexitol",sIL-6Ra,delta_time3_vs_time1,30,27,-0.143915992,"[-0.48, 0.23]",0.456385906,0.992619405,FALSE
DL-Ornithine,IL-12(p40),delta_time3_vs_time1,30,27,-0.143927716,"[-0.48, 0.23]",0.456348834,0.992619405,FALSE
beta-Alanine,IFN-y,delta_time2_vs_time1,30,27,-0.144019977,"[-0.48, 0.23]",0.456057151,0.999017505,FALSE
Linoleic Acid,IL-12(p40),delta_time3_vs_time1,30,27,-0.144064902,"[-0.48, 0.23]",0.455915159,0.992619405,FALSE
L-Norvaline,APRIL/TNFSF13,delta_time3_vs_time1,30,27,-0.144414405,"[-0.49, 0.23]",0.454811289,0.992619405,FALSE
D-(-)-Ribofuranose,sCD163,delta_time2_vs_time1,30,27,-0.144421115,"[-0.49, 0.23]",0.454790112,0.999017505,FALSE
Campesterol,sCD30/TNFRSF8,delta_time2_vs_time1,30,27,-0.144468951,"[-0.49, 0.23]",0.454639142,0.999017505,FALSE
"9-Hexadecenoic acid, (Z)-",BAFF/TNFSF13B,delta_time3_vs_time1,30,27,-0.144469196,"[-0.49, 0.23]",0.454638368,0.992619405,FALSE
Palmitelaidic acid,IL-11,delta_time2_vs_time1,30,27,-0.144476509,"[-0.49, 0.23]",0.454615291,0.999017505,FALSE
1H-Indole-3-Acetic Acid,IL-29/IFN-lambda1,delta_time2_vs_time1,30,27,-0.144491322,"[-0.49, 0.23]",0.454568548,0.999017505,FALSE
Arachidonic acid,sTNF-R2,delta_time2_vs_time1,30,27,-0.144527495,"[-0.49, 0.23]",0.454454412,0.999017505,FALSE
"2-Ethyl-3-hydroxypropionic acid, di-",sTNF-R1,delta_time3_vs_time1,30,27,-0.144817619,"[-0.49, 0.23]",0.453539548,0.992619405,FALSE
Tyrosine,BAFF/TNFSF13B,delta_time3_vs_time1,30,27,-0.14485391,"[-0.49, 0.23]",0.453425179,0.992619405,FALSE
Decanoic acid,MMP-3,delta_time2_vs_time1,30,27,-0.144916972,"[-0.49, 0.23]",0.45322648,0.999017505,FALSE
Glycerol-3-P,TWEAK/TNFSF12,delta_time3_vs_time1,30,27,-0.144926957,"[-0.49, 0.23]",0.453195021,0.992619405,FALSE
Alanine,Pentraxin-3,delta_time2_vs_time1,30,27,-0.144993499,"[-0.49, 0.23]",0.452985414,0.999017505,FALSE
2-Aminoadipic acid,IL-12(p40),delta_time2_vs_time1,30,27,-0.145074443,"[-0.49, 0.23]",0.452730512,0.999017505,FALSE
Butanoic acid,sCD30/TNFRSF8,delta_time3_vs_time1,30,27,-0.145116123,"[-0.49, 0.23]",0.452599285,0.992619405,FALSE
Cholesterol,IL-26,delta_time3_vs_time1,30,27,-0.145151044,"[-0.49, 0.23]",0.452489353,0.992619405,FALSE
DL-Ornithine,IL-11,delta_time2_vs_time1,30,27,-0.14522564,"[-0.49, 0.23]",0.452254576,0.999017505,FALSE
1-Heptadecanol,IFN-a2,delta_time2_vs_time1,30,27,-0.14525041,"[-0.49, 0.23]",0.452176629,0.999017505,FALSE
"1,5-Anhydrohexitol",IL-26,delta_time2_vs_time1,30,27,-0.145415525,"[-0.49, 0.23]",0.451657235,0.999017505,FALSE
L-Alanine,IL-19,delta_time2_vs_time1,30,27,-0.145426362,"[-0.49, 0.23]",0.451623157,0.999017505,FALSE
1-Heptadecanol,IFN-y,delta_time2_vs_time1,30,27,-0.145576648,"[-0.49, 0.23]",0.451150707,0.999017505,FALSE
Glyceric acid,Chitinase 3-like1,delta_time3_vs_time1,30,27,-0.145596434,"[-0.49, 0.23]",0.451088525,0.992619405,FALSE
Proline,gp130/sIL-6Rb,delta_time3_vs_time1,30,27,-0.145746907,"[-0.49, 0.23]",0.450615785,0.992619405,FALSE
N-Acetylglutamine,MMP-1,delta_time2_vs_time1,30,27,-0.145750521,"[-0.49, 0.23]",0.450604433,0.999017505,FALSE
Butanoic acid,TWEAK/TNFSF12,delta_time2_vs_time1,30,27,-0.145802716,"[-0.49, 0.23]",0.450440518,0.999017505,FALSE
Linoleic Acid,sTNF-R1,delta_time3_vs_time1,30,27,-0.146088777,"[-0.49, 0.23]",0.449542719,0.992619405,FALSE
"2,3-Butanediol",sTNF-R1,delta_time2_vs_time1,30,27,-0.146117657,"[-0.49, 0.23]",0.449452133,0.999017505,FALSE
1-Ethyl-1-tetradecyloxy-1-silacyclohexane,sTNF-R2,delta_time3_vs_time1,30,27,-0.146208122,"[-0.49, 0.23]",0.449168438,0.992619405,FALSE
1-Heptadecanol,IL-20,delta_time2_vs_time1,30,27,-0.146229731,"[-0.49, 0.23]",0.449100687,0.999017505,FALSE
Palmitelaidic acid,MMP-3,delta_time3_vs_time1,30,27,-0.146310903,"[-0.49, 0.23]",0.44884624,0.992619405,FALSE
1-Monopalmitin,Chitinase 3-like1,delta_time2_vs_time1,30,27,-0.146397493,"[-0.49, 0.23]",0.44857489,0.999017505,FALSE
Glyceric acid,IFN-y,delta_time3_vs_time1,30,27,-0.146475031,"[-0.49, 0.23]",0.448331984,0.992619405,FALSE
Oxalic acid,MMP-2,delta_time2_vs_time1,30,27,-0.14649763,"[-0.49, 0.23]",0.4482612,0.999017505,FALSE
2-OH-Butanoic Acid,TSLP,delta_time2_vs_time1,30,27,-0.146666218,"[-0.49, 0.23]",0.447733346,0.999017505,FALSE
"1,5-Anhydrohexitol",MMP-3,delta_time3_vs_time1,30,27,-0.146774411,"[-0.49, 0.23]",0.447394765,0.992619405,FALSE
Arachidonic acid,MMP-2,delta_time3_vs_time1,30,27,-0.14685309,"[-0.49, 0.23]",0.447148633,0.992619405,FALSE
beta-Alanine,IL-26,delta_time2_vs_time1,30,27,-0.146938786,"[-0.49, 0.23]",0.44688063,0.999017505,FALSE
L-5-Oxoproline,MMP-2,delta_time2_vs_time1,30,27,-0.14711302,"[-0.49, 0.23]",0.446336005,0.999017505,FALSE
Dodecanoic acid,IL-12(p40),delta_time3_vs_time1,30,27,-0.147271062,"[-0.49, 0.23]",0.4458423,0.992619405,FALSE
Citric acid,Osteopontin,delta_time3_vs_time1,30,27,-0.147675118,"[-0.49, 0.23]",0.444581416,0.992619405,FALSE
D-(-)-Ribofuranose,IL-12(p40),delta_time3_vs_time1,30,27,-0.147750616,"[-0.49, 0.23]",0.444346033,0.992619405,FALSE
Cholesterol,IFN-y,delta_time3_vs_time1,30,27,-0.148037763,"[-0.49, 0.23]",0.44345139,0.992619405,FALSE
Palmitelaidic acid,IL-19,delta_time3_vs_time1,30,27,-0.148052801,"[-0.49, 0.23]",0.443404564,0.992619405,FALSE
Diethanolamine,Osteocalcin,delta_time2_vs_time1,30,27,-0.148330979,"[-0.49, 0.23]",0.442538847,0.999017505,FALSE
Asparagine,TWEAK/TNFSF12,delta_time2_vs_time1,30,27,-0.148503479,"[-0.49, 0.23]",0.442002466,0.999017505,FALSE
L-Rhamnose,IL-26,delta_time3_vs_time1,30,27,-0.148549627,"[-0.49, 0.23]",0.441859031,0.992619405,FALSE
Phenylalanine,sCD30/TNFRSF8,delta_time2_vs_time1,30,27,-0.148654374,"[-0.49, 0.23]",0.441533554,0.999017505,FALSE
Palmitelaidic acid,IL-20,delta_time2_vs_time1,30,27,-0.148748473,"[-0.49, 0.23]",0.441241274,0.999017505,FALSE
Proline,sTNF-R2,delta_time2_vs_time1,30,27,-0.149022907,"[-0.49, 0.23]",0.440389451,0.999017505,FALSE
"2-Ethyl-3-hydroxypropionic acid, di-",sCD30/TNFRSF8,delta_time3_vs_time1,30,27,-0.149139389,"[-0.49, 0.23]",0.440028169,0.992619405,FALSE
Glutamine [-H2O],sIL-6Ra,delta_time2_vs_time1,30,27,-0.149218278,"[-0.49, 0.23]",0.439783577,0.999017505,FALSE
Phenylalanine,IL-19,delta_time3_vs_time1,30,27,-0.149251027,"[-0.49, 0.23]",0.439682063,0.992619405,FALSE
Stearic Acid,IFN-y,delta_time3_vs_time1,30,27,-0.149282795,"[-0.49, 0.23]",0.439583602,0.992619405,FALSE
L-Norvaline,IL-29/IFN-lambda1,delta_time2_vs_time1,30,27,-0.149309276,"[-0.49, 0.23]",0.439501535,0.999017505,FALSE
Butanoic acid,MMP-3,delta_time2_vs_time1,30,27,-0.14945676,"[-0.49, 0.23]",0.439044624,0.999017505,FALSE
Oxalic acid,TWEAK/TNFSF12,delta_time3_vs_time1,30,27,-0.149462786,"[-0.49, 0.23]",0.439025959,0.992619405,FALSE
"1,5-Anhydrohexitol",gp130/sIL-6Rb,delta_time3_vs_time1,30,27,-0.149556534,"[-0.49, 0.23]",0.438735665,0.992619405,FALSE
Cysteine,MMP-2,delta_time3_vs_time1,30,27,-0.149736458,"[-0.49, 0.23]",0.438178814,0.992619405,FALSE
4-Aminobutanoic acid,MMP-1,delta_time2_vs_time1,30,27,-0.149826299,"[-0.49, 0.23]",0.437900908,0.999017505,FALSE
Dodecanoic acid,IL-11,delta_time3_vs_time1,30,27,-0.150169681,"[-0.49, 0.23]",0.436839597,0.992619405,FALSE
Lactic Acid.1,IL-26,delta_time2_vs_time1,30,27,-0.150171849,"[-0.49, 0.23]",0.436832903,0.999017505,FALSE
"2-Ethyl-3-hydroxypropionic acid, di-",sCD163,delta_time3_vs_time1,30,27,-0.150321691,"[-0.49, 0.23]",0.436370219,0.992619405,FALSE
4-Aminobutanoic acid,MMP-2,delta_time3_vs_time1,30,27,-0.15043288,"[-0.49, 0.23]",0.436027062,0.992619405,FALSE
2-Aminoadipic acid,IL-29/IFN-lambda1,delta_time2_vs_time1,30,27,-0.150601767,"[-0.49, 0.23]",0.435506115,0.999017505,FALSE
Glyceric acid,sCD163,delta_time3_vs_time1,30,27,-0.15061131,"[-0.49, 0.23]",0.435476687,0.992619405,FALSE
DL-Ornithine,TWEAK/TNFSF12,delta_time2_vs_time1,30,27,-0.150766189,"[-0.49, 0.23]",0.434999266,0.999017505,FALSE
L-Norvaline,MMP-3,delta_time3_vs_time1,30,27,-0.150895361,"[-0.49, 0.23]",0.434601303,0.992619405,FALSE
2-OH-Butanoic Acid,sCD163,delta_time2_vs_time1,30,27,-0.150896788,"[-0.49, 0.23]",0.434596909,0.999017505,FALSE
beta-Alanine,APRIL/TNFSF13,delta_time3_vs_time1,30,27,-0.150952541,"[-0.49, 0.23]",0.434425203,0.992619405,FALSE
Glyceric acid,sTNF-R1,delta_time3_vs_time1,30,27,-0.151328106,"[-0.49, 0.23]",0.43326952,0.992619405,FALSE
L-Rhamnose,sTNF-R1,delta_time3_vs_time1,30,27,-0.15146466,"[-0.49, 0.23]",0.432849734,0.992619405,FALSE
"1,3-Dioxolane-2-methanol",IL-19,delta_time3_vs_time1,30,27,-0.151545739,"[-0.49, 0.23]",0.432600592,0.992619405,FALSE
Arginine [-NH3],gp130/sIL-6Rb,delta_time2_vs_time1,30,27,-0.151589349,"[-0.49, 0.23]",0.432466616,0.999017505,FALSE
"9-Hexadecenoic acid, (Z)-",sCD163,delta_time2_vs_time1,30,27,-0.151729044,"[-0.49, 0.23]",0.432037612,0.999017505,FALSE
Lactic Acid.1,MMP-3,delta_time3_vs_time1,30,27,-0.151902731,"[-0.49, 0.23]",0.431504544,0.992619405,FALSE
Doconexent,IL-29/IFN-lambda1,delta_time3_vs_time1,30,27,-0.152340448,"[-0.49, 0.23]",0.430162725,0.992619405,FALSE
Arachidonic acid,Osteocalcin,delta_time2_vs_time1,30,27,-0.152399842,"[-0.49, 0.23]",0.42998083,0.999017505,FALSE
"Ethanolamine, 3TMS",Osteocalcin,delta_time3_vs_time1,30,27,-0.152800124,"[-0.49, 0.23]",0.428756054,0.992619405,FALSE
Linoleic Acid,sIL-6Ra,delta_time3_vs_time1,30,27,-0.152800608,"[-0.49, 0.23]",0.428754574,0.992619405,FALSE
N-Acetylglutamine,IL-28A/IFN-lambda2,delta_time2_vs_time1,30,27,-0.152810415,"[-0.49, 0.23]",0.428724591,0.999017505,FALSE
L-Norvaline,IFN-a2,delta_time2_vs_time1,30,27,-0.153155125,"[-0.49, 0.23]",0.427671433,0.999017505,FALSE
Diethanolamine,sTNF-R2,delta_time2_vs_time1,30,27,-0.15328161,"[-0.49, 0.23]",0.427285353,0.999017505,FALSE
Palmitic Acid,sIL-6Ra,delta_time3_vs_time1,30,27,-0.153466363,"[-0.49, 0.23]",0.426721759,0.992619405,FALSE
Erythritol,IL-28A/IFN-lambda2,delta_time3_vs_time1,30,27,-0.153828877,"[-0.49, 0.23]",0.425617093,0.992619405,FALSE
Dodecanoic acid,IL-10,delta_time2_vs_time1,30,27,-0.153892968,"[-0.49, 0.23]",0.425421956,0.999017505,FALSE
Tyrosine,MMP-3,delta_time3_vs_time1,30,27,-0.15402854,"[-0.49, 0.23]",0.425009346,0.992619405,FALSE
Phenylalanine,sTNF-R2,delta_time3_vs_time1,30,27,-0.154043339,"[-0.49, 0.23]",0.424964317,0.992619405,FALSE
"1,3-Dioxolane-2-methanol",sIL-6Ra,delta_time3_vs_time1,30,27,-0.154120325,"[-0.49, 0.23]",0.424730125,0.992619405,FALSE
Campesterol,IL-12(p40),delta_time3_vs_time1,30,27,-0.154124077,"[-0.49, 0.23]",0.424718711,0.992619405,FALSE
D-(-)-Ribofuranose,MMP-2,delta_time2_vs_time1,30,27,-0.15482262,"[-0.49, 0.22]",0.422597007,0.999017505,FALSE
Diethanolamine,sCD163,delta_time2_vs_time1,30,27,-0.154833201,"[-0.49, 0.22]",0.422564915,0.999017505,FALSE
Alanine,IL-11,delta_time2_vs_time1,30,27,-0.155020687,"[-0.49, 0.22]",0.42199648,0.999017505,FALSE
Doconexent,IL-20,delta_time2_vs_time1,30,27,-0.15504273,"[-0.49, 0.22]",0.421929677,0.999017505,FALSE
Oxalic acid,BAFF/TNFSF13B,delta_time3_vs_time1,30,27,-0.155389086,"[-0.49, 0.22]",0.420880774,0.992619405,FALSE
DL-Ornithine,Osteocalcin,delta_time3_vs_time1,30,27,-0.155405961,"[-0.49, 0.22]",0.420829706,0.992619405,FALSE
Threonine,sTNF-R1,delta_time2_vs_time1,30,27,-0.155741762,"[-0.49, 0.22]",0.419814215,0.999017505,FALSE
Glutamine [-H2O],Osteopontin,delta_time2_vs_time1,30,27,-0.15612676,"[-0.49, 0.22]",0.418651623,0.999017505,FALSE
Ascorbic Acid,IL-26,delta_time3_vs_time1,30,27,-0.156233308,"[-0.49, 0.22]",0.418330193,0.992619405,FALSE
Linoleic Acid,gp130/sIL-6Rb,delta_time2_vs_time1,30,27,-0.156238767,"[-0.49, 0.22]",0.418313728,0.999017505,FALSE
Indole-3-Latic Acid,sIL-6Ra,delta_time2_vs_time1,30,27,-0.156248529,"[-0.49, 0.22]",0.418284284,0.999017505,FALSE
L-(+)-Erythrulose,MMP-3,delta_time2_vs_time1,30,27,-0.15633052,"[-0.49, 0.22]",0.418037046,0.999017505,FALSE
Cholesterol,IL-12(p40),delta_time3_vs_time1,30,27,-0.156512225,"[-0.49, 0.22]",0.417489413,0.992619405,FALSE
Cysteine,IL-20,delta_time3_vs_time1,30,27,-0.156610622,"[-0.49, 0.22]",0.417193025,0.992619405,FALSE
Cysteine,sTNF-R1,delta_time3_vs_time1,30,27,-0.156632842,"[-0.49, 0.22]",0.417126111,0.992619405,FALSE
N-Acetylglutamine,IL-12(p40),delta_time2_vs_time1,30,27,-0.156649793,"[-0.49, 0.22]",0.417075069,0.999017505,FALSE
Lactic Acid,sCD30/TNFRSF8,delta_time2_vs_time1,30,27,-0.156809928,"[-0.49, 0.22]",0.41659304,0.999017505,FALSE
L-(+)-Erythrulose,MMP-1,delta_time3_vs_time1,30,27,-0.156867634,"[-0.49, 0.22]",0.416419415,0.992619405,FALSE
"2,3,4-Trihydroxybutyric acid",Osteopontin,delta_time2_vs_time1,30,27,-0.156874557,"[-0.49, 0.22]",0.416398587,0.999017505,FALSE
"11-Eicosenoic acid, (E)-",MMP-3,delta_time2_vs_time1,30,27,-0.157131996,"[-0.50, 0.22]",0.415624516,0.999017505,FALSE
"D-Arabinose, tetrakis",IL-35,delta_time2_vs_time1,30,27,-0.157458432,"[-0.50, 0.22]",0.414644134,0.999017505,FALSE
Glutamine [-H2O],sCD30/TNFRSF8,delta_time3_vs_time1,30,27,-0.157585336,"[-0.50, 0.22]",0.414263352,0.992619405,FALSE
Arginine [-NH3],BAFF/TNFSF13B,delta_time3_vs_time1,30,27,-0.157665181,"[-0.50, 0.22]",0.414023874,0.992619405,FALSE
Stearic Acid,IL-26,delta_time2_vs_time1,30,27,-0.15833859,"[-0.50, 0.22]",0.412007202,0.999017505,FALSE
D-(-)-Ribofuranose,MMP-3,delta_time3_vs_time1,30,27,-0.158401666,"[-0.50, 0.22]",0.411818591,0.992619405,FALSE
Glycolic acid,IL-11,delta_time3_vs_time1,30,27,-0.158518291,"[-0.50, 0.22]",0.411469979,0.992619405,FALSE
Glutamic Acid,IL-28A/IFN-lambda2,delta_time3_vs_time1,30,27,-0.158674104,"[-0.50, 0.22]",0.411004487,0.992619405,FALSE
1-Ethyl-1-tetradecyloxy-1-silacyclohexane,IFN-y,delta_time3_vs_time1,30,27,-0.158863324,"[-0.50, 0.22]",0.410439587,0.992619405,FALSE
Doconexent,TSLP,delta_time3_vs_time1,30,27,-0.158918301,"[-0.50, 0.22]",0.410275541,0.992619405,FALSE
L-Aspartic acid,gp130/sIL-6Rb,delta_time3_vs_time1,30,27,-0.159129073,"[-0.50, 0.22]",0.409646954,0.992619405,FALSE
4-Aminobutanoic acid,Chitinase 3-like1,delta_time2_vs_time1,30,27,-0.159136116,"[-0.50, 0.22]",0.409625957,0.999017505,FALSE
Glutamic Acid,IFN-a2,delta_time3_vs_time1,30,27,-0.15919603,"[-0.50, 0.22]",0.409447381,0.992619405,FALSE
Diethanolamine,IL-12(p40),delta_time3_vs_time1,30,27,-0.159264994,"[-0.50, 0.22]",0.409241882,0.992619405,FALSE
L-Norvaline,IL-19,delta_time2_vs_time1,30,27,-0.159545584,"[-0.50, 0.22]",0.408406378,0.999017505,FALSE
Threonine,IL-26,delta_time2_vs_time1,30,27,-0.15963143,"[-0.50, 0.22]",0.408150949,0.999017505,FALSE
L-Rhamnose,Chitinase 3-like1,delta_time3_vs_time1,30,27,-0.159696203,"[-0.50, 0.22]",0.407958282,0.992619405,FALSE
Citric acid,IL-10,delta_time3_vs_time1,30,27,-0.159888628,"[-0.50, 0.22]",0.40738621,0.992619405,FALSE
2-Aminoheptanedioic acid,Osteopontin,delta_time2_vs_time1,30,27,-0.160001577,"[-0.50, 0.22]",0.407050631,0.999017505,FALSE
Proline,Osteocalcin,delta_time2_vs_time1,30,27,-0.160605636,"[-0.50, 0.22]",0.405258559,0.999017505,FALSE
Citric acid,IL-19,delta_time3_vs_time1,30,27,-0.160753533,"[-0.50, 0.22]",0.40482047,0.992619405,FALSE
L-Aspartic acid,APRIL/TNFSF13,delta_time3_vs_time1,30,27,-0.160993426,"[-0.50, 0.22]",0.404110446,0.992619405,FALSE
Asparagine,IFN-a2,delta_time3_vs_time1,30,27,-0.161216856,"[-0.50, 0.22]",0.403449782,0.992619405,FALSE
Oleic Acid,gp130/sIL-6Rb,delta_time2_vs_time1,30,27,-0.161251926,"[-0.50, 0.22]",0.403346136,0.999017505,FALSE
Lactic Acid.1,IL-12(p40),delta_time3_vs_time1,30,27,-0.161333453,"[-0.50, 0.22]",0.403105255,0.992619405,FALSE
Alanine,sTNF-R2,delta_time2_vs_time1,30,27,-0.161401455,"[-0.50, 0.22]",0.402904397,0.999017505,FALSE
D-(-)-Ribofuranose,Chitinase 3-like1,delta_time2_vs_time1,30,27,-0.161508745,"[-0.50, 0.22]",0.402587609,0.999017505,FALSE
Glycolic acid,sTNF-R1,delta_time3_vs_time1,30,27,-0.161641155,"[-0.50, 0.22]",0.402196841,0.992619405,FALSE
Methyl galactoside,IL-26,delta_time3_vs_time1,30,27,-0.161905634,"[-0.50, 0.22]",0.401416961,0.992619405,FALSE
1-Heptadecanol,Chitinase 3-like1,delta_time3_vs_time1,30,27,-0.162098144,"[-0.50, 0.22]",0.400849836,0.992619405,FALSE
Oxalic acid,Chitinase 3-like1,delta_time3_vs_time1,30,27,-0.162140885,"[-0.50, 0.22]",0.400723983,0.992619405,FALSE
Ascorbic Acid,IL-29/IFN-lambda1,delta_time3_vs_time1,30,27,-0.162591344,"[-0.50, 0.22]",0.399398967,0.992619405,FALSE
Palmitelaidic acid,sTNF-R2,delta_time3_vs_time1,30,27,-0.162672443,"[-0.50, 0.22]",0.399160679,0.992619405,FALSE
4-Aminobutanoic acid,sCD163,delta_time2_vs_time1,30,27,-0.162699284,"[-0.50, 0.22]",0.399081833,0.999017505,FALSE
"(R*,R*)-2,3-Dihydroxybutanoic acid",APRIL/TNFSF13,delta_time2_vs_time1,30,27,-0.162811571,"[-0.50, 0.22]",0.398752081,0.999017505,FALSE
Leucine,IFN-y,delta_time2_vs_time1,30,27,-0.162861807,"[-0.50, 0.22]",0.398604601,0.999017505,FALSE
Doconexent,IFN-y,delta_time3_vs_time1,30,27,-0.163106341,"[-0.50, 0.22]",0.397887164,0.992619405,FALSE
Butanoic acid,sTNF-R2,delta_time3_vs_time1,30,27,-0.163240445,"[-0.50, 0.22]",0.397494027,0.992619405,FALSE
4-Aminobutanoic acid,IFN-y,delta_time2_vs_time1,30,27,-0.163300973,"[-0.50, 0.22]",0.397316658,0.999017505,FALSE
Lysine,Osteopontin,delta_time2_vs_time1,30,27,-0.163392522,"[-0.50, 0.22]",0.397048469,0.999017505,FALSE
Erythritol,APRIL/TNFSF13,delta_time3_vs_time1,30,27,-0.163460426,"[-0.50, 0.22]",0.396849615,0.992619405,FALSE
Palmitelaidic acid,sCD163,delta_time3_vs_time1,30,27,-0.163523252,"[-0.50, 0.22]",0.396665682,0.992619405,FALSE
Lysine,IFN-a2,delta_time3_vs_time1,30,27,-0.16359369,"[-0.50, 0.22]",0.396459521,0.992619405,FALSE
L-(+)-Erythrulose,MMP-2,delta_time3_vs_time1,30,27,-0.163707788,"[-0.50, 0.22]",0.396125705,0.992619405,FALSE
Glycine,Osteocalcin,delta_time2_vs_time1,30,27,-0.164093104,"[-0.50, 0.22]",0.394999567,0.999017505,FALSE
2-OH-Butanoic Acid,TWEAK/TNFSF12,delta_time2_vs_time1,30,27,-0.164256443,"[-0.50, 0.22]",0.394522738,0.999017505,FALSE
1-Ethyl-1-tetradecyloxy-1-silacyclohexane,sIL-6Ra,delta_time3_vs_time1,30,27,-0.164309697,"[-0.50, 0.22]",0.394367347,0.992619405,FALSE
Leucine,MMP-1,delta_time2_vs_time1,30,27,-0.164737965,"[-0.50, 0.21]",0.393118964,0.999017505,FALSE
L-Aspartic acid,IL-11,delta_time2_vs_time1,30,27,-0.16496981,"[-0.50, 0.21]",0.392444089,0.999017505,FALSE
"1,5-Anhydrohexitol",Pentraxin-3,delta_time3_vs_time1,30,27,-0.165034861,"[-0.50, 0.21]",0.392254852,0.992619405,FALSE
Threonine,Osteocalcin,delta_time2_vs_time1,30,27,-0.16520118,"[-0.50, 0.21]",0.391771256,0.999017505,FALSE
L-Norvaline,sCD30/TNFRSF8,delta_time2_vs_time1,30,27,-0.165549239,"[-0.50, 0.21]",0.390760336,0.999017505,FALSE
Campesterol,gp130/sIL-6Rb,delta_time2_vs_time1,30,27,-0.165689436,"[-0.50, 0.21]",0.390353563,0.999017505,FALSE
L-Norvaline,IL-35,delta_time2_vs_time1,30,27,-0.165786836,"[-0.50, 0.21]",0.390071105,0.999017505,FALSE
2-OH-Butanoic Acid,APRIL/TNFSF13,delta_time2_vs_time1,30,27,-0.165923473,"[-0.50, 0.21]",0.38967506,0.999017505,FALSE
alpha-D-Glucopyranoside,TWEAK/TNFSF12,delta_time2_vs_time1,30,27,-0.166039971,"[-0.50, 0.21]",0.389337569,0.999017505,FALSE
Glycine,IL-26,delta_time3_vs_time1,30,27,-0.16616268,"[-0.50, 0.21]",0.388982267,0.992619405,FALSE
1-Ethyl-1-tetradecyloxy-1-silacyclohexane,IFN-y,delta_time2_vs_time1,30,27,-0.16620225,"[-0.50, 0.21]",0.388867732,0.999017505,FALSE
1-Monooleoylglycerol,TWEAK/TNFSF12,delta_time2_vs_time1,30,27,-0.166220057,"[-0.50, 0.21]",0.388816195,0.999017505,FALSE
Indole-3-Propionic Acid,Osteopontin,delta_time3_vs_time1,30,27,-0.166269494,"[-0.50, 0.21]",0.388673141,0.992619405,FALSE
Ascorbic Acid,TSLP,delta_time2_vs_time1,30,27,-0.16637236,"[-0.50, 0.21]",0.388375571,0.999017505,FALSE
Butanoic acid,MMP-2,delta_time2_vs_time1,30,27,-0.16640832,"[-0.50, 0.21]",0.388271579,0.999017505,FALSE
Glycerol-3-P,Pentraxin-3,delta_time3_vs_time1,30,27,-0.166581466,"[-0.50, 0.21]",0.387771081,0.992619405,FALSE
2-OH-Butanoic Acid,Chitinase 3-like1,delta_time2_vs_time1,30,27,-0.166665894,"[-0.50, 0.21]",0.387527166,0.999017505,FALSE
Stearic Acid,sIL-6Ra,delta_time3_vs_time1,30,27,-0.166793949,"[-0.50, 0.21]",0.38715738,0.992619405,FALSE
Arginine [-NH3],sCD163,delta_time3_vs_time1,30,27,-0.167017125,"[-0.50, 0.21]",0.3865134,0.992619405,FALSE
1-Heptadecanol,IL-12(p70),delta_time2_vs_time1,30,27,-0.167192665,"[-0.50, 0.21]",0.386007305,0.999017505,FALSE
1-Ethyl-1-tetradecyloxy-1-silacyclohexane,IL-26,delta_time3_vs_time1,30,27,-0.167272146,"[-0.50, 0.21]",0.385778282,0.992619405,FALSE
Glycolic acid,Chitinase 3-like1,delta_time3_vs_time1,30,27,-0.167282283,"[-0.50, 0.21]",0.385749079,0.992619405,FALSE
"1,3-Dioxolane-2-methanol",IL-12(p70),delta_time2_vs_time1,30,27,-0.167565838,"[-0.50, 0.21]",0.384932694,0.999017505,FALSE
Methionine,sTNF-R1,delta_time2_vs_time1,30,27,-0.167574762,"[-0.50, 0.21]",0.384907018,0.999017505,FALSE
"1,3-Dioxolane-2-methanol",MMP-1,delta_time2_vs_time1,30,27,-0.167807034,"[-0.50, 0.21]",0.38423905,0.999017505,FALSE
Diethanolamine,IL-35,delta_time3_vs_time1,30,27,-0.167866805,"[-0.50, 0.21]",0.384067268,0.992619405,FALSE
beta-D-Xylopyranose,IL-20,delta_time2_vs_time1,30,27,-0.168125931,"[-0.50, 0.21]",0.383323056,0.999017505,FALSE
D-(-)-Ribofuranose,IFN-y,delta_time2_vs_time1,30,27,-0.168468764,"[-0.50, 0.21]",0.382339719,0.999017505,FALSE
1-Ethyl-1-tetradecyloxy-1-silacyclohexane,gp130/sIL-6Rb,delta_time2_vs_time1,30,27,-0.16850121,"[-0.50, 0.21]",0.38224673,0.999017505,FALSE
Methyl galactoside,IL-12(p40),delta_time2_vs_time1,30,27,-0.168660435,"[-0.50, 0.21]",0.381790592,0.999017505,FALSE
Palmitelaidic acid,sCD30/TNFRSF8,delta_time3_vs_time1,30,27,-0.168852633,"[-0.50, 0.21]",0.381240411,0.992619405,FALSE
"2,3,4-Trihydroxybutyric acid",sTNF-R1,delta_time2_vs_time1,30,27,-0.168958676,"[-0.50, 0.21]",0.380937053,0.999017505,FALSE
L-Alanine,Pentraxin-3,delta_time3_vs_time1,30,27,-0.169059015,"[-0.50, 0.21]",0.380650142,0.992619405,FALSE
D-(-)-Ribofuranose,Osteopontin,delta_time2_vs_time1,30,27,-0.16912224,"[-0.50, 0.21]",0.380469419,0.999017505,FALSE
"(R*,R*)-2,3-Dihydroxybutanoic acid",IL-19,delta_time2_vs_time1,30,27,-0.169135851,"[-0.50, 0.21]",0.380430519,0.999017505,FALSE
2-Keto-3-methylvaleric acid,MMP-3,delta_time2_vs_time1,30,27,-0.169180705,"[-0.50, 0.21]",0.380302346,0.999017505,FALSE
L-Alanine,sTNF-R2,delta_time2_vs_time1,30,27,-0.16923681,"[-0.50, 0.21]",0.380142058,0.999017505,FALSE
1-Heptadecanol,MMP-1,delta_time2_vs_time1,30,27,-0.169288684,"[-0.50, 0.21]",0.37999389,0.999017505,FALSE
Threonine,sCD163,delta_time2_vs_time1,30,27,-0.169514039,"[-0.50, 0.21]",0.379350607,0.999017505,FALSE
Lysine,MMP-2,delta_time3_vs_time1,30,27,-0.169714088,"[-0.50, 0.21]",0.378780086,0.992619405,FALSE
Arginine [-NH3],IL-10,delta_time3_vs_time1,30,27,-0.16973906,"[-0.50, 0.21]",0.378708903,0.992619405,FALSE
Glycerol-3-P,MMP-1,delta_time3_vs_time1,30,27,-0.169996098,"[-0.51, 0.21]",0.377976669,0.992619405,FALSE
Indole-3-Propionic Acid,IL-19,delta_time2_vs_time1,30,27,-0.170147248,"[-0.51, 0.21]",0.377546468,0.999017505,FALSE
Threonine,Pentraxin-3,delta_time3_vs_time1,30,27,-0.170180017,"[-0.51, 0.21]",0.377453237,0.992619405,FALSE
Glycine,IL-20,delta_time3_vs_time1,30,27,-0.170241506,"[-0.51, 0.21]",0.377278334,0.992619405,FALSE
Doconexent,IL-12(p70),delta_time2_vs_time1,30,27,-0.170306674,"[-0.51, 0.21]",0.377093018,0.999017505,FALSE
"2,3-Butanediol",Pentraxin-3,delta_time2_vs_time1,30,27,-0.170343939,"[-0.51, 0.21]",0.376987073,0.999017505,FALSE
Proline,sCD163,delta_time2_vs_time1,30,27,-0.17037946,"[-0.51, 0.21]",0.3768861,0.999017505,FALSE
Doconexent,MMP-1,delta_time3_vs_time1,30,27,-0.170620399,"[-0.51, 0.21]",0.376201629,0.992619405,FALSE
Arachidonic acid,sCD163,delta_time3_vs_time1,30,27,-0.170787851,"[-0.51, 0.21]",0.375726346,0.992619405,FALSE
1-Heptadecanol,sCD30/TNFRSF8,delta_time3_vs_time1,30,27,-0.170818149,"[-0.51, 0.21]",0.375640389,0.992619405,FALSE
1-Monopalmitin,MMP-3,delta_time2_vs_time1,30,27,-0.170929579,"[-0.51, 0.21]",0.375324353,0.999017505,FALSE
Aminomalonic acid,IL-26,delta_time3_vs_time1,30,27,-0.171001499,"[-0.51, 0.21]",0.375120456,0.992619405,FALSE
Glycerol-3-P,IFN-y,delta_time3_vs_time1,30,27,-0.171019755,"[-0.51, 0.21]",0.37506871,0.992619405,FALSE
Lysine,sTNF-R1,delta_time2_vs_time1,30,27,-0.171198959,"[-0.51, 0.21]",0.37456098,0.999017505,FALSE
Methyl galactoside,MMP-2,delta_time2_vs_time1,30,27,-0.171448471,"[-0.51, 0.21]",0.373854717,0.999017505,FALSE
Butanoic acid,sTNF-R1,delta_time3_vs_time1,30,27,-0.171739741,"[-0.51, 0.21]",0.37303124,0.992619405,FALSE
1-Monopalmitin,Osteocalcin,delta_time3_vs_time1,30,27,-0.171746537,"[-0.51, 0.21]",0.373012039,0.992619405,FALSE
"1,3-Dioxolane-2-methanol",BAFF/TNFSF13B,delta_time3_vs_time1,30,27,-0.171841712,"[-0.51, 0.21]",0.372743197,0.992619405,FALSE
Glycerol,sCD163,delta_time2_vs_time1,30,27,-0.171858534,"[-0.51, 0.21]",0.372695692,0.999017505,FALSE
"1,5-Anhydrohexitol",TSLP,delta_time2_vs_time1,30,27,-0.171881435,"[-0.51, 0.21]",0.372631026,0.999017505,FALSE
2-Keto-3-methylvaleric acid,sCD163,delta_time2_vs_time1,30,27,-0.172072472,"[-0.51, 0.21]",0.37209184,0.999017505,FALSE
Doconexent,Pentraxin-3,delta_time3_vs_time1,30,27,-0.172332901,"[-0.51, 0.21]",0.371357537,0.992619405,FALSE
Ethyl alpha-D-glucopyranoside,IL-26,delta_time3_vs_time1,30,27,-0.17234631,"[-0.51, 0.21]",0.371319754,0.992619405,FALSE
Tyrosine,IFN-a2,delta_time3_vs_time1,30,27,-0.172375317,"[-0.51, 0.21]",0.371238024,0.992619405,FALSE
L-(+)-Erythrulose,IFN-a2,delta_time3_vs_time1,30,27,-0.172543925,"[-0.51, 0.21]",0.37076316,0.992619405,FALSE
L-5-Oxoproline,Osteocalcin,delta_time3_vs_time1,30,27,-0.172576238,"[-0.51, 0.21]",0.370672197,0.992619405,FALSE
Butanoic acid,Osteocalcin,delta_time2_vs_time1,30,27,-0.172858321,"[-0.51, 0.21]",0.369878653,0.999017505,FALSE
Threonine,sTNF-R2,delta_time2_vs_time1,30,27,-0.172887071,"[-0.51, 0.21]",0.369797833,0.999017505,FALSE
Leucine,IL-19,delta_time2_vs_time1,30,27,-0.173032493,"[-0.51, 0.21]",0.369389179,0.999017505,FALSE
Methyl galactoside,gp130/sIL-6Rb,delta_time3_vs_time1,30,27,-0.173149169,"[-0.51, 0.21]",0.3690615,0.992619405,FALSE
Arachidonic acid,MMP-1,delta_time3_vs_time1,30,27,-0.173150341,"[-0.51, 0.21]",0.369058209,0.992619405,FALSE
Methionine,sCD30/TNFRSF8,delta_time2_vs_time1,30,27,-0.173208778,"[-0.51, 0.21]",0.368894154,0.999017505,FALSE
2-Keto-3-methylvaleric acid,Chitinase 3-like1,delta_time2_vs_time1,30,27,-0.173241042,"[-0.51, 0.21]",0.368803597,0.999017505,FALSE
Asparagine,TWEAK/TNFSF12,delta_time3_vs_time1,30,27,-0.173532532,"[-0.51, 0.21]",0.367986036,0.992619405,FALSE
"Ethanolamine, 2TMS",sIL-6Ra,delta_time3_vs_time1,30,27,-0.173589051,"[-0.51, 0.21]",0.367827638,0.992619405,FALSE
2-Aminoheptanedioic acid,APRIL/TNFSF13,delta_time2_vs_time1,30,27,-0.173736318,"[-0.51, 0.21]",0.367415097,0.999017505,FALSE
Arachidonic acid.1,APRIL/TNFSF13,delta_time3_vs_time1,30,27,-0.173798887,"[-0.51, 0.21]",0.367239906,0.992619405,FALSE
Ethyl alpha-D-glucopyranoside,Osteocalcin,delta_time3_vs_time1,30,27,-0.173942398,"[-0.51, 0.21]",0.366838264,0.992619405,FALSE
Glycine,IL-12(p70),delta_time2_vs_time1,30,27,-0.173973176,"[-0.51, 0.21]",0.366752159,0.999017505,FALSE
Ornithine,Chitinase 3-like1,delta_time3_vs_time1,30,27,-0.174662891,"[-0.51, 0.20]",0.364825729,0.992619405,FALSE
2-OH-Butanoic Acid,Osteopontin,delta_time3_vs_time1,30,27,-0.174900331,"[-0.51, 0.20]",0.364163924,0.992619405,FALSE
Glyceric acid,gp130/sIL-6Rb,delta_time3_vs_time1,30,27,-0.175088882,"[-0.51, 0.20]",0.363638888,0.992619405,FALSE
Arachidonic acid.1,IL-12(p40),delta_time2_vs_time1,30,27,-0.175225443,"[-0.51, 0.20]",0.363258902,0.999017505,FALSE
1-Monopalmitin,sTNF-R2,delta_time2_vs_time1,30,27,-0.175616126,"[-0.51, 0.20]",0.362173107,0.999017505,FALSE
Alanine,Chitinase 3-like1,delta_time2_vs_time1,30,27,-0.175650611,"[-0.51, 0.20]",0.362077357,0.999017505,FALSE
2-Aminoadipic acid,Pentraxin-3,delta_time3_vs_time1,30,27,-0.175910301,"[-0.51, 0.20]",0.361356795,0.992619405,FALSE
L-Aspartic acid,IL-29/IFN-lambda1,delta_time3_vs_time1,30,27,-0.175957713,"[-0.51, 0.20]",0.361225333,0.992619405,FALSE
2-OH-Butanoic Acid,Osteopontin,delta_time2_vs_time1,30,27,-0.176047459,"[-0.51, 0.20]",0.360976566,0.999017505,FALSE
Arginine [-NH3],TWEAK/TNFSF12,delta_time3_vs_time1,30,27,-0.17622707,"[-0.51, 0.20]",0.360479005,0.992619405,FALSE
Diethanolamine,Chitinase 3-like1,delta_time2_vs_time1,30,27,-0.176296101,"[-0.51, 0.20]",0.360287884,0.999017505,FALSE
"2,3-Butanediol",sTNF-R1,delta_time3_vs_time1,30,27,-0.176297579,"[-0.51, 0.20]",0.360283793,0.992619405,FALSE
Arachidonic acid,sTNF-R1,delta_time3_vs_time1,30,27,-0.176334285,"[-0.51, 0.20]",0.360182192,0.992619405,FALSE
1-Monopalmitin,sTNF-R2,delta_time3_vs_time1,30,27,-0.176361569,"[-0.51, 0.20]",0.360106681,0.992619405,FALSE
"1,3-Dioxolane-2-methanol",IL-26,delta_time3_vs_time1,30,27,-0.176705098,"[-0.51, 0.20]",0.359156747,0.992619405,FALSE
2-Aminoheptanedioic acid,BAFF/TNFSF13B,delta_time2_vs_time1,30,27,-0.176857134,"[-0.51, 0.20]",0.35873681,0.999017505,FALSE
Lysine,Osteocalcin,delta_time2_vs_time1,30,27,-0.176925959,"[-0.51, 0.20]",0.358546804,0.999017505,FALSE
"(R*,R*)-2,3-Dihydroxybutanoic acid",IL-28A/IFN-lambda2,delta_time2_vs_time1,30,27,-0.176930756,"[-0.51, 0.20]",0.358533563,0.999017505,FALSE
Linoleic Acid,sTNF-R2,delta_time3_vs_time1,30,27,-0.176997073,"[-0.51, 0.20]",0.358350543,0.992619405,FALSE
Alanine,MMP-3,delta_time2_vs_time1,30,27,-0.177004373,"[-0.51, 0.20]",0.358330399,0.999017505,FALSE
"11-Eicosenoic acid, (E)-",gp130/sIL-6Rb,delta_time3_vs_time1,30,27,-0.177179114,"[-0.51, 0.20]",0.357848431,0.992619405,FALSE
Lactic Acid.1,IL-26,delta_time3_vs_time1,30,27,-0.177323617,"[-0.51, 0.20]",0.357450156,0.992619405,FALSE
D-(-)-Ribofuranose,sTNF-R1,delta_time3_vs_time1,30,27,-0.177377251,"[-0.51, 0.20]",0.357302398,0.992619405,FALSE
L-Alanine,Osteopontin,delta_time2_vs_time1,30,27,-0.177384819,"[-0.51, 0.20]",0.357281552,0.999017505,FALSE
L-5-Oxoproline,sTNF-R2,delta_time3_vs_time1,30,27,-0.177442504,"[-0.51, 0.20]",0.357122679,0.992619405,FALSE
Arachidonic acid.1,Osteocalcin,delta_time2_vs_time1,30,27,-0.177674707,"[-0.51, 0.20]",0.356483589,0.999017505,FALSE
Methyl galactoside,sTNF-R1,delta_time3_vs_time1,30,27,-0.178115744,"[-0.51, 0.20]",0.355271596,0.992619405,FALSE
L-Alanine,MMP-2,delta_time2_vs_time1,30,27,-0.178297295,"[-0.51, 0.20]",0.354773398,0.999017505,FALSE
L-Rhamnose,MMP-2,delta_time2_vs_time1,30,27,-0.178319879,"[-0.51, 0.20]",0.354711456,0.999017505,FALSE
"2-Ethyl-3-hydroxypropionic acid, di-",sTNF-R2,delta_time2_vs_time1,30,27,-0.178347648,"[-0.51, 0.20]",0.354635299,0.999017505,FALSE
Arachidonic acid,IFN-a2,delta_time2_vs_time1,30,27,-0.178582128,"[-0.51, 0.20]",0.353992623,0.999017505,FALSE
Palmitelaidic acid,IL-11,delta_time3_vs_time1,30,27,-0.178601212,"[-0.51, 0.20]",0.353940345,0.992619405,FALSE
Arachidonic acid,APRIL/TNFSF13,delta_time3_vs_time1,30,27,-0.178682567,"[-0.51, 0.20]",0.353717545,0.992619405,FALSE
2-Aminoadipic acid,Osteocalcin,delta_time3_vs_time1,30,27,-0.179072971,"[-0.51, 0.20]",0.352649542,0.992619405,FALSE
Doconexent,IL-28A/IFN-lambda2,delta_time3_vs_time1,30,27,-0.179289253,"[-0.51, 0.20]",0.3520587,0.992619405,FALSE
Doconexent,BAFF/TNFSF13B,delta_time3_vs_time1,30,27,-0.18001016,"[-0.51, 0.20]",0.350093595,0.992619405,FALSE
L-Proline,gp130/sIL-6Rb,delta_time3_vs_time1,30,27,-0.180104793,"[-0.51, 0.20]",0.349836126,0.992619405,FALSE
Lysine,sTNF-R2,delta_time2_vs_time1,30,27,-0.180392319,"[-0.51, 0.20]",0.349054544,0.999017505,FALSE
Arachidonic acid.1,MMP-2,delta_time2_vs_time1,30,27,-0.180577275,"[-0.51, 0.20]",0.348552331,0.999017505,FALSE
Methionine,Osteopontin,delta_time2_vs_time1,30,27,-0.180676143,"[-0.51, 0.20]",0.348284052,0.999017505,FALSE
"1,3-Dioxolane-2-methanol",IL-20,delta_time3_vs_time1,30,27,-0.180892065,"[-0.51, 0.20]",0.347698574,0.992619405,FALSE
D-(-)-Ribofuranose,sCD163,delta_time3_vs_time1,30,27,-0.180962256,"[-0.51, 0.20]",0.347508378,0.992619405,FALSE
Stearic Acid,gp130/sIL-6Rb,delta_time3_vs_time1,30,27,-0.180981217,"[-0.51, 0.20]",0.347457009,0.992619405,FALSE
Arginine [-NH3],sIL-6Ra,delta_time3_vs_time1,30,27,-0.18098948,"[-0.51, 0.20]",0.347434626,0.992619405,FALSE
Lysine,IFN-y,delta_time3_vs_time1,30,27,-0.181027533,"[-0.51, 0.20]",0.347331553,0.992619405,FALSE
Citric acid,IL-12(p70),delta_time2_vs_time1,30,27,-0.181235655,"[-0.51, 0.20]",0.346768141,0.999017505,FALSE
Lysine,sTNF-R2,delta_time3_vs_time1,30,27,-0.181472002,"[-0.51, 0.20]",0.346128991,0.992619405,FALSE
Alanine,IL-12(p70),delta_time2_vs_time1,30,27,-0.181511715,"[-0.51, 0.20]",0.346021664,0.999017505,FALSE
Citric acid,IL-29/IFN-lambda1,delta_time3_vs_time1,30,27,-0.181523537,"[-0.51, 0.20]",0.345989717,0.992619405,FALSE
Valine,sTNF-R2,delta_time3_vs_time1,30,27,-0.181536374,"[-0.51, 0.20]",0.345955033,0.992619405,FALSE
"1,5-Anhydrohexitol",IL-26,delta_time3_vs_time1,30,27,-0.181556173,"[-0.51, 0.20]",0.345901538,0.992619405,FALSE
L-(+)-Erythrulose,BAFF/TNFSF13B,delta_time2_vs_time1,30,27,-0.181582459,"[-0.51, 0.20]",0.345830525,0.999017505,FALSE
Arachidonic acid,Chitinase 3-like1,delta_time3_vs_time1,30,27,-0.181735947,"[-0.51, 0.20]",0.345416042,0.992619405,FALSE
Arachidonic acid,sTNF-R2,delta_time3_vs_time1,30,27,-0.182175879,"[-0.51, 0.20]",0.344229695,0.992619405,FALSE
Phenylalanine,TWEAK/TNFSF12,delta_time3_vs_time1,30,27,-0.182369392,"[-0.51, 0.20]",0.343708633,0.992619405,FALSE
L-Alanine,TWEAK/TNFSF12,delta_time3_vs_time1,30,27,-0.182530389,"[-0.51, 0.20]",0.343275488,0.992619405,FALSE
1-Heptadecanol,TWEAK/TNFSF12,delta_time2_vs_time1,30,27,-0.183012975,"[-0.51, 0.20]",0.341979113,0.999017505,FALSE
2-Aminoheptanedioic acid,sTNF-R2,delta_time2_vs_time1,30,27,-0.183189756,"[-0.52, 0.20]",0.341504964,0.999017505,FALSE
Arginine [-NH3],Chitinase 3-like1,delta_time3_vs_time1,30,27,-0.183409644,"[-0.52, 0.20]",0.340915752,0.992619405,FALSE
L-(+)-Erythrulose,IL-26,delta_time3_vs_time1,30,27,-0.183842361,"[-0.52, 0.20]",0.339758039,0.992619405,FALSE
L-Rhamnose,sTNF-R2,delta_time2_vs_time1,30,27,-0.183932699,"[-0.52, 0.20]",0.339516645,0.999017505,FALSE
Campesterol,IFN-a2,delta_time2_vs_time1,30,27,-0.18416065,"[-0.52, 0.20]",0.338907992,0.999017505,FALSE
L-Norvaline,Osteocalcin,delta_time3_vs_time1,30,27,-0.184302162,"[-0.52, 0.20]",0.338530472,0.992619405,FALSE
Butanoic acid,Chitinase 3-like1,delta_time3_vs_time1,30,27,-0.184552244,"[-0.52, 0.20]",0.337863937,0.992619405,FALSE
Cholesterol,IL-20,delta_time3_vs_time1,30,27,-0.184664019,"[-0.52, 0.20]",0.337566285,0.992619405,FALSE
alpha-D-Glucopyranoside,MMP-3,delta_time2_vs_time1,30,27,-0.184727379,"[-0.52, 0.19]",0.337397629,0.999017505,FALSE
N-Acetylglutamine,IL-12(p70),delta_time2_vs_time1,30,27,-0.184758326,"[-0.52, 0.19]",0.337315271,0.999017505,FALSE
Indole-3-Latic Acid,sCD163,delta_time2_vs_time1,30,27,-0.184810066,"[-0.52, 0.19]",0.337177606,0.999017505,FALSE
Decanoic acid,TWEAK/TNFSF12,delta_time2_vs_time1,30,27,-0.18488553,"[-0.52, 0.19]",0.336976878,0.999017505,FALSE
"1,3-Dioxolane-2-methanol",APRIL/TNFSF13,delta_time3_vs_time1,30,27,-0.184938343,"[-0.52, 0.19]",0.336836443,0.992619405,FALSE
beta-Alanine,gp130/sIL-6Rb,delta_time3_vs_time1,30,27,-0.185015966,"[-0.52, 0.19]",0.336630101,0.992619405,FALSE
L-Rhamnose,sTNF-R1,delta_time2_vs_time1,30,27,-0.185071413,"[-0.52, 0.19]",0.336482755,0.999017505,FALSE
Cholesterol,IL-35,delta_time3_vs_time1,30,27,-0.18513572,"[-0.52, 0.19]",0.336311913,0.992619405,FALSE
Asparagine,MMP-3,delta_time2_vs_time1,30,27,-0.185265426,"[-0.52, 0.19]",0.335967488,0.999017505,FALSE
"1,5-Anhydrohexitol",sTNF-R2,delta_time3_vs_time1,30,27,-0.18540195,"[-0.52, 0.19]",0.335605192,0.992619405,FALSE
Ethyl alpha-D-glucopyranoside,sTNF-R1,delta_time3_vs_time1,30,27,-0.185555893,"[-0.52, 0.19]",0.335196954,0.992619405,FALSE
L-Proline,sTNF-R2,delta_time2_vs_time1,30,27,-0.185623475,"[-0.52, 0.19]",0.33501783,0.999017505,FALSE
"Ethanolamine, 3TMS",BAFF/TNFSF13B,delta_time2_vs_time1,30,27,-0.185636075,"[-0.52, 0.19]",0.334984441,0.999017505,FALSE
Lysine,IL-28A/IFN-lambda2,delta_time3_vs_time1,30,27,-0.185660604,"[-0.52, 0.19]",0.334919443,0.992619405,FALSE
1-Heptadecanol,MMP-2,delta_time3_vs_time1,30,27,-0.185700984,"[-0.52, 0.19]",0.334812465,0.992619405,FALSE
"9-Hexadecenoic acid, (Z)-",Osteocalcin,delta_time3_vs_time1,30,27,-0.185743728,"[-0.52, 0.19]",0.334699247,0.992619405,FALSE
"2,3-Butanediol",sCD30/TNFRSF8,delta_time2_vs_time1,30,27,-0.185821497,"[-0.52, 0.19]",0.334493314,0.999017505,FALSE
Oxalic acid,sCD30/TNFRSF8,delta_time3_vs_time1,30,27,-0.18584886,"[-0.52, 0.19]",0.334420875,0.992619405,FALSE
L-(+)-Erythrulose,IL-11,delta_time3_vs_time1,30,27,-0.185914714,"[-0.52, 0.19]",0.334246574,0.992619405,FALSE
Asparagine,Osteocalcin,delta_time2_vs_time1,30,27,-0.186176764,"[-0.52, 0.19]",0.333553542,0.999017505,FALSE
Tyrosine,IFN-y,delta_time3_vs_time1,30,27,-0.186327139,"[-0.52, 0.19]",0.333156247,0.992619405,FALSE
Glycerol-3-P,sCD163,delta_time3_vs_time1,30,27,-0.187063599,"[-0.52, 0.19]",0.331214659,0.992619405,FALSE
Oleic Acid,TSLP,delta_time2_vs_time1,30,27,-0.187090713,"[-0.52, 0.19]",0.33114331,0.999017505,FALSE
"2-Ethyl-3-hydroxypropionic acid, di-",IL-12(p70),delta_time2_vs_time1,30,27,-0.187140082,"[-0.52, 0.19]",0.331013417,0.999017505,FALSE
L-Rhamnose,Pentraxin-3,delta_time3_vs_time1,30,27,-0.187382167,"[-0.52, 0.19]",0.330376936,0.992619405,FALSE
"(R*,R*)-2,3-Dihydroxybutanoic acid",IL-11,delta_time2_vs_time1,30,27,-0.188375744,"[-0.52, 0.19]",0.327772494,0.999017505,FALSE
"2-Ethyl-3-hydroxypropionic acid, di-",BAFF/TNFSF13B,delta_time3_vs_time1,30,27,-0.188454801,"[-0.52, 0.19]",0.327565805,0.992619405,FALSE
1-Heptadecanol,MMP-2,delta_time2_vs_time1,30,27,-0.18859151,"[-0.52, 0.19]",0.327208575,0.999017505,FALSE
Indole-3-Propionic Acid,Chitinase 3-like1,delta_time2_vs_time1,30,27,-0.188874345,"[-0.52, 0.19]",0.326470268,0.999017505,FALSE
alpha-D-Glucopyranoside,Osteocalcin,delta_time2_vs_time1,30,27,-0.188880264,"[-0.52, 0.19]",0.326454828,0.999017505,FALSE
Proline,sCD30/TNFRSF8,delta_time2_vs_time1,30,27,-0.189031513,"[-0.52, 0.19]",0.326060443,0.999017505,FALSE
1H-Indole-3-Acetic Acid,IL-29/IFN-lambda1,delta_time3_vs_time1,30,27,-0.189153311,"[-0.52, 0.19]",0.325743062,0.992619405,FALSE
N-Acetylglutamine,IL-19,delta_time3_vs_time1,30,27,-0.189228079,"[-0.52, 0.19]",0.325548329,0.992619405,FALSE
Glyceric acid,IL-12(p40),delta_time2_vs_time1,30,27,-0.189286404,"[-0.52, 0.19]",0.325396467,0.999017505,FALSE
1H-Indole-3-Acetic Acid,IL-28A/IFN-lambda2,delta_time2_vs_time1,30,27,-0.18970196,"[-0.52, 0.19]",0.324315751,0.999017505,FALSE
L-(+)-Erythrulose,sIL-6Ra,delta_time3_vs_time1,30,27,-0.189711182,"[-0.52, 0.19]",0.324291794,0.992619405,FALSE
Nonanoic acid,TWEAK/TNFSF12,delta_time2_vs_time1,30,27,-0.189722435,"[-0.52, 0.19]",0.324262559,0.999017505,FALSE
Arachidonic acid.1,sTNF-R1,delta_time3_vs_time1,30,27,-0.189814504,"[-0.52, 0.19]",0.324023443,0.992619405,FALSE
L-(+)-Erythrulose,MMP-3,delta_time3_vs_time1,30,27,-0.190146605,"[-0.52, 0.19]",0.323161828,0.992619405,FALSE
Lactic Acid.1,sTNF-R1,delta_time2_vs_time1,30,27,-0.190368089,"[-0.52, 0.19]",0.322587987,0.999017505,FALSE
"Ethanolamine, 3TMS",IL-35,delta_time3_vs_time1,30,27,-0.190398215,"[-0.52, 0.19]",0.322509982,0.992619405,FALSE
Tyrosine,sCD163,delta_time3_vs_time1,30,27,-0.190570664,"[-0.52, 0.19]",0.322063685,0.992619405,FALSE
D-(-)-Ribofuranose,sTNF-R2,delta_time2_vs_time1,30,27,-0.190609952,"[-0.52, 0.19]",0.321962061,0.999017505,FALSE
Tyrosine,sTNF-R2,delta_time3_vs_time1,30,27,-0.190844107,"[-0.52, 0.19]",0.321356796,0.992619405,FALSE
L-(+)-Erythrulose,sCD30/TNFRSF8,delta_time2_vs_time1,30,27,-0.190852525,"[-0.52, 0.19]",0.321335048,0.999017505,FALSE
2-Aminoheptanedioic acid,Pentraxin-3,delta_time2_vs_time1,30,27,-0.190908044,"[-0.52, 0.19]",0.321191647,0.999017505,FALSE
Arachidonic acid,sCD30/TNFRSF8,delta_time3_vs_time1,30,27,-0.190962013,"[-0.52, 0.19]",0.321052287,0.992619405,FALSE
4-Aminobutanoic acid,Pentraxin-3,delta_time2_vs_time1,30,27,-0.191035333,"[-0.52, 0.19]",0.320863017,0.999017505,FALSE
Arachidonic acid,gp130/sIL-6Rb,delta_time2_vs_time1,30,27,-0.191061403,"[-0.52, 0.19]",0.320795736,0.999017505,FALSE
Tryptophan,IL-20,delta_time3_vs_time1,30,27,-0.191077681,"[-0.52, 0.19]",0.320753732,0.992619405,FALSE
L-Proline,Osteocalcin,delta_time2_vs_time1,30,27,-0.191258994,"[-0.52, 0.19]",0.320286081,0.999017505,FALSE
Erythritol,IL-10,delta_time3_vs_time1,30,27,-0.19151118,"[-0.52, 0.19]",0.319636329,0.992619405,FALSE
Oxalic acid,Pentraxin-3,delta_time3_vs_time1,30,27,-0.191569345,"[-0.52, 0.19]",0.319486585,0.992619405,FALSE
Cysteine,IL-12(p40),delta_time2_vs_time1,30,27,-0.191868534,"[-0.52, 0.19]",0.318717011,0.999017505,FALSE
Decanoic acid,MMP-2,delta_time2_vs_time1,30,27,-0.191964999,"[-0.52, 0.19]",0.318469128,0.999017505,FALSE
Lysine,Chitinase 3-like1,delta_time2_vs_time1,30,27,-0.19209305,"[-0.52, 0.19]",0.318140263,0.999017505,FALSE
Cholesterol,IL-28A/IFN-lambda2,delta_time2_vs_time1,30,27,-0.192187241,"[-0.52, 0.19]",0.317898495,0.999017505,FALSE
L-Proline,TSLP,delta_time2_vs_time1,30,27,-0.19224788,"[-0.52, 0.19]",0.317742905,0.999017505,FALSE
Dodecanoic acid,IFN-y,delta_time3_vs_time1,30,27,-0.192321176,"[-0.52, 0.19]",0.317554903,0.992619405,FALSE
Diethanolamine,IFN-y,delta_time3_vs_time1,30,27,-0.192482676,"[-0.52, 0.19]",0.317140906,0.992619405,FALSE
3-OH-Butanoic Acid,IL-28A/IFN-lambda2,delta_time2_vs_time1,30,27,-0.192518428,"[-0.52, 0.19]",0.317049301,0.999017505,FALSE
"9-Hexadecenoic acid, (Z)-",sTNF-R1,delta_time3_vs_time1,30,27,-0.192627016,"[-0.52, 0.19]",0.316771179,0.992619405,FALSE
Linoleic Acid,sCD30/TNFRSF8,delta_time3_vs_time1,30,27,-0.192868107,"[-0.52, 0.19]",0.316154219,0.992619405,FALSE
L-Proline,Chitinase 3-like1,delta_time2_vs_time1,30,27,-0.192877117,"[-0.52, 0.19]",0.316131178,0.999017505,FALSE
"Ethanolamine, 3TMS",TWEAK/TNFSF12,delta_time2_vs_time1,30,27,-0.192973775,"[-0.52, 0.19]",0.315884046,0.999017505,FALSE
Arachidonic acid,IL-26,delta_time3_vs_time1,30,27,-0.193028218,"[-0.52, 0.19]",0.315744902,0.992619405,FALSE
Tyrosine,IL-12(p70),delta_time3_vs_time1,30,27,-0.193051856,"[-0.52, 0.19]",0.3156845,0.992619405,FALSE
L-(+)-Erythrulose,sCD163,delta_time2_vs_time1,30,27,-0.19347597,"[-0.52, 0.19]",0.314601985,0.999017505,FALSE
Indole-3-Latic Acid,IL-29/IFN-lambda1,delta_time3_vs_time1,30,27,-0.193504848,"[-0.52, 0.19]",0.314528361,0.992619405,FALSE
Decanoic acid,IL-12(p40),delta_time2_vs_time1,30,27,-0.193591946,"[-0.52, 0.19]",0.314306368,0.999017505,FALSE
Citric acid,APRIL/TNFSF13,delta_time2_vs_time1,30,27,-0.193608023,"[-0.52, 0.19]",0.3142654,0.999017505,FALSE
L-Alanine,sCD163,delta_time2_vs_time1,30,27,-0.193880224,"[-0.52, 0.19]",0.313572305,0.999017505,FALSE
Leucine,sTNF-R1,delta_time2_vs_time1,30,27,-0.194025362,"[-0.52, 0.19]",0.313203133,0.999017505,FALSE
L-Proline,APRIL/TNFSF13,delta_time3_vs_time1,30,27,-0.19422666,"[-0.52, 0.19]",0.312691562,0.992619405,FALSE
"(R*,R*)-2,3-Dihydroxybutanoic acid",IL-29/IFN-lambda1,delta_time2_vs_time1,30,27,-0.194339632,"[-0.52, 0.19]",0.312404685,0.999017505,FALSE
Aminomalonic acid,Pentraxin-3,delta_time3_vs_time1,30,27,-0.19442222,"[-0.52, 0.19]",0.312195069,0.992619405,FALSE
L-Proline,sTNF-R2,delta_time3_vs_time1,30,27,-0.194721591,"[-0.52, 0.18]",0.311435966,0.992619405,FALSE
Arginine [-NH3],IFN-a2,delta_time3_vs_time1,30,27,-0.195224214,"[-0.52, 0.18]",0.310164072,0.992619405,FALSE
Oxalic acid,IL-12(p70),delta_time3_vs_time1,30,27,-0.195286714,"[-0.52, 0.18]",0.310006144,0.992619405,FALSE
"(R*,R*)-2,3-Dihydroxybutanoic acid",IL-26,delta_time2_vs_time1,30,27,-0.195389598,"[-0.52, 0.18]",0.309746276,0.999017505,FALSE
Cysteine,IL-11,delta_time2_vs_time1,30,27,-0.195561155,"[-0.52, 0.18]",0.309313253,0.999017505,FALSE
"1,3-Dioxolane-2-methanol",Pentraxin-3,delta_time2_vs_time1,30,27,-0.195803266,"[-0.52, 0.18]",0.30870279,0.999017505,FALSE
"Ethanolamine, 2TMS",IL-29/IFN-lambda1,delta_time2_vs_time1,30,27,-0.19584251,"[-0.52, 0.18]",0.308603912,0.999017505,FALSE
"9-Hexadecenoic acid, (Z)-",sCD30/TNFRSF8,delta_time3_vs_time1,30,27,-0.195873933,"[-0.52, 0.18]",0.308524753,0.992619405,FALSE
Arachidonic acid,IFN-y,delta_time3_vs_time1,30,27,-0.196023309,"[-0.52, 0.18]",0.308148624,0.992619405,FALSE
Stearic Acid,MMP-3,delta_time3_vs_time1,30,27,-0.196060784,"[-0.52, 0.18]",0.308054307,0.992619405,FALSE
L-(+)-Erythrulose,IL-12(p70),delta_time2_vs_time1,30,27,-0.196102771,"[-0.52, 0.18]",0.307948654,0.999017505,FALSE
D-(-)-Ribofuranose,TWEAK/TNFSF12,delta_time3_vs_time1,30,27,-0.196141226,"[-0.52, 0.18]",0.30785191,0.992619405,FALSE
Decanoic acid,IFN-y,delta_time2_vs_time1,30,27,-0.196230669,"[-0.52, 0.18]",0.307626964,0.999017505,FALSE
Leucine,gp130/sIL-6Rb,delta_time2_vs_time1,30,27,-0.196433809,"[-0.53, 0.18]",0.307116458,0.999017505,FALSE
Ascorbic Acid,sTNF-R2,delta_time2_vs_time1,30,27,-0.196452308,"[-0.53, 0.18]",0.307069995,0.999017505,FALSE
1-Heptadecanol,APRIL/TNFSF13,delta_time3_vs_time1,30,27,-0.19665737,"[-0.53, 0.18]",0.306555245,0.992619405,FALSE
L-5-Oxoproline,sCD163,delta_time3_vs_time1,30,27,-0.196663233,"[-0.53, 0.18]",0.306540535,0.992619405,FALSE
1H-Indole-3-Acetic Acid,IFN-y,delta_time2_vs_time1,30,27,-0.196784007,"[-0.53, 0.18]",0.306237627,0.999017505,FALSE
DL-Ornithine,MMP-2,delta_time2_vs_time1,30,27,-0.196826592,"[-0.53, 0.18]",0.306130866,0.999017505,FALSE
2-Aminoheptanedioic acid,IL-19,delta_time2_vs_time1,30,27,-0.196877864,"[-0.53, 0.18]",0.306002356,0.999017505,FALSE
Citric acid,IFN-a2,delta_time2_vs_time1,30,27,-0.196946496,"[-0.53, 0.18]",0.30583039,0.999017505,FALSE
2-Aminoheptanedioic acid,MMP-2,delta_time2_vs_time1,30,27,-0.197245659,"[-0.53, 0.18]",0.305081502,0.999017505,FALSE
L-Alanine,sTNF-R2,delta_time3_vs_time1,30,27,-0.197278907,"[-0.53, 0.18]",0.304998344,0.992619405,FALSE
Ornithine,Pentraxin-3,delta_time3_vs_time1,30,27,-0.197322267,"[-0.53, 0.18]",0.304889915,0.992619405,FALSE
"Ethanolamine, 2TMS",IL-11,delta_time2_vs_time1,30,27,-0.197370194,"[-0.53, 0.18]",0.304770096,0.999017505,FALSE
Doconexent,IL-26,delta_time2_vs_time1,30,27,-0.197566234,"[-0.53, 0.18]",0.304280289,0.999017505,FALSE
N-Acetylglutamine,IL-35,delta_time2_vs_time1,30,27,-0.197576844,"[-0.53, 0.18]",0.304253795,0.999017505,FALSE
"1,5-Anhydrohexitol",MMP-2,delta_time3_vs_time1,30,27,-0.197814675,"[-0.53, 0.18]",0.303660267,0.992619405,FALSE
Glutamic Acid,Osteopontin,delta_time3_vs_time1,30,27,-0.197815086,"[-0.53, 0.18]",0.303659243,0.992619405,FALSE
Glycolic acid,MMP-3,delta_time3_vs_time1,30,27,-0.197897974,"[-0.53, 0.18]",0.30345256,0.992619405,FALSE
"9-Hexadecenoic acid, (Z)-",sIL-6Ra,delta_time3_vs_time1,30,27,-0.19814822,"[-0.53, 0.18]",0.302829102,0.992619405,FALSE
L-Alanine,MMP-2,delta_time3_vs_time1,30,27,-0.198250985,"[-0.53, 0.18]",0.302573309,0.992619405,FALSE
Glyceric acid,Chitinase 3-like1,delta_time2_vs_time1,30,27,-0.198306261,"[-0.53, 0.18]",0.302435777,0.999017505,FALSE
L-Proline,MMP-2,delta_time3_vs_time1,30,27,-0.198334563,"[-0.53, 0.18]",0.302365373,0.992619405,FALSE
L-Rhamnose,IL-12(p70),delta_time3_vs_time1,30,27,-0.198409142,"[-0.53, 0.18]",0.302179904,0.992619405,FALSE
Palmitelaidic acid,MMP-2,delta_time3_vs_time1,30,27,-0.198701299,"[-0.53, 0.18]",0.301454024,0.992619405,FALSE
4-Aminobutanoic acid,TWEAK/TNFSF12,delta_time3_vs_time1,30,27,-0.198771196,"[-0.53, 0.18]",0.301280525,0.992619405,FALSE
"D-Arabinose, tetrakis",sCD30/TNFRSF8,delta_time2_vs_time1,30,27,-0.19877782,"[-0.53, 0.18]",0.301264087,0.999017505,FALSE
Ethyl alpha-D-glucopyranoside,IL-12(p70),delta_time2_vs_time1,30,27,-0.198858804,"[-0.53, 0.18]",0.301063151,0.999017505,FALSE
1-Monooleoylglycerol,MMP-1,delta_time3_vs_time1,30,27,-0.1988888,"[-0.53, 0.18]",0.300988748,0.992619405,FALSE
2-OH-Butanoic Acid,BAFF/TNFSF13B,delta_time2_vs_time1,30,27,-0.198958898,"[-0.53, 0.18]",0.300814918,0.999017505,FALSE
Arachidonic acid.1,BAFF/TNFSF13B,delta_time2_vs_time1,30,27,-0.19917365,"[-0.53, 0.18]",0.300282765,0.999017505,FALSE
Indole-3-Latic Acid,Chitinase 3-like1,delta_time2_vs_time1,30,27,-0.199209468,"[-0.53, 0.18]",0.300194067,0.999017505,FALSE
L-5-Oxoproline,sCD163,delta_time2_vs_time1,30,27,-0.199347149,"[-0.53, 0.18]",0.29985327,0.999017505,FALSE
Erythritol,IL-35,delta_time3_vs_time1,30,27,-0.199580016,"[-0.53, 0.18]",0.299277415,0.992619405,FALSE
Oxalic acid,Osteopontin,delta_time3_vs_time1,30,27,-0.199681479,"[-0.53, 0.18]",0.299026727,0.992619405,FALSE
1-Monooleoylglycerol,TWEAK/TNFSF12,delta_time3_vs_time1,30,27,-0.199830792,"[-0.53, 0.18]",0.298658056,0.992619405,FALSE
Valine,Osteocalcin,delta_time2_vs_time1,30,27,-0.200072599,"[-0.53, 0.18]",0.298061611,0.999017505,FALSE
Glycerol,sIL-6Ra,delta_time2_vs_time1,30,27,-0.200073229,"[-0.53, 0.18]",0.298060058,0.999017505,FALSE
"(R*,R*)-2,3-Dihydroxybutanoic acid",MMP-3,delta_time2_vs_time1,30,27,-0.200195241,"[-0.53, 0.18]",0.297759387,0.999017505,FALSE
Campesterol,TWEAK/TNFSF12,delta_time3_vs_time1,30,27,-0.20020331,"[-0.53, 0.18]",0.29773951,0.992619405,FALSE
Glycerol-3-P,MMP-1,delta_time2_vs_time1,30,27,-0.20041314,"[-0.53, 0.18]",0.297222901,0.999017505,FALSE
Tyrosine,Osteocalcin,delta_time3_vs_time1,30,27,-0.2006644,"[-0.53, 0.18]",0.296605035,0.992619405,FALSE
4-Aminobutanoic acid,APRIL/TNFSF13,delta_time2_vs_time1,30,27,-0.200960448,"[-0.53, 0.18]",0.29587807,0.999017505,FALSE
Linoleic Acid,IFN-a2,delta_time2_vs_time1,30,27,-0.201432763,"[-0.53, 0.18]",0.294720605,0.999017505,FALSE
Valine,Chitinase 3-like1,delta_time2_vs_time1,30,27,-0.201552497,"[-0.53, 0.18]",0.294427637,0.999017505,FALSE
"2,3-Butanediol",Osteopontin,delta_time3_vs_time1,30,27,-0.201559554,"[-0.53, 0.18]",0.294410376,0.992619405,FALSE
Ethyl alpha-D-glucopyranoside,MMP-2,delta_time3_vs_time1,30,27,-0.201714117,"[-0.53, 0.18]",0.294032474,0.992619405,FALSE
"2-Ethyl-3-hydroxypropionic acid, di-",Osteocalcin,delta_time2_vs_time1,30,27,-0.201731887,"[-0.53, 0.18]",0.293989046,0.999017505,FALSE
L-(+)-Erythrulose,sCD30/TNFRSF8,delta_time3_vs_time1,30,27,-0.201858504,"[-0.53, 0.18]",0.29367973,0.992619405,FALSE
Glycerol,IL-26,delta_time2_vs_time1,30,27,-0.202142638,"[-0.53, 0.18]",0.292986359,0.999017505,FALSE
"9-Hexadecenoic acid, (Z)-",sIL-6Ra,delta_time2_vs_time1,30,27,-0.202236141,"[-0.53, 0.18]",0.29275841,0.999017505,FALSE
Glycolic acid,gp130/sIL-6Rb,delta_time3_vs_time1,30,27,-0.202284665,"[-0.53, 0.18]",0.29264016,0.992619405,FALSE
Ethyl alpha-D-glucopyranoside,IFN-y,delta_time2_vs_time1,30,27,-0.202617604,"[-0.53, 0.18]",0.291829618,0.999017505,FALSE
1-Heptadecanol,sIL-6Ra,delta_time3_vs_time1,30,27,-0.202793462,"[-0.53, 0.18]",0.291402066,0.992619405,FALSE
Campesterol,BAFF/TNFSF13B,delta_time3_vs_time1,30,27,-0.202931866,"[-0.53, 0.18]",0.291065852,0.992619405,FALSE
alpha-D-Glucopyranoside,MMP-1,delta_time2_vs_time1,30,27,-0.203379809,"[-0.53, 0.18]",0.289979388,0.999017505,FALSE
Lysine,Osteocalcin,delta_time3_vs_time1,30,27,-0.204006439,"[-0.53, 0.18]",0.288463854,0.992619405,FALSE
Arginine [-NH3],sTNF-R2,delta_time3_vs_time1,30,27,-0.204011305,"[-0.53, 0.18]",0.288452105,0.992619405,FALSE
"2,3-Butanediol",Osteopontin,delta_time2_vs_time1,30,27,-0.204110146,"[-0.53, 0.18]",0.288213519,0.999017505,FALSE
Glycerol,IL-12(p40),delta_time2_vs_time1,30,27,-0.204332617,"[-0.53, 0.18]",0.287676973,0.999017505,FALSE
3-OH-Butanoic Acid,TSLP,delta_time2_vs_time1,30,27,-0.20434634,"[-0.53, 0.18]",0.287643898,0.999017505,FALSE
Threonine,Osteopontin,delta_time2_vs_time1,30,27,-0.204366023,"[-0.53, 0.18]",0.287596461,0.999017505,FALSE
Linoleic Acid,Pentraxin-3,delta_time3_vs_time1,30,27,-0.204486185,"[-0.53, 0.18]",0.287306975,0.992619405,FALSE
Nonanoic acid,gp130/sIL-6Rb,delta_time3_vs_time1,30,27,-0.204593628,"[-0.53, 0.18]",0.287048287,0.992619405,FALSE
Valine,sIL-6Ra,delta_time3_vs_time1,30,27,-0.204681113,"[-0.53, 0.17]",0.286837763,0.992619405,FALSE
1-Heptadecanol,IL-26,delta_time2_vs_time1,30,27,-0.204873107,"[-0.53, 0.17]",0.286376089,0.999017505,FALSE
2-Aminoheptanedioic acid,MMP-3,delta_time2_vs_time1,30,27,-0.205006319,"[-0.53, 0.17]",0.286056044,0.999017505,FALSE
Asparagine,Chitinase 3-like1,delta_time2_vs_time1,30,27,-0.205171846,"[-0.53, 0.17]",0.285658678,0.999017505,FALSE
1-Monooleoylglycerol,IL-26,delta_time2_vs_time1,30,27,-0.205327877,"[-0.53, 0.17]",0.285284431,0.999017505,FALSE
"2-Ethyl-3-hydroxypropionic acid, di-",IL-12(p70),delta_time3_vs_time1,30,27,-0.205466986,"[-0.53, 0.17]",0.284951035,0.992619405,FALSE
Arginine [-NH3],sTNF-R1,delta_time2_vs_time1,30,27,-0.205565037,"[-0.53, 0.17]",0.28471619,0.999017505,FALSE
DL-Ornithine,IL-26,delta_time3_vs_time1,30,27,-0.205611247,"[-0.53, 0.17]",0.284605554,0.992619405,FALSE
Ascorbic Acid,IL-11,delta_time3_vs_time1,30,27,-0.205719228,"[-0.53, 0.17]",0.284347134,0.992619405,FALSE
Glycolic acid,MMP-1,delta_time3_vs_time1,30,27,-0.205831634,"[-0.53, 0.17]",0.284078283,0.992619405,FALSE
Lysine,IL-12(p40),delta_time3_vs_time1,30,27,-0.206053263,"[-0.53, 0.17]",0.283548666,0.992619405,FALSE
1-Heptadecanol,IL-12(p40),delta_time3_vs_time1,30,27,-0.206097413,"[-0.53, 0.17]",0.283443241,0.992619405,FALSE
"1,5-Anhydrohexitol",sTNF-R1,delta_time2_vs_time1,30,27,-0.206114924,"[-0.53, 0.17]",0.283401432,0.999017505,FALSE
beta-D-Xylopyranose,IL-26,delta_time2_vs_time1,30,27,-0.206167565,"[-0.53, 0.17]",0.283275773,0.999017505,FALSE
1-Monooleoylglycerol,sTNF-R2,delta_time3_vs_time1,30,27,-0.206307764,"[-0.53, 0.17]",0.282941277,0.992619405,FALSE
DL-Ornithine,IL-20,delta_time3_vs_time1,30,27,-0.206310477,"[-0.53, 0.17]",0.282934808,0.992619405,FALSE
Decanoic acid,IL-11,delta_time2_vs_time1,30,27,-0.206321083,"[-0.53, 0.17]",0.282909513,0.999017505,FALSE
2-OH-Butanoic Acid,MMP-3,delta_time2_vs_time1,30,27,-0.206452895,"[-0.53, 0.17]",0.282595284,0.999017505,FALSE
"1,5-Anhydrohexitol",IL-20,delta_time2_vs_time1,30,27,-0.206462598,"[-0.53, 0.17]",0.282572161,0.999017505,FALSE
Arachidonic acid,sIL-6Ra,delta_time3_vs_time1,30,27,-0.206927414,"[-0.53, 0.17]",0.281465909,0.992619405,FALSE
4-Aminobutanoic acid,IL-20,delta_time3_vs_time1,30,27,-0.206995963,"[-0.53, 0.17]",0.281302997,0.992619405,FALSE
Glycolic acid,APRIL/TNFSF13,delta_time3_vs_time1,30,27,-0.207041631,"[-0.53, 0.17]",0.2811945,0.992619405,FALSE
Glycolic acid,Osteopontin,delta_time2_vs_time1,30,27,-0.20708715,"[-0.53, 0.17]",0.281086381,0.999017505,FALSE
1-Heptadecanol,sTNF-R2,delta_time3_vs_time1,30,27,-0.207125972,"[-0.53, 0.17]",0.280994191,0.992619405,FALSE
2-Aminoheptanedioic acid,IFN-a2,delta_time2_vs_time1,30,27,-0.207777229,"[-0.53, 0.17]",0.279450543,0.999017505,FALSE
"2,3,4-Trihydroxybutyric acid",gp130/sIL-6Rb,delta_time2_vs_time1,30,27,-0.207848444,"[-0.53, 0.17]",0.279282076,0.999017505,FALSE
Arachidonic acid,IL-12(p40),delta_time2_vs_time1,30,27,-0.208152456,"[-0.53, 0.17]",0.278563633,0.999017505,FALSE
Indole-3-Latic Acid,Osteopontin,delta_time3_vs_time1,30,27,-0.208154205,"[-0.53, 0.17]",0.278559502,0.992619405,FALSE
Glycerol-3-P,IL-26,delta_time2_vs_time1,30,27,-0.208183008,"[-0.53, 0.17]",0.278491496,0.999017505,FALSE
DL-Ornithine,IL-19,delta_time3_vs_time1,30,27,-0.208433812,"[-0.53, 0.17]",0.277899787,0.992619405,FALSE
4-Aminobutanoic acid,TSLP,delta_time3_vs_time1,30,27,-0.208466242,"[-0.53, 0.17]",0.277823335,0.992619405,FALSE
Oxalic acid,sIL-6Ra,delta_time3_vs_time1,30,27,-0.208838135,"[-0.53, 0.17]",0.276947587,0.992619405,FALSE
L-(+)-Erythrulose,Chitinase 3-like1,delta_time2_vs_time1,30,27,-0.208974765,"[-0.53, 0.17]",0.276626292,0.999017505,FALSE
Stearic Acid,IFN-y,delta_time2_vs_time1,30,27,-0.209042838,"[-0.53, 0.17]",0.276466304,0.999017505,FALSE
Decanoic acid,IL-26,delta_time2_vs_time1,30,27,-0.209192434,"[-0.53, 0.17]",0.276114923,0.999017505,FALSE
"Ethanolamine, 2TMS",sCD30/TNFRSF8,delta_time3_vs_time1,30,27,-0.209223544,"[-0.53, 0.17]",0.276041888,0.992619405,FALSE
L-Norvaline,IL-35,delta_time3_vs_time1,30,27,-0.20972807,"[-0.54, 0.17]",0.274859146,0.992619405,FALSE
Arachidonic acid,IL-19,delta_time3_vs_time1,30,27,-0.209934803,"[-0.54, 0.17]",0.274375454,0.992619405,FALSE
Glycolic acid,sIL-6Ra,delta_time2_vs_time1,30,27,-0.21032836,"[-0.54, 0.17]",0.273456168,0.999017505,FALSE
Arachidonic acid,MMP-2,delta_time2_vs_time1,30,27,-0.210773485,"[-0.54, 0.17]",0.272418821,0.999017505,FALSE
Indole-3-Propionic Acid,APRIL/TNFSF13,delta_time2_vs_time1,30,27,-0.210847437,"[-0.54, 0.17]",0.272246725,0.999017505,FALSE
Arachidonic acid,MMP-3,delta_time3_vs_time1,30,27,-0.210990796,"[-0.54, 0.17]",0.271913311,0.992619405,FALSE
Palmitelaidic acid,IL-12(p70),delta_time2_vs_time1,30,27,-0.211005095,"[-0.54, 0.17]",0.27188007,0.999017505,FALSE
Decanoic acid,IFN-a2,delta_time2_vs_time1,30,27,-0.211087414,"[-0.54, 0.17]",0.271688752,0.999017505,FALSE
Glycolic acid,Pentraxin-3,delta_time3_vs_time1,30,27,-0.211165508,"[-0.54, 0.17]",0.271507335,0.992619405,FALSE
Nonanoic acid,IL-26,delta_time3_vs_time1,30,27,-0.211240781,"[-0.54, 0.17]",0.271332544,0.992619405,FALSE
1H-Indole-3-Acetic Acid,IL-12(p70),delta_time2_vs_time1,30,27,-0.211547677,"[-0.54, 0.17]",0.270620657,0.999017505,FALSE
Cholesterol,MMP-1,delta_time3_vs_time1,30,27,-0.211615897,"[-0.54, 0.17]",0.270462576,0.992619405,FALSE
Tyrosine,TWEAK/TNFSF12,delta_time3_vs_time1,30,27,-0.21168574,"[-0.54, 0.17]",0.270300795,0.992619405,FALSE
L-5-Oxoproline,sCD30/TNFRSF8,delta_time2_vs_time1,30,27,-0.211937713,"[-0.54, 0.17]",0.269717659,0.999017505,FALSE
Diethanolamine,IL-28A/IFN-lambda2,delta_time3_vs_time1,30,27,-0.212120162,"[-0.54, 0.17]",0.269295929,0.992619405,FALSE
Glutamine [-H2O],sIL-6Ra,delta_time3_vs_time1,30,27,-0.212493557,"[-0.54, 0.17]",0.268434161,0.992619405,FALSE
1-Monopalmitin,Osteopontin,delta_time2_vs_time1,30,27,-0.213582612,"[-0.54, 0.17]",0.265930917,0.999017505,FALSE
"1,3-Dioxolane-2-methanol",IL-12(p70),delta_time3_vs_time1,30,27,-0.213880295,"[-0.54, 0.17]",0.265249323,0.992619405,FALSE
Diethanolamine,sCD30/TNFRSF8,delta_time2_vs_time1,30,27,-0.214162488,"[-0.54, 0.17]",0.264604249,0.999017505,FALSE
Palmitic Acid,MMP-3,delta_time3_vs_time1,30,27,-0.214176363,"[-0.54, 0.17]",0.264572556,0.992619405,FALSE
4-Aminobutanoic acid,IL-19,delta_time2_vs_time1,30,27,-0.214649987,"[-0.54, 0.16]",0.26349226,0.999017505,FALSE
L-Norvaline,IFN-y,delta_time3_vs_time1,30,27,-0.214814834,"[-0.54, 0.16]",0.263116931,0.992619405,FALSE
Glycerol-3-P,MMP-3,delta_time3_vs_time1,30,27,-0.214928103,"[-0.54, 0.16]",0.262859239,0.992619405,FALSE
"2,3-Butanediol",TSLP,delta_time2_vs_time1,30,27,-0.214951195,"[-0.54, 0.16]",0.262806724,0.999017505,FALSE
1-Monooleoylglycerol,gp130/sIL-6Rb,delta_time2_vs_time1,30,27,-0.215444402,"[-0.54, 0.16]",0.261686716,0.999017505,FALSE
"2-Ethyl-3-hydroxypropionic acid, di-",IL-26,delta_time3_vs_time1,30,27,-0.215828978,"[-0.54, 0.16]",0.260815557,0.992619405,FALSE
L-(+)-Erythrulose,IL-19,delta_time2_vs_time1,30,27,-0.215905872,"[-0.54, 0.16]",0.260641602,0.999017505,FALSE
"2-Ethyl-3-hydroxypropionic acid, di-",gp130/sIL-6Rb,delta_time2_vs_time1,30,27,-0.216047099,"[-0.54, 0.16]",0.260322301,0.999017505,FALSE
Cholesterol,IL-10,delta_time3_vs_time1,30,27,-0.216248623,"[-0.54, 0.16]",0.25986712,0.992619405,FALSE
Glycolic acid,IL-10,delta_time2_vs_time1,30,27,-0.216295581,"[-0.54, 0.16]",0.25976113,0.999017505,FALSE
2-Aminoheptanedioic acid,IL-12(p40),delta_time2_vs_time1,30,27,-0.216566535,"[-0.54, 0.16]",0.25915011,0.999017505,FALSE
"2-Ethyl-3-hydroxypropionic acid, di-",IL-19,delta_time2_vs_time1,30,27,-0.216716697,"[-0.54, 0.16]",0.25881189,0.999017505,FALSE
Nonanoic acid,Osteocalcin,delta_time3_vs_time1,30,27,-0.216796838,"[-0.54, 0.16]",0.258631499,0.992619405,FALSE
L-Aspartic acid,MMP-2,delta_time3_vs_time1,30,27,-0.216838426,"[-0.54, 0.16]",0.258537921,0.992619405,FALSE
"Ethanolamine, 3TMS",IL-28A/IFN-lambda2,delta_time2_vs_time1,30,27,-0.21688952,"[-0.54, 0.16]",0.258422984,0.999017505,FALSE
Erythritol,IFN-a2,delta_time3_vs_time1,30,27,-0.217454943,"[-0.54, 0.16]",0.257153277,0.992619405,FALSE
L-Aspartic acid,IL-28A/IFN-lambda2,delta_time3_vs_time1,30,27,-0.217566093,"[-0.54, 0.16]",0.256904162,0.992619405,FALSE
L-Norvaline,Pentraxin-3,delta_time2_vs_time1,30,27,-0.217742711,"[-0.54, 0.16]",0.25650864,0.999017505,FALSE
Ethyl alpha-D-glucopyranoside,gp130/sIL-6Rb,delta_time3_vs_time1,30,27,-0.218830247,"[-0.54, 0.16]",0.254081982,0.992619405,FALSE
Tyrosine,APRIL/TNFSF13,delta_time3_vs_time1,30,27,-0.218970035,"[-0.54, 0.16]",0.253771165,0.992619405,FALSE
Arachidonic acid,Osteocalcin,delta_time3_vs_time1,30,27,-0.219050209,"[-0.54, 0.16]",0.253593011,0.992619405,FALSE
Valine,Osteocalcin,delta_time3_vs_time1,30,27,-0.219168688,"[-0.54, 0.16]",0.253329892,0.992619405,FALSE
Glycerol-3-P,IL-12(p40),delta_time2_vs_time1,30,27,-0.219198857,"[-0.54, 0.16]",0.25326292,0.999017505,FALSE
Cholesterol,sTNF-R1,delta_time2_vs_time1,30,27,-0.219270027,"[-0.54, 0.16]",0.253104979,0.999017505,FALSE
Stearic Acid,Chitinase 3-like1,delta_time3_vs_time1,30,27,-0.219270494,"[-0.54, 0.16]",0.253103943,0.992619405,FALSE
Glycolic acid,BAFF/TNFSF13B,delta_time3_vs_time1,30,27,-0.219752105,"[-0.54, 0.16]",0.252036845,0.992619405,FALSE
Dodecanoic acid,IL-29/IFN-lambda1,delta_time3_vs_time1,30,27,-0.219767745,"[-0.54, 0.16]",0.252002243,0.992619405,FALSE
Glycolic acid,Chitinase 3-like1,delta_time2_vs_time1,30,27,-0.219787597,"[-0.54, 0.16]",0.251958324,0.999017505,FALSE
Indole-3-Propionic Acid,IL-28A/IFN-lambda2,delta_time2_vs_time1,30,27,-0.219898894,"[-0.54, 0.16]",0.251712197,0.999017505,FALSE
Threonine,MMP-2,delta_time2_vs_time1,30,27,-0.219990402,"[-0.54, 0.16]",0.25150995,0.999017505,FALSE
"2,3-Butanediol",IL-28A/IFN-lambda2,delta_time3_vs_time1,30,27,-0.2201773,"[-0.54, 0.16]",0.251097211,0.992619405,FALSE
Stearic Acid,IL-12(p40),delta_time2_vs_time1,30,27,-0.220300201,"[-0.54, 0.16]",0.250826045,0.999017505,FALSE
"1,5-Anhydrohexitol",IL-29/IFN-lambda1,delta_time2_vs_time1,30,27,-0.220367848,"[-0.54, 0.16]",0.25067687,0.999017505,FALSE
Ascorbic Acid,MMP-3,delta_time3_vs_time1,30,27,-0.220397186,"[-0.54, 0.16]",0.250612193,0.992619405,FALSE
Nonanoic acid,Chitinase 3-like1,delta_time2_vs_time1,30,27,-0.220969937,"[-0.54, 0.16]",0.249351733,0.999017505,FALSE
Glycerol,BAFF/TNFSF13B,delta_time2_vs_time1,30,27,-0.221203834,"[-0.54, 0.16]",0.248838196,0.999017505,FALSE
1-Monopalmitin,TWEAK/TNFSF12,delta_time2_vs_time1,30,27,-0.221466961,"[-0.54, 0.16]",0.248261319,0.999017505,FALSE
Erythritol,TSLP,delta_time3_vs_time1,30,27,-0.221469997,"[-0.54, 0.16]",0.248254667,0.992619405,FALSE
Arachidonic acid.1,IL-29/IFN-lambda1,delta_time3_vs_time1,30,27,-0.221480708,"[-0.54, 0.16]",0.248231204,0.992619405,FALSE
Citric acid,IFN-a2,delta_time3_vs_time1,30,27,-0.221618837,"[-0.54, 0.16]",0.247928749,0.992619405,FALSE
Butanoic acid,IL-26,delta_time3_vs_time1,30,27,-0.221683382,"[-0.54, 0.16]",0.247787499,0.992619405,FALSE
"11-Eicosenoic acid, (E)-",MMP-2,delta_time2_vs_time1,30,27,-0.221733132,"[-0.54, 0.16]",0.247678665,0.999017505,FALSE
4-Aminobutanoic acid,IL-12(p40),delta_time3_vs_time1,30,27,-0.221909284,"[-0.54, 0.16]",0.247293563,0.992619405,FALSE
Cysteine,Chitinase 3-like1,delta_time3_vs_time1,30,27,-0.221990409,"[-0.54, 0.16]",0.247116339,0.992619405,FALSE
Erythritol,Pentraxin-3,delta_time2_vs_time1,30,27,-0.222037057,"[-0.54, 0.16]",0.247014472,0.999017505,FALSE
Lysine,Chitinase 3-like1,delta_time3_vs_time1,30,27,-0.22215521,"[-0.54, 0.16]",0.246756581,0.992619405,FALSE
1-Monopalmitin,Osteocalcin,delta_time2_vs_time1,30,27,-0.222155295,"[-0.54, 0.16]",0.246756395,0.999017505,FALSE
Tryptophan,gp130/sIL-6Rb,delta_time2_vs_time1,30,27,-0.222249268,"[-0.54, 0.16]",0.246551407,0.999017505,FALSE
Cholesterol,IL-29/IFN-lambda1,delta_time3_vs_time1,30,27,-0.222373888,"[-0.54, 0.16]",0.246279742,0.992619405,FALSE
1-Monopalmitin,gp130/sIL-6Rb,delta_time3_vs_time1,30,27,-0.222393426,"[-0.54, 0.16]",0.246237169,0.992619405,FALSE
"1,3-Dioxolane-2-methanol",IL-12(p40),delta_time2_vs_time1,30,27,-0.222453492,"[-0.54, 0.16]",0.246106313,0.999017505,FALSE
Serine,gp130/sIL-6Rb,delta_time2_vs_time1,30,27,-0.222600228,"[-0.54, 0.16]",0.24578684,0.999017505,FALSE
Arachidonic acid.1,IL-26,delta_time2_vs_time1,30,27,-0.222979913,"[-0.54, 0.16]",0.24496146,0.999017505,FALSE
L-5-Oxoproline,Pentraxin-3,delta_time2_vs_time1,30,27,-0.223294091,"[-0.55, 0.16]",0.244279873,0.999017505,FALSE
4-Aminobutanoic acid,sIL-6Ra,delta_time2_vs_time1,30,27,-0.223325438,"[-0.55, 0.16]",0.244211937,0.999017505,FALSE
2-Keto-3-methylvaleric acid,IL-26,delta_time3_vs_time1,30,27,-0.22343311,"[-0.55, 0.16]",0.243978683,0.992619405,FALSE
L-Alanine,IFN-y,delta_time2_vs_time1,30,27,-0.223564267,"[-0.55, 0.16]",0.24369475,0.999017505,FALSE
L-Norvaline,IFN-a2,delta_time3_vs_time1,30,27,-0.223680159,"[-0.55, 0.16]",0.243444047,0.992619405,FALSE
Lysine,sCD163,delta_time2_vs_time1,30,27,-0.223738706,"[-0.55, 0.16]",0.243317459,0.999017505,FALSE
D-(-)-Ribofuranose,MMP-2,delta_time3_vs_time1,30,27,-0.223740781,"[-0.55, 0.16]",0.243312974,0.992619405,FALSE
Glycine,IFN-a2,delta_time2_vs_time1,30,27,-0.223881901,"[-0.55, 0.16]",0.243008035,0.999017505,FALSE
Indole-3-Propionic Acid,TWEAK/TNFSF12,delta_time2_vs_time1,30,27,-0.223951547,"[-0.55, 0.16]",0.242857635,0.999017505,FALSE
Arachidonic acid.1,IL-12(p40),delta_time3_vs_time1,30,27,-0.224089582,"[-0.55, 0.16]",0.242559731,0.992619405,FALSE
L-Rhamnose,Osteopontin,delta_time2_vs_time1,30,27,-0.22418847,"[-0.55, 0.16]",0.242346461,0.999017505,FALSE
L-Alanine,IL-11,delta_time2_vs_time1,30,27,-0.224398213,"[-0.55, 0.15]",0.241894526,0.999017505,FALSE
L-Proline,IL-26,delta_time2_vs_time1,30,27,-0.224404795,"[-0.55, 0.15]",0.241880353,0.999017505,FALSE
1-Monopalmitin,IL-12(p40),delta_time2_vs_time1,30,27,-0.224555386,"[-0.55, 0.15]",0.241556228,0.999017505,FALSE
Lysine,gp130/sIL-6Rb,delta_time3_vs_time1,30,27,-0.224849526,"[-0.55, 0.15]",0.240923974,0.992619405,FALSE
Decanoic acid,IL-28A/IFN-lambda2,delta_time2_vs_time1,30,27,-0.225085949,"[-0.55, 0.15]",0.240416576,0.999017505,FALSE
Ascorbic Acid,APRIL/TNFSF13,delta_time3_vs_time1,30,27,-0.225164956,"[-0.55, 0.15]",0.240247175,0.992619405,FALSE
4-Aminobutanoic acid,IL-11,delta_time2_vs_time1,30,27,-0.225260561,"[-0.55, 0.15]",0.240042293,0.999017505,FALSE
Lysine,TWEAK/TNFSF12,delta_time3_vs_time1,30,27,-0.225457231,"[-0.55, 0.15]",0.23962119,0.992619405,FALSE
"2,3-Butanediol",Chitinase 3-like1,delta_time3_vs_time1,30,27,-0.225791963,"[-0.55, 0.15]",0.238905604,0.992619405,FALSE
Diethanolamine,IL-26,delta_time2_vs_time1,30,27,-0.225993207,"[-0.55, 0.15]",0.238476074,0.999017505,FALSE
"Ethanolamine, 3TMS",Osteopontin,delta_time2_vs_time1,30,27,-0.226053054,"[-0.55, 0.15]",0.238348436,0.999017505,FALSE
Ascorbic Acid,MMP-1,delta_time2_vs_time1,30,27,-0.226319008,"[-0.55, 0.15]",0.23778178,0.999017505,FALSE
2-Aminoheptanedioic acid,IL-10,delta_time2_vs_time1,30,27,-0.226550225,"[-0.55, 0.15]",0.237289866,0.999017505,FALSE
"9-Hexadecenoic acid, (Z)-",sTNF-R2,delta_time3_vs_time1,30,27,-0.226562188,"[-0.55, 0.15]",0.237264432,0.992619405,FALSE
1-Ethyl-1-tetradecyloxy-1-silacyclohexane,IL-12(p70),delta_time3_vs_time1,30,27,-0.226782411,"[-0.55, 0.15]",0.236796572,0.992619405,FALSE
1-Monooleoylglycerol,TSLP,delta_time3_vs_time1,30,27,-0.226790693,"[-0.55, 0.15]",0.23677899,0.992619405,FALSE
Cysteine,Osteocalcin,delta_time3_vs_time1,30,27,-0.227271137,"[-0.55, 0.15]",0.235760481,0.992619405,FALSE
L-Aspartic acid,IL-26,delta_time3_vs_time1,30,27,-0.227352192,"[-0.55, 0.15]",0.235588939,0.992619405,FALSE
Indole-3-Propionic Acid,Osteopontin,delta_time2_vs_time1,30,27,-0.227514479,"[-0.55, 0.15]",0.235245729,0.999017505,FALSE
2-Aminoadipic acid,IL-11,delta_time2_vs_time1,30,27,-0.227596797,"[-0.55, 0.15]",0.235071768,0.999017505,FALSE
Oxalic acid,Osteocalcin,delta_time3_vs_time1,30,27,-0.227757059,"[-0.55, 0.15]",0.234733338,0.992619405,FALSE
2-OH-Butanoic Acid,sIL-6Ra,delta_time2_vs_time1,30,27,-0.227966579,"[-0.55, 0.15]",0.234291377,0.999017505,FALSE
Indole-3-Latic Acid,sCD30/TNFRSF8,delta_time2_vs_time1,30,27,-0.228068026,"[-0.55, 0.15]",0.234077584,0.999017505,FALSE
Butanoic acid,Pentraxin-3,delta_time3_vs_time1,30,27,-0.22812044,"[-0.55, 0.15]",0.233967177,0.992619405,FALSE
Lactic Acid.1,TWEAK/TNFSF12,delta_time3_vs_time1,30,27,-0.228430962,"[-0.55, 0.15]",0.233313791,0.992619405,FALSE
Glycerol-3-P,sTNF-R2,delta_time3_vs_time1,30,27,-0.228450206,"[-0.55, 0.15]",0.233273338,0.992619405,FALSE
Dodecanoic acid,IL-29/IFN-lambda1,delta_time2_vs_time1,30,27,-0.228476576,"[-0.55, 0.15]",0.233217915,0.999017505,FALSE
Linoleic Acid,IL-35,delta_time2_vs_time1,30,27,-0.228477594,"[-0.55, 0.15]",0.233215776,0.999017505,FALSE
Doconexent,IL-11,delta_time3_vs_time1,30,27,-0.228829091,"[-0.55, 0.15]",0.232477854,0.992619405,FALSE
Glyceric acid,MMP-3,delta_time3_vs_time1,30,27,-0.22894043,"[-0.55, 0.15]",0.232244439,0.992619405,FALSE
2-Keto-3-methylvaleric acid,BAFF/TNFSF13B,delta_time2_vs_time1,30,27,-0.22903515,"[-0.55, 0.15]",0.232045987,0.999017505,FALSE
"2-Ethyl-3-hydroxypropionic acid, di-",gp130/sIL-6Rb,delta_time3_vs_time1,30,27,-0.229121236,"[-0.55, 0.15]",0.231865723,0.992619405,FALSE
L-Alanine,IFN-a2,delta_time2_vs_time1,30,27,-0.229302723,"[-0.55, 0.15]",0.231485999,0.999017505,FALSE
Valine,Osteopontin,delta_time2_vs_time1,30,27,-0.229465762,"[-0.55, 0.15]",0.231145228,0.999017505,FALSE
Doconexent,Chitinase 3-like1,delta_time3_vs_time1,30,27,-0.229737172,"[-0.55, 0.15]",0.230578697,0.992619405,FALSE
"1,3-Dioxolane-2-methanol",sCD163,delta_time3_vs_time1,30,27,-0.229987435,"[-0.55, 0.15]",0.23005713,0.992619405,FALSE
"2,3-Butanediol",APRIL/TNFSF13,delta_time3_vs_time1,30,27,-0.230292946,"[-0.55, 0.15]",0.229421497,0.992619405,FALSE
Campesterol,sCD163,delta_time2_vs_time1,30,27,-0.230565519,"[-0.55, 0.15]",0.228855387,0.999017505,FALSE
Cholesterol,TWEAK/TNFSF12,delta_time3_vs_time1,30,27,-0.230625487,"[-0.55, 0.15]",0.228730967,0.992619405,FALSE
"(R*,R*)-2,3-Dihydroxybutanoic acid",Osteocalcin,delta_time2_vs_time1,30,27,-0.230698288,"[-0.55, 0.15]",0.228579979,0.999017505,FALSE
Glycerol-3-P,IFN-a2,delta_time2_vs_time1,30,27,-0.23070939,"[-0.55, 0.15]",0.22855696,0.999017505,FALSE
Citric acid,IL-11,delta_time3_vs_time1,30,27,-0.230769124,"[-0.55, 0.15]",0.228433132,0.992619405,FALSE
Oxalic acid,sTNF-R1,delta_time3_vs_time1,30,27,-0.230845804,"[-0.55, 0.15]",0.228274241,0.992619405,FALSE
Butanoic acid,Osteocalcin,delta_time3_vs_time1,30,27,-0.23102163,"[-0.55, 0.15]",0.227910189,0.992619405,FALSE
"2-Ethyl-3-hydroxypropionic acid, di-",TWEAK/TNFSF12,delta_time2_vs_time1,30,27,-0.231057817,"[-0.55, 0.15]",0.22783531,0.999017505,FALSE
Indole-3-Latic Acid,BAFF/TNFSF13B,delta_time2_vs_time1,30,27,-0.231093274,"[-0.55, 0.15]",0.227761959,0.999017505,FALSE
Methionine,Chitinase 3-like1,delta_time2_vs_time1,30,27,-0.231216619,"[-0.55, 0.15]",0.227506913,0.999017505,FALSE
Glutamine [-H2O],sTNF-R1,delta_time2_vs_time1,30,27,-0.231367877,"[-0.55, 0.15]",0.227194414,0.999017505,FALSE
Nonanoic acid,sCD163,delta_time2_vs_time1,30,27,-0.231603058,"[-0.55, 0.15]",0.226709102,0.999017505,FALSE
Lysine,sTNF-R1,delta_time3_vs_time1,30,27,-0.23178523,"[-0.55, 0.15]",0.226333656,0.992619405,FALSE
"9-Hexadecenoic acid, (Z)-",MMP-1,delta_time2_vs_time1,30,27,-0.232206856,"[-0.55, 0.15]",0.225466317,0.999017505,FALSE
Aminomalonic acid,gp130/sIL-6Rb,delta_time3_vs_time1,30,27,-0.232224037,"[-0.55, 0.15]",0.225431021,0.992619405,FALSE
1-Ethyl-1-tetradecyloxy-1-silacyclohexane,sCD163,delta_time3_vs_time1,30,27,-0.232470093,"[-0.55, 0.15]",0.224925942,0.992619405,FALSE
"Ethanolamine, 3TMS",IL-29/IFN-lambda1,delta_time3_vs_time1,30,27,-0.232481649,"[-0.55, 0.15]",0.224902241,0.992619405,FALSE
Asparagine,Osteopontin,delta_time2_vs_time1,30,27,-0.232852017,"[-0.55, 0.15]",0.224143478,0.999017505,FALSE
Asparagine,BAFF/TNFSF13B,delta_time2_vs_time1,30,27,-0.232916933,"[-0.55, 0.15]",0.224010664,0.999017505,FALSE
"2,3-Butanediol",IL-29/IFN-lambda1,delta_time3_vs_time1,30,27,-0.23292288,"[-0.55, 0.15]",0.223998499,0.992619405,FALSE
Glycerol,Osteopontin,delta_time2_vs_time1,30,27,-0.232984227,"[-0.55, 0.15]",0.22387304,0.999017505,FALSE
1-Ethyl-1-tetradecyloxy-1-silacyclohexane,Pentraxin-3,delta_time3_vs_time1,30,27,-0.233088183,"[-0.55, 0.15]",0.223660552,0.992619405,FALSE
Glycerol-3-P,IL-11,delta_time2_vs_time1,30,27,-0.233162294,"[-0.55, 0.15]",0.223509152,0.999017505,FALSE
Campesterol,Pentraxin-3,delta_time3_vs_time1,30,27,-0.233424868,"[-0.55, 0.15]",0.222973295,0.992619405,FALSE
Glycine,IL-12(p40),delta_time2_vs_time1,30,27,-0.233440115,"[-0.55, 0.15]",0.222942205,0.999017505,FALSE
Indole-3-Latic Acid,MMP-3,delta_time2_vs_time1,30,27,-0.233443605,"[-0.55, 0.15]",0.22293509,0.999017505,FALSE
Glyceric acid,sTNF-R2,delta_time2_vs_time1,30,27,-0.233536652,"[-0.55, 0.15]",0.222745431,0.999017505,FALSE
Lysine,IFN-y,delta_time2_vs_time1,30,27,-0.233649994,"[-0.55, 0.15]",0.222514554,0.999017505,FALSE
Tyrosine,gp130/sIL-6Rb,delta_time2_vs_time1,30,27,-0.233819745,"[-0.55, 0.15]",0.222169071,0.999017505,FALSE
Tryptophan,TSLP,delta_time3_vs_time1,30,27,-0.234093069,"[-0.55, 0.14]",0.221613556,0.992619405,FALSE
Linoleic Acid,gp130/sIL-6Rb,delta_time3_vs_time1,30,27,-0.234581931,"[-0.55, 0.14]",0.220622316,0.992619405,FALSE
4-Aminobutanoic acid,IL-35,delta_time3_vs_time1,30,27,-0.235103011,"[-0.55, 0.14]",0.219569055,0.992619405,FALSE
Linoleic Acid,MMP-3,delta_time3_vs_time1,30,27,-0.235296937,"[-0.55, 0.14]",0.219177942,0.992619405,FALSE
"1,3-Dioxolane-2-methanol",IL-10,delta_time2_vs_time1,30,27,-0.235367563,"[-0.55, 0.14]",0.219035618,0.999017505,FALSE
1-Ethyl-1-tetradecyloxy-1-silacyclohexane,APRIL/TNFSF13,delta_time3_vs_time1,30,27,-0.235597536,"[-0.55, 0.14]",0.218572621,0.992619405,FALSE
"1,5-Anhydrohexitol",MMP-1,delta_time2_vs_time1,30,27,-0.235713322,"[-0.55, 0.14]",0.218339765,0.999017505,FALSE
Methionine,sCD163,delta_time2_vs_time1,30,27,-0.236215618,"[-0.55, 0.14]",0.217331543,0.999017505,FALSE
Cholesterol,IL-11,delta_time3_vs_time1,30,27,-0.236379434,"[-0.55, 0.14]",0.217003412,0.992619405,FALSE
L-(+)-Erythrulose,Osteocalcin,delta_time2_vs_time1,30,27,-0.236482741,"[-0.55, 0.14]",0.216796656,0.999017505,FALSE
"(R*,R*)-2,3-Dihydroxybutanoic acid",sTNF-R2,delta_time2_vs_time1,30,27,-0.236867321,"[-0.56, 0.14]",0.216028143,0.999017505,FALSE
Citric acid,IFN-y,delta_time2_vs_time1,30,27,-0.23719144,"[-0.56, 0.14]",0.215381887,0.999017505,FALSE
L-Norvaline,sCD163,delta_time2_vs_time1,30,27,-0.237236264,"[-0.56, 0.14]",0.215292617,0.999017505,FALSE
1-Monopalmitin,MMP-2,delta_time2_vs_time1,30,27,-0.237634749,"[-0.56, 0.14]",0.21450011,0.999017505,FALSE
2-OH-Butanoic Acid,sCD30/TNFRSF8,delta_time2_vs_time1,30,27,-0.23770378,"[-0.56, 0.14]",0.214363023,0.999017505,FALSE
D-(-)-Ribofuranose,Osteocalcin,delta_time3_vs_time1,30,27,-0.237740686,"[-0.56, 0.14]",0.214289756,0.992619405,FALSE
Lysine,Pentraxin-3,delta_time3_vs_time1,30,27,-0.237918452,"[-0.56, 0.14]",0.213937091,0.992619405,FALSE
Erythritol,IL-26,delta_time3_vs_time1,30,27,-0.238318749,"[-0.56, 0.14]",0.213144401,0.992619405,FALSE
Citric acid,IL-20,delta_time3_vs_time1,30,27,-0.238501309,"[-0.56, 0.14]",0.212783549,0.992619405,FALSE
L-Proline,Osteocalcin,delta_time3_vs_time1,30,27,-0.238521474,"[-0.56, 0.14]",0.212743716,0.992619405,FALSE
Butanoic acid,IL-26,delta_time2_vs_time1,30,27,-0.239088988,"[-0.56, 0.14]",0.211624759,0.999017505,FALSE
Leucine,TSLP,delta_time2_vs_time1,30,27,-0.239115909,"[-0.56, 0.14]",0.21157178,0.999017505,FALSE
L-(+)-Erythrulose,IL-20,delta_time2_vs_time1,30,27,-0.239550659,"[-0.56, 0.14]",0.210717455,0.999017505,FALSE
Diethanolamine,MMP-2,delta_time2_vs_time1,30,27,-0.23998044,"[-0.56, 0.14]",0.209875211,0.999017505,FALSE
beta-D-Xylopyranose,IL-12(p40),delta_time2_vs_time1,30,27,-0.240325873,"[-0.56, 0.14]",0.209199933,0.999017505,FALSE
1-Monooleoylglycerol,Chitinase 3-like1,delta_time3_vs_time1,30,27,-0.240612053,"[-0.56, 0.14]",0.208641611,0.992619405,FALSE
Diethanolamine,IL-19,delta_time3_vs_time1,30,27,-0.240677356,"[-0.56, 0.14]",0.208514351,0.992619405,FALSE
L-5-Oxoproline,sTNF-R1,delta_time3_vs_time1,30,27,-0.24112888,"[-0.56, 0.14]",0.207635893,0.992619405,FALSE
Proline,IL-26,delta_time2_vs_time1,30,27,-0.241395053,"[-0.56, 0.14]",0.207119231,0.999017505,FALSE
"2,3-Butanediol",TWEAK/TNFSF12,delta_time3_vs_time1,30,27,-0.241442284,"[-0.56, 0.14]",0.207027644,0.992619405,FALSE
Glutamic Acid,IL-11,delta_time2_vs_time1,30,27,-0.241734254,"[-0.56, 0.14]",0.206462093,0.999017505,FALSE
L-Norvaline,IL-28A/IFN-lambda2,delta_time2_vs_time1,30,27,-0.241767597,"[-0.56, 0.14]",0.206397574,0.999017505,FALSE
Glycerol-3-P,IL-28A/IFN-lambda2,delta_time2_vs_time1,30,27,-0.242493102,"[-0.56, 0.14]",0.204997138,0.999017505,FALSE
2-Keto-3-methylvaleric acid,sTNF-R2,delta_time2_vs_time1,30,27,-0.24294458,"[-0.56, 0.14]",0.20412895,0.999017505,FALSE
Glycolic acid,Osteocalcin,delta_time3_vs_time1,30,27,-0.243005043,"[-0.56, 0.14]",0.204012872,0.992619405,FALSE
Cholesterol,BAFF/TNFSF13B,delta_time2_vs_time1,30,27,-0.243023053,"[-0.56, 0.14]",0.203978305,0.999017505,FALSE
4-Aminobutanoic acid,sTNF-R1,delta_time2_vs_time1,30,27,-0.243157727,"[-0.56, 0.14]",0.203719949,0.999017505,FALSE
Nonanoic acid,MMP-3,delta_time2_vs_time1,30,27,-0.24325262,"[-0.56, 0.14]",0.203538042,0.999017505,FALSE
Indole-3-Propionic Acid,Osteocalcin,delta_time2_vs_time1,30,27,-0.243269228,"[-0.56, 0.14]",0.203506216,0.999017505,FALSE
4-Aminobutanoic acid,TWEAK/TNFSF12,delta_time2_vs_time1,30,27,-0.243624009,"[-0.56, 0.13]",0.202827176,0.999017505,FALSE
D-(-)-Ribofuranose,sTNF-R2,delta_time3_vs_time1,30,27,-0.243681025,"[-0.56, 0.13]",0.202718193,0.992619405,FALSE
L-Proline,MMP-2,delta_time2_vs_time1,30,27,-0.243944789,"[-0.56, 0.13]",0.202214553,0.999017505,FALSE
"2,3-Butanediol",MMP-2,delta_time3_vs_time1,30,27,-0.244166063,"[-0.56, 0.13]",0.201792708,0.992619405,FALSE
"2,3,4-Trihydroxybutyric acid",gp130/sIL-6Rb,delta_time3_vs_time1,30,27,-0.244185737,"[-0.56, 0.13]",0.20175523,0.992619405,FALSE
L-5-Oxoproline,TWEAK/TNFSF12,delta_time3_vs_time1,30,27,-0.244224182,"[-0.56, 0.13]",0.201682007,0.992619405,FALSE
2-OH-Butanoic Acid,IL-10,delta_time2_vs_time1,30,27,-0.24429229,"[-0.56, 0.13]",0.201552334,0.999017505,FALSE
"1,3-Dioxolane-2-methanol",Osteocalcin,delta_time2_vs_time1,30,27,-0.244913106,"[-0.56, 0.13]",0.200372987,0.999017505,FALSE
Phenylalanine,gp130/sIL-6Rb,delta_time2_vs_time1,30,27,-0.245086912,"[-0.56, 0.13]",0.200043665,0.999017505,FALSE
Campesterol,sTNF-R2,delta_time2_vs_time1,30,27,-0.245087952,"[-0.56, 0.13]",0.200041695,0.999017505,FALSE
2-Aminoheptanedioic acid,IL-26,delta_time3_vs_time1,30,27,-0.245192331,"[-0.56, 0.13]",0.199844103,0.992619405,FALSE
Campesterol,sTNF-R1,delta_time3_vs_time1,30,27,-0.245409335,"[-0.56, 0.13]",0.199433737,0.992619405,FALSE
Oxalic acid,sCD163,delta_time3_vs_time1,30,27,-0.245436744,"[-0.56, 0.13]",0.199381947,0.992619405,FALSE
Glycerol-3-P,gp130/sIL-6Rb,delta_time2_vs_time1,30,27,-0.245719132,"[-0.56, 0.13]",0.198848901,0.999017505,FALSE
Indole-3-Propionic Acid,sTNF-R1,delta_time2_vs_time1,30,27,-0.245813063,"[-0.56, 0.13]",0.198671812,0.999017505,FALSE
Diethanolamine,Osteopontin,delta_time2_vs_time1,30,27,-0.246492871,"[-0.56, 0.13]",0.197393401,0.999017505,FALSE
Butanoic acid,sCD163,delta_time3_vs_time1,30,27,-0.246508315,"[-0.56, 0.13]",0.197364425,0.992619405,FALSE
Glycine,gp130/sIL-6Rb,delta_time3_vs_time1,30,27,-0.246610197,"[-0.56, 0.13]",0.19717334,0.992619405,FALSE
Doconexent,sIL-6Ra,delta_time3_vs_time1,30,27,-0.246667788,"[-0.56, 0.13]",0.197065383,0.992619405,FALSE
"1,3-Dioxolane-2-methanol",APRIL/TNFSF13,delta_time2_vs_time1,30,27,-0.246708169,"[-0.56, 0.13]",0.196989711,0.999017505,FALSE
"9-Hexadecenoic acid, (Z)-",Osteopontin,delta_time2_vs_time1,30,27,-0.246752347,"[-0.56, 0.13]",0.196906946,0.999017505,FALSE
Palmitelaidic acid,IL-12(p70),delta_time3_vs_time1,30,27,-0.24698258,"[-0.56, 0.13]",0.196476007,0.992619405,FALSE
Ascorbic Acid,IL-29/IFN-lambda1,delta_time2_vs_time1,30,27,-0.247170644,"[-0.56, 0.13]",0.196124482,0.999017505,FALSE
"2,3-Butanediol",IL-10,delta_time3_vs_time1,30,27,-0.247176193,"[-0.56, 0.13]",0.196114116,0.992619405,FALSE
Leucine,Chitinase 3-like1,delta_time2_vs_time1,30,27,-0.247213015,"[-0.56, 0.13]",0.196045343,0.999017505,FALSE
Glycerol-3-P,TSLP,delta_time2_vs_time1,30,27,-0.247450547,"[-0.56, 0.13]",0.195602098,0.999017505,FALSE
L-Norvaline,MMP-2,delta_time2_vs_time1,30,27,-0.248061095,"[-0.56, 0.13]",0.194465971,0.999017505,FALSE
Indole-3-Latic Acid,IL-10,delta_time2_vs_time1,30,27,-0.248320353,"[-0.56, 0.13]",0.19398492,0.999017505,FALSE
L-(+)-Erythrulose,IL-26,delta_time2_vs_time1,30,27,-0.248461592,"[-0.56, 0.13]",0.193723199,0.999017505,FALSE
Alanine,IL-12(p40),delta_time2_vs_time1,30,27,-0.248759498,"[-0.56, 0.13]",0.193171968,0.999017505,FALSE
2-OH-Butanoic Acid,sTNF-R2,delta_time2_vs_time1,30,27,-0.248902042,"[-0.56, 0.13]",0.192908598,0.999017505,FALSE
Ethyl alpha-D-glucopyranoside,IL-12(p40),delta_time2_vs_time1,30,27,-0.248910693,"[-0.56, 0.13]",0.192892622,0.999017505,FALSE
L-Aspartic acid,Osteocalcin,delta_time3_vs_time1,30,27,-0.249741843,"[-0.56, 0.13]",0.191361994,0.990497156,FALSE
Glycolic acid,sTNF-R2,delta_time2_vs_time1,30,27,-0.249775729,"[-0.56, 0.13]",0.191299769,0.999017505,FALSE
Arachidonic acid.1,BAFF/TNFSF13B,delta_time3_vs_time1,30,27,-0.250462218,"[-0.57, 0.13]",0.190042201,0.98763082,FALSE
1-Heptadecanol,gp130/sIL-6Rb,delta_time3_vs_time1,30,27,-0.250554864,"[-0.57, 0.13]",0.189872925,0.98763082,FALSE
Valine,sCD30/TNFRSF8,delta_time2_vs_time1,30,27,-0.250863662,"[-0.57, 0.13]",0.189309469,0.999017505,FALSE
"1,3-Dioxolane-2-methanol",Osteopontin,delta_time2_vs_time1,30,27,-0.250981198,"[-0.57, 0.13]",0.18909531,0.999017505,FALSE
Valine,IL-26,delta_time3_vs_time1,30,27,-0.250998773,"[-0.57, 0.13]",0.189063301,0.98763082,FALSE
1-Monooleoylglycerol,sCD163,delta_time3_vs_time1,30,27,-0.251397643,"[-0.57, 0.13]",0.188337871,0.98763082,FALSE
Glycerol-3-P,sTNF-R1,delta_time3_vs_time1,30,27,-0.251527677,"[-0.57, 0.13]",0.188101796,0.98763082,FALSE
Glycerol,TWEAK/TNFSF12,delta_time2_vs_time1,30,27,-0.251594937,"[-0.57, 0.13]",0.187979767,0.999017505,FALSE
"2,3-Butanediol",sCD30/TNFRSF8,delta_time3_vs_time1,30,27,-0.251603868,"[-0.57, 0.13]",0.187963567,0.98763082,FALSE
1H-Indole-3-Acetic Acid,IL-12(p70),delta_time3_vs_time1,30,27,-0.251643002,"[-0.57, 0.13]",0.187892597,0.98763082,FALSE
4-Aminobutanoic acid,IFN-a2,delta_time3_vs_time1,30,27,-0.252016052,"[-0.57, 0.13]",0.187216995,0.98763082,FALSE
Decanoic acid,IL-29/IFN-lambda1,delta_time2_vs_time1,30,27,-0.252112378,"[-0.57, 0.13]",0.187042821,0.999017505,FALSE
"D-Arabinose, tetrakis",Chitinase 3-like1,delta_time2_vs_time1,30,27,-0.252437909,"[-0.57, 0.13]",0.186455044,0.999017505,FALSE
"1,3-Dioxolane-2-methanol",gp130/sIL-6Rb,delta_time2_vs_time1,30,27,-0.252987666,"[-0.57, 0.13]",0.185465327,0.999017505,FALSE
Glutamic Acid,IL-29/IFN-lambda1,delta_time3_vs_time1,30,27,-0.253327313,"[-0.57, 0.12]",0.184855702,0.98763082,FALSE
beta-Alanine,sTNF-R1,delta_time3_vs_time1,30,27,-0.253615931,"[-0.57, 0.12]",0.184338767,0.98763082,FALSE
D-(-)-Ribofuranose,Osteocalcin,delta_time2_vs_time1,30,27,-0.253667432,"[-0.57, 0.12]",0.184246631,0.999017505,FALSE
Cholesterol,Chitinase 3-like1,delta_time3_vs_time1,30,27,-0.254047812,"[-0.57, 0.12]",0.183567125,0.98763082,FALSE
Citric acid,MMP-1,delta_time2_vs_time1,30,27,-0.25462394,"[-0.57, 0.12]",0.182541273,0.999017505,FALSE
Glyceric acid,sTNF-R2,delta_time3_vs_time1,30,27,-0.254676277,"[-0.57, 0.12]",0.182448283,0.98763082,FALSE
L-5-Oxoproline,MMP-2,delta_time3_vs_time1,30,27,-0.254698522,"[-0.57, 0.12]",0.182408768,0.98763082,FALSE
"2,3-Butanediol",sTNF-R2,delta_time3_vs_time1,30,27,-0.254927563,"[-0.57, 0.12]",0.18200226,0.98763082,FALSE
L-Norvaline,sTNF-R2,delta_time2_vs_time1,30,27,-0.255253162,"[-0.57, 0.12]",0.181425471,0.999017505,FALSE
Diethanolamine,APRIL/TNFSF13,delta_time3_vs_time1,30,27,-0.255334068,"[-0.57, 0.12]",0.181282348,0.98763082,FALSE
Cholesterol,MMP-2,delta_time3_vs_time1,30,27,-0.256097713,"[-0.57, 0.12]",0.17993534,0.98763082,FALSE
L-(+)-Erythrulose,IL-28A/IFN-lambda2,delta_time3_vs_time1,30,27,-0.256518159,"[-0.57, 0.12]",0.179196708,0.98763082,FALSE
Tyrosine,sTNF-R1,delta_time3_vs_time1,30,27,-0.256758211,"[-0.57, 0.12]",0.178775945,0.98763082,FALSE
"2-Ethyl-3-hydroxypropionic acid, di-",sTNF-R1,delta_time2_vs_time1,30,27,-0.256778928,"[-0.57, 0.12]",0.178739665,0.999017505,FALSE
Ethyl alpha-D-glucopyranoside,IFN-a2,delta_time2_vs_time1,30,27,-0.256945921,"[-0.57, 0.12]",0.17844741,0.999017505,FALSE
1-Heptadecanol,IL-26,delta_time3_vs_time1,30,27,-0.25707097,"[-0.57, 0.12]",0.17822878,0.98763082,FALSE
1-Monooleoylglycerol,sIL-6Ra,delta_time3_vs_time1,30,27,-0.257238681,"[-0.57, 0.12]",0.177935859,0.98763082,FALSE
2-Keto-3-methylvaleric acid,sIL-6Ra,delta_time2_vs_time1,30,27,-0.257383877,"[-0.57, 0.12]",0.177682534,0.999017505,FALSE
Linoleic Acid,Chitinase 3-like1,delta_time3_vs_time1,30,27,-0.257574648,"[-0.57, 0.12]",0.17735008,0.98763082,FALSE
2-OH-Butanoic Acid,IL-28A/IFN-lambda2,delta_time2_vs_time1,30,27,-0.257730892,"[-0.57, 0.12]",0.177078121,0.999017505,FALSE
Decanoic acid,IL-35,delta_time2_vs_time1,30,27,-0.257813454,"[-0.57, 0.12]",0.176934532,0.999017505,FALSE
Proline,Pentraxin-3,delta_time3_vs_time1,30,27,-0.258207269,"[-0.57, 0.12]",0.176250748,0.98763082,FALSE
L-Rhamnose,gp130/sIL-6Rb,delta_time2_vs_time1,30,27,-0.258302971,"[-0.57, 0.12]",0.176084861,0.999017505,FALSE
1-Ethyl-1-tetradecyloxy-1-silacyclohexane,IL-12(p40),delta_time2_vs_time1,30,27,-0.258356325,"[-0.57, 0.12]",0.175992425,0.999017505,FALSE
"2,3-Butanediol",TSLP,delta_time3_vs_time1,30,27,-0.25884328,"[-0.57, 0.12]",0.175150362,0.98763082,FALSE
Oxalic acid,gp130/sIL-6Rb,delta_time2_vs_time1,30,27,-0.259345522,"[-0.57, 0.12]",0.174284838,0.999017505,FALSE
4-Aminobutanoic acid,MMP-3,delta_time2_vs_time1,30,27,-0.259358011,"[-0.57, 0.12]",0.174263353,0.999017505,FALSE
Indole-3-Latic Acid,sTNF-R2,delta_time2_vs_time1,30,27,-0.259497856,"[-0.57, 0.12]",0.174022913,0.999017505,FALSE
"(R*,R*)-2,3-Dihydroxybutanoic acid",MMP-2,delta_time2_vs_time1,30,27,-0.259498557,"[-0.57, 0.12]",0.174021708,0.999017505,FALSE
Indole-3-Latic Acid,MMP-2,delta_time2_vs_time1,30,27,-0.26006815,"[-0.57, 0.12]",0.173044807,0.999017505,FALSE
Phenylalanine,Osteopontin,delta_time3_vs_time1,30,27,-0.260193341,"[-0.57, 0.12]",0.172830613,0.98763082,FALSE
Glyceric acid,APRIL/TNFSF13,delta_time3_vs_time1,30,27,-0.260202,"[-0.57, 0.12]",0.172815807,0.98763082,FALSE
Phenylalanine,IL-10,delta_time3_vs_time1,30,27,-0.260220397,"[-0.57, 0.12]",0.172784347,0.98763082,FALSE
Doconexent,sTNF-R2,delta_time3_vs_time1,30,27,-0.260405841,"[-0.57, 0.12]",0.172467468,0.98763082,FALSE
1-Ethyl-1-tetradecyloxy-1-silacyclohexane,IL-12(p70),delta_time2_vs_time1,30,27,-0.26046631,"[-0.57, 0.12]",0.172364229,0.999017505,FALSE
1H-Indole-3-Acetic Acid,IL-20,delta_time3_vs_time1,30,27,-0.260766668,"[-0.57, 0.12]",0.171852076,0.98763082,FALSE
2-Keto-3-methylvaleric acid,Osteocalcin,delta_time2_vs_time1,30,27,-0.260772688,"[-0.57, 0.12]",0.171841822,0.999017505,FALSE
Glycerol,Chitinase 3-like1,delta_time2_vs_time1,30,27,-0.261326165,"[-0.57, 0.12]",0.170900918,0.999017505,FALSE
Cysteine,gp130/sIL-6Rb,delta_time2_vs_time1,30,27,-0.261550366,"[-0.57, 0.12]",0.170520818,0.999017505,FALSE
Glyceric acid,TWEAK/TNFSF12,delta_time2_vs_time1,30,27,-0.261979103,"[-0.57, 0.12]",0.169795618,0.999017505,FALSE
Campesterol,sIL-6Ra,delta_time2_vs_time1,30,27,-0.262033522,"[-0.57, 0.12]",0.169703726,0.999017505,FALSE
Indole-3-Propionic Acid,BAFF/TNFSF13B,delta_time2_vs_time1,30,27,-0.262744453,"[-0.57, 0.11]",0.168506471,0.999017505,FALSE
Stearic Acid,gp130/sIL-6Rb,delta_time2_vs_time1,30,27,-0.262759081,"[-0.57, 0.11]",0.168481899,0.999017505,FALSE
Aminomalonic acid,sTNF-R1,delta_time3_vs_time1,30,27,-0.263024914,"[-0.57, 0.11]",0.168035806,0.98763082,FALSE
Glycerol-3-P,APRIL/TNFSF13,delta_time3_vs_time1,30,27,-0.263057493,"[-0.57, 0.11]",0.167981191,0.98763082,FALSE
N-Acetylglutamine,Pentraxin-3,delta_time2_vs_time1,30,27,-0.263159668,"[-0.57, 0.11]",0.167809993,0.999017505,FALSE
L-5-Oxoproline,Chitinase 3-like1,delta_time3_vs_time1,30,27,-0.26320633,"[-0.57, 0.11]",0.16773185,0.98763082,FALSE
"2-Ethyl-3-hydroxypropionic acid, di-",IFN-y,delta_time2_vs_time1,30,27,-0.26337964,"[-0.57, 0.11]",0.167441842,0.999017505,FALSE
beta-Alanine,Pentraxin-3,delta_time3_vs_time1,30,27,-0.263592538,"[-0.57, 0.11]",0.167086075,0.98763082,FALSE
Proline,MMP-2,delta_time2_vs_time1,30,27,-0.263992337,"[-0.57, 0.11]",0.166419432,0.999017505,FALSE
4-Aminobutanoic acid,IL-26,delta_time2_vs_time1,30,27,-0.264049653,"[-0.57, 0.11]",0.166324015,0.999017505,FALSE
2-OH-Butanoic Acid,MMP-2,delta_time2_vs_time1,30,27,-0.264191782,"[-0.58, 0.11]",0.166087573,0.999017505,FALSE
2-Aminoheptanedioic acid,TWEAK/TNFSF12,delta_time2_vs_time1,30,27,-0.264692968,"[-0.58, 0.11]",0.165255718,0.999017505,FALSE
Asparagine,sIL-6Ra,delta_time2_vs_time1,30,27,-0.264700187,"[-0.58, 0.11]",0.165243758,0.999017505,FALSE
Glyceraldehyde-3-P(MOX),sTNF-R1,delta_time2_vs_time1,30,27,-0.264786599,"[-0.58, 0.11]",0.165100641,0.999017505,FALSE
L-Norvaline,IL-26,delta_time2_vs_time1,30,27,-0.264989318,"[-0.58, 0.11]",0.164765238,0.999017505,FALSE
Cysteine,sTNF-R2,delta_time3_vs_time1,30,27,-0.265096972,"[-0.58, 0.11]",0.16458732,0.98763082,FALSE
L-(+)-Erythrulose,sTNF-R2,delta_time2_vs_time1,30,27,-0.265212956,"[-0.58, 0.11]",0.164395787,0.999017505,FALSE
Doconexent,sCD163,delta_time3_vs_time1,30,27,-0.265253913,"[-0.58, 0.11]",0.164328189,0.98763082,FALSE
Cholesterol,BAFF/TNFSF13B,delta_time3_vs_time1,30,27,-0.26536597,"[-0.58, 0.11]",0.164143346,0.98763082,FALSE
1-Heptadecanol,MMP-3,delta_time2_vs_time1,30,27,-0.26553637,"[-0.58, 0.11]",0.163862547,0.999017505,FALSE
Cholesterol,TWEAK/TNFSF12,delta_time2_vs_time1,30,27,-0.265536467,"[-0.58, 0.11]",0.163862386,0.999017505,FALSE
"1,5-Anhydrohexitol",Pentraxin-3,delta_time2_vs_time1,30,27,-0.265620118,"[-0.58, 0.11]",0.163724663,0.999017505,FALSE
L-(+)-Erythrulose,IFN-a2,delta_time2_vs_time1,30,27,-0.265952606,"[-0.58, 0.11]",0.163178072,0.999017505,FALSE
Palmitelaidic acid,IFN-y,delta_time3_vs_time1,30,27,-0.265970118,"[-0.58, 0.11]",0.163149319,0.98763082,FALSE
L-Norvaline,IL-26,delta_time3_vs_time1,30,27,-0.266180512,"[-0.58, 0.11]",0.162804157,0.98763082,FALSE
Asparagine,IL-19,delta_time2_vs_time1,30,27,-0.266234046,"[-0.58, 0.11]",0.162716415,0.999017505,FALSE
"2,3-Butanediol",IL-35,delta_time3_vs_time1,30,27,-0.266461427,"[-0.58, 0.11]",0.162344112,0.98763082,FALSE
Arachidonic acid.1,MMP-1,delta_time2_vs_time1,30,27,-0.266765554,"[-0.58, 0.11]",0.161847098,0.999017505,FALSE
"1,3-Dioxolane-2-methanol",sCD163,delta_time2_vs_time1,30,27,-0.266834988,"[-0.58, 0.11]",0.161733777,0.999017505,FALSE
Diethanolamine,BAFF/TNFSF13B,delta_time3_vs_time1,30,27,-0.266988029,"[-0.58, 0.11]",0.161484208,0.98763082,FALSE
L-Norvaline,IL-11,delta_time2_vs_time1,30,27,-0.267225838,"[-0.58, 0.11]",0.161096946,0.999017505,FALSE
"2,3-Butanediol",IL-26,delta_time3_vs_time1,30,27,-0.267614269,"[-0.58, 0.11]",0.160465829,0.98763082,FALSE
Valine,sCD163,delta_time2_vs_time1,30,27,-0.267913705,"[-0.58, 0.11]",0.159980513,0.999017505,FALSE
"Ethanolamine, 3TMS",sIL-6Ra,delta_time2_vs_time1,30,27,-0.268286427,"[-0.58, 0.11]",0.15937788,0.999017505,FALSE
3-OH-Butanoic Acid,IL-29/IFN-lambda1,delta_time2_vs_time1,30,27,-0.268463879,"[-0.58, 0.11]",0.15909154,0.999017505,FALSE
Campesterol,Chitinase 3-like1,delta_time2_vs_time1,30,27,-0.268506653,"[-0.58, 0.11]",0.159022573,0.999017505,FALSE
"2,3-Butanediol",MMP-1,delta_time2_vs_time1,30,27,-0.268898237,"[-0.58, 0.11]",0.158392196,0.999017505,FALSE
"9-Hexadecenoic acid, (Z)-",Chitinase 3-like1,delta_time2_vs_time1,30,27,-0.269229805,"[-0.58, 0.11]",0.15785983,0.999017505,FALSE
Oxalic acid,MMP-2,delta_time3_vs_time1,30,27,-0.269307124,"[-0.58, 0.11]",0.157735871,0.98763082,FALSE
D-(-)-Ribofuranose,IL-26,delta_time3_vs_time1,30,27,-0.269872291,"[-0.58, 0.11]",0.156831894,0.98763082,FALSE
Campesterol,MMP-2,delta_time3_vs_time1,30,27,-0.270329417,"[-0.58, 0.11]",0.156103442,0.98763082,FALSE
Lysine,gp130/sIL-6Rb,delta_time2_vs_time1,30,27,-0.270591548,"[-0.58, 0.11]",0.155686818,0.999017505,FALSE
Nonanoic acid,sTNF-R2,delta_time2_vs_time1,30,27,-0.270797775,"[-0.58, 0.11]",0.155359606,0.999017505,FALSE
Campesterol,Osteocalcin,delta_time2_vs_time1,30,27,-0.270820783,"[-0.58, 0.11]",0.155323131,0.999017505,FALSE
1-Ethyl-1-tetradecyloxy-1-silacyclohexane,Osteocalcin,delta_time3_vs_time1,30,27,-0.27093062,"[-0.58, 0.11]",0.155149086,0.98763082,FALSE
L-Norvaline,IL-20,delta_time3_vs_time1,30,27,-0.270937048,"[-0.58, 0.11]",0.155138905,0.98763082,FALSE
Cholesterol,sTNF-R2,delta_time3_vs_time1,30,27,-0.271058037,"[-0.58, 0.11]",0.154947361,0.98763082,FALSE
D-(-)-Ribofuranose,gp130/sIL-6Rb,delta_time3_vs_time1,30,27,-0.271795725,"[-0.58, 0.11]",0.153783151,0.98763082,FALSE
"1,3-Dioxolane-2-methanol",MMP-3,delta_time3_vs_time1,30,27,-0.271806399,"[-0.58, 0.11]",0.153766352,0.98763082,FALSE
Methionine,Osteocalcin,delta_time2_vs_time1,30,27,-0.271985222,"[-0.58, 0.10]",0.153485105,0.999017505,FALSE
"1,5-Anhydrohexitol",Chitinase 3-like1,delta_time3_vs_time1,30,27,-0.272193975,"[-0.58, 0.10]",0.153157252,0.98763082,FALSE
N-Acetylglutamine,IL-29/IFN-lambda1,delta_time2_vs_time1,30,27,-0.272369016,"[-0.58, 0.10]",0.152882731,0.999017505,FALSE
Nonanoic acid,Osteopontin,delta_time2_vs_time1,30,27,-0.272659912,"[-0.58, 0.10]",0.152427294,0.999017505,FALSE
Glyceric acid,IL-29/IFN-lambda1,delta_time3_vs_time1,30,27,-0.272979489,"[-0.58, 0.10]",0.151928077,0.98763082,FALSE
Indole-3-Propionic Acid,sCD163,delta_time2_vs_time1,30,27,-0.273027639,"[-0.58, 0.10]",0.151852963,0.999017505,FALSE
1-Ethyl-1-tetradecyloxy-1-silacyclohexane,MMP-3,delta_time3_vs_time1,30,27,-0.275184388,"[-0.58, 0.10]",0.148515721,0.98763082,FALSE
Glycerol,MMP-3,delta_time2_vs_time1,30,27,-0.275323765,"[-0.58, 0.10]",0.148301887,0.999017505,FALSE
1H-Indole-3-Acetic Acid,IL-19,delta_time2_vs_time1,30,27,-0.275426509,"[-0.58, 0.10]",0.148144399,0.999017505,FALSE
Asparagine,Pentraxin-3,delta_time2_vs_time1,30,27,-0.275492089,"[-0.58, 0.10]",0.148043941,0.999017505,FALSE
Diethanolamine,sIL-6Ra,delta_time3_vs_time1,30,27,-0.275775674,"[-0.58, 0.10]",0.147610093,0.98763082,FALSE
Asparagine,IL-35,delta_time3_vs_time1,30,27,-0.276122408,"[-0.58, 0.10]",0.147080881,0.98763082,FALSE
1-Heptadecanol,MMP-3,delta_time3_vs_time1,30,27,-0.276223599,"[-0.58, 0.10]",0.146926696,0.98763082,FALSE
Decanoic acid,IL-29/IFN-lambda1,delta_time3_vs_time1,30,27,-0.276343454,"[-0.58, 0.10]",0.14674422,0.98763082,FALSE
4-Aminobutanoic acid,IFN-y,delta_time3_vs_time1,30,27,-0.276672019,"[-0.58, 0.10]",0.146244831,0.98763082,FALSE
Lysine,APRIL/TNFSF13,delta_time3_vs_time1,30,27,-0.276967587,"[-0.58, 0.10]",0.145796642,0.98763082,FALSE
alpha-D-Glucopyranoside,IL-12(p40),delta_time2_vs_time1,30,27,-0.277259055,"[-0.58, 0.10]",0.145355642,0.999017505,FALSE
Linoleic Acid,TWEAK/TNFSF12,delta_time3_vs_time1,30,27,-0.277308695,"[-0.58, 0.10]",0.145280631,0.98763082,FALSE
Oxalic acid,sTNF-R2,delta_time3_vs_time1,30,27,-0.278285352,"[-0.59, 0.10]",0.143810492,0.98763082,FALSE
Glutamic Acid,IL-35,delta_time3_vs_time1,30,27,-0.278330536,"[-0.59, 0.10]",0.143742739,0.98763082,FALSE
Doconexent,IFN-a2,delta_time2_vs_time1,30,27,-0.2785102,"[-0.59, 0.10]",0.143473562,0.999017505,FALSE
Arachidonic acid.1,TWEAK/TNFSF12,delta_time2_vs_time1,30,27,-0.278877027,"[-0.59, 0.10]",0.142925107,0.999017505,FALSE
Campesterol,sIL-6Ra,delta_time3_vs_time1,30,27,-0.279162623,"[-0.59, 0.10]",0.142499155,0.98763082,FALSE
Cholesterol,sCD163,delta_time3_vs_time1,30,27,-0.279504211,"[-0.59, 0.10]",0.1419909,0.98763082,FALSE
L-Alanine,Osteocalcin,delta_time2_vs_time1,30,27,-0.279590669,"[-0.59, 0.10]",0.141862467,0.999017505,FALSE
"1,3-Dioxolane-2-methanol",TWEAK/TNFSF12,delta_time2_vs_time1,30,27,-0.279677602,"[-0.59, 0.10]",0.141733413,0.999017505,FALSE
alpha-D-Glucopyranoside,MMP-2,delta_time2_vs_time1,30,27,-0.279755668,"[-0.59, 0.10]",0.141617593,0.999017505,FALSE
Doconexent,Osteocalcin,delta_time3_vs_time1,30,27,-0.279782838,"[-0.59, 0.10]",0.1415773,0.98763082,FALSE
Indole-3-Latic Acid,IL-35,delta_time3_vs_time1,30,27,-0.27979704,"[-0.59, 0.10]",0.141556242,0.98763082,FALSE
L-(+)-Erythrulose,IL-28A/IFN-lambda2,delta_time2_vs_time1,30,27,-0.280516316,"[-0.59, 0.10]",0.140492684,0.999017505,FALSE
Glycolic acid,sCD163,delta_time2_vs_time1,30,27,-0.281258704,"[-0.59, 0.10]",0.13940104,0.999017505,FALSE
Threonine,gp130/sIL-6Rb,delta_time2_vs_time1,30,27,-0.28128932,"[-0.59, 0.10]",0.139356154,0.999017505,FALSE
"9-Hexadecenoic acid, (Z)-",MMP-3,delta_time3_vs_time1,30,27,-0.281420621,"[-0.59, 0.09]",0.13916377,0.98763082,FALSE
L-Norvaline,IL-28A/IFN-lambda2,delta_time3_vs_time1,30,27,-0.281995014,"[-0.59, 0.09]",0.138324431,0.98763082,FALSE
Butanoic acid,gp130/sIL-6Rb,delta_time3_vs_time1,30,27,-0.282270946,"[-0.59, 0.09]",0.137922532,0.98763082,FALSE
Tyrosine,IL-20,delta_time3_vs_time1,30,27,-0.282656438,"[-0.59, 0.09]",0.137362479,0.98763082,FALSE
"1,3-Dioxolane-2-methanol",IFN-y,delta_time3_vs_time1,30,27,-0.282838798,"[-0.59, 0.09]",0.137098118,0.98763082,FALSE
Asparagine,sTNF-R1,delta_time2_vs_time1,30,27,-0.282989798,"[-0.59, 0.09]",0.136879499,0.999017505,FALSE
L-Norvaline,MMP-3,delta_time2_vs_time1,30,27,-0.283014385,"[-0.59, 0.09]",0.136843925,0.999017505,FALSE
L-Aspartic acid,IFN-a2,delta_time3_vs_time1,30,27,-0.283145752,"[-0.59, 0.09]",0.136653975,0.98763082,FALSE
"1,3-Dioxolane-2-methanol",sTNF-R2,delta_time3_vs_time1,30,27,-0.283176901,"[-0.59, 0.09]",0.136608962,0.98763082,FALSE
"2,3-Butanediol",sIL-6Ra,delta_time2_vs_time1,30,27,-0.283203364,"[-0.59, 0.09]",0.13657073,0.999017505,FALSE
"1,3-Dioxolane-2-methanol",BAFF/TNFSF13B,delta_time2_vs_time1,30,27,-0.283244079,"[-0.59, 0.09]",0.136511922,0.999017505,FALSE
"2,3-Butanediol",sCD163,delta_time2_vs_time1,30,27,-0.283326746,"[-0.59, 0.09]",0.136392579,0.999017505,FALSE
"2-Ethyl-3-hydroxypropionic acid, di-",IL-26,delta_time2_vs_time1,30,27,-0.283734222,"[-0.59, 0.09]",0.135805424,0.999017505,FALSE
Arachidonic acid.1,IL-29/IFN-lambda1,delta_time2_vs_time1,30,27,-0.283887369,"[-0.59, 0.09]",0.135585222,0.999017505,FALSE
Asparagine,IL-10,delta_time2_vs_time1,30,27,-0.283982371,"[-0.59, 0.09]",0.135448755,0.999017505,FALSE
"2,3-Butanediol",sCD163,delta_time3_vs_time1,30,27,-0.284031855,"[-0.59, 0.09]",0.135377712,0.98763082,FALSE
Cholesterol,sCD30/TNFRSF8,delta_time3_vs_time1,30,27,-0.2846571,"[-0.59, 0.09]",0.134482406,0.98763082,FALSE
2-Keto-3-methylvaleric acid,MMP-2,delta_time2_vs_time1,30,27,-0.284660487,"[-0.59, 0.09]",0.134477569,0.999017505,FALSE
Cholesterol,gp130/sIL-6Rb,delta_time3_vs_time1,30,27,-0.28467449,"[-0.59, 0.09]",0.134457567,0.98763082,FALSE
Arachidonic acid.1,TWEAK/TNFSF12,delta_time3_vs_time1,30,27,-0.285017284,"[-0.59, 0.09]",0.133968612,0.98763082,FALSE
"9-Hexadecenoic acid, (Z)-",sCD163,delta_time3_vs_time1,30,27,-0.285815621,"[-0.59, 0.09]",0.132834911,0.98763082,FALSE
"1,3-Dioxolane-2-methanol",sCD30/TNFRSF8,delta_time2_vs_time1,30,27,-0.285976162,"[-0.59, 0.09]",0.132607778,0.999017505,FALSE
L-Norvaline,IL-12(p70),delta_time3_vs_time1,30,27,-0.286431957,"[-0.59, 0.09]",0.131964467,0.98763082,FALSE
4-Aminobutanoic acid,Osteopontin,delta_time2_vs_time1,30,27,-0.287543873,"[-0.59, 0.09]",0.130404678,0.999017505,FALSE
Leucine,MMP-3,delta_time2_vs_time1,30,27,-0.287869335,"[-0.59, 0.09]",0.129950683,0.999017505,FALSE
Linoleic Acid,sCD163,delta_time3_vs_time1,30,27,-0.287874645,"[-0.59, 0.09]",0.129943285,0.98763082,FALSE
2-Aminoadipic acid,IL-26,delta_time3_vs_time1,30,27,-0.288030097,"[-0.59, 0.09]",0.12972686,0.98763082,FALSE
2-Aminoheptanedioic acid,Osteocalcin,delta_time2_vs_time1,30,27,-0.288095574,"[-0.59, 0.09]",0.129635779,0.999017505,FALSE
"1,3-Dioxolane-2-methanol",Chitinase 3-like1,delta_time3_vs_time1,30,27,-0.288447003,"[-0.59, 0.09]",0.129147733,0.98763082,FALSE
DL-Ornithine,IL-12(p70),delta_time3_vs_time1,30,27,-0.288779461,"[-0.59, 0.09]",0.128687271,0.98763082,FALSE
L-(+)-Erythrulose,Osteocalcin,delta_time3_vs_time1,30,27,-0.289311894,"[-0.59, 0.09]",0.127952348,0.98763082,FALSE
1-Monooleoylglycerol,BAFF/TNFSF13B,delta_time3_vs_time1,30,27,-0.289459728,"[-0.59, 0.09]",0.127748839,0.98763082,FALSE
L-Norvaline,IL-11,delta_time3_vs_time1,30,27,-0.289916385,"[-0.59, 0.09]",0.127121699,0.98763082,FALSE
Glycolic acid,sTNF-R2,delta_time3_vs_time1,30,27,-0.289981134,"[-0.59, 0.09]",0.127032961,0.98763082,FALSE
"2,3-Butanediol",BAFF/TNFSF13B,delta_time3_vs_time1,30,27,-0.290450437,"[-0.59, 0.09]",0.12639114,0.98763082,FALSE
Indole-3-Propionic Acid,sTNF-R2,delta_time2_vs_time1,30,27,-0.290581322,"[-0.59, 0.08]",0.126212566,0.999017505,FALSE
Decanoic acid,IL-20,delta_time2_vs_time1,30,27,-0.290951651,"[-0.59, 0.08]",0.125708311,0.999017505,FALSE
1-Monooleoylglycerol,MMP-2,delta_time3_vs_time1,30,27,-0.29143696,"[-0.59, 0.08]",0.125049735,0.98763082,FALSE
L-Norvaline,Osteocalcin,delta_time2_vs_time1,30,27,-0.292733456,"[-0.60, 0.08]",0.123302805,0.999017505,FALSE
Arachidonic acid.1,gp130/sIL-6Rb,delta_time3_vs_time1,30,27,-0.292794016,"[-0.60, 0.08]",0.123221647,0.98763082,FALSE
Tyrosine,IL-19,delta_time3_vs_time1,30,27,-0.293215339,"[-0.60, 0.08]",0.122658107,0.98763082,FALSE
Valine,gp130/sIL-6Rb,delta_time2_vs_time1,30,27,-0.293276077,"[-0.60, 0.08]",0.122577024,0.999017505,FALSE
1-Monooleoylglycerol,MMP-3,delta_time3_vs_time1,30,27,-0.293700213,"[-0.60, 0.08]",0.122011916,0.98763082,FALSE
1H-Indole-3-Acetic Acid,IL-35,delta_time3_vs_time1,30,27,-0.29371772,"[-0.60, 0.08]",0.121988633,0.98763082,FALSE
Glycolic acid,Osteopontin,delta_time3_vs_time1,30,27,-0.29439545,"[-0.60, 0.08]",0.12108976,0.98763082,FALSE
Glyceric acid,MMP-2,delta_time3_vs_time1,30,27,-0.29456227,"[-0.60, 0.08]",0.120869258,0.98763082,FALSE
"9-Hexadecenoic acid, (Z)-",IFN-a2,delta_time2_vs_time1,30,27,-0.294647993,"[-0.60, 0.08]",0.120756065,0.999017505,FALSE
"9-Hexadecenoic acid, (Z)-",gp130/sIL-6Rb,delta_time3_vs_time1,30,27,-0.294648636,"[-0.60, 0.08]",0.120755217,0.98763082,FALSE
Diethanolamine,Osteopontin,delta_time3_vs_time1,30,27,-0.295142211,"[-0.60, 0.08]",0.120105,0.98763082,FALSE
Arachidonic acid.1,IL-11,delta_time3_vs_time1,30,27,-0.295184427,"[-0.60, 0.08]",0.120049507,0.98763082,FALSE
1-Monooleoylglycerol,IFN-y,delta_time3_vs_time1,30,27,-0.296195785,"[-0.60, 0.08]",0.118725717,0.98763082,FALSE
Lysine,IL-12(p70),delta_time3_vs_time1,30,27,-0.296406911,"[-0.60, 0.08]",0.118450737,0.98763082,FALSE
Indole-3-Propionic Acid,MMP-3,delta_time2_vs_time1,30,27,-0.296542944,"[-0.60, 0.08]",0.118273811,0.999017505,FALSE
Linoleic Acid,MMP-2,delta_time3_vs_time1,30,27,-0.297132195,"[-0.60, 0.08]",0.11750968,0.98763082,FALSE
"Ethanolamine, 3TMS",MMP-3,delta_time2_vs_time1,30,27,-0.297248577,"[-0.60, 0.08]",0.117359191,0.999017505,FALSE
Lysine,IL-26,delta_time2_vs_time1,30,27,-0.297551899,"[-0.60, 0.08]",0.116967648,0.999017505,FALSE
D-(-)-Ribofuranose,IL-12(p70),delta_time3_vs_time1,30,27,-0.298107036,"[-0.60, 0.08]",0.116253554,0.98763082,FALSE
Valine,sTNF-R2,delta_time2_vs_time1,30,27,-0.298168854,"[-0.60, 0.08]",0.116174236,0.999017505,FALSE
2-Keto-3-methylvaleric acid,sCD30/TNFRSF8,delta_time2_vs_time1,30,27,-0.298247596,"[-0.60, 0.08]",0.116073261,0.999017505,FALSE
Indole-3-Propionic Acid,MMP-2,delta_time2_vs_time1,30,27,-0.298647555,"[-0.60, 0.08]",0.115561373,0.999017505,FALSE
Campesterol,IL-26,delta_time2_vs_time1,30,27,-0.298739091,"[-0.60, 0.08]",0.115444457,0.999017505,FALSE
Cholesterol,Osteopontin,delta_time3_vs_time1,30,27,-0.298792716,"[-0.60, 0.08]",0.115376004,0.98763082,FALSE
Campesterol,Osteocalcin,delta_time3_vs_time1,30,27,-0.298902352,"[-0.60, 0.08]",0.115236145,0.98763082,FALSE
"1,3-Dioxolane-2-methanol",MMP-2,delta_time2_vs_time1,30,27,-0.299361206,"[-0.60, 0.08]",0.114652168,0.999017505,FALSE
4-Aminobutanoic acid,Osteopontin,delta_time3_vs_time1,30,27,-0.299365423,"[-0.60, 0.08]",0.114646812,0.98763082,FALSE
1-Ethyl-1-tetradecyloxy-1-silacyclohexane,IL-26,delta_time2_vs_time1,30,27,-0.29937663,"[-0.60, 0.08]",0.114632576,0.999017505,FALSE
L-Aspartic acid,IL-26,delta_time2_vs_time1,30,27,-0.29998486,"[-0.60, 0.07]",0.113861977,0.999017505,FALSE
1-Ethyl-1-tetradecyloxy-1-silacyclohexane,gp130/sIL-6Rb,delta_time3_vs_time1,30,27,-0.300162379,"[-0.60, 0.07]",0.113637794,0.98763082,FALSE
Indole-3-Latic Acid,sTNF-R1,delta_time2_vs_time1,30,27,-0.300308536,"[-0.60, 0.07]",0.113453465,0.999017505,FALSE
Ascorbic Acid,IL-35,delta_time3_vs_time1,30,27,-0.300329132,"[-0.60, 0.07]",0.113427507,0.98763082,FALSE
Aminomalonic acid,gp130/sIL-6Rb,delta_time2_vs_time1,30,27,-0.301105987,"[-0.60, 0.07]",0.112451648,0.999017505,FALSE
Ascorbic Acid,IL-10,delta_time3_vs_time1,30,27,-0.301129066,"[-0.60, 0.07]",0.112422752,0.98763082,FALSE
"1,3-Dioxolane-2-methanol",sIL-6Ra,delta_time2_vs_time1,30,27,-0.301155535,"[-0.60, 0.07]",0.11238962,0.999017505,FALSE
4-Aminobutanoic acid,IL-26,delta_time3_vs_time1,30,27,-0.301606754,"[-0.60, 0.07]",0.111825918,0.98763082,FALSE
4-Aminobutanoic acid,MMP-2,delta_time2_vs_time1,30,27,-0.30163029,"[-0.60, 0.07]",0.111796573,0.999017505,FALSE
4-Aminobutanoic acid,MMP-3,delta_time3_vs_time1,30,27,-0.302537031,"[-0.60, 0.07]",0.110670378,0.98763082,FALSE
alpha-D-Glucopyranoside,IFN-a2,delta_time2_vs_time1,30,27,-0.303171621,"[-0.60, 0.07]",0.109887241,0.999017505,FALSE
4-Aminobutanoic acid,sCD163,delta_time3_vs_time1,30,27,-0.303577191,"[-0.60, 0.07]",0.109388901,0.98763082,FALSE
Methionine,sTNF-R2,delta_time2_vs_time1,30,27,-0.304001501,"[-0.60, 0.07]",0.108869341,0.999017505,FALSE
Cholesterol,Osteocalcin,delta_time3_vs_time1,30,27,-0.304041824,"[-0.60, 0.07]",0.108820062,0.98763082,FALSE
"2,3-Butanediol",Osteocalcin,delta_time3_vs_time1,30,27,-0.304202579,"[-0.60, 0.07]",0.108623768,0.98763082,FALSE
Cholesterol,IL-28A/IFN-lambda2,delta_time3_vs_time1,30,27,-0.304740865,"[-0.60, 0.07]",0.107968403,0.98763082,FALSE
Doconexent,gp130/sIL-6Rb,delta_time3_vs_time1,30,27,-0.305163537,"[-0.60, 0.07]",0.107455872,0.98763082,FALSE
Glycerol-3-P,MMP-2,delta_time3_vs_time1,30,27,-0.30584136,"[-0.60, 0.07]",0.10663774,0.98763082,FALSE
4-Aminobutanoic acid,sTNF-R2,delta_time2_vs_time1,30,27,-0.306526091,"[-0.61, 0.07]",0.105816005,0.999017505,FALSE
Decanoic acid,IL-10,delta_time2_vs_time1,30,27,-0.306842209,"[-0.61, 0.07]",0.10543824,0.999017505,FALSE
Asparagine,sCD30/TNFRSF8,delta_time2_vs_time1,30,27,-0.307683799,"[-0.61, 0.07]",0.104437446,0.999017505,FALSE
Cholesterol,APRIL/TNFSF13,delta_time3_vs_time1,30,27,-0.308048023,"[-0.61, 0.07]",0.104006534,0.98763082,FALSE
Ascorbic Acid,IL-12(p40),delta_time2_vs_time1,30,27,-0.308767858,"[-0.61, 0.07]",0.103158819,0.999017505,FALSE
Tyrosine,IL-12(p40),delta_time3_vs_time1,30,27,-0.308790186,"[-0.61, 0.07]",0.103132607,0.98763082,FALSE
Indole-3-Latic Acid,Osteopontin,delta_time2_vs_time1,30,27,-0.310028973,"[-0.61, 0.06]",0.101686168,0.999017505,FALSE
Nonanoic acid,MMP-2,delta_time2_vs_time1,30,27,-0.310118109,"[-0.61, 0.06]",0.101582682,0.999017505,FALSE
Indole-3-Propionic Acid,sCD30/TNFRSF8,delta_time2_vs_time1,30,27,-0.311016065,"[-0.61, 0.06]",0.100544561,0.999017505,FALSE
Arachidonic acid,IL-12(p40),delta_time3_vs_time1,30,27,-0.311040989,"[-0.61, 0.06]",0.10051586,0.98763082,FALSE
Leucine,IL-26,delta_time2_vs_time1,30,27,-0.311676436,"[-0.61, 0.06]",0.099786212,0.999017505,FALSE
Citric acid,IL-28A/IFN-lambda2,delta_time2_vs_time1,30,27,-0.311713623,"[-0.61, 0.06]",0.099743636,0.999017505,FALSE
Campesterol,Chitinase 3-like1,delta_time3_vs_time1,30,27,-0.311746849,"[-0.61, 0.06]",0.099705606,0.98763082,FALSE
Campesterol,gp130/sIL-6Rb,delta_time3_vs_time1,30,27,-0.311842465,"[-0.61, 0.06]",0.099596228,0.98763082,FALSE
"Ethanolamine, 3TMS",sCD163,delta_time2_vs_time1,30,27,-0.312095546,"[-0.61, 0.06]",0.099307156,0.999017505,FALSE
"2,3,4-Trihydroxybutyric acid",sTNF-R1,delta_time3_vs_time1,30,27,-0.312409088,"[-0.61, 0.06]",0.098949901,0.98763082,FALSE
"9-Hexadecenoic acid, (Z)-",TWEAK/TNFSF12,delta_time3_vs_time1,30,27,-0.31309265,"[-0.61, 0.06]",0.098174394,0.98763082,FALSE
L-(+)-Erythrulose,MMP-2,delta_time2_vs_time1,30,27,-0.313207338,"[-0.61, 0.06]",0.098044728,0.999017505,FALSE
Diethanolamine,IL-29/IFN-lambda1,delta_time3_vs_time1,30,27,-0.313771386,"[-0.61, 0.06]",0.097408899,0.98763082,FALSE
"1,3-Dioxolane-2-methanol",gp130/sIL-6Rb,delta_time3_vs_time1,30,27,-0.314369879,"[-0.61, 0.06]",0.096737645,0.98763082,FALSE
Glyceric acid,MMP-3,delta_time2_vs_time1,30,27,-0.314718127,"[-0.61, 0.06]",0.096348667,0.999017505,FALSE
Citric acid,IL-10,delta_time2_vs_time1,30,27,-0.314986342,"[-0.61, 0.06]",0.096049888,0.999017505,FALSE
Citric acid,IL-11,delta_time2_vs_time1,30,27,-0.315038282,"[-0.61, 0.06]",0.095992111,0.999017505,FALSE
Lysine,IL-20,delta_time3_vs_time1,30,27,-0.315082524,"[-0.61, 0.06]",0.095942917,0.98763082,FALSE
Leucine,IL-11,delta_time2_vs_time1,30,27,-0.315498158,"[-0.61, 0.06]",0.09548169,0.999017505,FALSE
Asparagine,APRIL/TNFSF13,delta_time2_vs_time1,30,27,-0.316208867,"[-0.61, 0.06]",0.094696903,0.999017505,FALSE
L-(+)-Erythrulose,MMP-1,delta_time2_vs_time1,30,27,-0.316219296,"[-0.61, 0.06]",0.094685424,0.999017505,FALSE
Campesterol,MMP-3,delta_time3_vs_time1,30,27,-0.316768819,"[-0.61, 0.06]",0.094082027,0.98763082,FALSE
2-Keto-3-methylvaleric acid,Osteopontin,delta_time2_vs_time1,30,27,-0.317132924,"[-0.61, 0.06]",0.09368383,0.999017505,FALSE
Ascorbic Acid,IL-28A/IFN-lambda2,delta_time3_vs_time1,30,27,-0.317334754,"[-0.61, 0.06]",0.093463654,0.98763082,FALSE
"2-Ethyl-3-hydroxypropionic acid, di-",Pentraxin-3,delta_time2_vs_time1,30,27,-0.317413666,"[-0.61, 0.06]",0.093377674,0.999017505,FALSE
Leucine,sCD163,delta_time2_vs_time1,30,27,-0.317693553,"[-0.61, 0.06]",0.093073204,0.999017505,FALSE
D-(-)-Ribofuranose,IL-12(p40),delta_time2_vs_time1,30,27,-0.318016836,"[-0.61, 0.05]",0.092722462,0.999017505,FALSE
Arachidonic acid.1,Chitinase 3-like1,delta_time3_vs_time1,30,27,-0.319235171,"[-0.61, 0.05]",0.091409629,0.98763082,FALSE
"1,3-Dioxolane-2-methanol",IL-11,delta_time2_vs_time1,30,27,-0.319402111,"[-0.61, 0.05]",0.091230843,0.999017505,FALSE
Arachidonic acid.1,sIL-6Ra,delta_time3_vs_time1,30,27,-0.319553061,"[-0.61, 0.05]",0.091069411,0.98763082,FALSE
Campesterol,sCD30/TNFRSF8,delta_time3_vs_time1,30,27,-0.319576479,"[-0.61, 0.05]",0.091044387,0.98763082,FALSE
L-Norvaline,IL-19,delta_time3_vs_time1,30,27,-0.319831331,"[-0.61, 0.05]",0.090772385,0.98763082,FALSE
L-Norvaline,IL-29/IFN-lambda1,delta_time3_vs_time1,30,27,-0.320737586,"[-0.61, 0.05]",0.089810139,0.98763082,FALSE
Diethanolamine,gp130/sIL-6Rb,delta_time3_vs_time1,30,27,-0.321369815,"[-0.62, 0.05]",0.089143447,0.98763082,FALSE
Arginine [-NH3],Osteopontin,delta_time3_vs_time1,30,27,-0.321516973,"[-0.62, 0.05]",0.088988808,0.98763082,FALSE
Cysteine,IL-26,delta_time2_vs_time1,30,27,-0.32230764,"[-0.62, 0.05]",0.088161433,0.999017505,FALSE
Glycine,IFN-y,delta_time2_vs_time1,30,27,-0.32254893,"[-0.62, 0.05]",0.08791011,0.999017505,FALSE
Cysteine,gp130/sIL-6Rb,delta_time3_vs_time1,30,27,-0.322972615,"[-0.62, 0.05]",0.087470125,0.98763082,FALSE
"1,5-Anhydrohexitol",IL-10,delta_time2_vs_time1,30,27,-0.323988035,"[-0.62, 0.05]",0.086422461,0.999017505,FALSE
"9-Hexadecenoic acid, (Z)-",MMP-3,delta_time2_vs_time1,30,27,-0.324497937,"[-0.62, 0.05]",0.085899984,0.999017505,FALSE
Diethanolamine,TWEAK/TNFSF12,delta_time3_vs_time1,30,27,-0.324649727,"[-0.62, 0.05]",0.085744916,0.98763082,FALSE
L-(+)-Erythrulose,IL-29/IFN-lambda1,delta_time3_vs_time1,30,27,-0.324836359,"[-0.62, 0.05]",0.085554548,0.98763082,FALSE
"2,3-Butanediol",BAFF/TNFSF13B,delta_time2_vs_time1,30,27,-0.325175076,"[-0.62, 0.05]",0.085209871,0.999017505,FALSE
Arachidonic acid,IL-26,delta_time2_vs_time1,30,27,-0.32594586,"[-0.62, 0.05]",0.084429472,0.999017505,FALSE
"1,3-Dioxolane-2-methanol",MMP-3,delta_time2_vs_time1,30,27,-0.325974878,"[-0.62, 0.05]",0.084400198,0.999017505,FALSE
Glycerol-3-P,Chitinase 3-like1,delta_time3_vs_time1,30,27,-0.326504269,"[-0.62, 0.05]",0.083867512,0.98763082,FALSE
"1,5-Anhydrohexitol",APRIL/TNFSF13,delta_time2_vs_time1,30,27,-0.326785233,"[-0.62, 0.05]",0.083585843,0.999017505,FALSE
L-Alanine,IL-26,delta_time2_vs_time1,30,27,-0.326902253,"[-0.62, 0.04]",0.083468743,0.999017505,FALSE
1H-Indole-3-Acetic Acid,IFN-a2,delta_time3_vs_time1,30,27,-0.32695566,"[-0.62, 0.04]",0.083415341,0.98763082,FALSE
2-Keto-3-methylvaleric acid,sTNF-R1,delta_time2_vs_time1,30,27,-0.328077162,"[-0.62, 0.04]",0.082299962,0.999017505,FALSE
L-Alanine,gp130/sIL-6Rb,delta_time3_vs_time1,30,27,-0.328167313,"[-0.62, 0.04]",0.0822108,0.98763082,FALSE
"2,3-Butanediol",gp130/sIL-6Rb,delta_time3_vs_time1,30,27,-0.328169963,"[-0.62, 0.04]",0.082208181,0.98763082,FALSE
Campesterol,MMP-3,delta_time2_vs_time1,30,27,-0.32822584,"[-0.62, 0.04]",0.082152955,0.999017505,FALSE
Palmitelaidic acid,IL-12(p40),delta_time2_vs_time1,30,27,-0.328362962,"[-0.62, 0.04]",0.082017554,0.999017505,FALSE
"1,3-Dioxolane-2-methanol",IFN-y,delta_time2_vs_time1,30,27,-0.328440605,"[-0.62, 0.04]",0.08194096,0.999017505,FALSE
1-Monooleoylglycerol,APRIL/TNFSF13,delta_time3_vs_time1,30,27,-0.329002121,"[-0.62, 0.04]",0.081388662,0.98763082,FALSE
Alanine,IL-26,delta_time2_vs_time1,30,27,-0.329355874,"[-0.62, 0.04]",0.081042182,0.999017505,FALSE
Lactic Acid.1,TSLP,delta_time3_vs_time1,30,27,-0.329365132,"[-0.62, 0.04]",0.08103313,0.98763082,FALSE
Glutamic Acid,TSLP,delta_time3_vs_time1,30,27,-0.330319615,"[-0.62, 0.04]",0.080103982,0.98763082,FALSE
"2,3-Butanediol",Chitinase 3-like1,delta_time2_vs_time1,30,27,-0.330676463,"[-0.62, 0.04]",0.07975871,0.999017505,FALSE
Arachidonic acid.1,Osteocalcin,delta_time3_vs_time1,30,27,-0.331224261,"[-0.62, 0.04]",0.079230904,0.98763082,FALSE
Lysine,sCD30/TNFRSF8,delta_time2_vs_time1,30,27,-0.331942868,"[-0.62, 0.04]",0.078542587,0.999017505,FALSE
Doconexent,sCD30/TNFRSF8,delta_time3_vs_time1,30,27,-0.33201284,"[-0.62, 0.04]",0.07847581,0.98763082,FALSE
"1,3-Dioxolane-2-methanol",sTNF-R1,delta_time3_vs_time1,30,27,-0.332134372,"[-0.62, 0.04]",0.078359933,0.98763082,FALSE
Glycine,gp130/sIL-6Rb,delta_time2_vs_time1,30,27,-0.332416881,"[-0.62, 0.04]",0.078091073,0.999017505,FALSE
"2,3-Butanediol",Osteocalcin,delta_time2_vs_time1,30,27,-0.333010186,"[-0.62, 0.04]",0.07752874,0.999017505,FALSE
4-Aminobutanoic acid,IL-10,delta_time3_vs_time1,30,27,-0.333222806,"[-0.62, 0.04]",0.077327977,0.98763082,FALSE
"9-Hexadecenoic acid, (Z)-",MMP-2,delta_time2_vs_time1,30,27,-0.333568729,"[-0.62, 0.04]",0.0770022,0.999017505,FALSE
"Ethanolamine, 3TMS",Chitinase 3-like1,delta_time2_vs_time1,30,27,-0.333732273,"[-0.62, 0.04]",0.076848548,0.999017505,FALSE
2-Aminoheptanedioic acid,MMP-1,delta_time2_vs_time1,30,27,-0.334067205,"[-0.62, 0.04]",0.07653461,0.999017505,FALSE
Butanoic acid,gp130/sIL-6Rb,delta_time2_vs_time1,30,27,-0.334287872,"[-0.62, 0.04]",0.076328315,0.999017505,FALSE
"9-Hexadecenoic acid, (Z)-",Chitinase 3-like1,delta_time3_vs_time1,30,27,-0.334647738,"[-0.62, 0.04]",0.075992804,0.98763082,FALSE
Citric acid,IL-35,delta_time3_vs_time1,30,27,-0.334979216,"[-0.62, 0.04]",0.075684764,0.98763082,FALSE
Campesterol,MMP-2,delta_time2_vs_time1,30,27,-0.336249793,"[-0.63, 0.03]",0.074512919,0.999017505,FALSE
Asparagine,IL-26,delta_time3_vs_time1,30,27,-0.337450711,"[-0.63, 0.03]",0.073418217,0.98763082,FALSE
Leucine,Osteopontin,delta_time2_vs_time1,30,27,-0.337481207,"[-0.63, 0.03]",0.073390581,0.999017505,FALSE
"1,5-Anhydrohexitol",Osteopontin,delta_time2_vs_time1,30,27,-0.337794224,"[-0.63, 0.03]",0.073107379,0.999017505,FALSE
"1,3-Dioxolane-2-methanol",MMP-1,delta_time3_vs_time1,30,27,-0.338238772,"[-0.63, 0.03]",0.072706624,0.98763082,FALSE
1-Monooleoylglycerol,gp130/sIL-6Rb,delta_time3_vs_time1,30,27,-0.338593575,"[-0.63, 0.03]",0.072387992,0.98763082,FALSE
Campesterol,sTNF-R2,delta_time3_vs_time1,30,27,-0.338614724,"[-0.63, 0.03]",0.072369034,0.98763082,FALSE
1H-Indole-3-Acetic Acid,IL-11,delta_time2_vs_time1,30,27,-0.340171633,"[-0.63, 0.03]",0.070983853,0.999017505,FALSE
1-Monooleoylglycerol,IL-12(p70),delta_time3_vs_time1,30,27,-0.340594693,"[-0.63, 0.03]",0.070611021,0.98763082,FALSE
Glyceric acid,MMP-2,delta_time2_vs_time1,30,27,-0.340645371,"[-0.63, 0.03]",0.070566461,0.999017505,FALSE
L-Norvaline,Chitinase 3-like1,delta_time2_vs_time1,30,27,-0.341092637,"[-0.63, 0.03]",0.070174138,0.999017505,FALSE
Diethanolamine,gp130/sIL-6Rb,delta_time2_vs_time1,30,27,-0.341288073,"[-0.63, 0.03]",0.070003241,0.999017505,FALSE
4-Aminobutanoic acid,gp130/sIL-6Rb,delta_time3_vs_time1,30,27,-0.341607976,"[-0.63, 0.03]",0.0697242,0.98763082,FALSE
"1,3-Dioxolane-2-methanol",IL-35,delta_time2_vs_time1,30,27,-0.342204431,"[-0.63, 0.03]",0.06920623,0.999017505,FALSE
L-5-Oxoproline,Pentraxin-3,delta_time3_vs_time1,30,27,-0.342463562,"[-0.63, 0.03]",0.068982128,0.98763082,FALSE
Nonanoic acid,gp130/sIL-6Rb,delta_time2_vs_time1,30,27,-0.343577255,"[-0.63, 0.03]",0.068025376,0.999017505,FALSE
4-Aminobutanoic acid,BAFF/TNFSF13B,delta_time2_vs_time1,30,27,-0.343708855,"[-0.63, 0.03]",0.067913004,0.999017505,FALSE
Indole-3-Propionic Acid,sIL-6Ra,delta_time2_vs_time1,30,27,-0.344125735,"[-0.63, 0.03]",0.067557984,0.999017505,FALSE
N-Acetylglutamine,IL-11,delta_time2_vs_time1,30,27,-0.344859624,"[-0.63, 0.02]",0.066936497,0.999017505,FALSE
"1,5-Anhydrohexitol",MMP-2,delta_time2_vs_time1,30,27,-0.345259118,"[-0.63, 0.02]",0.06660006,0.999017505,FALSE
"2,3-Butanediol",MMP-1,delta_time3_vs_time1,30,27,-0.345642758,"[-0.63, 0.02]",0.066278211,0.98763082,FALSE
Indole-3-Propionic Acid,IL-10,delta_time2_vs_time1,30,27,-0.346483029,"[-0.63, 0.02]",0.065577501,0.999017505,FALSE
2-Aminoadipic acid,IL-26,delta_time2_vs_time1,30,27,-0.346939558,"[-0.63, 0.02]",0.065199218,0.999017505,FALSE
Stearic Acid,sTNF-R1,delta_time3_vs_time1,30,27,-0.347138388,"[-0.63, 0.02]",0.065034998,0.98763082,FALSE
"2,3-Butanediol",sIL-6Ra,delta_time3_vs_time1,30,27,-0.347556067,"[-0.63, 0.02]",0.064691072,0.98763082,FALSE
Methionine,MMP-2,delta_time2_vs_time1,30,27,-0.347682572,"[-0.63, 0.02]",0.064587184,0.999017505,FALSE
Cholesterol,MMP-3,delta_time2_vs_time1,30,27,-0.347755662,"[-0.63, 0.02]",0.064527221,0.999017505,FALSE
Nonanoic acid,Osteocalcin,delta_time2_vs_time1,30,27,-0.348720762,"[-0.63, 0.02]",0.063739506,0.999017505,FALSE
"9-Hexadecenoic acid, (Z)-",MMP-2,delta_time3_vs_time1,30,27,-0.348852667,"[-0.63, 0.02]",0.06363243,0.98763082,FALSE
Tryptophan,IFN-a2,delta_time3_vs_time1,30,27,-0.34889055,"[-0.63, 0.02]",0.063601703,0.98763082,FALSE
Arachidonic acid.1,MMP-3,delta_time2_vs_time1,30,27,-0.349945805,"[-0.64, 0.02]",0.062750435,0.999017505,FALSE
Glycolic acid,IL-26,delta_time2_vs_time1,30,27,-0.350788817,"[-0.64, 0.02]",0.062076786,0.999017505,FALSE
Arachidonic acid,gp130/sIL-6Rb,delta_time3_vs_time1,30,27,-0.350863768,"[-0.64, 0.02]",0.062017167,0.98763082,FALSE
1H-Indole-3-Acetic Acid,IL-35,delta_time2_vs_time1,30,27,-0.351640856,"[-0.64, 0.02]",0.06140167,0.999017505,FALSE
1-Monooleoylglycerol,IL-26,delta_time3_vs_time1,30,27,-0.352192024,"[-0.64, 0.02]",0.060968013,0.98763082,FALSE
Glycerol-3-P,Osteocalcin,delta_time3_vs_time1,30,27,-0.35240467,"[-0.64, 0.02]",0.060801345,0.98763082,FALSE
4-Aminobutanoic acid,IL-12(p70),delta_time3_vs_time1,30,27,-0.352575155,"[-0.64, 0.02]",0.060667979,0.98763082,FALSE
L-(+)-Erythrulose,APRIL/TNFSF13,delta_time3_vs_time1,30,27,-0.352579765,"[-0.64, 0.02]",0.060664376,0.98763082,FALSE
Campesterol,sCD163,delta_time3_vs_time1,30,27,-0.353059353,"[-0.64, 0.02]",0.06029045,0.98763082,FALSE
"2,3-Butanediol",MMP-3,delta_time3_vs_time1,30,27,-0.353176539,"[-0.64, 0.02]",0.060199357,0.98763082,FALSE
"1,3-Dioxolane-2-methanol",IL-19,delta_time2_vs_time1,30,27,-0.35358667,"[-0.64, 0.01]",0.059881392,0.999017505,FALSE
L-Norvaline,IL-12(p40),delta_time3_vs_time1,30,27,-0.354010049,"[-0.64, 0.01]",0.059554536,0.98763082,FALSE
Doconexent,MMP-3,delta_time3_vs_time1,30,27,-0.354934354,"[-0.64, 0.01]",0.058845806,0.98763082,FALSE
Diethanolamine,MMP-2,delta_time3_vs_time1,30,27,-0.355036345,"[-0.64, 0.01]",0.058768008,0.98763082,FALSE
Citric acid,IL-19,delta_time2_vs_time1,30,27,-0.355353482,"[-0.64, 0.01]",0.058526614,0.999017505,FALSE
"2,3-Butanediol",sTNF-R2,delta_time2_vs_time1,30,27,-0.356043487,"[-0.64, 0.01]",0.058004088,0.999017505,FALSE
Arachidonic acid.1,sTNF-R2,delta_time3_vs_time1,30,27,-0.356223327,"[-0.64, 0.01]",0.057868501,0.98763082,FALSE
Doconexent,APRIL/TNFSF13,delta_time3_vs_time1,30,27,-0.356523374,"[-0.64, 0.01]",0.05764284,0.98763082,FALSE
Cholesterol,Osteocalcin,delta_time2_vs_time1,30,27,-0.357121284,"[-0.64, 0.01]",0.057195218,0.999017505,FALSE
Methyl galactoside,IL-26,delta_time2_vs_time1,30,27,-0.35853904,"[-0.64, 0.01]",0.056144714,0.999017505,FALSE
"9-Hexadecenoic acid, (Z)-",Osteocalcin,delta_time2_vs_time1,30,27,-0.358660999,"[-0.64, 0.01]",0.056055059,0.999017505,FALSE
1-Heptadecanol,Osteocalcin,delta_time3_vs_time1,30,27,-0.358821901,"[-0.64, 0.01]",0.055936949,0.98763082,FALSE
"2,3-Butanediol",IL-29/IFN-lambda1,delta_time2_vs_time1,30,27,-0.359219894,"[-0.64, 0.01]",0.055645642,0.999017505,FALSE
4-Aminobutanoic acid,MMP-1,delta_time3_vs_time1,30,27,-0.359388202,"[-0.64, 0.01]",0.055522809,0.98763082,FALSE
"9-Hexadecenoic acid, (Z)-",TWEAK/TNFSF12,delta_time2_vs_time1,30,27,-0.359510448,"[-0.64, 0.01]",0.055433726,0.999017505,FALSE
4-Aminobutanoic acid,Osteocalcin,delta_time3_vs_time1,30,27,-0.359987569,"[-0.64, 0.01]",0.055087114,0.98763082,FALSE
Arachidonic acid.1,MMP-2,delta_time3_vs_time1,30,27,-0.362069849,"[-0.64, 0.01]",0.053594306,0.98763082,FALSE
Tyrosine,Chitinase 3-like1,delta_time3_vs_time1,30,27,-0.362209511,"[-0.64, 0.00]",0.053495332,0.98763082,FALSE
Campesterol,Osteopontin,delta_time2_vs_time1,30,27,-0.362220248,"[-0.64, 0.00]",0.053487729,0.999017505,FALSE
Diethanolamine,sCD30/TNFRSF8,delta_time3_vs_time1,30,27,-0.362917868,"[-0.64, 0.00]",0.052995557,0.98763082,FALSE
1-Monopalmitin,IL-26,delta_time3_vs_time1,30,27,-0.363391405,"[-0.64, 0.00]",0.052663514,0.98763082,FALSE
Glycerol-3-P,IFN-y,delta_time2_vs_time1,30,27,-0.364458477,"[-0.64, 0.00]",0.051921294,0.999017505,FALSE
"2,3-Butanediol",IL-10,delta_time2_vs_time1,30,27,-0.365225744,"[-0.65, 0.00]",0.051392727,0.999017505,FALSE
Leucine,sIL-6Ra,delta_time2_vs_time1,30,27,-0.365334005,"[-0.65, 0.00]",0.051318489,0.999017505,FALSE
Asparagine,sCD163,delta_time2_vs_time1,30,27,-0.36553445,"[-0.65, 0.00]",0.051181262,0.999017505,FALSE
Asparagine,IL-35,delta_time2_vs_time1,30,27,-0.366257925,"[-0.65, 0.00]",0.050688371,0.999017505,FALSE
"Ethanolamine, 3TMS",IL-26,delta_time3_vs_time1,30,27,-0.366931898,"[-0.65, -0.00]",0.050232584,0.98763082,FALSE
Asparagine,IL-29/IFN-lambda1,delta_time3_vs_time1,30,27,-0.367243234,"[-0.65, -0.00]",0.050023134,0.98763082,FALSE
Valine,MMP-2,delta_time2_vs_time1,30,27,-0.368912153,"[-0.65, -0.00]",0.048912115,0.999017505,FALSE
Glycine,Pentraxin-3,delta_time3_vs_time1,30,27,-0.369080376,"[-0.65, -0.00]",0.04880122,0.98763082,FALSE
Glyceric acid,Osteocalcin,delta_time2_vs_time1,30,27,-0.369123996,"[-0.65, -0.00]",0.048772497,0.999017505,FALSE
Palmitelaidic acid,sTNF-R1,delta_time3_vs_time1,30,27,-0.370870823,"[-0.65, -0.01]",0.047633214,0.98763082,FALSE
alpha-D-Glucopyranoside,IL-26,delta_time2_vs_time1,30,27,-0.37149787,"[-0.65, -0.01]",0.047229436,0.999017505,FALSE
Citric acid,IL-20,delta_time2_vs_time1,30,27,-0.371522877,"[-0.65, -0.01]",0.04721339,0.999017505,FALSE
"1,3-Dioxolane-2-methanol",IL-28A/IFN-lambda2,delta_time2_vs_time1,30,27,-0.371851332,"[-0.65, -0.01]",0.047003029,0.999017505,FALSE
"2,3-Butanediol",MMP-2,delta_time2_vs_time1,30,27,-0.37220819,"[-0.65, -0.01]",0.04677532,0.999017505,FALSE
Diethanolamine,IL-12(p70),delta_time3_vs_time1,30,27,-0.372784078,"[-0.65, -0.01]",0.046409696,0.98763082,FALSE
L-5-Oxoproline,gp130/sIL-6Rb,delta_time3_vs_time1,30,27,-0.37314132,"[-0.65, -0.01]",0.046184031,0.98763082,FALSE
Ascorbic Acid,TSLP,delta_time3_vs_time1,30,27,-0.373290237,"[-0.65, -0.01]",0.046090219,0.98763082,FALSE
Glycerol-3-P,gp130/sIL-6Rb,delta_time3_vs_time1,30,27,-0.373375057,"[-0.65, -0.01]",0.046036854,0.98763082,FALSE
Glyceric acid,IL-26,delta_time3_vs_time1,30,27,-0.374775869,"[-0.65, -0.01]",0.045162592,0.98763082,FALSE
Glyceric acid,IL-26,delta_time2_vs_time1,30,27,-0.374975321,"[-0.65, -0.01]",0.045039192,0.999017505,FALSE
1-Ethyl-1-tetradecyloxy-1-silacyclohexane,sTNF-R1,delta_time3_vs_time1,30,27,-0.375913677,"[-0.65, -0.01]",0.044462231,0.98763082,FALSE
"1,5-Anhydrohexitol",Osteocalcin,delta_time2_vs_time1,30,27,-0.377444771,"[-0.65, -0.01]",0.043533454,0.999017505,FALSE
Glycine,IL-11,delta_time2_vs_time1,30,27,-0.378492642,"[-0.65, -0.01]",0.04290676,0.999017505,FALSE
Leucine,BAFF/TNFSF13B,delta_time2_vs_time1,30,27,-0.378599166,"[-0.65, -0.01]",0.042843456,0.999017505,FALSE
Ethyl alpha-D-glucopyranoside,IL-26,delta_time2_vs_time1,30,27,-0.379506969,"[-0.65, -0.02]",0.042306995,0.999017505,FALSE
Glycolic acid,TWEAK/TNFSF12,delta_time2_vs_time1,30,27,-0.37983983,"[-0.66, -0.02]",0.042111641,0.999017505,FALSE
L-(+)-Erythrulose,IL-12(p40),delta_time3_vs_time1,30,27,-0.380675619,"[-0.66, -0.02]",0.041624291,0.98763082,FALSE
Glycolic acid,Osteocalcin,delta_time2_vs_time1,30,27,-0.382429561,"[-0.66, -0.02]",0.040616202,0.999017505,FALSE
Glutamine [-H2O],Osteopontin,delta_time3_vs_time1,30,27,-0.38276507,"[-0.66, -0.02]",0.040425608,0.98763082,FALSE
"Ethanolamine, 3TMS",sCD30/TNFRSF8,delta_time2_vs_time1,30,27,-0.383406627,"[-0.66, -0.02]",0.040063147,0.999017505,FALSE
1H-Indole-3-Acetic Acid,IL-26,delta_time2_vs_time1,30,27,-0.384124692,"[-0.66, -0.02]",0.039660549,0.999017505,FALSE
Methyl galactoside,IFN-a2,delta_time2_vs_time1,30,27,-0.384720701,"[-0.66, -0.02]",0.039328848,0.999017505,FALSE
Cholesterol,sIL-6Ra,delta_time3_vs_time1,30,27,-0.386025713,"[-0.66, -0.02]",0.038610315,0.98763082,FALSE
Cholesterol,MMP-3,delta_time3_vs_time1,30,27,-0.386235897,"[-0.66, -0.02]",0.038495578,0.98763082,FALSE
Glutamic Acid,IL-10,delta_time3_vs_time1,30,27,-0.386368566,"[-0.66, -0.02]",0.038423297,0.98763082,FALSE
L-(+)-Erythrulose,IL-10,delta_time2_vs_time1,30,27,-0.387442026,"[-0.66, -0.02]",0.03784244,0.999017505,FALSE
Leucine,sTNF-R2,delta_time2_vs_time1,30,27,-0.387958061,"[-0.66, -0.03]",0.037565727,0.999017505,FALSE
Cholesterol,Chitinase 3-like1,delta_time2_vs_time1,30,27,-0.389816822,"[-0.66, -0.03]",0.036582431,0.999017505,FALSE
Leucine,sCD30/TNFRSF8,delta_time2_vs_time1,30,27,-0.39128915,"[-0.66, -0.03]",0.035818326,0.999017505,FALSE
Valine,Osteopontin,delta_time3_vs_time1,30,27,-0.392182696,"[-0.66, -0.03]",0.035360887,0.98763082,FALSE
Decanoic acid,IL-26,delta_time3_vs_time1,30,27,-0.392821721,"[-0.66, -0.03]",0.035036639,0.98763082,FALSE
Doconexent,IL-12(p40),delta_time2_vs_time1,30,27,-0.393928801,"[-0.66, -0.03]",0.034480562,0.999017505,FALSE
"2,3-Butanediol",MMP-3,delta_time2_vs_time1,30,27,-0.394818763,"[-0.67, -0.03]",0.034038714,0.999017505,FALSE
4-Aminobutanoic acid,Osteocalcin,delta_time2_vs_time1,30,27,-0.395958785,"[-0.67, -0.03]",0.033479394,0.999017505,FALSE
L-(+)-Erythrulose,IL-29/IFN-lambda1,delta_time2_vs_time1,30,27,-0.39621543,"[-0.67, -0.03]",0.033354506,0.999017505,FALSE
Glycine,IL-26,delta_time2_vs_time1,30,27,-0.397471903,"[-0.67, -0.04]",0.032748498,0.999017505,FALSE
Oxalic acid,gp130/sIL-6Rb,delta_time3_vs_time1,30,27,-0.397476867,"[-0.67, -0.04]",0.032746121,0.98763082,FALSE
"1,3-Dioxolane-2-methanol",Osteocalcin,delta_time3_vs_time1,30,27,-0.397487325,"[-0.67, -0.04]",0.032741115,0.98763082,FALSE
L-Alanine,gp130/sIL-6Rb,delta_time2_vs_time1,30,27,-0.398003976,"[-0.67, -0.04]",0.032494567,0.999017505,FALSE
4-Aminobutanoic acid,sTNF-R1,delta_time3_vs_time1,30,27,-0.39892958,"[-0.67, -0.04]",0.032056617,0.98763082,FALSE
Diethanolamine,Osteocalcin,delta_time3_vs_time1,30,27,-0.399317348,"[-0.67, -0.04]",0.031874567,0.98763082,FALSE
Diethanolamine,sTNF-R2,delta_time3_vs_time1,30,27,-0.400589534,"[-0.67, -0.04]",0.031283159,0.98763082,FALSE
Campesterol,TWEAK/TNFSF12,delta_time2_vs_time1,30,27,-0.40083745,"[-0.67, -0.04]",0.03116895,0.999017505,FALSE
L-(+)-Erythrulose,IL-35,delta_time3_vs_time1,30,27,-0.404710341,"[-0.67, -0.04]",0.029428163,0.98763082,FALSE
"1,5-Anhydrohexitol",MMP-3,delta_time2_vs_time1,30,27,-0.405705531,"[-0.67, -0.05]",0.028993821,0.999017505,FALSE
4-Aminobutanoic acid,sIL-6Ra,delta_time3_vs_time1,30,27,-0.406286727,"[-0.67, -0.05]",0.028742579,0.98763082,FALSE
1-Monooleoylglycerol,sTNF-R1,delta_time3_vs_time1,30,27,-0.40775257,"[-0.67, -0.05]",0.02811676,0.98763082,FALSE
Glyceric acid,Osteocalcin,delta_time3_vs_time1,30,27,-0.408053641,"[-0.67, -0.05]",0.027989603,0.98763082,FALSE
L-(+)-Erythrulose,TSLP,delta_time2_vs_time1,30,27,-0.408217648,"[-0.67, -0.05]",0.027920531,0.985716153,FALSE
Leucine,IL-28A/IFN-lambda2,delta_time2_vs_time1,30,27,-0.408348899,"[-0.67, -0.05]",0.027865355,0.985716153,FALSE
Cholesterol,sIL-6Ra,delta_time2_vs_time1,30,27,-0.408900323,"[-0.67, -0.05]",0.027634511,0.985716153,FALSE
4-Aminobutanoic acid,IL-28A/IFN-lambda2,delta_time3_vs_time1,30,27,-0.409042911,"[-0.67, -0.05]",0.027575072,0.98763082,FALSE
2-Aminoheptanedioic acid,IL-12(p70),delta_time2_vs_time1,30,27,-0.411519123,"[-0.68, -0.05]",0.026559324,0.985716153,FALSE
Glycolic acid,MMP-3,delta_time2_vs_time1,30,27,-0.41249664,"[-0.68, -0.05]",0.026166827,0.985716153,FALSE
N-Acetylglutamine,IL-19,delta_time2_vs_time1,30,27,-0.412713155,"[-0.68, -0.05]",0.026080534,0.985716153,FALSE
4-Aminobutanoic acid,gp130/sIL-6Rb,delta_time2_vs_time1,30,27,-0.414180232,"[-0.68, -0.06]",0.025501911,0.985716153,FALSE
"Ethanolamine, 3TMS",Osteocalcin,delta_time2_vs_time1,30,27,-0.414310394,"[-0.68, -0.06]",0.025451084,0.985716153,FALSE
4-Aminobutanoic acid,Chitinase 3-like1,delta_time3_vs_time1,30,27,-0.41655633,"[-0.68, -0.06]",0.024587007,0.98763082,FALSE
Palmitelaidic acid,gp130/sIL-6Rb,delta_time3_vs_time1,30,27,-0.417565485,"[-0.68, -0.06]",0.024206635,0.98763082,FALSE
4-Aminobutanoic acid,Pentraxin-3,delta_time3_vs_time1,30,27,-0.418781656,"[-0.68, -0.06]",0.023754639,0.98763082,FALSE
"1,5-Anhydrohexitol",TWEAK/TNFSF12,delta_time2_vs_time1,30,27,-0.419279334,"[-0.68, -0.06]",0.023571676,0.985716153,FALSE
Ascorbic Acid,IL-20,delta_time3_vs_time1,30,27,-0.421545761,"[-0.68, -0.07]",0.022752979,0.98763082,FALSE
Glycolic acid,IL-26,delta_time3_vs_time1,30,27,-0.42312867,"[-0.68, -0.07]",0.02219512,0.98763082,FALSE
Arachidonic acid.1,sCD163,delta_time3_vs_time1,30,27,-0.423460352,"[-0.68, -0.07]",0.022079659,0.98763082,FALSE
Diethanolamine,MMP-3,delta_time3_vs_time1,30,27,-0.425858012,"[-0.69, -0.07]",0.021259583,0.98763082,FALSE
Cysteine,Pentraxin-3,delta_time3_vs_time1,30,27,-0.426650642,"[-0.69, -0.07]",0.020994044,0.98763082,FALSE
Glycerol,Osteocalcin,delta_time2_vs_time1,30,27,-0.428743871,"[-0.69, -0.07]",0.020305862,0.933303408,FALSE
Tyrosine,Pentraxin-3,delta_time3_vs_time1,30,27,-0.431128182,"[-0.69, -0.08]",0.019544695,0.98763082,FALSE
"1,3-Dioxolane-2-methanol",TWEAK/TNFSF12,delta_time3_vs_time1,30,27,-0.431910026,"[-0.69, -0.08]",0.019300275,0.98763082,FALSE
1-Monooleoylglycerol,Osteocalcin,delta_time3_vs_time1,30,27,-0.432129903,"[-0.69, -0.08]",0.019231993,0.98763082,FALSE
2-Aminoheptanedioic acid,IL-29/IFN-lambda1,delta_time2_vs_time1,30,27,-0.433249071,"[-0.69, -0.08]",0.018887515,0.913885443,FALSE
4-Aminobutanoic acid,IL-11,delta_time3_vs_time1,30,27,-0.433458386,"[-0.69, -0.08]",0.018823656,0.98763082,FALSE
Arachidonic acid.1,MMP-3,delta_time3_vs_time1,30,27,-0.433728306,"[-0.69, -0.08]",0.018741571,0.98763082,FALSE
"1,5-Anhydrohexitol",BAFF/TNFSF13B,delta_time2_vs_time1,30,27,-0.436080994,"[-0.69, -0.08]",0.018038516,0.913885443,FALSE
1-Heptadecanol,IL-12(p40),delta_time2_vs_time1,30,27,-0.438300403,"[-0.69, -0.09]",0.017395389,0.913885443,FALSE
Cholesterol,sCD163,delta_time2_vs_time1,30,27,-0.439445394,"[-0.69, -0.09]",0.017071084,0.913885443,FALSE
"2,3-Butanediol",TWEAK/TNFSF12,delta_time2_vs_time1,30,27,-0.439887771,"[-0.69, -0.09]",0.016947133,0.913885443,FALSE
2-Aminoheptanedioic acid,IL-11,delta_time2_vs_time1,30,27,-0.440418409,"[-0.69, -0.09]",0.016799435,0.913885443,FALSE
L-Aspartic acid,IL-35,delta_time3_vs_time1,30,27,-0.442826749,"[-0.70, -0.09]",0.016142417,0.98763082,FALSE
"1,3-Dioxolane-2-methanol",MMP-2,delta_time3_vs_time1,30,27,-0.442960922,"[-0.70, -0.09]",0.016106449,0.98763082,FALSE
Glycolic acid,MMP-2,delta_time2_vs_time1,30,27,-0.443827729,"[-0.70, -0.09]",0.015875677,0.913885443,FALSE
Doconexent,IL-12(p40),delta_time3_vs_time1,30,27,-0.443922002,"[-0.70, -0.09]",0.015850744,0.98763082,FALSE
Cholesterol,MMP-2,delta_time2_vs_time1,30,27,-0.445130112,"[-0.70, -0.09]",0.015534097,0.913885443,FALSE
Diethanolamine,IL-26,delta_time3_vs_time1,30,27,-0.446739675,"[-0.70, -0.10]",0.015120397,0.98763082,FALSE
Leucine,Osteocalcin,delta_time2_vs_time1,30,27,-0.449199759,"[-0.70, -0.10]",0.01450579,0.913885443,FALSE
Cholesterol,sCD30/TNFRSF8,delta_time2_vs_time1,30,27,-0.449217644,"[-0.70, -0.10]",0.014501399,0.913885443,FALSE
Diethanolamine,sCD163,delta_time3_vs_time1,30,27,-0.449884254,"[-0.70, -0.10]",0.014338523,0.98763082,FALSE
4-Aminobutanoic acid,sTNF-R2,delta_time3_vs_time1,30,27,-0.453943279,"[-0.70, -0.10]",0.013379253,0.98763082,FALSE
Cholesterol,Osteopontin,delta_time2_vs_time1,30,27,-0.456663911,"[-0.71, -0.11]",0.0127667,0.913885443,FALSE
Leucine,MMP-2,delta_time2_vs_time1,30,27,-0.457120844,"[-0.71, -0.11]",0.012666152,0.913885443,FALSE
Glycerol,sTNF-R2,delta_time2_vs_time1,30,27,-0.457514431,"[-0.71, -0.11]",0.012580074,0.913885443,FALSE
2-Aminoheptanedioic acid,IL-26,delta_time2_vs_time1,30,27,-0.458150423,"[-0.71, -0.11]",0.012442014,0.913885443,FALSE
Glutamine [-H2O],IL-10,delta_time3_vs_time1,30,27,-0.460047901,"[-0.71, -0.11]",0.012037606,0.98763082,FALSE
Nonanoic acid,IL-26,delta_time2_vs_time1,30,27,-0.460683627,"[-0.71, -0.11]",0.011904595,0.913885443,FALSE
"1,5-Anhydrohexitol",sTNF-R2,delta_time2_vs_time1,30,27,-0.461781988,"[-0.71, -0.11]",0.011677683,0.913885443,FALSE
Glycerol,MMP-2,delta_time2_vs_time1,30,27,-0.462779829,"[-0.71, -0.12]",0.011474684,0.913885443,FALSE
Glycerol-3-P,IL-12(p70),delta_time2_vs_time1,30,27,-0.463468037,"[-0.71, -0.12]",0.011336403,0.913885443,FALSE
Diethanolamine,IL-11,delta_time3_vs_time1,30,27,-0.47013153,"[-0.71, -0.13]",0.010068147,0.98763082,FALSE
Cholesterol,TSLP,delta_time3_vs_time1,30,27,-0.470666061,"[-0.71, -0.13]",0.009971791,0.98763082,FALSE
Arachidonic acid.1,sCD30/TNFRSF8,delta_time3_vs_time1,30,27,-0.473882065,"[-0.72, -0.13]",0.009408263,0.98763082,FALSE
1-Monopalmitin,IL-26,delta_time2_vs_time1,30,27,-0.476146836,"[-0.72, -0.13]",0.00902769,0.913885443,FALSE
"9-Hexadecenoic acid, (Z)-",IL-26,delta_time2_vs_time1,30,27,-0.477238094,"[-0.72, -0.13]",0.008848991,0.913885443,FALSE
Citric acid,IL-35,delta_time2_vs_time1,30,27,-0.481349824,"[-0.72, -0.14]",0.008202187,0.913885443,FALSE
4-Aminobutanoic acid,APRIL/TNFSF13,delta_time3_vs_time1,30,27,-0.482579674,"[-0.72, -0.14]",0.008016652,0.98763082,FALSE
"Ethanolamine, 3TMS",MMP-2,delta_time2_vs_time1,30,27,-0.493596957,"[-0.73, -0.16]",0.006506853,0.865196306,FALSE
L-(+)-Erythrulose,IL-11,delta_time2_vs_time1,30,27,-0.4947419,"[-0.73, -0.16]",0.0063648,0.865196306,FALSE
L-5-Oxoproline,gp130/sIL-6Rb,delta_time2_vs_time1,30,27,-0.496466415,"[-0.73, -0.16]",0.006155807,0.865196306,FALSE
4-Aminobutanoic acid,sCD30/TNFRSF8,delta_time3_vs_time1,30,27,-0.500538493,"[-0.73, -0.16]",0.005685304,0.98763082,FALSE
"Ethanolamine, 3TMS",sTNF-R2,delta_time2_vs_time1,30,27,-0.505854956,"[-0.74, -0.17]",0.005117309,0.865196306,FALSE
D-(-)-Ribofuranose,IL-26,delta_time2_vs_time1,30,27,-0.517889724,"[-0.74, -0.19]",0.004007414,0.865196306,FALSE
Cholesterol,sTNF-R2,delta_time2_vs_time1,30,27,-0.518583156,"[-0.74, -0.19]",0.003950296,0.865196306,FALSE
"1,5-Anhydrohexitol",Chitinase 3-like1,delta_time2_vs_time1,30,27,-0.529775944,"[-0.75, -0.20]",0.003120192,0.844531911,FALSE
4-Aminobutanoic acid,BAFF/TNFSF13B,delta_time3_vs_time1,30,27,-0.536465413,"[-0.75, -0.21]",0.002699479,0.98763082,FALSE
"1,3-Dioxolane-2-methanol",IFN-a2,delta_time2_vs_time1,30,27,-0.539182106,"[-0.76, -0.22]",0.002543125,0.844531911,FALSE
"1,3-Dioxolane-2-methanol",IL-26,delta_time2_vs_time1,30,27,-0.540593563,"[-0.76, -0.22]",0.002465018,0.844531911,FALSE
"1,5-Anhydrohexitol",sCD30/TNFRSF8,delta_time2_vs_time1,30,27,-0.562473273,"[-0.77, -0.25]",0.00149318,0.844531911,FALSE
"1,5-Anhydrohexitol",sCD163,delta_time2_vs_time1,30,27,-0.572651445,"[-0.78, -0.26]",0.001168607,0.844531911,FALSE
"1,5-Anhydrohexitol",sIL-6Ra,delta_time2_vs_time1,30,27,-0.58325599,"[-0.78, -0.28]",0.00089754,0.844531911,FALSE
