Variable_A,Variable_B,TimeWindow,n,df,r,CI_95%,p_val,p_adj,is_significant
1H-Indole-3-Acetic Acid,APRIL/TNFSF13,time1,30,27,0.20754058881553158,"[-0.17, 0.53]",0.28001081181054943,0.9908428410913599,False
2-OH-Butanoic Acid,APRIL/TNFSF13,time1,30,27,0.004267356338530074,"[-0.36, 0.37]",0.982472193354307,0.9959801770656903,False
3-OH-Butanoic Acid,APRIL/TNFSF13,time1,30,27,0.23281857086041233,"[-0.15, 0.55]",0.22421192640708132,0.9908428410913599,False
Alanine,APRIL/TNFSF13,time1,30,27,-0.019677843726555132,"[-0.38, 0.35]",0.919299021463817,0.9959801770656903,False
Arachidonic acid,APRIL/TNFSF13,time1,30,27,-0.09372371410644946,"[-0.44, 0.28]",0.6286816328786426,0.9908428410913599,False
Arginine [-NH3],APRIL/TNFSF13,time1,30,27,0.14307300660340602,"[-0.24, 0.48]",0.45905567932511215,0.9908428410913599,False
Ascorbic Acid,APRIL/TNFSF13,time1,30,27,-0.08860581062119108,"[-0.44, 0.29]",0.647621533070189,0.9908428410913599,False
Asparagine,APRIL/TNFSF13,time1,30,27,0.3570123044884677,"[-0.01, 0.64]",0.05727660091031621,0.9908428410913599,False
Cholesterol,APRIL/TNFSF13,time1,30,27,-0.1540740235911349,"[-0.49, 0.23]",0.4248709657245533,0.9908428410913599,False
Citric acid,APRIL/TNFSF13,time1,30,27,-0.02187040212404089,"[-0.39, 0.35]",0.9103410989496908,0.9959801770656903,False
Cysteine,APRIL/TNFSF13,time1,30,27,0.06996924999690866,"[-0.30, 0.43]",0.718350463562073,0.9908428410913599,False
Decanoic acid,APRIL/TNFSF13,time1,30,27,0.22321335803200149,"[-0.16, 0.55]",0.2444548979024599,0.9908428410913599,False
Glutamic Acid,APRIL/TNFSF13,time1,30,27,0.00571253590628097,"[-0.36, 0.37]",0.9765376499408718,0.9959801770656903,False
Glutamine [-H2O],APRIL/TNFSF13,time1,30,27,0.12909732474816005,"[-0.25, 0.47]",0.5044965266619637,0.9908428410913599,False
Glyceraldehyde-3-P(MOX),APRIL/TNFSF13,time1,30,27,-0.033529340225236744,"[-0.40, 0.34]",0.8629132717652181,0.9959801770656903,False
Glycerol-3-P,APRIL/TNFSF13,time1,30,27,-0.04626689692752278,"[-0.41, 0.33]",0.811630871261275,0.9959801770656903,False
Glycine,APRIL/TNFSF13,time1,30,27,0.014544682122465742,"[-0.35, 0.38]",0.9403070348230926,0.9959801770656903,False
Indole-3-Latic Acid,APRIL/TNFSF13,time1,30,27,0.05082723194070493,"[-0.32, 0.41]",0.7934430810827614,0.994028844903905,False
Indole-3-Propionic Acid,APRIL/TNFSF13,time1,30,27,0.20287537937940558,"[-0.18, 0.53]",0.2912030404464183,0.9908428410913599,False
Lactic Acid,APRIL/TNFSF13,time1,30,27,0.12024425289242074,"[-0.26, 0.47]",0.5343939067038559,0.9908428410913599,False
Leucine,APRIL/TNFSF13,time1,30,27,0.13508967082340873,"[-0.24, 0.48]",0.48474370243882514,0.9908428410913599,False
Linoleic Acid,APRIL/TNFSF13,time1,30,27,0.07814775409622908,"[-0.30, 0.43]",0.6869892763358298,0.9908428410913599,False
Lysine,APRIL/TNFSF13,time1,30,27,0.17762423962732243,"[-0.20, 0.51]",0.3566224317168505,0.9908428410913599,False
Methionine,APRIL/TNFSF13,time1,30,27,0.18153790397703512,"[-0.20, 0.51]",0.34595089771087995,0.9908428410913599,False
Oleic Acid,APRIL/TNFSF13,time1,30,27,-0.1467649163532722,"[-0.49, 0.23]",0.44742447188612955,0.9908428410913599,False
Ornithine,APRIL/TNFSF13,time1,30,27,0.25696969487002336,"[-0.12, 0.57]",0.17840583019427808,0.9908428410913599,False
Palmitic Acid,APRIL/TNFSF13,time1,30,27,-0.11187316208001455,"[-0.46, 0.27]",0.5634169135759566,0.9908428410913599,False
Phenylalanine,APRIL/TNFSF13,time1,30,27,0.2561105836000229,"[-0.12, 0.57]",0.1799126971491294,0.9908428410913599,False
Proline,APRIL/TNFSF13,time1,30,27,0.03577108856824011,"[-0.34, 0.40]",0.8538420775111383,0.9959801770656903,False
Serine,APRIL/TNFSF13,time1,30,27,0.18675590630114183,"[-0.19, 0.52]",0.33202501293928055,0.9908428410913599,False
Stearic Acid,APRIL/TNFSF13,time1,30,27,-0.08624020866088528,"[-0.44, 0.29]",0.6564501281099767,0.9908428410913599,False
Threonine,APRIL/TNFSF13,time1,30,27,0.1577169919994199,"[-0.22, 0.50]",0.4138685199629578,0.9908428410913599,False
Tryptophan,APRIL/TNFSF13,time1,30,27,0.06561857959756705,"[-0.31, 0.42]",0.7352215208154926,0.9908428410913599,False
Tyrosine,APRIL/TNFSF13,time1,30,27,0.17203843563063614,"[-0.21, 0.51]",0.3721878722486275,0.9908428410913599,False
Valine,APRIL/TNFSF13,time1,30,27,0.09642982856740655,"[-0.28, 0.45]",0.6187584972665348,0.9908428410913599,False
"(R*,R*)-2,3-Dihydroxybutanoic acid, tris(trimethylsilyl)-",APRIL/TNFSF13,time1,30,27,0.07162964230083142,"[-0.30, 0.43]",0.711945285712323,0.9908428410913599,False
1-Ethyl-1-tetradecyloxy-1-silacyclohexane,APRIL/TNFSF13,time1,30,27,0.09621287831432838,"[-0.28, 0.45]",0.6195516565785082,0.9908428410913599,False
1-Heptadecanol,APRIL/TNFSF13,time1,30,27,-0.26141634582274187,"[-0.57, 0.12]",0.17074795796083295,0.9908428410913599,False
1-Monooleoylglycerol,APRIL/TNFSF13,time1,30,27,0.05610371603450567,"[-0.32, 0.41]",0.772531154988409,0.9908428410913599,False
1-Monopalmitin,APRIL/TNFSF13,time1,30,27,0.10908371661142055,"[-0.27, 0.46]",0.5732445609851373,0.9908428410913599,False
"1,3-Dioxolane-2-methanol",APRIL/TNFSF13,time1,30,27,0.0666445214599926,"[-0.31, 0.42]",0.731231913293789,0.9908428410913599,False
"1,5-Anhydrohexitol",APRIL/TNFSF13,time1,30,27,-0.13053193497615098,"[-0.47, 0.25]",0.4997314256640114,0.9908428410913599,False
"11-Eicosenoic acid, (E)-",APRIL/TNFSF13,time1,30,27,0.029323528150789462,"[-0.34, 0.39]",0.8799772199734781,0.9959801770656903,False
2-Aminoadipic acid,APRIL/TNFSF13,time1,30,27,0.20527849068003015,"[-0.17, 0.53]",0.28540285212664557,0.9908428410913599,False
2-Aminoheptanedioic acid,APRIL/TNFSF13,time1,30,27,-0.1563958023467172,"[-0.49, 0.22]",0.41784024823080224,0.9908428410913599,False
"2-Ethyl-3-hydroxypropionic acid, di-",APRIL/TNFSF13,time1,30,27,-0.0189464621885326,"[-0.38, 0.35]",0.9222893597078387,0.9959801770656903,False
2-Keto-3-methylvaleric acid,APRIL/TNFSF13,time1,30,27,-0.009978450641016628,"[-0.38, 0.36]",0.9590282440509027,0.9959801770656903,False
"2,3-Butanediol",APRIL/TNFSF13,time1,30,27,0.08701617100387915,"[-0.29, 0.44]",0.6535491184517467,0.9908428410913599,False
"2,3,4-Trihydroxybutyric acid",APRIL/TNFSF13,time1,30,27,0.07665678703626672,"[-0.30, 0.43]",0.6926705687430375,0.9908428410913599,False
4-Aminobutanoic acid,APRIL/TNFSF13,time1,30,27,-0.4300397700093063,"[-0.69, -0.08]",0.019889191892505115,0.9908428410913599,False
"9-Hexadecenoic acid, (Z)-",APRIL/TNFSF13,time1,30,27,-0.027765629478280294,"[-0.39, 0.34]",0.8863117542578435,0.9959801770656903,False
"alpha-D-Glucopyranoside, methyl 2-(acetylamino)-2-deoxy-3-O-(trimethylsilyl)-, cyclic methylboronate",APRIL/TNFSF13,time1,30,27,-0.11106519390018908,"[-0.46, 0.27]",0.5662556147545991,0.9908428410913599,False
Aminomalonic acid,APRIL/TNFSF13,time1,30,27,-0.04165934552001771,"[-0.40, 0.33]",0.8301048373920129,0.9959801770656903,False
Arachidonic acid.1,APRIL/TNFSF13,time1,30,27,-0.36442747771139805,"[-0.64, 0.00]",0.05194273916401148,0.9908428410913599,False
beta-Alanine,APRIL/TNFSF13,time1,30,27,0.021157290131783236,"[-0.35, 0.38]",0.9132534646378276,0.9959801770656903,False
beta-D-Xylopyranose,APRIL/TNFSF13,time1,30,27,-0.04822982024753208,"[-0.41, 0.32]",0.803789884536143,0.9959801770656903,False
Butanoic acid,APRIL/TNFSF13,time1,30,27,0.1915183370980731,"[-0.19, 0.52]",0.31961790167756676,0.9908428410913599,False
Campesterol,APRIL/TNFSF13,time1,30,27,-0.1683743535736285,"[-0.50, 0.21]",0.3826103680387898,0.9908428410913599,False
D-(-)-Ribofuranose,APRIL/TNFSF13,time1,30,27,0.05447120100059287,"[-0.32, 0.41]",0.7789852952983258,0.9908428410913599,False
"D-Arabinose, tetrakis(trimethylsilyl) ether, ethyloxime (isomer 1)",APRIL/TNFSF13,time1,30,27,-0.1362573109464332,"[-0.48, 0.24]",0.48094135507455815,0.9908428410913599,False
Diethanolamine,APRIL/TNFSF13,time1,30,27,0.09847496133624707,"[-0.28, 0.45]",0.6113022681679324,0.9908428410913599,False
DL-Ornithine,APRIL/TNFSF13,time1,30,27,0.31079449361932104,"[-0.06, 0.61]",0.10079997342485358,0.9908428410913599,False
Doconexent,APRIL/TNFSF13,time1,30,27,-0.10376074798009088,"[-0.45, 0.27]",0.5922077591816666,0.9908428410913599,False
Dodecanoic acid,APRIL/TNFSF13,time1,30,27,-0.0363443651303537,"[-0.40, 0.33]",0.8515252008553263,0.9959801770656903,False
Erythritol,APRIL/TNFSF13,time1,30,27,-0.05046183093861855,"[-0.41, 0.32]",0.7948966296686399,0.994028844903905,False
"Ethanolamine, 2TMS",APRIL/TNFSF13,time1,30,27,-0.23737078480002116,"[-0.56, 0.14]",0.21502485964749782,0.9908428410913599,False
"Ethanolamine, 3TMS",APRIL/TNFSF13,time1,30,27,0.003356343180137641,"[-0.36, 0.37]",0.9862137042158874,0.9959801770656903,False
Ethyl alpha-D-glucopyranoside,APRIL/TNFSF13,time1,30,27,-0.10197332388548007,"[-0.45, 0.27]",0.5986357871307624,0.9908428410913599,False
Glyceric acid,APRIL/TNFSF13,time1,30,27,0.03961614569697539,"[-0.33, 0.40]",0.838326093188351,0.9959801770656903,False
Glycerol,APRIL/TNFSF13,time1,30,27,0.024222091080538244,"[-0.35, 0.39]",0.9007449954208415,0.9959801770656903,False
Glycolic acid,APRIL/TNFSF13,time1,30,27,-0.22263924593572912,"[-0.54, 0.16]",0.24570193546127755,0.9908428410913599,False
L-(+)-Erythrulose,APRIL/TNFSF13,time1,30,27,0.016963887423185026,"[-0.35, 0.38]",0.9304004455800995,0.9959801770656903,False
L-5-Oxoproline,APRIL/TNFSF13,time1,30,27,0.05376754320512603,"[-0.32, 0.41]",0.7817716697587606,0.9908428410913599,False
L-Alanine,APRIL/TNFSF13,time1,30,27,-0.12523337343370278,"[-0.47, 0.25]",0.5174421837233739,0.9908428410913599,False
L-Aspartic acid,APRIL/TNFSF13,time1,30,27,0.17126430927720723,"[-0.21, 0.51]",0.3743759256483452,0.9908428410913599,False
L-Norvaline,APRIL/TNFSF13,time1,30,27,-0.015467978302352369,"[-0.38, 0.35]",0.9365250511548816,0.9959801770656903,False
L-Proline,APRIL/TNFSF13,time1,30,27,0.06190301930530122,"[-0.31, 0.42]",0.7497261051829142,0.9908428410913599,False
L-Rhamnose,APRIL/TNFSF13,time1,30,27,0.1593139842209443,"[-0.22, 0.50]",0.40909593603941174,0.9908428410913599,False
Lactic Acid.1,APRIL/TNFSF13,time1,30,27,0.08007321732511335,"[-0.30, 0.43]",0.6796769863108174,0.9908428410913599,False
Methyl galactoside,APRIL/TNFSF13,time1,30,27,-0.033160290702299415,"[-0.39, 0.34]",0.8644082911441842,0.9959801770656903,False
N-Acetylglutamine,APRIL/TNFSF13,time1,30,27,-0.06243110590764262,"[-0.42, 0.31]",0.7476593666203429,0.9908428410913599,False
Nonanoic acid,APRIL/TNFSF13,time1,30,27,0.06734152680998805,"[-0.31, 0.42]",0.7285253485722616,0.9908428410913599,False
Oxalic acid,APRIL/TNFSF13,time1,30,27,-0.024073597495539664,"[-0.39, 0.35]",0.9013505353861905,0.9959801770656903,False
Palmitelaidic acid,APRIL/TNFSF13,time1,30,27,-0.10442305579108616,"[-0.45, 0.27]",0.5898335448249681,0.9908428410913599,False
1H-Indole-3-Acetic Acid,BAFF/TNFSF13B,time1,30,27,-0.139426897818671,"[-0.48, 0.24]",0.4706975375847149,0.9908428410913599,False
2-OH-Butanoic Acid,BAFF/TNFSF13B,time1,30,27,0.34890016920473765,"[-0.02, 0.63]",0.06359390296996756,0.9908428410913599,False
3-OH-Butanoic Acid,BAFF/TNFSF13B,time1,30,27,0.30208194003313776,"[-0.07, 0.60]",0.1112345514897459,0.9908428410913599,False
Alanine,BAFF/TNFSF13B,time1,30,27,-0.40855449004599126,"[-0.67, -0.05]",0.027779105119160166,0.9908428410913599,False
Arachidonic acid,BAFF/TNFSF13B,time1,30,27,-0.07522224026468458,"[-0.43, 0.30]",0.6981523124877342,0.9908428410913599,False
Arginine [-NH3],BAFF/TNFSF13B,time1,30,27,0.16384836750653373,"[-0.22, 0.50]",0.3957146299225732,0.9908428410913599,False
Ascorbic Acid,BAFF/TNFSF13B,time1,30,27,-0.030201100756614974,"[-0.39, 0.34]",0.8764121053218541,0.9959801770656903,False
Asparagine,BAFF/TNFSF13B,time1,30,27,0.4443105900319815,"[0.09, 0.70]",0.015748316402181505,0.9908428410913599,False
Cholesterol,BAFF/TNFSF13B,time1,30,27,0.2780597856739986,"[-0.10, 0.58]",0.14414907264442386,0.9908428410913599,False
Citric acid,BAFF/TNFSF13B,time1,30,27,0.23526595350746513,"[-0.14, 0.55]",0.21924039760478858,0.9908428410913599,False
Cysteine,BAFF/TNFSF13B,time1,30,27,-0.2661940490182832,"[-0.58, 0.11]",0.1627819666280716,0.9908428410913599,False
Decanoic acid,BAFF/TNFSF13B,time1,30,27,0.24939157042453522,"[-0.13, 0.56]",0.19200601773737896,0.9908428410913599,False
Glutamic Acid,BAFF/TNFSF13B,time1,30,27,0.08665128975595394,"[-0.29, 0.44]",0.6549126501293834,0.9908428410913599,False
Glutamine [-H2O],BAFF/TNFSF13B,time1,30,27,0.30390962178231506,"[-0.07, 0.60]",0.10898168942827177,0.9908428410913599,False
Glyceraldehyde-3-P(MOX),BAFF/TNFSF13B,time1,30,27,0.36994406685061754,"[0.00, 0.65]",0.04823498919007769,0.9908428410913599,False
Glycerol-3-P,BAFF/TNFSF13B,time1,30,27,-0.40784870371323056,"[-0.67, -0.05]",0.02807610659075897,0.9908428410913599,False
Glycine,BAFF/TNFSF13B,time1,30,27,-0.2138841087298729,"[-0.54, 0.17]",0.26524059966355806,0.9908428410913599,False
Indole-3-Latic Acid,BAFF/TNFSF13B,time1,30,27,0.5021168563748419,"[0.17, 0.73]",0.005511342505800397,0.9908428410913599,False
Indole-3-Propionic Acid,BAFF/TNFSF13B,time1,30,27,-0.1333307118314049,"[-0.48, 0.25]",0.49050050970428416,0.9908428410913599,False
Lactic Acid,BAFF/TNFSF13B,time1,30,27,0.49225869167544317,"[0.15, 0.73]",0.0066762902969419065,0.9908428410913599,False
Leucine,BAFF/TNFSF13B,time1,30,27,0.07352947271861203,"[-0.30, 0.43]",0.7046399149770994,0.9908428410913599,False
Linoleic Acid,BAFF/TNFSF13B,time1,30,27,0.09868407635888163,"[-0.28, 0.45]",0.6105419885847011,0.9908428410913599,False
Lysine,BAFF/TNFSF13B,time1,30,27,-0.5548596275861477,"[-0.77, -0.24]",0.0017846239502964586,0.909643935643192,False
Methionine,BAFF/TNFSF13B,time1,30,27,0.2711091043928012,"[-0.11, 0.58]",0.1548665644121957,0.9908428410913599,False
Oleic Acid,BAFF/TNFSF13B,time1,30,27,0.13327543732889388,"[-0.25, 0.48]",0.4906819747548852,0.9908428410913599,False
Ornithine,BAFF/TNFSF13B,time1,30,27,0.17877544801482023,"[-0.20, 0.51]",0.3534632823301952,0.9908428410913599,False
Palmitic Acid,BAFF/TNFSF13B,time1,30,27,0.3749591797693295,"[0.01, 0.65]",0.04504916904330142,0.9908428410913599,False
Phenylalanine,BAFF/TNFSF13B,time1,30,27,0.33558181301180584,"[-0.04, 0.63]",0.07512723780825753,0.9908428410913599,False
Proline,BAFF/TNFSF13B,time1,30,27,0.007754641998330304,"[-0.36, 0.37]",0.9681540241726395,0.9959801770656903,False
Serine,BAFF/TNFSF13B,time1,30,27,0.30529527180055754,"[-0.07, 0.60]",0.10729650165350421,0.9908428410913599,False
Stearic Acid,BAFF/TNFSF13B,time1,30,27,0.10601021957569488,"[-0.27, 0.45]",0.5841608563522844,0.9908428410913599,False
Threonine,BAFF/TNFSF13B,time1,30,27,0.15144914919066613,"[-0.23, 0.49]",0.43289740428343415,0.9908428410913599,False
Tryptophan,BAFF/TNFSF13B,time1,30,27,-0.07124546480029335,"[-0.43, 0.30]",0.7134256146597997,0.9908428410913599,False
Tyrosine,BAFF/TNFSF13B,time1,30,27,-0.19054073320418066,"[-0.52, 0.19]",0.322141117775704,0.9908428410913599,False
Valine,BAFF/TNFSF13B,time1,30,27,0.32467499352740026,"[-0.05, 0.62]",0.08571912551208744,0.9908428410913599,False
"(R*,R*)-2,3-Dihydroxybutanoic acid, tris(trimethylsilyl)-",BAFF/TNFSF13B,time1,30,27,-0.1284519821694596,"[-0.47, 0.25]",0.506647394384696,0.9908428410913599,False
1-Ethyl-1-tetradecyloxy-1-silacyclohexane,BAFF/TNFSF13B,time1,30,27,-0.3028354124309718,"[-0.60, 0.07]",0.11030163447407117,0.9908428410913599,False
1-Heptadecanol,BAFF/TNFSF13B,time1,30,27,-0.1909441881566868,"[-0.52, 0.19]",0.32109831041314185,0.9908428410913599,False
1-Monooleoylglycerol,BAFF/TNFSF13B,time1,30,27,-0.23686456564664204,"[-0.56, 0.14]",0.2160336415769446,0.9908428410913599,False
1-Monopalmitin,BAFF/TNFSF13B,time1,30,27,-0.0948077784792896,"[-0.45, 0.28]",0.6246987161373188,0.9908428410913599,False
"1,3-Dioxolane-2-methanol",BAFF/TNFSF13B,time1,30,27,0.03649023082549746,"[-0.33, 0.40]",0.8509358819527957,0.9959801770656903,False
"1,5-Anhydrohexitol",BAFF/TNFSF13B,time1,30,27,0.2963463109853247,"[-0.08, 0.60]",0.11852961716736571,0.9908428410913599,False
"11-Eicosenoic acid, (E)-",BAFF/TNFSF13B,time1,30,27,-0.13353335356220655,"[-0.48, 0.24]",0.48983553226352994,0.9908428410913599,False
2-Aminoadipic acid,BAFF/TNFSF13B,time1,30,27,-0.3599202632454196,"[-0.64, 0.01]",0.05513590623485347,0.9908428410913599,False
2-Aminoheptanedioic acid,BAFF/TNFSF13B,time1,30,27,-0.25075409150579364,"[-0.57, 0.13]",0.1895092658990779,0.9908428410913599,False
"2-Ethyl-3-hydroxypropionic acid, di-",BAFF/TNFSF13B,time1,30,27,-0.023292525601390217,"[-0.39, 0.35]",0.904536541619501,0.9959801770656903,False
2-Keto-3-methylvaleric acid,BAFF/TNFSF13B,time1,30,27,0.27722350214129965,"[-0.10, 0.58]",0.1454093829158888,0.9908428410913599,False
"2,3-Butanediol",BAFF/TNFSF13B,time1,30,27,-0.06346581836790785,"[-0.42, 0.31]",0.7436148472048605,0.9908428410913599,False
"2,3,4-Trihydroxybutyric acid",BAFF/TNFSF13B,time1,30,27,0.20203920196971198,"[-0.18, 0.53]",0.2932386531668153,0.9908428410913599,False
4-Aminobutanoic acid,BAFF/TNFSF13B,time1,30,27,-0.26434933724155135,"[-0.58, 0.11]",0.165825747734609,0.9908428410913599,False
"9-Hexadecenoic acid, (Z)-",BAFF/TNFSF13B,time1,30,27,0.20957712584195703,"[-0.17, 0.53]",0.27521265568481196,0.9908428410913599,False
"alpha-D-Glucopyranoside, methyl 2-(acetylamino)-2-deoxy-3-O-(trimethylsilyl)-, cyclic methylboronate",BAFF/TNFSF13B,time1,30,27,-0.02801575685689147,"[-0.39, 0.34]",0.8852942452659528,0.9959801770656903,False
Aminomalonic acid,BAFF/TNFSF13B,time1,30,27,-0.2139045339987559,"[-0.54, 0.17]",0.26519387544303913,0.9908428410913599,False
Arachidonic acid.1,BAFF/TNFSF13B,time1,30,27,0.015986553780170713,"[-0.35, 0.38]",0.934401461808559,0.9959801770656903,False
beta-Alanine,BAFF/TNFSF13B,time1,30,27,-0.12791776582719674,"[-0.47, 0.25]",0.5084313215146552,0.9908428410913599,False
beta-D-Xylopyranose,BAFF/TNFSF13B,time1,30,27,0.18946461450383975,"[-0.19, 0.52]",0.32493273423475943,0.9908428410913599,False
Butanoic acid,BAFF/TNFSF13B,time1,30,27,-0.5205878160319862,"[-0.74, -0.19]",0.003789073350113621,0.9908428410913599,False
Campesterol,BAFF/TNFSF13B,time1,30,27,-0.24230596203369134,"[-0.56, 0.14]",0.2053577467163349,0.9908428410913599,False
D-(-)-Ribofuranose,BAFF/TNFSF13B,time1,30,27,-0.23357460140668937,"[-0.55, 0.15]",0.22266811074950404,0.9908428410913599,False
"D-Arabinose, tetrakis(trimethylsilyl) ether, ethyloxime (isomer 1)",BAFF/TNFSF13B,time1,30,27,0.1711427541765901,"[-0.21, 0.51]",0.3747201789504201,0.9908428410913599,False
Diethanolamine,BAFF/TNFSF13B,time1,30,27,-0.06060166189873658,"[-0.42, 0.31]",0.754826356836712,0.9908428410913599,False
DL-Ornithine,BAFF/TNFSF13B,time1,30,27,-0.13262062872740696,"[-0.48, 0.25]",0.4928342848639464,0.9908428410913599,False
Doconexent,BAFF/TNFSF13B,time1,30,27,-0.25144975867386116,"[-0.57, 0.13]",0.1882432305451025,0.9908428410913599,False
Dodecanoic acid,BAFF/TNFSF13B,time1,30,27,0.10101556979350895,"[-0.28, 0.45]",0.6020923446112757,0.9908428410913599,False
Erythritol,BAFF/TNFSF13B,time1,30,27,-0.19555587849519548,"[-0.52, 0.18]",0.3093265661481656,0.9908428410913599,False
"Ethanolamine, 2TMS",BAFF/TNFSF13B,time1,30,27,-0.31765423702453044,"[-0.61, 0.06]",0.09311592759212585,0.9908428410913599,False
"Ethanolamine, 3TMS",BAFF/TNFSF13B,time1,30,27,0.11103429898590343,"[-0.27, 0.46]",0.5663642887526585,0.9908428410913599,False
Ethyl alpha-D-glucopyranoside,BAFF/TNFSF13B,time1,30,27,-0.302720555125028,"[-0.60, 0.07]",0.11044346804525615,0.9908428410913599,False
Glyceric acid,BAFF/TNFSF13B,time1,30,27,-0.06763416020626298,"[-0.42, 0.31]",0.7273899627405387,0.9908428410913599,False
Glycerol,BAFF/TNFSF13B,time1,30,27,-0.01194118575029323,"[-0.38, 0.36]",0.9509779925256312,0.9959801770656903,False
Glycolic acid,BAFF/TNFSF13B,time1,30,27,-0.3925221834280327,"[-0.66, -0.03]",0.03518832860131221,0.9908428410913599,False
L-(+)-Erythrulose,BAFF/TNFSF13B,time1,30,27,-0.3652254620431096,"[-0.65, 0.00]",0.05139292025542275,0.9908428410913599,False
L-5-Oxoproline,BAFF/TNFSF13B,time1,30,27,0.01132883730883952,"[-0.36, 0.38]",0.953489098923945,0.9959801770656903,False
L-Alanine,BAFF/TNFSF13B,time1,30,27,-0.0888786808873656,"[-0.44, 0.29]",0.646606134141971,0.9908428410913599,False
L-Aspartic acid,BAFF/TNFSF13B,time1,30,27,-0.16223751328764863,"[-0.50, 0.22]",0.4004395447783371,0.9908428410913599,False
L-Norvaline,BAFF/TNFSF13B,time1,30,27,-0.3199946187681051,"[-0.61, 0.05]",0.09059843421342816,0.9908428410913599,False
L-Proline,BAFF/TNFSF13B,time1,30,27,-0.4313749724481422,"[-0.69, -0.08]",0.01946726945519558,0.9908428410913599,False
L-Rhamnose,BAFF/TNFSF13B,time1,30,27,-0.17923024265787343,"[-0.51, 0.20]",0.35221984686975005,0.9908428410913599,False
Lactic Acid.1,BAFF/TNFSF13B,time1,30,27,0.09987479076154229,"[-0.28, 0.45]",0.6062204738379333,0.9908428410913599,False
Methyl galactoside,BAFF/TNFSF13B,time1,30,27,-0.03657840021294986,"[-0.40, 0.33]",0.8505797026901064,0.9959801770656903,False
N-Acetylglutamine,BAFF/TNFSF13B,time1,30,27,-0.0830400262015104,"[-0.44, 0.29]",0.6684656238368506,0.9908428410913599,False
Nonanoic acid,BAFF/TNFSF13B,time1,30,27,-0.3648725773867205,"[-0.65, 0.00]",0.05163549195139953,0.9908428410913599,False
Oxalic acid,BAFF/TNFSF13B,time1,30,27,0.08965481677455604,"[-0.29, 0.44]",0.6437213909845414,0.9908428410913599,False
Palmitelaidic acid,BAFF/TNFSF13B,time1,30,27,-0.10239511189754574,"[-0.45, 0.27]",0.5971162420834899,0.9908428410913599,False
1H-Indole-3-Acetic Acid,sCD30/TNFRSF8,time1,30,27,0.19886248280971666,"[-0.18, 0.53]",0.3010540250172813,0.9908428410913599,False
2-OH-Butanoic Acid,sCD30/TNFRSF8,time1,30,27,0.0325722004847938,"[-0.34, 0.39]",0.8667915885585953,0.9959801770656903,False
3-OH-Butanoic Acid,sCD30/TNFRSF8,time1,30,27,0.07707413457290037,"[-0.30, 0.43]",0.6910786166138516,0.9908428410913599,False
Alanine,sCD30/TNFRSF8,time1,30,27,0.004135148477616653,"[-0.36, 0.37]",0.9830151473917585,0.9959801770656903,False
Arachidonic acid,sCD30/TNFRSF8,time1,30,27,-0.008402739288564373,"[-0.37, 0.36]",0.9654939893848973,0.9959801770656903,False
Arginine [-NH3],sCD30/TNFRSF8,time1,30,27,0.03989182378438793,"[-0.33, 0.40]",0.8372158511474354,0.9959801770656903,False
Ascorbic Acid,sCD30/TNFRSF8,time1,30,27,0.29748256835277964,"[-0.08, 0.60]",0.11705705744873383,0.9908428410913599,False
Asparagine,sCD30/TNFRSF8,time1,30,27,0.046961208057398146,"[-0.33, 0.41]",0.8088553351368881,0.9959801770656903,False
Cholesterol,sCD30/TNFRSF8,time1,30,27,-0.08238850710859633,"[-0.44, 0.29]",0.670921801796757,0.9908428410913599,False
Citric acid,sCD30/TNFRSF8,time1,30,27,0.07917609064836627,"[-0.30, 0.43]",0.6830804976486918,0.9908428410913599,False
Cysteine,sCD30/TNFRSF8,time1,30,27,0.19363980329248856,"[-0.19, 0.52]",0.31418443113532885,0.9908428410913599,False
Decanoic acid,sCD30/TNFRSF8,time1,30,27,0.04276449155604962,"[-0.33, 0.40]",0.8256652863492306,0.9959801770656903,False
Glutamic Acid,sCD30/TNFRSF8,time1,30,27,-0.017361655830973335,"[-0.38, 0.35]",0.9287725275989014,0.9959801770656903,False
Glutamine [-H2O],sCD30/TNFRSF8,time1,30,27,0.14215092008556685,"[-0.24, 0.48]",0.46198539457531806,0.9908428410913599,False
Glyceraldehyde-3-P(MOX),sCD30/TNFRSF8,time1,30,27,0.10785541591930697,"[-0.27, 0.46]",0.5775962228958225,0.9908428410913599,False
Glycerol-3-P,sCD30/TNFRSF8,time1,30,27,-0.031816491041607387,"[-0.39, 0.34]",0.8698558555138802,0.9959801770656903,False
Glycine,sCD30/TNFRSF8,time1,30,27,0.3060771193561222,"[-0.07, 0.60]",0.10635427198673317,0.9908428410913599,False
Indole-3-Latic Acid,sCD30/TNFRSF8,time1,30,27,0.09345788121750426,"[-0.28, 0.44]",0.6296598825614558,0.9908428410913599,False
Indole-3-Propionic Acid,sCD30/TNFRSF8,time1,30,27,-0.06916589546996339,"[-0.42, 0.31]",0.7214562523550329,0.9908428410913599,False
Lactic Acid,sCD30/TNFRSF8,time1,30,27,0.04485124427462177,"[-0.33, 0.40]",0.8172968875771491,0.9959801770656903,False
Leucine,sCD30/TNFRSF8,time1,30,27,0.3537000863058618,"[-0.01, 0.64]",0.05979369521004603,0.9908428410913599,False
Linoleic Acid,sCD30/TNFRSF8,time1,30,27,-0.028235335058680068,"[-0.39, 0.34]",0.884401156181617,0.9959801770656903,False
Lysine,sCD30/TNFRSF8,time1,30,27,0.2192728496381294,"[-0.16, 0.54]",0.25309871569382103,0.9908428410913599,False
Methionine,sCD30/TNFRSF8,time1,30,27,0.40723682016864027,"[0.05, 0.67]",0.028335676120707753,0.9908428410913599,False
Oleic Acid,sCD30/TNFRSF8,time1,30,27,-0.22445268651294392,"[-0.55, 0.15]",0.24177724169782105,0.9908428410913599,False
Ornithine,sCD30/TNFRSF8,time1,30,27,0.09668329088934566,"[-0.28, 0.45]",0.6178323819237153,0.9908428410913599,False
Palmitic Acid,sCD30/TNFRSF8,time1,30,27,-0.20725044600516615,"[-0.53, 0.17]",0.280698734244329,0.9908428410913599,False
Phenylalanine,sCD30/TNFRSF8,time1,30,27,0.0775823303383392,"[-0.30, 0.43]",0.689141867031491,0.9908428410913599,False
Proline,sCD30/TNFRSF8,time1,30,27,0.4137207089058202,"[0.06, 0.68]",0.025682011958703087,0.9908428410913599,False
Serine,sCD30/TNFRSF8,time1,30,27,0.4922886066914918,"[0.15, 0.73]",0.006672462331275519,0.9908428410913599,False
Stearic Acid,sCD30/TNFRSF8,time1,30,27,-0.1145887682838527,"[-0.46, 0.26]",0.553923694408861,0.9908428410913599,False
Threonine,sCD30/TNFRSF8,time1,30,27,0.20887933881335286,"[-0.17, 0.53]",0.2768506690615553,0.9908428410913599,False
Tryptophan,sCD30/TNFRSF8,time1,30,27,-0.009491261894785694,"[-0.37, 0.36]",0.9610271127640533,0.9959801770656903,False
Tyrosine,sCD30/TNFRSF8,time1,30,27,-0.021195451341539856,"[-0.38, 0.35]",0.913097585220797,0.9959801770656903,False
Valine,sCD30/TNFRSF8,time1,30,27,0.4080572862233557,"[0.05, 0.67]",0.0279880658077346,0.9908428410913599,False
"(R*,R*)-2,3-Dihydroxybutanoic acid, tris(trimethylsilyl)-",sCD30/TNFRSF8,time1,30,27,0.25488789641157306,"[-0.12, 0.57]",0.18207261588259374,0.9908428410913599,False
1-Ethyl-1-tetradecyloxy-1-silacyclohexane,sCD30/TNFRSF8,time1,30,27,0.07518697600468119,"[-0.30, 0.43]",0.6982872541533685,0.9908428410913599,False
1-Heptadecanol,sCD30/TNFRSF8,time1,30,27,-0.1805863125357415,"[-0.51, 0.20]",0.34852780225350555,0.9908428410913599,False
1-Monooleoylglycerol,sCD30/TNFRSF8,time1,30,27,-0.06421320083997212,"[-0.42, 0.31]",0.740697590875967,0.9908428410913599,False
1-Monopalmitin,sCD30/TNFRSF8,time1,30,27,0.037464515749809225,"[-0.33, 0.40]",0.8470016557596438,0.9959801770656903,False
"1,3-Dioxolane-2-methanol",sCD30/TNFRSF8,time1,30,27,-0.07548360802499478,"[-0.43, 0.30]",0.6971524474846186,0.9908428410913599,False
"1,5-Anhydrohexitol",sCD30/TNFRSF8,time1,30,27,0.1384988141989875,"[-0.24, 0.48]",0.47368520055084196,0.9908428410913599,False
"11-Eicosenoic acid, (E)-",sCD30/TNFRSF8,time1,30,27,-0.007597789925696116,"[-0.37, 0.36]",0.9687978553097338,0.9959801770656903,False
2-Aminoadipic acid,sCD30/TNFRSF8,time1,30,27,0.1540810728645695,"[-0.23, 0.49]",0.4248495212567277,0.9908428410913599,False
2-Aminoheptanedioic acid,sCD30/TNFRSF8,time1,30,27,-0.3248222262157988,"[-0.62, 0.05]",0.08556895216186695,0.9908428410913599,False
"2-Ethyl-3-hydroxypropionic acid, di-",sCD30/TNFRSF8,time1,30,27,-0.17378102780689528,"[-0.51, 0.21]",0.367289906764352,0.9908428410913599,False
2-Keto-3-methylvaleric acid,sCD30/TNFRSF8,time1,30,27,0.19506018613959838,"[-0.18, 0.52]",0.3105787918978392,0.9908428410913599,False
"2,3-Butanediol",sCD30/TNFRSF8,time1,30,27,-0.24009052204942652,"[-0.56, 0.14]",0.20965985264741843,0.9908428410913599,False
"2,3,4-Trihydroxybutyric acid",sCD30/TNFRSF8,time1,30,27,-0.15980409723573435,"[-0.50, 0.22]",0.4076374618154748,0.9908428410913599,False
4-Aminobutanoic acid,sCD30/TNFRSF8,time1,30,27,-0.018536326199705445,"[-0.38, 0.35]",0.9239667043904898,0.9959801770656903,False
"9-Hexadecenoic acid, (Z)-",sCD30/TNFRSF8,time1,30,27,-0.23628275045437852,"[-0.55, 0.14]",0.2171970330636396,0.9908428410913599,False
"alpha-D-Glucopyranoside, methyl 2-(acetylamino)-2-deoxy-3-O-(trimethylsilyl)-, cyclic methylboronate",sCD30/TNFRSF8,time1,30,27,-0.09165887982141951,"[-0.44, 0.28]",0.6362961482997456,0.9908428410913599,False
Aminomalonic acid,sCD30/TNFRSF8,time1,30,27,0.2531636306217801,"[-0.12, 0.57]",0.1851493166977191,0.9908428410913599,False
Arachidonic acid.1,sCD30/TNFRSF8,time1,30,27,-0.2610022356555791,"[-0.57, 0.12]",0.17145115154439616,0.9908428410913599,False
beta-Alanine,sCD30/TNFRSF8,time1,30,27,0.12457940243284246,"[-0.25, 0.47]",0.5196491525038199,0.9908428410913599,False
beta-D-Xylopyranose,sCD30/TNFRSF8,time1,30,27,-0.16506520606822714,"[-0.50, 0.21]",0.3921665941760324,0.9908428410913599,False
Butanoic acid,sCD30/TNFRSF8,time1,30,27,-0.19805063525120384,"[-0.53, 0.18]",0.3030721269710362,0.9908428410913599,False
Campesterol,sCD30/TNFRSF8,time1,30,27,-0.1514036144814852,"[-0.49, 0.23]",0.4330373679953915,0.9908428410913599,False
D-(-)-Ribofuranose,sCD30/TNFRSF8,time1,30,27,-0.03045239816380904,"[-0.39, 0.34]",0.8753916488675475,0.9959801770656903,False
"D-Arabinose, tetrakis(trimethylsilyl) ether, ethyloxime (isomer 1)",sCD30/TNFRSF8,time1,30,27,0.1289186758836833,"[-0.25, 0.47]",0.5050914920257188,0.9908428410913599,False
Diethanolamine,sCD30/TNFRSF8,time1,30,27,0.2366211116196227,"[-0.14, 0.55]",0.2165199337059435,0.9908428410913599,False
DL-Ornithine,sCD30/TNFRSF8,time1,30,27,0.0038341038420944694,"[-0.36, 0.37]",0.9842515111747517,0.9959801770656903,False
Doconexent,sCD30/TNFRSF8,time1,30,27,-0.01372005592025995,"[-0.38, 0.35]",0.9436859251441376,0.9959801770656903,False
Dodecanoic acid,sCD30/TNFRSF8,time1,30,27,-0.21812614879846876,"[-0.54, 0.16]",0.2556513349178036,0.9908428410913599,False
Erythritol,sCD30/TNFRSF8,time1,30,27,0.04502404947023409,"[-0.33, 0.40]",0.8166047623488006,0.9959801770656903,False
"Ethanolamine, 2TMS",sCD30/TNFRSF8,time1,30,27,-0.17565176955390335,"[-0.51, 0.20]",0.3620741408539223,0.9908428410913599,False
"Ethanolamine, 3TMS",sCD30/TNFRSF8,time1,30,27,0.4366104962259714,"[0.08, 0.69]",0.017883324902091404,0.9908428410913599,False
Ethyl alpha-D-glucopyranoside,sCD30/TNFRSF8,time1,30,27,-0.26213318286184545,"[-0.57, 0.12]",0.1695355290589248,0.9908428410913599,False
Glyceric acid,sCD30/TNFRSF8,time1,30,27,0.2725051635382417,"[-0.10, 0.58]",0.15266945245674624,0.9908428410913599,False
Glycerol,sCD30/TNFRSF8,time1,30,27,-0.11656493537462463,"[-0.46, 0.26]",0.5470621957366202,0.9908428410913599,False
Glycolic acid,sCD30/TNFRSF8,time1,30,27,-0.18167707909924635,"[-0.51, 0.20]",0.3455749744163896,0.9908428410913599,False
L-(+)-Erythrulose,sCD30/TNFRSF8,time1,30,27,-0.07650114985291936,"[-0.43, 0.30]",0.6932645676318996,0.9908428410913599,False
L-5-Oxoproline,sCD30/TNFRSF8,time1,30,27,0.118949371273945,"[-0.26, 0.47]",0.538836350223483,0.9908428410913599,False
L-Alanine,sCD30/TNFRSF8,time1,30,27,0.09708021138924347,"[-0.28, 0.45]",0.6163832415593834,0.9908428410913599,False
L-Aspartic acid,sCD30/TNFRSF8,time1,30,27,0.1986477908414723,"[-0.18, 0.53]",0.3015868862873494,0.9908428410913599,False
L-Norvaline,sCD30/TNFRSF8,time1,30,27,-0.06763927811177489,"[-0.42, 0.31]",0.7273701108362416,0.9908428410913599,False
L-Proline,sCD30/TNFRSF8,time1,30,27,0.07712732287840585,"[-0.30, 0.43]",0.6908758247370717,0.9908428410913599,False
L-Rhamnose,sCD30/TNFRSF8,time1,30,27,0.0005197181146732133,"[-0.37, 0.37]",0.9978651420563966,0.9983149595259594,False
Lactic Acid.1,sCD30/TNFRSF8,time1,30,27,0.03931373398057297,"[-0.33, 0.40]",0.839544349101664,0.9959801770656903,False
Methyl galactoside,sCD30/TNFRSF8,time1,30,27,-0.09127633647702929,"[-0.44, 0.28]",0.6377108766427577,0.9908428410913599,False
N-Acetylglutamine,sCD30/TNFRSF8,time1,30,27,-0.20241730952823686,"[-0.53, 0.18]",0.292317065321023,0.9908428410913599,False
Nonanoic acid,sCD30/TNFRSF8,time1,30,27,0.1151273052586155,"[-0.26, 0.46]",0.5520498941565307,0.9908428410913599,False
Oxalic acid,sCD30/TNFRSF8,time1,30,27,0.11100384813672293,"[-0.27, 0.46]",0.5664714099695101,0.9908428410913599,False
Palmitelaidic acid,sCD30/TNFRSF8,time1,30,27,-0.23281236882826478,"[-0.55, 0.15]",0.2242246207297764,0.9908428410913599,False
1H-Indole-3-Acetic Acid,sCD163,time1,30,27,-0.055395809215309025,"[-0.41, 0.32]",0.7753280662657616,0.9908428410913599,False
2-OH-Butanoic Acid,sCD163,time1,30,27,-0.22852560698454696,"[-0.55, 0.15]",0.23311488648962847,0.9908428410913599,False
3-OH-Butanoic Acid,sCD163,time1,30,27,0.014394775632975844,"[-0.35, 0.38]",0.9409212001600435,0.9959801770656903,False
Alanine,sCD163,time1,30,27,0.27366306240097776,"[-0.10, 0.58]",0.1508641975144256,0.9908428410913599,False
Arachidonic acid,sCD163,time1,30,27,0.06581517262874,"[-0.31, 0.42]",0.7344564985765261,0.9908428410913599,False
Arginine [-NH3],sCD163,time1,30,27,-0.23864022129898216,"[-0.56, 0.14]",0.21250925135406823,0.9908428410913599,False
Ascorbic Acid,sCD163,time1,30,27,0.07165867287028634,"[-0.30, 0.43]",0.7118334654222318,0.9908428410913599,False
Asparagine,sCD163,time1,30,27,0.024217894027164632,"[-0.35, 0.39]",0.9007621097809555,0.9959801770656903,False
Cholesterol,sCD163,time1,30,27,-0.338128060260674,"[-0.63, 0.03]",0.07280627097888723,0.9908428410913599,False
Citric acid,sCD163,time1,30,27,-0.1482930585834658,"[-0.49, 0.23]",0.4426568047099181,0.9908428410913599,False
Cysteine,sCD163,time1,30,27,0.42876185087475066,"[0.07, 0.69]",0.02030003260541199,0.9908428410913599,False
Decanoic acid,sCD163,time1,30,27,0.035339476138566674,"[-0.34, 0.40]",0.8555872096477741,0.9959801770656903,False
Glutamic Acid,sCD163,time1,30,27,0.20419784137684366,"[-0.18, 0.53]",0.28800194330125256,0.9908428410913599,False
Glutamine [-H2O],sCD163,time1,30,27,-0.08835459570725922,"[-0.44, 0.29]",0.6485568956925205,0.9908428410913599,False
Glyceraldehyde-3-P(MOX),sCD163,time1,30,27,-0.09806296160375262,"[-0.45, 0.28]",0.6128013319123367,0.9908428410913599,False
Glycerol-3-P,sCD163,time1,30,27,0.10233818552188424,"[-0.27, 0.45]",0.5973212299813984,0.9908428410913599,False
Glycine,sCD163,time1,30,27,0.4377855760520778,"[0.08, 0.69]",0.017542857801011558,0.9908428410913599,False
Indole-3-Latic Acid,sCD163,time1,30,27,0.021392447708568543,"[-0.35, 0.38]",0.9122929524462828,0.9959801770656903,False
Indole-3-Propionic Acid,sCD163,time1,30,27,-0.03426676399169561,"[-0.40, 0.34]",0.8599273601890374,0.9959801770656903,False
Lactic Acid,sCD163,time1,30,27,-0.027958265583779094,"[-0.39, 0.34]",0.8855281019225507,0.9959801770656903,False
Leucine,sCD163,time1,30,27,0.09816211436208268,"[-0.28, 0.45]",0.6124404239953307,0.9908428410913599,False
Linoleic Acid,sCD163,time1,30,27,0.13709195597892126,"[-0.24, 0.48]",0.47823280653930766,0.9908428410913599,False
Lysine,sCD163,time1,30,27,0.1168567459726955,"[-0.26, 0.46]",0.5460523662299348,0.9908428410913599,False
Methionine,sCD163,time1,30,27,0.23133775154390862,"[-0.15, 0.55]",0.22725662979186317,0.9908428410913599,False
Oleic Acid,sCD163,time1,30,27,-0.018250239488976413,"[-0.38, 0.35]",0.9251369104984744,0.9959801770656903,False
Ornithine,sCD163,time1,30,27,0.0686368737512627,"[-0.31, 0.42]",0.7235038353345223,0.9908428410913599,False
Palmitic Acid,sCD163,time1,30,27,-0.038645847985842904,"[-0.40, 0.33]",0.8422361876997427,0.9959801770656903,False
Phenylalanine,sCD163,time1,30,27,0.173898926883703,"[-0.21, 0.51]",0.3669598980412514,0.9908428410913599,False
Proline,sCD163,time1,30,27,0.38143004344304626,"[0.02, 0.66]",0.04118826090627693,0.9908428410913599,False
Serine,sCD163,time1,30,27,0.2677638121547562,"[-0.11, 0.58]",0.16022332304180803,0.9908428410913599,False
Stearic Acid,sCD163,time1,30,27,-0.01428032724597934,"[-0.38, 0.35]",0.9413901163449714,0.9959801770656903,False
Threonine,sCD163,time1,30,27,0.10238048233410063,"[-0.27, 0.45]",0.597168919236958,0.9908428410913599,False
Tryptophan,sCD163,time1,30,27,-0.16772474576274557,"[-0.50, 0.21]",0.3844756173260365,0.9908428410913599,False
Tyrosine,sCD163,time1,30,27,0.13861268288254805,"[-0.24, 0.48]",0.47331810900487103,0.9908428410913599,False
Valine,sCD163,time1,30,27,0.1898133250932763,"[-0.19, 0.52]",0.3240265043697347,0.9908428410913599,False
"(R*,R*)-2,3-Dihydroxybutanoic acid, tris(trimethylsilyl)-",sCD163,time1,30,27,0.38272273163919324,"[0.02, 0.66]",0.04044961980073474,0.9908428410913599,False
1-Ethyl-1-tetradecyloxy-1-silacyclohexane,sCD163,time1,30,27,-0.1300887139431707,"[-0.47, 0.25]",0.5012011877333806,0.9908428410913599,False
1-Heptadecanol,sCD163,time1,30,27,-0.23071799573181045,"[-0.55, 0.15]",0.22853911786224118,0.9908428410913599,False
1-Monooleoylglycerol,sCD163,time1,30,27,-0.1628122971613626,"[-0.50, 0.22]",0.39874994745408576,0.9908428410913599,False
1-Monopalmitin,sCD163,time1,30,27,0.0818749859968321,"[-0.29, 0.44]",0.6728600790888375,0.9908428410913599,False
"1,3-Dioxolane-2-methanol",sCD163,time1,30,27,0.2054027563586716,"[-0.17, 0.53]",0.2851049402022892,0.9908428410913599,False
"1,5-Anhydrohexitol",sCD163,time1,30,27,0.05466866786504091,"[-0.32, 0.41]",0.7782038370789492,0.9908428410913599,False
"11-Eicosenoic acid, (E)-",sCD163,time1,30,27,-0.14251166567180795,"[-0.48, 0.24]",0.4608380388310528,0.9908428410913599,False
2-Aminoadipic acid,sCD163,time1,30,27,0.14852284005806904,"[-0.23, 0.49]",0.4419422853886953,0.9908428410913599,False
2-Aminoheptanedioic acid,sCD163,time1,30,27,-0.2407049303286137,"[-0.56, 0.14]",0.20846063235395765,0.9908428410913599,False
"2-Ethyl-3-hydroxypropionic acid, di-",sCD163,time1,30,27,0.02059106193029492,"[-0.35, 0.38]",0.9155667382680555,0.9959801770656903,False
2-Keto-3-methylvaleric acid,sCD163,time1,30,27,0.05208783101286157,"[-0.32, 0.41]",0.7884336964937259,0.9934709718618547,False
"2,3-Butanediol",sCD163,time1,30,27,0.038310331433215224,"[-0.33, 0.40]",0.8435891075084423,0.9959801770656903,False
"2,3,4-Trihydroxybutyric acid",sCD163,time1,30,27,-0.028765871111291294,"[-0.39, 0.34]",0.8822438838757951,0.9959801770656903,False
4-Aminobutanoic acid,sCD163,time1,30,27,0.011130658851544743,"[-0.36, 0.38]",0.9543018796617903,0.9959801770656903,False
"9-Hexadecenoic acid, (Z)-",sCD163,time1,30,27,-0.06878795265743584,"[-0.42, 0.31]",0.7229188920096696,0.9908428410913599,False
"alpha-D-Glucopyranoside, methyl 2-(acetylamino)-2-deoxy-3-O-(trimethylsilyl)-, cyclic methylboronate",sCD163,time1,30,27,0.17580985527620638,"[-0.20, 0.51]",0.3616354017645027,0.9908428410913599,False
Aminomalonic acid,sCD163,time1,30,27,0.1827681245674843,"[-0.20, 0.51]",0.34263648679978964,0.9908428410913599,False
Arachidonic acid.1,sCD163,time1,30,27,-0.23313939779624873,"[-0.55, 0.15]",0.22355591834601196,0.9908428410913599,False
beta-Alanine,sCD163,time1,30,27,0.06188494032010182,"[-0.31, 0.42]",0.749796889848755,0.9908428410913599,False
beta-D-Xylopyranose,sCD163,time1,30,27,0.018625128865648485,"[-0.35, 0.38]",0.9236034983384414,0.9959801770656903,False
Butanoic acid,sCD163,time1,30,27,-0.04603214935415567,"[-0.41, 0.33]",0.8125697910369407,0.9959801770656903,False
Campesterol,sCD163,time1,30,27,-0.14766699097724098,"[-0.49, 0.23]",0.444606757565025,0.9908428410913599,False
D-(-)-Ribofuranose,sCD163,time1,30,27,0.04309530116389501,"[-0.33, 0.40]",0.8243373858824441,0.9959801770656903,False
"D-Arabinose, tetrakis(trimethylsilyl) ether, ethyloxime (isomer 1)",sCD163,time1,30,27,0.15671431198930627,"[-0.22, 0.49]",0.41688082039809793,0.9908428410913599,False
Diethanolamine,sCD163,time1,30,27,0.5157968217826944,"[0.18, 0.74]",0.00418411172211791,0.9908428410913599,False
DL-Ornithine,sCD163,time1,30,27,-0.11477377228119093,"[-0.46, 0.26]",0.553279655407078,0.9908428410913599,False
Doconexent,sCD163,time1,30,27,0.14454629428078722,"[-0.23, 0.49]",0.4543951020040605,0.9908428410913599,False
Dodecanoic acid,sCD163,time1,30,27,-0.1998356871472103,"[-0.53, 0.18]",0.2986459734316025,0.9908428410913599,False
Erythritol,sCD163,time1,30,27,-0.21010622718745264,"[-0.54, 0.17]",0.27397478937462966,0.9908428410913599,False
"Ethanolamine, 2TMS",sCD163,time1,30,27,-0.045845066676845396,"[-0.41, 0.33]",0.8133182476395215,0.9959801770656903,False
"Ethanolamine, 3TMS",sCD163,time1,30,27,0.3697180451307624,"[0.00, 0.65]",0.048382662469215326,0.9908428410913599,False
Ethyl alpha-D-glucopyranoside,sCD163,time1,30,27,0.06285491120712515,"[-0.31, 0.42]",0.7460019828654441,0.9908428410913599,False
Glyceric acid,sCD163,time1,30,27,0.3632744289166069,"[-0.00, 0.64]",0.05274538405529778,0.9908428410913599,False
Glycerol,sCD163,time1,30,27,0.00708795202030354,"[-0.36, 0.37]",0.9708907188383653,0.9959801770656903,False
Glycolic acid,sCD163,time1,30,27,-0.059328168049056176,"[-0.42, 0.31]",0.7598271882083979,0.9908428410913599,False
L-(+)-Erythrulose,sCD163,time1,30,27,-0.11388295773309533,"[-0.46, 0.26]",0.5563839482442667,0.9908428410913599,False
L-5-Oxoproline,sCD163,time1,30,27,0.1169486155361814,"[-0.26, 0.46]",0.5457346261407898,0.9908428410913599,False
L-Alanine,sCD163,time1,30,27,0.21967142789908606,"[-0.16, 0.54]",0.2522153940094147,0.9908428410913599,False
L-Aspartic acid,sCD163,time1,30,27,0.177650068227634,"[-0.20, 0.51]",0.35655136933881115,0.9908428410913599,False
L-Norvaline,sCD163,time1,30,27,0.16612737271224334,"[-0.21, 0.50]",0.3890844789037292,0.9908428410913599,False
L-Proline,sCD163,time1,30,27,0.0728805343310988,"[-0.30, 0.43]",0.7071324113186738,0.9908428410913599,False
L-Rhamnose,sCD163,time1,30,27,-0.20814603141892538,"[-0.53, 0.17]",0.2785788027807413,0.9908428410913599,False
Lactic Acid.1,sCD163,time1,30,27,-0.16286678028210594,"[-0.50, 0.22]",0.3985900027642252,0.9908428410913599,False
Methyl galactoside,sCD163,time1,30,27,0.16090640652620444,"[-0.22, 0.50]",0.40436792137301814,0.9908428410913599,False
N-Acetylglutamine,sCD163,time1,30,27,-0.08735348361748634,"[-0.44, 0.29]",0.6522895781506004,0.9908428410913599,False
Nonanoic acid,sCD163,time1,30,27,0.19597891910590273,"[-0.18, 0.52]",0.3082603666956538,0.9908428410913599,False
Oxalic acid,sCD163,time1,30,27,0.07789765687900636,"[-0.30, 0.43]",0.6879411123342056,0.9908428410913599,False
Palmitelaidic acid,sCD163,time1,30,27,-0.24378029852269723,"[-0.56, 0.13]",0.2025285356330551,0.9908428410913599,False
1H-Indole-3-Acetic Acid,Chitinase 3-like1,time1,30,27,0.21496925048141097,"[-0.16, 0.54]",0.26276566655849093,0.9908428410913599,False
2-OH-Butanoic Acid,Chitinase 3-like1,time1,30,27,-0.022825911491697864,"[-0.39, 0.35]",0.9064405639560422,0.9959801770656903,False
3-OH-Butanoic Acid,Chitinase 3-like1,time1,30,27,-0.05795369221302296,"[-0.42, 0.32]",0.7652352026261469,0.9908428410913599,False
Alanine,Chitinase 3-like1,time1,30,27,-0.07126025115723111,"[-0.43, 0.30]",0.7133686203694052,0.9908428410913599,False
Arachidonic acid,Chitinase 3-like1,time1,30,27,0.09936613675746031,"[-0.28, 0.45]",0.6080649768048235,0.9908428410913599,False
Arginine [-NH3],Chitinase 3-like1,time1,30,27,0.052559434952749444,"[-0.32, 0.41]",0.7865617383903463,0.9927794791289553,False
Ascorbic Acid,Chitinase 3-like1,time1,30,27,0.13250806262177534,"[-0.25, 0.48]",0.49320476180779027,0.9908428410913599,False
Asparagine,Chitinase 3-like1,time1,30,27,0.27053418315683875,"[-0.11, 0.58]",0.1557779239652743,0.9908428410913599,False
Cholesterol,Chitinase 3-like1,time1,30,27,-0.12298042109812486,"[-0.47, 0.26]",0.5250644850745669,0.9908428410913599,False
Citric acid,Chitinase 3-like1,time1,30,27,0.2758695032382427,"[-0.10, 0.58]",0.14746674863118908,0.9908428410913599,False
Cysteine,Chitinase 3-like1,time1,30,27,0.17800149174126986,"[-0.20, 0.51]",0.3555853322431949,0.9908428410913599,False
Decanoic acid,Chitinase 3-like1,time1,30,27,0.14761970175476777,"[-0.23, 0.49]",0.4447542322660254,0.9908428410913599,False
Glutamic Acid,Chitinase 3-like1,time1,30,27,-0.11599858321859073,"[-0.46, 0.26]",0.5490245782578298,0.9908428410913599,False
Glutamine [-H2O],Chitinase 3-like1,time1,30,27,0.10500259920449481,"[-0.27, 0.45]",0.587759422037167,0.9908428410913599,False
Glyceraldehyde-3-P(MOX),Chitinase 3-like1,time1,30,27,0.11324707326664,"[-0.26, 0.46]",0.5586047537744765,0.9908428410913599,False
Glycerol-3-P,Chitinase 3-like1,time1,30,27,-0.15702345240388757,"[-0.50, 0.22]",0.41595078794283635,0.9908428410913599,False
Glycine,Chitinase 3-like1,time1,30,27,0.23240558310780207,"[-0.15, 0.55]",0.22505828819602686,0.9908428410913599,False
Indole-3-Latic Acid,Chitinase 3-like1,time1,30,27,0.21864554156393667,"[-0.16, 0.54]",0.25449305563305025,0.9908428410913599,False
Indole-3-Propionic Acid,Chitinase 3-like1,time1,30,27,0.16997594985839853,"[-0.21, 0.51]",0.37803403676008895,0.9908428410913599,False
Lactic Acid,Chitinase 3-like1,time1,30,27,0.19850620889056142,"[-0.18, 0.53]",0.3019386137499215,0.9908428410913599,False
Leucine,Chitinase 3-like1,time1,30,27,-0.06842603351574308,"[-0.42, 0.31]",0.7243204156447575,0.9908428410913599,False
Linoleic Acid,Chitinase 3-like1,time1,30,27,0.0812741279186938,"[-0.29, 0.43]",0.6751306129924095,0.9908428410913599,False
Lysine,Chitinase 3-like1,time1,30,27,0.16830984851521694,"[-0.21, 0.50]",0.38279535012862,0.9908428410913599,False
Methionine,Chitinase 3-like1,time1,30,27,0.172078208266372,"[-0.21, 0.51]",0.37207565797833286,0.9908428410913599,False
Oleic Acid,Chitinase 3-like1,time1,30,27,-0.06065767107294861,"[-0.42, 0.31]",0.7546066374281525,0.9908428410913599,False
Ornithine,Chitinase 3-like1,time1,30,27,0.3783788622859346,"[0.01, 0.65]",0.04297445702871683,0.9908428410913599,False
Palmitic Acid,Chitinase 3-like1,time1,30,27,-0.004957607172471363,"[-0.37, 0.36]",0.9796375864250635,0.9959801770656903,False
Phenylalanine,Chitinase 3-like1,time1,30,27,0.294285926686222,"[-0.08, 0.60]",0.1212346884345223,0.9908428410913599,False
Proline,Chitinase 3-like1,time1,30,27,0.25597983428533533,"[-0.12, 0.57]",0.1801428088728287,0.9908428410913599,False
Serine,Chitinase 3-like1,time1,30,27,0.25715152324717283,"[-0.12, 0.57]",0.17808804524295346,0.9908428410913599,False
Stearic Acid,Chitinase 3-like1,time1,30,27,0.036794931457998524,"[-0.33, 0.40]",0.8497051001720627,0.9959801770656903,False
Threonine,Chitinase 3-like1,time1,30,27,0.19678227698763617,"[-0.18, 0.53]",0.30624196390912933,0.9908428410913599,False
Tryptophan,Chitinase 3-like1,time1,30,27,-0.014201992298376633,"[-0.38, 0.35]",0.9417110801536107,0.9959801770656903,False
Tyrosine,Chitinase 3-like1,time1,30,27,0.10731281324009839,"[-0.27, 0.46]",0.5795232311915932,0.9908428410913599,False
Valine,Chitinase 3-like1,time1,30,27,-0.025209386113872138,"[-0.39, 0.34]",0.8967203195123356,0.9959801770656903,False
"(R*,R*)-2,3-Dihydroxybutanoic acid, tris(trimethylsilyl)-",Chitinase 3-like1,time1,30,27,-0.06328856563587534,"[-0.42, 0.31]",0.7443072286476256,0.9908428410913599,False
1-Ethyl-1-tetradecyloxy-1-silacyclohexane,Chitinase 3-like1,time1,30,27,-0.0007841479605604343,"[-0.37, 0.37]",0.9967789421796316,0.9983149595259594,False
1-Heptadecanol,Chitinase 3-like1,time1,30,27,-0.21252756703147674,"[-0.54, 0.17]",0.26835575782374615,0.9908428410913599,False
1-Monooleoylglycerol,Chitinase 3-like1,time1,30,27,-0.05159976144801022,"[-0.41, 0.32]",0.7903722263827071,0.9934709718618547,False
1-Monopalmitin,Chitinase 3-like1,time1,30,27,0.019254727581809888,"[-0.35, 0.38]",0.9210288522368669,0.9959801770656903,False
"1,3-Dioxolane-2-methanol",Chitinase 3-like1,time1,30,27,-0.1161344136511427,"[-0.46, 0.26]",0.5485536339845176,0.9908428410913599,False
"1,5-Anhydrohexitol",Chitinase 3-like1,time1,30,27,-0.13261991806853565,"[-0.48, 0.25]",0.4928366233391801,0.9908428410913599,False
"11-Eicosenoic acid, (E)-",Chitinase 3-like1,time1,30,27,-0.12111880378565226,"[-0.47, 0.26]",0.5314034219093913,0.9908428410913599,False
2-Aminoadipic acid,Chitinase 3-like1,time1,30,27,-0.05406542532333154,"[-0.41, 0.32]",0.7805917786645423,0.9908428410913599,False
2-Aminoheptanedioic acid,Chitinase 3-like1,time1,30,27,-0.3352310500183612,"[-0.62, 0.04]",0.07545137993322368,0.9908428410913599,False
"2-Ethyl-3-hydroxypropionic acid, di-",Chitinase 3-like1,time1,30,27,-0.17757852087045473,"[-0.51, 0.20]",0.35674823863215155,0.9908428410913599,False
2-Keto-3-methylvaleric acid,Chitinase 3-like1,time1,30,27,-0.09691691172057346,"[-0.45, 0.28]",0.6169792716190896,0.9908428410913599,False
"2,3-Butanediol",Chitinase 3-like1,time1,30,27,-0.09754934653633882,"[-0.45, 0.28]",0.6146722651708634,0.9908428410913599,False
"2,3,4-Trihydroxybutyric acid",Chitinase 3-like1,time1,30,27,-0.02315794896440667,"[-0.39, 0.35]",0.9050856299266995,0.9959801770656903,False
4-Aminobutanoic acid,Chitinase 3-like1,time1,30,27,-0.30401858127778997,"[-0.60, 0.07]",0.10884846537610102,0.9908428410913599,False
"9-Hexadecenoic acid, (Z)-",Chitinase 3-like1,time1,30,27,-0.14356985060622282,"[-0.48, 0.24]",0.4574811538288166,0.9908428410913599,False
"alpha-D-Glucopyranoside, methyl 2-(acetylamino)-2-deoxy-3-O-(trimethylsilyl)-, cyclic methylboronate",Chitinase 3-like1,time1,30,27,-0.059111985919140055,"[-0.42, 0.31]",0.7606770522342237,0.9908428410913599,False
Aminomalonic acid,Chitinase 3-like1,time1,30,27,0.05487380262033994,"[-0.32, 0.41]",0.7773922578308329,0.9908428410913599,False
Arachidonic acid.1,Chitinase 3-like1,time1,30,27,-0.4423239391253651,"[-0.70, -0.09]",0.016277800529035436,0.9908428410913599,False
beta-Alanine,Chitinase 3-like1,time1,30,27,0.10254588015193433,"[-0.27, 0.45]",0.5965734820189887,0.9908428410913599,False
beta-D-Xylopyranose,Chitinase 3-like1,time1,30,27,0.060684645950315745,"[-0.31, 0.42]",0.7545008238725048,0.9908428410913599,False
Butanoic acid,Chitinase 3-like1,time1,30,27,-0.17437122890956896,"[-0.51, 0.21]",0.3656396366115243,0.9908428410913599,False
Campesterol,Chitinase 3-like1,time1,30,27,-0.41171488739289547,"[-0.68, -0.05]",0.026480337945356487,0.9908428410913599,False
D-(-)-Ribofuranose,Chitinase 3-like1,time1,30,27,-0.10813326975915305,"[-0.46, 0.27]",0.5766105509639592,0.9908428410913599,False
"D-Arabinose, tetrakis(trimethylsilyl) ether, ethyloxime (isomer 1)",Chitinase 3-like1,time1,30,27,-0.020368870478989127,"[-0.38, 0.35]",0.9164746664898125,0.9959801770656903,False
Diethanolamine,Chitinase 3-like1,time1,30,27,-0.019042196193128694,"[-0.38, 0.35]",0.9218978803200085,0.9959801770656903,False
DL-Ornithine,Chitinase 3-like1,time1,30,27,0.06048343626637173,"[-0.31, 0.42]",0.7552902077438935,0.9908428410913599,False
Doconexent,Chitinase 3-like1,time1,30,27,-0.07925072183087531,"[-0.43, 0.30]",0.6827971295695648,0.9908428410913599,False
Dodecanoic acid,Chitinase 3-like1,time1,30,27,-0.17367952761777386,"[-0.51, 0.21]",0.3675741533781478,0.9908428410913599,False
Erythritol,Chitinase 3-like1,time1,30,27,0.044726036883299014,"[-0.33, 0.40]",0.8177984564584012,0.9959801770656903,False
"Ethanolamine, 2TMS",Chitinase 3-like1,time1,30,27,-0.3044656285527263,"[-0.60, 0.07]",0.10830313498997832,0.9908428410913599,False
"Ethanolamine, 3TMS",Chitinase 3-like1,time1,30,27,-0.006357060746302545,"[-0.37, 0.36]",0.9738913237285938,0.9959801770656903,False
Ethyl alpha-D-glucopyranoside,Chitinase 3-like1,time1,30,27,-0.1662132548118147,"[-0.50, 0.21]",0.3888358818645917,0.9908428410913599,False
Glyceric acid,Chitinase 3-like1,time1,30,27,-0.08402312885936553,"[-0.44, 0.29]",0.6647657356905667,0.9908428410913599,False
Glycerol,Chitinase 3-like1,time1,30,27,-0.2529298491979013,"[-0.57, 0.13]",0.18556924036823724,0.9908428410913599,False
Glycolic acid,Chitinase 3-like1,time1,30,27,-0.29759419040865415,"[-0.60, 0.08]",0.11691313225787896,0.9908428410913599,False
L-(+)-Erythrulose,Chitinase 3-like1,time1,30,27,-0.20618152056512962,"[-0.53, 0.17]",0.2832424651063585,0.9908428410913599,False
L-5-Oxoproline,Chitinase 3-like1,time1,30,27,0.013577492228830847,"[-0.35, 0.38]",0.9442701757093499,0.9959801770656903,False
L-Alanine,Chitinase 3-like1,time1,30,27,0.07599191260115855,"[-0.30, 0.43]",0.6952093444386366,0.9908428410913599,False
L-Aspartic acid,Chitinase 3-like1,time1,30,27,0.0026403166775414402,"[-0.36, 0.37]",0.9891546138338749,0.9959809696125191,False
L-Norvaline,Chitinase 3-like1,time1,30,27,-0.2756995986110803,"[-0.58, 0.10]",0.14772638820209363,0.9908428410913599,False
L-Proline,Chitinase 3-like1,time1,30,27,-0.140112032397156,"[-0.48, 0.24]",0.4684982815745041,0.9908428410913599,False
L-Rhamnose,Chitinase 3-like1,time1,30,27,-0.25571502970969734,"[-0.57, 0.12]",0.18060948217427938,0.9908428410913599,False
Lactic Acid.1,Chitinase 3-like1,time1,30,27,0.13344672493940746,"[-0.25, 0.48]",0.49011975176107103,0.9908428410913599,False
Methyl galactoside,Chitinase 3-like1,time1,30,27,-0.15591722316765663,"[-0.49, 0.22]",0.41928414794936175,0.9908428410913599,False
N-Acetylglutamine,Chitinase 3-like1,time1,30,27,-0.18057903317329144,"[-0.51, 0.20]",0.3485475589492193,0.9908428410913599,False
Nonanoic acid,Chitinase 3-like1,time1,30,27,-0.031157624912535525,"[-0.39, 0.34]",0.8725289465703553,0.9959801770656903,False
Oxalic acid,Chitinase 3-like1,time1,30,27,-0.017193121592927952,"[-0.38, 0.35]",0.929462241529564,0.9959801770656903,False
Palmitelaidic acid,Chitinase 3-like1,time1,30,27,-0.15471521996453924,"[-0.49, 0.22]",0.42292283551597765,0.9908428410913599,False
1H-Indole-3-Acetic Acid,gp130/sIL-6Rb,time1,30,27,0.23611982878937307,"[-0.14, 0.55]",0.2175235696693661,0.9908428410913599,False
2-OH-Butanoic Acid,gp130/sIL-6Rb,time1,30,27,-0.07678666490100448,"[-0.43, 0.30]",0.6921750182585906,0.9908428410913599,False
3-OH-Butanoic Acid,gp130/sIL-6Rb,time1,30,27,0.08964258334823441,"[-0.29, 0.44]",0.6437668210904328,0.9908428410913599,False
Alanine,gp130/sIL-6Rb,time1,30,27,0.18509878452320996,"[-0.19, 0.52]",0.33641003151899385,0.9908428410913599,False
Arachidonic acid,gp130/sIL-6Rb,time1,30,27,-0.060911616675146545,"[-0.42, 0.31]",0.7536106648163189,0.9908428410913599,False
Arginine [-NH3],gp130/sIL-6Rb,time1,30,27,-0.12837545835233338,"[-0.47, 0.25]",0.5069027424249211,0.9908428410913599,False
Ascorbic Acid,gp130/sIL-6Rb,time1,30,27,-0.07821688509121548,"[-0.43, 0.30]",0.6867262556444111,0.9908428410913599,False
Asparagine,gp130/sIL-6Rb,time1,30,27,0.27348216472992826,"[-0.10, 0.58]",0.15114521517263357,0.9908428410913599,False
Cholesterol,gp130/sIL-6Rb,time1,30,27,-0.22542050163920585,"[-0.55, 0.15]",0.23969979618674986,0.9908428410913599,False
Citric acid,gp130/sIL-6Rb,time1,30,27,0.20390659806216935,"[-0.18, 0.53]",0.288704985371097,0.9908428410913599,False
Cysteine,gp130/sIL-6Rb,time1,30,27,0.3426251041268474,"[-0.03, 0.63]",0.06884270773768617,0.9908428410913599,False
Decanoic acid,gp130/sIL-6Rb,time1,30,27,0.19833040816778233,"[-0.18, 0.53]",0.3023757079826146,0.9908428410913599,False
Glutamic Acid,gp130/sIL-6Rb,time1,30,27,0.08639616841405795,"[-0.29, 0.44]",0.655866663485811,0.9908428410913599,False
Glutamine [-H2O],gp130/sIL-6Rb,time1,30,27,0.0061114430164816765,"[-0.36, 0.37]",0.9748997642940707,0.9959801770656903,False
Glyceraldehyde-3-P(MOX),gp130/sIL-6Rb,time1,30,27,-0.029907034389093364,"[-0.39, 0.34]",0.8776064819027052,0.9959801770656903,False
Glycerol-3-P,gp130/sIL-6Rb,time1,30,27,0.011753181741225594,"[-0.36, 0.38]",0.9517489079064776,0.9959801770656903,False
Glycine,gp130/sIL-6Rb,time1,30,27,0.21849850212714308,"[-0.16, 0.54]",0.2548206130503897,0.9908428410913599,False
Indole-3-Latic Acid,gp130/sIL-6Rb,time1,30,27,0.2733315215646329,"[-0.10, 0.58]",0.1513795204614752,0.9908428410913599,False
Indole-3-Propionic Acid,gp130/sIL-6Rb,time1,30,27,0.22905656489580933,"[-0.15, 0.55]",0.23200113599404365,0.9908428410913599,False
Lactic Acid,gp130/sIL-6Rb,time1,30,27,0.23955823294799636,"[-0.14, 0.56]",0.2107025916444101,0.9908428410913599,False
Leucine,gp130/sIL-6Rb,time1,30,27,-0.02207650855360579,"[-0.39, 0.35]",0.9094995655464512,0.9959801770656903,False
Linoleic Acid,gp130/sIL-6Rb,time1,30,27,0.20066079995581176,"[-0.18, 0.53]",0.29661388102324404,0.9908428410913599,False
Lysine,gp130/sIL-6Rb,time1,30,27,0.18210266026406768,"[-0.20, 0.51]",0.3444269694830455,0.9908428410913599,False
Methionine,gp130/sIL-6Rb,time1,30,27,0.18193590325870648,"[-0.20, 0.51]",0.34487652263243496,0.9908428410913599,False
Oleic Acid,gp130/sIL-6Rb,time1,30,27,-0.0710969055493252,"[-0.43, 0.30]",0.7139983227612372,0.9908428410913599,False
Ornithine,gp130/sIL-6Rb,time1,30,27,0.07535571893212839,"[-0.30, 0.43]",0.6976416266374277,0.9908428410913599,False
Palmitic Acid,gp130/sIL-6Rb,time1,30,27,-0.05497991100913553,"[-0.41, 0.32]",0.7769725486547223,0.9908428410913599,False
Phenylalanine,gp130/sIL-6Rb,time1,30,27,0.34657006101630206,"[-0.02, 0.63]",0.06550525433358972,0.9908428410913599,False
Proline,gp130/sIL-6Rb,time1,30,27,0.25288238767097737,"[-0.13, 0.57]",0.18565457291260515,0.9908428410913599,False
Serine,gp130/sIL-6Rb,time1,30,27,0.2053938738295968,"[-0.17, 0.53]",0.28512622840637575,0.9908428410913599,False
Stearic Acid,gp130/sIL-6Rb,time1,30,27,0.05951690113259084,"[-0.31, 0.42]",0.7590854565137922,0.9908428410913599,False
Threonine,gp130/sIL-6Rb,time1,30,27,0.19148128432721562,"[-0.19, 0.52]",0.31971331271144404,0.9908428410913599,False
Tryptophan,gp130/sIL-6Rb,time1,30,27,-0.006733571724071702,"[-0.37, 0.36]",0.9723455475174683,0.9959801770656903,False
Tyrosine,gp130/sIL-6Rb,time1,30,27,0.34785615022299643,"[-0.02, 0.63]",0.06444485092985575,0.9908428410913599,False
Valine,gp130/sIL-6Rb,time1,30,27,0.06493629393207714,"[-0.31, 0.42]",0.737878485957187,0.9908428410913599,False
"(R*,R*)-2,3-Dihydroxybutanoic acid, tris(trimethylsilyl)-",gp130/sIL-6Rb,time1,30,27,0.18293177832615082,"[-0.20, 0.51]",0.342197025193963,0.9908428410913599,False
1-Ethyl-1-tetradecyloxy-1-silacyclohexane,gp130/sIL-6Rb,time1,30,27,-0.06250938972069955,"[-0.42, 0.31]",0.7473531374642219,0.9908428410913599,False
1-Heptadecanol,gp130/sIL-6Rb,time1,30,27,-0.2236134678072739,"[-0.55, 0.16]",0.24358829561689432,0.9908428410913599,False
1-Monooleoylglycerol,gp130/sIL-6Rb,time1,30,27,-0.15533820208245785,"[-0.49, 0.22]",0.421034780168424,0.9908428410913599,False
1-Monopalmitin,gp130/sIL-6Rb,time1,30,27,0.11097434494681431,"[-0.27, 0.46]",0.5665752062147158,0.9908428410913599,False
"1,3-Dioxolane-2-methanol",gp130/sIL-6Rb,time1,30,27,-0.07895131919883405,"[-0.43, 0.30]",0.6839341895698166,0.9908428410913599,False
"1,5-Anhydrohexitol",gp130/sIL-6Rb,time1,30,27,0.06861463225449389,"[-0.31, 0.42]",0.7235899622499897,0.9908428410913599,False
"11-Eicosenoic acid, (E)-",gp130/sIL-6Rb,time1,30,27,-0.16220550300285322,"[-0.50, 0.22]",0.40053375924410084,0.9908428410913599,False
2-Aminoadipic acid,gp130/sIL-6Rb,time1,30,27,0.1977134329596954,"[-0.18, 0.53]",0.3039128362100143,0.9908428410913599,False
2-Aminoheptanedioic acid,gp130/sIL-6Rb,time1,30,27,-0.24940437675371535,"[-0.56, 0.13]",0.19198244511498475,0.9908428410913599,False
"2-Ethyl-3-hydroxypropionic acid, di-",gp130/sIL-6Rb,time1,30,27,-0.10951142464000087,"[-0.46, 0.27]",0.571732714507633,0.9908428410913599,False
2-Keto-3-methylvaleric acid,gp130/sIL-6Rb,time1,30,27,-0.30121216307718884,"[-0.60, 0.07]",0.11231875954396496,0.9908428410913599,False
"2,3-Butanediol",gp130/sIL-6Rb,time1,30,27,-0.18911478029750328,"[-0.52, 0.19]",0.32584344556533185,0.9908428410913599,False
"2,3,4-Trihydroxybutyric acid",gp130/sIL-6Rb,time1,30,27,-0.24746545413374732,"[-0.56, 0.13]",0.1955743042793233,0.9908428410913599,False
4-Aminobutanoic acid,gp130/sIL-6Rb,time1,30,27,-0.3954073415821163,"[-0.67, -0.03]",0.03374901138060744,0.9908428410913599,False
"9-Hexadecenoic acid, (Z)-",gp130/sIL-6Rb,time1,30,27,-0.24855661174888793,"[-0.56, 0.13]",0.193547260799552,0.9908428410913599,False
"alpha-D-Glucopyranoside, methyl 2-(acetylamino)-2-deoxy-3-O-(trimethylsilyl)-, cyclic methylboronate",gp130/sIL-6Rb,time1,30,27,-0.2720839778798759,"[-0.58, 0.10]",0.15332994265493277,0.9908428410913599,False
Aminomalonic acid,gp130/sIL-6Rb,time1,30,27,-0.14117693225245825,"[-0.48, 0.24]",0.46509067242128044,0.9908428410913599,False
Arachidonic acid.1,gp130/sIL-6Rb,time1,30,27,-0.4105273179415894,"[-0.68, -0.05]",0.026962443276424126,0.9908428410913599,False
beta-Alanine,gp130/sIL-6Rb,time1,30,27,-0.22048020292087028,"[-0.54, 0.16]",0.2504292376453402,0.9908428410913599,False
beta-D-Xylopyranose,gp130/sIL-6Rb,time1,30,27,0.153126191614878,"[-0.23, 0.49]",0.42775977506342366,0.9908428410913599,False
Butanoic acid,gp130/sIL-6Rb,time1,30,27,-0.0820229115824426,"[-0.44, 0.29]",0.6723015254004446,0.9908428410913599,False
Campesterol,gp130/sIL-6Rb,time1,30,27,-0.33769024408269516,"[-0.63, 0.03]",0.07320136115318295,0.9908428410913599,False
D-(-)-Ribofuranose,gp130/sIL-6Rb,time1,30,27,-0.056787972847050394,"[-0.41, 0.32]",0.769830330053585,0.9908428410913599,False
"D-Arabinose, tetrakis(trimethylsilyl) ether, ethyloxime (isomer 1)",gp130/sIL-6Rb,time1,30,27,0.21535498233958328,"[-0.16, 0.54]",0.26188954497660066,0.9908428410913599,False
Diethanolamine,gp130/sIL-6Rb,time1,30,27,0.20316647812000757,"[-0.18, 0.53]",0.2904964899785534,0.9908428410913599,False
DL-Ornithine,gp130/sIL-6Rb,time1,30,27,0.10905854749433669,"[-0.27, 0.46]",0.5733335835294132,0.9908428410913599,False
Doconexent,gp130/sIL-6Rb,time1,30,27,0.03293243385009263,"[-0.34, 0.39]",0.86533156808839,0.9959801770656903,False
Dodecanoic acid,gp130/sIL-6Rb,time1,30,27,-0.06156286345027543,"[-0.42, 0.31]",0.7510582502851828,0.9908428410913599,False
Erythritol,gp130/sIL-6Rb,time1,30,27,0.09603978728622209,"[-0.28, 0.45]",0.6201847684824593,0.9908428410913599,False
"Ethanolamine, 2TMS",gp130/sIL-6Rb,time1,30,27,-0.07091974221569072,"[-0.43, 0.30]",0.7146815006597733,0.9908428410913599,False
"Ethanolamine, 3TMS",gp130/sIL-6Rb,time1,30,27,-0.013490772619764958,"[-0.38, 0.35]",0.9446255814568134,0.9959801770656903,False
Ethyl alpha-D-glucopyranoside,gp130/sIL-6Rb,time1,30,27,0.009781809988910999,"[-0.36, 0.37]",0.9598350051467719,0.9959801770656903,False
Glyceric acid,gp130/sIL-6Rb,time1,30,27,-0.1457099218617701,"[-0.49, 0.23]",0.4507319561164259,0.9908428410913599,False
Glycerol,gp130/sIL-6Rb,time1,30,27,-0.12798813405957885,"[-0.47, 0.25]",0.5081961609318089,0.9908428410913599,False
Glycolic acid,gp130/sIL-6Rb,time1,30,27,-0.33841772062238573,"[-0.63, 0.03]",0.07254578409243909,0.9908428410913599,False
L-(+)-Erythrulose,gp130/sIL-6Rb,time1,30,27,0.08908708132066717,"[-0.29, 0.44]",0.645831056696416,0.9908428410913599,False
L-5-Oxoproline,gp130/sIL-6Rb,time1,30,27,-0.08107770604827609,"[-0.43, 0.29]",0.6758734621029565,0.9908428410913599,False
L-Alanine,gp130/sIL-6Rb,time1,30,27,-0.013545223937805382,"[-0.38, 0.35]",0.9444024206597323,0.9959801770656903,False
L-Aspartic acid,gp130/sIL-6Rb,time1,30,27,0.0662648412332675,"[-0.31, 0.42]",0.7327075932154892,0.9908428410913599,False
L-Norvaline,gp130/sIL-6Rb,time1,30,27,0.16077714044203048,"[-0.22, 0.50]",0.40475056744726745,0.9908428410913599,False
L-Proline,gp130/sIL-6Rb,time1,30,27,0.025961040924985322,"[-0.34, 0.39]",0.8936578976917611,0.9959801770656903,False
L-Rhamnose,gp130/sIL-6Rb,time1,30,27,-0.22273073585137199,"[-0.54, 0.16]",0.24550292757980807,0.9908428410913599,False
Lactic Acid.1,gp130/sIL-6Rb,time1,30,27,-0.09192303397031758,"[-0.44, 0.28]",0.6353199782910572,0.9908428410913599,False
Methyl galactoside,gp130/sIL-6Rb,time1,30,27,0.034628032820405316,"[-0.34, 0.40]",0.8584652287161012,0.9959801770656903,False
N-Acetylglutamine,gp130/sIL-6Rb,time1,30,27,-0.0725367754444261,"[-0.43, 0.30]",0.7084539515535548,0.9908428410913599,False
Nonanoic acid,gp130/sIL-6Rb,time1,30,27,0.14580019277450149,"[-0.23, 0.49]",0.45044844053065747,0.9908428410913599,False
Oxalic acid,gp130/sIL-6Rb,time1,30,27,0.09694320984236252,"[-0.28, 0.45]",0.616883269592364,0.9908428410913599,False
Palmitelaidic acid,gp130/sIL-6Rb,time1,30,27,-0.18046206835749767,"[-0.51, 0.20]",0.34886510161703577,0.9908428410913599,False
1H-Indole-3-Acetic Acid,IFN-a2,time1,30,27,-0.11971740472115108,"[-0.47, 0.26]",0.5361992967116391,0.9908428410913599,False
2-OH-Butanoic Acid,IFN-a2,time1,30,27,-0.017834102738578043,"[-0.38, 0.35]",0.9268393440833962,0.9959801770656903,False
3-OH-Butanoic Acid,IFN-a2,time1,30,27,-0.013385616204357065,"[-0.38, 0.35]",0.9450565612985448,0.9959801770656903,False
Alanine,IFN-a2,time1,30,27,0.12206603529659013,"[-0.26, 0.47]",0.5281734649288101,0.9908428410913599,False
Arachidonic acid,IFN-a2,time1,30,27,0.06812974635800263,"[-0.31, 0.42]",0.725468430286373,0.9908428410913599,False
Arginine [-NH3],IFN-a2,time1,30,27,-0.2796085372768389,"[-0.59, 0.10]",0.1418359339198017,0.9908428410913599,False
Ascorbic Acid,IFN-a2,time1,30,27,0.2141706743984162,"[-0.17, 0.54]",0.2645855496099308,0.9908428410913599,False
Asparagine,IFN-a2,time1,30,27,-0.31734715469776514,"[-0.61, 0.06]",0.09345013790036427,0.9908428410913599,False
Cholesterol,IFN-a2,time1,30,27,-0.09032482454975599,"[-0.44, 0.29]",0.6412351687374734,0.9908428410913599,False
Citric acid,IFN-a2,time1,30,27,-0.19217310038269297,"[-0.52, 0.19]",0.317934782397032,0.9908428410913599,False
Cysteine,IFN-a2,time1,30,27,0.12762903672057763,"[-0.25, 0.47]",0.5093967760640137,0.9908428410913599,False
Decanoic acid,IFN-a2,time1,30,27,-0.16332667905620316,"[-0.50, 0.22]",0.3972413424570096,0.9908428410913599,False
Glutamic Acid,IFN-a2,time1,30,27,0.1265174830361299,"[-0.25, 0.47]",0.5131220309967951,0.9908428410913599,False
Glutamine [-H2O],IFN-a2,time1,30,27,-0.06589036402389153,"[-0.42, 0.31]",0.7341639643977445,0.9908428410913599,False
Glyceraldehyde-3-P(MOX),IFN-a2,time1,30,27,-0.15562595930534137,"[-0.49, 0.22]",0.42016425991257655,0.9908428410913599,False
Glycerol-3-P,IFN-a2,time1,30,27,0.18169166458231142,"[-0.20, 0.51]",0.3455355920644002,0.9908428410913599,False
Glycine,IFN-a2,time1,30,27,-0.09879391665806353,"[-0.45, 0.28]",0.6101428007434451,0.9908428410913599,False
Indole-3-Latic Acid,IFN-a2,time1,30,27,-0.33075006941232415,"[-0.62, 0.04]",0.07968763349217631,0.9908428410913599,False
Indole-3-Propionic Acid,IFN-a2,time1,30,27,-0.13761887791617283,"[-0.48, 0.24]",0.476526924197624,0.9908428410913599,False
Lactic Acid,IFN-a2,time1,30,27,-0.16962551795432762,"[-0.50, 0.21]",0.37903261746271266,0.9908428410913599,False
Leucine,IFN-a2,time1,30,27,-0.19922492182248075,"[-0.53, 0.18]",0.3001558014152068,0.9908428410913599,False
Linoleic Acid,IFN-a2,time1,30,27,0.03339326760939264,"[-0.34, 0.40]",0.86346444823083,0.9959801770656903,False
Lysine,IFN-a2,time1,30,27,0.027326720354024774,"[-0.34, 0.39]",0.8880976468579997,0.9959801770656903,False
Methionine,IFN-a2,time1,30,27,-0.07324869732057813,"[-0.43, 0.30]",0.7057179750618776,0.9908428410913599,False
Oleic Acid,IFN-a2,time1,30,27,-0.09231277419887308,"[-0.44, 0.28]",0.6338808018943872,0.9908428410913599,False
Ornithine,IFN-a2,time1,30,27,-0.421084514731468,"[-0.68, -0.06]",0.022917678690891802,0.9908428410913599,False
Palmitic Acid,IFN-a2,time1,30,27,-0.16523430407051232,"[-0.50, 0.21]",0.3916749859090083,0.9908428410913599,False
Phenylalanine,IFN-a2,time1,30,27,-0.24943775970992044,"[-0.56, 0.13]",0.1919210065102383,0.9908428410913599,False
Proline,IFN-a2,time1,30,27,0.00973666929700834,"[-0.36, 0.37]",0.9600202101691315,0.9959801770656903,False
Serine,IFN-a2,time1,30,27,-0.18575804431806614,"[-0.52, 0.19]",0.33466133059040803,0.9908428410913599,False
Stearic Acid,IFN-a2,time1,30,27,0.009296571822511009,"[-0.36, 0.37]",0.9618259647637818,0.9959801770656903,False
Threonine,IFN-a2,time1,30,27,-0.058951282722482595,"[-0.42, 0.31]",0.7613089918395204,0.9908428410913599,False
Tryptophan,IFN-a2,time1,30,27,-0.07430373683055534,"[-0.43, 0.30]",0.7016699680249323,0.9908428410913599,False
Tyrosine,IFN-a2,time1,30,27,-0.0110736737262323,"[-0.38, 0.36]",0.954535598625627,0.9959801770656903,False
Valine,IFN-a2,time1,30,27,-0.027586865074627685,"[-0.39, 0.34]",0.8870390697209021,0.9959801770656903,False
"(R*,R*)-2,3-Dihydroxybutanoic acid, tris(trimethylsilyl)-",IFN-a2,time1,30,27,0.2008690432960541,"[-0.18, 0.53]",0.296102400207141,0.9908428410913599,False
1-Ethyl-1-tetradecyloxy-1-silacyclohexane,IFN-a2,time1,30,27,0.2529348972102291,"[-0.13, 0.57]",0.1855601660005692,0.9908428410913599,False
1-Heptadecanol,IFN-a2,time1,30,27,0.15185086220146574,"[-0.23, 0.49]",0.4316636968777777,0.9908428410913599,False
1-Monooleoylglycerol,IFN-a2,time1,30,27,0.07325071943796975,"[-0.30, 0.43]",0.7057102089818421,0.9908428410913599,False
1-Monopalmitin,IFN-a2,time1,30,27,0.3217703256888959,"[-0.05, 0.62]",0.08872305338544943,0.9908428410913599,False
"1,3-Dioxolane-2-methanol",IFN-a2,time1,30,27,-0.0410513114462554,"[-0.40, 0.33]",0.8325496014431919,0.9959801770656903,False
"1,5-Anhydrohexitol",IFN-a2,time1,30,27,0.3213213992483515,"[-0.05, 0.62]",0.08919436826694144,0.9908428410913599,False
"11-Eicosenoic acid, (E)-",IFN-a2,time1,30,27,0.0626266491678443,"[-0.31, 0.42]",0.7468945145196344,0.9908428410913599,False
2-Aminoadipic acid,IFN-a2,time1,30,27,0.34521584481794226,"[-0.02, 0.63]",0.06663643888212209,0.9908428410913599,False
2-Aminoheptanedioic acid,IFN-a2,time1,30,27,0.15466276182860492,"[-0.22, 0.49]",0.42308203213813766,0.9908428410913599,False
"2-Ethyl-3-hydroxypropionic acid, di-",IFN-a2,time1,30,27,0.03570189414805432,"[-0.34, 0.40]",0.8541218051030043,0.9959801770656903,False
2-Keto-3-methylvaleric acid,IFN-a2,time1,30,27,-0.1290720628306335,"[-0.47, 0.25]",0.5045806368241099,0.9908428410913599,False
"2,3-Butanediol",IFN-a2,time1,30,27,-0.029674927048344207,"[-0.39, 0.34]",0.8785493921614025,0.9959801770656903,False
"2,3,4-Trihydroxybutyric acid",IFN-a2,time1,30,27,0.1835937411092072,"[-0.20, 0.52]",0.34042291912391986,0.9908428410913599,False
4-Aminobutanoic acid,IFN-a2,time1,30,27,0.02131290771965108,"[-0.35, 0.38]",0.9126178238159128,0.9959801770656903,False
"9-Hexadecenoic acid, (Z)-",IFN-a2,time1,30,27,-0.24436702099767096,"[-0.56, 0.13]",0.201410117790413,0.9908428410913599,False
"alpha-D-Glucopyranoside, methyl 2-(acetylamino)-2-deoxy-3-O-(trimethylsilyl)-, cyclic methylboronate",IFN-a2,time1,30,27,0.23588196874041611,"[-0.14, 0.55]",0.21800089947942042,0.9908428410913599,False
Aminomalonic acid,IFN-a2,time1,30,27,0.0769780615634927,"[-0.30, 0.43]",0.6914449686495714,0.9908428410913599,False
Arachidonic acid.1,IFN-a2,time1,30,27,0.13445938265384386,"[-0.24, 0.48]",0.48680256145438083,0.9908428410913599,False
beta-Alanine,IFN-a2,time1,30,27,-0.22289371217862156,"[-0.54, 0.16]",0.24514868741238427,0.9908428410913599,False
beta-D-Xylopyranose,IFN-a2,time1,30,27,-0.07333716201582284,"[-0.43, 0.30]",0.7053782473996637,0.9908428410913599,False
Butanoic acid,IFN-a2,time1,30,27,0.16140732636083122,"[-0.22, 0.50]",0.40288705658245016,0.9908428410913599,False
Campesterol,IFN-a2,time1,30,27,0.2858741437783303,"[-0.09, 0.59]",0.13275207981608203,0.9908428410913599,False
D-(-)-Ribofuranose,IFN-a2,time1,30,27,0.2588600672355154,"[-0.12, 0.57]",0.17512138285878154,0.9908428410913599,False
"D-Arabinose, tetrakis(trimethylsilyl) ether, ethyloxime (isomer 1)",IFN-a2,time1,30,27,-0.12406417915913713,"[-0.47, 0.25]",0.5213911063471317,0.9908428410913599,False
Diethanolamine,IFN-a2,time1,30,27,0.29580828950216664,"[-0.08, 0.60]",0.11923163774299597,0.9908428410913599,False
DL-Ornithine,IFN-a2,time1,30,27,-0.05088126209482889,"[-0.41, 0.32]",0.7932282088837603,0.994028844903905,False
Doconexent,IFN-a2,time1,30,27,0.20455614766628166,"[-0.18, 0.53]",0.28713851090079556,0.9908428410913599,False
Dodecanoic acid,IFN-a2,time1,30,27,-0.07837702245824384,"[-0.43, 0.30]",0.6861171230989487,0.9908428410913599,False
Erythritol,IFN-a2,time1,30,27,-0.21942189004678975,"[-0.54, 0.16]",0.2527681775649678,0.9908428410913599,False
"Ethanolamine, 2TMS",IFN-a2,time1,30,27,0.027001881136146266,"[-0.34, 0.39]",0.8894197420539709,0.9959801770656903,False
"Ethanolamine, 3TMS",IFN-a2,time1,30,27,-0.0754858032442581,"[-0.43, 0.30]",0.6971440517489496,0.9908428410913599,False
Ethyl alpha-D-glucopyranoside,IFN-a2,time1,30,27,0.11381622371104909,"[-0.26, 0.46]",0.5566168237523177,0.9908428410913599,False
Glyceric acid,IFN-a2,time1,30,27,-0.09825033039281447,"[-0.45, 0.28]",0.6121193994004845,0.9908428410913599,False
Glycerol,IFN-a2,time1,30,27,0.2709775367747531,"[-0.11, 0.58]",0.15507478637751015,0.9908428410913599,False
Glycolic acid,IFN-a2,time1,30,27,0.3237405331022118,"[-0.05, 0.62]",0.08667693664718308,0.9908428410913599,False
L-(+)-Erythrulose,IFN-a2,time1,30,27,-0.05794910767913673,"[-0.42, 0.32]",0.7652532591701089,0.9908428410913599,False
L-5-Oxoproline,IFN-a2,time1,30,27,-0.02127019519157116,"[-0.38, 0.35]",0.9127922836077174,0.9959801770656903,False
L-Alanine,IFN-a2,time1,30,27,-0.08667545013789239,"[-0.44, 0.29]",0.6548223311117743,0.9908428410913599,False
L-Aspartic acid,IFN-a2,time1,30,27,0.006320566260860701,"[-0.36, 0.37]",0.9740411578509851,0.9959801770656903,False
L-Norvaline,IFN-a2,time1,30,27,0.14784836422622158,"[-0.23, 0.49]",0.444041376653349,0.9908428410913599,False
L-Proline,IFN-a2,time1,30,27,0.284555244562158,"[-0.09, 0.59]",0.13462796106525945,0.9908428410913599,False
L-Rhamnose,IFN-a2,time1,30,27,0.4560148246282417,"[0.11, 0.70]",0.012910674287402332,0.9908428410913599,False
Lactic Acid.1,IFN-a2,time1,30,27,-0.09409180420058186,"[-0.45, 0.28]",0.6273280974586062,0.9908428410913599,False
Methyl galactoside,IFN-a2,time1,30,27,0.20472172339070538,"[-0.17, 0.53]",0.28674007031634313,0.9908428410913599,False
N-Acetylglutamine,IFN-a2,time1,30,27,0.09211886044472906,"[-0.28, 0.44]",0.6345966957389797,0.9908428410913599,False
Nonanoic acid,IFN-a2,time1,30,27,0.3360710700889712,"[-0.03, 0.63]",0.07467690437927452,0.9908428410913599,False
Oxalic acid,IFN-a2,time1,30,27,0.2644919796460861,"[-0.11, 0.58]",0.16558895732592294,0.9908428410913599,False
Palmitelaidic acid,IFN-a2,time1,30,27,0.17831449108724579,"[-0.20, 0.51]",0.35472623285623184,0.9908428410913599,False
1H-Indole-3-Acetic Acid,IFN-y,time1,30,27,-0.023123085363164316,"[-0.39, 0.35]",0.905227884459413,0.9959801770656903,False
2-OH-Butanoic Acid,IFN-y,time1,30,27,0.3298932694752196,"[-0.04, 0.62]",0.0805179967309425,0.9908428410913599,False
3-OH-Butanoic Acid,IFN-y,time1,30,27,0.32937660421729104,"[-0.04, 0.62]",0.08102191313864678,0.9908428410913599,False
Alanine,IFN-y,time1,30,27,-0.12210553179682017,"[-0.47, 0.26]",0.5280389913375216,0.9908428410913599,False
Arachidonic acid,IFN-y,time1,30,27,-0.03832806796188225,"[-0.40, 0.33]",0.8435175767023331,0.9959801770656903,False
Arginine [-NH3],IFN-y,time1,30,27,0.024222463715251427,"[-0.35, 0.39]",0.9007434759272168,0.9959801770656903,False
Ascorbic Acid,IFN-y,time1,30,27,-0.3001530825940338,"[-0.60, 0.07]",0.11364952655180648,0.9908428410913599,False
Asparagine,IFN-y,time1,30,27,0.16670763253399568,"[-0.21, 0.50]",0.38740661492541417,0.9908428410913599,False
Cholesterol,IFN-y,time1,30,27,0.03165136425016851,"[-0.34, 0.39]",0.8705256622042163,0.9959801770656903,False
Citric acid,IFN-y,time1,30,27,-0.09516930498520398,"[-0.45, 0.28]",0.6233727349326259,0.9908428410913599,False
Cysteine,IFN-y,time1,30,27,-0.20216135150284914,"[-0.53, 0.18]",0.2929407287676236,0.9908428410913599,False
Decanoic acid,IFN-y,time1,30,27,0.1518147078858267,"[-0.23, 0.49]",0.4317746522219228,0.9908428410913599,False
Glutamic Acid,IFN-y,time1,30,27,0.15548726901426727,"[-0.22, 0.49]",0.4205836998196818,0.9908428410913599,False
Glutamine [-H2O],IFN-y,time1,30,27,0.2258050899054203,"[-0.15, 0.55]",0.23887757086806205,0.9908428410913599,False
Glyceraldehyde-3-P(MOX),IFN-y,time1,30,27,-0.028815810216565423,"[-0.39, 0.34]",0.8820408630431615,0.9959801770656903,False
Glycerol-3-P,IFN-y,time1,30,27,-0.06817897675280846,"[-0.42, 0.31]",0.7252776384135338,0.9908428410913599,False
Glycine,IFN-y,time1,30,27,-0.34705022085466675,"[-0.63, 0.02]",0.06510777885167841,0.9908428410913599,False
Indole-3-Latic Acid,IFN-y,time1,30,27,0.1622849649671028,"[-0.22, 0.50]",0.40029990544689165,0.9908428410913599,False
Indole-3-Propionic Acid,IFN-y,time1,30,27,0.28323561647371626,"[-0.09, 0.59]",0.13652414413606404,0.9908428410913599,False
Lactic Acid,IFN-y,time1,30,27,0.26404380255971494,"[-0.11, 0.57]",0.16633375200174,0.9908428410913599,False
Leucine,IFN-y,time1,30,27,0.1624030635781816,"[-0.22, 0.50]",0.3999524883795479,0.9908428410913599,False
Linoleic Acid,IFN-y,time1,30,27,0.1667616533982465,"[-0.21, 0.50]",0.38725062164555246,0.9908428410913599,False
Lysine,IFN-y,time1,30,27,-0.10004523386377018,"[-0.45, 0.28]",0.6056029342348204,0.9908428410913599,False
Methionine,IFN-y,time1,30,27,0.14707854763072378,"[-0.23, 0.49]",0.4464437311469993,0.9908428410913599,False
Oleic Acid,IFN-y,time1,30,27,-0.021896338819462013,"[-0.39, 0.35]",0.9102351940780445,0.9959801770656903,False
Ornithine,IFN-y,time1,30,27,-0.09075796909483203,"[-0.44, 0.29]",0.6396298989163035,0.9908428410913599,False
Palmitic Acid,IFN-y,time1,30,27,0.022323967047163353,"[-0.35, 0.39]",0.908489318090264,0.9959801770656903,False
Phenylalanine,IFN-y,time1,30,27,0.09010255313617216,"[-0.29, 0.44]",0.6420595404287361,0.9908428410913599,False
Proline,IFN-y,time1,30,27,-0.2233395051242935,"[-0.55, 0.16]",0.24418145446247425,0.9908428410913599,False
Serine,IFN-y,time1,30,27,0.014844854170972229,"[-0.35, 0.38]",0.9390773340408671,0.9959801770656903,False
Stearic Acid,IFN-y,time1,30,27,0.006300881003225605,"[-0.36, 0.37]",0.974121979278387,0.9959801770656903,False
Threonine,IFN-y,time1,30,27,-0.08466056416952296,"[-0.44, 0.29]",0.6623708632113795,0.9908428410913599,False
Tryptophan,IFN-y,time1,30,27,0.012806908723686302,"[-0.36, 0.38]",0.94742864165622,0.9959801770656903,False
Tyrosine,IFN-y,time1,30,27,-0.19027984635486528,"[-0.52, 0.19]",0.3228165386035494,0.9908428410913599,False
Valine,IFN-y,time1,30,27,0.10557107641742082,"[-0.27, 0.45]",0.5857280013289587,0.9908428410913599,False
"(R*,R*)-2,3-Dihydroxybutanoic acid, tris(trimethylsilyl)-",IFN-y,time1,30,27,-0.007978041156521868,"[-0.37, 0.36]",0.9672370709262994,0.9959801770656903,False
1-Ethyl-1-tetradecyloxy-1-silacyclohexane,IFN-y,time1,30,27,-0.09217518046376524,"[-0.44, 0.28]",0.6343887393513716,0.9908428410913599,False
1-Heptadecanol,IFN-y,time1,30,27,-0.20944246009558415,"[-0.53, 0.17]",0.27552828860824874,0.9908428410913599,False
1-Monooleoylglycerol,IFN-y,time1,30,27,0.1437527176136647,"[-0.24, 0.48]",0.45690235925647504,0.9908428410913599,False
1-Monopalmitin,IFN-y,time1,30,27,-0.03230076059108029,"[-0.39, 0.34]",0.8678920139452588,0.9959801770656903,False
"1,3-Dioxolane-2-methanol",IFN-y,time1,30,27,-0.17143472289794812,"[-0.51, 0.21]",0.3738936120009818,0.9908428410913599,False
"1,5-Anhydrohexitol",IFN-y,time1,30,27,0.257611059909844,"[-0.12, 0.57]",0.17728667566819856,0.9908428410913599,False
"11-Eicosenoic acid, (E)-",IFN-y,time1,30,27,-0.007994559734735014,"[-0.37, 0.36]",0.9671692711872454,0.9959801770656903,False
2-Aminoadipic acid,IFN-y,time1,30,27,0.18473624329140045,"[-0.19, 0.52]",0.33737403813037836,0.9908428410913599,False
2-Aminoheptanedioic acid,IFN-y,time1,30,27,0.07623589429215681,"[-0.30, 0.43]",0.6942773415563801,0.9908428410913599,False
"2-Ethyl-3-hydroxypropionic acid, di-",IFN-y,time1,30,27,-0.2280226479575454,"[-0.55, 0.15]",0.23417319870716613,0.9908428410913599,False
2-Keto-3-methylvaleric acid,IFN-y,time1,30,27,0.104645147933628,"[-0.27, 0.45]",0.5890383252764364,0.9908428410913599,False
"2,3-Butanediol",IFN-y,time1,30,27,-0.042797031098677565,"[-0.40, 0.33]",0.8255346486810136,0.9959801770656903,False
"2,3,4-Trihydroxybutyric acid",IFN-y,time1,30,27,-0.0212807063262945,"[-0.38, 0.35]",0.9127493503940164,0.9959801770656903,False
4-Aminobutanoic acid,IFN-y,time1,30,27,-0.43213296304622584,"[-0.69, -0.08]",0.01923104389352362,0.9908428410913599,False
"9-Hexadecenoic acid, (Z)-",IFN-y,time1,30,27,-0.09699848587425478,"[-0.45, 0.28]",0.6166815030338905,0.9908428410913599,False
"alpha-D-Glucopyranoside, methyl 2-(acetylamino)-2-deoxy-3-O-(trimethylsilyl)-, cyclic methylboronate",IFN-y,time1,30,27,-0.14307888268980024,"[-0.48, 0.24]",0.4590370409719756,0.9908428410913599,False
Aminomalonic acid,IFN-y,time1,30,27,-0.0349773214116649,"[-0.40, 0.34]",0.8570520189944972,0.9959801770656903,False
Arachidonic acid.1,IFN-y,time1,30,27,0.08344385280094814,"[-0.29, 0.44]",0.6669449046827125,0.9908428410913599,False
beta-Alanine,IFN-y,time1,30,27,-0.26109292446667404,"[-0.57, 0.12]",0.1712969798352184,0.9908428410913599,False
beta-D-Xylopyranose,IFN-y,time1,30,27,0.07046358569829704,"[-0.30, 0.43]",0.7164415246812266,0.9908428410913599,False
Butanoic acid,IFN-y,time1,30,27,0.1062833694482277,"[-0.27, 0.46]",0.5831870117049835,0.9908428410913599,False
Campesterol,IFN-y,time1,30,27,0.16155752527334993,"[-0.22, 0.50]",0.40244362302783976,0.9908428410913599,False
D-(-)-Ribofuranose,IFN-y,time1,30,27,-0.08227511139777183,"[-0.44, 0.29]",0.6713496350066267,0.9908428410913599,False
"D-Arabinose, tetrakis(trimethylsilyl) ether, ethyloxime (isomer 1)",IFN-y,time1,30,27,0.021328996176840614,"[-0.35, 0.38]",0.9125521113646131,0.9959801770656903,False
Diethanolamine,IFN-y,time1,30,27,0.06131709453479556,"[-0.31, 0.42]",0.7520211857843779,0.9908428410913599,False
DL-Ornithine,IFN-y,time1,30,27,0.15928370791891752,"[-0.22, 0.50]",0.40918612793896414,0.9908428410913599,False
Doconexent,IFN-y,time1,30,27,0.10762571068112255,"[-0.27, 0.46]",0.5784116546285947,0.9908428410913599,False
Dodecanoic acid,IFN-y,time1,30,27,0.2318224433746086,"[-0.15, 0.55]",0.2262570138222044,0.9908428410913599,False
Erythritol,IFN-y,time1,30,27,-0.21939897507705916,"[-0.54, 0.16]",0.25281897935505326,0.9908428410913599,False
"Ethanolamine, 2TMS",IFN-y,time1,30,27,-0.1568451850888919,"[-0.49, 0.22]",0.41648695455694895,0.9908428410913599,False
"Ethanolamine, 3TMS",IFN-y,time1,30,27,0.005082972167731041,"[-0.36, 0.37]",0.9791227834177598,0.9959801770656903,False
Ethyl alpha-D-glucopyranoside,IFN-y,time1,30,27,-0.05075163935428409,"[-0.41, 0.32]",0.7937437296100973,0.994028844903905,False
Glyceric acid,IFN-y,time1,30,27,-0.16857394230149675,"[-0.50, 0.21]",0.3820383319582219,0.9908428410913599,False
Glycerol,IFN-y,time1,30,27,0.19863623875288372,"[-0.18, 0.53]",0.3016155751244147,0.9908428410913599,False
Glycolic acid,IFN-y,time1,30,27,-0.036219904562235464,"[-0.40, 0.33]",0.8520281017419482,0.9959801770656903,False
L-(+)-Erythrulose,IFN-y,time1,30,27,0.16234326970826438,"[-0.22, 0.50]",0.4001283658631767,0.9908428410913599,False
L-5-Oxoproline,IFN-y,time1,30,27,-0.2150823605764016,"[-0.54, 0.16]",0.2625085594967695,0.9908428410913599,False
L-Alanine,IFN-y,time1,30,27,-0.22166445558361192,"[-0.54, 0.16]",0.24782891265017698,0.9908428410913599,False
L-Aspartic acid,IFN-y,time1,30,27,0.018887087909778128,"[-0.35, 0.38]",0.9225321643529931,0.9959801770656903,False
L-Norvaline,IFN-y,time1,30,27,-0.17436535192514563,"[-0.51, 0.21]",0.3656560477859697,0.9908428410913599,False
L-Proline,IFN-y,time1,30,27,0.20261692478539664,"[-0.18, 0.53]",0.2918312700161667,0.9908428410913599,False
L-Rhamnose,IFN-y,time1,30,27,0.16504867537077206,"[-0.21, 0.50]",0.39221467179187397,0.9908428410913599,False
Lactic Acid.1,IFN-y,time1,30,27,0.2592583395159898,"[-0.12, 0.57]",0.17443486396187136,0.9908428410913599,False
Methyl galactoside,IFN-y,time1,30,27,0.05729025921077541,"[-0.32, 0.42]",0.7678494320980862,0.9908428410913599,False
N-Acetylglutamine,IFN-y,time1,30,27,-0.09100663622202046,"[-0.44, 0.29]",0.6387090358085319,0.9908428410913599,False
Nonanoic acid,IFN-y,time1,30,27,-0.06431549164564947,"[-0.42, 0.31]",0.7402985918423859,0.9908428410913599,False
Oxalic acid,IFN-y,time1,30,27,0.009059235663430334,"[-0.36, 0.37]",0.9627998509418816,0.9959801770656903,False
Palmitelaidic acid,IFN-y,time1,30,27,-0.19316049117468287,"[-0.52, 0.19]",0.3154069985946008,0.9908428410913599,False
1H-Indole-3-Acetic Acid,sIL-6Ra,time1,30,27,0.3335049431177388,"[-0.04, 0.62]",0.0770621918333484,0.9908428410913599,False
2-OH-Butanoic Acid,sIL-6Ra,time1,30,27,-0.03462263112542532,"[-0.40, 0.34]",0.8584870871603839,0.9959801770656903,False
3-OH-Butanoic Acid,sIL-6Ra,time1,30,27,0.2247929260557996,"[-0.15, 0.55]",0.24104554938997635,0.9908428410913599,False
Alanine,sIL-6Ra,time1,30,27,0.08412869905923896,"[-0.29, 0.44]",0.6643688799696967,0.9908428410913599,False
Arachidonic acid,sIL-6Ra,time1,30,27,0.2436464118889848,"[-0.13, 0.56]",0.2027843488370022,0.9908428410913599,False
Arginine [-NH3],sIL-6Ra,time1,30,27,0.07839469862792532,"[-0.30, 0.43]",0.6860498980382632,0.9908428410913599,False
Ascorbic Acid,sIL-6Ra,time1,30,27,0.0029643029687781495,"[-0.36, 0.37]",0.9878238972420689,0.9959801770656903,False
Asparagine,sIL-6Ra,time1,30,27,0.20607726003236979,"[-0.17, 0.53]",0.283491360499998,0.9908428410913599,False
Cholesterol,sIL-6Ra,time1,30,27,-0.1345688672544837,"[-0.48, 0.24]",0.48644460656497834,0.9908428410913599,False
Citric acid,sIL-6Ra,time1,30,27,0.09474505093158125,"[-0.28, 0.45]",0.6249289006459376,0.9908428410913599,False
Cysteine,sIL-6Ra,time1,30,27,0.27486418621406883,"[-0.10, 0.58]",0.14900781604880592,0.9908428410913599,False
Decanoic acid,sIL-6Ra,time1,30,27,0.2815261069019682,"[-0.09, 0.59]",0.13900935123116726,0.9908428410913599,False
Glutamic Acid,sIL-6Ra,time1,30,27,-0.15915611016178438,"[-0.50, 0.22]",0.4095663591716435,0.9908428410913599,False
Glutamine [-H2O],sIL-6Ra,time1,30,27,-0.026714456060177045,"[-0.39, 0.34]",0.8905898038010643,0.9959801770656903,False
Glyceraldehyde-3-P(MOX),sIL-6Ra,time1,30,27,-0.14844167776296144,"[-0.49, 0.23]",0.442194593277478,0.9908428410913599,False
Glycerol-3-P,sIL-6Ra,time1,30,27,0.18427317128261192,"[-0.20, 0.52]",0.33860779119857165,0.9908428410913599,False
Glycine,sIL-6Ra,time1,30,27,0.3780493242046278,"[0.01, 0.65]",0.04317100877086304,0.9908428410913599,False
Indole-3-Latic Acid,sIL-6Ra,time1,30,27,-0.08347930896922374,"[-0.44, 0.29]",0.6668114463194696,0.9908428410913599,False
Indole-3-Propionic Acid,sIL-6Ra,time1,30,27,0.1211366569734772,"[-0.26, 0.47]",0.5313424572578984,0.9908428410913599,False
Lactic Acid,sIL-6Ra,time1,30,27,-0.015398571556490118,"[-0.38, 0.35]",0.9368093074604646,0.9959801770656903,False
Leucine,sIL-6Ra,time1,30,27,0.29091312066758684,"[-0.08, 0.59]",0.12576070579604928,0.9908428410913599,False
Linoleic Acid,sIL-6Ra,time1,30,27,0.025396834259429703,"[-0.34, 0.39]",0.8959564732869939,0.9959801770656903,False
Lysine,sIL-6Ra,time1,30,27,0.22691441679197782,"[-0.15, 0.55]",0.2365164234722656,0.9908428410913599,False
Methionine,sIL-6Ra,time1,30,27,0.18639811439302864,"[-0.19, 0.52]",0.3329688277210776,0.9908428410913599,False
Oleic Acid,sIL-6Ra,time1,30,27,0.09417587626530975,"[-0.28, 0.45]",0.6270191145841352,0.9908428410913599,False
Ornithine,sIL-6Ra,time1,30,27,0.30589485298676117,"[-0.07, 0.60]",0.10657337211996745,0.9908428410913599,False
Palmitic Acid,sIL-6Ra,time1,30,27,0.05683659476510884,"[-0.32, 0.41]",0.7696385146145314,0.9908428410913599,False
Phenylalanine,sIL-6Ra,time1,30,27,0.16304952698942693,"[-0.22, 0.50]",0.39805378413414194,0.9908428410913599,False
Proline,sIL-6Ra,time1,30,27,0.1773866281805662,"[-0.20, 0.51]",0.357276568296105,0.9908428410913599,False
Serine,sIL-6Ra,time1,30,27,0.4700760430380489,"[0.13, 0.71]",0.01007819379769835,0.9908428410913599,False
Stearic Acid,sIL-6Ra,time1,30,27,0.1597454313047565,"[-0.22, 0.50]",0.40781188522858114,0.9908428410913599,False
Threonine,sIL-6Ra,time1,30,27,0.17412838040355536,"[-0.21, 0.51]",0.36631813967982985,0.9908428410913599,False
Tryptophan,sIL-6Ra,time1,30,27,-0.12373290943219442,"[-0.47, 0.25]",0.5225126139361997,0.9908428410913599,False
Tyrosine,sIL-6Ra,time1,30,27,0.15939897688071125,"[-0.22, 0.50]",0.4088428059185617,0.9908428410913599,False
Valine,sIL-6Ra,time1,30,27,0.2501381878476875,"[-0.13, 0.56]",0.1906350689992801,0.9908428410913599,False
"(R*,R*)-2,3-Dihydroxybutanoic acid, tris(trimethylsilyl)-",sIL-6Ra,time1,30,27,0.03582502151446865,"[-0.34, 0.40]",0.8536240584625279,0.9959801770656903,False
1-Ethyl-1-tetradecyloxy-1-silacyclohexane,sIL-6Ra,time1,30,27,0.2409079859037662,"[-0.14, 0.56]",0.20806533544229472,0.9908428410913599,False
1-Heptadecanol,sIL-6Ra,time1,30,27,0.027508637392354596,"[-0.34, 0.39]",0.8873573727729294,0.9959801770656903,False
1-Monooleoylglycerol,sIL-6Ra,time1,30,27,-0.10669758994621008,"[-0.46, 0.27]",0.5817115804883541,0.9908428410913599,False
1-Monopalmitin,sIL-6Ra,time1,30,27,0.013567715969045449,"[-0.35, 0.38]",0.9443102415454413,0.9959801770656903,False
"1,3-Dioxolane-2-methanol",sIL-6Ra,time1,30,27,0.2362685105471365,"[-0.14, 0.55]",0.21722556020411213,0.9908428410913599,False
"1,5-Anhydrohexitol",sIL-6Ra,time1,30,27,-0.09155219087820608,"[-0.44, 0.28]",0.636690581651725,0.9908428410913599,False
"11-Eicosenoic acid, (E)-",sIL-6Ra,time1,30,27,0.053009956951324336,"[-0.32, 0.41]",0.7847745476762559,0.9915137278225991,False
2-Aminoadipic acid,sIL-6Ra,time1,30,27,0.21744456888904276,"[-0.16, 0.54]",0.2571765357749144,0.9908428410913599,False
2-Aminoheptanedioic acid,sIL-6Ra,time1,30,27,-0.34135658282036024,"[-0.63, 0.03]",0.0699434095726236,0.9908428410913599,False
"2-Ethyl-3-hydroxypropionic acid, di-",sIL-6Ra,time1,30,27,-0.139991007432666,"[-0.48, 0.24]",0.4688863765015776,0.9908428410913599,False
2-Keto-3-methylvaleric acid,sIL-6Ra,time1,30,27,-0.06208518082904245,"[-0.42, 0.31]",0.7490129990383021,0.9908428410913599,False
"2,3-Butanediol",sIL-6Ra,time1,30,27,-0.17064913052797595,"[-0.51, 0.21]",0.37612005411531957,0.9908428410913599,False
"2,3,4-Trihydroxybutyric acid",sIL-6Ra,time1,30,27,-0.16529042355297688,"[-0.50, 0.21]",0.3915119111640174,0.9908428410913599,False
4-Aminobutanoic acid,sIL-6Ra,time1,30,27,-0.10263149534292745,"[-0.45, 0.27]",0.5962653648881546,0.9908428410913599,False
"9-Hexadecenoic acid, (Z)-",sIL-6Ra,time1,30,27,-0.07113047053377937,"[-0.43, 0.30]",0.7138689136894429,0.9908428410913599,False
"alpha-D-Glucopyranoside, methyl 2-(acetylamino)-2-deoxy-3-O-(trimethylsilyl)-, cyclic methylboronate",sIL-6Ra,time1,30,27,-0.021293523913372178,"[-0.38, 0.35]",0.9126969966945355,0.9959801770656903,False
Aminomalonic acid,sIL-6Ra,time1,30,27,0.11783838350532903,"[-0.26, 0.46]",0.5426617580663212,0.9908428410913599,False
Arachidonic acid.1,sIL-6Ra,time1,30,27,-0.48256782356937505,"[-0.72, -0.14]",0.008018423192838882,0.9908428410913599,False
beta-Alanine,sIL-6Ra,time1,30,27,-0.11948162727155817,"[-0.47, 0.26]",0.5370081896581009,0.9908428410913599,False
beta-D-Xylopyranose,sIL-6Ra,time1,30,27,-0.09821129028824957,"[-0.45, 0.28]",0.6122614605394379,0.9908428410913599,False
Butanoic acid,sIL-6Ra,time1,30,27,-0.01344280115732589,"[-0.38, 0.35]",0.9448221889063348,0.9959801770656903,False
Campesterol,sIL-6Ra,time1,30,27,-0.22855681631691338,"[-0.55, 0.15]",0.23304932227710767,0.9908428410913599,False
D-(-)-Ribofuranose,sIL-6Ra,time1,30,27,-0.06304228568687277,"[-0.42, 0.31]",0.7452695665345219,0.9908428410913599,False
"D-Arabinose, tetrakis(trimethylsilyl) ether, ethyloxime (isomer 1)",sIL-6Ra,time1,30,27,0.11647774467940565,"[-0.26, 0.46]",0.5473640938530298,0.9908428410913599,False
Diethanolamine,sIL-6Ra,time1,30,27,0.20613790664483744,"[-0.17, 0.53]",0.28334656521036417,0.9908428410913599,False
DL-Ornithine,sIL-6Ra,time1,30,27,0.05952253745574835,"[-0.31, 0.42]",0.7590633086559708,0.9908428410913599,False
Doconexent,sIL-6Ra,time1,30,27,-0.1194042090981844,"[-0.47, 0.26]",0.5372739180001651,0.9908428410913599,False
Dodecanoic acid,sIL-6Ra,time1,30,27,-0.13011019111586045,"[-0.47, 0.25]",0.5011299176800221,0.9908428410913599,False
Erythritol,sIL-6Ra,time1,30,27,-0.06229467199826437,"[-0.42, 0.31]",0.7481931559944637,0.9908428410913599,False
"Ethanolamine, 2TMS",sIL-6Ra,time1,30,27,-0.24140233722871465,"[-0.56, 0.14]",0.2071051046135392,0.9908428410913599,False
"Ethanolamine, 3TMS",sIL-6Ra,time1,30,27,0.3104059762992787,"[-0.06, 0.61]",0.10124900746732403,0.9908428410913599,False
Ethyl alpha-D-glucopyranoside,sIL-6Ra,time1,30,27,-0.11740670866541747,"[-0.46, 0.26]",0.5441515573380864,0.9908428410913599,False
Glyceric acid,sIL-6Ra,time1,30,27,0.2934983664271739,"[-0.08, 0.60]",0.12228061153146964,0.9908428410913599,False
Glycerol,sIL-6Ra,time1,30,27,-0.3844023670066674,"[-0.66, -0.02]",0.03950573555428459,0.9908428410913599,False
Glycolic acid,sIL-6Ra,time1,30,27,-0.22476661605488582,"[-0.55, 0.15]",0.24110207708147274,0.9908428410913599,False
L-(+)-Erythrulose,sIL-6Ra,time1,30,27,0.05359866945230951,"[-0.32, 0.41]",0.7824407780125668,0.9908428410913599,False
L-5-Oxoproline,sIL-6Ra,time1,30,27,0.15558400731209385,"[-0.22, 0.49]",0.42029111052278,0.9908428410913599,False
L-Alanine,sIL-6Ra,time1,30,27,0.08014439057812367,"[-0.30, 0.43]",0.6794072322225168,0.9908428410913599,False
L-Aspartic acid,sIL-6Ra,time1,30,27,0.04592958861755177,"[-0.33, 0.41]",0.8129800830439716,0.9959801770656903,False
L-Norvaline,sIL-6Ra,time1,30,27,0.13282973376130047,"[-0.25, 0.48]",0.4921464530737064,0.9908428410913599,False
L-Proline,sIL-6Ra,time1,30,27,0.06857595450469865,"[-0.31, 0.42]",0.7237397439930472,0.9908428410913599,False
L-Rhamnose,sIL-6Ra,time1,30,27,-0.4613038278188181,"[-0.71, -0.11]",0.011776018152287043,0.9908428410913599,False
Lactic Acid.1,sIL-6Ra,time1,30,27,-0.09552279870143339,"[-0.45, 0.28]",0.622077328213331,0.9908428410913599,False
Methyl galactoside,sIL-6Ra,time1,30,27,0.10127911847436805,"[-0.28, 0.45]",0.6011403451355608,0.9908428410913599,False
N-Acetylglutamine,sIL-6Ra,time1,30,27,-0.09005298653364706,"[-0.44, 0.29]",0.6422434323911317,0.9908428410913599,False
Nonanoic acid,sIL-6Ra,time1,30,27,0.25653068805516727,"[-0.12, 0.57]",0.17917473046213064,0.9908428410913599,False
Oxalic acid,sIL-6Ra,time1,30,27,0.13709347371665795,"[-0.24, 0.48]",0.4782278884262635,0.9908428410913599,False
Palmitelaidic acid,sIL-6Ra,time1,30,27,-0.008646406065494513,"[-0.37, 0.36]",0.9644939815547314,0.9959801770656903,False
1H-Indole-3-Acetic Acid,IL-10,time1,30,27,-0.164607051659879,"[-0.50, 0.21]",0.3935003308364582,0.9908428410913599,False
2-OH-Butanoic Acid,IL-10,time1,30,27,-0.19643345811318155,"[-0.53, 0.18]",0.30711733952067394,0.9908428410913599,False
3-OH-Butanoic Acid,IL-10,time1,30,27,-0.0022602877658773946,"[-0.37, 0.36]",0.990715551624182,0.9964422311133392,False
Alanine,IL-10,time1,30,27,0.45573779016959876,"[0.11, 0.70]",0.012972534593951634,0.9908428410913599,False
Arachidonic acid,IL-10,time1,30,27,0.11705806837681366,"[-0.26, 0.46]",0.5453561854695437,0.9908428410913599,False
Arginine [-NH3],IL-10,time1,30,27,0.0038208719806222947,"[-0.36, 0.37]",0.9843058541025214,0.9959801770656903,False
Ascorbic Acid,IL-10,time1,30,27,-0.09264436016842217,"[-0.44, 0.28]",0.6326573964127615,0.9908428410913599,False
Asparagine,IL-10,time1,30,27,-0.022813661049093988,"[-0.39, 0.35]",0.9064905588571878,0.9959801770656903,False
Cholesterol,IL-10,time1,30,27,-0.5702114086689586,"[-0.77, -0.26]",0.0012402193857567188,0.909643935643192,False
Citric acid,IL-10,time1,30,27,-0.16985476207821953,"[-0.50, 0.21]",0.3783791969584843,0.9908428410913599,False
Cysteine,IL-10,time1,30,27,0.3154213796462685,"[-0.06, 0.61]",0.09556676440759845,0.9908428410913599,False
Decanoic acid,IL-10,time1,30,27,-0.38975709940705466,"[-0.66, -0.03]",0.03661370035132582,0.9908428410913599,False
Glutamic Acid,IL-10,time1,30,27,-0.315594239418497,"[-0.61, 0.06]",0.09537530810052523,0.9908428410913599,False
Glutamine [-H2O],IL-10,time1,30,27,0.007471801474734306,"[-0.36, 0.37]",0.9693150143648095,0.9959801770656903,False
Glyceraldehyde-3-P(MOX),IL-10,time1,30,27,-0.10687508300167743,"[-0.46, 0.27]",0.5810798638616059,0.9908428410913599,False
Glycerol-3-P,IL-10,time1,30,27,0.16543288286377988,"[-0.21, 0.50]",0.3910981205168671,0.9908428410913599,False
Glycine,IL-10,time1,30,27,0.15895577515914933,"[-0.22, 0.50]",0.41016374132450306,0.9908428410913599,False
Indole-3-Latic Acid,IL-10,time1,30,27,-0.06798097505069989,"[-0.42, 0.31]",0.7260450895459881,0.9908428410913599,False
Indole-3-Propionic Acid,IL-10,time1,30,27,-0.06030659741456133,"[-0.42, 0.31]",0.7559841792817585,0.9908428410913599,False
Lactic Acid,IL-10,time1,30,27,-0.07253397073037228,"[-0.43, 0.30]",0.7084647373556647,0.9908428410913599,False
Leucine,IL-10,time1,30,27,0.19023143250209815,"[-0.19, 0.52]",0.32294197498293653,0.9908428410913599,False
Linoleic Acid,IL-10,time1,30,27,0.3196530159496921,"[-0.05, 0.61]",0.09096263462167237,0.9908428410913599,False
Lysine,IL-10,time1,30,27,0.21915770978726717,"[-0.16, 0.54]",0.25335426432635866,0.9908428410913599,False
Methionine,IL-10,time1,30,27,0.13280423219398285,"[-0.25, 0.48]",0.4922303121220958,0.9908428410913599,False
Oleic Acid,IL-10,time1,30,27,-0.08065394732424998,"[-0.43, 0.29]",0.6774770912588549,0.9908428410913599,False
Ornithine,IL-10,time1,30,27,-0.032112890471546036,"[-0.39, 0.34]",0.8686537865138023,0.9959801770656903,False
Palmitic Acid,IL-10,time1,30,27,-0.15671027585050823,"[-0.49, 0.22]",0.4168929705501835,0.9908428410913599,False
Phenylalanine,IL-10,time1,30,27,0.038887214070479355,"[-0.33, 0.40]",0.8412631868056987,0.9959801770656903,False
Proline,IL-10,time1,30,27,-0.0783667650842902,"[-0.43, 0.30]",0.6861561344677742,0.9908428410913599,False
Serine,IL-10,time1,30,27,0.03014077067373024,"[-0.34, 0.39]",0.8766571197374708,0.9959801770656903,False
Stearic Acid,IL-10,time1,30,27,-0.06259771629741123,"[-0.42, 0.31]",0.7470076683692952,0.9908428410913599,False
Threonine,IL-10,time1,30,27,0.1302064647957321,"[-0.25, 0.47]",0.5008105044289521,0.9908428410913599,False
Tryptophan,IL-10,time1,30,27,0.11244576355362468,"[-0.26, 0.46]",0.5614090723515,0.9908428410913599,False
Tyrosine,IL-10,time1,30,27,0.18087902342769072,"[-0.20, 0.51]",0.3477339207113741,0.9908428410913599,False
Valine,IL-10,time1,30,27,0.0416260172995592,"[-0.33, 0.40]",0.8302388024768184,0.9959801770656903,False
"(R*,R*)-2,3-Dihydroxybutanoic acid, tris(trimethylsilyl)-",IL-10,time1,30,27,0.18643541390340584,"[-0.19, 0.52]",0.33287035961818023,0.9908428410913599,False
1-Ethyl-1-tetradecyloxy-1-silacyclohexane,IL-10,time1,30,27,-0.012891596291086103,"[-0.38, 0.36]",0.9470814854736677,0.9959801770656903,False
1-Heptadecanol,IL-10,time1,30,27,0.053115109003512434,"[-0.32, 0.41]",0.7843575701629164,0.9915137278225991,False
1-Monooleoylglycerol,IL-10,time1,30,27,0.13333401099781111,"[-0.25, 0.48]",0.4904896796853788,0.9908428410913599,False
1-Monopalmitin,IL-10,time1,30,27,0.09217481833143278,"[-0.28, 0.44]",0.6343900764041124,0.9908428410913599,False
"1,3-Dioxolane-2-methanol",IL-10,time1,30,27,0.024034474609020633,"[-0.35, 0.39]",0.9015100830978863,0.9959801770656903,False
"1,5-Anhydrohexitol",IL-10,time1,30,27,-0.10320249533222105,"[-0.45, 0.27]",0.5942121669048362,0.9908428410913599,False
"11-Eicosenoic acid, (E)-",IL-10,time1,30,27,-0.17838825084276533,"[-0.51, 0.20]",0.3545239621858489,0.9908428410913599,False
2-Aminoadipic acid,IL-10,time1,30,27,0.003509693063598771,"[-0.36, 0.37]",0.9855838775049186,0.9959801770656903,False
2-Aminoheptanedioic acid,IL-10,time1,30,27,-0.3867834812195373,"[-0.66, -0.02]",0.038197941821706285,0.9908428410913599,False
"2-Ethyl-3-hydroxypropionic acid, di-",IL-10,time1,30,27,0.1269446333185703,"[-0.25, 0.47]",0.5116889004083593,0.9908428410913599,False
2-Keto-3-methylvaleric acid,IL-10,time1,30,27,0.2193955936729508,"[-0.16, 0.54]",0.25282647639299144,0.9908428410913599,False
"2,3-Butanediol",IL-10,time1,30,27,-0.4648150785024969,"[-0.71, -0.12]",0.011069776845673257,0.9908428410913599,False
"2,3,4-Trihydroxybutyric acid",IL-10,time1,30,27,0.08486608387681684,"[-0.29, 0.44]",0.6615994089588109,0.9908428410913599,False
4-Aminobutanoic acid,IL-10,time1,30,27,-0.16340310039729422,"[-0.50, 0.22]",0.3970174874789659,0.9908428410913599,False
"9-Hexadecenoic acid, (Z)-",IL-10,time1,30,27,-0.20372257936500782,"[-0.53, 0.18]",0.2891497561939887,0.9908428410913599,False
"alpha-D-Glucopyranoside, methyl 2-(acetylamino)-2-deoxy-3-O-(trimethylsilyl)-, cyclic methylboronate",IL-10,time1,30,27,0.07253510636491602,"[-0.30, 0.43]",0.7084603701553522,0.9908428410913599,False
Aminomalonic acid,IL-10,time1,30,27,0.07710486115605926,"[-0.30, 0.43]",0.6909614623427331,0.9908428410913599,False
Arachidonic acid.1,IL-10,time1,30,27,-0.17663053974042603,"[-0.51, 0.20]",0.3593627918361876,0.9908428410913599,False
beta-Alanine,IL-10,time1,30,27,-0.009482803046736751,"[-0.37, 0.36]",0.9610618203346653,0.9959801770656903,False
beta-D-Xylopyranose,IL-10,time1,30,27,0.033919147354742295,"[-0.34, 0.40]",0.8613346661584913,0.9959801770656903,False
Butanoic acid,IL-10,time1,30,27,0.22824139997269982,"[-0.15, 0.55]",0.23371251307309643,0.9908428410913599,False
Campesterol,IL-10,time1,30,27,-0.1155775973874278,"[-0.46, 0.26]",0.5504853927268396,0.9908428410913599,False
D-(-)-Ribofuranose,IL-10,time1,30,27,0.15681107873498185,"[-0.22, 0.49]",0.41658957851918743,0.9908428410913599,False
"D-Arabinose, tetrakis(trimethylsilyl) ether, ethyloxime (isomer 1)",IL-10,time1,30,27,0.08338256302839642,"[-0.29, 0.44]",0.6671756251549161,0.9908428410913599,False
Diethanolamine,IL-10,time1,30,27,0.3820707670477184,"[0.02, 0.66]",0.040820817051793995,0.9908428410913599,False
DL-Ornithine,IL-10,time1,30,27,0.030053093456077554,"[-0.34, 0.39]",0.8770132170589895,0.9959801770656903,False
Doconexent,IL-10,time1,30,27,0.30224463038752936,"[-0.07, 0.60]",0.11103261992883653,0.9908428410913599,False
Dodecanoic acid,IL-10,time1,30,27,-0.20412184089689675,"[-0.53, 0.18]",0.2881852983282573,0.9908428410913599,False
Erythritol,IL-10,time1,30,27,-0.4155893897504159,"[-0.68, -0.06]",0.024956032499094154,0.9908428410913599,False
"Ethanolamine, 2TMS",IL-10,time1,30,27,0.08577894957736396,"[-0.29, 0.44]",0.6581769109272322,0.9908428410913599,False
"Ethanolamine, 3TMS",IL-10,time1,30,27,-0.02450133141544577,"[-0.39, 0.35]",0.8996064328804274,0.9959801770656903,False
Ethyl alpha-D-glucopyranoside,IL-10,time1,30,27,0.24771819574600004,"[-0.13, 0.56]",0.19510348557590787,0.9908428410913599,False
Glyceric acid,IL-10,time1,30,27,-0.1073786818614327,"[-0.46, 0.27]",0.5792891526010867,0.9908428410913599,False
Glycerol,IL-10,time1,30,27,0.17176018106537444,"[-0.21, 0.51]",0.3729734912342668,0.9908428410913599,False
Glycolic acid,IL-10,time1,30,27,-0.2579691522834313,"[-0.57, 0.12]",0.17666396952975455,0.9908428410913599,False
L-(+)-Erythrulose,IL-10,time1,30,27,-0.3760169290170444,"[-0.65, -0.01]",0.044399105757322165,0.9908428410913599,False
L-5-Oxoproline,IL-10,time1,30,27,0.0932599701061181,"[-0.28, 0.44]",0.6303885822648773,0.9908428410913599,False
L-Alanine,IL-10,time1,30,27,0.2058283163965491,"[-0.17, 0.53]",0.2840862147013508,0.9908428410913599,False
L-Aspartic acid,IL-10,time1,30,27,-0.06482200966611973,"[-0.42, 0.31]",0.7383238230346423,0.9908428410913599,False
L-Norvaline,IL-10,time1,30,27,-0.03738421318483018,"[-0.40, 0.33]",0.8473257881132094,0.9959801770656903,False
L-Proline,IL-10,time1,30,27,0.0152827293560466,"[-0.35, 0.38]",0.9372837577287825,0.9959801770656903,False
L-Rhamnose,IL-10,time1,30,27,-0.01635123894531484,"[-0.38, 0.35]",0.932908322838155,0.9959801770656903,False
Lactic Acid.1,IL-10,time1,30,27,0.20672990825976825,"[-0.17, 0.53]",0.28193562865983923,0.9908428410913599,False
Methyl galactoside,IL-10,time1,30,27,0.10695701277770338,"[-0.27, 0.46]",0.5807883692715532,0.9908428410913599,False
N-Acetylglutamine,IL-10,time1,30,27,-0.41651574394500623,"[-0.68, -0.06]",0.024602406167216026,0.9908428410913599,False
Nonanoic acid,IL-10,time1,30,27,0.316975073612542,"[-0.06, 0.61]",0.09385630397134757,0.9908428410913599,False
Oxalic acid,IL-10,time1,30,27,0.12251848341045617,"[-0.26, 0.47]",0.5266340027020502,0.9908428410913599,False
Palmitelaidic acid,IL-10,time1,30,27,-0.08672079191154207,"[-0.44, 0.29]",0.6546528423288953,0.9908428410913599,False
1H-Indole-3-Acetic Acid,IL-11,time1,30,27,-0.07569784016146792,"[-0.43, 0.30]",0.6963332700065668,0.9908428410913599,False
2-OH-Butanoic Acid,IL-11,time1,30,27,0.005269037392403735,"[-0.36, 0.37]",0.9783587341385318,0.9959801770656903,False
3-OH-Butanoic Acid,IL-11,time1,30,27,-0.0038860641525898785,"[-0.37, 0.36]",0.9840381121338144,0.9959801770656903,False
Alanine,IL-11,time1,30,27,0.18003140318099967,"[-0.20, 0.51]",0.3500357888601975,0.9908428410913599,False
Arachidonic acid,IL-11,time1,30,27,0.1250018867241182,"[-0.25, 0.47]",0.5182228629063536,0.9908428410913599,False
Arginine [-NH3],IL-11,time1,30,27,-0.0011988677180363341,"[-0.37, 0.37]",0.9950754077028476,0.9981157142404361,False
Ascorbic Acid,IL-11,time1,30,27,-0.09013076444132176,"[-0.44, 0.29]",0.6419548858047834,0.9908428410913599,False
Asparagine,IL-11,time1,30,27,-0.04659589617677854,"[-0.41, 0.33]",0.8103154032635024,0.9959801770656903,False
Cholesterol,IL-11,time1,30,27,-0.16240344140586752,"[-0.50, 0.22]",0.39995137717789475,0.9908428410913599,False
Citric acid,IL-11,time1,30,27,-0.04502514457877427,"[-0.40, 0.33]",0.8166003766125345,0.9959801770656903,False
Cysteine,IL-11,time1,30,27,-0.1267437825797196,"[-0.47, 0.25]",0.5123625285744744,0.9908428410913599,False
Decanoic acid,IL-11,time1,30,27,-0.05306044753881175,"[-0.41, 0.32]",0.7845743213883449,0.9915137278225991,False
Glutamic Acid,IL-11,time1,30,27,-0.17347557310403788,"[-0.51, 0.21]",0.36814570922846224,0.9908428410913599,False
Glutamine [-H2O],IL-11,time1,30,27,0.1394437347055224,"[-0.24, 0.48]",0.4706434274827762,0.9908428410913599,False
Glyceraldehyde-3-P(MOX),IL-11,time1,30,27,-0.07646240663634396,"[-0.43, 0.30]",0.6934124611656779,0.9908428410913599,False
Glycerol-3-P,IL-11,time1,30,27,-0.04531253292095483,"[-0.41, 0.33]",0.8154496194452264,0.9959801770656903,False
Glycine,IL-11,time1,30,27,-0.2668328105776321,"[-0.58, 0.11]",0.1617373303301375,0.9908428410913599,False
Indole-3-Latic Acid,IL-11,time1,30,27,-0.17222990023507292,"[-0.51, 0.21]",0.3716478568220092,0.9908428410913599,False
Indole-3-Propionic Acid,IL-11,time1,30,27,-0.11133242584325578,"[-0.46, 0.27]",0.5653160106602838,0.9908428410913599,False
Lactic Acid,IL-11,time1,30,27,-0.05028023268395054,"[-0.41, 0.32]",0.795619269503016,0.9942623390051707,False
Leucine,IL-11,time1,30,27,0.015194379573328847,"[-0.35, 0.38]",0.9376456225280956,0.9959801770656903,False
Linoleic Acid,IL-11,time1,30,27,0.13339714442106534,"[-0.25, 0.48]",0.4902824579201265,0.9908428410913599,False
Lysine,IL-11,time1,30,27,-0.20277557665913065,"[-0.53, 0.18]",0.2914455307368081,0.9908428410913599,False
Methionine,IL-11,time1,30,27,-0.010289700710647788,"[-0.38, 0.36]",0.9577513540728112,0.9959801770656903,False
Oleic Acid,IL-11,time1,30,27,-0.0955187758258894,"[-0.45, 0.28]",0.622092064171234,0.9908428410913599,False
Ornithine,IL-11,time1,30,27,-0.056248243082143344,"[-0.41, 0.32]",0.7719604756610516,0.9908428410913599,False
Palmitic Acid,IL-11,time1,30,27,-0.06549684248054002,"[-0.42, 0.31]",0.7356953729955474,0.9908428410913599,False
Phenylalanine,IL-11,time1,30,27,-0.18457633694387116,"[-0.52, 0.20]",0.33779976488138996,0.9908428410913599,False
Proline,IL-11,time1,30,27,-0.2093881096105857,"[-0.53, 0.17]",0.2756557425798065,0.9908428410913599,False
Serine,IL-11,time1,30,27,-0.10476324747871439,"[-0.45, 0.27]",0.5886156500999576,0.9908428410913599,False
Stearic Acid,IL-11,time1,30,27,-0.020119277326840285,"[-0.38, 0.35]",0.917494687229828,0.9959801770656903,False
Threonine,IL-11,time1,30,27,-0.06213422948209279,"[-0.42, 0.31]",0.7488210232586721,0.9908428410913599,False
Tryptophan,IL-11,time1,30,27,-0.039813592885223986,"[-0.40, 0.33]",0.8375308805153576,0.9959801770656903,False
Tyrosine,IL-11,time1,30,27,-0.19560166909890211,"[-0.52, 0.18]",0.30921104820229317,0.9908428410913599,False
Valine,IL-11,time1,30,27,-0.09284188144567367,"[-0.44, 0.28]",0.631929080372308,0.9908428410913599,False
"(R*,R*)-2,3-Dihydroxybutanoic acid, tris(trimethylsilyl)-",IL-11,time1,30,27,-0.0032358988525368225,"[-0.37, 0.36]",0.9867083894887996,0.9959801770656903,False
1-Ethyl-1-tetradecyloxy-1-silacyclohexane,IL-11,time1,30,27,0.031858388695082555,"[-0.34, 0.39]",0.8696859193181944,0.9959801770656903,False
1-Heptadecanol,IL-11,time1,30,27,-0.1650310009517008,"[-0.50, 0.21]",0.3922660795185884,0.9908428410913599,False
1-Monooleoylglycerol,IL-11,time1,30,27,0.15995143582944235,"[-0.22, 0.50]",0.40719958504522047,0.9908428410913599,False
1-Monopalmitin,IL-11,time1,30,27,-0.21980540510392305,"[-0.54, 0.16]",0.2519189319503685,0.9908428410913599,False
"1,3-Dioxolane-2-methanol",IL-11,time1,30,27,-0.22286565005359038,"[-0.54, 0.16]",0.24520965823972576,0.9908428410913599,False
"1,5-Anhydrohexitol",IL-11,time1,30,27,0.15493377670393915,"[-0.22, 0.49]",0.42225992956902214,0.9908428410913599,False
"11-Eicosenoic acid, (E)-",IL-11,time1,30,27,-0.1366105782693644,"[-0.48, 0.24]",0.479793988865851,0.9908428410913599,False
2-Aminoadipic acid,IL-11,time1,30,27,-0.017173145776115926,"[-0.38, 0.35]",0.9295439944081011,0.9959801770656903,False
2-Aminoheptanedioic acid,IL-11,time1,30,27,-0.19190551920728854,"[-0.52, 0.19]",0.3186219572844838,0.9908428410913599,False
"2-Ethyl-3-hydroxypropionic acid, di-",IL-11,time1,30,27,-0.11132034846312296,"[-0.46, 0.27]",0.5653584602251365,0.9908428410913599,False
2-Keto-3-methylvaleric acid,IL-11,time1,30,27,0.22840982412917107,"[-0.15, 0.55]",0.2333582295772271,0.9908428410913599,False
"2,3-Butanediol",IL-11,time1,30,27,-0.2296352755456848,"[-0.55, 0.15]",0.23079128200106191,0.9908428410913599,False
"2,3,4-Trihydroxybutyric acid",IL-11,time1,30,27,0.2567578129166841,"[-0.12, 0.57]",0.1787766421061335,0.9908428410913599,False
4-Aminobutanoic acid,IL-11,time1,30,27,-0.4630942880770746,"[-0.71, -0.12]",0.011411325754182917,0.9908428410913599,False
"9-Hexadecenoic acid, (Z)-",IL-11,time1,30,27,0.0031060368909490528,"[-0.36, 0.37]",0.9872417599760479,0.9959801770656903,False
"alpha-D-Glucopyranoside, methyl 2-(acetylamino)-2-deoxy-3-O-(trimethylsilyl)-, cyclic methylboronate",IL-11,time1,30,27,-0.06715563035544345,"[-0.42, 0.31]",0.7292468987142124,0.9908428410913599,False
Aminomalonic acid,IL-11,time1,30,27,0.0854300594088443,"[-0.29, 0.44]",0.6594841702108653,0.9908428410913599,False
Arachidonic acid.1,IL-11,time1,30,27,-0.08832691876203028,"[-0.44, 0.29]",0.6486599788421006,0.9908428410913599,False
beta-Alanine,IL-11,time1,30,27,-0.07831613128673419,"[-0.43, 0.30]",0.6863487190702906,0.9908428410913599,False
beta-D-Xylopyranose,IL-11,time1,30,27,-0.04536927863130182,"[-0.41, 0.33]",0.8152224432120562,0.9959801770656903,False
Butanoic acid,IL-11,time1,30,27,0.16250912287089334,"[-0.22, 0.50]",0.3996406338099935,0.9908428410913599,False
Campesterol,IL-11,time1,30,27,-0.051689407835310515,"[-0.41, 0.32]",0.7900160739757001,0.9934709718618547,False
D-(-)-Ribofuranose,IL-11,time1,30,27,-0.146785464088921,"[-0.49, 0.23]",0.44736018274338474,0.9908428410913599,False
"D-Arabinose, tetrakis(trimethylsilyl) ether, ethyloxime (isomer 1)",IL-11,time1,30,27,-0.049820342595418766,"[-0.41, 0.32]",0.7974500635784065,0.9956885468359806,False
Diethanolamine,IL-11,time1,30,27,-0.12104024189007914,"[-0.47, 0.26]",0.5316717329869034,0.9908428410913599,False
DL-Ornithine,IL-11,time1,30,27,-0.14001981764835633,"[-0.48, 0.24]",0.46879397457718885,0.9908428410913599,False
Doconexent,IL-11,time1,30,27,-0.021146774588846954,"[-0.38, 0.35]",0.9132964186697707,0.9959801770656903,False
Dodecanoic acid,IL-11,time1,30,27,0.04473701160777367,"[-0.33, 0.40]",0.8177544899414302,0.9959801770656903,False
Erythritol,IL-11,time1,30,27,-0.379760082805407,"[-0.66, -0.02]",0.0421583784430398,0.9908428410913599,False
"Ethanolamine, 2TMS",IL-11,time1,30,27,-0.008490278889037568,"[-0.37, 0.36]",0.9651347211188543,0.9959801770656903,False
"Ethanolamine, 3TMS",IL-11,time1,30,27,-0.14755139559170347,"[-0.49, 0.23]",0.4449672961977479,0.9908428410913599,False
Ethyl alpha-D-glucopyranoside,IL-11,time1,30,27,0.03157591514337303,"[-0.34, 0.39]",0.870831736922905,0.9959801770656903,False
Glyceric acid,IL-11,time1,30,27,-0.2150676724839842,"[-0.54, 0.16]",0.2625419372854335,0.9908428410913599,False
Glycerol,IL-11,time1,30,27,0.14437504135578788,"[-0.23, 0.49]",0.4549355454546805,0.9908428410913599,False
Glycolic acid,IL-11,time1,30,27,-0.16227759997260177,"[-0.50, 0.22]",0.40032157711455063,0.9908428410913599,False
L-(+)-Erythrulose,IL-11,time1,30,27,-0.1903185442307882,"[-0.52, 0.19]",0.32271629708665306,0.9908428410913599,False
L-5-Oxoproline,IL-11,time1,30,27,-0.15997811451199023,"[-0.50, 0.22]",0.40712032674964616,0.9908428410913599,False
L-Alanine,IL-11,time1,30,27,-0.13260781252804923,"[-0.48, 0.25]",0.4928764583710944,0.9908428410913599,False
L-Aspartic acid,IL-11,time1,30,27,-0.04643218718007926,"[-0.41, 0.33]",0.8109699130906508,0.9959801770656903,False
L-Norvaline,IL-11,time1,30,27,-0.3387320807107273,"[-0.63, 0.03]",0.07226389973539553,0.9908428410913599,False
L-Proline,IL-11,time1,30,27,0.08262775057310169,"[-0.29, 0.44]",0.6700194849417646,0.9908428410913599,False
L-Rhamnose,IL-11,time1,30,27,-0.005188021919807273,"[-0.37, 0.36]",0.9786914099112338,0.9959801770656903,False
Lactic Acid.1,IL-11,time1,30,27,0.3373246063097609,"[-0.03, 0.63]",0.0735325822678889,0.9908428410913599,False
Methyl galactoside,IL-11,time1,30,27,0.06352586723669391,"[-0.31, 0.42]",0.7433803296960284,0.9908428410913599,False
N-Acetylglutamine,IL-11,time1,30,27,-0.2101264391414013,"[-0.54, 0.17]",0.2739275734911398,0.9908428410913599,False
Nonanoic acid,IL-11,time1,30,27,0.015903269732230385,"[-0.35, 0.38]",0.9347424843401521,0.9959801770656903,False
Oxalic acid,IL-11,time1,30,27,-0.14042139303600426,"[-0.48, 0.24]",0.4675070069143913,0.9908428410913599,False
Palmitelaidic acid,IL-11,time1,30,27,0.04039825325589021,"[-0.33, 0.40]",0.8351770990314781,0.9959801770656903,False
1H-Indole-3-Acetic Acid,IL-12(p40),time1,30,27,-0.17383759947524008,"[-0.51, 0.21]",0.36713153648700525,0.9908428410913599,False
2-OH-Butanoic Acid,IL-12(p40),time1,30,27,0.18844918843340655,"[-0.19, 0.52]",0.3275804747390789,0.9908428410913599,False
3-OH-Butanoic Acid,IL-12(p40),time1,30,27,0.34900471548318523,"[-0.02, 0.63]",0.06350917493848633,0.9908428410913599,False
Alanine,IL-12(p40),time1,30,27,0.10210853514578176,"[-0.27, 0.45]",0.598148491186079,0.9908428410913599,False
Arachidonic acid,IL-12(p40),time1,30,27,0.07332460403767278,"[-0.30, 0.43]",0.7054264699614123,0.9908428410913599,False
Arginine [-NH3],IL-12(p40),time1,30,27,0.09321768493038676,"[-0.28, 0.44]",0.6305443183645476,0.9908428410913599,False
Ascorbic Acid,IL-12(p40),time1,30,27,-0.2799244865007875,"[-0.59, 0.10]",0.1413673691757018,0.9908428410913599,False
Asparagine,IL-12(p40),time1,30,27,0.08578442764087495,"[-0.29, 0.44]",0.6581563929737684,0.9908428410913599,False
Cholesterol,IL-12(p40),time1,30,27,-0.24496087896729285,"[-0.56, 0.13]",0.2002824314196884,0.9908428410913599,False
Citric acid,IL-12(p40),time1,30,27,-0.19618751389827654,"[-0.52, 0.18]",0.3077354852436065,0.9908428410913599,False
Cysteine,IL-12(p40),time1,30,27,-0.05843127297366824,"[-0.42, 0.31]",0.7633548744622793,0.9908428410913599,False
Decanoic acid,IL-12(p40),time1,30,27,-0.05949870986946649,"[-0.42, 0.31]",0.7591569401149008,0.9908428410913599,False
Glutamic Acid,IL-12(p40),time1,30,27,-0.07811262585972664,"[-0.43, 0.30]",0.6871229414163664,0.9908428410913599,False
Glutamine [-H2O],IL-12(p40),time1,30,27,0.2709839658697967,"[-0.11, 0.58]",0.1550646068863139,0.9908428410913599,False
Glyceraldehyde-3-P(MOX),IL-12(p40),time1,30,27,-0.0016170828268166424,"[-0.37, 0.37]",0.993357536918569,0.9974521681507148,False
Glycerol-3-P,IL-12(p40),time1,30,27,0.020922558140474744,"[-0.35, 0.38]",0.9142123577137224,0.9959801770656903,False
Glycine,IL-12(p40),time1,30,27,-0.1596363123278145,"[-0.50, 0.22]",0.4081364253540045,0.9908428410913599,False
Indole-3-Latic Acid,IL-12(p40),time1,30,27,0.053809516654904486,"[-0.32, 0.41]",0.7816053869990481,0.9908428410913599,False
Indole-3-Propionic Acid,IL-12(p40),time1,30,27,0.013934399394764015,"[-0.35, 0.38]",0.9428075625331418,0.9959801770656903,False
Lactic Acid,IL-12(p40),time1,30,27,0.2909453754031391,"[-0.08, 0.59]",0.12571684310665218,0.9908428410913599,False
Leucine,IL-12(p40),time1,30,27,0.22522941591017173,"[-0.15, 0.55]",0.2401090242613475,0.9908428410913599,False
Linoleic Acid,IL-12(p40),time1,30,27,0.1430869258140591,"[-0.24, 0.48]",0.45901152964176084,0.9908428410913599,False
Lysine,IL-12(p40),time1,30,27,-0.17992604642453522,"[-0.51, 0.20]",0.35032254004514074,0.9908428410913599,False
Methionine,IL-12(p40),time1,30,27,0.13128434295278635,"[-0.25, 0.47]",0.4972413215446775,0.9908428410913599,False
Oleic Acid,IL-12(p40),time1,30,27,0.01669626547564066,"[-0.35, 0.38]",0.9314958775489302,0.9959801770656903,False
Ornithine,IL-12(p40),time1,30,27,0.032400796877652766,"[-0.34, 0.39]",0.8674864356660216,0.9959801770656903,False
Palmitic Acid,IL-12(p40),time1,30,27,0.05327098353900957,"[-0.32, 0.41]",0.783739561515381,0.9915137278225991,False
Phenylalanine,IL-12(p40),time1,30,27,0.03230514218501525,"[-0.34, 0.39]",0.8678742489104948,0.9959801770656903,False
Proline,IL-12(p40),time1,30,27,-0.17588201218242316,"[-0.51, 0.20]",0.36143524749345957,0.9908428410913599,False
Serine,IL-12(p40),time1,30,27,0.1262291328868796,"[-0.25, 0.47]",0.5140905872164894,0.9908428410913599,False
Stearic Acid,IL-12(p40),time1,30,27,0.02518249311638777,"[-0.34, 0.39]",0.8968299151868739,0.9959801770656903,False
Threonine,IL-12(p40),time1,30,27,0.030140054171665834,"[-0.34, 0.39]",0.8766600296850506,0.9959801770656903,False
Tryptophan,IL-12(p40),time1,30,27,-0.014155966898669624,"[-0.38, 0.35]",0.9418996653826284,0.9959801770656903,False
Tyrosine,IL-12(p40),time1,30,27,-0.2495310477528526,"[-0.56, 0.13]",0.19174938978303094,0.9908428410913599,False
Valine,IL-12(p40),time1,30,27,0.21765109467864843,"[-0.16, 0.54]",0.25671375662393836,0.9908428410913599,False
"(R*,R*)-2,3-Dihydroxybutanoic acid, tris(trimethylsilyl)-",IL-12(p40),time1,30,27,0.17511354473966617,"[-0.20, 0.51]",0.3635702458758806,0.9908428410913599,False
1-Ethyl-1-tetradecyloxy-1-silacyclohexane,IL-12(p40),time1,30,27,-0.08520846935259378,"[-0.44, 0.29]",0.6603149576415951,0.9908428410913599,False
1-Heptadecanol,IL-12(p40),time1,30,27,-0.11979233928307917,"[-0.47, 0.26]",0.5359423363284412,0.9908428410913599,False
1-Monooleoylglycerol,IL-12(p40),time1,30,27,0.21580577639145793,"[-0.16, 0.54]",0.2608680613130195,0.9908428410913599,False
1-Monopalmitin,IL-12(p40),time1,30,27,-0.12225743126077719,"[-0.47, 0.26]",0.5275219731727008,0.9908428410913599,False
"1,3-Dioxolane-2-methanol",IL-12(p40),time1,30,27,-0.053612434818190516,"[-0.41, 0.32]",0.7823862314603862,0.9908428410913599,False
"1,5-Anhydrohexitol",IL-12(p40),time1,30,27,0.15408928591433174,"[-0.23, 0.49]",0.4248245372381736,0.9908428410913599,False
"11-Eicosenoic acid, (E)-",IL-12(p40),time1,30,27,-0.031239062360690496,"[-0.39, 0.34]",0.8721984710748135,0.9959801770656903,False
2-Aminoadipic acid,IL-12(p40),time1,30,27,0.08567542040297803,"[-0.29, 0.44]",0.6585647225729676,0.9908428410913599,False
2-Aminoheptanedioic acid,IL-12(p40),time1,30,27,-0.2408226499675174,"[-0.56, 0.14]",0.20823140004402052,0.9908428410913599,False
"2-Ethyl-3-hydroxypropionic acid, di-",IL-12(p40),time1,30,27,-0.07775522705814879,"[-0.43, 0.30]",0.6884833894470263,0.9908428410913599,False
2-Keto-3-methylvaleric acid,IL-12(p40),time1,30,27,0.32240041614108345,"[-0.05, 0.62]",0.08806473472121898,0.9908428410913599,False
"2,3-Butanediol",IL-12(p40),time1,30,27,-0.23249529990700382,"[-0.55, 0.15]",0.22487424319521238,0.9908428410913599,False
"2,3,4-Trihydroxybutyric acid",IL-12(p40),time1,30,27,0.13500869388222836,"[-0.24, 0.48]",0.48500796713826233,0.9908428410913599,False
4-Aminobutanoic acid,IL-12(p40),time1,30,27,-0.3665113799211518,"[-0.65, -0.00]",0.0505165853245406,0.9908428410913599,False
"9-Hexadecenoic acid, (Z)-",IL-12(p40),time1,30,27,-0.1436496239525321,"[-0.48, 0.24]",0.4572286145189052,0.9908428410913599,False
"alpha-D-Glucopyranoside, methyl 2-(acetylamino)-2-deoxy-3-O-(trimethylsilyl)-, cyclic methylboronate",IL-12(p40),time1,30,27,-0.008650977710215758,"[-0.37, 0.36]",0.9644752200352422,0.9959801770656903,False
Aminomalonic acid,IL-12(p40),time1,30,27,0.012676681302099944,"[-0.36, 0.38]",0.9479624957955153,0.9959801770656903,False
Arachidonic acid.1,IL-12(p40),time1,30,27,-0.15484411933529965,"[-0.49, 0.22]",0.42253180044394334,0.9908428410913599,False
beta-Alanine,IL-12(p40),time1,30,27,0.028267517969671016,"[-0.34, 0.39]",0.8842702704377723,0.9959801770656903,False
beta-D-Xylopyranose,IL-12(p40),time1,30,27,-0.06800826719741651,"[-0.42, 0.31]",0.7259392902285693,0.9908428410913599,False
Butanoic acid,IL-12(p40),time1,30,27,0.07342639619812365,"[-0.30, 0.43]",0.7050356208252417,0.9908428410913599,False
Campesterol,IL-12(p40),time1,30,27,-0.14159910994516714,"[-0.48, 0.24]",0.4637433391830976,0.9908428410913599,False
D-(-)-Ribofuranose,IL-12(p40),time1,30,27,-0.1249327462925455,"[-0.47, 0.25]",0.5184561474413578,0.9908428410913599,False
"D-Arabinose, tetrakis(trimethylsilyl) ether, ethyloxime (isomer 1)",IL-12(p40),time1,30,27,0.10582535845450503,"[-0.27, 0.45]",0.5848203352626005,0.9908428410913599,False
Diethanolamine,IL-12(p40),time1,30,27,0.13122248686838767,"[-0.25, 0.47]",0.49744579960227797,0.9908428410913599,False
DL-Ornithine,IL-12(p40),time1,30,27,-0.09742789158601523,"[-0.45, 0.28]",0.6151150326735925,0.9908428410913599,False
Doconexent,IL-12(p40),time1,30,27,0.0710025878117835,"[-0.30, 0.43]",0.7143620042876608,0.9908428410913599,False
Dodecanoic acid,IL-12(p40),time1,30,27,-0.027994019243176755,"[-0.39, 0.34]",0.8853826660253371,0.9959801770656903,False
Erythritol,IL-12(p40),time1,30,27,-0.3918822023981892,"[-0.66, -0.03]",0.035514193395600045,0.9908428410913599,False
"Ethanolamine, 2TMS",IL-12(p40),time1,30,27,0.033908943570086926,"[-0.34, 0.40]",0.8613759818895695,0.9959801770656903,False
"Ethanolamine, 3TMS",IL-12(p40),time1,30,27,0.07681401957397037,"[-0.30, 0.43]",0.6920706620266146,0.9908428410913599,False
Ethyl alpha-D-glucopyranoside,IL-12(p40),time1,30,27,0.055549776241828865,"[-0.32, 0.41]",0.774719513460417,0.9908428410913599,False
Glyceric acid,IL-12(p40),time1,30,27,-0.0640721178955601,"[-0.42, 0.31]",0.741248011796292,0.9908428410913599,False
Glycerol,IL-12(p40),time1,30,27,0.23397088090525808,"[-0.14, 0.55]",0.22186178067804854,0.9908428410913599,False
Glycolic acid,IL-12(p40),time1,30,27,-0.24926412911217272,"[-0.56, 0.13]",0.1922407084592235,0.9908428410913599,False
L-(+)-Erythrulose,IL-12(p40),time1,30,27,-0.19802745791734114,"[-0.53, 0.18]",0.30312986574357126,0.9908428410913599,False
L-5-Oxoproline,IL-12(p40),time1,30,27,-0.09749533058129432,"[-0.45, 0.28]",0.6148691655447469,0.9908428410913599,False
L-Alanine,IL-12(p40),time1,30,27,-0.09463933799153744,"[-0.45, 0.28]",0.6253169020901684,0.9908428410913599,False
L-Aspartic acid,IL-12(p40),time1,30,27,-0.09142202592682233,"[-0.44, 0.28]",0.6371719383071732,0.9908428410913599,False
L-Norvaline,IL-12(p40),time1,30,27,-0.20747964229940982,"[-0.53, 0.17]",0.2801552249851065,0.9908428410913599,False
L-Proline,IL-12(p40),time1,30,27,0.018096291597398013,"[-0.35, 0.38]",0.9257666807433216,0.9959801770656903,False
L-Rhamnose,IL-12(p40),time1,30,27,0.023492362252743423,"[-0.35, 0.39]",0.9037212643768289,0.9959801770656903,False
Lactic Acid.1,IL-12(p40),time1,30,27,0.10675562289916628,"[-0.27, 0.46]",0.5815050017350565,0.9908428410913599,False
Methyl galactoside,IL-12(p40),time1,30,27,0.07439818187736631,"[-0.30, 0.43]",0.7013079856370796,0.9908428410913599,False
N-Acetylglutamine,IL-12(p40),time1,30,27,-0.26531009166964165,"[-0.58, 0.11]",0.16423550139572574,0.9908428410913599,False
Nonanoic acid,IL-12(p40),time1,30,27,-0.0065021455760973425,"[-0.37, 0.36]",0.9732956627014356,0.9959801770656903,False
Oxalic acid,IL-12(p40),time1,30,27,0.13271325546301158,"[-0.25, 0.48]",0.49252953779642195,0.9908428410913599,False
Palmitelaidic acid,IL-12(p40),time1,30,27,-0.06075228718416417,"[-0.42, 0.31]",0.7542355087174338,0.9908428410913599,False
1H-Indole-3-Acetic Acid,IL-12(p70),time1,30,27,-0.060232749947880686,"[-0.42, 0.31]",0.7562740350789358,0.9908428410913599,False
2-OH-Butanoic Acid,IL-12(p70),time1,30,27,0.020035503702222873,"[-0.35, 0.38]",0.9178370765173085,0.9959801770656903,False
3-OH-Butanoic Acid,IL-12(p70),time1,30,27,0.12661994282999844,"[-0.25, 0.47]",0.512778088790852,0.9908428410913599,False
Alanine,IL-12(p70),time1,30,27,0.25704765846170147,"[-0.12, 0.57]",0.1782695230322035,0.9908428410913599,False
Arachidonic acid,IL-12(p70),time1,30,27,0.12634752465453808,"[-0.25, 0.47]",0.5136928056734535,0.9908428410913599,False
Arginine [-NH3],IL-12(p70),time1,30,27,-0.18200398404295776,"[-0.51, 0.20]",0.3446929439112506,0.9908428410913599,False
Ascorbic Acid,IL-12(p70),time1,30,27,-0.025693502415965873,"[-0.39, 0.34]",0.8947477445782649,0.9959801770656903,False
Asparagine,IL-12(p70),time1,30,27,-0.16417508755987997,"[-0.50, 0.22]",0.3947601942757508,0.9908428410913599,False
Cholesterol,IL-12(p70),time1,30,27,-0.1885594869552861,"[-0.52, 0.19]",0.3272922319304612,0.9908428410913599,False
Citric acid,IL-12(p70),time1,30,27,-0.0773324131649184,"[-0.43, 0.30]",0.6900940697979332,0.9908428410913599,False
Cysteine,IL-12(p70),time1,30,27,0.12979482047463325,"[-0.25, 0.47]",0.5021769551561599,0.9908428410913599,False
Decanoic acid,IL-12(p70),time1,30,27,-0.14737484517463062,"[-0.49, 0.23]",0.44551825515413457,0.9908428410913599,False
Glutamic Acid,IL-12(p70),time1,30,27,-0.014921991174957471,"[-0.38, 0.35]",0.938761352504837,0.9959801770656903,False
Glutamine [-H2O],IL-12(p70),time1,30,27,-0.035860296172391976,"[-0.40, 0.34]",0.8534814695565176,0.9959801770656903,False
Glyceraldehyde-3-P(MOX),IL-12(p70),time1,30,27,-0.23275807410245322,"[-0.55, 0.15]",0.22433577189056125,0.9908428410913599,False
Glycerol-3-P,IL-12(p70),time1,30,27,0.23900647475362172,"[-0.14, 0.56]",0.21178719868899934,0.9908428410913599,False
Glycine,IL-12(p70),time1,30,27,-0.12871612436703173,"[-0.47, 0.25]",0.5057664833684479,0.9908428410913599,False
Indole-3-Latic Acid,IL-12(p70),time1,30,27,-0.2494419654515016,"[-0.56, 0.13]",0.19191326715358178,0.9908428410913599,False
Indole-3-Propionic Acid,IL-12(p70),time1,30,27,0.05124672656202107,"[-0.32, 0.41]",0.7917751849320016,0.9936962135468088,False
Lactic Acid,IL-12(p70),time1,30,27,-0.062139778671907016,"[-0.42, 0.31]",0.7487993047274476,0.9908428410913599,False
Leucine,IL-12(p70),time1,30,27,-0.09969627525746386,"[-0.45, 0.28]",0.6068675455695876,0.9908428410913599,False
Linoleic Acid,IL-12(p70),time1,30,27,0.22970100693000411,"[-0.15, 0.55]",0.2306541317349403,0.9908428410913599,False
Lysine,IL-12(p70),time1,30,27,-0.06326958766860298,"[-0.42, 0.31]",0.7443813716077768,0.9908428410913599,False
Methionine,IL-12(p70),time1,30,27,-0.07462626627463717,"[-0.43, 0.30]",0.7004340634496546,0.9908428410913599,False
Oleic Acid,IL-12(p70),time1,30,27,0.02506297557121466,"[-0.34, 0.39]",0.8973170014377656,0.9959801770656903,False
Ornithine,IL-12(p70),time1,30,27,-0.2987165220764975,"[-0.60, 0.08]",0.11547327528173158,0.9908428410913599,False
Palmitic Acid,IL-12(p70),time1,30,27,-0.06058012062538477,"[-0.42, 0.31]",0.7549108664735629,0.9908428410913599,False
Phenylalanine,IL-12(p70),time1,30,27,-0.1721599222738371,"[-0.51, 0.21]",0.3718451726592199,0.9908428410913599,False
Proline,IL-12(p70),time1,30,27,-0.17426372178972557,"[-0.51, 0.21]",0.36593991325403774,0.9908428410913599,False
Serine,IL-12(p70),time1,30,27,-0.18985867218919544,"[-0.52, 0.19]",0.323908770430532,0.9908428410913599,False
Stearic Acid,IL-12(p70),time1,30,27,0.0873720110011695,"[-0.29, 0.44]",0.6522204231260262,0.9908428410913599,False
Threonine,IL-12(p70),time1,30,27,-0.09097326603442522,"[-0.44, 0.29]",0.6388325816686777,0.9908428410913599,False
Tryptophan,IL-12(p70),time1,30,27,0.03288825762808279,"[-0.34, 0.39]",0.8655105904351866,0.9959801770656903,False
Tyrosine,IL-12(p70),time1,30,27,0.004644224070857991,"[-0.36, 0.37]",0.9809245078179966,0.9959801770656903,False
Valine,IL-12(p70),time1,30,27,-0.044255439192290594,"[-0.40, 0.33]",0.8196842536822861,0.9959801770656903,False
"(R*,R*)-2,3-Dihydroxybutanoic acid, tris(trimethylsilyl)-",IL-12(p70),time1,30,27,0.18089396631226481,"[-0.20, 0.51]",0.3476934221975344,0.9908428410913599,False
1-Ethyl-1-tetradecyloxy-1-silacyclohexane,IL-12(p70),time1,30,27,0.17170231044028975,"[-0.21, 0.51]",0.3731370037145657,0.9908428410913599,False
1-Heptadecanol,IL-12(p70),time1,30,27,-0.05233883988426474,"[-0.41, 0.32]",0.7874372118654122,0.9929343175924611,False
1-Monooleoylglycerol,IL-12(p70),time1,30,27,0.0035031452441766724,"[-0.36, 0.37]",0.9856107700288683,0.9959801770656903,False
1-Monopalmitin,IL-12(p70),time1,30,27,0.06417070401697242,"[-0.31, 0.42]",0.7408633747961626,0.9908428410913599,False
"1,3-Dioxolane-2-methanol",IL-12(p70),time1,30,27,-0.1391356819011568,"[-0.48, 0.24]",0.4716339546382733,0.9908428410913599,False
"1,5-Anhydrohexitol",IL-12(p70),time1,30,27,0.3326065650997629,"[-0.04, 0.62]",0.07791095113917883,0.9908428410913599,False
"11-Eicosenoic acid, (E)-",IL-12(p70),time1,30,27,-0.01900012156569857,"[-0.38, 0.35]",0.9220699314058501,0.9959801770656903,False
2-Aminoadipic acid,IL-12(p70),time1,30,27,0.33133844726202344,"[-0.04, 0.62]",0.07912122236277494,0.9908428410913599,False
2-Aminoheptanedioic acid,IL-12(p70),time1,30,27,-0.05545948572885085,"[-0.41, 0.32]",0.7750763698133459,0.9908428410913599,False
"2-Ethyl-3-hydroxypropionic acid, di-",IL-12(p70),time1,30,27,-0.014537716097758566,"[-0.38, 0.35]",0.9403355738151007,0.9959801770656903,False
2-Keto-3-methylvaleric acid,IL-12(p70),time1,30,27,-0.05460322192063135,"[-0.41, 0.32]",0.7784628104059723,0.9908428410913599,False
"2,3-Butanediol",IL-12(p70),time1,30,27,-0.2093035366222145,"[-0.53, 0.17]",0.275854144912814,0.9908428410913599,False
"2,3,4-Trihydroxybutyric acid",IL-12(p70),time1,30,27,0.09036498860096855,"[-0.29, 0.44]",0.6410862506972355,0.9908428410913599,False
4-Aminobutanoic acid,IL-12(p70),time1,30,27,-0.2999338824247101,"[-0.60, 0.07]",0.11392641464680102,0.9908428410913599,False
"9-Hexadecenoic acid, (Z)-",IL-12(p70),time1,30,27,-0.126936123484376,"[-0.47, 0.25]",0.5117174324763493,0.9908428410913599,False
"alpha-D-Glucopyranoside, methyl 2-(acetylamino)-2-deoxy-3-O-(trimethylsilyl)-, cyclic methylboronate",IL-12(p70),time1,30,27,0.023369122265799395,"[-0.35, 0.39]",0.9042240375428465,0.9959801770656903,False
Aminomalonic acid,IL-12(p70),time1,30,27,-0.04843046359807357,"[-0.41, 0.32]",0.8029894400624017,0.9959801770656903,False
Arachidonic acid.1,IL-12(p70),time1,30,27,-0.021301119121270518,"[-0.38, 0.35]",0.9126659740794261,0.9959801770656903,False
beta-Alanine,IL-12(p70),time1,30,27,-0.3373597956546088,"[-0.63, 0.03]",0.07350065504922815,0.9908428410913599,False
beta-D-Xylopyranose,IL-12(p70),time1,30,27,-0.02578639434876685,"[-0.39, 0.34]",0.8943693179619797,0.9959801770656903,False
Butanoic acid,IL-12(p70),time1,30,27,0.2634865990576262,"[-0.11, 0.57]",0.16726303872332096,0.9908428410913599,False
Campesterol,IL-12(p70),time1,30,27,0.070687526363791,"[-0.30, 0.43]",0.7155772988798419,0.9908428410913599,False
D-(-)-Ribofuranose,IL-12(p70),time1,30,27,0.1244227787734436,"[-0.25, 0.47]",0.5201783924367169,0.9908428410913599,False
"D-Arabinose, tetrakis(trimethylsilyl) ether, ethyloxime (isomer 1)",IL-12(p70),time1,30,27,-0.027581756160861243,"[-0.39, 0.34]",0.8870598570151833,0.9959801770656903,False
Diethanolamine,IL-12(p70),time1,30,27,0.21939168917275154,"[-0.16, 0.54]",0.25283513338862473,0.9908428410913599,False
DL-Ornithine,IL-12(p70),time1,30,27,0.07521528364797594,"[-0.30, 0.43]",0.6981789318559576,0.9908428410913599,False
Doconexent,IL-12(p70),time1,30,27,0.14348884182787322,"[-0.24, 0.48]",0.4577376797240653,0.9908428410913599,False
Dodecanoic acid,IL-12(p70),time1,30,27,0.0703845312841612,"[-0.30, 0.43]",0.7167466912449961,0.9908428410913599,False
Erythritol,IL-12(p70),time1,30,27,-0.34744702543820716,"[-0.63, 0.02]",0.06478072235298855,0.9908428410913599,False
"Ethanolamine, 2TMS",IL-12(p70),time1,30,27,0.08694888943234164,"[-0.29, 0.44]",0.6538004623738201,0.9908428410913599,False
"Ethanolamine, 3TMS",IL-12(p70),time1,30,27,-0.16363693245805236,"[-0.50, 0.22]",0.39633298769655023,0.9908428410913599,False
Ethyl alpha-D-glucopyranoside,IL-12(p70),time1,30,27,0.1429887600132493,"[-0.24, 0.48]",0.45932294497470616,0.9908428410913599,False
Glyceric acid,IL-12(p70),time1,30,27,-0.10587878392723976,"[-0.45, 0.27]",0.584629710146525,0.9908428410913599,False
Glycerol,IL-12(p70),time1,30,27,0.36045862883926644,"[-0.01, 0.64]",0.05474657944880085,0.9908428410913599,False
Glycolic acid,IL-12(p70),time1,30,27,0.11664458380294147,"[-0.26, 0.46]",0.5467864807034175,0.9908428410913599,False
L-(+)-Erythrulose,IL-12(p70),time1,30,27,0.1204374852426106,"[-0.26, 0.47]",0.5337324691237485,0.9908428410913599,False
L-5-Oxoproline,IL-12(p70),time1,30,27,-0.21186298305534046,"[-0.54, 0.17]",0.2698905200459081,0.9908428410913599,False
L-Alanine,IL-12(p70),time1,30,27,-0.04724660959282466,"[-0.41, 0.32]",0.8077150867547332,0.9959801770656903,False
L-Aspartic acid,IL-12(p70),time1,30,27,-0.05537463423838107,"[-0.41, 0.32]",0.7754117702953074,0.9908428410913599,False
L-Norvaline,IL-12(p70),time1,30,27,0.16835963183323488,"[-0.21, 0.50]",0.3826525812351579,0.9908428410913599,False
L-Proline,IL-12(p70),time1,30,27,0.27375939873380306,"[-0.10, 0.58]",0.15071469600904236,0.9908428410913599,False
L-Rhamnose,IL-12(p70),time1,30,27,0.19209834475081733,"[-0.19, 0.52]",0.31812666997664474,0.9908428410913599,False
Lactic Acid.1,IL-12(p70),time1,30,27,0.05381884839649002,"[-0.32, 0.41]",0.7815684194860019,0.9908428410913599,False
Methyl galactoside,IL-12(p70),time1,30,27,0.25056387691223864,"[-0.13, 0.57]",0.1898564626150877,0.9908428410913599,False
N-Acetylglutamine,IL-12(p70),time1,30,27,-0.036007272294748455,"[-0.40, 0.33]",0.8528874043057455,0.9959801770656903,False
Nonanoic acid,IL-12(p70),time1,30,27,0.2739036458110269,"[-0.10, 0.58]",0.15049104237846866,0.9908428410913599,False
Oxalic acid,IL-12(p70),time1,30,27,0.1892414449040015,"[-0.19, 0.52]",0.32551352337414585,0.9908428410913599,False
Palmitelaidic acid,IL-12(p70),time1,30,27,0.10145273495833061,"[-0.28, 0.45]",0.6005135522790345,0.9908428410913599,False
1H-Indole-3-Acetic Acid,IL-19,time1,30,27,-0.05796624708539488,"[-0.42, 0.32]",0.7651857548990191,0.9908428410913599,False
2-OH-Butanoic Acid,IL-19,time1,30,27,-0.05791384325489269,"[-0.42, 0.32]",0.7653921548749797,0.9908428410913599,False
3-OH-Butanoic Acid,IL-19,time1,30,27,-0.0002676631955816781,"[-0.37, 0.37]",0.9989005128824804,0.9989005128824804,False
Alanine,IL-19,time1,30,27,0.459583309658844,"[0.11, 0.71]",0.012135593881543746,0.9908428410913599,False
Arachidonic acid,IL-19,time1,30,27,0.31146310927153664,"[-0.06, 0.61]",0.10003071759464292,0.9908428410913599,False
Arginine [-NH3],IL-19,time1,30,27,-0.1826508120112098,"[-0.51, 0.20]",0.34295171704442096,0.9908428410913599,False
Ascorbic Acid,IL-19,time1,30,27,0.11444859539844965,"[-0.26, 0.46]",0.5544118969855798,0.9908428410913599,False
Asparagine,IL-19,time1,30,27,-0.2636478836549751,"[-0.57, 0.11]",0.16699367585250985,0.9908428410913599,False
Cholesterol,IL-19,time1,30,27,-0.3378307523202068,"[-0.63, 0.03]",0.0730743851802546,0.9908428410913599,False
Citric acid,IL-19,time1,30,27,-0.1860176335893838,"[-0.52, 0.19]",0.33397428339529645,0.9908428410913599,False
Cysteine,IL-19,time1,30,27,0.3434591214532259,"[-0.03, 0.63]",0.06812637145605681,0.9908428410913599,False
Decanoic acid,IL-19,time1,30,27,-0.11679190759854141,"[-0.46, 0.26]",0.5462766682950679,0.9908428410913599,False
Glutamic Acid,IL-19,time1,30,27,-0.08145025766832861,"[-0.43, 0.29]",0.6744647605002266,0.9908428410913599,False
Glutamine [-H2O],IL-19,time1,30,27,-0.011729565623753727,"[-0.38, 0.36]",0.9518457494421326,0.9959801770656903,False
Glyceraldehyde-3-P(MOX),IL-19,time1,30,27,-0.2627158046595743,"[-0.57, 0.11]",0.16855460092980512,0.9908428410913599,False
Glycerol-3-P,IL-19,time1,30,27,0.16969325848065275,"[-0.21, 0.50]",0.3788394667495262,0.9908428410913599,False
Glycine,IL-19,time1,30,27,0.2556829065057911,"[-0.12, 0.57]",0.18066615142255224,0.9908428410913599,False
Indole-3-Latic Acid,IL-19,time1,30,27,-0.2171432301615871,"[-0.54, 0.16]",0.25785274894677007,0.9908428410913599,False
Indole-3-Propionic Acid,IL-19,time1,30,27,0.021784736502437913,"[-0.35, 0.39]",0.9106909000016696,0.9959801770656903,False
Lactic Acid,IL-19,time1,30,27,-0.12777758047814652,"[-0.47, 0.25]",0.5088999612770371,0.9908428410913599,False
Leucine,IL-19,time1,30,27,-0.05196485420717036,"[-0.41, 0.32]",0.7889220236378454,0.9934709718618547,False
Linoleic Acid,IL-19,time1,30,27,-0.05020978329393703,"[-0.41, 0.32]",0.7958996556075874,0.9942623390051707,False
Lysine,IL-19,time1,30,27,0.16476766791332761,"[-0.21, 0.50]",0.393032465040303,0.9908428410913599,False
Methionine,IL-19,time1,30,27,0.07913476195900478,"[-0.30, 0.43]",0.6832374371974377,0.9908428410913599,False
Oleic Acid,IL-19,time1,30,27,-0.06839534368058986,"[-0.42, 0.31]",0.7244393014998708,0.9908428410913599,False
Ornithine,IL-19,time1,30,27,0.021422239380967285,"[-0.35, 0.38]",0.9121712755554189,0.9959801770656903,False
Palmitic Acid,IL-19,time1,30,27,-0.10676490969213469,"[-0.46, 0.27]",0.5814719467254665,0.9908428410913599,False
Phenylalanine,IL-19,time1,30,27,-0.253514891147939,"[-0.57, 0.12]",0.1845196213296766,0.9908428410913599,False
Proline,IL-19,time1,30,27,0.14649619872142386,"[-0.23, 0.49]",0.44826568348249896,0.9908428410913599,False
Serine,IL-19,time1,30,27,0.24149138422780606,"[-0.14, 0.56]",0.20693246211448033,0.9908428410913599,False
Stearic Acid,IL-19,time1,30,27,0.07203556780455837,"[-0.30, 0.43]",0.710382268382463,0.9908428410913599,False
Threonine,IL-19,time1,30,27,0.20061860582672542,"[-0.18, 0.53]",0.29671758479986826,0.9908428410913599,False
Tryptophan,IL-19,time1,30,27,-0.18907747629229496,"[-0.52, 0.19]",0.3259406500533425,0.9908428410913599,False
Tyrosine,IL-19,time1,30,27,0.010636588312218595,"[-0.36, 0.38]",0.9563283832699844,0.9959801770656903,False
Valine,IL-19,time1,30,27,-0.06595087337087674,"[-0.42, 0.31]",0.733928577551591,0.9908428410913599,False
"(R*,R*)-2,3-Dihydroxybutanoic acid, tris(trimethylsilyl)-",IL-19,time1,30,27,0.3939014824331125,"[0.03, 0.66]",0.034494197471713325,0.9908428410913599,False
1-Ethyl-1-tetradecyloxy-1-silacyclohexane,IL-19,time1,30,27,0.20566926732008275,"[-0.17, 0.53]",0.2844666814984782,0.9908428410913599,False
1-Heptadecanol,IL-19,time1,30,27,0.032352006318304254,"[-0.34, 0.39]",0.8676842436942109,0.9959801770656903,False
1-Monooleoylglycerol,IL-19,time1,30,27,0.142729697667356,"[-0.24, 0.48]",0.46014531459406105,0.9908428410913599,False
1-Monopalmitin,IL-19,time1,30,27,0.11760148384936155,"[-0.26, 0.46]",0.5434791104287306,0.9908428410913599,False
"1,3-Dioxolane-2-methanol",IL-19,time1,30,27,-0.20421457353787734,"[-0.53, 0.18]",0.28796158607947375,0.9908428410913599,False
"1,5-Anhydrohexitol",IL-19,time1,30,27,0.14490098997013864,"[-0.23, 0.49]",0.45327683247315864,0.9908428410913599,False
"11-Eicosenoic acid, (E)-",IL-19,time1,30,27,0.14377823677926718,"[-0.24, 0.48]",0.4568216191042479,0.9908428410913599,False
2-Aminoadipic acid,IL-19,time1,30,27,0.28633270347368395,"[-0.09, 0.59]",0.13210435949178823,0.9908428410913599,False
2-Aminoheptanedioic acid,IL-19,time1,30,27,-0.2006207507011671,"[-0.53, 0.18]",0.2967123126242438,0.9908428410913599,False
"2-Ethyl-3-hydroxypropionic acid, di-",IL-19,time1,30,27,0.007193656873076965,"[-0.36, 0.37]",0.9704567887993524,0.9959801770656903,False
2-Keto-3-methylvaleric acid,IL-19,time1,30,27,-0.021431556204111583,"[-0.38, 0.35]",0.9121332236399642,0.9959801770656903,False
"2,3-Butanediol",IL-19,time1,30,27,-0.22117540961726323,"[-0.54, 0.16]",0.24890056734264013,0.9908428410913599,False
"2,3,4-Trihydroxybutyric acid",IL-19,time1,30,27,-0.0818412687113648,"[-0.44, 0.29]",0.6729874163623235,0.9908428410913599,False
4-Aminobutanoic acid,IL-19,time1,30,27,-0.02457467067527418,"[-0.39, 0.35]",0.8993074347520493,0.9959801770656903,False
"9-Hexadecenoic acid, (Z)-",IL-19,time1,30,27,-0.22975100955378736,"[-0.55, 0.15]",0.23054983653614047,0.9908428410913599,False
"alpha-D-Glucopyranoside, methyl 2-(acetylamino)-2-deoxy-3-O-(trimethylsilyl)-, cyclic methylboronate",IL-19,time1,30,27,0.02207423600503488,"[-0.35, 0.39]",0.9095088438511256,0.9959801770656903,False
Aminomalonic acid,IL-19,time1,30,27,0.41558974271777915,"[0.06, 0.68]",0.02495589697154291,0.9908428410913599,False
Arachidonic acid.1,IL-19,time1,30,27,-0.1208870751419135,"[-0.47, 0.26]",0.5321950268507871,0.9908428410913599,False
beta-Alanine,IL-19,time1,30,27,0.10211008458056077,"[-0.27, 0.45]",0.5981429080699527,0.9908428410913599,False
beta-D-Xylopyranose,IL-19,time1,30,27,-0.0828508665634473,"[-0.44, 0.29]",0.669178398029231,0.9908428410913599,False
Butanoic acid,IL-19,time1,30,27,0.19010971093158047,"[-0.19, 0.52]",0.32325747812537375,0.9908428410913599,False
Campesterol,IL-19,time1,30,27,0.09849772421622789,"[-0.28, 0.45]",0.6112194899683554,0.9908428410913599,False
D-(-)-Ribofuranose,IL-19,time1,30,27,-0.039499912666625024,"[-0.40, 0.33]",0.8387942911436448,0.9959801770656903,False
"D-Arabinose, tetrakis(trimethylsilyl) ether, ethyloxime (isomer 1)",IL-19,time1,30,27,0.20433896413952984,"[-0.18, 0.53]",0.2876616743084659,0.9908428410913599,False
Diethanolamine,IL-19,time1,30,27,0.33723869168042825,"[-0.03, 0.63]",0.07361057735797878,0.9908428410913599,False
DL-Ornithine,IL-19,time1,30,27,-0.09239578074264071,"[-0.44, 0.28]",0.633574455741106,0.9908428410913599,False
Doconexent,IL-19,time1,30,27,0.30248515325576614,"[-0.07, 0.60]",0.11073458261940038,0.9908428410913599,False
Dodecanoic acid,IL-19,time1,30,27,-0.09092227689214927,"[-0.44, 0.29]",0.639021376135939,0.9908428410913599,False
Erythritol,IL-19,time1,30,27,0.09199615665594323,"[-0.28, 0.44]",0.6350498621549123,0.9908428410913599,False
"Ethanolamine, 2TMS",IL-19,time1,30,27,0.14426045257055117,"[-0.23, 0.49]",0.4552973576532727,0.9908428410913599,False
"Ethanolamine, 3TMS",IL-19,time1,30,27,0.20035961466499191,"[-0.18, 0.53]",0.29735462840840055,0.9908428410913599,False
Ethyl alpha-D-glucopyranoside,IL-19,time1,30,27,0.1696040527292749,"[-0.21, 0.50]",0.3790938338618999,0.9908428410913599,False
Glyceric acid,IL-19,time1,30,27,0.06291223644843255,"[-0.31, 0.42]",0.7457778848146714,0.9908428410913599,False
Glycerol,IL-19,time1,30,27,0.049421167092576976,"[-0.32, 0.41]",0.7990400094633685,0.9959801770656903,False
Glycolic acid,IL-19,time1,30,27,0.04864030338007403,"[-0.32, 0.41]",0.8021525159441052,0.9959801770656903,False
L-(+)-Erythrulose,IL-19,time1,30,27,-0.01989317771487618,"[-0.38, 0.35]",0.9184188067637974,0.9959801770656903,False
L-5-Oxoproline,IL-19,time1,30,27,-0.04565115689292705,"[-0.41, 0.33]",0.8140941870056008,0.9959801770656903,False
L-Alanine,IL-19,time1,30,27,0.06266097467049211,"[-0.31, 0.42]",0.746760277245271,0.9908428410913599,False
L-Aspartic acid,IL-19,time1,30,27,0.05148236969553778,"[-0.32, 0.41]",0.7908386696374943,0.9935446102304981,False
L-Norvaline,IL-19,time1,30,27,0.02364897461473559,"[-0.35, 0.39]",0.9030823969298506,0.9959801770656903,False
L-Proline,IL-19,time1,30,27,0.3120161245239455,"[-0.06, 0.61]",0.09939780455894759,0.9908428410913599,False
L-Rhamnose,IL-19,time1,30,27,-0.06674128948531774,"[-0.42, 0.31]",0.7308559606327812,0.9908428410913599,False
Lactic Acid.1,IL-19,time1,30,27,-0.02872817775459114,"[-0.39, 0.34]",0.8823971260692902,0.9959801770656903,False
Methyl galactoside,IL-19,time1,30,27,0.16643674141932285,"[-0.21, 0.50]",0.388189398056876,0.9908428410913599,False
N-Acetylglutamine,IL-19,time1,30,27,-0.19048915573956546,"[-0.52, 0.19]",0.3222745797947921,0.9908428410913599,False
Nonanoic acid,IL-19,time1,30,27,0.4329309983862594,"[0.08, 0.69]",0.018984895657514645,0.9908428410913599,False
Oxalic acid,IL-19,time1,30,27,0.2138175773195726,"[-0.17, 0.54]",0.2653928319647704,0.9908428410913599,False
Palmitelaidic acid,IL-19,time1,30,27,0.11006274292771977,"[-0.27, 0.46]",0.5697865776403788,0.9908428410913599,False
1H-Indole-3-Acetic Acid,IL-20,time1,30,27,-0.21354258005794632,"[-0.54, 0.17]",0.2660226625770925,0.9908428410913599,False
2-OH-Butanoic Acid,IL-20,time1,30,27,0.041927306163461124,"[-0.33, 0.40]",0.8290279206560344,0.9959801770656903,False
3-OH-Butanoic Acid,IL-20,time1,30,27,0.23386811472207836,"[-0.15, 0.55]",0.22207069455718575,0.9908428410913599,False
Alanine,IL-20,time1,30,27,0.2230406515704605,"[-0.16, 0.54]",0.24482959467868046,0.9908428410913599,False
Arachidonic acid,IL-20,time1,30,27,-0.003573220507718133,"[-0.37, 0.36]",0.9853229649901272,0.9959801770656903,False
Arginine [-NH3],IL-20,time1,30,27,0.056381740570967454,"[-0.32, 0.41]",0.7714334509896057,0.9908428410913599,False
Ascorbic Acid,IL-20,time1,30,27,-0.25232412138530214,"[-0.57, 0.13]",0.18666035137071457,0.9908428410913599,False
Asparagine,IL-20,time1,30,27,0.009805584842292575,"[-0.36, 0.37]",0.959737461556134,0.9959801770656903,False
Cholesterol,IL-20,time1,30,27,-0.13084310222479295,"[-0.47, 0.25]",0.4987008571126934,0.9908428410913599,False
Citric acid,IL-20,time1,30,27,-0.15949778350345428,"[-0.50, 0.22]",0.40854864480263353,0.9908428410913599,False
Cysteine,IL-20,time1,30,27,-0.011186616071931449,"[-0.38, 0.36]",0.9540723801570256,0.9959801770656903,False
Decanoic acid,IL-20,time1,30,27,-0.10067744917994488,"[-0.45, 0.28]",0.6033146529597297,0.9908428410913599,False
Glutamic Acid,IL-20,time1,30,27,-0.08742752699999384,"[-0.44, 0.29]",0.6520132218585982,0.9908428410913599,False
Glutamine [-H2O],IL-20,time1,30,27,0.20817742373712336,"[-0.17, 0.53]",0.2785046812226208,0.9908428410913599,False
Glyceraldehyde-3-P(MOX),IL-20,time1,30,27,-0.08655933836397897,"[-0.44, 0.29]",0.6552564365642057,0.9908428410913599,False
Glycerol-3-P,IL-20,time1,30,27,0.05994552323610062,"[-0.31, 0.42]",0.7574017246741112,0.9908428410913599,False
Glycine,IL-20,time1,30,27,-0.17204691527754642,"[-0.51, 0.21]",0.37216394616560233,0.9908428410913599,False
Indole-3-Latic Acid,IL-20,time1,30,27,-0.028027189400086208,"[-0.39, 0.34]",0.8852477423510461,0.9959801770656903,False
Indole-3-Propionic Acid,IL-20,time1,30,27,0.12309716796699426,"[-0.25, 0.47]",0.5246681740885728,0.9908428410913599,False
Lactic Acid,IL-20,time1,30,27,0.013608668267623797,"[-0.35, 0.38]",0.9441424085059529,0.9959801770656903,False
Leucine,IL-20,time1,30,27,0.0851259227157208,"[-0.29, 0.44]",0.6606245432912343,0.9908428410913599,False
Linoleic Acid,IL-20,time1,30,27,-0.001943978677107784,"[-0.37, 0.36]",0.9920147912351482,0.9969257555481935,False
Lysine,IL-20,time1,30,27,-0.0586744800925794,"[-0.42, 0.31]",0.7623978258610642,0.9908428410913599,False
Methionine,IL-20,time1,30,27,0.12212385349171521,"[-0.26, 0.47]",0.5279766171169922,0.9908428410913599,False
Oleic Acid,IL-20,time1,30,27,-0.025081800899164793,"[-0.39, 0.34]",0.8972402775695141,0.9959801770656903,False
Ornithine,IL-20,time1,30,27,-0.17958620913389284,"[-0.51, 0.20]",0.35124843792830174,0.9908428410913599,False
Palmitic Acid,IL-20,time1,30,27,-0.047639416430230466,"[-0.41, 0.32]",0.8061463584712751,0.9959801770656903,False
Phenylalanine,IL-20,time1,30,27,0.1112284056941953,"[-0.27, 0.46]",0.5656816679422114,0.9908428410913599,False
Proline,IL-20,time1,30,27,-0.19505006580849144,"[-0.52, 0.18]",0.3106043908574174,0.9908428410913599,False
Serine,IL-20,time1,30,27,0.17061088785538323,"[-0.21, 0.51]",0.3762286340259453,0.9908428410913599,False
Stearic Acid,IL-20,time1,30,27,0.01632798358709435,"[-0.35, 0.38]",0.933003531199648,0.9959801770656903,False
Threonine,IL-20,time1,30,27,0.1762345933681393,"[-0.20, 0.51]",0.3604581735974153,0.9908428410913599,False
Tryptophan,IL-20,time1,30,27,0.017659880689246826,"[-0.35, 0.38]",0.9275521883436804,0.9959801770656903,False
Tyrosine,IL-20,time1,30,27,-0.0572914446470024,"[-0.42, 0.32]",0.7678447587055349,0.9908428410913599,False
Valine,IL-20,time1,30,27,0.022400328026877463,"[-0.35, 0.39]",0.9081776030700932,0.9959801770656903,False
"(R*,R*)-2,3-Dihydroxybutanoic acid, tris(trimethylsilyl)-",IL-20,time1,30,27,0.298525682767531,"[-0.08, 0.60]",0.11571717363085197,0.9908428410913599,False
1-Ethyl-1-tetradecyloxy-1-silacyclohexane,IL-20,time1,30,27,0.029214172002295046,"[-0.34, 0.39]",0.8804216386069257,0.9959801770656903,False
1-Heptadecanol,IL-20,time1,30,27,-0.02932630403269934,"[-0.39, 0.34]",0.8799659393735682,0.9959801770656903,False
1-Monooleoylglycerol,IL-20,time1,30,27,0.10242411266325793,"[-0.27, 0.45]",0.5970118239595589,0.9908428410913599,False
1-Monopalmitin,IL-20,time1,30,27,-0.05410960683590862,"[-0.41, 0.32]",0.7804168191624967,0.9908428410913599,False
"1,3-Dioxolane-2-methanol",IL-20,time1,30,27,-0.2656810008988009,"[-0.58, 0.11]",0.16362447849446682,0.9908428410913599,False
"1,5-Anhydrohexitol",IL-20,time1,30,27,0.1524509302812443,"[-0.23, 0.49]",0.4298244028594218,0.9908428410913599,False
"11-Eicosenoic acid, (E)-",IL-20,time1,30,27,0.08148925320602757,"[-0.29, 0.44]",0.6743173716874984,0.9908428410913599,False
2-Aminoadipic acid,IL-20,time1,30,27,0.269849583132474,"[-0.11, 0.58]",0.15686814358144002,0.9908428410913599,False
2-Aminoheptanedioic acid,IL-20,time1,30,27,-0.1410706460226776,"[-0.48, 0.24]",0.46543019626494564,0.9908428410913599,False
"2-Ethyl-3-hydroxypropionic acid, di-",IL-20,time1,30,27,0.095000477020176,"[-0.28, 0.45]",0.6239918071624863,0.9908428410913599,False
2-Keto-3-methylvaleric acid,IL-20,time1,30,27,0.1268205074527428,"[-0.25, 0.47]",0.5121051515114097,0.9908428410913599,False
"2,3-Butanediol",IL-20,time1,30,27,-0.2426400161231854,"[-0.56, 0.14]",0.20471434543615927,0.9908428410913599,False
"2,3,4-Trihydroxybutyric acid",IL-20,time1,30,27,-0.15742231416959707,"[-0.50, 0.22]",0.4147525423441035,0.9908428410913599,False
4-Aminobutanoic acid,IL-20,time1,30,27,-0.30371256670140595,"[-0.60, 0.07]",0.10922293614381673,0.9908428410913599,False
"9-Hexadecenoic acid, (Z)-",IL-20,time1,30,27,-0.12173821484166616,"[-0.47, 0.26]",0.5292902287660688,0.9908428410913599,False
"alpha-D-Glucopyranoside, methyl 2-(acetylamino)-2-deoxy-3-O-(trimethylsilyl)-, cyclic methylboronate",IL-20,time1,30,27,-0.20505379599768225,"[-0.53, 0.17]",0.2859420341671069,0.9908428410913599,False
Aminomalonic acid,IL-20,time1,30,27,0.08375069248738172,"[-0.29, 0.44]",0.6657902780667957,0.9908428410913599,False
Arachidonic acid.1,IL-20,time1,30,27,0.10315833092513972,"[-0.27, 0.45]",0.5943708641398371,0.9908428410913599,False
beta-Alanine,IL-20,time1,30,27,-0.0805978633108386,"[-0.43, 0.29]",0.6776894333844418,0.9908428410913599,False
beta-D-Xylopyranose,IL-20,time1,30,27,-0.024163242531134888,"[-0.39, 0.35]",0.9009849666192209,0.9959801770656903,False
Butanoic acid,IL-20,time1,30,27,0.20334699210320908,"[-0.18, 0.53]",0.2900588960948589,0.9908428410913599,False
Campesterol,IL-20,time1,30,27,0.2395198633121327,"[-0.14, 0.56]",0.2107778931112145,0.9908428410913599,False
D-(-)-Ribofuranose,IL-20,time1,30,27,-0.06793669136377466,"[-0.42, 0.31]",0.7262167678742211,0.9908428410913599,False
"D-Arabinose, tetrakis(trimethylsilyl) ether, ethyloxime (isomer 1)",IL-20,time1,30,27,0.13076412920679675,"[-0.25, 0.47]",0.4989623103921582,0.9908428410913599,False
Diethanolamine,IL-20,time1,30,27,0.3047034548296196,"[-0.07, 0.60]",0.10801385486410289,0.9908428410913599,False
DL-Ornithine,IL-20,time1,30,27,-0.11210681130303618,"[-0.46, 0.27]",0.5625972225451095,0.9908428410913599,False
Doconexent,IL-20,time1,30,27,0.22082655085921463,"[-0.16, 0.54]",0.24966689200832626,0.9908428410913599,False
Dodecanoic acid,IL-20,time1,30,27,0.06695738333304264,"[-0.31, 0.42]",0.7300166364082714,0.9908428410913599,False
Erythritol,IL-20,time1,30,27,-0.0749837913775551,"[-0.43, 0.30]",0.6990649323926817,0.9908428410913599,False
"Ethanolamine, 2TMS",IL-20,time1,30,27,0.21828646027607607,"[-0.16, 0.54]",0.2552934620133253,0.9908428410913599,False
"Ethanolamine, 3TMS",IL-20,time1,30,27,0.11972291144863557,"[-0.26, 0.47]",0.536180411434142,0.9908428410913599,False
Ethyl alpha-D-glucopyranoside,IL-20,time1,30,27,0.10276847342566324,"[-0.27, 0.45]",0.5957725421475174,0.9908428410913599,False
Glyceric acid,IL-20,time1,30,27,0.007194612724357981,"[-0.36, 0.37]",0.9704528649622359,0.9959801770656903,False
Glycerol,IL-20,time1,30,27,0.16432677446685368,"[-0.22, 0.50]",0.39431752345057736,0.9908428410913599,False
Glycolic acid,IL-20,time1,30,27,-0.17940885259075756,"[-0.51, 0.20]",0.35173223187822367,0.9908428410913599,False
L-(+)-Erythrulose,IL-20,time1,30,27,-0.0147695893944972,"[-0.38, 0.35]",0.9393856549659017,0.9959801770656903,False
L-5-Oxoproline,IL-20,time1,30,27,-0.08483309672598745,"[-0.44, 0.29]",0.6617232092081331,0.9908428410913599,False
L-Alanine,IL-20,time1,30,27,-0.19647502071171344,"[-0.53, 0.18]",0.3070129545085013,0.9908428410913599,False
L-Aspartic acid,IL-20,time1,30,27,-0.038570636528247756,"[-0.40, 0.33]",0.8425394284831454,0.9959801770656903,False
L-Norvaline,IL-20,time1,30,27,0.05735019458701831,"[-0.32, 0.42]",0.7676131564493031,0.9908428410913599,False
L-Proline,IL-20,time1,30,27,0.1861807444490841,"[-0.19, 0.52]",0.3335430219658865,0.9908428410913599,False
L-Rhamnose,IL-20,time1,30,27,0.1247980650337124,"[-0.25, 0.47]",0.5189107181370409,0.9908428410913599,False
Lactic Acid.1,IL-20,time1,30,27,-0.011483996425939873,"[-0.38, 0.36]",0.9528527833493935,0.9959801770656903,False
Methyl galactoside,IL-20,time1,30,27,0.10052212108677978,"[-0.28, 0.45]",0.603876517665239,0.9908428410913599,False
N-Acetylglutamine,IL-20,time1,30,27,-0.19756832184556328,"[-0.53, 0.18]",0.30427507492232925,0.9908428410913599,False
Nonanoic acid,IL-20,time1,30,27,0.29627873976726754,"[-0.08, 0.60]",0.11861761715144997,0.9908428410913599,False
Oxalic acid,IL-20,time1,30,27,0.12585095316887032,"[-0.25, 0.47]",0.5153622352532203,0.9908428410913599,False
Palmitelaidic acid,IL-20,time1,30,27,0.08920712176937484,"[-0.29, 0.44]",0.6453847699085975,0.9908428410913599,False
1H-Indole-3-Acetic Acid,IL-26,time1,30,27,-0.03508775585275081,"[-0.40, 0.34]",0.8566052947204876,0.9959801770656903,False
2-OH-Butanoic Acid,IL-26,time1,30,27,-0.13480619522594026,"[-0.48, 0.24]",0.48566913463498673,0.9908428410913599,False
3-OH-Butanoic Acid,IL-26,time1,30,27,-0.06839637733319917,"[-0.42, 0.31]",0.724435297248802,0.9908428410913599,False
Alanine,IL-26,time1,30,27,0.18200379153829435,"[-0.20, 0.51]",0.34469346291402314,0.9908428410913599,False
Arachidonic acid,IL-26,time1,30,27,0.10785145342124043,"[-0.27, 0.46]",0.5776102850590067,0.9908428410913599,False
Arginine [-NH3],IL-26,time1,30,27,-0.08108774254883315,"[-0.43, 0.29]",0.6758354977741615,0.9908428410913599,False
Ascorbic Acid,IL-26,time1,30,27,0.13248616307705813,"[-0.25, 0.48]",0.49327685381320996,0.9908428410913599,False
Asparagine,IL-26,time1,30,27,-0.015589226285124902,"[-0.38, 0.35]",0.936028496662777,0.9959801770656903,False
Cholesterol,IL-26,time1,30,27,-0.3335089685358518,"[-0.62, 0.04]",0.07705840480159959,0.9908428410913599,False
Citric acid,IL-26,time1,30,27,0.1406579812175469,"[-0.24, 0.48]",0.4667496553755738,0.9908428410913599,False
Cysteine,IL-26,time1,30,27,0.05742218129135343,"[-0.32, 0.42]",0.7673293993020704,0.9908428410913599,False
Decanoic acid,IL-26,time1,30,27,-0.20370010188764553,"[-0.53, 0.18]",0.289204113787334,0.9908428410913599,False
Glutamic Acid,IL-26,time1,30,27,-0.21470862408161512,"[-0.54, 0.16]",0.2633587123686034,0.9908428410913599,False
Glutamine [-H2O],IL-26,time1,30,27,0.006966902976589139,"[-0.36, 0.37]",0.9713876484443655,0.9959801770656903,False
Glyceraldehyde-3-P(MOX),IL-26,time1,30,27,0.0685541256475959,"[-0.31, 0.42]",0.7238242818651428,0.9908428410913599,False
Glycerol-3-P,IL-26,time1,30,27,-0.06440612263591652,"[-0.42, 0.31]",0.7399451285359502,0.9908428410913599,False
Glycine,IL-26,time1,30,27,0.00283783086905795,"[-0.36, 0.37]",0.9883433554929746,0.9959801770656903,False
Indole-3-Latic Acid,IL-26,time1,30,27,0.019170386436103082,"[-0.35, 0.38]",0.9213737075264857,0.9959801770656903,False
Indole-3-Propionic Acid,IL-26,time1,30,27,-0.07605061008664137,"[-0.43, 0.30]",0.6949850820232264,0.9908428410913599,False
Lactic Acid,IL-26,time1,30,27,0.11096845653901852,"[-0.27, 0.46]",0.5665959234661238,0.9908428410913599,False
Leucine,IL-26,time1,30,27,-0.12457681116917985,"[-0.47, 0.25]",0.519657906393544,0.9908428410913599,False
Linoleic Acid,IL-26,time1,30,27,0.4374204146354199,"[0.08, 0.69]",0.01764808098291073,0.9908428410913599,False
Lysine,IL-26,time1,30,27,-0.027548524977961945,"[-0.39, 0.34]",0.8871950707895708,0.9959801770656903,False
Methionine,IL-26,time1,30,27,-0.14120161064787998,"[-0.48, 0.24]",0.4650118576171659,0.9908428410913599,False
Oleic Acid,IL-26,time1,30,27,-0.002071776899571843,"[-0.37, 0.36]",0.991489857437013,0.9968094480877274,False
Ornithine,IL-26,time1,30,27,0.1701750491327126,"[-0.21, 0.51]",0.37746737072870507,0.9908428410913599,False
Palmitic Acid,IL-26,time1,30,27,-0.05063547049347629,"[-0.41, 0.32]",0.7942058153452889,0.994028844903905,False
Phenylalanine,IL-26,time1,30,27,-0.06321045363524096,"[-0.42, 0.31]",0.744612410270007,0.9908428410913599,False
Proline,IL-26,time1,30,27,-0.2227432140136289,"[-0.54, 0.16]",0.24547579348008652,0.9908428410913599,False
Serine,IL-26,time1,30,27,-0.21634043021390037,"[-0.54, 0.16]",0.25965992784632874,0.9908428410913599,False
Stearic Acid,IL-26,time1,30,27,-0.019603243945381144,"[-0.38, 0.35]",0.9196039827034488,0.9959801770656903,False
Threonine,IL-26,time1,30,27,-0.16141023064369953,"[-0.50, 0.22]",0.4028784796254823,0.9908428410913599,False
Tryptophan,IL-26,time1,30,27,-0.09982338827543588,"[-0.45, 0.28]",0.6064067644839419,0.9908428410913599,False
Tyrosine,IL-26,time1,30,27,-0.08983630935768742,"[-0.44, 0.29]",0.6430475469148462,0.9908428410913599,False
Valine,IL-26,time1,30,27,-0.2666306735502237,"[-0.58, 0.11]",0.16206738945291016,0.9908428410913599,False
"(R*,R*)-2,3-Dihydroxybutanoic acid, tris(trimethylsilyl)-",IL-26,time1,30,27,-0.1998907234449205,"[-0.53, 0.18]",0.2985101575526479,0.9908428410913599,False
1-Ethyl-1-tetradecyloxy-1-silacyclohexane,IL-26,time1,30,27,-0.13911815873295752,"[-0.48, 0.24]",0.4716903320039274,0.9908428410913599,False
1-Heptadecanol,IL-26,time1,30,27,-0.13812325730648417,"[-0.48, 0.24]",0.47489697218578697,0.9908428410913599,False
1-Monooleoylglycerol,IL-26,time1,30,27,-0.055576279554438904,"[-0.41, 0.32]",0.7746147725956691,0.9908428410913599,False
1-Monopalmitin,IL-26,time1,30,27,-0.29248991190673534,"[-0.60, 0.08]",0.12362958418486902,0.9908428410913599,False
"1,3-Dioxolane-2-methanol",IL-26,time1,30,27,-0.27644582694383013,"[-0.58, 0.10]",0.14658849053765738,0.9908428410913599,False
"1,5-Anhydrohexitol",IL-26,time1,30,27,0.05403266699140138,"[-0.32, 0.41]",0.7807215089527726,0.9908428410913599,False
"11-Eicosenoic acid, (E)-",IL-26,time1,30,27,-0.3718189770295676,"[-0.65, -0.01]",0.04702371754482289,0.9908428410913599,False
2-Aminoadipic acid,IL-26,time1,30,27,-0.32546351629118675,"[-0.62, 0.05]",0.08491719126949632,0.9908428410913599,False
2-Aminoheptanedioic acid,IL-26,time1,30,27,-0.4131402894006671,"[-0.68, -0.05]",0.02591097664403848,0.9908428410913599,False
"2-Ethyl-3-hydroxypropionic acid, di-",IL-26,time1,30,27,-0.27918132270704454,"[-0.59, 0.10]",0.14247129702305028,0.9908428410913599,False
2-Keto-3-methylvaleric acid,IL-26,time1,30,27,-0.09312635789326425,"[-0.44, 0.28]",0.6308807282257429,0.9908428410913599,False
"2,3-Butanediol",IL-26,time1,30,27,-0.4087459355864787,"[-0.67, -0.05]",0.0276989849111199,0.9908428410913599,False
"2,3,4-Trihydroxybutyric acid",IL-26,time1,30,27,0.053911685019830735,"[-0.32, 0.41]",0.7812006743689609,0.9908428410913599,False
4-Aminobutanoic acid,IL-26,time1,30,27,-0.4683261433880954,"[-0.71, -0.12]",0.010399386226599088,0.9908428410913599,False
"9-Hexadecenoic acid, (Z)-",IL-26,time1,30,27,-0.077843213492049,"[-0.43, 0.30]",0.6881483783398432,0.9908428410913599,False
"alpha-D-Glucopyranoside, methyl 2-(acetylamino)-2-deoxy-3-O-(trimethylsilyl)-, cyclic methylboronate",IL-26,time1,30,27,-0.03473587799599977,"[-0.40, 0.34]",0.8580288449573936,0.9959801770656903,False
Aminomalonic acid,IL-26,time1,30,27,-0.1545582692022264,"[-0.49, 0.22]",0.42339923831357695,0.9908428410913599,False
Arachidonic acid.1,IL-26,time1,30,27,-0.2553511956577285,"[-0.57, 0.12]",0.18125205811179707,0.9908428410913599,False
beta-Alanine,IL-26,time1,30,27,-0.1821530152237181,"[-0.51, 0.20]",0.3442912890390021,0.9908428410913599,False
beta-D-Xylopyranose,IL-26,time1,30,27,0.19259100217274291,"[-0.19, 0.52]",0.31686340311976324,0.9908428410913599,False
Butanoic acid,IL-26,time1,30,27,-0.21437123523655086,"[-0.54, 0.17]",0.2641277209939315,0.9908428410913599,False
Campesterol,IL-26,time1,30,27,-0.28599586078138267,"[-0.59, 0.09]",0.13257992768214877,0.9908428410913599,False
D-(-)-Ribofuranose,IL-26,time1,30,27,-0.2668901430026567,"[-0.58, 0.11]",0.16164380234881393,0.9908428410913599,False
"D-Arabinose, tetrakis(trimethylsilyl) ether, ethyloxime (isomer 1)",IL-26,time1,30,27,0.014763272946152551,"[-0.35, 0.38]",0.9394115305835835,0.9959801770656903,False
Diethanolamine,IL-26,time1,30,27,-0.20769682794033104,"[-0.53, 0.17]",0.2796408201081402,0.9908428410913599,False
DL-Ornithine,IL-26,time1,30,27,-0.09989117264190282,"[-0.45, 0.28]",0.6061611084163607,0.9908428410913599,False
Doconexent,IL-26,time1,30,27,0.03291493552684817,"[-0.34, 0.39]",0.8654024785540549,0.9959801770656903,False
Dodecanoic acid,IL-26,time1,30,27,-0.12077552742497961,"[-0.47, 0.26]",0.5325762841369819,0.9908428410913599,False
Erythritol,IL-26,time1,30,27,-0.37349619033798964,"[-0.65, -0.01]",0.045960726155002844,0.9908428410913599,False
"Ethanolamine, 2TMS",IL-26,time1,30,27,-0.11094079617613721,"[-0.46, 0.27]",0.5666932458171365,0.9908428410913599,False
"Ethanolamine, 3TMS",IL-26,time1,30,27,-0.33572585232174024,"[-0.63, 0.04]",0.07499444118693956,0.9908428410913599,False
Ethyl alpha-D-glucopyranoside,IL-26,time1,30,27,-0.10294631852253974,"[-0.45, 0.27]",0.5951329486843024,0.9908428410913599,False
Glyceric acid,IL-26,time1,30,27,-0.4809171157612736,"[-0.72, -0.14]",0.008268320023708916,0.9908428410913599,False
Glycerol,IL-26,time1,30,27,-0.250432572061285,"[-0.57, 0.13]",0.19009638966256887,0.9908428410913599,False
Glycolic acid,IL-26,time1,30,27,-0.3262960882905069,"[-0.62, 0.05]",0.08407668161896135,0.9908428410913599,False
L-(+)-Erythrulose,IL-26,time1,30,27,-0.3460677644816813,"[-0.63, 0.02]",0.06592307066039375,0.9908428410913599,False
L-5-Oxoproline,IL-26,time1,30,27,-0.13751829674843397,"[-0.48, 0.24]",0.4768523074959057,0.9908428410913599,False
L-Alanine,IL-26,time1,30,27,-0.032623995706184475,"[-0.39, 0.34]",0.8665816367937371,0.9959801770656903,False
L-Aspartic acid,IL-26,time1,30,27,-0.1948034501993335,"[-0.52, 0.18]",0.3112286007671681,0.9908428410913599,False
L-Norvaline,IL-26,time1,30,27,-0.44630052117256197,"[-0.70, -0.10]",0.015232353181772502,0.9908428410913599,False
L-Proline,IL-26,time1,30,27,-0.24618875195399598,"[-0.56, 0.13]",0.1979646079247342,0.9908428410913599,False
L-Rhamnose,IL-26,time1,30,27,-0.37832833920621173,"[-0.65, -0.01]",0.04300454495665988,0.9908428410913599,False
Lactic Acid.1,IL-26,time1,30,27,0.30147291035311086,"[-0.07, 0.60]",0.11199290742831725,0.9908428410913599,False
Methyl galactoside,IL-26,time1,30,27,-0.0897532826332999,"[-0.44, 0.29]",0.6433557734803652,0.9908428410913599,False
N-Acetylglutamine,IL-26,time1,30,27,-0.26733157581040023,"[-0.58, 0.11]",0.16092497011832213,0.9908428410913599,False
Nonanoic acid,IL-26,time1,30,27,-0.23470189168263805,"[-0.55, 0.14]",0.22037953655925394,0.9908428410913599,False
Oxalic acid,IL-26,time1,30,27,-0.2944271989557916,"[-0.60, 0.08]",0.12104777134489181,0.9908428410913599,False
Palmitelaidic acid,IL-26,time1,30,27,-0.08439426163151868,"[-0.44, 0.29]",0.6633709792043466,0.9908428410913599,False
1H-Indole-3-Acetic Acid,IL-28A/IFN-lambda2,time1,30,27,-0.3325477385942743,"[-0.62, 0.04]",0.07796677791896232,0.9908428410913599,False
2-OH-Butanoic Acid,IL-28A/IFN-lambda2,time1,30,27,0.13338657352226924,"[-0.25, 0.48]",0.490317151506644,0.9908428410913599,False
3-OH-Butanoic Acid,IL-28A/IFN-lambda2,time1,30,27,0.4539425414582445,"[0.10, 0.70]",0.013379422328975201,0.9908428410913599,False
Alanine,IL-28A/IFN-lambda2,time1,30,27,0.14194482470515976,"[-0.24, 0.48]",0.4626415578524449,0.9908428410913599,False
Arachidonic acid,IL-28A/IFN-lambda2,time1,30,27,0.22759495255203177,"[-0.15, 0.55]",0.23507566521898177,0.9908428410913599,False
Arginine [-NH3],IL-28A/IFN-lambda2,time1,30,27,-0.22554908204117338,"[-0.55, 0.15]",0.23942469032365654,0.9908428410913599,False
Ascorbic Acid,IL-28A/IFN-lambda2,time1,30,27,-0.26885535917173015,"[-0.58, 0.11]",0.1584611338935916,0.9908428410913599,False
Asparagine,IL-28A/IFN-lambda2,time1,30,27,0.020624610725497976,"[-0.35, 0.38]",0.9154296587444609,0.9959801770656903,False
Cholesterol,IL-28A/IFN-lambda2,time1,30,27,-0.37928182210245176,"[-0.65, -0.01]",0.04243954226169859,0.9908428410913599,False
Citric acid,IL-28A/IFN-lambda2,time1,30,27,-0.3445964892622545,"[-0.63, 0.03]",0.06715881795368663,0.9908428410913599,False
Cysteine,IL-28A/IFN-lambda2,time1,30,27,0.1342792587069672,"[-0.24, 0.48]",0.4873917604102749,0.9908428410913599,False
Decanoic acid,IL-28A/IFN-lambda2,time1,30,27,0.09158836445058743,"[-0.28, 0.44]",0.6365568355976055,0.9908428410913599,False
Glutamic Acid,IL-28A/IFN-lambda2,time1,30,27,-0.11890838402800517,"[-0.47, 0.26]",0.5389772526503657,0.9908428410913599,False
Glutamine [-H2O],IL-28A/IFN-lambda2,time1,30,27,-0.08379182529621619,"[-0.44, 0.29]",0.6656355535127749,0.9908428410913599,False
Glyceraldehyde-3-P(MOX),IL-28A/IFN-lambda2,time1,30,27,-0.28991433424632135,"[-0.59, 0.09]",0.12712451005376538,0.9908428410913599,False
Glycerol-3-P,IL-28A/IFN-lambda2,time1,30,27,0.08170978929132837,"[-0.29, 0.44]",0.6734840482314732,0.9908428410913599,False
Glycine,IL-28A/IFN-lambda2,time1,30,27,-0.008225528618284652,"[-0.37, 0.36]",0.966221293761014,0.9959801770656903,False
Indole-3-Latic Acid,IL-28A/IFN-lambda2,time1,30,27,-0.1556866788524538,"[-0.49, 0.22]",0.41998069926267567,0.9908428410913599,False
Indole-3-Propionic Acid,IL-28A/IFN-lambda2,time1,30,27,0.024064826891963594,"[-0.35, 0.39]",0.9013863026077693,0.9959801770656903,False
Lactic Acid,IL-28A/IFN-lambda2,time1,30,27,0.12622771546226605,"[-0.25, 0.47]",0.5140953505012642,0.9908428410913599,False
Leucine,IL-28A/IFN-lambda2,time1,30,27,0.12120137574390273,"[-0.26, 0.47]",0.531121485147499,0.9908428410913599,False
Linoleic Acid,IL-28A/IFN-lambda2,time1,30,27,0.2718950025202901,"[-0.11, 0.58]",0.15362695292083786,0.9908428410913599,False
Lysine,IL-28A/IFN-lambda2,time1,30,27,-0.00589559959162324,"[-0.37, 0.36]",0.9757859908367794,0.9959801770656903,False
Methionine,IL-28A/IFN-lambda2,time1,30,27,0.08794349197468364,"[-0.29, 0.44]",0.6500887095910235,0.9908428410913599,False
Oleic Acid,IL-28A/IFN-lambda2,time1,30,27,0.23253785307056174,"[-0.15, 0.55]",0.2247869851192152,0.9908428410913599,False
Ornithine,IL-28A/IFN-lambda2,time1,30,27,-0.06343028066873149,"[-0.42, 0.31]",0.7437536482764038,0.9908428410913599,False
Palmitic Acid,IL-28A/IFN-lambda2,time1,30,27,0.20807063258956698,"[-0.17, 0.53]",0.2787568814421567,0.9908428410913599,False
Phenylalanine,IL-28A/IFN-lambda2,time1,30,27,0.03433293010406377,"[-0.34, 0.40]",0.8596595378858193,0.9959801770656903,False
Proline,IL-28A/IFN-lambda2,time1,30,27,-0.05626921332076528,"[-0.41, 0.32]",0.7718776822600582,0.9908428410913599,False
Serine,IL-28A/IFN-lambda2,time1,30,27,0.09462432635492324,"[-0.28, 0.45]",0.6253720077031457,0.9908428410913599,False
Stearic Acid,IL-28A/IFN-lambda2,time1,30,27,0.2852560056583079,"[-0.09, 0.59]",0.13362887189548514,0.9908428410913599,False
Threonine,IL-28A/IFN-lambda2,time1,30,27,-0.022213450412548,"[-0.39, 0.35]",0.9089404842700595,0.9959801770656903,False
Tryptophan,IL-28A/IFN-lambda2,time1,30,27,-0.27418460487701174,"[-0.58, 0.10]",0.15005610335878608,0.9908428410913599,False
Tyrosine,IL-28A/IFN-lambda2,time1,30,27,0.0387180009758951,"[-0.33, 0.40]",0.8419452989159748,0.9959801770656903,False
Valine,IL-28A/IFN-lambda2,time1,30,27,0.025015081609222792,"[-0.34, 0.39]",0.8975122005262962,0.9959801770656903,False
"(R*,R*)-2,3-Dihydroxybutanoic acid, tris(trimethylsilyl)-",IL-28A/IFN-lambda2,time1,30,27,0.1084007233597395,"[-0.27, 0.46]",0.5756624806428315,0.9908428410913599,False
1-Ethyl-1-tetradecyloxy-1-silacyclohexane,IL-28A/IFN-lambda2,time1,30,27,-0.025417368023257354,"[-0.39, 0.34]",0.8958728042595914,0.9959801770656903,False
1-Heptadecanol,IL-28A/IFN-lambda2,time1,30,27,-0.0707869472305233,"[-0.43, 0.30]",0.7151937266385724,0.9908428410913599,False
1-Monooleoylglycerol,IL-28A/IFN-lambda2,time1,30,27,0.21984722086523684,"[-0.16, 0.54]",0.25182644982001956,0.9908428410913599,False
1-Monopalmitin,IL-28A/IFN-lambda2,time1,30,27,0.20817305141129727,"[-0.17, 0.53]",0.27851500412338803,0.9908428410913599,False
"1,3-Dioxolane-2-methanol",IL-28A/IFN-lambda2,time1,30,27,0.12780160506065555,"[-0.25, 0.47]",0.5088196319178027,0.9908428410913599,False
"1,5-Anhydrohexitol",IL-28A/IFN-lambda2,time1,30,27,0.17437108528933634,"[-0.21, 0.51]",0.36564003765841224,0.9908428410913599,False
"11-Eicosenoic acid, (E)-",IL-28A/IFN-lambda2,time1,30,27,0.23336947309936124,"[-0.15, 0.55]",0.22308627182667323,0.9908428410913599,False
2-Aminoadipic acid,IL-28A/IFN-lambda2,time1,30,27,0.216609864524609,"[-0.16, 0.54]",0.2590524859618583,0.9908428410913599,False
2-Aminoheptanedioic acid,IL-28A/IFN-lambda2,time1,30,27,-0.23797981162379953,"[-0.56, 0.14]",0.21381545383332562,0.9908428410913599,False
"2-Ethyl-3-hydroxypropionic acid, di-",IL-28A/IFN-lambda2,time1,30,27,-0.14342033394191664,"[-0.48, 0.24]",0.45795467916423904,0.9908428410913599,False
2-Keto-3-methylvaleric acid,IL-28A/IFN-lambda2,time1,30,27,0.23050712198292733,"[-0.15, 0.55]",0.22897659422199695,0.9908428410913599,False
"2,3-Butanediol",IL-28A/IFN-lambda2,time1,30,27,-0.16048943645076297,"[-0.50, 0.22]",0.40560294506801065,0.9908428410913599,False
"2,3,4-Trihydroxybutyric acid",IL-28A/IFN-lambda2,time1,30,27,0.16990623940249688,"[-0.21, 0.50]",0.37823255979452874,0.9908428410913599,False
4-Aminobutanoic acid,IL-28A/IFN-lambda2,time1,30,27,-0.3102083965919056,"[-0.61, 0.06]",0.10147793829512512,0.9908428410913599,False
"9-Hexadecenoic acid, (Z)-",IL-28A/IFN-lambda2,time1,30,27,-0.06374419874735639,"[-0.42, 0.31]",0.742527837541094,0.9908428410913599,False
"alpha-D-Glucopyranoside, methyl 2-(acetylamino)-2-deoxy-3-O-(trimethylsilyl)-, cyclic methylboronate",IL-28A/IFN-lambda2,time1,30,27,0.07342824387796885,"[-0.30, 0.43]",0.7050285270074585,0.9908428410913599,False
Aminomalonic acid,IL-28A/IFN-lambda2,time1,30,27,0.11919418953917892,"[-0.26, 0.47]",0.5379950979570955,0.9908428410913599,False
Arachidonic acid.1,IL-28A/IFN-lambda2,time1,30,27,0.13830955618940344,"[-0.24, 0.48]",0.47429565980351085,0.9908428410913599,False
beta-Alanine,IL-28A/IFN-lambda2,time1,30,27,0.024183007385422266,"[-0.35, 0.39]",0.9009043690190885,0.9959801770656903,False
beta-D-Xylopyranose,IL-28A/IFN-lambda2,time1,30,27,0.17321867745241118,"[-0.21, 0.51]",0.36886636776530735,0.9908428410913599,False
Butanoic acid,IL-28A/IFN-lambda2,time1,30,27,0.1354685297161619,"[-0.24, 0.48]",0.4835082912048523,0.9908428410913599,False
Campesterol,IL-28A/IFN-lambda2,time1,30,27,0.14892030240594176,"[-0.23, 0.49]",0.4407078236357467,0.9908428410913599,False
D-(-)-Ribofuranose,IL-28A/IFN-lambda2,time1,30,27,0.180169667595635,"[-0.20, 0.51]",0.3496596855453298,0.9908428410913599,False
"D-Arabinose, tetrakis(trimethylsilyl) ether, ethyloxime (isomer 1)",IL-28A/IFN-lambda2,time1,30,27,0.2511882989139493,"[-0.13, 0.57]",0.18871836556594965,0.9908428410913599,False
Diethanolamine,IL-28A/IFN-lambda2,time1,30,27,0.43664033907713595,"[0.08, 0.69]",0.01787461121681376,0.9908428410913599,False
DL-Ornithine,IL-28A/IFN-lambda2,time1,30,27,-0.07754948804598652,"[-0.43, 0.30]",0.6892669721075286,0.9908428410913599,False
Doconexent,IL-28A/IFN-lambda2,time1,30,27,0.33782762913546466,"[-0.03, 0.63]",0.07307720572526008,0.9908428410913599,False
Dodecanoic acid,IL-28A/IFN-lambda2,time1,30,27,0.25790288477229933,"[-0.12, 0.57]",0.17677908961047445,0.9908428410913599,False
Erythritol,IL-28A/IFN-lambda2,time1,30,27,-0.44817867873384676,"[-0.70, -0.10]",0.014758318503497512,0.9908428410913599,False
"Ethanolamine, 2TMS",IL-28A/IFN-lambda2,time1,30,27,-0.07603937539826203,"[-0.43, 0.30]",0.6950280038626748,0.9908428410913599,False
"Ethanolamine, 3TMS",IL-28A/IFN-lambda2,time1,30,27,0.09884660929892689,"[-0.28, 0.45]",0.6099513409658364,0.9908428410913599,False
Ethyl alpha-D-glucopyranoside,IL-28A/IFN-lambda2,time1,30,27,0.23984388248849997,"[-0.14, 0.56]",0.2101425734495646,0.9908428410913599,False
Glyceric acid,IL-28A/IFN-lambda2,time1,30,27,0.16494152447967217,"[-0.21, 0.50]",0.3925263894722736,0.9908428410913599,False
Glycerol,IL-28A/IFN-lambda2,time1,30,27,0.28050006818980955,"[-0.10, 0.59]",0.14051664451473064,0.9908428410913599,False
Glycolic acid,IL-28A/IFN-lambda2,time1,30,27,-0.11882407931067289,"[-0.47, 0.26]",0.5392671228975034,0.9908428410913599,False
L-(+)-Erythrulose,IL-28A/IFN-lambda2,time1,30,27,-0.20347976929894143,"[-0.53, 0.18]",0.28973729083174826,0.9908428410913599,False
L-5-Oxoproline,IL-28A/IFN-lambda2,time1,30,27,-0.11643659353751844,"[-0.46, 0.26]",0.547506606836882,0.9908428410913599,False
L-Alanine,IL-28A/IFN-lambda2,time1,30,27,-0.12188227546516955,"[-0.47, 0.26]",0.5287993276691663,0.9908428410913599,False
L-Aspartic acid,IL-28A/IFN-lambda2,time1,30,27,-0.23324071838605195,"[-0.55, 0.15]",0.22334901324417308,0.9908428410913599,False
L-Norvaline,IL-28A/IFN-lambda2,time1,30,27,-0.05915122649933467,"[-0.42, 0.31]",0.7605227677917703,0.9908428410913599,False
L-Proline,IL-28A/IFN-lambda2,time1,30,27,0.13139914562763988,"[-0.25, 0.48]",0.4968619295487773,0.9908428410913599,False
L-Rhamnose,IL-28A/IFN-lambda2,time1,30,27,-0.0138596191881184,"[-0.38, 0.35]",0.9431139985080813,0.9959801770656903,False
Lactic Acid.1,IL-28A/IFN-lambda2,time1,30,27,0.20548511895254856,"[-0.17, 0.53]",0.28490759518450515,0.9908428410913599,False
Methyl galactoside,IL-28A/IFN-lambda2,time1,30,27,0.3647585669321455,"[-0.00, 0.65]",0.051714055113210776,0.9908428410913599,False
N-Acetylglutamine,IL-28A/IFN-lambda2,time1,30,27,-0.19962294602536212,"[-0.53, 0.18]",0.2991713313675284,0.9908428410913599,False
Nonanoic acid,IL-28A/IFN-lambda2,time1,30,27,0.26727747684827285,"[-0.11, 0.58]",0.16101294257775847,0.9908428410913599,False
Oxalic acid,IL-28A/IFN-lambda2,time1,30,27,0.2519291226929315,"[-0.13, 0.57]",0.18737427434464618,0.9908428410913599,False
Palmitelaidic acid,IL-28A/IFN-lambda2,time1,30,27,0.05356180180459108,"[-0.32, 0.41]",0.782586874490877,0.9908428410913599,False
1H-Indole-3-Acetic Acid,IL-29/IFN-lambda1,time1,30,27,0.013551366766480583,"[-0.35, 0.38]",0.944377245429033,0.9959801770656903,False
2-OH-Butanoic Acid,IL-29/IFN-lambda1,time1,30,27,0.027107340362383325,"[-0.34, 0.39]",0.8889904911650981,0.9959801770656903,False
3-OH-Butanoic Acid,IL-29/IFN-lambda1,time1,30,27,0.3394612297301968,"[-0.03, 0.63]",0.07161333294337299,0.9908428410913599,False
Alanine,IL-29/IFN-lambda1,time1,30,27,0.12879144809004084,"[-0.25, 0.47]",0.5055154190812551,0.9908428410913599,False
Arachidonic acid,IL-29/IFN-lambda1,time1,30,27,0.2454539405902838,"[-0.13, 0.56]",0.1993494576639699,0.9908428410913599,False
Arginine [-NH3],IL-29/IFN-lambda1,time1,30,27,0.07060879404940269,"[-0.30, 0.43]",0.7158811013898394,0.9908428410913599,False
Ascorbic Acid,IL-29/IFN-lambda1,time1,30,27,-0.1766804943970927,"[-0.51, 0.20]",0.3592247330552807,0.9908428410913599,False
Asparagine,IL-29/IFN-lambda1,time1,30,27,0.2676309322254683,"[-0.11, 0.58]",0.1604387937774292,0.9908428410913599,False
Cholesterol,IL-29/IFN-lambda1,time1,30,27,-0.2792632809248073,"[-0.59, 0.10]",0.14234924747941796,0.9908428410913599,False
Citric acid,IL-29/IFN-lambda1,time1,30,27,-0.0804602806162826,"[-0.43, 0.29]",0.6782104434933982,0.9908428410913599,False
Cysteine,IL-29/IFN-lambda1,time1,30,27,0.30537964025544473,"[-0.07, 0.60]",0.10719452746731066,0.9908428410913599,False
Decanoic acid,IL-29/IFN-lambda1,time1,30,27,-0.1643994507564282,"[-0.50, 0.22]",0.3941055312534252,0.9908428410913599,False
Glutamic Acid,IL-29/IFN-lambda1,time1,30,27,-0.28754412171689325,"[-0.59, 0.09]",0.13040432957203374,0.9908428410913599,False
Glutamine [-H2O],IL-29/IFN-lambda1,time1,30,27,0.11032873354952237,"[-0.27, 0.46]",0.5688487060416078,0.9908428410913599,False
Glyceraldehyde-3-P(MOX),IL-29/IFN-lambda1,time1,30,27,-0.10172774786988703,"[-0.45, 0.28]",0.5995212672668162,0.9908428410913599,False
Glycerol-3-P,IL-29/IFN-lambda1,time1,30,27,0.1083960695085427,"[-0.27, 0.46]",0.5756789716898663,0.9908428410913599,False
Glycine,IL-29/IFN-lambda1,time1,30,27,0.1443121936824182,"[-0.23, 0.49]",0.45513396703012043,0.9908428410913599,False
Indole-3-Latic Acid,IL-29/IFN-lambda1,time1,30,27,0.07963560720050993,"[-0.30, 0.43]",0.6813364235880628,0.9908428410913599,False
Indole-3-Propionic Acid,IL-29/IFN-lambda1,time1,30,27,0.2626042439740713,"[-0.11, 0.57]",0.16874211783871007,0.9908428410913599,False
Lactic Acid,IL-29/IFN-lambda1,time1,30,27,0.2624623399966311,"[-0.12, 0.57]",0.16898085054493653,0.9908428410913599,False
Leucine,IL-29/IFN-lambda1,time1,30,27,0.20288555531800295,"[-0.18, 0.53]",0.29117832319677683,0.9908428410913599,False
Linoleic Acid,IL-29/IFN-lambda1,time1,30,27,0.34218503617401125,"[-0.03, 0.63]",0.06922302589597246,0.9908428410913599,False
Lysine,IL-29/IFN-lambda1,time1,30,27,0.07354358653296834,"[-0.30, 0.43]",0.7045857385818034,0.9908428410913599,False
Methionine,IL-29/IFN-lambda1,time1,30,27,0.21593848036259802,"[-0.16, 0.54]",0.26056785455543463,0.9908428410913599,False
Oleic Acid,IL-29/IFN-lambda1,time1,30,27,0.055641062752451245,"[-0.32, 0.41]",0.7743587662409045,0.9908428410913599,False
Ornithine,IL-29/IFN-lambda1,time1,30,27,0.21175564073315067,"[-0.17, 0.54]",0.27013894339755784,0.9908428410913599,False
Palmitic Acid,IL-29/IFN-lambda1,time1,30,27,0.013262737240547984,"[-0.35, 0.38]",0.9455601955875289,0.9959801770656903,False
Phenylalanine,IL-29/IFN-lambda1,time1,30,27,0.28060031934393664,"[-0.10, 0.59]",0.1403688511866332,0.9908428410913599,False
Proline,IL-29/IFN-lambda1,time1,30,27,-0.043399468250023596,"[-0.40, 0.33]",0.8231168492256483,0.9959801770656903,False
Serine,IL-29/IFN-lambda1,time1,30,27,0.19763192455397535,"[-0.18, 0.53]",0.3041162711580935,0.9908428410913599,False
Stearic Acid,IL-29/IFN-lambda1,time1,30,27,0.10277515184486274,"[-0.27, 0.45]",0.5957485188641558,0.9908428410913599,False
Threonine,IL-29/IFN-lambda1,time1,30,27,0.1498064624893244,"[-0.23, 0.49]",0.4379622600131243,0.9908428410913599,False
Tryptophan,IL-29/IFN-lambda1,time1,30,27,0.04096334423776378,"[-0.33, 0.40]",0.8329034242831698,0.9959801770656903,False
Tyrosine,IL-29/IFN-lambda1,time1,30,27,0.15380059132649535,"[-0.23, 0.49]",0.4257032292390849,0.9908428410913599,False
Valine,IL-29/IFN-lambda1,time1,30,27,0.10282085921820058,"[-0.27, 0.45]",0.595584113717422,0.9908428410913599,False
"(R*,R*)-2,3-Dihydroxybutanoic acid, tris(trimethylsilyl)-",IL-29/IFN-lambda1,time1,30,27,-0.047631306405031285,"[-0.41, 0.32]",0.8061787395604315,0.9959801770656903,False
1-Ethyl-1-tetradecyloxy-1-silacyclohexane,IL-29/IFN-lambda1,time1,30,27,0.1012868054107696,"[-0.28, 0.45]",0.6011125877474719,0.9908428410913599,False
1-Heptadecanol,IL-29/IFN-lambda1,time1,30,27,-0.11236101620857523,"[-0.46, 0.27]",0.5617060350817821,0.9908428410913599,False
1-Monooleoylglycerol,IL-29/IFN-lambda1,time1,30,27,-0.09319476098566411,"[-0.44, 0.28]",0.6306287536152223,0.9908428410913599,False
1-Monopalmitin,IL-29/IFN-lambda1,time1,30,27,-0.04680645363188084,"[-0.41, 0.33]",0.8094737768868878,0.9959801770656903,False
"1,3-Dioxolane-2-methanol",IL-29/IFN-lambda1,time1,30,27,0.11212693533023925,"[-0.27, 0.46]",0.5625266485957696,0.9908428410913599,False
"1,5-Anhydrohexitol",IL-29/IFN-lambda1,time1,30,27,-0.022758783817114228,"[-0.39, 0.35]",0.9067145209124259,0.9959801770656903,False
"11-Eicosenoic acid, (E)-",IL-29/IFN-lambda1,time1,30,27,-0.08094550215281521,"[-0.43, 0.29]",0.6763736125426473,0.9908428410913599,False
2-Aminoadipic acid,IL-29/IFN-lambda1,time1,30,27,0.08681386257349125,"[-0.29, 0.44]",0.6543049942637356,0.9908428410913599,False
2-Aminoheptanedioic acid,IL-29/IFN-lambda1,time1,30,27,-0.5455738996720452,"[-0.76, -0.22]",0.002205705506463425,0.909643935643192,False
"2-Ethyl-3-hydroxypropionic acid, di-",IL-29/IFN-lambda1,time1,30,27,-0.030652818794878273,"[-0.39, 0.34]",0.8745779303668161,0.9959801770656903,False
2-Keto-3-methylvaleric acid,IL-29/IFN-lambda1,time1,30,27,0.1973683944643969,"[-0.18, 0.53]",0.30477459336817186,0.9908428410913599,False
"2,3-Butanediol",IL-29/IFN-lambda1,time1,30,27,-0.35774042620312246,"[-0.64, 0.01]",0.056734576975631314,0.9908428410913599,False
"2,3,4-Trihydroxybutyric acid",IL-29/IFN-lambda1,time1,30,27,0.1973517145548493,"[-0.18, 0.53]",0.3048162912982717,0.9908428410913599,False
4-Aminobutanoic acid,IL-29/IFN-lambda1,time1,30,27,-0.5226313806863517,"[-0.75, -0.19]",0.003630554496765246,0.9908428410913599,False
"9-Hexadecenoic acid, (Z)-",IL-29/IFN-lambda1,time1,30,27,0.06028698961605703,"[-0.31, 0.42]",0.7560611379265822,0.9908428410913599,False
"alpha-D-Glucopyranoside, methyl 2-(acetylamino)-2-deoxy-3-O-(trimethylsilyl)-, cyclic methylboronate",IL-29/IFN-lambda1,time1,30,27,0.07557606371720371,"[-0.30, 0.43]",0.6967988759508021,0.9908428410913599,False
Aminomalonic acid,IL-29/IFN-lambda1,time1,30,27,-0.12979582331732117,"[-0.47, 0.25]",0.5021736239673338,0.9908428410913599,False
Arachidonic acid.1,IL-29/IFN-lambda1,time1,30,27,-0.365898291542147,"[-0.65, 0.00]",0.05093291220005465,0.9908428410913599,False
beta-Alanine,IL-29/IFN-lambda1,time1,30,27,-0.1250003334895361,"[-0.47, 0.25]",0.5182281030637323,0.9908428410913599,False
beta-D-Xylopyranose,IL-29/IFN-lambda1,time1,30,27,0.1066978114358913,"[-0.27, 0.46]",0.5817107919944178,0.9908428410913599,False
Butanoic acid,IL-29/IFN-lambda1,time1,30,27,0.18742727868790032,"[-0.19, 0.52]",0.33025841340699913,0.9908428410913599,False
Campesterol,IL-29/IFN-lambda1,time1,30,27,-0.15455475570683755,"[-0.49, 0.22]",0.4234099064419884,0.9908428410913599,False
D-(-)-Ribofuranose,IL-29/IFN-lambda1,time1,30,27,-0.043834967198230546,"[-0.40, 0.33]",0.8213700179855397,0.9959801770656903,False
"D-Arabinose, tetrakis(trimethylsilyl) ether, ethyloxime (isomer 1)",IL-29/IFN-lambda1,time1,30,27,-0.00870723420327132,"[-0.37, 0.36]",0.9642443511908054,0.9959801770656903,False
Diethanolamine,IL-29/IFN-lambda1,time1,30,27,0.19181445683176357,"[-0.19, 0.52]",0.31885602349104125,0.9908428410913599,False
DL-Ornithine,IL-29/IFN-lambda1,time1,30,27,0.3276517638636349,"[-0.04, 0.62]",0.08272168719380171,0.9908428410913599,False
Doconexent,IL-29/IFN-lambda1,time1,30,27,0.06295832530105916,"[-0.31, 0.42]",0.7455977271984795,0.9908428410913599,False
Dodecanoic acid,IL-29/IFN-lambda1,time1,30,27,-0.05697733162932646,"[-0.41, 0.32]",0.7690833769467448,0.9908428410913599,False
Erythritol,IL-29/IFN-lambda1,time1,30,27,-0.4462304015188632,"[-0.70, -0.10]",0.015250292739845848,0.9908428410913599,False
"Ethanolamine, 2TMS",IL-29/IFN-lambda1,time1,30,27,-0.28472510966503967,"[-0.59, 0.09]",0.13438528252978976,0.9908428410913599,False
"Ethanolamine, 3TMS",IL-29/IFN-lambda1,time1,30,27,-0.030800473463072846,"[-0.39, 0.34]",0.8739785244792863,0.9959801770656903,False
Ethyl alpha-D-glucopyranoside,IL-29/IFN-lambda1,time1,30,27,0.05739763104274389,"[-0.32, 0.42]",0.7674261681530685,0.9908428410913599,False
Glyceric acid,IL-29/IFN-lambda1,time1,30,27,0.005491554445870266,"[-0.36, 0.37]",0.9774450254707776,0.9959801770656903,False
Glycerol,IL-29/IFN-lambda1,time1,30,27,0.025625547925263743,"[-0.34, 0.39]",0.8950245944293893,0.9959801770656903,False
Glycolic acid,IL-29/IFN-lambda1,time1,30,27,-0.39286321419976056,"[-0.66, -0.03]",0.03501566813993108,0.9908428410913599,False
L-(+)-Erythrulose,IL-29/IFN-lambda1,time1,30,27,-0.12185780321124468,"[-0.47, 0.26]",0.5288827039267052,0.9908428410913599,False
L-5-Oxoproline,IL-29/IFN-lambda1,time1,30,27,0.1598430630096749,"[-0.22, 0.50]",0.4075216333758739,0.9908428410913599,False
L-Alanine,IL-29/IFN-lambda1,time1,30,27,0.17425376954012997,"[-0.21, 0.51]",0.3659677180812937,0.9908428410913599,False
L-Aspartic acid,IL-29/IFN-lambda1,time1,30,27,-0.061386881488532254,"[-0.42, 0.31]",0.7517477197546305,0.9908428410913599,False
L-Norvaline,IL-29/IFN-lambda1,time1,30,27,-0.08350002218838798,"[-0.44, 0.29]",0.6667334855776943,0.9908428410913599,False
L-Proline,IL-29/IFN-lambda1,time1,30,27,-0.014309023372327704,"[-0.38, 0.35]",0.9412725412078471,0.9959801770656903,False
L-Rhamnose,IL-29/IFN-lambda1,time1,30,27,-0.11056777039297662,"[-0.46, 0.27]",0.568006466318607,0.9908428410913599,False
Lactic Acid.1,IL-29/IFN-lambda1,time1,30,27,0.08504520986039586,"[-0.29, 0.44]",0.6609273044409951,0.9908428410913599,False
Methyl galactoside,IL-29/IFN-lambda1,time1,30,27,0.16427537404334128,"[-0.22, 0.50]",0.3944674945547362,0.9908428410913599,False
N-Acetylglutamine,IL-29/IFN-lambda1,time1,30,27,-0.22293382504787485,"[-0.54, 0.16]",0.24506155124498946,0.9908428410913599,False
Nonanoic acid,IL-29/IFN-lambda1,time1,30,27,0.10588548169466244,"[-0.27, 0.45]",0.5846058140554109,0.9908428410913599,False
Oxalic acid,IL-29/IFN-lambda1,time1,30,27,0.12877096231001575,"[-0.25, 0.47]",0.5055836948642349,0.9908428410913599,False
Palmitelaidic acid,IL-29/IFN-lambda1,time1,30,27,-0.1267497239801277,"[-0.47, 0.25]",0.5123425956054435,0.9908428410913599,False
1H-Indole-3-Acetic Acid,IL-35,time1,30,27,-0.040513701960778796,"[-0.40, 0.33]",0.8347124785507091,0.9959801770656903,False
2-OH-Butanoic Acid,IL-35,time1,30,27,0.029613582360202895,"[-0.34, 0.39]",0.8787986253385851,0.9959801770656903,False
3-OH-Butanoic Acid,IL-35,time1,30,27,0.042052041473666917,"[-0.33, 0.40]",0.8285267206264326,0.9959801770656903,False
Alanine,IL-35,time1,30,27,0.27246414366989075,"[-0.10, 0.58]",0.15273368864795323,0.9908428410913599,False
Arachidonic acid,IL-35,time1,30,27,0.22725432786888095,"[-0.15, 0.55]",0.23579606549961898,0.9908428410913599,False
Arginine [-NH3],IL-35,time1,30,27,-0.15527104881576612,"[-0.49, 0.22]",0.4212380751280854,0.9908428410913599,False
Ascorbic Acid,IL-35,time1,30,27,0.21184040933939652,"[-0.17, 0.54]",0.26994275033452453,0.9908428410913599,False
Asparagine,IL-35,time1,30,27,-0.18079356073119984,"[-0.51, 0.20]",0.347965597834207,0.9908428410913599,False
Cholesterol,IL-35,time1,30,27,-0.18283414424683617,"[-0.51, 0.20]",0.34245916235046636,0.9908428410913599,False
Citric acid,IL-35,time1,30,27,0.1542139559947454,"[-0.23, 0.49]",0.4244453914874031,0.9908428410913599,False
Cysteine,IL-35,time1,30,27,0.0535966633757826,"[-0.32, 0.41]",0.7824487273630285,0.9908428410913599,False
Decanoic acid,IL-35,time1,30,27,-0.12792214769819996,"[-0.47, 0.25]",0.508416676356447,0.9908428410913599,False
Glutamic Acid,IL-35,time1,30,27,0.010952238695688012,"[-0.36, 0.38]",0.9550336649023328,0.9959801770656903,False
Glutamine [-H2O],IL-35,time1,30,27,-0.07980754344237516,"[-0.43, 0.30]",0.6806842596427456,0.9908428410913599,False
Glyceraldehyde-3-P(MOX),IL-35,time1,30,27,-0.17458170263400202,"[-0.51, 0.21]",0.36505218551905283,0.9908428410913599,False
Glycerol-3-P,IL-35,time1,30,27,0.02143233615528354,"[-0.35, 0.38]",0.9121300381597537,0.9959801770656903,False
Glycine,IL-35,time1,30,27,-0.05931005889049845,"[-0.42, 0.31]",0.7598983691927852,0.9908428410913599,False
Indole-3-Latic Acid,IL-35,time1,30,27,-0.22082329404455334,"[-0.54, 0.16]",0.24967405344496674,0.9908428410913599,False
Indole-3-Propionic Acid,IL-35,time1,30,27,-0.07098231181411982,"[-0.43, 0.30]",0.7144401948809185,0.9908428410913599,False
Lactic Acid,IL-35,time1,30,27,-0.09522856466968672,"[-0.45, 0.28]",0.6231554961307648,0.9908428410913599,False
Leucine,IL-35,time1,30,27,-0.1520913033642647,"[-0.49, 0.23]",0.4309261945221531,0.9908428410913599,False
Linoleic Acid,IL-35,time1,30,27,0.04109180958241212,"[-0.33, 0.40]",0.8323867200695303,0.9959801770656903,False
Lysine,IL-35,time1,30,27,-0.06374835370587276,"[-0.42, 0.31]",0.742511617070735,0.9908428410913599,False
Methionine,IL-35,time1,30,27,-0.039228750656599434,"[-0.40, 0.33]",0.8398867671021019,0.9959801770656903,False
Oleic Acid,IL-35,time1,30,27,-0.10601055275262757,"[-0.45, 0.27]",0.5841596680620607,0.9908428410913599,False
Ornithine,IL-35,time1,30,27,-0.24747743988092136,"[-0.56, 0.13]",0.19555195895359923,0.9908428410913599,False
Palmitic Acid,IL-35,time1,30,27,-0.14426363066227693,"[-0.49, 0.23]",0.4552873208215159,0.9908428410913599,False
Phenylalanine,IL-35,time1,30,27,-0.26293669687366283,"[-0.57, 0.11]",0.16818374918616,0.9908428410913599,False
Proline,IL-35,time1,30,27,-0.08257235718233939,"[-0.44, 0.29]",0.6702283635660291,0.9908428410913599,False
Serine,IL-35,time1,30,27,-0.17422614653811672,"[-0.51, 0.21]",0.36604489838337684,0.9908428410913599,False
Stearic Acid,IL-35,time1,30,27,-0.07409978373827453,"[-0.43, 0.30]",0.7024518829881587,0.9908428410913599,False
Threonine,IL-35,time1,30,27,-0.05941628801929336,"[-0.42, 0.31]",0.7594808457682221,0.9908428410913599,False
Tryptophan,IL-35,time1,30,27,-0.0827480724353836,"[-0.44, 0.29]",0.6695658555220346,0.9908428410913599,False
Tyrosine,IL-35,time1,30,27,-0.14952020382949302,"[-0.49, 0.23]",0.43884815055941584,0.9908428410913599,False
Valine,IL-35,time1,30,27,-0.22890771174643126,"[-0.55, 0.15]",0.2323130140183886,0.9908428410913599,False
"(R*,R*)-2,3-Dihydroxybutanoic acid, tris(trimethylsilyl)-",IL-35,time1,30,27,0.19082854326004503,"[-0.19, 0.52]",0.3213970041527141,0.9908428410913599,False
1-Ethyl-1-tetradecyloxy-1-silacyclohexane,IL-35,time1,30,27,0.06950966560440205,"[-0.30, 0.43]",0.7201266947762169,0.9908428410913599,False
1-Heptadecanol,IL-35,time1,30,27,0.08627837350754647,"[-0.29, 0.44]",0.6563073304423619,0.9908428410913599,False
1-Monooleoylglycerol,IL-35,time1,30,27,-0.01808731444301626,"[-0.38, 0.35]",0.9258034058562157,0.9959801770656903,False
1-Monopalmitin,IL-35,time1,30,27,0.10120237436710627,"[-0.28, 0.45]",0.6014174966398641,0.9908428410913599,False
"1,3-Dioxolane-2-methanol",IL-35,time1,30,27,-0.3219875503630362,"[-0.62, 0.05]",0.08849567600206232,0.9908428410913599,False
"1,5-Anhydrohexitol",IL-35,time1,30,27,0.26642075716326885,"[-0.11, 0.58]",0.16241065821115813,0.9908428410913599,False
"11-Eicosenoic acid, (E)-",IL-35,time1,30,27,-0.07178803964440433,"[-0.43, 0.30]",0.7113352400461683,0.9908428410913599,False
2-Aminoadipic acid,IL-35,time1,30,27,0.1777168560325453,"[-0.20, 0.51]",0.35636765468523957,0.9908428410913599,False
2-Aminoheptanedioic acid,IL-35,time1,30,27,-0.005304746990802727,"[-0.37, 0.36]",0.9782121000846963,0.9959801770656903,False
"2-Ethyl-3-hydroxypropionic acid, di-",IL-35,time1,30,27,0.012677122483242098,"[-0.36, 0.38]",0.9479606871807298,0.9959801770656903,False
2-Keto-3-methylvaleric acid,IL-35,time1,30,27,-0.07797322627072319,"[-0.43, 0.30]",0.6876534562602601,0.9908428410913599,False
"2,3-Butanediol",IL-35,time1,30,27,-0.26415343742707004,"[-0.57, 0.11]",0.16615133828267406,0.9908428410913599,False
"2,3,4-Trihydroxybutyric acid",IL-35,time1,30,27,0.2151105887670274,"[-0.16, 0.54]",0.2624444204258608,0.9908428410913599,False
4-Aminobutanoic acid,IL-35,time1,30,27,-0.10839323606109061,"[-0.46, 0.27]",0.5756890121902831,0.9908428410913599,False
"9-Hexadecenoic acid, (Z)-",IL-35,time1,30,27,-0.159615932318415,"[-0.50, 0.22]",0.4081970553686981,0.9908428410913599,False
"alpha-D-Glucopyranoside, methyl 2-(acetylamino)-2-deoxy-3-O-(trimethylsilyl)-, cyclic methylboronate",IL-35,time1,30,27,0.2047013084805016,"[-0.17, 0.53]",0.2867891776139921,0.9908428410913599,False
Aminomalonic acid,IL-35,time1,30,27,0.13601883116275187,"[-0.24, 0.48]",0.4817167023522474,0.9908428410913599,False
Arachidonic acid.1,IL-35,time1,30,27,0.055777939495428204,"[-0.32, 0.41]",0.7738179410688883,0.9908428410913599,False
beta-Alanine,IL-35,time1,30,27,-0.2185148534014292,"[-0.54, 0.16]",0.2547841739176608,0.9908428410913599,False
beta-D-Xylopyranose,IL-35,time1,30,27,0.07956588310055875,"[-0.30, 0.43]",0.6816009551257998,0.9908428410913599,False
Butanoic acid,IL-35,time1,30,27,0.054730931465167346,"[-0.32, 0.41]",0.7779574780344588,0.9908428410913599,False
Campesterol,IL-35,time1,30,27,0.02418677914314243,"[-0.35, 0.39]",0.9008889885638393,0.9959801770656903,False
D-(-)-Ribofuranose,IL-35,time1,30,27,0.08299589677116964,"[-0.29, 0.44]",0.6686318831722542,0.9908428410913599,False
"D-Arabinose, tetrakis(trimethylsilyl) ether, ethyloxime (isomer 1)",IL-35,time1,30,27,-0.1927209905169793,"[-0.52, 0.19]",0.31653060659870813,0.9908428410913599,False
Diethanolamine,IL-35,time1,30,27,0.12224761440506893,"[-0.26, 0.47]",0.5275553793111752,0.9908428410913599,False
DL-Ornithine,IL-35,time1,30,27,-0.03746791197363932,"[-0.40, 0.33]",0.846987947818379,0.9959801770656903,False
Doconexent,IL-35,time1,30,27,0.26836734045761235,"[-0.11, 0.58]",0.15924727100473327,0.9908428410913599,False
Dodecanoic acid,IL-35,time1,30,27,-0.043861938785525745,"[-0.40, 0.33]",0.8212618595439563,0.9959801770656903,False
Erythritol,IL-35,time1,30,27,-0.24495997215506085,"[-0.56, 0.13]",0.20028415005905925,0.9908428410913599,False
"Ethanolamine, 2TMS",IL-35,time1,30,27,-0.08509587644274891,"[-0.44, 0.29]",0.6607372434344447,0.9908428410913599,False
"Ethanolamine, 3TMS",IL-35,time1,30,27,-0.15035129988725132,"[-0.49, 0.23]",0.43627882413738484,0.9908428410913599,False
Ethyl alpha-D-glucopyranoside,IL-35,time1,30,27,0.05907959492803726,"[-0.31, 0.42]",0.7608044125186333,0.9908428410913599,False
Glyceric acid,IL-35,time1,30,27,-0.14035490902936656,"[-0.48, 0.24]",0.46771994699648134,0.9908428410913599,False
Glycerol,IL-35,time1,30,27,0.3222398625141136,"[-0.05, 0.62]",0.08823212747618989,0.9908428410913599,False
Glycolic acid,IL-35,time1,30,27,0.14460107575076908,"[-0.23, 0.49]",0.4542222936104756,0.9908428410913599,False
L-(+)-Erythrulose,IL-35,time1,30,27,-0.13029695684010428,"[-0.47, 0.25]",0.500510366095575,0.9908428410913599,False
L-5-Oxoproline,IL-35,time1,30,27,-0.203259171266015,"[-0.53, 0.18]",0.2902717351228513,0.9908428410913599,False
L-Alanine,IL-35,time1,30,27,0.03636479963622775,"[-0.33, 0.40]",0.8514426377224459,0.9959801770656903,False
L-Aspartic acid,IL-35,time1,30,27,0.04044891302690886,"[-0.33, 0.40]",0.834973213335325,0.9959801770656903,False
L-Norvaline,IL-35,time1,30,27,-0.09105427480074364,"[-0.44, 0.28]",0.638532680723386,0.9908428410913599,False
L-Proline,IL-35,time1,30,27,0.17483074658007894,"[-0.20, 0.51]",0.36435780010136554,0.9908428410913599,False
L-Rhamnose,IL-35,time1,30,27,0.20798364968859964,"[-0.17, 0.53]",0.27896241033489866,0.9908428410913599,False
Lactic Acid.1,IL-35,time1,30,27,0.1361617518560666,"[-0.24, 0.48]",0.4812519605213741,0.9908428410913599,False
Methyl galactoside,IL-35,time1,30,27,0.13297843255168595,"[-0.25, 0.48]",0.491657617744389,0.9908428410913599,False
N-Acetylglutamine,IL-35,time1,30,27,-0.10038715734468434,"[-0.45, 0.28]",0.6043648988148902,0.9908428410913599,False
Nonanoic acid,IL-35,time1,30,27,0.22186486524704876,"[-0.16, 0.54]",0.24739063268523726,0.9908428410913599,False
Oxalic acid,IL-35,time1,30,27,0.04282729820837272,"[-0.33, 0.40]",0.8254131383208932,0.9959801770656903,False
Palmitelaidic acid,IL-35,time1,30,27,0.18852875943041428,"[-0.19, 0.52]",0.32737251647189114,0.9908428410913599,False
1H-Indole-3-Acetic Acid,MMP-1,time1,30,27,-0.13226540492642597,"[-0.48, 0.25]",0.49400387376453525,0.9908428410913599,False
2-OH-Butanoic Acid,MMP-1,time1,30,27,0.21334234828272045,"[-0.17, 0.54]",0.26648186659670803,0.9908428410913599,False
3-OH-Butanoic Acid,MMP-1,time1,30,27,0.4346401727858079,"[0.08, 0.69]",0.01846644290401107,0.9908428410913599,False
Alanine,MMP-1,time1,30,27,0.1900642806390986,"[-0.19, 0.52]",0.3233752822975272,0.9908428410913599,False
Arachidonic acid,MMP-1,time1,30,27,0.11899295605998844,"[-0.26, 0.47]",0.5386865373070691,0.9908428410913599,False
Arginine [-NH3],MMP-1,time1,30,27,-0.2083417163688297,"[-0.53, 0.17]",0.27811697030418764,0.9908428410913599,False
Ascorbic Acid,MMP-1,time1,30,27,-0.36211294415041795,"[-0.64, 0.01]",0.05356375026244323,0.9908428410913599,False
Asparagine,MMP-1,time1,30,27,0.008580413814605123,"[-0.36, 0.37]",0.964764808444753,0.9959801770656903,False
Cholesterol,MMP-1,time1,30,27,-0.23460188743289684,"[-0.55, 0.14]",0.2205819150348632,0.9908428410913599,False
Citric acid,MMP-1,time1,30,27,-0.04310468321268416,"[-0.40, 0.33]",0.8242997323646369,0.9959801770656903,False
Cysteine,MMP-1,time1,30,27,0.02066196169342319,"[-0.35, 0.38]",0.915277046430773,0.9959801770656903,False
Decanoic acid,MMP-1,time1,30,27,0.1585114133753907,"[-0.22, 0.50]",0.4114905325532724,0.9908428410913599,False
Glutamic Acid,MMP-1,time1,30,27,-0.06249937843267313,"[-0.42, 0.31]",0.7473922973372276,0.9908428410913599,False
Glutamine [-H2O],MMP-1,time1,30,27,-0.0030366676227210573,"[-0.37, 0.36]",0.987526676421207,0.9959801770656903,False
Glyceraldehyde-3-P(MOX),MMP-1,time1,30,27,-0.22044975094772304,"[-0.54, 0.16]",0.25049633864180865,0.9908428410913599,False
Glycerol-3-P,MMP-1,time1,30,27,0.10270332829832911,"[-0.27, 0.45]",0.5960069008667181,0.9908428410913599,False
Glycine,MMP-1,time1,30,27,-0.1717447097614146,"[-0.51, 0.21]",0.37301720104444314,0.9908428410913599,False
Indole-3-Latic Acid,MMP-1,time1,30,27,0.023048933897828097,"[-0.35, 0.39]",0.9055304554516661,0.9959801770656903,False
Indole-3-Propionic Acid,MMP-1,time1,30,27,0.3181415612579251,"[-0.05, 0.61]",0.0925874102718439,0.9908428410913599,False
Lactic Acid,MMP-1,time1,30,27,0.21336391500944515,"[-0.17, 0.54]",0.2664323815744713,0.9908428410913599,False
Leucine,MMP-1,time1,30,27,0.10819514086356584,"[-0.27, 0.46]",0.5763911683546783,0.9908428410913599,False
Linoleic Acid,MMP-1,time1,30,27,0.15982436237804726,"[-0.22, 0.50]",0.4075772199783897,0.9908428410913599,False
Lysine,MMP-1,time1,30,27,-0.04385436208287488,"[-0.40, 0.33]",0.8212922424655636,0.9959801770656903,False
Methionine,MMP-1,time1,30,27,0.08020258128260335,"[-0.29, 0.43]",0.6791867121177569,0.9908428410913599,False
Oleic Acid,MMP-1,time1,30,27,-0.0005843362101729376,"[-0.37, 0.37]",0.9975997095464224,0.9983149595259594,False
Ornithine,MMP-1,time1,30,27,-0.34650508701318344,"[-0.63, 0.02]",0.06555918427667848,0.9908428410913599,False
Palmitic Acid,MMP-1,time1,30,27,-0.037169690025168255,"[-0.40, 0.33]",0.8481918062683078,0.9959801770656903,False
Phenylalanine,MMP-1,time1,30,27,-0.023342951039887067,"[-0.39, 0.35]",0.9043308110491377,0.9959801770656903,False
Proline,MMP-1,time1,30,27,-0.07559126387014375,"[-0.43, 0.30]",0.6967407530624484,0.9908428410913599,False
Serine,MMP-1,time1,30,27,-0.05232311438354994,"[-0.41, 0.32]",0.7874996311940209,0.9929343175924611,False
Stearic Acid,MMP-1,time1,30,27,0.08446041724065234,"[-0.29, 0.44]",0.6631224747304665,0.9908428410913599,False
Threonine,MMP-1,time1,30,27,-0.1666660113532898,"[-0.50, 0.21]",0.38752682691640594,0.9908428410913599,False
Tryptophan,MMP-1,time1,30,27,-0.1269240310651195,"[-0.47, 0.25]",0.5117579777071892,0.9908428410913599,False
Tyrosine,MMP-1,time1,30,27,-0.00895800419034135,"[-0.37, 0.36]",0.9632152605951605,0.9959801770656903,False
Valine,MMP-1,time1,30,27,-0.008910295478555342,"[-0.37, 0.36]",0.9634110395365452,0.9959801770656903,False
"(R*,R*)-2,3-Dihydroxybutanoic acid, tris(trimethylsilyl)-",MMP-1,time1,30,27,0.10632101633077014,"[-0.27, 0.46]",0.5830528475641048,0.9908428410913599,False
1-Ethyl-1-tetradecyloxy-1-silacyclohexane,MMP-1,time1,30,27,0.000509980298303705,"[-0.37, 0.37]",0.9979051422190932,0.9983149595259594,False
1-Heptadecanol,MMP-1,time1,30,27,-0.0760152474260647,"[-0.43, 0.30]",0.6951201872792581,0.9908428410913599,False
1-Monooleoylglycerol,MMP-1,time1,30,27,0.13422098542823555,"[-0.24, 0.48]",0.48758245439347714,0.9908428410913599,False
1-Monopalmitin,MMP-1,time1,30,27,0.0631112799989372,"[-0.31, 0.42]",0.7449999336651634,0.9908428410913599,False
"1,3-Dioxolane-2-methanol",MMP-1,time1,30,27,-0.21251047289643527,"[-0.54, 0.17]",0.2683951633070298,0.9908428410913599,False
"1,5-Anhydrohexitol",MMP-1,time1,30,27,0.18163175613706703,"[-0.20, 0.51]",0.3456973684416704,0.9908428410913599,False
"11-Eicosenoic acid, (E)-",MMP-1,time1,30,27,0.03691378155939148,"[-0.33, 0.40]",0.8492251206783145,0.9959801770656903,False
2-Aminoadipic acid,MMP-1,time1,30,27,0.26100334785395796,"[-0.12, 0.57]",0.17144926020509776,0.9908428410913599,False
2-Aminoheptanedioic acid,MMP-1,time1,30,27,-0.10924201513167121,"[-0.46, 0.27]",0.5726848048276791,0.9908428410913599,False
"2-Ethyl-3-hydroxypropionic acid, di-",MMP-1,time1,30,27,-0.19510210457737773,"[-0.52, 0.18]",0.3104727749260946,0.9908428410913599,False
2-Keto-3-methylvaleric acid,MMP-1,time1,30,27,0.0897269086471389,"[-0.29, 0.44]",0.6434536957983112,0.9908428410913599,False
"2,3-Butanediol",MMP-1,time1,30,27,-0.45028384320733955,"[-0.70, -0.10]",0.01424162031390351,0.9908428410913599,False
"2,3,4-Trihydroxybutyric acid",MMP-1,time1,30,27,-0.0798281543426058,"[-0.43, 0.30]",0.6806060964281059,0.9908428410913599,False
4-Aminobutanoic acid,MMP-1,time1,30,27,-0.44040127845510385,"[-0.69, -0.09]",0.016804186607331434,0.9908428410913599,False
"9-Hexadecenoic acid, (Z)-",MMP-1,time1,30,27,-0.2388561697273517,"[-0.56, 0.14]",0.21208331589443774,0.9908428410913599,False
"alpha-D-Glucopyranoside, methyl 2-(acetylamino)-2-deoxy-3-O-(trimethylsilyl)-, cyclic methylboronate",MMP-1,time1,30,27,-0.17271111914157297,"[-0.51, 0.21]",0.37029263040010485,0.9908428410913599,False
Aminomalonic acid,MMP-1,time1,30,27,-0.08764073283013879,"[-0.44, 0.29]",0.6512177135329399,0.9908428410913599,False
Arachidonic acid.1,MMP-1,time1,30,27,0.005228678568921042,"[-0.36, 0.37]",0.9785244601002456,0.9959801770656903,False
beta-Alanine,MMP-1,time1,30,27,-0.12313548248573111,"[-0.47, 0.25]",0.5245381424454316,0.9908428410913599,False
beta-D-Xylopyranose,MMP-1,time1,30,27,0.19104911453171536,"[-0.19, 0.52]",0.3208274490681945,0.9908428410913599,False
Butanoic acid,MMP-1,time1,30,27,0.10301199341709892,"[-0.27, 0.45]",0.594896833454836,0.9908428410913599,False
Campesterol,MMP-1,time1,30,27,-0.09153457474844966,"[-0.44, 0.28]",0.6367557185448351,0.9908428410913599,False
D-(-)-Ribofuranose,MMP-1,time1,30,27,0.07162415173797619,"[-0.30, 0.43]",0.7119664349842756,0.9908428410913599,False
"D-Arabinose, tetrakis(trimethylsilyl) ether, ethyloxime (isomer 1)",MMP-1,time1,30,27,0.21447271825699019,"[-0.17, 0.54]",0.26389625787961174,0.9908428410913599,False
Diethanolamine,MMP-1,time1,30,27,0.14898695651160715,"[-0.23, 0.49]",0.44050098813261895,0.9908428410913599,False
DL-Ornithine,MMP-1,time1,30,27,0.09946881044752083,"[-0.28, 0.45]",0.6076924670275838,0.9908428410913599,False
Doconexent,MMP-1,time1,30,27,0.35695053114931297,"[-0.01, 0.64]",0.057322772039881315,0.9908428410913599,False
Dodecanoic acid,MMP-1,time1,30,27,0.22954856752004027,"[-0.15, 0.55]",0.2309722841707762,0.9908428410913599,False
Erythritol,MMP-1,time1,30,27,-0.2744400903947418,"[-0.58, 0.10]",0.1496613841677903,0.9908428410913599,False
"Ethanolamine, 2TMS",MMP-1,time1,30,27,-0.05518981333880381,"[-0.41, 0.32]",0.7761424659998379,0.9908428410913599,False
"Ethanolamine, 3TMS",MMP-1,time1,30,27,-0.03525807202370564,"[-0.40, 0.34]",0.8559164246357207,0.9959801770656903,False
Ethyl alpha-D-glucopyranoside,MMP-1,time1,30,27,0.24901968412107497,"[-0.13, 0.56]",0.19269142483089585,0.9908428410913599,False
Glyceric acid,MMP-1,time1,30,27,0.00714192126045447,"[-0.36, 0.37]",0.9706691681523991,0.9959801770656903,False
Glycerol,MMP-1,time1,30,27,0.2947273847766538,"[-0.08, 0.60]",0.1206513020102044,0.9908428410913599,False
Glycolic acid,MMP-1,time1,30,27,-0.3199690687829376,"[-0.61, 0.05]",0.09062563604161332,0.9908428410913599,False
L-(+)-Erythrulose,MMP-1,time1,30,27,0.0941452655293341,"[-0.28, 0.45]",0.6271316084654441,0.9908428410913599,False
L-5-Oxoproline,MMP-1,time1,30,27,-0.3483396978733521,"[-0.63, 0.02]",0.06404963112054606,0.9908428410913599,False
L-Alanine,MMP-1,time1,30,27,-0.055798597823833375,"[-0.41, 0.32]",0.7737363252027439,0.9908428410913599,False
L-Aspartic acid,MMP-1,time1,30,27,-0.04267423773644218,"[-0.40, 0.33]",0.8260276554121377,0.9959801770656903,False
L-Norvaline,MMP-1,time1,30,27,-0.09138731459507157,"[-0.44, 0.28]",0.6373003269897244,0.9908428410913599,False
L-Proline,MMP-1,time1,30,27,0.19430959242156454,"[-0.19, 0.52]",0.3124809506141285,0.9908428410913599,False
L-Rhamnose,MMP-1,time1,30,27,0.109886852113241,"[-0.27, 0.46]",0.5704071430274626,0.9908428410913599,False
Lactic Acid.1,MMP-1,time1,30,27,0.246267469686848,"[-0.13, 0.56]",0.1978166484778136,0.9908428410913599,False
Methyl galactoside,MMP-1,time1,30,27,0.31222293160905046,"[-0.06, 0.61]",0.09916189431121936,0.9908428410913599,False
N-Acetylglutamine,MMP-1,time1,30,27,-0.13936029969384264,"[-0.48, 0.24]",0.4709116012499416,0.9908428410913599,False
Nonanoic acid,MMP-1,time1,30,27,0.19009476310247414,"[-0.19, 0.52]",0.32329623606009683,0.9908428410913599,False
Oxalic acid,MMP-1,time1,30,27,0.1264272915456516,"[-0.25, 0.47]",0.5134248841030105,0.9908428410913599,False
Palmitelaidic acid,MMP-1,time1,30,27,-0.020489297822687793,"[-0.38, 0.35]",0.915982558294565,0.9959801770656903,False
1H-Indole-3-Acetic Acid,MMP-2,time1,30,27,0.15846710275790488,"[-0.22, 0.50]",0.41162296834123846,0.9908428410913599,False
2-OH-Butanoic Acid,MMP-2,time1,30,27,-0.14200192781449814,"[-0.48, 0.24]",0.46245970477418763,0.9908428410913599,False
3-OH-Butanoic Acid,MMP-2,time1,30,27,0.19955007251334161,"[-0.18, 0.53]",0.2993514240129334,0.9908428410913599,False
Alanine,MMP-2,time1,30,27,0.11700272187587506,"[-0.26, 0.46]",0.5455475344229098,0.9908428410913599,False
Arachidonic acid,MMP-2,time1,30,27,-0.018104284255272187,"[-0.38, 0.35]",0.9257339832845095,0.9959801770656903,False
Arginine [-NH3],MMP-2,time1,30,27,0.025358517752122254,"[-0.34, 0.39]",0.8961126046639198,0.9959801770656903,False
Ascorbic Acid,MMP-2,time1,30,27,-0.08873936575259012,"[-0.44, 0.29]",0.6471244731937866,0.9908428410913599,False
Asparagine,MMP-2,time1,30,27,0.27344456578430854,"[-0.10, 0.58]",0.1512036708846682,0.9908428410913599,False
Cholesterol,MMP-2,time1,30,27,-0.3374647234802327,"[-0.63, 0.03]",0.07340551771023389,0.9908428410913599,False
Citric acid,MMP-2,time1,30,27,0.019488618690215266,"[-0.35, 0.38]",0.9200725883717541,0.9959801770656903,False
Cysteine,MMP-2,time1,30,27,0.32935687435653854,"[-0.04, 0.62]",0.08104120389938492,0.9908428410913599,False
Decanoic acid,MMP-2,time1,30,27,0.15610679230957547,"[-0.22, 0.49]",0.41871187671539967,0.9908428410913599,False
Glutamic Acid,MMP-2,time1,30,27,-0.23722321486247133,"[-0.56, 0.14]",0.21531860242428774,0.9908428410913599,False
Glutamine [-H2O],MMP-2,time1,30,27,0.013182653369732598,"[-0.36, 0.38]",0.945888440072451,0.9959801770656903,False
Glyceraldehyde-3-P(MOX),MMP-2,time1,30,27,-0.06588642992700203,"[-0.42, 0.31]",0.7341792692074399,0.9908428410913599,False
Glycerol-3-P,MMP-2,time1,30,27,0.0036104390089295446,"[-0.36, 0.37]",0.9851701061856802,0.9959801770656903,False
Glycine,MMP-2,time1,30,27,0.3123386050028237,"[-0.06, 0.61]",0.09903012651788178,0.9908428410913599,False
Indole-3-Latic Acid,MMP-2,time1,30,27,0.17064734581252813,"[-0.21, 0.51]",0.3761251209349199,0.9908428410913599,False
Indole-3-Propionic Acid,MMP-2,time1,30,27,0.2148054059457032,"[-0.16, 0.54]",0.26313838719954996,0.9908428410913599,False
Lactic Acid,MMP-2,time1,30,27,0.2170216183447216,"[-0.16, 0.54]",0.2581259785888772,0.9908428410913599,False
Leucine,MMP-2,time1,30,27,0.1074859405878667,"[-0.27, 0.46]",0.5789080748037712,0.9908428410913599,False
Linoleic Acid,MMP-2,time1,30,27,0.19654380283158374,"[-0.18, 0.53]",0.30684025600010045,0.9908428410913599,False
Lysine,MMP-2,time1,30,27,0.39626435075683053,"[0.03, 0.67]",0.033330743376178314,0.9908428410913599,False
Methionine,MMP-2,time1,30,27,0.2927278209196733,"[-0.08, 0.60]",0.12331035923554631,0.9908428410913599,False
Oleic Acid,MMP-2,time1,30,27,-0.16991945934088593,"[-0.50, 0.21]",0.37819490709882997,0.9908428410913599,False
Ornithine,MMP-2,time1,30,27,0.2800178569288494,"[-0.10, 0.59]",0.14122911225317974,0.9908428410913599,False
Palmitic Acid,MMP-2,time1,30,27,-0.17403333914121444,"[-0.51, 0.21]",0.3665838803628739,0.9908428410913599,False
Phenylalanine,MMP-2,time1,30,27,0.31516488556187783,"[-0.06, 0.61]",0.09585138706834566,0.9908428410913599,False
Proline,MMP-2,time1,30,27,0.2046312072294401,"[-0.17, 0.53]",0.2869578442990752,0.9908428410913599,False
Serine,MMP-2,time1,30,27,0.32320376343300916,"[-0.05, 0.62]",0.08723079143616339,0.9908428410913599,False
Stearic Acid,MMP-2,time1,30,27,-0.08349769256854687,"[-0.44, 0.29]",0.6667422536682757,0.9908428410913599,False
Threonine,MMP-2,time1,30,27,0.2792611856119068,"[-0.10, 0.59]",0.14235236680878285,0.9908428410913599,False
Tryptophan,MMP-2,time1,30,27,-0.08628002017099258,"[-0.44, 0.29]",0.6563011695495514,0.9908428410913599,False
Tyrosine,MMP-2,time1,30,27,0.24417676473719227,"[-0.13, 0.56]",0.20177232025571296,0.9908428410913599,False
Valine,MMP-2,time1,30,27,-0.028237424758428546,"[-0.39, 0.34]",0.8843926574223039,0.9959801770656903,False
"(R*,R*)-2,3-Dihydroxybutanoic acid, tris(trimethylsilyl)-",MMP-2,time1,30,27,0.15823743083439734,"[-0.22, 0.50]",0.41230979501138487,0.9908428410913599,False
1-Ethyl-1-tetradecyloxy-1-silacyclohexane,MMP-2,time1,30,27,-0.07705398535205707,"[-0.43, 0.30]",0.6911554453218223,0.9908428410913599,False
1-Heptadecanol,MMP-2,time1,30,27,-0.2536595351370185,"[-0.57, 0.12]",0.184260756936887,0.9908428410913599,False
1-Monooleoylglycerol,MMP-2,time1,30,27,-0.09778984080530878,"[-0.45, 0.28]",0.613795927145949,0.9908428410913599,False
1-Monopalmitin,MMP-2,time1,30,27,0.09903070896132402,"[-0.28, 0.45]",0.6092826088133956,0.9908428410913599,False
"1,3-Dioxolane-2-methanol",MMP-2,time1,30,27,-0.08719205423075699,"[-0.44, 0.29]",0.6528922462312285,0.9908428410913599,False
"1,5-Anhydrohexitol",MMP-2,time1,30,27,-0.10984391469226108,"[-0.46, 0.27]",0.5705586778796703,0.9908428410913599,False
"11-Eicosenoic acid, (E)-",MMP-2,time1,30,27,-0.0677707450455774,"[-0.42, 0.31]",0.726860221382716,0.9908428410913599,False
2-Aminoadipic acid,MMP-2,time1,30,27,0.10804971556671744,"[-0.27, 0.46]",0.5769068764104756,0.9908428410913599,False
2-Aminoheptanedioic acid,MMP-2,time1,30,27,-0.3366153084792649,"[-0.63, 0.03]",0.07417840963357583,0.9908428410913599,False
"2-Ethyl-3-hydroxypropionic acid, di-",MMP-2,time1,30,27,-0.06515733859581897,"[-0.42, 0.31]",0.7370173659643149,0.9908428410913599,False
2-Keto-3-methylvaleric acid,MMP-2,time1,30,27,-0.10730961254391165,"[-0.46, 0.27]",0.57953460663375,0.9908428410913599,False
"2,3-Butanediol",MMP-2,time1,30,27,-0.2727219829966471,"[-0.58, 0.10]",0.15233024008228138,0.9908428410913599,False
"2,3,4-Trihydroxybutyric acid",MMP-2,time1,30,27,-0.19570078095379728,"[-0.52, 0.18]",0.30896110651729874,0.9908428410913599,False
4-Aminobutanoic acid,MMP-2,time1,30,27,-0.3200792375791343,"[-0.61, 0.05]",0.09050838889439577,0.9908428410913599,False
"9-Hexadecenoic acid, (Z)-",MMP-2,time1,30,27,-0.14540819941678976,"[-0.49, 0.23]",0.451680272779607,0.9908428410913599,False
"alpha-D-Glucopyranoside, methyl 2-(acetylamino)-2-deoxy-3-O-(trimethylsilyl)-, cyclic methylboronate",MMP-2,time1,30,27,-0.22856648531804433,"[-0.55, 0.15]",0.23302901225166184,0.9908428410913599,False
Aminomalonic acid,MMP-2,time1,30,27,0.041282762138699206,"[-0.33, 0.40]",0.8316188104940185,0.9959801770656903,False
Arachidonic acid.1,MMP-2,time1,30,27,-0.2933186844357577,"[-0.60, 0.08]",0.12252016782870158,0.9908428410913599,False
beta-Alanine,MMP-2,time1,30,27,-0.006154056191504711,"[-0.37, 0.36]",0.9747248032630293,0.9959801770656903,False
beta-D-Xylopyranose,MMP-2,time1,30,27,0.0793151550318314,"[-0.30, 0.43]",0.6825525162476707,0.9908428410913599,False
Butanoic acid,MMP-2,time1,30,27,-0.02716171452293373,"[-0.39, 0.34]",0.8887691839033615,0.9959801770656903,False
Campesterol,MMP-2,time1,30,27,-0.22097440998218898,"[-0.54, 0.16]",0.24934190592891461,0.9908428410913599,False
D-(-)-Ribofuranose,MMP-2,time1,30,27,-0.0011889152387094919,"[-0.37, 0.37]",0.9951162890465953,0.9981157142404361,False
"D-Arabinose, tetrakis(trimethylsilyl) ether, ethyloxime (isomer 1)",MMP-2,time1,30,27,0.0648091065328372,"[-0.31, 0.42]",0.7383741085104372,0.9908428410913599,False
Diethanolamine,MMP-2,time1,30,27,0.20666173785314548,"[-0.17, 0.53]",0.28209787200074915,0.9908428410913599,False
DL-Ornithine,MMP-2,time1,30,27,0.24641647800347993,"[-0.13, 0.56]",0.1975367783778263,0.9908428410913599,False
Doconexent,MMP-2,time1,30,27,0.09975375994091852,"[-0.28, 0.45]",0.6066591469476406,0.9908428410913599,False
Dodecanoic acid,MMP-2,time1,30,27,-0.02905171343310052,"[-0.39, 0.34]",0.8810819287234505,0.9959801770656903,False
Erythritol,MMP-2,time1,30,27,0.04905691434635025,"[-0.32, 0.41]",0.8004915416403312,0.9959801770656903,False
"Ethanolamine, 2TMS",MMP-2,time1,30,27,-0.2350099164327531,"[-0.55, 0.14]",0.21975697662086668,0.9908428410913599,False
"Ethanolamine, 3TMS",MMP-2,time1,30,27,0.11841497364682431,"[-0.26, 0.46]",0.5406748219442301,0.9908428410913599,False
Ethyl alpha-D-glucopyranoside,MMP-2,time1,30,27,-0.09017526639797716,"[-0.44, 0.29]",0.6417898118796994,0.9908428410913599,False
Glyceric acid,MMP-2,time1,30,27,0.024155900525770505,"[-0.35, 0.39]",0.9010149062713155,0.9959801770656903,False
Glycerol,MMP-2,time1,30,27,-0.17406611554465115,"[-0.51, 0.21]",0.366492222901629,0.9908428410913599,False
Glycolic acid,MMP-2,time1,30,27,-0.4279275303836863,"[-0.69, -0.07]",0.020572006338139968,0.9908428410913599,False
L-(+)-Erythrulose,MMP-2,time1,30,27,-0.06896323817050687,"[-0.42, 0.31]",0.7222404175331236,0.9908428410913599,False
L-5-Oxoproline,MMP-2,time1,30,27,0.08603452002793971,"[-0.29, 0.44]",0.6572199368406414,0.9908428410913599,False
L-Alanine,MMP-2,time1,30,27,0.060401373661891106,"[-0.31, 0.42]",0.7556122242096356,0.9908428410913599,False
L-Aspartic acid,MMP-2,time1,30,27,0.03999777900332775,"[-0.33, 0.40]",0.836789217491241,0.9959801770656903,False
L-Norvaline,MMP-2,time1,30,27,0.006318380169158158,"[-0.36, 0.37]",0.974050133238105,0.9959801770656903,False
L-Proline,MMP-2,time1,30,27,0.007089610075040256,"[-0.36, 0.37]",0.9708839122783628,0.9959801770656903,False
L-Rhamnose,MMP-2,time1,30,27,-0.12163159852393181,"[-0.47, 0.26]",0.5296536753293362,0.9908428410913599,False
Lactic Acid.1,MMP-2,time1,30,27,0.0702683097496793,"[-0.30, 0.43]",0.7171954081181755,0.9908428410913599,False
Methyl galactoside,MMP-2,time1,30,27,-0.04211248021206447,"[-0.40, 0.33]",0.8282838948754787,0.9959801770656903,False
N-Acetylglutamine,MMP-2,time1,30,27,-0.31245268086612255,"[-0.61, 0.06]",0.09890030762884358,0.9908428410913599,False
Nonanoic acid,MMP-2,time1,30,27,0.17537440638860796,"[-0.20, 0.51]",0.36284467311586444,0.9908428410913599,False
Oxalic acid,MMP-2,time1,30,27,0.07502490189166046,"[-0.30, 0.43]",0.6989075600440922,0.9908428410913599,False
Palmitelaidic acid,MMP-2,time1,30,27,-0.26510592200168714,"[-0.58, 0.11]",0.16457253421281728,0.9908428410913599,False
1H-Indole-3-Acetic Acid,MMP-3,time1,30,27,0.2867787092613206,"[-0.09, 0.59]",0.13147658955319705,0.9908428410913599,False
2-OH-Butanoic Acid,MMP-3,time1,30,27,0.0034865304280133585,"[-0.36, 0.37]",0.9856790087455393,0.9959801770656903,False
3-OH-Butanoic Acid,MMP-3,time1,30,27,0.2853614822325361,"[-0.09, 0.59]",0.13347896149218927,0.9908428410913599,False
Alanine,MMP-3,time1,30,27,-0.060408109066394135,"[-0.42, 0.31]",0.7555857927426443,0.9908428410913599,False
Arachidonic acid,MMP-3,time1,30,27,0.0999213262530065,"[-0.28, 0.45]",0.606051842768509,0.9908428410913599,False
Arginine [-NH3],MMP-3,time1,30,27,0.17388463677540975,"[-0.21, 0.51]",0.3669998878839754,0.9908428410913599,False
Ascorbic Acid,MMP-3,time1,30,27,0.17702741758986934,"[-0.20, 0.51]",0.3582668151910702,0.9908428410913599,False
Asparagine,MMP-3,time1,30,27,0.10333459717663653,"[-0.27, 0.45]",0.5937375906626903,0.9908428410913599,False
Cholesterol,MMP-3,time1,30,27,-0.08198969942005403,"[-0.44, 0.29]",0.6724269166964413,0.9908428410913599,False
Citric acid,MMP-3,time1,30,27,-0.031178940512933576,"[-0.39, 0.34]",0.8724424452241866,0.9959801770656903,False
Cysteine,MMP-3,time1,30,27,0.18903394565703244,"[-0.19, 0.52]",0.3260541019881067,0.9908428410913599,False
Decanoic acid,MMP-3,time1,30,27,0.21355098890015753,"[-0.17, 0.54]",0.2660033893018751,0.9908428410913599,False
Glutamic Acid,MMP-3,time1,30,27,-0.12681173723762953,"[-0.47, 0.25]",0.5121345683751459,0.9908428410913599,False
Glutamine [-H2O],MMP-3,time1,30,27,-0.02109440406567261,"[-0.38, 0.35]",0.913510346046144,0.9959801770656903,False
Glyceraldehyde-3-P(MOX),MMP-3,time1,30,27,-0.12785004682747078,"[-0.47, 0.25]",0.508657679545673,0.9908428410913599,False
Glycerol-3-P,MMP-3,time1,30,27,0.20822994802198636,"[-0.17, 0.53]",0.27838069250596387,0.9908428410913599,False
Glycine,MMP-3,time1,30,27,0.2955115399209018,"[-0.08, 0.60]",0.119620154394837,0.9908428410913599,False
Indole-3-Latic Acid,MMP-3,time1,30,27,-0.08078701045223151,"[-0.43, 0.29]",0.6769733918754174,0.9908428410913599,False
Indole-3-Propionic Acid,MMP-3,time1,30,27,0.23854297063884378,"[-0.14, 0.56]",0.2127012581554723,0.9908428410913599,False
Lactic Acid,MMP-3,time1,30,27,-0.06393158772955207,"[-0.42, 0.31]",0.7417964002893276,0.9908428410913599,False
Leucine,MMP-3,time1,30,27,0.01096856784402264,"[-0.36, 0.38]",0.9549666898654761,0.9959801770656903,False
Linoleic Acid,MMP-3,time1,30,27,0.21959194116678302,"[-0.16, 0.54]",0.25239138901226293,0.9908428410913599,False
Lysine,MMP-3,time1,30,27,0.3998089555307923,"[0.04, 0.67]",0.03164496880874924,0.9908428410913599,False
Methionine,MMP-3,time1,30,27,0.034018017627116634,"[-0.34, 0.40]",0.8609343530947933,0.9959801770656903,False
Oleic Acid,MMP-3,time1,30,27,0.024467918096391345,"[-0.35, 0.39]",0.8997426606921038,0.9959801770656903,False
Ornithine,MMP-3,time1,30,27,0.368309549715414,"[0.00, 0.65]",0.049310999943289316,0.9908428410913599,False
Palmitic Acid,MMP-3,time1,30,27,-0.05409714467153721,"[-0.41, 0.32]",0.7804661684728118,0.9908428410913599,False
Phenylalanine,MMP-3,time1,30,27,0.10601768277079315,"[-0.27, 0.45]",0.5841342387921811,0.9908428410913599,False
Proline,MMP-3,time1,30,27,-0.1187513916722154,"[-0.47, 0.26]",0.5395171085283516,0.9908428410913599,False
Serine,MMP-3,time1,30,27,0.17574813892608196,"[-0.20, 0.51]",0.3618066472140832,0.9908428410913599,False
Stearic Acid,MMP-3,time1,30,27,-0.018813641926256074,"[-0.38, 0.35]",0.9228325231212551,0.9959801770656903,False
Threonine,MMP-3,time1,30,27,0.15997488601896884,"[-0.22, 0.50]",0.40712991764829876,0.9908428410913599,False
Tryptophan,MMP-3,time1,30,27,-0.03859973722671944,"[-0.40, 0.33]",0.8424220964231482,0.9959801770656903,False
Tyrosine,MMP-3,time1,30,27,0.0708275553424671,"[-0.30, 0.43]",0.7150370773754626,0.9908428410913599,False
Valine,MMP-3,time1,30,27,-0.007891050390000855,"[-0.37, 0.36]",0.9675941241727004,0.9959801770656903,False
"(R*,R*)-2,3-Dihydroxybutanoic acid, tris(trimethylsilyl)-",MMP-3,time1,30,27,0.032828867498830454,"[-0.34, 0.39]",0.8657512767805005,0.9959801770656903,False
1-Ethyl-1-tetradecyloxy-1-silacyclohexane,MMP-3,time1,30,27,0.18453589352309166,"[-0.20, 0.52]",0.3379074909942106,0.9908428410913599,False
1-Heptadecanol,MMP-3,time1,30,27,-0.04102686820698949,"[-0.40, 0.33]",0.8326479141480341,0.9959801770656903,False
1-Monooleoylglycerol,MMP-3,time1,30,27,-0.15931449781217963,"[-0.50, 0.22]",0.4090944061677947,0.9908428410913599,False
1-Monopalmitin,MMP-3,time1,30,27,-0.0009079159817816422,"[-0.37, 0.37]",0.996270541442965,0.9983149595259594,False
"1,3-Dioxolane-2-methanol",MMP-3,time1,30,27,-0.08237613830990066,"[-0.44, 0.29]",0.6709684634277464,0.9908428410913599,False
"1,5-Anhydrohexitol",MMP-3,time1,30,27,-0.14061851177739798,"[-0.48, 0.24]",0.4668759578818754,0.9908428410913599,False
"11-Eicosenoic acid, (E)-",MMP-3,time1,30,27,0.051747766839736226,"[-0.32, 0.41]",0.7897842441376752,0.9934709718618547,False
2-Aminoadipic acid,MMP-3,time1,30,27,0.21911166368963342,"[-0.16, 0.54]",0.25345650935236574,0.9908428410913599,False
2-Aminoheptanedioic acid,MMP-3,time1,30,27,-0.08148950946041247,"[-0.44, 0.29]",0.674316403179001,0.9908428410913599,False
"2-Ethyl-3-hydroxypropionic acid, di-",MMP-3,time1,30,27,-0.01705531541781291,"[-0.38, 0.35]",0.9300262402943003,0.9959801770656903,False
2-Keto-3-methylvaleric acid,MMP-3,time1,30,27,-0.3909551451256552,"[-0.66, -0.03]",0.035990531425790916,0.9908428410913599,False
"2,3-Butanediol",MMP-3,time1,30,27,-0.04426643510677954,"[-0.40, 0.33]",0.819640179162691,0.9959801770656903,False
"2,3,4-Trihydroxybutyric acid",MMP-3,time1,30,27,-0.23022713528798994,"[-0.55, 0.15]",0.22955831974858068,0.9908428410913599,False
4-Aminobutanoic acid,MMP-3,time1,30,27,-0.05900956566303258,"[-0.42, 0.31]",0.761079786122596,0.9908428410913599,False
"9-Hexadecenoic acid, (Z)-",MMP-3,time1,30,27,-0.06971265813795001,"[-0.43, 0.30]",0.7193419798981906,0.9908428410913599,False
"alpha-D-Glucopyranoside, methyl 2-(acetylamino)-2-deoxy-3-O-(trimethylsilyl)-, cyclic methylboronate",MMP-3,time1,30,27,0.034763202270837554,"[-0.34, 0.40]",0.8579182867466122,0.9959801770656903,False
Aminomalonic acid,MMP-3,time1,30,27,0.12973473290946028,"[-0.25, 0.47]",0.5023765709138817,0.9908428410913599,False
Arachidonic acid.1,MMP-3,time1,30,27,-0.2814799267161098,"[-0.59, 0.09]",0.1390769384486266,0.9908428410913599,False
beta-Alanine,MMP-3,time1,30,27,-0.234894627750381,"[-0.55, 0.14]",0.2199898512004527,0.9908428410913599,False
beta-D-Xylopyranose,MMP-3,time1,30,27,-0.19574059198159943,"[-0.52, 0.18]",0.30886074596952395,0.9908428410913599,False
Butanoic acid,MMP-3,time1,30,27,0.03337356507374823,"[-0.34, 0.40]",0.8635442606283763,0.9959801770656903,False
Campesterol,MMP-3,time1,30,27,-0.0024801766920031854,"[-0.37, 0.36]",0.9898123713284294,0.9959809696125191,False
D-(-)-Ribofuranose,MMP-3,time1,30,27,-0.040540903259266424,"[-0.40, 0.33]",0.8346030155075119,0.9959801770656903,False
"D-Arabinose, tetrakis(trimethylsilyl) ether, ethyloxime (isomer 1)",MMP-3,time1,30,27,-0.2736782510770913,"[-0.58, 0.10]",0.15084061958284464,0.9908428410913599,False
Diethanolamine,MMP-3,time1,30,27,0.13541470007069406,"[-0.24, 0.48]",0.48368372462028897,0.9908428410913599,False
DL-Ornithine,MMP-3,time1,30,27,0.2833829818280608,"[-0.09, 0.59]",0.1363114351173291,0.9908428410913599,False
Doconexent,MMP-3,time1,30,27,-0.02042443014317274,"[-0.38, 0.35]",0.9162476265311901,0.9959801770656903,False
Dodecanoic acid,MMP-3,time1,30,27,-0.10318764253548003,"[-0.45, 0.27]",0.5942655358473967,0.9908428410913599,False
Erythritol,MMP-3,time1,30,27,0.13178660264384887,"[-0.25, 0.48]",0.4955825633123001,0.9908428410913599,False
"Ethanolamine, 2TMS",MMP-3,time1,30,27,-0.23560726339684218,"[-0.55, 0.14]",0.21855305212789802,0.9908428410913599,False
"Ethanolamine, 3TMS",MMP-3,time1,30,27,0.04462051964042121,"[-0.33, 0.40]",0.8182212031257061,0.9959801770656903,False
Ethyl alpha-D-glucopyranoside,MMP-3,time1,30,27,-0.2937018527116166,"[-0.60, 0.08]",0.12200973578685767,0.9908428410913599,False
Glyceric acid,MMP-3,time1,30,27,-0.024061039913730608,"[-0.39, 0.35]",0.9014017462657098,0.9959801770656903,False
Glycerol,MMP-3,time1,30,27,-0.3326352778733696,"[-0.62, 0.04]",0.07788371365738542,0.9908428410913599,False
Glycolic acid,MMP-3,time1,30,27,0.021176244728547424,"[-0.35, 0.38]",0.9131760392485178,0.9959801770656903,False
L-(+)-Erythrulose,MMP-3,time1,30,27,0.11700135660207672,"[-0.26, 0.46]",0.545552254968583,0.9908428410913599,False
L-5-Oxoproline,MMP-3,time1,30,27,0.20817636762374692,"[-0.17, 0.53]",0.2785071746450411,0.9908428410913599,False
L-Alanine,MMP-3,time1,30,27,0.0894775007479571,"[-0.29, 0.44]",0.6443799953000213,0.9908428410913599,False
L-Aspartic acid,MMP-3,time1,30,27,0.06486197281607949,"[-0.31, 0.42]",0.7381680872524442,0.9908428410913599,False
L-Norvaline,MMP-3,time1,30,27,0.19889218572648065,"[-0.18, 0.53]",0.3009803495627395,0.9908428410913599,False
L-Proline,MMP-3,time1,30,27,0.042131857612615835,"[-0.33, 0.40]",0.8282060452382394,0.9959801770656903,False
L-Rhamnose,MMP-3,time1,30,27,-0.07934906151722314,"[-0.43, 0.30]",0.682423806758159,0.9908428410913599,False
Lactic Acid.1,MMP-3,time1,30,27,-0.0037890729458991967,"[-0.37, 0.36]",0.984436452231993,0.9959801770656903,False
Methyl galactoside,MMP-3,time1,30,27,-0.03127298538715549,"[-0.39, 0.34]",0.872060816666432,0.9959801770656903,False
N-Acetylglutamine,MMP-3,time1,30,27,-0.1095649549121157,"[-0.46, 0.27]",0.5715436236709021,0.9908428410913599,False
Nonanoic acid,MMP-3,time1,30,27,0.12076402446383559,"[-0.26, 0.47]",0.5326156073515391,0.9908428410913599,False
Oxalic acid,MMP-3,time1,30,27,0.14898168532350367,"[-0.23, 0.49]",0.44051734333526404,0.9908428410913599,False
Palmitelaidic acid,MMP-3,time1,30,27,-0.07409059000712363,"[-0.43, 0.30]",0.7024871369003064,0.9908428410913599,False
1H-Indole-3-Acetic Acid,Osteocalcin,time1,30,27,0.12888557574541645,"[-0.25, 0.47]",0.50520176573499,0.9908428410913599,False
2-OH-Butanoic Acid,Osteocalcin,time1,30,27,-0.17108607793732528,"[-0.51, 0.21]",0.3748807534432348,0.9908428410913599,False
3-OH-Butanoic Acid,Osteocalcin,time1,30,27,0.03922141899606663,"[-0.33, 0.40]",0.8399163094442728,0.9959801770656903,False
Alanine,Osteocalcin,time1,30,27,0.29448352343162404,"[-0.08, 0.60]",0.12097330784229415,0.9908428410913599,False
Arachidonic acid,Osteocalcin,time1,30,27,0.002789845038556158,"[-0.36, 0.37]",0.9885404486962882,0.9959801770656903,False
Arginine [-NH3],Osteocalcin,time1,30,27,-0.15361782375869082,"[-0.49, 0.23]",0.42626003077299957,0.9908428410913599,False
Ascorbic Acid,Osteocalcin,time1,30,27,-0.07916727251638217,"[-0.43, 0.30]",0.6831139821089139,0.9908428410913599,False
Asparagine,Osteocalcin,time1,30,27,0.08619690075920755,"[-0.29, 0.44]",0.6566121833813668,0.9908428410913599,False
Cholesterol,Osteocalcin,time1,30,27,-0.4521881377503588,"[-0.70, -0.10]",0.013787269245432185,0.9908428410913599,False
Citric acid,Osteocalcin,time1,30,27,-0.13943284878430587,"[-0.48, 0.24]",0.4706784121020344,0.9908428410913599,False
Cysteine,Osteocalcin,time1,30,27,0.46238906264008606,"[0.12, 0.71]",0.011553826110614505,0.9908428410913599,False
Decanoic acid,Osteocalcin,time1,30,27,-0.19510041735392158,"[-0.52, 0.18]",0.31047704169003626,0.9908428410913599,False
Glutamic Acid,Osteocalcin,time1,30,27,0.01363180482439292,"[-0.35, 0.38]",0.944047589986407,0.9959801770656903,False
Glutamine [-H2O],Osteocalcin,time1,30,27,-0.04072808375217498,"[-0.40, 0.33]",0.8338498487436352,0.9959801770656903,False
Glyceraldehyde-3-P(MOX),Osteocalcin,time1,30,27,-0.08453598265400124,"[-0.44, 0.29]",0.6628386663914378,0.9908428410913599,False
Glycerol-3-P,Osteocalcin,time1,30,27,-0.030120502195125624,"[-0.39, 0.34]",0.876739437218409,0.9959801770656903,False
Glycine,Osteocalcin,time1,30,27,0.35609145559973576,"[-0.01, 0.64]",0.0579678989347071,0.9908428410913599,False
Indole-3-Latic Acid,Osteocalcin,time1,30,27,0.1707706196503271,"[-0.21, 0.51]",0.37577523907282573,0.9908428410913599,False
Indole-3-Propionic Acid,Osteocalcin,time1,30,27,0.1320084893826046,"[-0.25, 0.48]",0.49485065070486267,0.9908428410913599,False
Lactic Acid,Osteocalcin,time1,30,27,0.2753332164011224,"[-0.10, 0.58]",0.14828739561639884,0.9908428410913599,False
Leucine,Osteocalcin,time1,30,27,0.18969610913984453,"[-0.19, 0.52]",0.3243309520527292,0.9908428410913599,False
Linoleic Acid,Osteocalcin,time1,30,27,0.1770011283258717,"[-0.20, 0.51]",0.3583393514999411,0.9908428410913599,False
Lysine,Osteocalcin,time1,30,27,0.3362137199003245,"[-0.03, 0.63]",0.07454599558454031,0.9908428410913599,False
Methionine,Osteocalcin,time1,30,27,0.21956199170060794,"[-0.16, 0.54]",0.2524577223506784,0.9908428410913599,False
Oleic Acid,Osteocalcin,time1,30,27,-0.1745187265939977,"[-0.51, 0.21]",0.36522789899008656,0.9908428410913599,False
Ornithine,Osteocalcin,time1,30,27,0.22462263822260714,"[-0.15, 0.55]",0.24141157292888654,0.9908428410913599,False
Palmitic Acid,Osteocalcin,time1,30,27,-0.2162126313527421,"[-0.54, 0.16]",0.2599483763815027,0.9908428410913599,False
Phenylalanine,Osteocalcin,time1,30,27,0.13782515940030585,"[-0.24, 0.48]",0.4758599560454575,0.9908428410913599,False
Proline,Osteocalcin,time1,30,27,0.3493215411265405,"[-0.02, 0.63]",0.0632529450939019,0.9908428410913599,False
Serine,Osteocalcin,time1,30,27,0.2187833049788535,"[-0.16, 0.54]",0.25418641303173406,0.9908428410913599,False
Stearic Acid,Osteocalcin,time1,30,27,-0.06025970177075107,"[-0.42, 0.31]",0.756168243784415,0.9908428410913599,False
Threonine,Osteocalcin,time1,30,27,0.14041960850662494,"[-0.24, 0.48]",0.4675127218801157,0.9908428410913599,False
Tryptophan,Osteocalcin,time1,30,27,-0.10350079451371201,"[-0.45, 0.27]",0.5931407587844002,0.9908428410913599,False
Tyrosine,Osteocalcin,time1,30,27,0.2832624358178525,"[-0.09, 0.59]",0.13648541478611415,0.9908428410913599,False
Valine,Osteocalcin,time1,30,27,0.012575533146047067,"[-0.36, 0.38]",0.948377157644501,0.9959801770656903,False
"(R*,R*)-2,3-Dihydroxybutanoic acid, tris(trimethylsilyl)-",Osteocalcin,time1,30,27,0.155983422766839,"[-0.22, 0.49]",0.41908425535306215,0.9908428410913599,False
1-Ethyl-1-tetradecyloxy-1-silacyclohexane,Osteocalcin,time1,30,27,-0.11038209932724496,"[-0.46, 0.27]",0.5686606244078973,0.9908428410913599,False
1-Heptadecanol,Osteocalcin,time1,30,27,-0.22785364334453742,"[-0.55, 0.15]",0.23452953290895184,0.9908428410913599,False
1-Monooleoylglycerol,Osteocalcin,time1,30,27,-0.02073442084689251,"[-0.38, 0.35]",0.9149809939924023,0.9959801770656903,False
1-Monopalmitin,Osteocalcin,time1,30,27,0.07816613463588944,"[-0.30, 0.43]",0.6869193409401662,0.9908428410913599,False
"1,3-Dioxolane-2-methanol",Osteocalcin,time1,30,27,0.007128483675533614,"[-0.36, 0.37]",0.9707243309712481,0.9959801770656903,False
"1,5-Anhydrohexitol",Osteocalcin,time1,30,27,0.01613045740719706,"[-0.35, 0.38]",0.9338122475576891,0.9959801770656903,False
"11-Eicosenoic acid, (E)-",Osteocalcin,time1,30,27,-0.054387623688140374,"[-0.41, 0.32]",0.7793161088914082,0.9908428410913599,False
2-Aminoadipic acid,Osteocalcin,time1,30,27,0.08973182434708807,"[-0.29, 0.44]",0.6434354441616092,0.9908428410913599,False
2-Aminoheptanedioic acid,Osteocalcin,time1,30,27,-0.3964015006967422,"[-0.67, -0.03]",0.03326419643203321,0.9908428410913599,False
"2-Ethyl-3-hydroxypropionic acid, di-",Osteocalcin,time1,30,27,-0.24426808851175622,"[-0.56, 0.13]",0.20159840575534047,0.9908428410913599,False
2-Keto-3-methylvaleric acid,Osteocalcin,time1,30,27,0.008624075537008887,"[-0.36, 0.37]",0.9645856238166178,0.9959801770656903,False
"2,3-Butanediol",Osteocalcin,time1,30,27,-0.1801953236156258,"[-0.51, 0.20]",0.3495899233161056,0.9908428410913599,False
"2,3,4-Trihydroxybutyric acid",Osteocalcin,time1,30,27,-0.126074169449363,"[-0.47, 0.25]",0.5146114732340175,0.9908428410913599,False
4-Aminobutanoic acid,Osteocalcin,time1,30,27,-0.29990480475561965,"[-0.60, 0.07]",0.11396318241437906,0.9908428410913599,False
"9-Hexadecenoic acid, (Z)-",Osteocalcin,time1,30,27,-0.15921808200925644,"[-0.50, 0.22]",0.4093816632159878,0.9908428410913599,False
"alpha-D-Glucopyranoside, methyl 2-(acetylamino)-2-deoxy-3-O-(trimethylsilyl)-, cyclic methylboronate",Osteocalcin,time1,30,27,-0.20503374436649832,"[-0.53, 0.17]",0.2859901820073938,0.9908428410913599,False
Aminomalonic acid,Osteocalcin,time1,30,27,0.0017238828488412943,"[-0.37, 0.37]",0.9929188468481018,0.997422808627619,False
Arachidonic acid.1,Osteocalcin,time1,30,27,-0.29218112348467257,"[-0.59, 0.08]",0.12404482130401664,0.9908428410913599,False
beta-Alanine,Osteocalcin,time1,30,27,0.1109547860728208,"[-0.27, 0.46]",0.5666440217423144,0.9908428410913599,False
beta-D-Xylopyranose,Osteocalcin,time1,30,27,0.20223909451198546,"[-0.18, 0.53]",0.29275121232432166,0.9908428410913599,False
Butanoic acid,Osteocalcin,time1,30,27,0.02235764092394999,"[-0.35, 0.39]",0.9083518554945313,0.9959801770656903,False
Campesterol,Osteocalcin,time1,30,27,-0.10136208656894373,"[-0.45, 0.28]",0.6008407777049206,0.9908428410913599,False
D-(-)-Ribofuranose,Osteocalcin,time1,30,27,-0.09368147494340706,"[-0.44, 0.28]",0.6288370295307921,0.9908428410913599,False
"D-Arabinose, tetrakis(trimethylsilyl) ether, ethyloxime (isomer 1)",Osteocalcin,time1,30,27,0.36043246290518194,"[-0.01, 0.64]",0.054765451603913946,0.9908428410913599,False
Diethanolamine,Osteocalcin,time1,30,27,0.1841622405936505,"[-0.20, 0.52]",0.33890374651157795,0.9908428410913599,False
DL-Ornithine,Osteocalcin,time1,30,27,0.27480782896036543,"[-0.10, 0.58]",0.14909454884551074,0.9908428410913599,False
Doconexent,Osteocalcin,time1,30,27,0.1890814569352245,"[-0.19, 0.52]",0.32593027669092556,0.9908428410913599,False
Dodecanoic acid,Osteocalcin,time1,30,27,-0.05730168164497384,"[-0.42, 0.32]",0.7678044013110814,0.9908428410913599,False
Erythritol,Osteocalcin,time1,30,27,0.045080812417107305,"[-0.33, 0.40]",0.8163774428758805,0.9959801770656903,False
"Ethanolamine, 2TMS",Osteocalcin,time1,30,27,-0.0512941531748707,"[-0.41, 0.32]",0.7915866747599494,0.9936962135468088,False
"Ethanolamine, 3TMS",Osteocalcin,time1,30,27,0.0836707503930501,"[-0.29, 0.44]",0.6660910254256556,0.9908428410913599,False
Ethyl alpha-D-glucopyranoside,Osteocalcin,time1,30,27,0.09808981683325019,"[-0.28, 0.45]",0.6127035723262313,0.9908428410913599,False
Glyceric acid,Osteocalcin,time1,30,27,-0.055367981358156154,"[-0.41, 0.32]",0.7754380694334504,0.9908428410913599,False
Glycerol,Osteocalcin,time1,30,27,-0.1614636704308724,"[-0.50, 0.22]",0.4027206791376755,0.9908428410913599,False
Glycolic acid,Osteocalcin,time1,30,27,-0.27464945859971995,"[-0.58, 0.10]",0.1493384724980814,0.9908428410913599,False
L-(+)-Erythrulose,Osteocalcin,time1,30,27,0.058562319954448806,"[-0.31, 0.42]",0.7628391467077322,0.9908428410913599,False
L-5-Oxoproline,Osteocalcin,time1,30,27,0.036078108616402815,"[-0.33, 0.40]",0.8526011178750752,0.9959801770656903,False
L-Alanine,Osteocalcin,time1,30,27,-0.012412680130296776,"[-0.38, 0.36]",0.9490448092715033,0.9959801770656903,False
L-Aspartic acid,Osteocalcin,time1,30,27,0.07353670309700028,"[-0.30, 0.43]",0.7046121607272707,0.9908428410913599,False
L-Norvaline,Osteocalcin,time1,30,27,-0.0461415132256861,"[-0.41, 0.33]",0.8121323366990036,0.9959801770656903,False
L-Proline,Osteocalcin,time1,30,27,0.11956834656925021,"[-0.26, 0.47]",0.5367106103696058,0.9908428410913599,False
L-Rhamnose,Osteocalcin,time1,30,27,-0.2132777337234843,"[-0.54, 0.17]",0.2666301609064654,0.9908428410913599,False
Lactic Acid.1,Osteocalcin,time1,30,27,-0.05502467612974868,"[-0.41, 0.32]",0.7767954997060145,0.9908428410913599,False
Methyl galactoside,Osteocalcin,time1,30,27,-0.03772225914338527,"[-0.40, 0.33]",0.8459614684522401,0.9959801770656903,False
N-Acetylglutamine,Osteocalcin,time1,30,27,-0.17804075694877178,"[-0.51, 0.20]",0.35547749191542877,0.9908428410913599,False
Nonanoic acid,Osteocalcin,time1,30,27,0.040391371478966286,"[-0.33, 0.40]",0.8352047962891374,0.9959801770656903,False
Oxalic acid,Osteocalcin,time1,30,27,-0.09694320984236246,"[-0.45, 0.28]",0.6168832695923641,0.9908428410913599,False
Palmitelaidic acid,Osteocalcin,time1,30,27,-0.3033385903947534,"[-0.60, 0.07]",0.10968187508338129,0.9908428410913599,False
1H-Indole-3-Acetic Acid,Osteopontin,time1,30,27,0.08999805419191384,"[-0.29, 0.44]",0.6424472554015284,0.9908428410913599,False
2-OH-Butanoic Acid,Osteopontin,time1,30,27,-0.4326065130430366,"[-0.69, -0.08]",0.01908466567321008,0.9908428410913599,False
3-OH-Butanoic Acid,Osteopontin,time1,30,27,-0.09127237862702413,"[-0.44, 0.28]",0.6377255201503573,0.9908428410913599,False
Alanine,Osteopontin,time1,30,27,0.2652292661135717,"[-0.11, 0.58]",0.1643688653959191,0.9908428410913599,False
Arachidonic acid,Osteopontin,time1,30,27,-0.10485480831030068,"[-0.45, 0.27]",0.5882880472332075,0.9908428410913599,False
Arginine [-NH3],Osteopontin,time1,30,27,-0.10007442842240022,"[-0.45, 0.28]",0.6054971848559416,0.9908428410913599,False
Ascorbic Acid,Osteopontin,time1,30,27,-0.1927446429870369,"[-0.52, 0.19]",0.3164700747482938,0.9908428410913599,False
Asparagine,Osteopontin,time1,30,27,0.15793343106162122,"[-0.22, 0.50]",0.41321988145468325,0.9908428410913599,False
Cholesterol,Osteopontin,time1,30,27,-0.5813640089832623,"[-0.78, -0.27]",0.0009414301055773651,0.909643935643192,False
Citric acid,Osteopontin,time1,30,27,-0.04830542393232843,"[-0.41, 0.32]",0.8034882491572535,0.9959801770656903,False
Cysteine,Osteopontin,time1,30,27,0.28739685031546863,"[-0.09, 0.59]",0.13061014209654523,0.9908428410913599,False
Decanoic acid,Osteopontin,time1,30,27,-0.1855429282515005,"[-0.52, 0.19]",0.3352313222811568,0.9908428410913599,False
Glutamic Acid,Osteopontin,time1,30,27,-0.0567518060148164,"[-0.41, 0.32]",0.7699730182899903,0.9908428410913599,False
Glutamine [-H2O],Osteopontin,time1,30,27,0.01758212550946841,"[-0.35, 0.38]",0.9278703479770263,0.9959801770656903,False
Glyceraldehyde-3-P(MOX),Osteopontin,time1,30,27,0.031643352144397986,"[-0.34, 0.39]",0.8705581640811353,0.9959801770656903,False
Glycerol-3-P,Osteopontin,time1,30,27,-0.12795826675476074,"[-0.47, 0.25]",0.5082959666256759,0.9908428410913599,False
Glycine,Osteopontin,time1,30,27,0.24588066992779606,"[-0.13, 0.56]",0.19854441920861057,0.9908428410913599,False
Indole-3-Latic Acid,Osteopontin,time1,30,27,0.1378645469907861,"[-0.24, 0.48]",0.47573265939928544,0.9908428410913599,False
Indole-3-Propionic Acid,Osteopontin,time1,30,27,0.0057640631026873775,"[-0.36, 0.37]",0.976326077367148,0.9959801770656903,False
Lactic Acid,Osteopontin,time1,30,27,0.2184204167643369,"[-0.16, 0.54]",0.25499467493637373,0.9908428410913599,False
Leucine,Osteopontin,time1,30,27,0.1556787921076532,"[-0.22, 0.49]",0.4200045390894339,0.9908428410913599,False
Linoleic Acid,Osteopontin,time1,30,27,0.1984411029962433,"[-0.18, 0.53]",0.302100440603153,0.9908428410913599,False
Lysine,Osteopontin,time1,30,27,0.2692178049902093,"[-0.11, 0.58]",0.15787907482121616,0.9908428410913599,False
Methionine,Osteopontin,time1,30,27,0.13895846106587523,"[-0.24, 0.48]",0.4722042894495513,0.9908428410913599,False
Oleic Acid,Osteopontin,time1,30,27,-0.20840250239593136,"[-0.53, 0.17]",0.27797361042704194,0.9908428410913599,False
Ornithine,Osteopontin,time1,30,27,0.21500373085808727,"[-0.16, 0.54]",0.2626872729124232,0.9908428410913599,False
Palmitic Acid,Osteopontin,time1,30,27,-0.23686469273373253,"[-0.56, 0.14]",0.2160333879181231,0.9908428410913599,False
Phenylalanine,Osteopontin,time1,30,27,0.28728791097540857,"[-0.09, 0.59]",0.13076253819836803,0.9908428410913599,False
Proline,Osteopontin,time1,30,27,0.17312166742802287,"[-0.21, 0.51]",0.36913872102462686,0.9908428410913599,False
Serine,Osteopontin,time1,30,27,0.10443228954039267,"[-0.27, 0.45]",0.5898004733157516,0.9908428410913599,False
Stearic Acid,Osteopontin,time1,30,27,-0.18274704946586734,"[-0.51, 0.20]",0.34269310476974646,0.9908428410913599,False
Threonine,Osteopontin,time1,30,27,0.02748630803228667,"[-0.34, 0.39]",0.8874482325474733,0.9959801770656903,False
Tryptophan,Osteopontin,time1,30,27,-0.143054196101391,"[-0.48, 0.24]",0.45911534702873036,0.9908428410913599,False
Tyrosine,Osteopontin,time1,30,27,0.15662962031860458,"[-0.22, 0.49]",0.4171358124568021,0.9908428410913599,False
Valine,Osteopontin,time1,30,27,-0.028802546186593645,"[-0.39, 0.34]",0.8820947854916549,0.9959801770656903,False
"(R*,R*)-2,3-Dihydroxybutanoic acid, tris(trimethylsilyl)-",Osteopontin,time1,30,27,0.15162084348861687,"[-0.23, 0.49]",0.43236987579316055,0.9908428410913599,False
1-Ethyl-1-tetradecyloxy-1-silacyclohexane,Osteopontin,time1,30,27,-0.279066989860581,"[-0.59, 0.10]",0.14264168435622995,0.9908428410913599,False
1-Heptadecanol,Osteopontin,time1,30,27,-0.21065533009953,"[-0.54, 0.17]",0.27269392839198614,0.9908428410913599,False
1-Monooleoylglycerol,Osteopontin,time1,30,27,0.0739383319230212,"[-0.30, 0.43]",0.703071067366019,0.9908428410913599,False
1-Monopalmitin,Osteopontin,time1,30,27,-0.003433909479005707,"[-0.37, 0.36]",0.9858951289115832,0.9959801770656903,False
"1,3-Dioxolane-2-methanol",Osteopontin,time1,30,27,0.11653566088578068,"[-0.26, 0.46]",0.5471635500979497,0.9908428410913599,False
"1,5-Anhydrohexitol",Osteopontin,time1,30,27,-0.16359501755794148,"[-0.50, 0.22]",0.39645563629866876,0.9908428410913599,False
"11-Eicosenoic acid, (E)-",Osteopontin,time1,30,27,-0.3050067869044029,"[-0.60, 0.07]",0.10764573412062302,0.9908428410913599,False
2-Aminoadipic acid,Osteopontin,time1,30,27,-0.10039961648972574,"[-0.45, 0.28]",0.6043198070228137,0.9908428410913599,False
2-Aminoheptanedioic acid,Osteopontin,time1,30,27,-0.42667442972959935,"[-0.69, -0.07]",0.02098611681431066,0.9908428410913599,False
"2-Ethyl-3-hydroxypropionic acid, di-",Osteopontin,time1,30,27,-0.17714515286591911,"[-0.51, 0.20]",0.3579420715016661,0.9908428410913599,False
2-Keto-3-methylvaleric acid,Osteopontin,time1,30,27,-0.002471482522964443,"[-0.37, 0.36]",0.9898480818685996,0.9959809696125191,False
"2,3-Butanediol",Osteopontin,time1,30,27,-0.21003974596454722,"[-0.54, 0.17]",0.2741301290033608,0.9908428410913599,False
"2,3,4-Trihydroxybutyric acid",Osteopontin,time1,30,27,-0.101845928599124,"[-0.45, 0.27]",0.5990950699510252,0.9908428410913599,False
4-Aminobutanoic acid,Osteopontin,time1,30,27,-0.27115298609995947,"[-0.58, 0.11]",0.1547971607545339,0.9908428410913599,False
"9-Hexadecenoic acid, (Z)-",Osteopontin,time1,30,27,-0.22841614721451617,"[-0.55, 0.15]",0.23334493584218352,0.9908428410913599,False
"alpha-D-Glucopyranoside, methyl 2-(acetylamino)-2-deoxy-3-O-(trimethylsilyl)-, cyclic methylboronate",Osteopontin,time1,30,27,-0.17750931316847166,"[-0.51, 0.20]",0.35693873158939515,0.9908428410913599,False
Aminomalonic acid,Osteopontin,time1,30,27,-0.17133303843876407,"[-0.51, 0.21]",0.3741813610915775,0.9908428410913599,False
Arachidonic acid.1,Osteopontin,time1,30,27,-0.3261899567445732,"[-0.62, 0.05]",0.08418347048249226,0.9908428410913599,False
beta-Alanine,Osteopontin,time1,30,27,0.1406192875428698,"[-0.24, 0.48]",0.4668734752542454,0.9908428410913599,False
beta-D-Xylopyranose,Osteopontin,time1,30,27,0.2116678552115658,"[-0.17, 0.54]",0.27034221615122705,0.9908428410913599,False
Butanoic acid,Osteopontin,time1,30,27,-0.11020031145318686,"[-0.46, 0.27]",0.5693014300210686,0.9908428410913599,False
Campesterol,Osteopontin,time1,30,27,-0.3295883599554297,"[-0.62, 0.04]",0.08081509139563246,0.9908428410913599,False
D-(-)-Ribofuranose,Osteopontin,time1,30,27,-0.07385895153947337,"[-0.43, 0.30]",0.7033755674976678,0.9908428410913599,False
"D-Arabinose, tetrakis(trimethylsilyl) ether, ethyloxime (isomer 1)",Osteopontin,time1,30,27,0.2126733285202148,"[-0.17, 0.54]",0.26801989996925163,0.9908428410913599,False
Diethanolamine,Osteopontin,time1,30,27,0.14255533106665508,"[-0.24, 0.48]",0.460699262526976,0.9908428410913599,False
DL-Ornithine,Osteopontin,time1,30,27,0.01698574530332845,"[-0.35, 0.38]",0.9303109822238611,0.9959801770656903,False
Doconexent,Osteopontin,time1,30,27,0.15401988544522066,"[-0.23, 0.49]",0.42503567828281263,0.9908428410913599,False
Dodecanoic acid,Osteopontin,time1,30,27,-0.2633928652014413,"[-0.57, 0.11]",0.16741972585595696,0.9908428410913599,False
Erythritol,Osteopontin,time1,30,27,-0.25379273070656194,"[-0.57, 0.12]",0.18402260572044704,0.9908428410913599,False
"Ethanolamine, 2TMS",Osteopontin,time1,30,27,-0.05184979338285823,"[-0.41, 0.32]",0.7893789881502483,0.9934709718618547,False
"Ethanolamine, 3TMS",Osteopontin,time1,30,27,0.09555450375705486,"[-0.28, 0.45]",0.6219611962963123,0.9908428410913599,False
Ethyl alpha-D-glucopyranoside,Osteopontin,time1,30,27,0.07117002364767779,"[-0.30, 0.43]",0.7137164274784339,0.9908428410913599,False
Glyceric acid,Osteopontin,time1,30,27,-0.08880597821431539,"[-0.44, 0.29]",0.6468766131955799,0.9908428410913599,False
Glycerol,Osteopontin,time1,30,27,-0.2970593289153048,"[-0.60, 0.08]",0.11760397311039604,0.9908428410913599,False
Glycolic acid,Osteopontin,time1,30,27,-0.36553350574585586,"[-0.65, 0.00]",0.051181908044746226,0.9908428410913599,False
L-(+)-Erythrulose,Osteopontin,time1,30,27,-0.34541785296607846,"[-0.63, 0.02]",0.06646674453855841,0.9908428410913599,False
L-5-Oxoproline,Osteopontin,time1,30,27,0.015896458810856526,"[-0.35, 0.38]",0.9347703734663851,0.9959801770656903,False
L-Alanine,Osteopontin,time1,30,27,-0.11165110744657807,"[-0.46, 0.27]",0.5641964312351548,0.9908428410913599,False
L-Aspartic acid,Osteopontin,time1,30,27,-0.12403208638760166,"[-0.47, 0.25]",0.5214997046981695,0.9908428410913599,False
L-Norvaline,Osteopontin,time1,30,27,-0.20154049138253619,"[-0.53, 0.18]",0.29445700418432663,0.9908428410913599,False
L-Proline,Osteopontin,time1,30,27,-0.1470061995369436,"[-0.49, 0.23]",0.4466698647943178,0.9908428410913599,False
L-Rhamnose,Osteopontin,time1,30,27,-0.3707819799775672,"[-0.65, -0.00]",0.04769064349480221,0.9908428410913599,False
Lactic Acid.1,Osteopontin,time1,30,27,-0.026692922506501873,"[-0.39, 0.34]",0.8906774725522789,0.9959801770656903,False
Methyl galactoside,Osteopontin,time1,30,27,-0.09693756888950324,"[-0.45, 0.28]",0.6169038615277318,0.9908428410913599,False
N-Acetylglutamine,Osteopontin,time1,30,27,-0.1816138429019359,"[-0.51, 0.20]",0.34574575006549,0.9908428410913599,False
Nonanoic acid,Osteopontin,time1,30,27,0.03375824762092632,"[-0.34, 0.40]",0.8619862003580766,0.9959801770656903,False
Oxalic acid,Osteopontin,time1,30,27,-0.2367319587404869,"[-0.56, 0.14]",0.21629842785418077,0.9908428410913599,False
Palmitelaidic acid,Osteopontin,time1,30,27,-0.22110445379377783,"[-0.54, 0.16]",0.2490563074803261,0.9908428410913599,False
1H-Indole-3-Acetic Acid,Pentraxin-3,time1,30,27,-0.12710642888745985,"[-0.47, 0.25]",0.5111465756346758,0.9908428410913599,False
2-OH-Butanoic Acid,Pentraxin-3,time1,30,27,0.085162526130598,"[-0.29, 0.44]",0.6604872578645365,0.9908428410913599,False
3-OH-Butanoic Acid,Pentraxin-3,time1,30,27,0.3363563791105285,"[-0.03, 0.63]",0.0744152550290331,0.9908428410913599,False
Alanine,Pentraxin-3,time1,30,27,0.18144259145049732,"[-0.20, 0.51]",0.34620848628242307,0.9908428410913599,False
Arachidonic acid,Pentraxin-3,time1,30,27,0.3862335267046473,"[0.02, 0.66]",0.03849687039935503,0.9908428410913599,False
Arginine [-NH3],Pentraxin-3,time1,30,27,-0.27182765295565786,"[-0.58, 0.11]",0.15373290504285678,0.9908428410913599,False
Ascorbic Acid,Pentraxin-3,time1,30,27,0.030167817132660143,"[-0.34, 0.39]",0.8765472764343005,0.9959801770656903,False
Asparagine,Pentraxin-3,time1,30,27,-0.07611694872876863,"[-0.43, 0.30]",0.6947316557410838,0.9908428410913599,False
Cholesterol,Pentraxin-3,time1,30,27,-0.31635821255529234,"[-0.61, 0.06]",0.09453261263345668,0.9908428410913599,False
Citric acid,Pentraxin-3,time1,30,27,-0.10657325818417546,"[-0.46, 0.27]",0.582154270676969,0.9908428410913599,False
Cysteine,Pentraxin-3,time1,30,27,0.36258868920909315,"[-0.00, 0.64]",0.05322734657549181,0.9908428410913599,False
Decanoic acid,Pentraxin-3,time1,30,27,0.012849280413406947,"[-0.36, 0.38]",0.9472549479902541,0.9959801770656903,False
Glutamic Acid,Pentraxin-3,time1,30,27,-0.2158276469075292,"[-0.54, 0.16]",0.26081856967931705,0.9908428410913599,False
Glutamine [-H2O],Pentraxin-3,time1,30,27,-0.11061565445178814,"[-0.46, 0.27]",0.5678378158415948,0.9908428410913599,False
Glyceraldehyde-3-P(MOX),Pentraxin-3,time1,30,27,-0.22105408730081832,"[-0.54, 0.16]",0.24916689530977307,0.9908428410913599,False
Glycerol-3-P,Pentraxin-3,time1,30,27,0.152202039157014,"[-0.23, 0.49]",0.4305867679249932,0.9908428410913599,False
Glycine,Pentraxin-3,time1,30,27,0.2214469621206335,"[-0.16, 0.54]",0.24830513308260194,0.9908428410913599,False
Indole-3-Latic Acid,Pentraxin-3,time1,30,27,-0.12239930270760084,"[-0.47, 0.26]",0.5270393072584889,0.9908428410913599,False
Indole-3-Propionic Acid,Pentraxin-3,time1,30,27,0.14746494951484415,"[-0.23, 0.49]",0.44523702172277235,0.9908428410913599,False
Lactic Acid,Pentraxin-3,time1,30,27,0.005747563621604505,"[-0.36, 0.37]",0.9763938246762499,0.9959801770656903,False
Leucine,Pentraxin-3,time1,30,27,0.08046404927968043,"[-0.29, 0.43]",0.6781961700567398,0.9908428410913599,False
Linoleic Acid,Pentraxin-3,time1,30,27,0.2894553767335396,"[-0.09, 0.59]",0.12775482505564562,0.9908428410913599,False
Lysine,Pentraxin-3,time1,30,27,0.14637665826488377,"[-0.23, 0.49]",0.4486401729786961,0.9908428410913599,False
Methionine,Pentraxin-3,time1,30,27,0.1279716148649928,"[-0.25, 0.47]",0.5082513608870005,0.9908428410913599,False
Oleic Acid,Pentraxin-3,time1,30,27,0.15877222011390515,"[-0.22, 0.50]",0.41071151555555263,0.9908428410913599,False
Ornithine,Pentraxin-3,time1,30,27,-0.17381415183171484,"[-0.51, 0.21]",0.3671971724202021,0.9908428410913599,False
Palmitic Acid,Pentraxin-3,time1,30,27,0.06664217338121299,"[-0.31, 0.42]",0.7312410365523658,0.9908428410913599,False
Phenylalanine,Pentraxin-3,time1,30,27,0.08783899206605672,"[-0.29, 0.44]",0.6504783095045334,0.9908428410913599,False
Proline,Pentraxin-3,time1,30,27,0.1720256684873235,"[-0.21, 0.51]",0.3722238975828326,0.9908428410913599,False
Serine,Pentraxin-3,time1,30,27,0.14583982962024483,"[-0.23, 0.49]",0.4503239824363615,0.9908428410913599,False
Stearic Acid,Pentraxin-3,time1,30,27,0.3112445558689706,"[-0.06, 0.61]",0.1002816804991826,0.9908428410913599,False
Threonine,Pentraxin-3,time1,30,27,0.056444067379336556,"[-0.32, 0.41]",0.7711874297320505,0.9908428410913599,False
Tryptophan,Pentraxin-3,time1,30,27,-0.23201091067974738,"[-0.55, 0.15]",0.22586912388038327,0.9908428410913599,False
Tyrosine,Pentraxin-3,time1,30,27,0.2106627228083362,"[-0.17, 0.54]",0.2726767102470792,0.9908428410913599,False
Valine,Pentraxin-3,time1,30,27,0.07848253807707961,"[-0.30, 0.43]",0.6857158665192201,0.9908428410913599,False
"(R*,R*)-2,3-Dihydroxybutanoic acid, tris(trimethylsilyl)-",Pentraxin-3,time1,30,27,0.012495031844833719,"[-0.36, 0.38]",0.9487071861250885,0.9959801770656903,False
1-Ethyl-1-tetradecyloxy-1-silacyclohexane,Pentraxin-3,time1,30,27,0.227589833084165,"[-0.15, 0.55]",0.2350864816895643,0.9908428410913599,False
1-Heptadecanol,Pentraxin-3,time1,30,27,0.12812113329638591,"[-0.25, 0.47]",0.5077518434931745,0.9908428410913599,False
1-Monooleoylglycerol,Pentraxin-3,time1,30,27,0.04126982275183985,"[-0.33, 0.40]",0.8316708410427887,0.9959801770656903,False
1-Monopalmitin,Pentraxin-3,time1,30,27,0.15922779722994793,"[-0.22, 0.50]",0.40935271298420606,0.9908428410913599,False
"1,3-Dioxolane-2-methanol",Pentraxin-3,time1,30,27,-0.03833266824174361,"[-0.40, 0.33]",0.8434990241317175,0.9959801770656903,False
"1,5-Anhydrohexitol",Pentraxin-3,time1,30,27,0.05801863204396601,"[-0.32, 0.42]",0.7649794449708953,0.9908428410913599,False
"11-Eicosenoic acid, (E)-",Pentraxin-3,time1,30,27,0.12304763411819863,"[-0.25, 0.47]",0.5248363049184088,0.9908428410913599,False
2-Aminoadipic acid,Pentraxin-3,time1,30,27,0.24072180037511706,"[-0.14, 0.56]",0.20842777117848088,0.9908428410913599,False
2-Aminoheptanedioic acid,Pentraxin-3,time1,30,27,-0.4668343514261422,"[-0.71, -0.12]",0.010679940634358972,0.9908428410913599,False
"2-Ethyl-3-hydroxypropionic acid, di-",Pentraxin-3,time1,30,27,-0.1988644130318883,"[-0.53, 0.18]",0.30104923692795776,0.9908428410913599,False
2-Keto-3-methylvaleric acid,Pentraxin-3,time1,30,27,0.025396540899545104,"[-0.34, 0.39]",0.895957668649854,0.9959801770656903,False
"2,3-Butanediol",Pentraxin-3,time1,30,27,-0.5448771360865355,"[-0.76, -0.22]",0.0022405023045398817,0.909643935643192,False
"2,3,4-Trihydroxybutyric acid",Pentraxin-3,time1,30,27,0.0638786787750161,"[-0.31, 0.42]",0.7420028980734424,0.9908428410913599,False
4-Aminobutanoic acid,Pentraxin-3,time1,30,27,-0.3118800891819262,"[-0.61, 0.06]",0.09955321368714723,0.9908428410913599,False
"9-Hexadecenoic acid, (Z)-",Pentraxin-3,time1,30,27,-0.2621228542836862,"[-0.57, 0.12]",0.16955295505053278,0.9908428410913599,False
"alpha-D-Glucopyranoside, methyl 2-(acetylamino)-2-deoxy-3-O-(trimethylsilyl)-, cyclic methylboronate",Pentraxin-3,time1,30,27,0.1228534704085086,"[-0.26, 0.47]",0.5254955980815376,0.9908428410913599,False
Aminomalonic acid,Pentraxin-3,time1,30,27,0.10560118308267595,"[-0.27, 0.45]",0.5856205026547949,0.9908428410913599,False
Arachidonic acid.1,Pentraxin-3,time1,30,27,-0.15322226489929283,"[-0.49, 0.23]",0.42746647194236076,0.9908428410913599,False
beta-Alanine,Pentraxin-3,time1,30,27,-0.0759787628974376,"[-0.43, 0.30]",0.6952595882739647,0.9908428410913599,False
beta-D-Xylopyranose,Pentraxin-3,time1,30,27,0.13666419705880073,"[-0.24, 0.48]",0.47961996520205497,0.9908428410913599,False
Butanoic acid,Pentraxin-3,time1,30,27,-0.011067065840194951,"[-0.38, 0.36]",0.9545627004681921,0.9959801770656903,False
Campesterol,Pentraxin-3,time1,30,27,-0.01664100167059867,"[-0.38, 0.35]",0.9317220990429064,0.9959801770656903,False
D-(-)-Ribofuranose,Pentraxin-3,time1,30,27,0.0811130054481618,"[-0.29, 0.43]",0.6757399411140708,0.9908428410913599,False
"D-Arabinose, tetrakis(trimethylsilyl) ether, ethyloxime (isomer 1)",Pentraxin-3,time1,30,27,0.207153807138657,"[-0.17, 0.53]",0.2809281030209221,0.9908428410913599,False
Diethanolamine,Pentraxin-3,time1,30,27,0.3854492559193159,"[0.02, 0.66]",0.03892640142967356,0.9908428410913599,False
DL-Ornithine,Pentraxin-3,time1,30,27,-0.06736547472253489,"[-0.42, 0.31]",0.7284324121241912,0.9908428410913599,False
Doconexent,Pentraxin-3,time1,30,27,0.373983559198343,"[0.01, 0.65]",0.04565544461286915,0.9908428410913599,False
Dodecanoic acid,Pentraxin-3,time1,30,27,-0.027783566348037386,"[-0.39, 0.34]",0.8862387818265227,0.9959801770656903,False
Erythritol,Pentraxin-3,time1,30,27,-0.32610557974135607,"[-0.62, 0.05]",0.08426844390128863,0.9908428410913599,False
"Ethanolamine, 2TMS",Pentraxin-3,time1,30,27,-0.17472625509124493,"[-0.51, 0.20]",0.36464904885949934,0.9908428410913599,False
"Ethanolamine, 3TMS",Pentraxin-3,time1,30,27,0.04258666796245289,"[-0.33, 0.40]",0.8263792814463915,0.9959801770656903,False
Ethyl alpha-D-glucopyranoside,Pentraxin-3,time1,30,27,0.1957709326391983,"[-0.18, 0.52]",0.30878427314880313,0.9908428410913599,False
Glyceric acid,Pentraxin-3,time1,30,27,0.038418678507763364,"[-0.33, 0.40]",0.8431521665160644,0.9959801770656903,False
Glycerol,Pentraxin-3,time1,30,27,-0.06904744058495513,"[-0.42, 0.31]",0.7219145699784557,0.9908428410913599,False
Glycolic acid,Pentraxin-3,time1,30,27,-0.3059821592454028,"[-0.60, 0.07]",0.10646838029730138,0.9908428410913599,False
L-(+)-Erythrulose,Pentraxin-3,time1,30,27,-0.2908953308389738,"[-0.59, 0.08]",0.12578490270426412,0.9908428410913599,False
L-5-Oxoproline,Pentraxin-3,time1,30,27,0.09617780690655799,"[-0.28, 0.45]",0.6196799151529748,0.9908428410913599,False
L-Alanine,Pentraxin-3,time1,30,27,0.11782597619282875,"[-0.26, 0.46]",0.542704551494389,0.9908428410913599,False
L-Aspartic acid,Pentraxin-3,time1,30,27,-0.18422215352449758,"[-0.52, 0.20]",0.33874388356793483,0.9908428410913599,False
L-Norvaline,Pentraxin-3,time1,30,27,-0.06465224860860717,"[-0.42, 0.31]",0.7389854921020435,0.9908428410913599,False
L-Proline,Pentraxin-3,time1,30,27,0.048593760956414704,"[-0.32, 0.41]",0.8023381271130834,0.9959801770656903,False
L-Rhamnose,Pentraxin-3,time1,30,27,-0.11099897713260483,"[-0.46, 0.27]",0.566488546233268,0.9908428410913599,False
Lactic Acid.1,Pentraxin-3,time1,30,27,0.16489686711857388,"[-0.21, 0.50]",0.39265634610599665,0.9908428410913599,False
Methyl galactoside,Pentraxin-3,time1,30,27,0.39586396512976907,"[0.03, 0.67]",0.033525630278051465,0.9908428410913599,False
N-Acetylglutamine,Pentraxin-3,time1,30,27,-0.15287150553102832,"[-0.49, 0.23]",0.42853784340912515,0.9908428410913599,False
Nonanoic acid,Pentraxin-3,time1,30,27,0.36088812765570605,"[-0.01, 0.64]",0.05443753405024086,0.9908428410913599,False
Oxalic acid,Pentraxin-3,time1,30,27,0.2979541720970849,"[-0.08, 0.60]",0.11644986549604033,0.9908428410913599,False
Palmitelaidic acid,Pentraxin-3,time1,30,27,0.1096707160749707,"[-0.27, 0.46]",0.5711701144406137,0.9908428410913599,False
1H-Indole-3-Acetic Acid,sTNF-R1,time1,30,27,0.04110540747224581,"[-0.33, 0.40]",0.832332031593639,0.9959801770656903,False
2-OH-Butanoic Acid,sTNF-R1,time1,30,27,0.13488042671171233,"[-0.24, 0.48]",0.48542671199915766,0.9908428410913599,False
3-OH-Butanoic Acid,sTNF-R1,time1,30,27,0.07758298744698461,"[-0.30, 0.43]",0.6891393640106992,0.9908428410913599,False
Alanine,sTNF-R1,time1,30,27,-0.0703274922408077,"[-0.43, 0.30]",0.7169669003748703,0.9908428410913599,False
Arachidonic acid,sTNF-R1,time1,30,27,-0.5811570201864698,"[-0.78, -0.27]",0.0009463436007956259,0.909643935643192,False
Arginine [-NH3],sTNF-R1,time1,30,27,0.18764415731010523,"[-0.19, 0.52]",0.32968896374790624,0.9908428410913599,False
Ascorbic Acid,sTNF-R1,time1,30,27,-0.01245337328520361,"[-0.38, 0.36]",0.9488779755852117,0.9959801770656903,False
Asparagine,sTNF-R1,time1,30,27,0.11763962395806751,"[-0.26, 0.46]",0.543347480215497,0.9908428410913599,False
Cholesterol,sTNF-R1,time1,30,27,0.11089162598781716,"[-0.27, 0.46]",0.5668662686569249,0.9908428410913599,False
Citric acid,sTNF-R1,time1,30,27,0.2590481736551345,"[-0.12, 0.57]",0.17479689926042385,0.9908428410913599,False
Cysteine,sTNF-R1,time1,30,27,-0.24740138766187283,"[-0.56, 0.13]",0.19569377492590556,0.9908428410913599,False
Decanoic acid,sTNF-R1,time1,30,27,0.030974359501393867,"[-0.34, 0.39]",0.8732727195199965,0.9959801770656903,False
Glutamic Acid,sTNF-R1,time1,30,27,0.3156556253942829,"[-0.06, 0.61]",0.09530738785994045,0.9908428410913599,False
Glutamine [-H2O],sTNF-R1,time1,30,27,0.20930801415622008,"[-0.17, 0.53]",0.2758436386277739,0.9908428410913599,False
Glyceraldehyde-3-P(MOX),sTNF-R1,time1,30,27,0.34158192804243787,"[-0.03, 0.63]",0.06974688821139072,0.9908428410913599,False
Glycerol-3-P,sTNF-R1,time1,30,27,-0.1359735806399471,"[-0.48, 0.24]",0.48186389355291104,0.9908428410913599,False
Glycine,sTNF-R1,time1,30,27,-0.26388949272522483,"[-0.57, 0.11]",0.16659073777857109,0.9908428410913599,False
Indole-3-Latic Acid,sTNF-R1,time1,30,27,0.3189344904579272,"[-0.05, 0.61]",0.09173231380918069,0.9908428410913599,False
Indole-3-Propionic Acid,sTNF-R1,time1,30,27,-0.13240704054257618,"[-0.48, 0.25]",0.493537364867651,0.9908428410913599,False
Lactic Acid,sTNF-R1,time1,30,27,0.307183784880529,"[-0.07, 0.61]",0.10503118594106609,0.9908428410913599,False
Leucine,sTNF-R1,time1,30,27,0.01246305650414905,"[-0.36, 0.38]",0.9488382766615091,0.9959801770656903,False
Linoleic Acid,sTNF-R1,time1,30,27,-0.3300471096191719,"[-0.62, 0.04]",0.08036841735521062,0.9908428410913599,False
Lysine,sTNF-R1,time1,30,27,-0.2379881753485502,"[-0.56, 0.14]",0.21379887742668874,0.9908428410913599,False
Methionine,sTNF-R1,time1,30,27,0.037231803372697755,"[-0.33, 0.40]",0.8479410402874014,0.9959801770656903,False
Oleic Acid,sTNF-R1,time1,30,27,-0.38629308834938436,"[-0.66, -0.02]",0.03846440535407522,0.9908428410913599,False
Ornithine,sTNF-R1,time1,30,27,-0.24825070250495787,"[-0.56, 0.13]",0.19411407454159468,0.9908428410913599,False
Palmitic Acid,sTNF-R1,time1,30,27,-0.29509486208972807,"[-0.60, 0.08]",0.12016726336264731,0.9908428410913599,False
Phenylalanine,sTNF-R1,time1,30,27,-0.07373214091808669,"[-0.43, 0.30]",0.7038621013151573,0.9908428410913599,False
Proline,sTNF-R1,time1,30,27,0.04394743800950309,"[-0.33, 0.40]",0.8209190213140878,0.9959801770656903,False
Serine,sTNF-R1,time1,30,27,-0.008097600544276037,"[-0.37, 0.36]",0.9667463500294009,0.9959801770656903,False
Stearic Acid,sTNF-R1,time1,30,27,-0.4613942446018351,"[-0.71, -0.11]",0.011757370757053515,0.9908428410913599,False
Threonine,sTNF-R1,time1,30,27,-0.08645735866881857,"[-0.44, 0.29]",0.655637797277246,0.9908428410913599,False
Tryptophan,sTNF-R1,time1,30,27,0.18630995049913218,"[-0.19, 0.52]",0.333201644737081,0.9908428410913599,False
Tyrosine,sTNF-R1,time1,30,27,-0.09957668359165162,"[-0.45, 0.28]",0.6073011966112265,0.9908428410913599,False
Valine,sTNF-R1,time1,30,27,0.1946452718967592,"[-0.19, 0.52]",0.31162937706621946,0.9908428410913599,False
"(R*,R*)-2,3-Dihydroxybutanoic acid, tris(trimethylsilyl)-",sTNF-R1,time1,30,27,0.23807433958194693,"[-0.14, 0.56]",0.21362815592618922,0.9908428410913599,False
1-Ethyl-1-tetradecyloxy-1-silacyclohexane,sTNF-R1,time1,30,27,-0.16265435397169084,"[-0.50, 0.22]",0.3992138231143686,0.9908428410913599,False
1-Heptadecanol,sTNF-R1,time1,30,27,-0.07715557774425891,"[-0.43, 0.30]",0.6907681054801339,0.9908428410913599,False
1-Monooleoylglycerol,sTNF-R1,time1,30,27,-0.24291329315951962,"[-0.56, 0.14]",0.20418903226662113,0.9908428410913599,False
1-Monopalmitin,sTNF-R1,time1,30,27,0.15598090263066397,"[-0.22, 0.49]",0.4190918640466903,0.9908428410913599,False
"1,3-Dioxolane-2-methanol",sTNF-R1,time1,30,27,-0.2677511606842231,"[-0.58, 0.11]",0.16024382907588183,0.9908428410913599,False
"1,5-Anhydrohexitol",sTNF-R1,time1,30,27,0.264266876860116,"[-0.11, 0.58]",0.16596274380852574,0.9908428410913599,False
"11-Eicosenoic acid, (E)-",sTNF-R1,time1,30,27,-0.20103916420080314,"[-0.53, 0.18]",0.2956849679576167,0.9908428410913599,False
2-Aminoadipic acid,sTNF-R1,time1,30,27,-0.0116936676731686,"[-0.38, 0.36]",0.9519929558148278,0.9959801770656903,False
2-Aminoheptanedioic acid,sTNF-R1,time1,30,27,0.26609374005816144,"[-0.11, 0.58]",0.16294644774991018,0.9908428410913599,False
"2-Ethyl-3-hydroxypropionic acid, di-",sTNF-R1,time1,30,27,0.07240071541012855,"[-0.30, 0.43]",0.7089772472355282,0.9908428410913599,False
2-Keto-3-methylvaleric acid,sTNF-R1,time1,30,27,-0.005787578979846383,"[-0.37, 0.36]",0.9762295208272518,0.9959801770656903,False
"2,3-Butanediol",sTNF-R1,time1,30,27,0.0010114254921944014,"[-0.37, 0.37]",0.9958453574891526,0.9983042349150518,False
"2,3,4-Trihydroxybutyric acid",sTNF-R1,time1,30,27,-0.32651571413901903,"[-0.62, 0.05]",0.08385602391214948,0.9908428410913599,False
4-Aminobutanoic acid,sTNF-R1,time1,30,27,0.005523267657000598,"[-0.36, 0.37]",0.9773148056264989,0.9959801770656903,False
"9-Hexadecenoic acid, (Z)-",sTNF-R1,time1,30,27,-0.2408196600421819,"[-0.56, 0.14]",0.20823722011185034,0.9908428410913599,False
"alpha-D-Glucopyranoside, methyl 2-(acetylamino)-2-deoxy-3-O-(trimethylsilyl)-, cyclic methylboronate",sTNF-R1,time1,30,27,-0.3429257286360456,"[-0.63, 0.03]",0.06858383228869064,0.9908428410913599,False
Aminomalonic acid,sTNF-R1,time1,30,27,-0.29950799827855956,"[-0.60, 0.08]",0.11446581211542482,0.9908428410913599,False
Arachidonic acid.1,sTNF-R1,time1,30,27,-0.10904736641970374,"[-0.46, 0.27]",0.5733731326971265,0.9908428410913599,False
beta-Alanine,sTNF-R1,time1,30,27,-0.04569865977960738,"[-0.41, 0.33]",0.8139040859677877,0.9959801770656903,False
beta-D-Xylopyranose,sTNF-R1,time1,30,27,0.005229275123807348,"[-0.36, 0.37]",0.9785220104527751,0.9959801770656903,False
Butanoic acid,sTNF-R1,time1,30,27,-0.3036421980965571,"[-0.60, 0.07]",0.10930918204642782,0.9908428410913599,False
Campesterol,sTNF-R1,time1,30,27,-0.3417180742212067,"[-0.63, 0.03]",0.0696283637410101,0.9908428410913599,False
D-(-)-Ribofuranose,sTNF-R1,time1,30,27,0.07719863324987758,"[-0.30, 0.43]",0.6906039714083003,0.9908428410913599,False
"D-Arabinose, tetrakis(trimethylsilyl) ether, ethyloxime (isomer 1)",sTNF-R1,time1,30,27,0.20614676463672837,"[-0.17, 0.53]",0.28332542049034426,0.9908428410913599,False
Diethanolamine,sTNF-R1,time1,30,27,-0.08665045363175893,"[-0.44, 0.29]",0.6549157759067983,0.9908428410913599,False
DL-Ornithine,sTNF-R1,time1,30,27,0.17914712304191413,"[-0.20, 0.51]",0.35244690555605185,0.9908428410913599,False
Doconexent,sTNF-R1,time1,30,27,-0.1174229020169966,"[-0.46, 0.26]",0.5440956361227671,0.9908428410913599,False
Dodecanoic acid,sTNF-R1,time1,30,27,-0.11223768185563464,"[-0.46, 0.27]",0.5621383382701395,0.9908428410913599,False
Erythritol,sTNF-R1,time1,30,27,0.30041514846214007,"[-0.07, 0.60]",0.11331914788261374,0.9908428410913599,False
"Ethanolamine, 2TMS",sTNF-R1,time1,30,27,0.09351393482293888,"[-0.28, 0.44]",0.629453557470366,0.9908428410913599,False
"Ethanolamine, 3TMS",sTNF-R1,time1,30,27,-0.03534579311516376,"[-0.40, 0.34]",0.8555616634852882,0.9959801770656903,False
Ethyl alpha-D-glucopyranoside,sTNF-R1,time1,30,27,-0.15930663735204478,"[-0.50, 0.22]",0.40911782104436,0.9908428410913599,False
Glyceric acid,sTNF-R1,time1,30,27,-0.06491476807680073,"[-0.42, 0.31]",0.7379623604703871,0.9908428410913599,False
Glycerol,sTNF-R1,time1,30,27,0.15735008306478196,"[-0.22, 0.50]",0.4149693934878155,0.9908428410913599,False
Glycolic acid,sTNF-R1,time1,30,27,-0.2757567059860493,"[-0.58, 0.10]",0.14763908290065772,0.9908428410913599,False
L-(+)-Erythrulose,sTNF-R1,time1,30,27,0.21560191686581223,"[-0.16, 0.54]",0.26132967754967124,0.9908428410913599,False
L-5-Oxoproline,sTNF-R1,time1,30,27,-0.40886216334501657,"[-0.67, -0.05]",0.027650435157588867,0.9908428410913599,False
L-Alanine,sTNF-R1,time1,30,27,-0.23584588294838618,"[-0.55, 0.14]",0.21807337725210896,0.9908428410913599,False
L-Aspartic acid,sTNF-R1,time1,30,27,0.3729005424005679,"[0.01, 0.65]",0.04633603105828491,0.9908428410913599,False
L-Norvaline,sTNF-R1,time1,30,27,0.024883094016712515,"[-0.34, 0.39]",0.8980501661726608,0.9959801770656903,False
L-Proline,sTNF-R1,time1,30,27,-0.0355564271194897,"[-0.40, 0.34]",0.8547099311687243,0.9959801770656903,False
L-Rhamnose,sTNF-R1,time1,30,27,0.3529986384732165,"[-0.02, 0.64]",0.06033768780022226,0.9908428410913599,False
Lactic Acid.1,sTNF-R1,time1,30,27,-0.1906092095960111,"[-0.52, 0.19]",0.3219639806040925,0.9908428410913599,False
Methyl galactoside,sTNF-R1,time1,30,27,-0.3501830955541144,"[-0.64, 0.02]",0.0625602432227772,0.9908428410913599,False
N-Acetylglutamine,sTNF-R1,time1,30,27,-0.07194500702022122,"[-0.43, 0.30]",0.7107308736454823,0.9908428410913599,False
Nonanoic acid,sTNF-R1,time1,30,27,-0.22165888421940425,"[-0.54, 0.16]",0.24784110409685703,0.9908428410913599,False
Oxalic acid,sTNF-R1,time1,30,27,-0.05926963555519347,"[-0.42, 0.31]",0.7600572665860812,0.9908428410913599,False
Palmitelaidic acid,sTNF-R1,time1,30,27,-0.17073082201581183,"[-0.51, 0.21]",0.37588817394948537,0.9908428410913599,False
1H-Indole-3-Acetic Acid,sTNF-R2,time1,30,27,0.2791247396630871,"[-0.10, 0.59]",0.14255560286809046,0.9908428410913599,False
2-OH-Butanoic Acid,sTNF-R2,time1,30,27,-0.09662676623909933,"[-0.45, 0.28]",0.618038865408126,0.9908428410913599,False
3-OH-Butanoic Acid,sTNF-R2,time1,30,27,0.15157557081551462,"[-0.23, 0.49]",0.43250894139662943,0.9908428410913599,False
Alanine,sTNF-R2,time1,30,27,0.32906473604892367,"[-0.04, 0.62]",0.08132725209943904,0.9908428410913599,False
Arachidonic acid,sTNF-R2,time1,30,27,-0.06825062640694977,"[-0.42, 0.31]",0.724999989680063,0.9908428410913599,False
Arginine [-NH3],sTNF-R2,time1,30,27,0.01624836627018485,"[-0.35, 0.38]",0.9333294944996109,0.9959801770656903,False
Ascorbic Acid,sTNF-R2,time1,30,27,0.06865935085931923,"[-0.31, 0.42]",0.7234167994042634,0.9908428410913599,False
Asparagine,sTNF-R2,time1,30,27,0.26687649488633625,"[-0.11, 0.58]",0.16166606340786624,0.9908428410913599,False
Cholesterol,sTNF-R2,time1,30,27,-0.21948400034356905,"[-0.54, 0.16]",0.25263051466163117,0.9908428410913599,False
Citric acid,sTNF-R2,time1,30,27,0.1603902838278888,"[-0.22, 0.50]",0.4058969376938619,0.9908428410913599,False
Cysteine,sTNF-R2,time1,30,27,0.34953265105585424,"[-0.02, 0.63]",0.0630826595439087,0.9908428410913599,False
Decanoic acid,sTNF-R2,time1,30,27,-0.0041211374003142995,"[-0.37, 0.36]",0.9830726888191972,0.9959801770656903,False
Glutamic Acid,sTNF-R2,time1,30,27,-0.007679599924657353,"[-0.37, 0.36]",0.9684620471618831,0.9959801770656903,False
Glutamine [-H2O],sTNF-R2,time1,30,27,-0.0217817382525931,"[-0.39, 0.35]",0.910703143143043,0.9959801770656903,False
Glyceraldehyde-3-P(MOX),sTNF-R2,time1,30,27,-0.0593100055513866,"[-0.42, 0.31]",0.7598985788536474,0.9908428410913599,False
Glycerol-3-P,sTNF-R2,time1,30,27,0.11217987759375468,"[-0.27, 0.46]",0.56234100200209,0.9908428410913599,False
Glycine,sTNF-R2,time1,30,27,0.2955788250780715,"[-0.08, 0.60]",0.11953198005235162,0.9908428410913599,False
Indole-3-Latic Acid,sTNF-R2,time1,30,27,0.1506634250909476,"[-0.23, 0.49]",0.43531600835210227,0.9908428410913599,False
Indole-3-Propionic Acid,sTNF-R2,time1,30,27,0.17798268247769652,"[-0.20, 0.51]",0.3556369980303926,0.9908428410913599,False
Lactic Acid,sTNF-R2,time1,30,27,0.15141807497043236,"[-0.23, 0.49]",0.4329929169473089,0.9908428410913599,False
Leucine,sTNF-R2,time1,30,27,0.17361352143758693,"[-0.21, 0.51]",0.367759069980081,0.9908428410913599,False
Linoleic Acid,sTNF-R2,time1,30,27,0.1027458404870562,"[-0.27, 0.45]",0.5958539593470091,0.9908428410913599,False
Lysine,sTNF-R2,time1,30,27,0.26465405884847837,"[-0.11, 0.58]",0.165320192583094,0.9908428410913599,False
Methionine,sTNF-R2,time1,30,27,0.1303520803117495,"[-0.25, 0.47]",0.5003275801253182,0.9908428410913599,False
Oleic Acid,sTNF-R2,time1,30,27,-0.14077752884057657,"[-0.48, 0.24]",0.466367211199206,0.9908428410913599,False
Ornithine,sTNF-R2,time1,30,27,0.17669314272719466,"[-0.20, 0.51]",0.35918978208224484,0.9908428410913599,False
Palmitic Acid,sTNF-R2,time1,30,27,-0.2008206658878312,"[-0.53, 0.18]",0.29622117361937406,0.9908428410913599,False
Phenylalanine,sTNF-R2,time1,30,27,0.1930721363184122,"[-0.19, 0.52]",0.31563268402654393,0.9908428410913599,False
Proline,sTNF-R2,time1,30,27,0.11078683129318953,"[-0.27, 0.46]",0.5672351058308773,0.9908428410913599,False
Serine,sTNF-R2,time1,30,27,0.24159100204942943,"[-0.14, 0.56]",0.20673944189266052,0.9908428410913599,False
Stearic Acid,sTNF-R2,time1,30,27,-0.07505154041884327,"[-0.43, 0.30]",0.6988055934342889,0.9908428410913599,False
Threonine,sTNF-R2,time1,30,27,0.13752948256585473,"[-0.24, 0.48]",0.47681611534860513,0.9908428410913599,False
Tryptophan,sTNF-R2,time1,30,27,0.11163062424067197,"[-0.27, 0.46]",0.5642683617214308,0.9908428410913599,False
Tyrosine,sTNF-R2,time1,30,27,0.41340799643211573,"[0.06, 0.68]",0.025805165342450573,0.9908428410913599,False
Valine,sTNF-R2,time1,30,27,0.06895193981270047,"[-0.31, 0.42]",0.7222841436772978,0.9908428410913599,False
"(R*,R*)-2,3-Dihydroxybutanoic acid, tris(trimethylsilyl)-",sTNF-R2,time1,30,27,0.10523789742177328,"[-0.27, 0.45]",0.5869182245713244,0.9908428410913599,False
1-Ethyl-1-tetradecyloxy-1-silacyclohexane,sTNF-R2,time1,30,27,0.14176002180457295,"[-0.24, 0.48]",0.4632303471004854,0.9908428410913599,False
1-Heptadecanol,sTNF-R2,time1,30,27,-0.05927510719242035,"[-0.42, 0.31]",0.7600357579331005,0.9908428410913599,False
1-Monooleoylglycerol,sTNF-R2,time1,30,27,-0.1305590870201069,"[-0.47, 0.25]",0.4996414571714459,0.9908428410913599,False
1-Monopalmitin,sTNF-R2,time1,30,27,0.08627546221477238,"[-0.29, 0.44]",0.6563182229241209,0.9908428410913599,False
"1,3-Dioxolane-2-methanol",sTNF-R2,time1,30,27,0.008371477567275368,"[-0.36, 0.37]",0.9656222911455966,0.9959801770656903,False
"1,5-Anhydrohexitol",sTNF-R2,time1,30,27,-0.022837889196031906,"[-0.39, 0.35]",0.9063916824566732,0.9959801770656903,False
"11-Eicosenoic acid, (E)-",sTNF-R2,time1,30,27,-0.07278947386799875,"[-0.43, 0.30]",0.7074824016066101,0.9908428410913599,False
2-Aminoadipic acid,sTNF-R2,time1,30,27,0.18392238575145317,"[-0.20, 0.52]",0.33954419744273046,0.9908428410913599,False
2-Aminoheptanedioic acid,sTNF-R2,time1,30,27,-0.3249224011236651,"[-0.62, 0.05]",0.08546689115153977,0.9908428410913599,False
"2-Ethyl-3-hydroxypropionic acid, di-",sTNF-R2,time1,30,27,-0.021776235762228112,"[-0.39, 0.35]",0.9107256122256486,0.9959801770656903,False
2-Keto-3-methylvaleric acid,sTNF-R2,time1,30,27,-0.19979313562927523,"[-0.53, 0.18]",0.2987510066486537,0.9908428410913599,False
"2,3-Butanediol",sTNF-R2,time1,30,27,-0.23530528961183644,"[-0.55, 0.14]",0.21916110622159113,0.9908428410913599,False
"2,3,4-Trihydroxybutyric acid",sTNF-R2,time1,30,27,-0.2133252029354041,"[-0.54, 0.17]",0.26652121098475856,0.9908428410913599,False
4-Aminobutanoic acid,sTNF-R2,time1,30,27,-0.34620651924285634,"[-0.63, 0.02]",0.06580744633064024,0.9908428410913599,False
"9-Hexadecenoic acid, (Z)-",sTNF-R2,time1,30,27,-0.0656455082878474,"[-0.42, 0.31]",0.7351167158305765,0.9908428410913599,False
"alpha-D-Glucopyranoside, methyl 2-(acetylamino)-2-deoxy-3-O-(trimethylsilyl)-, cyclic methylboronate",sTNF-R2,time1,30,27,-0.23435304048464062,"[-0.55, 0.14]",0.2210860516894632,0.9908428410913599,False
Aminomalonic acid,sTNF-R2,time1,30,27,-0.16266721585957197,"[-0.50, 0.22]",0.39917603658284306,0.9908428410913599,False
Arachidonic acid.1,sTNF-R2,time1,30,27,-0.4798231205952843,"[-0.72, -0.14]",0.008437530215817196,0.9908428410913599,False
beta-Alanine,sTNF-R2,time1,30,27,-0.1297027927267795,"[-0.47, 0.25]",0.5024826948963643,0.9908428410913599,False
beta-D-Xylopyranose,sTNF-R2,time1,30,27,0.1521410858842218,"[-0.23, 0.49]",0.43077358337318084,0.9908428410913599,False
Butanoic acid,sTNF-R2,time1,30,27,0.07616413062149609,"[-0.30, 0.43]",0.694551431479171,0.9908428410913599,False
Campesterol,sTNF-R2,time1,30,27,-0.23657550763766053,"[-0.55, 0.14]",0.21661110884907903,0.9908428410913599,False
D-(-)-Ribofuranose,sTNF-R2,time1,30,27,-0.06542457924381063,"[-0.42, 0.31]",0.7359766968595577,0.9908428410913599,False
"D-Arabinose, tetrakis(trimethylsilyl) ether, ethyloxime (isomer 1)",sTNF-R2,time1,30,27,0.18984338142718118,"[-0.19, 0.52]",0.3239484666538808,0.9908428410913599,False
Diethanolamine,sTNF-R2,time1,30,27,0.11443809039016642,"[-0.26, 0.46]",0.5544484924570343,0.9908428410913599,False
DL-Ornithine,sTNF-R2,time1,30,27,0.3169651791351879,"[-0.06, 0.61]",0.0938671230370086,0.9908428410913599,False
Doconexent,sTNF-R2,time1,30,27,-0.01946194416332977,"[-0.38, 0.35]",0.9201816417000366,0.9959801770656903,False
Dodecanoic acid,sTNF-R2,time1,30,27,-0.15295287437680127,"[-0.49, 0.23]",0.4282891764633592,0.9908428410913599,False
Erythritol,sTNF-R2,time1,30,27,0.16059701420540606,"[-0.22, 0.50]",0.40528410725024977,0.9908428410913599,False
"Ethanolamine, 2TMS",sTNF-R2,time1,30,27,-0.0897440264548089,"[-0.44, 0.29]",0.6433901394992809,0.9908428410913599,False
"Ethanolamine, 3TMS",sTNF-R2,time1,30,27,-0.040529093084066464,"[-0.40, 0.33]",0.834650541460074,0.9959801770656903,False
Ethyl alpha-D-glucopyranoside,sTNF-R2,time1,30,27,-0.0184043446157472,"[-0.38, 0.35]",0.9245065413516482,0.9959801770656903,False
Glyceric acid,sTNF-R2,time1,30,27,-0.028536412860905278,"[-0.39, 0.34]",0.8831768096717609,0.9959801770656903,False
Glycerol,sTNF-R2,time1,30,27,-0.15888624133449722,"[-0.50, 0.22]",0.41037119947211587,0.9908428410913599,False
Glycolic acid,sTNF-R2,time1,30,27,-0.4104106356706327,"[-0.68, -0.05]",0.027010194449704778,0.9908428410913599,False
L-(+)-Erythrulose,sTNF-R2,time1,30,27,0.25241827163650554,"[-0.13, 0.57]",0.18649046372594524,0.9908428410913599,False
L-5-Oxoproline,sTNF-R2,time1,30,27,-0.006461009130712016,"[-0.37, 0.36]",0.9734645512909291,0.9959801770656903,False
L-Alanine,sTNF-R2,time1,30,27,0.03360967330929006,"[-0.34, 0.40]",0.8625879036741406,0.9959801770656903,False
L-Aspartic acid,sTNF-R2,time1,30,27,0.2708867064352133,"[-0.11, 0.58]",0.1552186535021627,0.9908428410913599,False
L-Norvaline,sTNF-R2,time1,30,27,0.1560138729466823,"[-0.22, 0.49]",0.4189923274541252,0.9908428410913599,False
L-Proline,sTNF-R2,time1,30,27,0.05060248858479786,"[-0.32, 0.41]",0.7943370201511454,0.994028844903905,False
L-Rhamnose,sTNF-R2,time1,30,27,-0.1514300089808526,"[-0.49, 0.23]",0.432956234083371,0.9908428410913599,False
Lactic Acid.1,sTNF-R2,time1,30,27,-0.12130907695383404,"[-0.47, 0.26]",0.5307538537138146,0.9908428410913599,False
Methyl galactoside,sTNF-R2,time1,30,27,-0.019855694258985437,"[-0.38, 0.35]",0.9185720200843026,0.9959801770656903,False
N-Acetylglutamine,sTNF-R2,time1,30,27,-0.07741907045250888,"[-0.43, 0.30]",0.6897638466764493,0.9908428410913599,False
Nonanoic acid,sTNF-R2,time1,30,27,0.10249597567070146,"[-0.27, 0.45]",0.596753112822727,0.9908428410913599,False
Oxalic acid,sTNF-R2,time1,30,27,-0.05055392264592529,"[-0.41, 0.32]",0.7945302295297775,0.994028844903905,False
Palmitelaidic acid,sTNF-R2,time1,30,27,-0.0946509781339128,"[-0.45, 0.28]",0.6252741741191123,0.9908428410913599,False
1H-Indole-3-Acetic Acid,TSLP,time1,30,27,0.20292441664889363,"[-0.18, 0.53]",0.2910839416684591,0.9908428410913599,False
2-OH-Butanoic Acid,TSLP,time1,30,27,-0.015090325766466635,"[-0.38, 0.35]",0.9380718237548964,0.9959801770656903,False
3-OH-Butanoic Acid,TSLP,time1,30,27,0.14017658527559435,"[-0.24, 0.48]",0.4682913462412672,0.9908428410913599,False
Alanine,TSLP,time1,30,27,-0.1405854491562865,"[-0.48, 0.24]",0.4669817722808215,0.9908428410913599,False
Arachidonic acid,TSLP,time1,30,27,0.08496069185058458,"[-0.29, 0.44]",0.6612443951634199,0.9908428410913599,False
Arginine [-NH3],TSLP,time1,30,27,0.1870615255323641,"[-0.19, 0.52]",0.33122011633202497,0.9908428410913599,False
Ascorbic Acid,TSLP,time1,30,27,0.1362896312210813,"[-0.24, 0.48]",0.48083632450147507,0.9908428410913599,False
Asparagine,TSLP,time1,30,27,-0.04326217337626469,"[-0.40, 0.33]",0.8236677250011859,0.9959801770656903,False
Cholesterol,TSLP,time1,30,27,0.04113978545458614,"[-0.33, 0.40]",0.8321937724188537,0.9959801770656903,False
Citric acid,TSLP,time1,30,27,-0.12901874259361243,"[-0.47, 0.25]",0.504758190725478,0.9908428410913599,False
Cysteine,TSLP,time1,30,27,-0.08480126502819658,"[-0.44, 0.29]",0.6618426813318559,0.9908428410913599,False
Decanoic acid,TSLP,time1,30,27,0.23383970496210885,"[-0.15, 0.55]",0.2221284723332246,0.9908428410913599,False
Glutamic Acid,TSLP,time1,30,27,-0.11984517663587202,"[-0.47, 0.26]",0.5357611853214367,0.9908428410913599,False
Glutamine [-H2O],TSLP,time1,30,27,-0.01625645674555872,"[-0.38, 0.35]",0.9332963705946052,0.9959801770656903,False
Glyceraldehyde-3-P(MOX),TSLP,time1,30,27,-0.16997697326515063,"[-0.51, 0.21]",0.3780311227298342,0.9908428410913599,False
Glycerol-3-P,TSLP,time1,30,27,0.15971241556282043,"[-0.22, 0.50]",0.4079100648759052,0.9908428410913599,False
Glycine,TSLP,time1,30,27,0.00892454234340971,"[-0.36, 0.37]",0.9633525754440333,0.9959801770656903,False
Indole-3-Latic Acid,TSLP,time1,30,27,-0.27982764485907763,"[-0.59, 0.10]",0.1415108696390368,0.9908428410913599,False
Indole-3-Propionic Acid,TSLP,time1,30,27,0.052914815026817094,"[-0.32, 0.41]",0.7851518805294719,0.9915137278225991,False
Lactic Acid,TSLP,time1,30,27,-0.2541144067822447,"[-0.57, 0.12]",0.18344834141815514,0.9908428410913599,False
Leucine,TSLP,time1,30,27,-0.1319892881409014,"[-0.48, 0.25]",0.4949139661189882,0.9908428410913599,False
Linoleic Acid,TSLP,time1,30,27,0.1890333885247089,"[-0.19, 0.52]",0.3260555541738879,0.9908428410913599,False
Lysine,TSLP,time1,30,27,0.19319849494505537,"[-0.19, 0.52]",0.315309956053343,0.9908428410913599,False
Methionine,TSLP,time1,30,27,-0.13919034340104416,"[-0.48, 0.24]",0.4714581144703399,0.9908428410913599,False
Oleic Acid,TSLP,time1,30,27,0.11039913605823874,"[-0.27, 0.46]",0.5686005862845963,0.9908428410913599,False
Ornithine,TSLP,time1,30,27,0.23551955760241627,"[-0.14, 0.55]",0.2187295385167929,0.9908428410913599,False
Palmitic Acid,TSLP,time1,30,27,0.07610702371796493,"[-0.30, 0.43]",0.694769569131547,0.9908428410913599,False
Phenylalanine,TSLP,time1,30,27,-0.06730899307847252,"[-0.42, 0.31]",0.7286516106775711,0.9908428410913599,False
Proline,TSLP,time1,30,27,-0.393457522551328,"[-0.66, -0.03]",0.034716405743641786,0.9908428410913599,False
Serine,TSLP,time1,30,27,-0.040159663434694216,"[-0.40, 0.33]",0.8361374697025625,0.9959801770656903,False
Stearic Acid,TSLP,time1,30,27,0.04329216615840772,"[-0.33, 0.40]",0.823547376306027,0.9959801770656903,False
Threonine,TSLP,time1,30,27,0.07829418039741434,"[-0.30, 0.43]",0.6864322147941997,0.9908428410913599,False
Tryptophan,TSLP,time1,30,27,-0.03671785031027192,"[-0.40, 0.33]",0.8500164226682991,0.9959801770656903,False
Tyrosine,TSLP,time1,30,27,-0.06720615385826004,"[-0.42, 0.31]",0.7290507712129035,0.9908428410913599,False
Valine,TSLP,time1,30,27,-0.056017282279376954,"[-0.41, 0.32]",0.7728725026882022,0.9908428410913599,False
"(R*,R*)-2,3-Dihydroxybutanoic acid, tris(trimethylsilyl)-",TSLP,time1,30,27,0.010335938813822101,"[-0.36, 0.38]",0.957561672897949,0.9959801770656903,False
1-Ethyl-1-tetradecyloxy-1-silacyclohexane,TSLP,time1,30,27,0.18993256781074,"[-0.19, 0.52]",0.3237169727285343,0.9908428410913599,False
1-Heptadecanol,TSLP,time1,30,27,0.032222694271930474,"[-0.34, 0.39]",0.8682085419200656,0.9959801770656903,False
1-Monooleoylglycerol,TSLP,time1,30,27,0.07878663081456355,"[-0.30, 0.43]",0.6845599253737132,0.9908428410913599,False
1-Monopalmitin,TSLP,time1,30,27,-0.0028787978034873936,"[-0.37, 0.36]",0.9881750916785257,0.9959801770656903,False
"1,3-Dioxolane-2-methanol",TSLP,time1,30,27,-0.044706479091499454,"[-0.40, 0.33]",0.817876809467986,0.9959801770656903,False
"1,5-Anhydrohexitol",TSLP,time1,30,27,-0.05512683479931148,"[-0.41, 0.32]",0.7763914965241921,0.9908428410913599,False
"11-Eicosenoic acid, (E)-",TSLP,time1,30,27,0.12214334808488614,"[-0.26, 0.47]",0.5279102537808358,0.9908428410913599,False
2-Aminoadipic acid,TSLP,time1,30,27,0.18834268762686007,"[-0.19, 0.52]",0.3278589403985275,0.9908428410913599,False
2-Aminoheptanedioic acid,TSLP,time1,30,27,0.1580326474834513,"[-0.22, 0.50]",0.41292273322330797,0.9908428410913599,False
"2-Ethyl-3-hydroxypropionic acid, di-",TSLP,time1,30,27,0.11100294918645573,"[-0.27, 0.46]",0.5664745724720561,0.9908428410913599,False
2-Keto-3-methylvaleric acid,TSLP,time1,30,27,-0.4059642661842973,"[-0.67, -0.05]",0.028881754544495607,0.9908428410913599,False
"2,3-Butanediol",TSLP,time1,30,27,0.10321717397710156,"[-0.27, 0.45]",0.5941594257541759,0.9908428410913599,False
"2,3,4-Trihydroxybutyric acid",TSLP,time1,30,27,-0.06472805727011285,"[-0.42, 0.31]",0.7386899939675142,0.9908428410913599,False
4-Aminobutanoic acid,TSLP,time1,30,27,0.09703561198970138,"[-0.28, 0.45]",0.6165460019645287,0.9908428410913599,False
"9-Hexadecenoic acid, (Z)-",TSLP,time1,30,27,0.029523244215285543,"[-0.34, 0.39]",0.8791656746869561,0.9959801770656903,False
"alpha-D-Glucopyranoside, methyl 2-(acetylamino)-2-deoxy-3-O-(trimethylsilyl)-, cyclic methylboronate",TSLP,time1,30,27,0.03892004645472715,"[-0.33, 0.40]",0.8411308497262646,0.9959801770656903,False
Aminomalonic acid,TSLP,time1,30,27,0.14759438579887899,"[-0.23, 0.49]",0.4448331926341439,0.9908428410913599,False
Arachidonic acid.1,TSLP,time1,30,27,0.028845811114024872,"[-0.34, 0.39]",0.881918901873338,0.9959801770656903,False
beta-Alanine,TSLP,time1,30,27,-0.3158771170640185,"[-0.61, 0.06]",0.09506262302691665,0.9908428410913599,False
beta-D-Xylopyranose,TSLP,time1,30,27,-0.3179766682825758,"[-0.61, 0.05]",0.0927659866516153,0.9908428410913599,False
Butanoic acid,TSLP,time1,30,27,0.13384488347253226,"[-0.24, 0.48]",0.4888141267779771,0.9908428410913599,False
Campesterol,TSLP,time1,30,27,0.16516859460063837,"[-0.21, 0.50]",0.391865977110484,0.9908428410913599,False
D-(-)-Ribofuranose,TSLP,time1,30,27,-0.020610963603176755,"[-0.38, 0.35]",0.9154854202530264,0.9959801770656903,False
"D-Arabinose, tetrakis(trimethylsilyl) ether, ethyloxime (isomer 1)",TSLP,time1,30,27,-0.3680454597823148,"[-0.65, -0.00]",0.049486619421357826,0.9908428410913599,False
Diethanolamine,TSLP,time1,30,27,0.044332318401956394,"[-0.33, 0.40]",0.8193761128341338,0.9959801770656903,False
DL-Ornithine,TSLP,time1,30,27,0.07860832139829298,"[-0.30, 0.43]",0.6852376447863445,0.9908428410913599,False
Doconexent,TSLP,time1,30,27,-0.10717549685736923,"[-0.46, 0.27]",0.5800113496121121,0.9908428410913599,False
Dodecanoic acid,TSLP,time1,30,27,-0.007479458252143125,"[-0.37, 0.36]",0.9692835843744736,0.9959801770656903,False
Erythritol,TSLP,time1,30,27,0.04226122007049565,"[-0.33, 0.40]",0.8276863661691112,0.9959801770656903,False
"Ethanolamine, 2TMS",TSLP,time1,30,27,-0.07927756932443265,"[-0.43, 0.30]",0.6826952022921484,0.9908428410913599,False
"Ethanolamine, 3TMS",TSLP,time1,30,27,-0.037828601141969995,"[-0.40, 0.33]",0.8455323726550865,0.9959801770656903,False
Ethyl alpha-D-glucopyranoside,TSLP,time1,30,27,-0.26656255754751007,"[-0.58, 0.11]",0.16217872047200857,0.9908428410913599,False
Glyceric acid,TSLP,time1,30,27,-0.152193112734926,"[-0.49, 0.23]",0.430614123709542,0.9908428410913599,False
Glycerol,TSLP,time1,30,27,-0.19696039809141738,"[-0.53, 0.18]",0.3057955636938858,0.9908428410913599,False
Glycolic acid,TSLP,time1,30,27,0.3195660950964139,"[-0.05, 0.61]",0.091055482358109,0.9908428410913599,False
L-(+)-Erythrulose,TSLP,time1,30,27,0.018432844515327177,"[-0.35, 0.38]",0.9243899670070939,0.9959801770656903,False
L-5-Oxoproline,TSLP,time1,30,27,0.15598693588307408,"[-0.22, 0.49]",0.4190736488219179,0.9908428410913599,False
L-Alanine,TSLP,time1,30,27,-0.08558918186963112,"[-0.44, 0.29]",0.6588878310691669,0.9908428410913599,False
L-Aspartic acid,TSLP,time1,30,27,-0.19662562247130946,"[-0.53, 0.18]",0.3066349018685737,0.9908428410913599,False
L-Norvaline,TSLP,time1,30,27,0.21041462771695668,"[-0.17, 0.54]",0.2732549246328465,0.9908428410913599,False
L-Proline,TSLP,time1,30,27,0.015861415232625915,"[-0.35, 0.38]",0.9349138698964262,0.9959801770656903,False
L-Rhamnose,TSLP,time1,30,27,-0.023478839843546432,"[-0.39, 0.35]",0.9037764289862362,0.9959801770656903,False
Lactic Acid.1,TSLP,time1,30,27,0.12487059689134782,"[-0.25, 0.47]",0.518665887443777,0.9908428410913599,False
Methyl galactoside,TSLP,time1,30,27,0.06770153764483905,"[-0.31, 0.42]",0.727128625420296,0.9908428410913599,False
N-Acetylglutamine,TSLP,time1,30,27,0.002770302191592962,"[-0.36, 0.37]",0.9886207176292443,0.9959801770656903,False
Nonanoic acid,TSLP,time1,30,27,0.1740656158679192,"[-0.21, 0.51]",0.36649362011972775,0.9908428410913599,False
Oxalic acid,TSLP,time1,30,27,0.20654880469326323,"[-0.17, 0.53]",0.2823667806113124,0.9908428410913599,False
Palmitelaidic acid,TSLP,time1,30,27,0.16888130084410927,"[-0.21, 0.50]",0.3811583877894412,0.9908428410913599,False
1H-Indole-3-Acetic Acid,TWEAK/TNFSF12,time1,30,27,-0.011641079596171824,"[-0.38, 0.36]",0.9522086060129262,0.9959801770656903,False
2-OH-Butanoic Acid,TWEAK/TNFSF12,time1,30,27,-0.026409847994081054,"[-0.39, 0.34]",0.8918300600612845,0.9959801770656903,False
3-OH-Butanoic Acid,TWEAK/TNFSF12,time1,30,27,0.46443650497054223,"[0.12, 0.71]",0.01114417357437411,0.9908428410913599,False
Alanine,TWEAK/TNFSF12,time1,30,27,0.04937001941637408,"[-0.32, 0.41]",0.7992437914370852,0.9959801770656903,False
Arachidonic acid,TWEAK/TNFSF12,time1,30,27,0.16291407114220904,"[-0.22, 0.50]",0.39845120175336435,0.9908428410913599,False
Arginine [-NH3],TWEAK/TNFSF12,time1,30,27,-0.15857699324328908,"[-0.50, 0.22]",0.4112945709010264,0.9908428410913599,False
Ascorbic Acid,TWEAK/TNFSF12,time1,30,27,0.07604887434399712,"[-0.30, 0.43]",0.6949917133233536,0.9908428410913599,False
Asparagine,TWEAK/TNFSF12,time1,30,27,0.16059764264150597,"[-0.22, 0.50]",0.40528224511311284,0.9908428410913599,False
Cholesterol,TWEAK/TNFSF12,time1,30,27,-0.2561586322496277,"[-0.57, 0.12]",0.17982818590598,0.9908428410913599,False
Citric acid,TWEAK/TNFSF12,time1,30,27,-0.035753560822184914,"[-0.40, 0.34]",0.853912934104188,0.9959801770656903,False
Cysteine,TWEAK/TNFSF12,time1,30,27,0.3735920057274052,"[0.01, 0.65]",0.0459005809787178,0.9908428410913599,False
Decanoic acid,TWEAK/TNFSF12,time1,30,27,0.22310174301616195,"[-0.16, 0.55]",0.24469700978891312,0.9908428410913599,False
Glutamic Acid,TWEAK/TNFSF12,time1,30,27,-0.20861080583725872,"[-0.53, 0.17]",0.27748270030362976,0.9908428410913599,False
Glutamine [-H2O],TWEAK/TNFSF12,time1,30,27,-0.1280143050044875,"[-0.47, 0.25]",0.508108715101976,0.9908428410913599,False
Glyceraldehyde-3-P(MOX),TWEAK/TNFSF12,time1,30,27,-0.10158570721314014,"[-0.45, 0.28]",0.6000336823616799,0.9908428410913599,False
Glycerol-3-P,TWEAK/TNFSF12,time1,30,27,0.2720749810421081,"[-0.10, 0.58]",0.15334407353217477,0.9908428410913599,False
Glycine,TWEAK/TNFSF12,time1,30,27,0.36814208099283363,"[0.00, 0.65]",0.04942230914429673,0.9908428410913599,False
Indole-3-Latic Acid,TWEAK/TNFSF12,time1,30,27,-0.0011569562418526904,"[-0.37, 0.37]",0.9952475656362969,0.9981157142404361,False
Indole-3-Propionic Acid,TWEAK/TNFSF12,time1,30,27,0.0320302598227667,"[-0.34, 0.39]",0.8689888723239573,0.9959801770656903,False
Lactic Acid,TWEAK/TNFSF12,time1,30,27,0.19770873444977152,"[-0.18, 0.53]",0.3039245607962973,0.9908428410913599,False
Leucine,TWEAK/TNFSF12,time1,30,27,0.060003352575486425,"[-0.31, 0.42]",0.7571746398871642,0.9908428410913599,False
Linoleic Acid,TWEAK/TNFSF12,time1,30,27,0.35323649477758806,"[-0.02, 0.64]",0.06015279181822731,0.9908428410913599,False
Lysine,TWEAK/TNFSF12,time1,30,27,0.2260722581648249,"[-0.15, 0.55]",0.23830748808348506,0.9908428410913599,False
Methionine,TWEAK/TNFSF12,time1,30,27,0.11312591298068003,"[-0.26, 0.46]",0.5590283623492425,0.9908428410913599,False
Oleic Acid,TWEAK/TNFSF12,time1,30,27,0.14151663608707393,"[-0.24, 0.48]",0.4640063840734646,0.9908428410913599,False
Ornithine,TWEAK/TNFSF12,time1,30,27,0.1830772738087322,"[-0.20, 0.52]",0.3418066098898541,0.9908428410913599,False
Palmitic Acid,TWEAK/TNFSF12,time1,30,27,0.08307092770226276,"[-0.29, 0.44]",0.6683492103670985,0.9908428410913599,False
Phenylalanine,TWEAK/TNFSF12,time1,30,27,0.18172852407628576,"[-0.20, 0.51]",0.34543607954441213,0.9908428410913599,False
Proline,TWEAK/TNFSF12,time1,30,27,0.14363731197267898,"[-0.24, 0.48]",0.4572675858616194,0.9908428410913599,False
Serine,TWEAK/TNFSF12,time1,30,27,0.2605113208874288,"[-0.12, 0.57]",0.17228741107079193,0.9908428410913599,False
Stearic Acid,TWEAK/TNFSF12,time1,30,27,0.18889341290743053,"[-0.19, 0.52]",0.32642053138128024,0.9908428410913599,False
Threonine,TWEAK/TNFSF12,time1,30,27,0.13615267936545014,"[-0.24, 0.48]",0.4812814551142448,0.9908428410913599,False
Tryptophan,TWEAK/TNFSF12,time1,30,27,-0.22383902135323716,"[-0.55, 0.16]",0.2431006649581519,0.9908428410913599,False
Tyrosine,TWEAK/TNFSF12,time1,30,27,0.1751183223333776,"[-0.20, 0.51]",0.3635569495637154,0.9908428410913599,False
Valine,TWEAK/TNFSF12,time1,30,27,0.1054396612428093,"[-0.27, 0.45]",0.5861973326687806,0.9908428410913599,False
"(R*,R*)-2,3-Dihydroxybutanoic acid, tris(trimethylsilyl)-",TWEAK/TNFSF12,time1,30,27,0.047720099925452286,"[-0.32, 0.41]",0.8058242286549935,0.9959801770656903,False
1-Ethyl-1-tetradecyloxy-1-silacyclohexane,TWEAK/TNFSF12,time1,30,27,0.10472200001666694,"[-0.27, 0.45]",0.5887632586717082,0.9908428410913599,False
1-Heptadecanol,TWEAK/TNFSF12,time1,30,27,0.015392043737580706,"[-0.35, 0.38]",0.9368360426261655,0.9959801770656903,False
1-Monooleoylglycerol,TWEAK/TNFSF12,time1,30,27,-0.25475603039413286,"[-0.57, 0.12]",0.1823066404664933,0.9908428410913599,False
1-Monopalmitin,TWEAK/TNFSF12,time1,30,27,0.13362822040275593,"[-0.24, 0.48]",0.48952438002109444,0.9908428410913599,False
"1,3-Dioxolane-2-methanol",TWEAK/TNFSF12,time1,30,27,0.26610819857007945,"[-0.11, 0.58]",0.16292273218873074,0.9908428410913599,False
"1,5-Anhydrohexitol",TWEAK/TNFSF12,time1,30,27,-0.01497465827987023,"[-0.38, 0.35]",0.9385456138961664,0.9959801770656903,False
"11-Eicosenoic acid, (E)-",TWEAK/TNFSF12,time1,30,27,0.02593200223004431,"[-0.34, 0.39]",0.8937761808118916,0.9959801770656903,False
2-Aminoadipic acid,TWEAK/TNFSF12,time1,30,27,0.07295394269783777,"[-0.30, 0.43]",0.7068503092399362,0.9908428410913599,False
2-Aminoheptanedioic acid,TWEAK/TNFSF12,time1,30,27,-0.3521085908427523,"[-0.64, 0.02]",0.06103350400782187,0.9908428410913599,False
"2-Ethyl-3-hydroxypropionic acid, di-",TWEAK/TNFSF12,time1,30,27,-0.09594127691818033,"[-0.45, 0.28]",0.6205452066905135,0.9908428410913599,False
2-Keto-3-methylvaleric acid,TWEAK/TNFSF12,time1,30,27,-0.1614191094125626,"[-0.50, 0.22]",0.4028522593972712,0.9908428410913599,False
"2,3-Butanediol",TWEAK/TNFSF12,time1,30,27,-0.2825871910085367,"[-0.59, 0.09]",0.13746295996990843,0.9908428410913599,False
"2,3,4-Trihydroxybutyric acid",TWEAK/TNFSF12,time1,30,27,-0.04169985706234139,"[-0.40, 0.33]",0.8299420047211856,0.9959801770656903,False
4-Aminobutanoic acid,TWEAK/TNFSF12,time1,30,27,-0.17692770780043238,"[-0.51, 0.20]",0.35854197667972365,0.9908428410913599,False
"9-Hexadecenoic acid, (Z)-",TWEAK/TNFSF12,time1,30,27,-0.0771167988276222,"[-0.43, 0.30]",0.6909159482887727,0.9908428410913599,False
"alpha-D-Glucopyranoside, methyl 2-(acetylamino)-2-deoxy-3-O-(trimethylsilyl)-, cyclic methylboronate",TWEAK/TNFSF12,time1,30,27,0.17474359735251288,"[-0.20, 0.51]",0.3646007013425856,0.9908428410913599,False
Aminomalonic acid,TWEAK/TNFSF12,time1,30,27,-0.1240519296101987,"[-0.47, 0.25]",0.5214325561559434,0.9908428410913599,False
Arachidonic acid.1,TWEAK/TNFSF12,time1,30,27,-0.29219598574145783,"[-0.59, 0.08]",0.12402481210222874,0.9908428410913599,False
beta-Alanine,TWEAK/TNFSF12,time1,30,27,-0.14142454641803387,"[-0.48, 0.24]",0.46430019051763816,0.9908428410913599,False
beta-D-Xylopyranose,TWEAK/TNFSF12,time1,30,27,0.1160001736212826,"[-0.26, 0.46]",0.5490190630071472,0.9908428410913599,False
Butanoic acid,TWEAK/TNFSF12,time1,30,27,-0.19206936649194978,"[-0.52, 0.19]",0.3182010724830942,0.9908428410913599,False
Campesterol,TWEAK/TNFSF12,time1,30,27,-0.18286328879232167,"[-0.51, 0.20]",0.3423808996589076,0.9908428410913599,False
D-(-)-Ribofuranose,TWEAK/TNFSF12,time1,30,27,0.14068095822974058,"[-0.24, 0.48]",0.46667613699821,0.9908428410913599,False
"D-Arabinose, tetrakis(trimethylsilyl) ether, ethyloxime (isomer 1)",TWEAK/TNFSF12,time1,30,27,0.047677908927139,"[-0.32, 0.41]",0.8059926728454092,0.9959801770656903,False
Diethanolamine,TWEAK/TNFSF12,time1,30,27,0.27618340041111794,"[-0.10, 0.58]",0.14698793251049144,0.9908428410913599,False
DL-Ornithine,TWEAK/TNFSF12,time1,30,27,0.06702396868652075,"[-0.31, 0.42]",0.7297580754632448,0.9908428410913599,False
Doconexent,TWEAK/TNFSF12,time1,30,27,0.04708514062064198,"[-0.33, 0.41]",0.8083601473033559,0.9959801770656903,False
Dodecanoic acid,TWEAK/TNFSF12,time1,30,27,-0.004696737608724874,"[-0.37, 0.36]",0.9807088553296677,0.9959801770656903,False
Erythritol,TWEAK/TNFSF12,time1,30,27,-0.23726664197106487,"[-0.56, 0.14]",0.2152321310504141,0.9908428410913599,False
"Ethanolamine, 2TMS",TWEAK/TNFSF12,time1,30,27,-0.2092478942965176,"[-0.53, 0.17]",0.27598472801932655,0.9908428410913599,False
"Ethanolamine, 3TMS",TWEAK/TNFSF12,time1,30,27,0.10418821643342123,"[-0.27, 0.45]",0.5906749140217784,0.9908428410913599,False
Ethyl alpha-D-glucopyranoside,TWEAK/TNFSF12,time1,30,27,-0.06622803542998945,"[-0.42, 0.31]",0.7328506937404037,0.9908428410913599,False
Glyceric acid,TWEAK/TNFSF12,time1,30,27,0.16082737782065315,"[-0.22, 0.50]",0.40460183337478717,0.9908428410913599,False
Glycerol,TWEAK/TNFSF12,time1,30,27,-0.1427561979874408,"[-0.48, 0.24]",0.4600611561030863,0.9908428410913599,False
Glycolic acid,TWEAK/TNFSF12,time1,30,27,-0.31970931669849356,"[-0.61, 0.05]",0.09090253320641495,0.9908428410913599,False
L-(+)-Erythrulose,TWEAK/TNFSF12,time1,30,27,-0.15748084935832068,"[-0.50, 0.22]",0.41457685523642884,0.9908428410913599,False
L-5-Oxoproline,TWEAK/TNFSF12,time1,30,27,0.21003364526371254,"[-0.17, 0.54]",0.27414438670685903,0.9908428410913599,False
L-Alanine,TWEAK/TNFSF12,time1,30,27,0.15007843803022028,"[-0.23, 0.49]",0.4371214712691578,0.9908428410913599,False
L-Aspartic acid,TWEAK/TNFSF12,time1,30,27,-0.06204364894421512,"[-0.42, 0.31]",0.7491755657585963,0.9908428410913599,False
L-Norvaline,TWEAK/TNFSF12,time1,30,27,0.21318968630568147,"[-0.17, 0.54]",0.2668323212174467,0.9908428410913599,False
L-Proline,TWEAK/TNFSF12,time1,30,27,-0.08000693336387475,"[-0.43, 0.30]",0.6799282442610579,0.9908428410913599,False
L-Rhamnose,TWEAK/TNFSF12,time1,30,27,-0.08746159168046003,"[-0.44, 0.29]",0.6518860954644476,0.9908428410913599,False
Lactic Acid.1,TWEAK/TNFSF12,time1,30,27,-0.21634081615045037,"[-0.54, 0.16]",0.2596590570845637,0.9908428410913599,False
Methyl galactoside,TWEAK/TNFSF12,time1,30,27,0.19405624332305244,"[-0.19, 0.52]",0.3131246195167789,0.9908428410913599,False
N-Acetylglutamine,TWEAK/TNFSF12,time1,30,27,-0.08636387197452321,"[-0.44, 0.29]",0.6559874721944488,0.9908428410913599,False
Nonanoic acid,TWEAK/TNFSF12,time1,30,27,0.14964548005687087,"[-0.23, 0.49]",0.43846033621592595,0.9908428410913599,False
Oxalic acid,TWEAK/TNFSF12,time1,30,27,0.2833369742456001,"[-0.09, 0.59]",0.13637781712835712,0.9908428410913599,False
Palmitelaidic acid,TWEAK/TNFSF12,time1,30,27,-0.03249881863206874,"[-0.39, 0.34]",0.867089056837973,0.9959801770656903,False
