Variable_A,Variable_B,n,df,r_rm,CI_95%,p_val,p_adj,is_significant
Aminomalonic acid,IL-12(p40),30,29,0.631676166,"[0.36, 0.81]",0.000138329,0.169104398,FALSE
"Ethanolamine, 3TMS",IL-20,30,29,0.621059003,"[0.34, 0.80]",0.000192808,0.169104398,FALSE
"Ethanolamine, 3TMS",IL-11,30,29,0.612825877,"[0.33, 0.79]",0.000247405,0.169104398,FALSE
Lactic Acid,Osteocalcin,30,29,0.6,"[0.31, 0.79]",0.00035995,0.169104398,FALSE
Aminomalonic acid,IFN-y,30,29,0.580802319,"[0.29, 0.78]",0.000613019,0.239996804,FALSE
Methionine,IFN-y,30,29,0.571040241,"[0.27, 0.77]",0.000793726,0.26635178,FALSE
Lactic Acid,IL-12(p40),30,29,0.552052447,"[0.25, 0.76]",0.001282975,0.306759485,FALSE
Lactic Acid,MMP-2,30,29,0.533333333,"[0.22, 0.75]",0.00200499,0.306759485,FALSE
Lactic Acid,MMP-3,30,29,0.533333333,"[0.22, 0.75]",0.00200499,0.306759485,FALSE
Oleic Acid,MMP-3,30,29,0.533333333,"[0.22, 0.75]",0.00200499,0.306759485,FALSE
Oleic Acid,sTNF-R1,30,29,0.533333333,"[0.22, 0.75]",0.00200499,0.306759485,FALSE
Lactic Acid,TWEAK/TNFSF12,30,29,0.533333333,"[0.22, 0.75]",0.00200499,0.306759485,FALSE
Lactic Acid,APRIL/TNFSF13,30,29,0.527046277,"[0.21, 0.74]",0.002316229,0.306759485,FALSE
L-Rhamnose,MMP-1,30,29,0.527046277,"[0.21, 0.74]",0.002316229,0.306759485,FALSE
"2,3,4-Trihydroxybutyric acid",sIL-6Ra,30,29,0.508547628,"[0.19, 0.73]",0.003486766,0.372291498,FALSE
Lactic Acid,IL-10,30,29,0.508547628,"[0.19, 0.73]",0.003486766,0.372291498,FALSE
Lactic Acid,IFN-a2,30,29,0.501280412,"[0.18, 0.73]",0.004069703,0.37465866,FALSE
"Ethanolamine, 3TMS",IFN-a2,30,29,0.501280412,"[0.18, 0.73]",0.004069703,0.37465866,FALSE
Aminomalonic acid,MMP-1,30,29,0.500319183,"[0.18, 0.73]",0.004152744,0.37465866,FALSE
Oleic Acid,sCD163,30,29,0.483045892,"[0.16, 0.72]",0.005912951,0.37465866,FALSE
L-Rhamnose,IL-12(p40),30,29,0.483045892,"[0.16, 0.72]",0.005912951,0.37465866,FALSE
Lactic Acid,IL-19,30,29,0.483045892,"[0.16, 0.72]",0.005912951,0.37465866,FALSE
2-OH-Butanoic Acid,IL-20,30,29,0.483045892,"[0.16, 0.72]",0.005912951,0.37465866,FALSE
Indole-3-Latic Acid,TSLP,30,29,0.482758621,"[0.15, 0.71]",0.005946908,0.37465866,FALSE
Aminomalonic acid,IL-29/IFN-lambda1,30,29,0.475084549,"[0.15, 0.71]",0.006917672,0.37465866,FALSE
2-Aminoadipic acid,IL-12(p70),30,29,0.467099366,"[0.14, 0.70]",0.008067667,0.37465866,FALSE
Methionine,IL-29/IFN-lambda1,30,29,0.467099366,"[0.14, 0.70]",0.008067667,0.37465866,FALSE
"Ethanolamine, 3TMS",IL-29/IFN-lambda1,30,29,0.467099366,"[0.14, 0.70]",0.008067667,0.37465866,FALSE
Oleic Acid,sCD30/TNFRSF8,30,29,0.466666667,"[0.13, 0.70]",0.008134351,0.37465866,FALSE
Lactic Acid,Chitinase 3-like1,30,29,0.466666667,"[0.13, 0.70]",0.008134351,0.37465866,FALSE
Oleic Acid,Chitinase 3-like1,30,29,0.466666667,"[0.13, 0.70]",0.008134351,0.37465866,FALSE
Oleic Acid,Osteocalcin,30,29,0.466666667,"[0.13, 0.70]",0.008134351,0.37465866,FALSE
Oleic Acid,Pentraxin-3,30,29,0.466666667,"[0.13, 0.70]",0.008134351,0.37465866,FALSE
Lactic Acid,sTNF-R2,30,29,0.466666667,"[0.13, 0.70]",0.008134351,0.37465866,FALSE
Oleic Acid,sTNF-R2,30,29,0.466666667,"[0.13, 0.70]",0.008134351,0.37465866,FALSE
Lactic Acid,MMP-1,30,29,0.45677344,"[0.12, 0.70]",0.009791503,0.442312298,FALSE
"2,3,4-Trihydroxybutyric acid",sCD30/TNFRSF8,30,29,0.440741277,"[0.10, 0.69]",0.013078432,0.529676513,FALSE
2-OH-Butanoic Acid,TSLP,30,29,0.440741277,"[0.10, 0.69]",0.013078432,0.529676513,FALSE
"2,3,4-Trihydroxybutyric acid",Osteocalcin,30,29,0.440741277,"[0.10, 0.69]",0.013078432,0.529676513,FALSE
Aminomalonic acid,Osteocalcin,30,29,0.440741277,"[0.10, 0.69]",0.013078432,0.529676513,FALSE
Aminomalonic acid,IL-35,30,29,0.437014224,"[0.10, 0.69]",0.01396233,0.555446638,FALSE
Ascorbic Acid,IL-35,30,29,0.429668924,"[0.09, 0.68]",0.015850842,0.555446638,FALSE
Methionine,IL-35,30,29,0.429668924,"[0.09, 0.68]",0.015850842,0.555446638,FALSE
Butanoic acid,IL-11,30,29,0.424264069,"[0.08, 0.68]",0.017372356,0.555446638,FALSE
Lactic Acid,IL-26,30,29,0.424264069,"[0.08, 0.68]",0.017372356,0.555446638,FALSE
"2,3,4-Trihydroxybutyric acid",IL-12(p40),30,29,0.421117444,"[0.08, 0.67]",0.018312672,0.555446638,FALSE
Threonine,IFN-y,30,29,0.418762843,"[0.08, 0.67]",0.019043568,0.555446638,FALSE
2-Aminoadipic acid,IFN-y,30,29,0.418762843,"[0.08, 0.67]",0.019043568,0.555446638,FALSE
2-Aminoadipic acid,IL-12(p40),30,29,0.414039336,"[0.07, 0.67]",0.020582702,0.555446638,FALSE
Oleic Acid,IL-19,30,29,0.414039336,"[0.07, 0.67]",0.020582702,0.555446638,FALSE
Lactic Acid,IL-20,30,29,0.414039336,"[0.07, 0.67]",0.020582702,0.555446638,FALSE
Oleic Acid,MMP-2,30,29,0.4,"[0.05, 0.66]",0.025774237,0.555446638,FALSE
Threonine,MMP-2,30,29,0.4,"[0.05, 0.66]",0.025774237,0.555446638,FALSE
"Ethanolamine, 2TMS",MMP-2,30,29,0.4,"[0.05, 0.66]",0.025774237,0.555446638,FALSE
"Ethanolamine, 2TMS",MMP-3,30,29,0.4,"[0.05, 0.66]",0.025774237,0.555446638,FALSE
Oleic Acid,TWEAK/TNFSF12,30,29,0.4,"[0.05, 0.66]",0.025774237,0.555446638,FALSE
Threonine,TWEAK/TNFSF12,30,29,0.4,"[0.05, 0.66]",0.025774237,0.555446638,FALSE
"Ethanolamine, 2TMS",TWEAK/TNFSF12,30,29,0.4,"[0.05, 0.66]",0.025774237,0.555446638,FALSE
Lactic Acid,BAFF/TNFSF13B,30,29,0.4,"[0.05, 0.66]",0.025774237,0.555446638,FALSE
Oleic Acid,BAFF/TNFSF13B,30,29,0.4,"[0.05, 0.66]",0.025774237,0.555446638,FALSE
Lactic Acid,gp130/sIL-6Rb,30,29,0.4,"[0.05, 0.66]",0.025774237,0.555446638,FALSE
Oleic Acid,sIL-6Ra,30,29,0.4,"[0.05, 0.66]",0.025774237,0.555446638,FALSE
Lactic Acid,sTNF-R1,30,29,0.4,"[0.05, 0.66]",0.025774237,0.555446638,FALSE
Methionine,IL-28A/IFN-lambda2,30,29,0.389249472,"[0.04, 0.65]",0.030436262,0.568767802,FALSE
2-OH-Butanoic Acid,IL-12(p70),30,29,0.389249472,"[0.04, 0.65]",0.030436262,0.568767802,FALSE
"1,5-Anhydrohexitol",IL-12(p70),30,29,0.389249472,"[0.04, 0.65]",0.030436262,0.568767802,FALSE
Butanoic acid,IL-12(p70),30,29,0.389249472,"[0.04, 0.65]",0.030436262,0.568767802,FALSE
Erythritol,IL-12(p70),30,29,0.389249472,"[0.04, 0.65]",0.030436262,0.568767802,FALSE
Glycerol,IL-12(p70),30,29,0.389249472,"[0.04, 0.65]",0.030436262,0.568767802,FALSE
L-5-Oxoproline,IL-12(p70),30,29,0.389249472,"[0.04, 0.65]",0.030436262,0.568767802,FALSE
Lactic Acid,IL-28A/IFN-lambda2,30,29,0.389249472,"[0.04, 0.65]",0.030436262,0.568767802,FALSE
"Ethanolamine, 2TMS",IL-28A/IFN-lambda2,30,29,0.389249472,"[0.04, 0.65]",0.030436262,0.568767802,FALSE
L-5-Oxoproline,IL-28A/IFN-lambda2,30,29,0.389249472,"[0.04, 0.65]",0.030436262,0.568767802,FALSE
Threonine,IL-29/IFN-lambda1,30,29,0.389249472,"[0.04, 0.65]",0.030436262,0.568767802,FALSE
2-Aminoadipic acid,IL-29/IFN-lambda1,30,29,0.389249472,"[0.04, 0.65]",0.030436262,0.568767802,FALSE
beta-Alanine,IL-12(p70),30,29,0.389249472,"[0.04, 0.65]",0.030436262,0.568767802,FALSE
Oleic Acid,APRIL/TNFSF13,30,29,0.386500603,"[0.04, 0.65]",0.031732355,0.568767802,FALSE
Threonine,APRIL/TNFSF13,30,29,0.386500603,"[0.04, 0.65]",0.031732355,0.568767802,FALSE
2-Aminoadipic acid,MMP-1,30,29,0.386500603,"[0.04, 0.65]",0.031732355,0.568767802,FALSE
L-5-Oxoproline,MMP-1,30,29,0.386500603,"[0.04, 0.65]",0.031732355,0.568767802,FALSE
"2,3,4-Trihydroxybutyric acid",sCD163,30,29,0.386024323,"[0.04, 0.65]",0.031961409,0.568767802,FALSE
Indole-3-Latic Acid,IL-20,30,29,0.386024323,"[0.04, 0.65]",0.031961409,0.568767802,FALSE
Aminomalonic acid,IL-20,30,29,0.386024323,"[0.04, 0.65]",0.031961409,0.568767802,FALSE
Decanoic acid,TSLP,30,29,0.372934927,"[0.02, 0.64]",0.038800398,0.603590296,FALSE
Palmitelaidic acid,TSLP,30,29,0.372934927,"[0.02, 0.64]",0.038800398,0.603590296,FALSE
"2,3,4-Trihydroxybutyric acid",BAFF/TNFSF13B,30,29,0.372934927,"[0.02, 0.64]",0.038800398,0.603590296,FALSE
Aminomalonic acid,BAFF/TNFSF13B,30,29,0.372934927,"[0.02, 0.64]",0.038800398,0.603590296,FALSE
Glyceraldehyde-3-P(MOX),IL-10,30,29,0.372934927,"[0.02, 0.64]",0.038800398,0.603590296,FALSE
"Ethanolamine, 3TMS",IL-10,30,29,0.372934927,"[0.02, 0.64]",0.038800398,0.603590296,FALSE
"2,3,4-Trihydroxybutyric acid",MMP-2,30,29,0.372934927,"[0.02, 0.64]",0.038800398,0.603590296,FALSE
Aminomalonic acid,MMP-2,30,29,0.372934927,"[0.02, 0.64]",0.038800398,0.603590296,FALSE
"2,3,4-Trihydroxybutyric acid",MMP-3,30,29,0.372934927,"[0.02, 0.64]",0.038800398,0.603590296,FALSE
Indole-3-Latic Acid,sTNF-R1,30,29,0.372934927,"[0.02, 0.64]",0.038800398,0.603590296,FALSE
"2,3,4-Trihydroxybutyric acid",TWEAK/TNFSF12,30,29,0.372934927,"[0.02, 0.64]",0.038800398,0.603590296,FALSE
Aminomalonic acid,TWEAK/TNFSF12,30,29,0.372934927,"[0.02, 0.64]",0.038800398,0.603590296,FALSE
Glyceraldehyde-3-P(MOX),IFN-a2,30,29,0.358057437,"[0.00, 0.63]",0.047953441,0.704122005,FALSE
2-Keto-3-methylvaleric acid,IL-35,30,29,0.358057437,"[0.00, 0.63]",0.047953441,0.704122005,FALSE
Methyl galactoside,IL-35,30,29,0.358057437,"[0.00, 0.63]",0.047953441,0.704122005,FALSE
Lactic Acid,IL-35,30,29,0.358057437,"[0.00, 0.63]",0.047953441,0.704122005,FALSE
L-5-Oxoproline,IL-35,30,29,0.358057437,"[0.00, 0.63]",0.047953441,0.704122005,FALSE
Indole-3-Latic Acid,APRIL/TNFSF13,30,29,0.357370845,"[0.00, 0.63]",0.048414059,0.704122005,FALSE
Aminomalonic acid,APRIL/TNFSF13,30,29,0.357370845,"[0.00, 0.63]",0.048414059,0.704122005,FALSE
Aminomalonic acid,IL-28A/IFN-lambda2,30,29,0.356313412,"[0.00, 0.63]",0.04913034,0.704122005,FALSE
Palmitic Acid,sCD163,30,29,0.34503278,"[-0.01, 0.62]",0.057307286,0.704122005,FALSE
Methionine,IL-12(p40),30,29,0.34503278,"[-0.01, 0.62]",0.057307286,0.704122005,FALSE
L-5-Oxoproline,IL-12(p40),30,29,0.34503278,"[-0.01, 0.62]",0.057307286,0.704122005,FALSE
N-Acetylglutamine,IL-20,30,29,0.34503278,"[-0.01, 0.62]",0.057307286,0.704122005,FALSE
Ascorbic Acid,IL-19,30,29,0.34503278,"[-0.01, 0.62]",0.057307286,0.704122005,FALSE
"Ethanolamine, 3TMS",IL-19,30,29,0.34503278,"[-0.01, 0.62]",0.057307286,0.704122005,FALSE
Glyceric acid,IL-19,30,29,0.34503278,"[-0.01, 0.62]",0.057307286,0.704122005,FALSE
2-Aminoadipic acid,IL-20,30,29,0.34503278,"[-0.01, 0.62]",0.057307286,0.704122005,FALSE
Alanine,IFN-y,30,29,0.342624144,"[-0.01, 0.62]",0.05918466,0.704122005,FALSE
Serine,IFN-y,30,29,0.342624144,"[-0.01, 0.62]",0.05918466,0.704122005,FALSE
"1,5-Anhydrohexitol",IFN-y,30,29,0.342624144,"[-0.01, 0.62]",0.05918466,0.704122005,FALSE
Butanoic acid,IFN-y,30,29,0.342624144,"[-0.01, 0.62]",0.05918466,0.704122005,FALSE
Glycolic acid,IFN-y,30,29,0.342624144,"[-0.01, 0.62]",0.05918466,0.704122005,FALSE
Lactic Acid,IFN-y,30,29,0.342624144,"[-0.01, 0.62]",0.05918466,0.704122005,FALSE
Leucine,IFN-y,30,29,0.342624144,"[-0.01, 0.62]",0.05918466,0.704122005,FALSE
2-Aminoheptanedioic acid,IFN-y,30,29,0.342624144,"[-0.01, 0.62]",0.05918466,0.704122005,FALSE
L-5-Oxoproline,IFN-y,30,29,0.342624144,"[-0.01, 0.62]",0.05918466,0.704122005,FALSE
L-Aspartic acid,IFN-y,30,29,0.342624144,"[-0.01, 0.62]",0.05918466,0.704122005,FALSE
"2,3,4-Trihydroxybutyric acid",IL-26,30,29,0.335624311,"[-0.02, 0.62]",0.064915838,0.704122005,FALSE
Palmitic Acid,Osteocalcin,30,29,0.333333333,"[-0.02, 0.62]",0.066882891,0.704122005,FALSE
Oxalic acid,BAFF/TNFSF13B,30,29,0.333333333,"[-0.02, 0.62]",0.066882891,0.704122005,FALSE
"Ethanolamine, 2TMS",Chitinase 3-like1,30,29,0.333333333,"[-0.02, 0.62]",0.066882891,0.704122005,FALSE
Glutamine [-H2O],MMP-2,30,29,0.333333333,"[-0.02, 0.62]",0.066882891,0.704122005,FALSE
Threonine,Osteocalcin,30,29,0.333333333,"[-0.02, 0.62]",0.066882891,0.704122005,FALSE
"Ethanolamine, 2TMS",Osteocalcin,30,29,0.333333333,"[-0.02, 0.62]",0.066882891,0.704122005,FALSE
Ornithine,Osteopontin,30,29,0.333333333,"[-0.02, 0.62]",0.066882891,0.704122005,FALSE
Erythritol,Pentraxin-3,30,29,0.333333333,"[-0.02, 0.62]",0.066882891,0.704122005,FALSE
2-OH-Butanoic Acid,sTNF-R1,30,29,0.333333333,"[-0.02, 0.62]",0.066882891,0.704122005,FALSE
"Ethanolamine, 2TMS",sTNF-R2,30,29,0.333333333,"[-0.02, 0.62]",0.066882891,0.704122005,FALSE
Glutamine [-H2O],TWEAK/TNFSF12,30,29,0.333333333,"[-0.02, 0.62]",0.066882891,0.704122005,FALSE
"1,5-Anhydrohexitol",IL-11,30,29,0.329983165,"[-0.03, 0.61]",0.069842668,0.704122005,FALSE
Glyceraldehyde-3-P(MOX),IL-11,30,29,0.329983165,"[-0.03, 0.61]",0.069842668,0.704122005,FALSE
Methionine,IL-11,30,29,0.329983165,"[-0.03, 0.61]",0.069842668,0.704122005,FALSE
Tyrosine,IL-11,30,29,0.329983165,"[-0.03, 0.61]",0.069842668,0.704122005,FALSE
"Ethanolamine, 2TMS",IL-11,30,29,0.329983165,"[-0.03, 0.61]",0.069842668,0.704122005,FALSE
"Ethanolamine, 3TMS",IL-26,30,29,0.329983165,"[-0.03, 0.61]",0.069842668,0.704122005,FALSE
Indole-3-Latic Acid,IFN-a2,30,29,0.327760668,"[-0.03, 0.61]",0.071861674,0.709256608,FALSE
"2,3,4-Trihydroxybutyric acid",IFN-a2,30,29,0.327760668,"[-0.03, 0.61]",0.071861674,0.709256608,FALSE
Aminomalonic acid,IFN-a2,30,29,0.327760668,"[-0.03, 0.61]",0.071861674,0.709256608,FALSE
Glycerol,APRIL/TNFSF13,30,29,0.316227766,"[-0.04, 0.60]",0.083074666,0.731667525,FALSE
"Ethanolamine, 2TMS",APRIL/TNFSF13,30,29,0.316227766,"[-0.04, 0.60]",0.083074666,0.731667525,FALSE
"Ethanolamine, 3TMS",APRIL/TNFSF13,30,29,0.316227766,"[-0.04, 0.60]",0.083074666,0.731667525,FALSE
Methionine,MMP-1,30,29,0.316227766,"[-0.04, 0.60]",0.083074666,0.731667525,FALSE
"Ethanolamine, 3TMS",MMP-1,30,29,0.316227766,"[-0.04, 0.60]",0.083074666,0.731667525,FALSE
Indole-3-Latic Acid,IL-19,30,29,0.315838083,"[-0.04, 0.60]",0.083475702,0.731667525,FALSE
2-Aminoheptanedioic acid,IL-12(p70),30,29,0.311399578,"[-0.05, 0.60]",0.088148961,0.731667525,FALSE
Glycolic acid,IL-12(p70),30,29,0.311399578,"[-0.05, 0.60]",0.088148961,0.731667525,FALSE
"Ethanolamine, 3TMS",IL-28A/IFN-lambda2,30,29,0.311399578,"[-0.05, 0.60]",0.088148961,0.731667525,FALSE
Glycerol,IL-28A/IFN-lambda2,30,29,0.311399578,"[-0.05, 0.60]",0.088148961,0.731667525,FALSE
L-Alanine,IL-28A/IFN-lambda2,30,29,0.311399578,"[-0.05, 0.60]",0.088148961,0.731667525,FALSE
L-Aspartic acid,IL-28A/IFN-lambda2,30,29,0.311399578,"[-0.05, 0.60]",0.088148961,0.731667525,FALSE
Glyceraldehyde-3-P(MOX),IL-29/IFN-lambda1,30,29,0.311399578,"[-0.05, 0.60]",0.088148961,0.731667525,FALSE
Butanoic acid,IL-29/IFN-lambda1,30,29,0.311399578,"[-0.05, 0.60]",0.088148961,0.731667525,FALSE
Glycerol,IL-29/IFN-lambda1,30,29,0.311399578,"[-0.05, 0.60]",0.088148961,0.731667525,FALSE
Glyceraldehyde-3-P(MOX),IL-12(p70),30,29,0.311399578,"[-0.05, 0.60]",0.088148961,0.731667525,FALSE
Lactic Acid,IL-12(p70),30,29,0.311399578,"[-0.05, 0.60]",0.088148961,0.731667525,FALSE
Methionine,IL-12(p70),30,29,0.311399578,"[-0.05, 0.60]",0.088148961,0.731667525,FALSE
Serine,IL-12(p70),30,29,0.311399578,"[-0.05, 0.60]",0.088148961,0.731667525,FALSE
Threonine,IL-12(p70),30,29,0.311399578,"[-0.05, 0.60]",0.088148961,0.731667525,FALSE
2-Keto-3-methylvaleric acid,IL-12(p70),30,29,0.311399578,"[-0.05, 0.60]",0.088148961,0.731667525,FALSE
"Ethanolamine, 3TMS",IL-12(p70),30,29,0.311399578,"[-0.05, 0.60]",0.088148961,0.731667525,FALSE
L-Proline,IL-12(p70),30,29,0.311399578,"[-0.05, 0.60]",0.088148961,0.731667525,FALSE
L-Rhamnose,IL-12(p70),30,29,0.311399578,"[-0.05, 0.60]",0.088148961,0.731667525,FALSE
2-OH-Butanoic Acid,IL-29/IFN-lambda1,30,29,0.311399578,"[-0.05, 0.60]",0.088148961,0.731667525,FALSE
Lactic Acid,IL-29/IFN-lambda1,30,29,0.311399578,"[-0.05, 0.60]",0.088148961,0.731667525,FALSE
2-Keto-3-methylvaleric acid,IL-29/IFN-lambda1,30,29,0.311399578,"[-0.05, 0.60]",0.088148961,0.731667525,FALSE
beta-Alanine,IL-29/IFN-lambda1,30,29,0.311399578,"[-0.05, 0.60]",0.088148961,0.731667525,FALSE
L-5-Oxoproline,IL-29/IFN-lambda1,30,29,0.311399578,"[-0.05, 0.60]",0.088148961,0.731667525,FALSE
L-Proline,IL-29/IFN-lambda1,30,29,0.311399578,"[-0.05, 0.60]",0.088148961,0.731667525,FALSE
L-Rhamnose,IL-29/IFN-lambda1,30,29,0.311399578,"[-0.05, 0.60]",0.088148961,0.731667525,FALSE
"2,3,4-Trihydroxybutyric acid",Chitinase 3-like1,30,29,0.305128577,"[-0.06, 0.60]",0.095088807,0.744545359,FALSE
Tyrosine,IL-10,30,29,0.305128577,"[-0.06, 0.60]",0.095088807,0.744545359,FALSE
Aminomalonic acid,Osteopontin,30,29,0.305128577,"[-0.06, 0.60]",0.095088807,0.744545359,FALSE
Indole-3-Propionic Acid,sTNF-R1,30,29,0.305128577,"[-0.06, 0.60]",0.095088807,0.744545359,FALSE
"2,3,4-Trihydroxybutyric acid",sTNF-R2,30,29,0.305128577,"[-0.06, 0.60]",0.095088807,0.744545359,FALSE
Aminomalonic acid,sTNF-R2,30,29,0.305128577,"[-0.06, 0.60]",0.095088807,0.744545359,FALSE
2-OH-Butanoic Acid,IFN-a2,30,29,0.28644595,"[-0.08, 0.58]",0.118225541,0.784634532,FALSE
N-Acetylglutamine,IFN-a2,30,29,0.28644595,"[-0.08, 0.58]",0.118225541,0.784634532,FALSE
Butanoic acid,IL-35,30,29,0.28644595,"[-0.08, 0.58]",0.118225541,0.784634532,FALSE
L-Rhamnose,IFN-a2,30,29,0.28644595,"[-0.08, 0.58]",0.118225541,0.784634532,FALSE
Serine,IL-35,30,29,0.28644595,"[-0.08, 0.58]",0.118225541,0.784634532,FALSE
2-Aminoadipic acid,IL-35,30,29,0.28644595,"[-0.08, 0.58]",0.118225541,0.784634532,FALSE
beta-Alanine,IL-35,30,29,0.28644595,"[-0.08, 0.58]",0.118225541,0.784634532,FALSE
"Ethanolamine, 3TMS",IL-35,30,29,0.28644595,"[-0.08, 0.58]",0.118225541,0.784634532,FALSE
L-Aspartic acid,IL-35,30,29,0.28644595,"[-0.08, 0.58]",0.118225541,0.784634532,FALSE
L-Rhamnose,IL-35,30,29,0.28644595,"[-0.08, 0.58]",0.118225541,0.784634532,FALSE
Indole-3-Propionic Acid,APRIL/TNFSF13,30,29,0.285896676,"[-0.08, 0.58]",0.11896385,0.784634532,FALSE
Indole-3-Latic Acid,IL-29/IFN-lambda1,30,29,0.277132654,"[-0.09, 0.58]",0.131211602,0.784634532,FALSE
2-OH-Butanoic Acid,IL-12(p40),30,29,0.276026224,"[-0.09, 0.57]",0.132821294,0.784634532,FALSE
Alanine,IL-12(p40),30,29,0.276026224,"[-0.09, 0.57]",0.132821294,0.784634532,FALSE
Glutamine [-H2O],IL-12(p40),30,29,0.276026224,"[-0.09, 0.57]",0.132821294,0.784634532,FALSE
Threonine,IL-12(p40),30,29,0.276026224,"[-0.09, 0.57]",0.132821294,0.784634532,FALSE
"1,5-Anhydrohexitol",IL-12(p40),30,29,0.276026224,"[-0.09, 0.57]",0.132821294,0.784634532,FALSE
L-Alanine,IL-12(p40),30,29,0.276026224,"[-0.09, 0.57]",0.132821294,0.784634532,FALSE
"1,5-Anhydrohexitol",IL-20,30,29,0.276026224,"[-0.09, 0.57]",0.132821294,0.784634532,FALSE
L-Proline,IL-12(p40),30,29,0.276026224,"[-0.09, 0.57]",0.132821294,0.784634532,FALSE
2-OH-Butanoic Acid,IL-19,30,29,0.276026224,"[-0.09, 0.57]",0.132821294,0.784634532,FALSE
Oleic Acid,IL-20,30,29,0.276026224,"[-0.09, 0.57]",0.132821294,0.784634532,FALSE
beta-Alanine,IL-20,30,29,0.276026224,"[-0.09, 0.57]",0.132821294,0.784634532,FALSE
Glycerol,IL-20,30,29,0.276026224,"[-0.09, 0.57]",0.132821294,0.784634532,FALSE
L-(+)-Erythrulose,IL-20,30,29,0.276026224,"[-0.09, 0.57]",0.132821294,0.784634532,FALSE
L-5-Oxoproline,IL-20,30,29,0.276026224,"[-0.09, 0.57]",0.132821294,0.784634532,FALSE
Asparagine,IFN-y,30,29,0.271041082,"[-0.09, 0.57]",0.140253826,0.784634532,FALSE
Indole-3-Latic Acid,IFN-y,30,29,0.271041082,"[-0.09, 0.57]",0.140253826,0.784634532,FALSE
4-Aminobutanoic acid,IFN-y,30,29,0.271041082,"[-0.09, 0.57]",0.140253826,0.784634532,FALSE
Palmitic Acid,BAFF/TNFSF13B,30,29,0.266666667,"[-0.10, 0.57]",0.147021488,0.784634532,FALSE
"Ethanolamine, 2TMS",gp130/sIL-6Rb,30,29,0.266666667,"[-0.10, 0.57]",0.147021488,0.784634532,FALSE
Palmitic Acid,sIL-6Ra,30,29,0.266666667,"[-0.10, 0.57]",0.147021488,0.784634532,FALSE
Glyceraldehyde-3-P(MOX),MMP-2,30,29,0.266666667,"[-0.10, 0.57]",0.147021488,0.784634532,FALSE
Palmitic Acid,MMP-2,30,29,0.266666667,"[-0.10, 0.57]",0.147021488,0.784634532,FALSE
Palmitic Acid,MMP-3,30,29,0.266666667,"[-0.10, 0.57]",0.147021488,0.784634532,FALSE
Glutamine [-H2O],Osteocalcin,30,29,0.266666667,"[-0.10, 0.57]",0.147021488,0.784634532,FALSE
Palmitic Acid,sTNF-R1,30,29,0.266666667,"[-0.10, 0.57]",0.147021488,0.784634532,FALSE
beta-D-Xylopyranose,sTNF-R1,30,29,0.266666667,"[-0.10, 0.57]",0.147021488,0.784634532,FALSE
N-Acetylglutamine,sTNF-R2,30,29,0.266666667,"[-0.10, 0.57]",0.147021488,0.784634532,FALSE
Glyceraldehyde-3-P(MOX),TWEAK/TNFSF12,30,29,0.266666667,"[-0.10, 0.57]",0.147021488,0.784634532,FALSE
Palmitic Acid,TWEAK/TNFSF12,30,29,0.266666667,"[-0.10, 0.57]",0.147021488,0.784634532,FALSE
Lactic Acid,sIL-6Ra,30,29,0.266666667,"[-0.10, 0.57]",0.147021488,0.784634532,FALSE
"Ethanolamine, 3TMS",MMP-2,30,29,0.266666667,"[-0.10, 0.57]",0.147021488,0.784634532,FALSE
Serine,Pentraxin-3,30,29,0.266666667,"[-0.10, 0.57]",0.147021488,0.784634532,FALSE
Stearic Acid,Pentraxin-3,30,29,0.266666667,"[-0.10, 0.57]",0.147021488,0.784634532,FALSE
Tyrosine,Pentraxin-3,30,29,0.266666667,"[-0.10, 0.57]",0.147021488,0.784634532,FALSE
2-Keto-3-methylvaleric acid,Pentraxin-3,30,29,0.266666667,"[-0.10, 0.57]",0.147021488,0.784634532,FALSE
Doconexent,Pentraxin-3,30,29,0.266666667,"[-0.10, 0.57]",0.147021488,0.784634532,FALSE
Methyl galactoside,Pentraxin-3,30,29,0.266666667,"[-0.10, 0.57]",0.147021488,0.784634532,FALSE
Nonanoic acid,Pentraxin-3,30,29,0.266666667,"[-0.10, 0.57]",0.147021488,0.784634532,FALSE
"Ethanolamine, 3TMS",TWEAK/TNFSF12,30,29,0.266666667,"[-0.10, 0.57]",0.147021488,0.784634532,FALSE
Ornithine,IFN-y,30,29,0.266485446,"[-0.10, 0.57]",0.147306866,0.784634532,FALSE
Glutamine [-H2O],IFN-y,30,29,0.266485446,"[-0.10, 0.57]",0.147306866,0.784634532,FALSE
2-Keto-3-methylvaleric acid,IFN-y,30,29,0.266485446,"[-0.10, 0.57]",0.147306866,0.784634532,FALSE
beta-Alanine,IFN-y,30,29,0.266485446,"[-0.10, 0.57]",0.147306866,0.784634532,FALSE
"Ethanolamine, 3TMS",IFN-y,30,29,0.266485446,"[-0.10, 0.57]",0.147306866,0.784634532,FALSE
L-Rhamnose,IFN-y,30,29,0.266485446,"[-0.10, 0.57]",0.147306866,0.784634532,FALSE
Methionine,APRIL/TNFSF13,30,29,0.245954929,"[-0.12, 0.55]",0.182289253,0.813039725,FALSE
Methyl galactoside,APRIL/TNFSF13,30,29,0.245954929,"[-0.12, 0.55]",0.182289253,0.813039725,FALSE
2-OH-Butanoic Acid,MMP-1,30,29,0.245954929,"[-0.12, 0.55]",0.182289253,0.813039725,FALSE
Glutamine [-H2O],MMP-1,30,29,0.245954929,"[-0.12, 0.55]",0.182289253,0.813039725,FALSE
"1,5-Anhydrohexitol",MMP-1,30,29,0.245954929,"[-0.12, 0.55]",0.182289253,0.813039725,FALSE
2-Keto-3-methylvaleric acid,MMP-1,30,29,0.245954929,"[-0.12, 0.55]",0.182289253,0.813039725,FALSE
N-Acetylglutamine,MMP-1,30,29,0.245954929,"[-0.12, 0.55]",0.182289253,0.813039725,FALSE
Serine,APRIL/TNFSF13,30,29,0.245954929,"[-0.12, 0.55]",0.182289253,0.813039725,FALSE
Oleic Acid,MMP-1,30,29,0.245954929,"[-0.12, 0.55]",0.182289253,0.813039725,FALSE
Tyrosine,MMP-1,30,29,0.245954929,"[-0.12, 0.55]",0.182289253,0.813039725,FALSE
DL-Ornithine,sCD163,30,29,0.245651842,"[-0.12, 0.55]",0.182845891,0.813039725,FALSE
"2,3,4-Trihydroxybutyric acid",IL-20,30,29,0.245651842,"[-0.12, 0.55]",0.182845891,0.813039725,FALSE
Aminomalonic acid,IL-11,30,29,0.239731651,"[-0.13, 0.55]",0.19395884,0.813039725,FALSE
"2,3,4-Trihydroxybutyric acid",IL-29/IFN-lambda1,30,29,0.237542275,"[-0.13, 0.55]",0.19818505,0.813039725,FALSE
4-Aminobutanoic acid,IL-12(p70),30,29,0.237542275,"[-0.13, 0.55]",0.19818505,0.813039725,FALSE
Aminomalonic acid,IL-12(p70),30,29,0.237542275,"[-0.13, 0.55]",0.19818505,0.813039725,FALSE
1-Monopalmitin,TSLP,30,29,0.237322226,"[-0.13, 0.55]",0.198613315,0.813039725,FALSE
Butanoic acid,TSLP,30,29,0.237322226,"[-0.13, 0.55]",0.198613315,0.813039725,FALSE
"2,3,4-Trihydroxybutyric acid",gp130/sIL-6Rb,30,29,0.237322226,"[-0.13, 0.55]",0.198613315,0.813039725,FALSE
DL-Ornithine,gp130/sIL-6Rb,30,29,0.237322226,"[-0.13, 0.55]",0.198613315,0.813039725,FALSE
Aminomalonic acid,sIL-6Ra,30,29,0.237322226,"[-0.13, 0.55]",0.198613315,0.813039725,FALSE
Ascorbic Acid,IL-10,30,29,0.237322226,"[-0.13, 0.55]",0.198613315,0.813039725,FALSE
2-Aminoadipic acid,IL-10,30,29,0.237322226,"[-0.13, 0.55]",0.198613315,0.813039725,FALSE
L-Alanine,IL-10,30,29,0.237322226,"[-0.13, 0.55]",0.198613315,0.813039725,FALSE
Indole-3-Latic Acid,MMP-3,30,29,0.237322226,"[-0.13, 0.55]",0.198613315,0.813039725,FALSE
Aminomalonic acid,MMP-3,30,29,0.237322226,"[-0.13, 0.55]",0.198613315,0.813039725,FALSE
Indole-3-Latic Acid,Osteocalcin,30,29,0.237322226,"[-0.13, 0.55]",0.198613315,0.813039725,FALSE
Indole-3-Propionic Acid,Osteocalcin,30,29,0.237322226,"[-0.13, 0.55]",0.198613315,0.813039725,FALSE
Lactic Acid,TSLP,30,29,0.237322226,"[-0.13, 0.55]",0.198613315,0.813039725,FALSE
Linoleic Acid,TSLP,30,29,0.237322226,"[-0.13, 0.55]",0.198613315,0.813039725,FALSE
Stearic Acid,TSLP,30,29,0.237322226,"[-0.13, 0.55]",0.198613315,0.813039725,FALSE
"Ethanolamine, 2TMS",TSLP,30,29,0.237322226,"[-0.13, 0.55]",0.198613315,0.813039725,FALSE
Glyceric acid,TSLP,30,29,0.237322226,"[-0.13, 0.55]",0.198613315,0.813039725,FALSE
Oxalic acid,TSLP,30,29,0.237322226,"[-0.13, 0.55]",0.198613315,0.813039725,FALSE
Oleic Acid,IL-10,30,29,0.237322226,"[-0.13, 0.55]",0.198613315,0.813039725,FALSE
1-Heptadecanol,Pentraxin-3,30,29,0.237322226,"[-0.13, 0.55]",0.198613315,0.813039725,FALSE
Cysteine,IL-11,30,29,0.23570226,"[-0.13, 0.54]",0.20178587,0.813039725,FALSE
Valine,IL-11,30,29,0.23570226,"[-0.13, 0.54]",0.20178587,0.813039725,FALSE
2-Aminoheptanedioic acid,IL-11,30,29,0.23570226,"[-0.13, 0.54]",0.20178587,0.813039725,FALSE
"1,5-Anhydrohexitol",IL-26,30,29,0.23570226,"[-0.13, 0.54]",0.20178587,0.813039725,FALSE
Glycerol,IL-26,30,29,0.23570226,"[-0.13, 0.54]",0.20178587,0.813039725,FALSE
Cholesterol,IL-11,30,29,0.23570226,"[-0.13, 0.54]",0.20178587,0.813039725,FALSE
Glutamine [-H2O],IL-11,30,29,0.23570226,"[-0.13, 0.54]",0.20178587,0.813039725,FALSE
Lactic Acid,IL-11,30,29,0.23570226,"[-0.13, 0.54]",0.20178587,0.813039725,FALSE
Leucine,IL-11,30,29,0.23570226,"[-0.13, 0.54]",0.20178587,0.813039725,FALSE
Threonine,IL-11,30,29,0.23570226,"[-0.13, 0.54]",0.20178587,0.813039725,FALSE
2-Aminoadipic acid,IL-11,30,29,0.23570226,"[-0.13, 0.54]",0.20178587,0.813039725,FALSE
beta-Alanine,IL-11,30,29,0.23570226,"[-0.13, 0.54]",0.20178587,0.813039725,FALSE
L-Aspartic acid,IL-11,30,29,0.23570226,"[-0.13, 0.54]",0.20178587,0.813039725,FALSE
3-OH-Butanoic Acid,IL-26,30,29,0.23570226,"[-0.13, 0.54]",0.20178587,0.813039725,FALSE
Glutamine [-H2O],IL-26,30,29,0.23570226,"[-0.13, 0.54]",0.20178587,0.813039725,FALSE
2-OH-Butanoic Acid,IL-28A/IFN-lambda2,30,29,0.233549683,"[-0.13, 0.54]",0.206055389,0.813039725,FALSE
Glutamine [-H2O],IL-28A/IFN-lambda2,30,29,0.233549683,"[-0.13, 0.54]",0.206055389,0.813039725,FALSE
Leucine,IL-28A/IFN-lambda2,30,29,0.233549683,"[-0.13, 0.54]",0.206055389,0.813039725,FALSE
Valine,IL-28A/IFN-lambda2,30,29,0.233549683,"[-0.13, 0.54]",0.206055389,0.813039725,FALSE
"1,5-Anhydrohexitol",IL-29/IFN-lambda1,30,29,0.233549683,"[-0.13, 0.54]",0.206055389,0.813039725,FALSE
Glutamine [-H2O],IL-12(p70),30,29,0.233549683,"[-0.13, 0.54]",0.206055389,0.813039725,FALSE
Methyl galactoside,IL-12(p70),30,29,0.233549683,"[-0.13, 0.54]",0.206055389,0.813039725,FALSE
Ascorbic Acid,IL-28A/IFN-lambda2,30,29,0.233549683,"[-0.13, 0.54]",0.206055389,0.813039725,FALSE
Cysteine,IL-29/IFN-lambda1,30,29,0.233549683,"[-0.13, 0.54]",0.206055389,0.813039725,FALSE
Glutamine [-H2O],IL-29/IFN-lambda1,30,29,0.233549683,"[-0.13, 0.54]",0.206055389,0.813039725,FALSE
Leucine,IL-29/IFN-lambda1,30,29,0.233549683,"[-0.13, 0.54]",0.206055389,0.813039725,FALSE
Oleic Acid,IL-29/IFN-lambda1,30,29,0.233549683,"[-0.13, 0.54]",0.206055389,0.813039725,FALSE
Serine,IL-29/IFN-lambda1,30,29,0.233549683,"[-0.13, 0.54]",0.206055389,0.813039725,FALSE
2-Aminoheptanedioic acid,IL-29/IFN-lambda1,30,29,0.233549683,"[-0.13, 0.54]",0.206055389,0.813039725,FALSE
"Ethanolamine, 2TMS",IL-29/IFN-lambda1,30,29,0.233549683,"[-0.13, 0.54]",0.206055389,0.813039725,FALSE
Methyl galactoside,IL-29/IFN-lambda1,30,29,0.233549683,"[-0.13, 0.54]",0.206055389,0.813039725,FALSE
N-Acetylglutamine,IL-29/IFN-lambda1,30,29,0.233549683,"[-0.13, 0.54]",0.206055389,0.813039725,FALSE
"1,5-Anhydrohexitol",IL-35,30,29,0.214834462,"[-0.15, 0.53]",0.245801987,0.813039725,FALSE
Ascorbic Acid,IFN-a2,30,29,0.214834462,"[-0.15, 0.53]",0.245801987,0.813039725,FALSE
Palmitic Acid,IFN-a2,30,29,0.214834462,"[-0.15, 0.53]",0.245801987,0.813039725,FALSE
Tyrosine,IFN-a2,30,29,0.214834462,"[-0.15, 0.53]",0.245801987,0.813039725,FALSE
2-Aminoadipic acid,IFN-a2,30,29,0.214834462,"[-0.15, 0.53]",0.245801987,0.813039725,FALSE
"Ethanolamine, 2TMS",IFN-a2,30,29,0.214834462,"[-0.15, 0.53]",0.245801987,0.813039725,FALSE
Glyceric acid,IFN-a2,30,29,0.214834462,"[-0.15, 0.53]",0.245801987,0.813039725,FALSE
L-(+)-Erythrulose,IFN-a2,30,29,0.214834462,"[-0.15, 0.53]",0.245801987,0.813039725,FALSE
2-OH-Butanoic Acid,IL-35,30,29,0.214834462,"[-0.15, 0.53]",0.245801987,0.813039725,FALSE
Oleic Acid,IL-35,30,29,0.214834462,"[-0.15, 0.53]",0.245801987,0.813039725,FALSE
"2-Ethyl-3-hydroxypropionic acid, di-",IL-35,30,29,0.214834462,"[-0.15, 0.53]",0.245801987,0.813039725,FALSE
L-(+)-Erythrulose,IL-35,30,29,0.214834462,"[-0.15, 0.53]",0.245801987,0.813039725,FALSE
L-Alanine,IL-35,30,29,0.214834462,"[-0.15, 0.53]",0.245801987,0.813039725,FALSE
L-Proline,IL-35,30,29,0.214834462,"[-0.15, 0.53]",0.245801987,0.813039725,FALSE
N-Acetylglutamine,IL-35,30,29,0.214834462,"[-0.15, 0.53]",0.245801987,0.813039725,FALSE
Glyceric acid,sCD163,30,29,0.207019668,"[-0.16, 0.52]",0.263811122,0.813039725,FALSE
Oleic Acid,IL-12(p40),30,29,0.207019668,"[-0.16, 0.52]",0.263811122,0.813039725,FALSE
Palmitic Acid,IL-12(p40),30,29,0.207019668,"[-0.16, 0.52]",0.263811122,0.813039725,FALSE
Proline,IL-12(p40),30,29,0.207019668,"[-0.16, 0.52]",0.263811122,0.813039725,FALSE
beta-Alanine,IL-12(p40),30,29,0.207019668,"[-0.16, 0.52]",0.263811122,0.813039725,FALSE
"Ethanolamine, 3TMS",IL-12(p40),30,29,0.207019668,"[-0.16, 0.52]",0.263811122,0.813039725,FALSE
Glycolic acid,IL-12(p40),30,29,0.207019668,"[-0.16, 0.52]",0.263811122,0.813039725,FALSE
L-Aspartic acid,IL-12(p40),30,29,0.207019668,"[-0.16, 0.52]",0.263811122,0.813039725,FALSE
Methyl galactoside,IL-12(p40),30,29,0.207019668,"[-0.16, 0.52]",0.263811122,0.813039725,FALSE
N-Acetylglutamine,IL-12(p40),30,29,0.207019668,"[-0.16, 0.52]",0.263811122,0.813039725,FALSE
Oxalic acid,IL-12(p40),30,29,0.207019668,"[-0.16, 0.52]",0.263811122,0.813039725,FALSE
Palmitic Acid,IL-19,30,29,0.207019668,"[-0.16, 0.52]",0.263811122,0.813039725,FALSE
2-Keto-3-methylvaleric acid,IL-19,30,29,0.207019668,"[-0.16, 0.52]",0.263811122,0.813039725,FALSE
Butanoic acid,IL-19,30,29,0.207019668,"[-0.16, 0.52]",0.263811122,0.813039725,FALSE
Glycerol,IL-19,30,29,0.207019668,"[-0.16, 0.52]",0.263811122,0.813039725,FALSE
Cysteine,IL-20,30,29,0.207019668,"[-0.16, 0.52]",0.263811122,0.813039725,FALSE
Glyceraldehyde-3-P(MOX),IL-20,30,29,0.207019668,"[-0.16, 0.52]",0.263811122,0.813039725,FALSE
Methionine,IL-20,30,29,0.207019668,"[-0.16, 0.52]",0.263811122,0.813039725,FALSE
Palmitic Acid,IL-20,30,29,0.207019668,"[-0.16, 0.52]",0.263811122,0.813039725,FALSE
Butanoic acid,IL-20,30,29,0.207019668,"[-0.16, 0.52]",0.263811122,0.813039725,FALSE
Lactic Acid,sCD163,30,29,0.207019668,"[-0.16, 0.52]",0.263811122,0.813039725,FALSE
1-Monooleoylglycerol,IL-19,30,29,0.207019668,"[-0.16, 0.52]",0.263811122,0.813039725,FALSE
"Ethanolamine, 2TMS",IL-19,30,29,0.207019668,"[-0.16, 0.52]",0.263811122,0.813039725,FALSE
L-5-Oxoproline,IL-19,30,29,0.207019668,"[-0.16, 0.52]",0.263811122,0.813039725,FALSE
L-Aspartic acid,IL-19,30,29,0.207019668,"[-0.16, 0.52]",0.263811122,0.813039725,FALSE
Ascorbic Acid,IL-20,30,29,0.207019668,"[-0.16, 0.52]",0.263811122,0.813039725,FALSE
Tyrosine,IL-20,30,29,0.207019668,"[-0.16, 0.52]",0.263811122,0.813039725,FALSE
"Ethanolamine, 2TMS",IL-20,30,29,0.207019668,"[-0.16, 0.52]",0.263811122,0.813039725,FALSE
L-Rhamnose,IL-20,30,29,0.207019668,"[-0.16, 0.52]",0.263811122,0.813039725,FALSE
Indole-3-Propionic Acid,TSLP,30,29,0.206896552,"[-0.16, 0.52]",0.26410156,0.813039725,FALSE
DL-Ornithine,TSLP,30,29,0.206896552,"[-0.16, 0.52]",0.26410156,0.813039725,FALSE
"2,3,4-Trihydroxybutyric acid",IL-10,30,29,0.206896552,"[-0.16, 0.52]",0.26410156,0.813039725,FALSE
4-Aminobutanoic acid,TSLP,30,29,0.206896552,"[-0.16, 0.52]",0.26410156,0.813039725,FALSE
Aminomalonic acid,TSLP,30,29,0.206896552,"[-0.16, 0.52]",0.26410156,0.813039725,FALSE
Glutamine [-H2O],BAFF/TNFSF13B,30,29,0.2,"[-0.17, 0.52]",0.280704648,0.813039725,FALSE
Linoleic Acid,BAFF/TNFSF13B,30,29,0.2,"[-0.17, 0.52]",0.280704648,0.813039725,FALSE
N-Acetylglutamine,BAFF/TNFSF13B,30,29,0.2,"[-0.17, 0.52]",0.280704648,0.813039725,FALSE
Palmitic Acid,sCD30/TNFRSF8,30,29,0.2,"[-0.17, 0.52]",0.280704648,0.813039725,FALSE
Glycerol,sCD30/TNFRSF8,30,29,0.2,"[-0.17, 0.52]",0.280704648,0.813039725,FALSE
Palmitic Acid,Chitinase 3-like1,30,29,0.2,"[-0.17, 0.52]",0.280704648,0.813039725,FALSE
Glycerol,Chitinase 3-like1,30,29,0.2,"[-0.17, 0.52]",0.280704648,0.813039725,FALSE
Linoleic Acid,sIL-6Ra,30,29,0.2,"[-0.17, 0.52]",0.280704648,0.813039725,FALSE
Glutamic Acid,MMP-2,30,29,0.2,"[-0.17, 0.52]",0.280704648,0.813039725,FALSE
Methionine,MMP-2,30,29,0.2,"[-0.17, 0.52]",0.280704648,0.813039725,FALSE
Proline,MMP-2,30,29,0.2,"[-0.17, 0.52]",0.280704648,0.813039725,FALSE
Serine,MMP-2,30,29,0.2,"[-0.17, 0.52]",0.280704648,0.813039725,FALSE
Tyrosine,MMP-2,30,29,0.2,"[-0.17, 0.52]",0.280704648,0.813039725,FALSE
Tyrosine,MMP-3,30,29,0.2,"[-0.17, 0.52]",0.280704648,0.813039725,FALSE
Glyceraldehyde-3-P(MOX),Osteocalcin,30,29,0.2,"[-0.17, 0.52]",0.280704648,0.813039725,FALSE
beta-D-Xylopyranose,Osteopontin,30,29,0.2,"[-0.17, 0.52]",0.280704648,0.813039725,FALSE
"Ethanolamine, 2TMS",Osteopontin,30,29,0.2,"[-0.17, 0.52]",0.280704648,0.813039725,FALSE
Palmitic Acid,Pentraxin-3,30,29,0.2,"[-0.17, 0.52]",0.280704648,0.813039725,FALSE
Arachidonic acid.1,Pentraxin-3,30,29,0.2,"[-0.17, 0.52]",0.280704648,0.813039725,FALSE
Lactic Acid.1,Pentraxin-3,30,29,0.2,"[-0.17, 0.52]",0.280704648,0.813039725,FALSE
Ascorbic Acid,sTNF-R1,30,29,0.2,"[-0.17, 0.52]",0.280704648,0.813039725,FALSE
Decanoic acid,sTNF-R1,30,29,0.2,"[-0.17, 0.52]",0.280704648,0.813039725,FALSE
Linoleic Acid,sTNF-R1,30,29,0.2,"[-0.17, 0.52]",0.280704648,0.813039725,FALSE
1-Monooleoylglycerol,sTNF-R1,30,29,0.2,"[-0.17, 0.52]",0.280704648,0.813039725,FALSE
Dodecanoic acid,sTNF-R1,30,29,0.2,"[-0.17, 0.52]",0.280704648,0.813039725,FALSE
Palmitelaidic acid,sTNF-R1,30,29,0.2,"[-0.17, 0.52]",0.280704648,0.813039725,FALSE
Palmitic Acid,sTNF-R2,30,29,0.2,"[-0.17, 0.52]",0.280704648,0.813039725,FALSE
Glutamic Acid,TWEAK/TNFSF12,30,29,0.2,"[-0.17, 0.52]",0.280704648,0.813039725,FALSE
Methionine,TWEAK/TNFSF12,30,29,0.2,"[-0.17, 0.52]",0.280704648,0.813039725,FALSE
Proline,TWEAK/TNFSF12,30,29,0.2,"[-0.17, 0.52]",0.280704648,0.813039725,FALSE
Serine,TWEAK/TNFSF12,30,29,0.2,"[-0.17, 0.52]",0.280704648,0.813039725,FALSE
Tyrosine,TWEAK/TNFSF12,30,29,0.2,"[-0.17, 0.52]",0.280704648,0.813039725,FALSE
Lactic Acid,sCD30/TNFRSF8,30,29,0.2,"[-0.17, 0.52]",0.280704648,0.813039725,FALSE
3-OH-Butanoic Acid,sIL-6Ra,30,29,0.2,"[-0.17, 0.52]",0.280704648,0.813039725,FALSE
Oxalic acid,sIL-6Ra,30,29,0.2,"[-0.17, 0.52]",0.280704648,0.813039725,FALSE
"Ethanolamine, 3TMS",Osteocalcin,30,29,0.2,"[-0.17, 0.52]",0.280704648,0.813039725,FALSE
L-Rhamnose,Osteocalcin,30,29,0.2,"[-0.17, 0.52]",0.280704648,0.813039725,FALSE
Oleic Acid,Osteopontin,30,29,0.2,"[-0.17, 0.52]",0.280704648,0.813039725,FALSE
Arachidonic acid,Pentraxin-3,30,29,0.2,"[-0.17, 0.52]",0.280704648,0.813039725,FALSE
Glycerol-3-P,Pentraxin-3,30,29,0.2,"[-0.17, 0.52]",0.280704648,0.813039725,FALSE
Lactic Acid,Pentraxin-3,30,29,0.2,"[-0.17, 0.52]",0.280704648,0.813039725,FALSE
Threonine,Pentraxin-3,30,29,0.2,"[-0.17, 0.52]",0.280704648,0.813039725,FALSE
1-Ethyl-1-tetradecyloxy-1-silacyclohexane,Pentraxin-3,30,29,0.2,"[-0.17, 0.52]",0.280704648,0.813039725,FALSE
beta-Alanine,Pentraxin-3,30,29,0.2,"[-0.17, 0.52]",0.280704648,0.813039725,FALSE
Campesterol,Pentraxin-3,30,29,0.2,"[-0.17, 0.52]",0.280704648,0.813039725,FALSE
D-(-)-Ribofuranose,Pentraxin-3,30,29,0.2,"[-0.17, 0.52]",0.280704648,0.813039725,FALSE
"Ethanolamine, 2TMS",Pentraxin-3,30,29,0.2,"[-0.17, 0.52]",0.280704648,0.813039725,FALSE
"Ethanolamine, 3TMS",Pentraxin-3,30,29,0.2,"[-0.17, 0.52]",0.280704648,0.813039725,FALSE
L-Proline,Pentraxin-3,30,29,0.2,"[-0.17, 0.52]",0.280704648,0.813039725,FALSE
3-OH-Butanoic Acid,sTNF-R1,30,29,0.2,"[-0.17, 0.52]",0.280704648,0.813039725,FALSE
Glycine,IL-29/IFN-lambda1,30,29,0.197951896,"[-0.17, 0.52]",0.285761781,0.82362506,FALSE
Indole-3-Latic Acid,IL-12(p70),30,29,0.197951896,"[-0.17, 0.52]",0.285761781,0.82362506,FALSE
Glycine,IFN-y,30,29,0.193600773,"[-0.17, 0.51]",0.296697793,0.838798936,FALSE
Decanoic acid,IFN-y,30,29,0.190346747,"[-0.18, 0.51]",0.305047301,0.838798936,FALSE
Proline,IFN-y,30,29,0.190346747,"[-0.18, 0.51]",0.305047301,0.838798936,FALSE
Tryptophan,IFN-y,30,29,0.190346747,"[-0.18, 0.51]",0.305047301,0.838798936,FALSE
"Ethanolamine, 2TMS",IFN-y,30,29,0.190346747,"[-0.18, 0.51]",0.305047301,0.838798936,FALSE
L-(+)-Erythrulose,IFN-y,30,29,0.190346747,"[-0.18, 0.51]",0.305047301,0.838798936,FALSE
L-Proline,IFN-y,30,29,0.190346747,"[-0.18, 0.51]",0.305047301,0.838798936,FALSE
N-Acetylglutamine,IFN-y,30,29,0.190346747,"[-0.18, 0.51]",0.305047301,0.838798936,FALSE
Indole-3-Propionic Acid,IFN-a2,30,29,0.18208926,"[-0.18, 0.50]",0.326890699,0.838798936,FALSE
4-Aminobutanoic acid,IFN-a2,30,29,0.18208926,"[-0.18, 0.50]",0.326890699,0.838798936,FALSE
Glycine,MMP-1,30,29,0.178685422,"[-0.19, 0.50]",0.336167794,0.838798936,FALSE
Indole-3-Latic Acid,MMP-1,30,29,0.178685422,"[-0.19, 0.50]",0.336167794,0.838798936,FALSE
2-OH-Butanoic Acid,APRIL/TNFSF13,30,29,0.175682092,"[-0.19, 0.50]",0.344485129,0.838798936,FALSE
Ascorbic Acid,APRIL/TNFSF13,30,29,0.175682092,"[-0.19, 0.50]",0.344485129,0.838798936,FALSE
Glutamine [-H2O],APRIL/TNFSF13,30,29,0.175682092,"[-0.19, 0.50]",0.344485129,0.838798936,FALSE
Palmitic Acid,APRIL/TNFSF13,30,29,0.175682092,"[-0.19, 0.50]",0.344485129,0.838798936,FALSE
Tyrosine,APRIL/TNFSF13,30,29,0.175682092,"[-0.19, 0.50]",0.344485129,0.838798936,FALSE
2-Keto-3-methylvaleric acid,APRIL/TNFSF13,30,29,0.175682092,"[-0.19, 0.50]",0.344485129,0.838798936,FALSE
Butanoic acid,APRIL/TNFSF13,30,29,0.175682092,"[-0.19, 0.50]",0.344485129,0.838798936,FALSE
L-Proline,APRIL/TNFSF13,30,29,0.175682092,"[-0.19, 0.50]",0.344485129,0.838798936,FALSE
N-Acetylglutamine,APRIL/TNFSF13,30,29,0.175682092,"[-0.19, 0.50]",0.344485129,0.838798936,FALSE
Alanine,MMP-1,30,29,0.175682092,"[-0.19, 0.50]",0.344485129,0.838798936,FALSE
2-Aminoheptanedioic acid,MMP-1,30,29,0.175682092,"[-0.19, 0.50]",0.344485129,0.838798936,FALSE
beta-Alanine,MMP-1,30,29,0.175682092,"[-0.19, 0.50]",0.344485129,0.838798936,FALSE
Butanoic acid,MMP-1,30,29,0.175682092,"[-0.19, 0.50]",0.344485129,0.838798936,FALSE
Glycolic acid,MMP-1,30,29,0.175682092,"[-0.19, 0.50]",0.344485129,0.838798936,FALSE
L-Alanine,MMP-1,30,29,0.175682092,"[-0.19, 0.50]",0.344485129,0.838798936,FALSE
L-Proline,MMP-1,30,29,0.175682092,"[-0.19, 0.50]",0.344485129,0.838798936,FALSE
Nonanoic acid,MMP-1,30,29,0.175682092,"[-0.19, 0.50]",0.344485129,0.838798936,FALSE
L-5-Oxoproline,APRIL/TNFSF13,30,29,0.175682092,"[-0.19, 0.50]",0.344485129,0.838798936,FALSE
L-Rhamnose,APRIL/TNFSF13,30,29,0.175682092,"[-0.19, 0.50]",0.344485129,0.838798936,FALSE
L-(+)-Erythrulose,MMP-1,30,29,0.175682092,"[-0.19, 0.50]",0.344485129,0.838798936,FALSE
L-Aspartic acid,MMP-1,30,29,0.175682092,"[-0.19, 0.50]",0.344485129,0.838798936,FALSE
Aminomalonic acid,sCD163,30,29,0.175465602,"[-0.19, 0.50]",0.345089436,0.838798936,FALSE
Aminomalonic acid,IL-19,30,29,0.175465602,"[-0.19, 0.50]",0.345089436,0.838798936,FALSE
4-Aminobutanoic acid,IL-20,30,29,0.175465602,"[-0.19, 0.50]",0.345089436,0.838798936,FALSE
Citric acid,sCD30/TNFRSF8,30,29,0.169515876,"[-0.20, 0.49]",0.361947182,0.838798936,FALSE
Asparagine,Osteopontin,30,29,0.169515876,"[-0.20, 0.49]",0.361947182,0.838798936,FALSE
Palmitic Acid,TSLP,30,29,0.169515876,"[-0.20, 0.49]",0.361947182,0.838798936,FALSE
"1,5-Anhydrohexitol",TSLP,30,29,0.169515876,"[-0.20, 0.49]",0.361947182,0.838798936,FALSE
N-Acetylglutamine,TSLP,30,29,0.169515876,"[-0.20, 0.49]",0.361947182,0.838798936,FALSE
Indole-3-Propionic Acid,BAFF/TNFSF13B,30,29,0.169515876,"[-0.20, 0.49]",0.361947182,0.838798936,FALSE
Indole-3-Latic Acid,Chitinase 3-like1,30,29,0.169515876,"[-0.20, 0.49]",0.361947182,0.838798936,FALSE
Aminomalonic acid,Chitinase 3-like1,30,29,0.169515876,"[-0.20, 0.49]",0.361947182,0.838798936,FALSE
Citric acid,sIL-6Ra,30,29,0.169515876,"[-0.20, 0.49]",0.361947182,0.838798936,FALSE
Indole-3-Propionic Acid,sIL-6Ra,30,29,0.169515876,"[-0.20, 0.49]",0.361947182,0.838798936,FALSE
2-OH-Butanoic Acid,IL-10,30,29,0.169515876,"[-0.20, 0.49]",0.361947182,0.838798936,FALSE
Glutamine [-H2O],IL-10,30,29,0.169515876,"[-0.20, 0.49]",0.361947182,0.838798936,FALSE
"2-Ethyl-3-hydroxypropionic acid, di-",IL-10,30,29,0.169515876,"[-0.20, 0.49]",0.361947182,0.838798936,FALSE
beta-D-Xylopyranose,IL-10,30,29,0.169515876,"[-0.20, 0.49]",0.361947182,0.838798936,FALSE
Glycerol,IL-10,30,29,0.169515876,"[-0.20, 0.49]",0.361947182,0.838798936,FALSE
Citric acid,MMP-2,30,29,0.169515876,"[-0.20, 0.49]",0.361947182,0.838798936,FALSE
Indole-3-Latic Acid,MMP-2,30,29,0.169515876,"[-0.20, 0.49]",0.361947182,0.838798936,FALSE
Indole-3-Propionic Acid,MMP-2,30,29,0.169515876,"[-0.20, 0.49]",0.361947182,0.838798936,FALSE
Indole-3-Propionic Acid,MMP-3,30,29,0.169515876,"[-0.20, 0.49]",0.361947182,0.838798936,FALSE
"2,3,4-Trihydroxybutyric acid",Osteopontin,30,29,0.169515876,"[-0.20, 0.49]",0.361947182,0.838798936,FALSE
"2,3,4-Trihydroxybutyric acid",Pentraxin-3,30,29,0.169515876,"[-0.20, 0.49]",0.361947182,0.838798936,FALSE
"2,3,4-Trihydroxybutyric acid",sTNF-R1,30,29,0.169515876,"[-0.20, 0.49]",0.361947182,0.838798936,FALSE
Indole-3-Latic Acid,sTNF-R2,30,29,0.169515876,"[-0.20, 0.49]",0.361947182,0.838798936,FALSE
Oleic Acid,TSLP,30,29,0.169515876,"[-0.20, 0.49]",0.361947182,0.838798936,FALSE
Campesterol,TSLP,30,29,0.169515876,"[-0.20, 0.49]",0.361947182,0.838798936,FALSE
Diethanolamine,TSLP,30,29,0.169515876,"[-0.20, 0.49]",0.361947182,0.838798936,FALSE
L-5-Oxoproline,TSLP,30,29,0.169515876,"[-0.20, 0.49]",0.361947182,0.838798936,FALSE
Citric acid,TWEAK/TNFSF12,30,29,0.169515876,"[-0.20, 0.49]",0.361947182,0.838798936,FALSE
Indole-3-Latic Acid,TWEAK/TNFSF12,30,29,0.169515876,"[-0.20, 0.49]",0.361947182,0.838798936,FALSE
Indole-3-Propionic Acid,TWEAK/TNFSF12,30,29,0.169515876,"[-0.20, 0.49]",0.361947182,0.838798936,FALSE
L-5-Oxoproline,IL-10,30,29,0.169515876,"[-0.20, 0.49]",0.361947182,0.838798936,FALSE
"2,3,4-Trihydroxybutyric acid",IL-12(p70),30,29,0.158361516,"[-0.21, 0.49]",0.394839333,0.838798936,FALSE
Indole-3-Latic Acid,IL-28A/IFN-lambda2,30,29,0.158361516,"[-0.21, 0.49]",0.394839333,0.838798936,FALSE
4-Aminobutanoic acid,IL-29/IFN-lambda1,30,29,0.158361516,"[-0.21, 0.49]",0.394839333,0.838798936,FALSE
Glyceraldehyde-3-P(MOX),IL-28A/IFN-lambda2,30,29,0.155699789,"[-0.21, 0.48]",0.402933515,0.838798936,FALSE
Serine,IL-28A/IFN-lambda2,30,29,0.155699789,"[-0.21, 0.48]",0.402933515,0.838798936,FALSE
"1,5-Anhydrohexitol",IL-28A/IFN-lambda2,30,29,0.155699789,"[-0.21, 0.48]",0.402933515,0.838798936,FALSE
2-Aminoheptanedioic acid,IL-28A/IFN-lambda2,30,29,0.155699789,"[-0.21, 0.48]",0.402933515,0.838798936,FALSE
Butanoic acid,IL-28A/IFN-lambda2,30,29,0.155699789,"[-0.21, 0.48]",0.402933515,0.838798936,FALSE
N-Acetylglutamine,IL-28A/IFN-lambda2,30,29,0.155699789,"[-0.21, 0.48]",0.402933515,0.838798936,FALSE
Arginine [-NH3],IL-12(p70),30,29,0.155699789,"[-0.21, 0.48]",0.402933515,0.838798936,FALSE
Decanoic acid,IL-12(p70),30,29,0.155699789,"[-0.21, 0.48]",0.402933515,0.838798936,FALSE
Leucine,IL-12(p70),30,29,0.155699789,"[-0.21, 0.48]",0.402933515,0.838798936,FALSE
Palmitic Acid,IL-12(p70),30,29,0.155699789,"[-0.21, 0.48]",0.402933515,0.838798936,FALSE
Proline,IL-12(p70),30,29,0.155699789,"[-0.21, 0.48]",0.402933515,0.838798936,FALSE
Tyrosine,IL-12(p70),30,29,0.155699789,"[-0.21, 0.48]",0.402933515,0.838798936,FALSE
"Ethanolamine, 2TMS",IL-12(p70),30,29,0.155699789,"[-0.21, 0.48]",0.402933515,0.838798936,FALSE
Nonanoic acid,IL-12(p70),30,29,0.155699789,"[-0.21, 0.48]",0.402933515,0.838798936,FALSE
Oleic Acid,IL-28A/IFN-lambda2,30,29,0.155699789,"[-0.21, 0.48]",0.402933515,0.838798936,FALSE
2-Aminoadipic acid,IL-28A/IFN-lambda2,30,29,0.155699789,"[-0.21, 0.48]",0.402933515,0.838798936,FALSE
L-(+)-Erythrulose,IL-28A/IFN-lambda2,30,29,0.155699789,"[-0.21, 0.48]",0.402933515,0.838798936,FALSE
L-Proline,IL-28A/IFN-lambda2,30,29,0.155699789,"[-0.21, 0.48]",0.402933515,0.838798936,FALSE
Alanine,IL-29/IFN-lambda1,30,29,0.155699789,"[-0.21, 0.48]",0.402933515,0.838798936,FALSE
Palmitic Acid,IL-29/IFN-lambda1,30,29,0.155699789,"[-0.21, 0.48]",0.402933515,0.838798936,FALSE
Tyrosine,IL-29/IFN-lambda1,30,29,0.155699789,"[-0.21, 0.48]",0.402933515,0.838798936,FALSE
Erythritol,IL-29/IFN-lambda1,30,29,0.155699789,"[-0.21, 0.48]",0.402933515,0.838798936,FALSE
3-OH-Butanoic Acid,IL-12(p70),30,29,0.155699789,"[-0.21, 0.48]",0.402933515,0.838798936,FALSE
Oleic Acid,IL-12(p70),30,29,0.155699789,"[-0.21, 0.48]",0.402933515,0.838798936,FALSE
L-(+)-Erythrulose,IL-12(p70),30,29,0.155699789,"[-0.21, 0.48]",0.402933515,0.838798936,FALSE
3-OH-Butanoic Acid,IL-29/IFN-lambda1,30,29,0.155699789,"[-0.21, 0.48]",0.402933515,0.838798936,FALSE
Arachidonic acid,IL-29/IFN-lambda1,30,29,0.155699789,"[-0.21, 0.48]",0.402933515,0.838798936,FALSE
L-(+)-Erythrulose,IL-29/IFN-lambda1,30,29,0.155699789,"[-0.21, 0.48]",0.402933515,0.838798936,FALSE
Indole-3-Propionic Acid,IL-11,30,29,0.14383899,"[-0.22, 0.47]",0.440127335,0.838798936,FALSE
"2,3,4-Trihydroxybutyric acid",IL-11,30,29,0.14383899,"[-0.22, 0.47]",0.440127335,0.838798936,FALSE
Indole-3-Latic Acid,IL-11,30,29,0.14383899,"[-0.22, 0.47]",0.440127335,0.838798936,FALSE
Aminomalonic acid,IL-26,30,29,0.14383899,"[-0.22, 0.47]",0.440127335,0.838798936,FALSE
"1,5-Anhydrohexitol",IFN-a2,30,29,0.143222975,"[-0.22, 0.47]",0.442108598,0.838798936,FALSE
beta-D-Xylopyranose,IFN-a2,30,29,0.143222975,"[-0.22, 0.47]",0.442108598,0.838798936,FALSE
Alanine,IL-35,30,29,0.143222975,"[-0.22, 0.47]",0.442108598,0.838798936,FALSE
Cysteine,IL-35,30,29,0.143222975,"[-0.22, 0.47]",0.442108598,0.838798936,FALSE
Glutamine [-H2O],IL-35,30,29,0.143222975,"[-0.22, 0.47]",0.442108598,0.838798936,FALSE
Leucine,IL-35,30,29,0.143222975,"[-0.22, 0.47]",0.442108598,0.838798936,FALSE
Palmitic Acid,IL-35,30,29,0.143222975,"[-0.22, 0.47]",0.442108598,0.838798936,FALSE
Threonine,IL-35,30,29,0.143222975,"[-0.22, 0.47]",0.442108598,0.838798936,FALSE
1-Monopalmitin,IL-35,30,29,0.143222975,"[-0.22, 0.47]",0.442108598,0.838798936,FALSE
Erythritol,IL-35,30,29,0.143222975,"[-0.22, 0.47]",0.442108598,0.838798936,FALSE
Glycerol,IL-35,30,29,0.143222975,"[-0.22, 0.47]",0.442108598,0.838798936,FALSE
Glycolic acid,IL-35,30,29,0.143222975,"[-0.22, 0.47]",0.442108598,0.838798936,FALSE
Lactic Acid.1,IL-35,30,29,0.143222975,"[-0.22, 0.47]",0.442108598,0.838798936,FALSE
Oleic Acid,IFN-a2,30,29,0.143222975,"[-0.22, 0.47]",0.442108598,0.838798936,FALSE
"2,3,4-Trihydroxybutyric acid",APRIL/TNFSF13,30,29,0.142948338,"[-0.22, 0.47]",0.442993455,0.838798936,FALSE
"2,3,4-Trihydroxybutyric acid",MMP-1,30,29,0.142948338,"[-0.22, 0.47]",0.442993455,0.838798936,FALSE
1H-Indole-3-Acetic Acid,APRIL/TNFSF13,30,29,0.142948338,"[-0.22, 0.47]",0.442993455,0.838798936,FALSE
4-Aminobutanoic acid,MMP-1,30,29,0.142948338,"[-0.22, 0.47]",0.442993455,0.838798936,FALSE
Dodecanoic acid,IL-26,30,29,0.141421356,"[-0.22, 0.47]",0.447930711,0.838798936,FALSE
2-OH-Butanoic Acid,IL-11,30,29,0.141421356,"[-0.22, 0.47]",0.447930711,0.838798936,FALSE
Alanine,IL-11,30,29,0.141421356,"[-0.22, 0.47]",0.447930711,0.838798936,FALSE
Decanoic acid,IL-11,30,29,0.141421356,"[-0.22, 0.47]",0.447930711,0.838798936,FALSE
Glutamic Acid,IL-11,30,29,0.141421356,"[-0.22, 0.47]",0.447930711,0.838798936,FALSE
Proline,IL-11,30,29,0.141421356,"[-0.22, 0.47]",0.447930711,0.838798936,FALSE
"2-Ethyl-3-hydroxypropionic acid, di-",IL-11,30,29,0.141421356,"[-0.22, 0.47]",0.447930711,0.838798936,FALSE
2-Keto-3-methylvaleric acid,IL-11,30,29,0.141421356,"[-0.22, 0.47]",0.447930711,0.838798936,FALSE
"2,3-Butanediol",IL-11,30,29,0.141421356,"[-0.22, 0.47]",0.447930711,0.838798936,FALSE
Glycerol,IL-11,30,29,0.141421356,"[-0.22, 0.47]",0.447930711,0.838798936,FALSE
L-(+)-Erythrulose,IL-11,30,29,0.141421356,"[-0.22, 0.47]",0.447930711,0.838798936,FALSE
Arginine [-NH3],IL-26,30,29,0.141421356,"[-0.22, 0.47]",0.447930711,0.838798936,FALSE
Glyceraldehyde-3-P(MOX),IL-26,30,29,0.141421356,"[-0.22, 0.47]",0.447930711,0.838798936,FALSE
"Ethanolamine, 2TMS",IL-26,30,29,0.141421356,"[-0.22, 0.47]",0.447930711,0.838798936,FALSE
L-5-Oxoproline,IL-26,30,29,0.141421356,"[-0.22, 0.47]",0.447930711,0.838798936,FALSE
L-Norvaline,IL-26,30,29,0.141421356,"[-0.22, 0.47]",0.447930711,0.838798936,FALSE
L-5-Oxoproline,IL-11,30,29,0.141421356,"[-0.22, 0.47]",0.447930711,0.838798936,FALSE
L-Proline,IL-11,30,29,0.141421356,"[-0.22, 0.47]",0.447930711,0.838798936,FALSE
L-Rhamnose,IL-26,30,29,0.141421356,"[-0.22, 0.47]",0.447930711,0.838798936,FALSE
Indole-3-Propionic Acid,IL-20,30,29,0.140372481,"[-0.23, 0.47]",0.451339162,0.838798936,FALSE
Ornithine,sCD163,30,29,0.138013112,"[-0.23, 0.47]",0.459056767,0.838798936,FALSE
Stearic Acid,sCD163,30,29,0.138013112,"[-0.23, 0.47]",0.459056767,0.838798936,FALSE
Tyrosine,sCD163,30,29,0.138013112,"[-0.23, 0.47]",0.459056767,0.838798936,FALSE
Dodecanoic acid,sCD163,30,29,0.138013112,"[-0.23, 0.47]",0.459056767,0.838798936,FALSE
L-Norvaline,sCD163,30,29,0.138013112,"[-0.23, 0.47]",0.459056767,0.838798936,FALSE
N-Acetylglutamine,sCD163,30,29,0.138013112,"[-0.23, 0.47]",0.459056767,0.838798936,FALSE
Cysteine,IL-12(p40),30,29,0.138013112,"[-0.23, 0.47]",0.459056767,0.838798936,FALSE
Glyceraldehyde-3-P(MOX),IL-12(p40),30,29,0.138013112,"[-0.23, 0.47]",0.459056767,0.838798936,FALSE
"Ethanolamine, 2TMS",IL-12(p40),30,29,0.138013112,"[-0.23, 0.47]",0.459056767,0.838798936,FALSE
"1,5-Anhydrohexitol",IL-19,30,29,0.138013112,"[-0.23, 0.47]",0.459056767,0.838798936,FALSE
Linoleic Acid,sCD163,30,29,0.138013112,"[-0.23, 0.47]",0.459056767,0.838798936,FALSE
Tyrosine,IL-12(p40),30,29,0.138013112,"[-0.23, 0.47]",0.459056767,0.838798936,FALSE
L-(+)-Erythrulose,IL-12(p40),30,29,0.138013112,"[-0.23, 0.47]",0.459056767,0.838798936,FALSE
Cholesterol,IL-19,30,29,0.138013112,"[-0.23, 0.47]",0.459056767,0.838798936,FALSE
Stearic Acid,IL-19,30,29,0.138013112,"[-0.23, 0.47]",0.459056767,0.838798936,FALSE
"2-Ethyl-3-hydroxypropionic acid, di-",IL-19,30,29,0.138013112,"[-0.23, 0.47]",0.459056767,0.838798936,FALSE
Campesterol,IL-19,30,29,0.138013112,"[-0.23, 0.47]",0.459056767,0.838798936,FALSE
Doconexent,IL-19,30,29,0.138013112,"[-0.23, 0.47]",0.459056767,0.838798936,FALSE
L-Rhamnose,IL-19,30,29,0.138013112,"[-0.23, 0.47]",0.459056767,0.838798936,FALSE
3-OH-Butanoic Acid,IL-20,30,29,0.138013112,"[-0.23, 0.47]",0.459056767,0.838798936,FALSE
Decanoic acid,IL-20,30,29,0.138013112,"[-0.23, 0.47]",0.459056767,0.838798936,FALSE
Threonine,IL-20,30,29,0.138013112,"[-0.23, 0.47]",0.459056767,0.838798936,FALSE
2-Aminoheptanedioic acid,IL-20,30,29,0.138013112,"[-0.23, 0.47]",0.459056767,0.838798936,FALSE
Glyceric acid,IL-20,30,29,0.138013112,"[-0.23, 0.47]",0.459056767,0.838798936,FALSE
L-Proline,IL-20,30,29,0.138013112,"[-0.23, 0.47]",0.459056767,0.838798936,FALSE
Methyl galactoside,IL-20,30,29,0.138013112,"[-0.23, 0.47]",0.459056767,0.838798936,FALSE
"11-Eicosenoic acid, (E)-",TSLP,30,29,0.137931034,"[-0.23, 0.47]",0.4593265,0.838798936,FALSE
Indole-3-Latic Acid,IL-10,30,29,0.137931034,"[-0.23, 0.47]",0.4593265,0.838798936,FALSE
Ornithine,BAFF/TNFSF13B,30,29,0.133333333,"[-0.23, 0.47]",0.474569513,0.838798936,FALSE
Glycerol,sIL-6Ra,30,29,0.133333333,"[-0.23, 0.47]",0.474569513,0.838798936,FALSE
Threonine,BAFF/TNFSF13B,30,29,0.133333333,"[-0.23, 0.47]",0.474569513,0.838798936,FALSE
"Ethanolamine, 2TMS",BAFF/TNFSF13B,30,29,0.133333333,"[-0.23, 0.47]",0.474569513,0.838798936,FALSE
Glycerol,BAFF/TNFSF13B,30,29,0.133333333,"[-0.23, 0.47]",0.474569513,0.838798936,FALSE
L-Proline,BAFF/TNFSF13B,30,29,0.133333333,"[-0.23, 0.47]",0.474569513,0.838798936,FALSE
L-Rhamnose,BAFF/TNFSF13B,30,29,0.133333333,"[-0.23, 0.47]",0.474569513,0.838798936,FALSE
3-OH-Butanoic Acid,sCD30/TNFRSF8,30,29,0.133333333,"[-0.23, 0.47]",0.474569513,0.838798936,FALSE
Linoleic Acid,sCD30/TNFRSF8,30,29,0.133333333,"[-0.23, 0.47]",0.474569513,0.838798936,FALSE
Dodecanoic acid,sCD30/TNFRSF8,30,29,0.133333333,"[-0.23, 0.47]",0.474569513,0.838798936,FALSE
N-Acetylglutamine,sCD30/TNFRSF8,30,29,0.133333333,"[-0.23, 0.47]",0.474569513,0.838798936,FALSE
Oxalic acid,sCD30/TNFRSF8,30,29,0.133333333,"[-0.23, 0.47]",0.474569513,0.838798936,FALSE
2-OH-Butanoic Acid,Chitinase 3-like1,30,29,0.133333333,"[-0.23, 0.47]",0.474569513,0.838798936,FALSE
N-Acetylglutamine,Chitinase 3-like1,30,29,0.133333333,"[-0.23, 0.47]",0.474569513,0.838798936,FALSE
Oxalic acid,Chitinase 3-like1,30,29,0.133333333,"[-0.23, 0.47]",0.474569513,0.838798936,FALSE
Arginine [-NH3],gp130/sIL-6Rb,30,29,0.133333333,"[-0.23, 0.47]",0.474569513,0.838798936,FALSE
Glyceraldehyde-3-P(MOX),gp130/sIL-6Rb,30,29,0.133333333,"[-0.23, 0.47]",0.474569513,0.838798936,FALSE
Oleic Acid,gp130/sIL-6Rb,30,29,0.133333333,"[-0.23, 0.47]",0.474569513,0.838798936,FALSE
Arachidonic acid.1,gp130/sIL-6Rb,30,29,0.133333333,"[-0.23, 0.47]",0.474569513,0.838798936,FALSE
Campesterol,gp130/sIL-6Rb,30,29,0.133333333,"[-0.23, 0.47]",0.474569513,0.838798936,FALSE
Glyceric acid,gp130/sIL-6Rb,30,29,0.133333333,"[-0.23, 0.47]",0.474569513,0.838798936,FALSE
Ornithine,sIL-6Ra,30,29,0.133333333,"[-0.23, 0.47]",0.474569513,0.838798936,FALSE
L-Proline,sIL-6Ra,30,29,0.133333333,"[-0.23, 0.47]",0.474569513,0.838798936,FALSE
Arachidonic acid,MMP-2,30,29,0.133333333,"[-0.23, 0.47]",0.474569513,0.838798936,FALSE
Arginine [-NH3],MMP-2,30,29,0.133333333,"[-0.23, 0.47]",0.474569513,0.838798936,FALSE
Ornithine,MMP-2,30,29,0.133333333,"[-0.23, 0.47]",0.474569513,0.838798936,FALSE
2-Aminoadipic acid,MMP-2,30,29,0.133333333,"[-0.23, 0.47]",0.474569513,0.838798936,FALSE
beta-Alanine,MMP-2,30,29,0.133333333,"[-0.23, 0.47]",0.474569513,0.838798936,FALSE
L-Proline,MMP-2,30,29,0.133333333,"[-0.23, 0.47]",0.474569513,0.838798936,FALSE
L-Rhamnose,MMP-2,30,29,0.133333333,"[-0.23, 0.47]",0.474569513,0.838798936,FALSE
Glyceraldehyde-3-P(MOX),MMP-3,30,29,0.133333333,"[-0.23, 0.47]",0.474569513,0.838798936,FALSE
Threonine,MMP-3,30,29,0.133333333,"[-0.23, 0.47]",0.474569513,0.838798936,FALSE
"Ethanolamine, 3TMS",MMP-3,30,29,0.133333333,"[-0.23, 0.47]",0.474569513,0.838798936,FALSE
Glyceric acid,MMP-3,30,29,0.133333333,"[-0.23, 0.47]",0.474569513,0.838798936,FALSE
2-OH-Butanoic Acid,Osteocalcin,30,29,0.133333333,"[-0.23, 0.47]",0.474569513,0.838798936,FALSE
3-OH-Butanoic Acid,Osteocalcin,30,29,0.133333333,"[-0.23, 0.47]",0.474569513,0.838798936,FALSE
Decanoic acid,Osteocalcin,30,29,0.133333333,"[-0.23, 0.47]",0.474569513,0.838798936,FALSE
Glutamic Acid,Osteocalcin,30,29,0.133333333,"[-0.23, 0.47]",0.474569513,0.838798936,FALSE
Linoleic Acid,Osteocalcin,30,29,0.133333333,"[-0.23, 0.47]",0.474569513,0.838798936,FALSE
Methionine,Osteocalcin,30,29,0.133333333,"[-0.23, 0.47]",0.474569513,0.838798936,FALSE
Proline,Osteocalcin,30,29,0.133333333,"[-0.23, 0.47]",0.474569513,0.838798936,FALSE
Serine,Osteocalcin,30,29,0.133333333,"[-0.23, 0.47]",0.474569513,0.838798936,FALSE
Stearic Acid,Osteocalcin,30,29,0.133333333,"[-0.23, 0.47]",0.474569513,0.838798936,FALSE
Tyrosine,Osteocalcin,30,29,0.133333333,"[-0.23, 0.47]",0.474569513,0.838798936,FALSE
Methyl galactoside,Osteocalcin,30,29,0.133333333,"[-0.23, 0.47]",0.474569513,0.838798936,FALSE
N-Acetylglutamine,Osteocalcin,30,29,0.133333333,"[-0.23, 0.47]",0.474569513,0.838798936,FALSE
Oxalic acid,Osteocalcin,30,29,0.133333333,"[-0.23, 0.47]",0.474569513,0.838798936,FALSE
Tyrosine,Osteopontin,30,29,0.133333333,"[-0.23, 0.47]",0.474569513,0.838798936,FALSE
2-Keto-3-methylvaleric acid,Osteopontin,30,29,0.133333333,"[-0.23, 0.47]",0.474569513,0.838798936,FALSE
L-5-Oxoproline,Osteopontin,30,29,0.133333333,"[-0.23, 0.47]",0.474569513,0.838798936,FALSE
L-Aspartic acid,Osteopontin,30,29,0.133333333,"[-0.23, 0.47]",0.474569513,0.838798936,FALSE
L-Norvaline,Osteopontin,30,29,0.133333333,"[-0.23, 0.47]",0.474569513,0.838798936,FALSE
N-Acetylglutamine,Osteopontin,30,29,0.133333333,"[-0.23, 0.47]",0.474569513,0.838798936,FALSE
Glutamine [-H2O],Pentraxin-3,30,29,0.133333333,"[-0.23, 0.47]",0.474569513,0.838798936,FALSE
Lysine,Pentraxin-3,30,29,0.133333333,"[-0.23, 0.47]",0.474569513,0.838798936,FALSE
Tryptophan,Pentraxin-3,30,29,0.133333333,"[-0.23, 0.47]",0.474569513,0.838798936,FALSE
1-Monooleoylglycerol,Pentraxin-3,30,29,0.133333333,"[-0.23, 0.47]",0.474569513,0.838798936,FALSE
N-Acetylglutamine,Pentraxin-3,30,29,0.133333333,"[-0.23, 0.47]",0.474569513,0.838798936,FALSE
Glyceraldehyde-3-P(MOX),sTNF-R1,30,29,0.133333333,"[-0.23, 0.47]",0.474569513,0.838798936,FALSE
Butanoic acid,sTNF-R1,30,29,0.133333333,"[-0.23, 0.47]",0.474569513,0.838798936,FALSE
"Ethanolamine, 2TMS",sTNF-R1,30,29,0.133333333,"[-0.23, 0.47]",0.474569513,0.838798936,FALSE
"Ethanolamine, 3TMS",sTNF-R1,30,29,0.133333333,"[-0.23, 0.47]",0.474569513,0.838798936,FALSE
Glyceric acid,sTNF-R1,30,29,0.133333333,"[-0.23, 0.47]",0.474569513,0.838798936,FALSE
Glycerol,sTNF-R1,30,29,0.133333333,"[-0.23, 0.47]",0.474569513,0.838798936,FALSE
L-Alanine,sTNF-R1,30,29,0.133333333,"[-0.23, 0.47]",0.474569513,0.838798936,FALSE
2-OH-Butanoic Acid,sTNF-R2,30,29,0.133333333,"[-0.23, 0.47]",0.474569513,0.838798936,FALSE
Glutamine [-H2O],sTNF-R2,30,29,0.133333333,"[-0.23, 0.47]",0.474569513,0.838798936,FALSE
Linoleic Acid,sTNF-R2,30,29,0.133333333,"[-0.23, 0.47]",0.474569513,0.838798936,FALSE
Tyrosine,sTNF-R2,30,29,0.133333333,"[-0.23, 0.47]",0.474569513,0.838798936,FALSE
L-5-Oxoproline,sTNF-R2,30,29,0.133333333,"[-0.23, 0.47]",0.474569513,0.838798936,FALSE
Oxalic acid,sTNF-R2,30,29,0.133333333,"[-0.23, 0.47]",0.474569513,0.838798936,FALSE
Arachidonic acid,TWEAK/TNFSF12,30,29,0.133333333,"[-0.23, 0.47]",0.474569513,0.838798936,FALSE
Arginine [-NH3],TWEAK/TNFSF12,30,29,0.133333333,"[-0.23, 0.47]",0.474569513,0.838798936,FALSE
Ornithine,TWEAK/TNFSF12,30,29,0.133333333,"[-0.23, 0.47]",0.474569513,0.838798936,FALSE
2-Aminoadipic acid,TWEAK/TNFSF12,30,29,0.133333333,"[-0.23, 0.47]",0.474569513,0.838798936,FALSE
beta-Alanine,TWEAK/TNFSF12,30,29,0.133333333,"[-0.23, 0.47]",0.474569513,0.838798936,FALSE
L-Proline,TWEAK/TNFSF12,30,29,0.133333333,"[-0.23, 0.47]",0.474569513,0.838798936,FALSE
L-Rhamnose,TWEAK/TNFSF12,30,29,0.133333333,"[-0.23, 0.47]",0.474569513,0.838798936,FALSE
3-OH-Butanoic Acid,Pentraxin-3,30,29,0.133333333,"[-0.23, 0.47]",0.474569513,0.838798936,FALSE
Ascorbic Acid,Pentraxin-3,30,29,0.133333333,"[-0.23, 0.47]",0.474569513,0.838798936,FALSE
Glutamic Acid,Pentraxin-3,30,29,0.133333333,"[-0.23, 0.47]",0.474569513,0.838798936,FALSE
L-5-Oxoproline,Pentraxin-3,30,29,0.133333333,"[-0.23, 0.47]",0.474569513,0.838798936,FALSE
Citric acid,IL-12(p70),30,29,0.118771137,"[-0.25, 0.45]",0.524533162,0.885594192,FALSE
Citric acid,IL-29/IFN-lambda1,30,29,0.118771137,"[-0.25, 0.45]",0.524533162,0.885594192,FALSE
Cysteine,IFN-y,30,29,0.114208048,"[-0.25, 0.45]",0.540696974,0.885594192,FALSE
1-Monopalmitin,IFN-y,30,29,0.114208048,"[-0.25, 0.45]",0.540696974,0.885594192,FALSE
2-OH-Butanoic Acid,IFN-y,30,29,0.114208048,"[-0.25, 0.45]",0.540696974,0.885594192,FALSE
Cholesterol,IFN-y,30,29,0.114208048,"[-0.25, 0.45]",0.540696974,0.885594192,FALSE
Glyceraldehyde-3-P(MOX),IFN-y,30,29,0.114208048,"[-0.25, 0.45]",0.540696974,0.885594192,FALSE
Oleic Acid,IFN-y,30,29,0.114208048,"[-0.25, 0.45]",0.540696974,0.885594192,FALSE
Tyrosine,IFN-y,30,29,0.114208048,"[-0.25, 0.45]",0.540696974,0.885594192,FALSE
Valine,IFN-y,30,29,0.114208048,"[-0.25, 0.45]",0.540696974,0.885594192,FALSE
Glycerol,IFN-y,30,29,0.114208048,"[-0.25, 0.45]",0.540696974,0.885594192,FALSE
L-Alanine,IFN-y,30,29,0.114208048,"[-0.25, 0.45]",0.540696974,0.885594192,FALSE
L-Norvaline,IFN-y,30,29,0.114208048,"[-0.25, 0.45]",0.540696974,0.885594192,FALSE
Methyl galactoside,IFN-y,30,29,0.114208048,"[-0.25, 0.45]",0.540696974,0.885594192,FALSE
Nonanoic acid,IFN-y,30,29,0.114208048,"[-0.25, 0.45]",0.540696974,0.885594192,FALSE
Oxalic acid,IFN-y,30,29,0.114208048,"[-0.25, 0.45]",0.540696974,0.885594192,FALSE
Asparagine,IL-35,30,29,0.109253556,"[-0.25, 0.45]",0.558509846,0.885594192,FALSE
Indole-3-Propionic Acid,IL-35,30,29,0.109253556,"[-0.25, 0.45]",0.558509846,0.885594192,FALSE
Glycine,IL-35,30,29,0.109253556,"[-0.25, 0.45]",0.558509846,0.885594192,FALSE
Indole-3-Latic Acid,IL-35,30,29,0.109253556,"[-0.25, 0.45]",0.558509846,0.885594192,FALSE
"11-Eicosenoic acid, (E)-",IL-35,30,29,0.109253556,"[-0.25, 0.45]",0.558509846,0.885594192,FALSE
Arachidonic acid,APRIL/TNFSF13,30,29,0.105409255,"[-0.26, 0.44]",0.572514564,0.885594192,FALSE
Cholesterol,APRIL/TNFSF13,30,29,0.105409255,"[-0.26, 0.44]",0.572514564,0.885594192,FALSE
Cysteine,APRIL/TNFSF13,30,29,0.105409255,"[-0.26, 0.44]",0.572514564,0.885594192,FALSE
Glutamic Acid,APRIL/TNFSF13,30,29,0.105409255,"[-0.26, 0.44]",0.572514564,0.885594192,FALSE
Glyceraldehyde-3-P(MOX),APRIL/TNFSF13,30,29,0.105409255,"[-0.26, 0.44]",0.572514564,0.885594192,FALSE
Leucine,APRIL/TNFSF13,30,29,0.105409255,"[-0.26, 0.44]",0.572514564,0.885594192,FALSE
Tryptophan,APRIL/TNFSF13,30,29,0.105409255,"[-0.26, 0.44]",0.572514564,0.885594192,FALSE
2-Aminoadipic acid,APRIL/TNFSF13,30,29,0.105409255,"[-0.26, 0.44]",0.572514564,0.885594192,FALSE
beta-Alanine,APRIL/TNFSF13,30,29,0.105409255,"[-0.26, 0.44]",0.572514564,0.885594192,FALSE
beta-D-Xylopyranose,APRIL/TNFSF13,30,29,0.105409255,"[-0.26, 0.44]",0.572514564,0.885594192,FALSE
Glyceric acid,APRIL/TNFSF13,30,29,0.105409255,"[-0.26, 0.44]",0.572514564,0.885594192,FALSE
Oxalic acid,APRIL/TNFSF13,30,29,0.105409255,"[-0.26, 0.44]",0.572514564,0.885594192,FALSE
Ascorbic Acid,MMP-1,30,29,0.105409255,"[-0.26, 0.44]",0.572514564,0.885594192,FALSE
Cholesterol,MMP-1,30,29,0.105409255,"[-0.26, 0.44]",0.572514564,0.885594192,FALSE
Cysteine,MMP-1,30,29,0.105409255,"[-0.26, 0.44]",0.572514564,0.885594192,FALSE
Leucine,MMP-1,30,29,0.105409255,"[-0.26, 0.44]",0.572514564,0.885594192,FALSE
Lysine,MMP-1,30,29,0.105409255,"[-0.26, 0.44]",0.572514564,0.885594192,FALSE
Palmitic Acid,MMP-1,30,29,0.105409255,"[-0.26, 0.44]",0.572514564,0.885594192,FALSE
Threonine,MMP-1,30,29,0.105409255,"[-0.26, 0.44]",0.572514564,0.885594192,FALSE
Glyceric acid,MMP-1,30,29,0.105409255,"[-0.26, 0.44]",0.572514564,0.885594192,FALSE
Methyl galactoside,MMP-1,30,29,0.105409255,"[-0.26, 0.44]",0.572514564,0.885594192,FALSE
Citric acid,sCD163,30,29,0.105279361,"[-0.26, 0.44]",0.572990511,0.885594192,FALSE
Glycine,sCD163,30,29,0.105279361,"[-0.26, 0.44]",0.572990511,0.885594192,FALSE
Indole-3-Latic Acid,IL-12(p40),30,29,0.105279361,"[-0.26, 0.44]",0.572990511,0.885594192,FALSE
Indole-3-Propionic Acid,IL-12(p40),30,29,0.105279361,"[-0.26, 0.44]",0.572990511,0.885594192,FALSE
"11-Eicosenoic acid, (E)-",IL-12(p40),30,29,0.105279361,"[-0.26, 0.44]",0.572990511,0.885594192,FALSE
Indole-3-Propionic Acid,IL-19,30,29,0.105279361,"[-0.26, 0.44]",0.572990511,0.885594192,FALSE
"11-Eicosenoic acid, (E)-",IL-19,30,29,0.105279361,"[-0.26, 0.44]",0.572990511,0.885594192,FALSE
4-Aminobutanoic acid,IL-19,30,29,0.105279361,"[-0.26, 0.44]",0.572990511,0.885594192,FALSE
Citric acid,MMP-3,30,29,0.101709526,"[-0.26, 0.44]",0.586139787,0.885594192,FALSE
Glyceraldehyde-3-P(MOX),TSLP,30,29,0.101709526,"[-0.26, 0.44]",0.586139787,0.885594192,FALSE
Threonine,TSLP,30,29,0.101709526,"[-0.26, 0.44]",0.586139787,0.885594192,FALSE
Glycolic acid,TSLP,30,29,0.101709526,"[-0.26, 0.44]",0.586139787,0.885594192,FALSE
1H-Indole-3-Acetic Acid,BAFF/TNFSF13B,30,29,0.101709526,"[-0.26, 0.44]",0.586139787,0.885594192,FALSE
DL-Ornithine,BAFF/TNFSF13B,30,29,0.101709526,"[-0.26, 0.44]",0.586139787,0.885594192,FALSE
Indole-3-Propionic Acid,sCD30/TNFRSF8,30,29,0.101709526,"[-0.26, 0.44]",0.586139787,0.885594192,FALSE
Indole-3-Propionic Acid,Chitinase 3-like1,30,29,0.101709526,"[-0.26, 0.44]",0.586139787,0.885594192,FALSE
Indole-3-Propionic Acid,gp130/sIL-6Rb,30,29,0.101709526,"[-0.26, 0.44]",0.586139787,0.885594192,FALSE
DL-Ornithine,sIL-6Ra,30,29,0.101709526,"[-0.26, 0.44]",0.586139787,0.885594192,FALSE
Palmitic Acid,IL-10,30,29,0.101709526,"[-0.26, 0.44]",0.586139787,0.885594192,FALSE
beta-Alanine,IL-10,30,29,0.101709526,"[-0.26, 0.44]",0.586139787,0.885594192,FALSE
Butanoic acid,IL-10,30,29,0.101709526,"[-0.26, 0.44]",0.586139787,0.885594192,FALSE
Erythritol,IL-10,30,29,0.101709526,"[-0.26, 0.44]",0.586139787,0.885594192,FALSE
"Ethanolamine, 2TMS",IL-10,30,29,0.101709526,"[-0.26, 0.44]",0.586139787,0.885594192,FALSE
Citric acid,Osteocalcin,30,29,0.101709526,"[-0.26, 0.44]",0.586139787,0.885594192,FALSE
Glycine,Osteopontin,30,29,0.101709526,"[-0.26, 0.44]",0.586139787,0.885594192,FALSE
DL-Ornithine,Pentraxin-3,30,29,0.101709526,"[-0.26, 0.44]",0.586139787,0.885594192,FALSE
Citric acid,sTNF-R1,30,29,0.101709526,"[-0.26, 0.44]",0.586139787,0.885594192,FALSE
Ascorbic Acid,TSLP,30,29,0.101709526,"[-0.26, 0.44]",0.586139787,0.885594192,FALSE
1-Monooleoylglycerol,TSLP,30,29,0.101709526,"[-0.26, 0.44]",0.586139787,0.885594192,FALSE
beta-Alanine,TSLP,30,29,0.101709526,"[-0.26, 0.44]",0.586139787,0.885594192,FALSE
beta-D-Xylopyranose,TSLP,30,29,0.101709526,"[-0.26, 0.44]",0.586139787,0.885594192,FALSE
L-(+)-Erythrulose,TSLP,30,29,0.101709526,"[-0.26, 0.44]",0.586139787,0.885594192,FALSE
L-Proline,IL-10,30,29,0.101709526,"[-0.26, 0.44]",0.586139787,0.885594192,FALSE
L-Rhamnose,IL-10,30,29,0.101709526,"[-0.26, 0.44]",0.586139787,0.885594192,FALSE
"11-Eicosenoic acid, (E)-",IL-26,30,29,0.09589266,"[-0.27, 0.44]",0.607844736,0.885594192,FALSE
Citric acid,IL-28A/IFN-lambda2,30,29,0.079180758,"[-0.28, 0.42]",0.671996961,0.885594192,FALSE
Indole-3-Propionic Acid,IL-28A/IFN-lambda2,30,29,0.079180758,"[-0.28, 0.42]",0.671996961,0.885594192,FALSE
"11-Eicosenoic acid, (E)-",IL-12(p70),30,29,0.079180758,"[-0.28, 0.42]",0.671996961,0.885594192,FALSE
Alanine,IL-28A/IFN-lambda2,30,29,0.077849894,"[-0.28, 0.42]",0.677212193,0.885594192,FALSE
Glycolic acid,IL-28A/IFN-lambda2,30,29,0.077849894,"[-0.28, 0.42]",0.677212193,0.885594192,FALSE
Proline,IL-28A/IFN-lambda2,30,29,0.077849894,"[-0.28, 0.42]",0.677212193,0.885594192,FALSE
Threonine,IL-28A/IFN-lambda2,30,29,0.077849894,"[-0.28, 0.42]",0.677212193,0.885594192,FALSE
Glutamic Acid,IL-28A/IFN-lambda2,30,29,0.077849894,"[-0.28, 0.42]",0.677212193,0.885594192,FALSE
Tryptophan,IL-28A/IFN-lambda2,30,29,0.077849894,"[-0.28, 0.42]",0.677212193,0.885594192,FALSE
Decanoic acid,IL-29/IFN-lambda1,30,29,0.077849894,"[-0.28, 0.42]",0.677212193,0.885594192,FALSE
Glycolic acid,IL-29/IFN-lambda1,30,29,0.077849894,"[-0.28, 0.42]",0.677212193,0.885594192,FALSE
Oxalic acid,IL-28A/IFN-lambda2,30,29,0.077849894,"[-0.28, 0.42]",0.677212193,0.885594192,FALSE
Valine,IL-29/IFN-lambda1,30,29,0.077849894,"[-0.28, 0.42]",0.677212193,0.885594192,FALSE
Cysteine,IL-12(p70),30,29,0.077849894,"[-0.28, 0.42]",0.677212193,0.885594192,FALSE
Lactic Acid.1,IL-12(p70),30,29,0.077849894,"[-0.28, 0.42]",0.677212193,0.885594192,FALSE
Tyrosine,IL-28A/IFN-lambda2,30,29,0.077849894,"[-0.28, 0.42]",0.677212193,0.885594192,FALSE
beta-Alanine,IL-28A/IFN-lambda2,30,29,0.077849894,"[-0.28, 0.42]",0.677212193,0.885594192,FALSE
Proline,IL-29/IFN-lambda1,30,29,0.077849894,"[-0.28, 0.42]",0.677212193,0.885594192,FALSE
Lactic Acid.1,IL-29/IFN-lambda1,30,29,0.077849894,"[-0.28, 0.42]",0.677212193,0.885594192,FALSE
Nonanoic acid,IL-29/IFN-lambda1,30,29,0.077849894,"[-0.28, 0.42]",0.677212193,0.885594192,FALSE
L-Alanine,IL-12(p70),30,29,0.077849894,"[-0.28, 0.42]",0.677212193,0.885594192,FALSE
Ornithine,IL-29/IFN-lambda1,30,29,0.077849894,"[-0.28, 0.42]",0.677212193,0.885594192,FALSE
L-Alanine,IL-29/IFN-lambda1,30,29,0.077849894,"[-0.28, 0.42]",0.677212193,0.885594192,FALSE
Alanine,IL-12(p70),30,29,0.077849894,"[-0.28, 0.42]",0.677212193,0.885594192,FALSE
Arginine [-NH3],IL-29/IFN-lambda1,30,29,0.077849894,"[-0.28, 0.42]",0.677212193,0.885594192,FALSE
Ascorbic Acid,IL-12(p70),30,29,0.077849894,"[-0.28, 0.42]",0.677212193,0.885594192,FALSE
Cholesterol,IL-29/IFN-lambda1,30,29,0.077849894,"[-0.28, 0.42]",0.677212193,0.885594192,FALSE
Arachidonic acid,IL-12(p70),30,29,0.077849894,"[-0.28, 0.42]",0.677212193,0.885594192,FALSE
L-Aspartic acid,IL-12(p70),30,29,0.077849894,"[-0.28, 0.42]",0.677212193,0.885594192,FALSE
L-Aspartic acid,IL-29/IFN-lambda1,30,29,0.077849894,"[-0.28, 0.42]",0.677212193,0.885594192,FALSE
Indole-3-Propionic Acid,IFN-y,30,29,0.077440309,"[-0.28, 0.42]",0.678820195,0.885594192,FALSE
"2,3,4-Trihydroxybutyric acid",IL-35,30,29,0.072835704,"[-0.29, 0.42]",0.696991447,0.885594192,FALSE
4-Aminobutanoic acid,IL-35,30,29,0.072835704,"[-0.29, 0.42]",0.696991447,0.885594192,FALSE
"1,3-Dioxolane-2-methanol",IL-35,30,29,0.071611487,"[-0.29, 0.42]",0.701850937,0.885594192,FALSE
Valine,IL-35,30,29,0.071611487,"[-0.29, 0.42]",0.701850937,0.885594192,FALSE
Nonanoic acid,IL-35,30,29,0.071611487,"[-0.29, 0.42]",0.701850937,0.885594192,FALSE
Lysine,IL-35,30,29,0.071611487,"[-0.29, 0.42]",0.701850937,0.885594192,FALSE
"2,3-Butanediol",IFN-a2,30,29,0.071611487,"[-0.29, 0.42]",0.701850937,0.885594192,FALSE
Glyceraldehyde-3-P(MOX),IL-35,30,29,0.071611487,"[-0.29, 0.42]",0.701850937,0.885594192,FALSE
Tryptophan,IL-35,30,29,0.071611487,"[-0.29, 0.42]",0.701850937,0.885594192,FALSE
1-Ethyl-1-tetradecyloxy-1-silacyclohexane,IL-35,30,29,0.071611487,"[-0.29, 0.42]",0.701850937,0.885594192,FALSE
Threonine,IFN-a2,30,29,0.071611487,"[-0.29, 0.42]",0.701850937,0.885594192,FALSE
Glycerol-3-P,IL-35,30,29,0.071611487,"[-0.29, 0.42]",0.701850937,0.885594192,FALSE
Ethyl alpha-D-glucopyranoside,IL-35,30,29,0.071611487,"[-0.29, 0.42]",0.701850937,0.885594192,FALSE
Methyl galactoside,IFN-a2,30,29,0.071611487,"[-0.29, 0.42]",0.701850937,0.885594192,FALSE
"Ethanolamine, 2TMS",IL-35,30,29,0.071611487,"[-0.29, 0.42]",0.701850937,0.885594192,FALSE
L-5-Oxoproline,IFN-a2,30,29,0.071611487,"[-0.29, 0.42]",0.701850937,0.885594192,FALSE
Tyrosine,IL-35,30,29,0.071611487,"[-0.29, 0.42]",0.701850937,0.885594192,FALSE
1-Monooleoylglycerol,IL-35,30,29,0.071611487,"[-0.29, 0.42]",0.701850937,0.885594192,FALSE
L-Aspartic acid,IFN-a2,30,29,0.071611487,"[-0.29, 0.42]",0.701850937,0.885594192,FALSE
3-OH-Butanoic Acid,IL-35,30,29,0.071611487,"[-0.29, 0.42]",0.701850937,0.885594192,FALSE
Campesterol,IL-35,30,29,0.071611487,"[-0.29, 0.42]",0.701850937,0.885594192,FALSE
Arachidonic acid,IL-35,30,29,0.071611487,"[-0.29, 0.42]",0.701850937,0.885594192,FALSE
Cholesterol,IL-35,30,29,0.071611487,"[-0.29, 0.42]",0.701850937,0.885594192,FALSE
Glyceric acid,IL-35,30,29,0.071611487,"[-0.29, 0.42]",0.701850937,0.885594192,FALSE
Indole-3-Propionic Acid,MMP-1,30,29,0.071474169,"[-0.29, 0.42]",0.702396744,0.885594192,FALSE
Glycine,APRIL/TNFSF13,30,29,0.071474169,"[-0.29, 0.42]",0.702396744,0.885594192,FALSE
4-Aminobutanoic acid,APRIL/TNFSF13,30,29,0.071474169,"[-0.29, 0.42]",0.702396744,0.885594192,FALSE
4-Aminobutanoic acid,IL-12(p40),30,29,0.070186241,"[-0.29, 0.41]",0.707522982,0.885594192,FALSE
1-Monopalmitin,IL-12(p40),30,29,0.069006556,"[-0.29, 0.41]",0.712229438,0.885594192,FALSE
Palmitelaidic acid,sCD163,30,29,0.069006556,"[-0.29, 0.41]",0.712229438,0.885594192,FALSE
Ornithine,IL-12(p40),30,29,0.069006556,"[-0.29, 0.41]",0.712229438,0.885594192,FALSE
Serine,IL-12(p40),30,29,0.069006556,"[-0.29, 0.41]",0.712229438,0.885594192,FALSE
Arginine [-NH3],IL-12(p40),30,29,0.069006556,"[-0.29, 0.41]",0.712229438,0.885594192,FALSE
Butanoic acid,IL-12(p40),30,29,0.069006556,"[-0.29, 0.41]",0.712229438,0.885594192,FALSE
Glycerol,IL-12(p40),30,29,0.069006556,"[-0.29, 0.41]",0.712229438,0.885594192,FALSE
L-Norvaline,IL-12(p40),30,29,0.069006556,"[-0.29, 0.41]",0.712229438,0.885594192,FALSE
Arachidonic acid.1,sCD163,30,29,0.069006556,"[-0.29, 0.41]",0.712229438,0.885594192,FALSE
Leucine,IL-12(p40),30,29,0.069006556,"[-0.29, 0.41]",0.712229438,0.885594192,FALSE
"Ethanolamine, 2TMS",sCD163,30,29,0.069006556,"[-0.29, 0.41]",0.712229438,0.885594192,FALSE
Linoleic Acid,IL-12(p40),30,29,0.069006556,"[-0.29, 0.41]",0.712229438,0.885594192,FALSE
2-Keto-3-methylvaleric acid,IL-12(p40),30,29,0.069006556,"[-0.29, 0.41]",0.712229438,0.885594192,FALSE
Glycolic acid,IL-19,30,29,0.069006556,"[-0.29, 0.41]",0.712229438,0.885594192,FALSE
Glycolic acid,IL-20,30,29,0.069006556,"[-0.29, 0.41]",0.712229438,0.885594192,FALSE
Oxalic acid,sCD163,30,29,0.069006556,"[-0.29, 0.41]",0.712229438,0.885594192,FALSE
Dodecanoic acid,IL-19,30,29,0.069006556,"[-0.29, 0.41]",0.712229438,0.885594192,FALSE
L-Proline,sCD163,30,29,0.069006556,"[-0.29, 0.41]",0.712229438,0.885594192,FALSE
Valine,IL-20,30,29,0.069006556,"[-0.29, 0.41]",0.712229438,0.885594192,FALSE
3-OH-Butanoic Acid,sCD163,30,29,0.069006556,"[-0.29, 0.41]",0.712229438,0.885594192,FALSE
Glyceric acid,IL-12(p40),30,29,0.069006556,"[-0.29, 0.41]",0.712229438,0.885594192,FALSE
Proline,IL-20,30,29,0.069006556,"[-0.29, 0.41]",0.712229438,0.885594192,FALSE
Campesterol,sCD163,30,29,0.069006556,"[-0.29, 0.41]",0.712229438,0.885594192,FALSE
L-Rhamnose,sCD163,30,29,0.069006556,"[-0.29, 0.41]",0.712229438,0.885594192,FALSE
Alanine,IL-20,30,29,0.069006556,"[-0.29, 0.41]",0.712229438,0.885594192,FALSE
L-Alanine,IL-20,30,29,0.069006556,"[-0.29, 0.41]",0.712229438,0.885594192,FALSE
Methionine,IL-19,30,29,0.069006556,"[-0.29, 0.41]",0.712229438,0.885594192,FALSE
N-Acetylglutamine,IL-19,30,29,0.069006556,"[-0.29, 0.41]",0.712229438,0.885594192,FALSE
Glutamine [-H2O],IL-20,30,29,0.069006556,"[-0.29, 0.41]",0.712229438,0.885594192,FALSE
Oxalic acid,IL-19,30,29,0.069006556,"[-0.29, 0.41]",0.712229438,0.885594192,FALSE
Ethyl alpha-D-glucopyranoside,IL-20,30,29,0.069006556,"[-0.29, 0.41]",0.712229438,0.885594192,FALSE
Oxalic acid,IL-20,30,29,0.069006556,"[-0.29, 0.41]",0.712229438,0.885594192,FALSE
"9-Hexadecenoic acid, (Z)-",IL-19,30,29,0.069006556,"[-0.29, 0.41]",0.712229438,0.885594192,FALSE
Arachidonic acid,IL-20,30,29,0.069006556,"[-0.29, 0.41]",0.712229438,0.885594192,FALSE
L-(+)-Erythrulose,IL-19,30,29,0.069006556,"[-0.29, 0.41]",0.712229438,0.885594192,FALSE
"2,3,4-Trihydroxybutyric acid",TSLP,30,29,0.068965517,"[-0.29, 0.41]",0.712393353,0.885594192,FALSE
1H-Indole-3-Acetic Acid,TSLP,30,29,0.068965517,"[-0.29, 0.41]",0.712393353,0.885594192,FALSE
Aminomalonic acid,IL-10,30,29,0.068965517,"[-0.29, 0.41]",0.712393353,0.885594192,FALSE
L-Alanine,sCD30/TNFRSF8,30,29,0.066666667,"[-0.29, 0.41]",0.721595268,0.885594192,FALSE
Ornithine,Osteocalcin,30,29,0.066666667,"[-0.29, 0.41]",0.721595268,0.885594192,FALSE
Glyceraldehyde-3-P(MOX),Osteopontin,30,29,0.066666667,"[-0.29, 0.41]",0.721595268,0.885594192,FALSE
Glyceraldehyde-3-P(MOX),Chitinase 3-like1,30,29,0.066666667,"[-0.29, 0.41]",0.721595268,0.885594192,FALSE
beta-D-Xylopyranose,Chitinase 3-like1,30,29,0.066666667,"[-0.29, 0.41]",0.721595268,0.885594192,FALSE
Dodecanoic acid,gp130/sIL-6Rb,30,29,0.066666667,"[-0.29, 0.41]",0.721595268,0.885594192,FALSE
Dodecanoic acid,sIL-6Ra,30,29,0.066666667,"[-0.29, 0.41]",0.721595268,0.885594192,FALSE
Decanoic acid,MMP-2,30,29,0.066666667,"[-0.29, 0.41]",0.721595268,0.885594192,FALSE
Decanoic acid,MMP-3,30,29,0.066666667,"[-0.29, 0.41]",0.721595268,0.885594192,FALSE
Palmitic Acid,Osteopontin,30,29,0.066666667,"[-0.29, 0.41]",0.721595268,0.885594192,FALSE
Glyceraldehyde-3-P(MOX),sTNF-R2,30,29,0.066666667,"[-0.29, 0.41]",0.721595268,0.885594192,FALSE
L-Alanine,sTNF-R2,30,29,0.066666667,"[-0.29, 0.41]",0.721595268,0.885594192,FALSE
Decanoic acid,TWEAK/TNFSF12,30,29,0.066666667,"[-0.29, 0.41]",0.721595268,0.885594192,FALSE
2-OH-Butanoic Acid,BAFF/TNFSF13B,30,29,0.066666667,"[-0.29, 0.41]",0.721595268,0.885594192,FALSE
Methionine,BAFF/TNFSF13B,30,29,0.066666667,"[-0.29, 0.41]",0.721595268,0.885594192,FALSE
Proline,BAFF/TNFSF13B,30,29,0.066666667,"[-0.29, 0.41]",0.721595268,0.885594192,FALSE
L-Norvaline,BAFF/TNFSF13B,30,29,0.066666667,"[-0.29, 0.41]",0.721595268,0.885594192,FALSE
beta-D-Xylopyranose,sCD30/TNFRSF8,30,29,0.066666667,"[-0.29, 0.41]",0.721595268,0.885594192,FALSE
Threonine,Chitinase 3-like1,30,29,0.066666667,"[-0.29, 0.41]",0.721595268,0.885594192,FALSE
"2,3-Butanediol",gp130/sIL-6Rb,30,29,0.066666667,"[-0.29, 0.41]",0.721595268,0.885594192,FALSE
Glutamine [-H2O],sIL-6Ra,30,29,0.066666667,"[-0.29, 0.41]",0.721595268,0.885594192,FALSE
Proline,sIL-6Ra,30,29,0.066666667,"[-0.29, 0.41]",0.721595268,0.885594192,FALSE
2-OH-Butanoic Acid,MMP-2,30,29,0.066666667,"[-0.29, 0.41]",0.721595268,0.885594192,FALSE
Glutamine [-H2O],MMP-3,30,29,0.066666667,"[-0.29, 0.41]",0.721595268,0.885594192,FALSE
Proline,MMP-3,30,29,0.066666667,"[-0.29, 0.41]",0.721595268,0.885594192,FALSE
Arginine [-NH3],Osteocalcin,30,29,0.066666667,"[-0.29, 0.41]",0.721595268,0.885594192,FALSE
Arachidonic acid.1,Osteopontin,30,29,0.066666667,"[-0.29, 0.41]",0.721595268,0.885594192,FALSE
Threonine,sTNF-R2,30,29,0.066666667,"[-0.29, 0.41]",0.721595268,0.885594192,FALSE
2-OH-Butanoic Acid,TWEAK/TNFSF12,30,29,0.066666667,"[-0.29, 0.41]",0.721595268,0.885594192,FALSE
"Ethanolamine, 2TMS",sCD30/TNFRSF8,30,29,0.066666667,"[-0.29, 0.41]",0.721595268,0.885594192,FALSE
2-OH-Butanoic Acid,gp130/sIL-6Rb,30,29,0.066666667,"[-0.29, 0.41]",0.721595268,0.885594192,FALSE
Glutamine [-H2O],gp130/sIL-6Rb,30,29,0.066666667,"[-0.29, 0.41]",0.721595268,0.885594192,FALSE
Doconexent,gp130/sIL-6Rb,30,29,0.066666667,"[-0.29, 0.41]",0.721595268,0.885594192,FALSE
L-Norvaline,sIL-6Ra,30,29,0.066666667,"[-0.29, 0.41]",0.721595268,0.885594192,FALSE
N-Acetylglutamine,sIL-6Ra,30,29,0.066666667,"[-0.29, 0.41]",0.721595268,0.885594192,FALSE
N-Acetylglutamine,MMP-2,30,29,0.066666667,"[-0.29, 0.41]",0.721595268,0.885594192,FALSE
2-OH-Butanoic Acid,MMP-3,30,29,0.066666667,"[-0.29, 0.41]",0.721595268,0.885594192,FALSE
Glycerol,Osteocalcin,30,29,0.066666667,"[-0.29, 0.41]",0.721595268,0.885594192,FALSE
Leucine,Osteopontin,30,29,0.066666667,"[-0.29, 0.41]",0.721595268,0.885594192,FALSE
Stearic Acid,sTNF-R1,30,29,0.066666667,"[-0.29, 0.41]",0.721595268,0.885594192,FALSE
N-Acetylglutamine,sTNF-R1,30,29,0.066666667,"[-0.29, 0.41]",0.721595268,0.885594192,FALSE
Glycerol,sTNF-R2,30,29,0.066666667,"[-0.29, 0.41]",0.721595268,0.885594192,FALSE
N-Acetylglutamine,TWEAK/TNFSF12,30,29,0.066666667,"[-0.29, 0.41]",0.721595268,0.885594192,FALSE
Glutamic Acid,BAFF/TNFSF13B,30,29,0.066666667,"[-0.29, 0.41]",0.721595268,0.885594192,FALSE
N-Acetylglutamine,gp130/sIL-6Rb,30,29,0.066666667,"[-0.29, 0.41]",0.721595268,0.885594192,FALSE
Glutamic Acid,sIL-6Ra,30,29,0.066666667,"[-0.29, 0.41]",0.721595268,0.885594192,FALSE
Stearic Acid,sIL-6Ra,30,29,0.066666667,"[-0.29, 0.41]",0.721595268,0.885594192,FALSE
Linoleic Acid,MMP-2,30,29,0.066666667,"[-0.29, 0.41]",0.721595268,0.885594192,FALSE
2-Keto-3-methylvaleric acid,MMP-2,30,29,0.066666667,"[-0.29, 0.41]",0.721595268,0.885594192,FALSE
Stearic Acid,MMP-3,30,29,0.066666667,"[-0.29, 0.41]",0.721595268,0.885594192,FALSE
2-Keto-3-methylvaleric acid,MMP-3,30,29,0.066666667,"[-0.29, 0.41]",0.721595268,0.885594192,FALSE
N-Acetylglutamine,MMP-3,30,29,0.066666667,"[-0.29, 0.41]",0.721595268,0.885594192,FALSE
Linoleic Acid,TWEAK/TNFSF12,30,29,0.066666667,"[-0.29, 0.41]",0.721595268,0.885594192,FALSE
2-Keto-3-methylvaleric acid,TWEAK/TNFSF12,30,29,0.066666667,"[-0.29, 0.41]",0.721595268,0.885594192,FALSE
Stearic Acid,BAFF/TNFSF13B,30,29,0.066666667,"[-0.29, 0.41]",0.721595268,0.885594192,FALSE
Tyrosine,BAFF/TNFSF13B,30,29,0.066666667,"[-0.29, 0.41]",0.721595268,0.885594192,FALSE
Stearic Acid,gp130/sIL-6Rb,30,29,0.066666667,"[-0.29, 0.41]",0.721595268,0.885594192,FALSE
Tyrosine,gp130/sIL-6Rb,30,29,0.066666667,"[-0.29, 0.41]",0.721595268,0.885594192,FALSE
2-Keto-3-methylvaleric acid,gp130/sIL-6Rb,30,29,0.066666667,"[-0.29, 0.41]",0.721595268,0.885594192,FALSE
Stearic Acid,MMP-2,30,29,0.066666667,"[-0.29, 0.41]",0.721595268,0.885594192,FALSE
Oxalic acid,MMP-2,30,29,0.066666667,"[-0.29, 0.41]",0.721595268,0.885594192,FALSE
Glutamic Acid,MMP-3,30,29,0.066666667,"[-0.29, 0.41]",0.721595268,0.885594192,FALSE
2-Aminoadipic acid,Osteocalcin,30,29,0.066666667,"[-0.29, 0.41]",0.721595268,0.885594192,FALSE
Glutamic Acid,sTNF-R1,30,29,0.066666667,"[-0.29, 0.41]",0.721595268,0.885594192,FALSE
Oxalic acid,sTNF-R1,30,29,0.066666667,"[-0.29, 0.41]",0.721595268,0.885594192,FALSE
Stearic Acid,TWEAK/TNFSF12,30,29,0.066666667,"[-0.29, 0.41]",0.721595268,0.885594192,FALSE
Oxalic acid,TWEAK/TNFSF12,30,29,0.066666667,"[-0.29, 0.41]",0.721595268,0.885594192,FALSE
Methyl galactoside,BAFF/TNFSF13B,30,29,0.066666667,"[-0.29, 0.41]",0.721595268,0.885594192,FALSE
L-Proline,sCD30/TNFRSF8,30,29,0.066666667,"[-0.29, 0.41]",0.721595268,0.885594192,FALSE
Methyl galactoside,gp130/sIL-6Rb,30,29,0.066666667,"[-0.29, 0.41]",0.721595268,0.885594192,FALSE
Tyrosine,sIL-6Ra,30,29,0.066666667,"[-0.29, 0.41]",0.721595268,0.885594192,FALSE
Linoleic Acid,MMP-3,30,29,0.066666667,"[-0.29, 0.41]",0.721595268,0.885594192,FALSE
beta-Alanine,Osteocalcin,30,29,0.066666667,"[-0.29, 0.41]",0.721595268,0.885594192,FALSE
Diethanolamine,sTNF-R1,30,29,0.066666667,"[-0.29, 0.41]",0.721595268,0.885594192,FALSE
beta-Alanine,sTNF-R2,30,29,0.066666667,"[-0.29, 0.41]",0.721595268,0.885594192,FALSE
Glyceric acid,sCD30/TNFRSF8,30,29,0.066666667,"[-0.29, 0.41]",0.721595268,0.885594192,FALSE
beta-Alanine,Chitinase 3-like1,30,29,0.066666667,"[-0.29, 0.41]",0.721595268,0.885594192,FALSE
L-Aspartic acid,MMP-2,30,29,0.066666667,"[-0.29, 0.41]",0.721595268,0.885594192,FALSE
Methyl galactoside,MMP-2,30,29,0.066666667,"[-0.29, 0.41]",0.721595268,0.885594192,FALSE
L-5-Oxoproline,sTNF-R1,30,29,0.066666667,"[-0.29, 0.41]",0.721595268,0.885594192,FALSE
Glyceric acid,sTNF-R2,30,29,0.066666667,"[-0.29, 0.41]",0.721595268,0.885594192,FALSE
L-Aspartic acid,TWEAK/TNFSF12,30,29,0.066666667,"[-0.29, 0.41]",0.721595268,0.885594192,FALSE
Methyl galactoside,TWEAK/TNFSF12,30,29,0.066666667,"[-0.29, 0.41]",0.721595268,0.885594192,FALSE
"Ethanolamine, 3TMS",Chitinase 3-like1,30,29,0.066666667,"[-0.29, 0.41]",0.721595268,0.885594192,FALSE
Glyceric acid,Chitinase 3-like1,30,29,0.066666667,"[-0.29, 0.41]",0.721595268,0.885594192,FALSE
3-OH-Butanoic Acid,gp130/sIL-6Rb,30,29,0.066666667,"[-0.29, 0.41]",0.721595268,0.885594192,FALSE
1-Monooleoylglycerol,gp130/sIL-6Rb,30,29,0.066666667,"[-0.29, 0.41]",0.721595268,0.885594192,FALSE
L-5-Oxoproline,gp130/sIL-6Rb,30,29,0.066666667,"[-0.29, 0.41]",0.721595268,0.885594192,FALSE
Glyceric acid,Osteocalcin,30,29,0.066666667,"[-0.29, 0.41]",0.721595268,0.885594192,FALSE
L-Proline,Osteocalcin,30,29,0.066666667,"[-0.29, 0.41]",0.721595268,0.885594192,FALSE
Lactic Acid,Osteopontin,30,29,0.066666667,"[-0.29, 0.41]",0.721595268,0.885594192,FALSE
Glyceraldehyde-3-P(MOX),Pentraxin-3,30,29,0.066666667,"[-0.29, 0.41]",0.721595268,0.885594192,FALSE
Ornithine,Pentraxin-3,30,29,0.066666667,"[-0.29, 0.41]",0.721595268,0.885594192,FALSE
Butanoic acid,Pentraxin-3,30,29,0.066666667,"[-0.29, 0.41]",0.721595268,0.885594192,FALSE
Glycerol,Pentraxin-3,30,29,0.066666667,"[-0.29, 0.41]",0.721595268,0.885594192,FALSE
L-Proline,sTNF-R2,30,29,0.066666667,"[-0.29, 0.41]",0.721595268,0.885594192,FALSE
3-OH-Butanoic Acid,BAFF/TNFSF13B,30,29,0.066666667,"[-0.29, 0.41]",0.721595268,0.885594192,FALSE
L-5-Oxoproline,sIL-6Ra,30,29,0.066666667,"[-0.29, 0.41]",0.721595268,0.885594192,FALSE
3-OH-Butanoic Acid,MMP-2,30,29,0.066666667,"[-0.29, 0.41]",0.721595268,0.885594192,FALSE
3-OH-Butanoic Acid,MMP-3,30,29,0.066666667,"[-0.29, 0.41]",0.721595268,0.885594192,FALSE
L-5-Oxoproline,MMP-3,30,29,0.066666667,"[-0.29, 0.41]",0.721595268,0.885594192,FALSE
Arachidonic acid,Osteocalcin,30,29,0.066666667,"[-0.29, 0.41]",0.721595268,0.885594192,FALSE
L-Rhamnose,Osteopontin,30,29,0.066666667,"[-0.29, 0.41]",0.721595268,0.885594192,FALSE
"Ethanolamine, 3TMS",sTNF-R2,30,29,0.066666667,"[-0.29, 0.41]",0.721595268,0.885594192,FALSE
L-Rhamnose,sTNF-R2,30,29,0.066666667,"[-0.29, 0.41]",0.721595268,0.885594192,FALSE
3-OH-Butanoic Acid,TWEAK/TNFSF12,30,29,0.066666667,"[-0.29, 0.41]",0.721595268,0.885594192,FALSE
L-5-Oxoproline,BAFF/TNFSF13B,30,29,0.066666667,"[-0.29, 0.41]",0.721595268,0.885594192,FALSE
Arginine [-NH3],Pentraxin-3,30,29,0.066666667,"[-0.29, 0.41]",0.721595268,0.885594192,FALSE
Leucine,Pentraxin-3,30,29,0.066666667,"[-0.29, 0.41]",0.721595268,0.885594192,FALSE
Alanine,Pentraxin-3,30,29,0.066666667,"[-0.29, 0.41]",0.721595268,0.885594192,FALSE
"9-Hexadecenoic acid, (Z)-",Pentraxin-3,30,29,0.066666667,"[-0.29, 0.41]",0.721595268,0.885594192,FALSE
Glyceric acid,Pentraxin-3,30,29,0.066666667,"[-0.29, 0.41]",0.721595268,0.885594192,FALSE
Citric acid,IL-11,30,29,0.04794633,"[-0.31, 0.40]",0.797849862,0.944365096,FALSE
Glycine,IL-11,30,29,0.04794633,"[-0.31, 0.40]",0.797849862,0.944365096,FALSE
4-Aminobutanoic acid,IL-11,30,29,0.04794633,"[-0.31, 0.40]",0.797849862,0.944365096,FALSE
1-Monopalmitin,IL-11,30,29,0.047140452,"[-0.31, 0.39]",0.801179503,0.944365096,FALSE
Ornithine,IL-11,30,29,0.047140452,"[-0.31, 0.39]",0.801179503,0.944365096,FALSE
L-Alanine,IL-11,30,29,0.047140452,"[-0.31, 0.39]",0.801179503,0.944365096,FALSE
Lactic Acid.1,IL-11,30,29,0.047140452,"[-0.31, 0.39]",0.801179503,0.944365096,FALSE
D-(-)-Ribofuranose,IL-26,30,29,0.047140452,"[-0.31, 0.39]",0.801179503,0.944365096,FALSE
Serine,IL-11,30,29,0.047140452,"[-0.31, 0.39]",0.801179503,0.944365096,FALSE
N-Acetylglutamine,IL-11,30,29,0.047140452,"[-0.31, 0.39]",0.801179503,0.944365096,FALSE
Nonanoic acid,IL-11,30,29,0.047140452,"[-0.31, 0.39]",0.801179503,0.944365096,FALSE
"2,3-Butanediol",IL-26,30,29,0.047140452,"[-0.31, 0.39]",0.801179503,0.944365096,FALSE
Arginine [-NH3],IL-11,30,29,0.047140452,"[-0.31, 0.39]",0.801179503,0.944365096,FALSE
Palmitic Acid,IL-11,30,29,0.047140452,"[-0.31, 0.39]",0.801179503,0.944365096,FALSE
2-OH-Butanoic Acid,IL-26,30,29,0.047140452,"[-0.31, 0.39]",0.801179503,0.944365096,FALSE
Oxalic acid,IL-26,30,29,0.047140452,"[-0.31, 0.39]",0.801179503,0.944365096,FALSE
Methyl galactoside,IL-26,30,29,0.047140452,"[-0.31, 0.39]",0.801179503,0.944365096,FALSE
Oleic Acid,IL-26,30,29,0.047140452,"[-0.31, 0.39]",0.801179503,0.944365096,FALSE
Ascorbic Acid,IL-11,30,29,0.047140452,"[-0.31, 0.39]",0.801179503,0.944365096,FALSE
Tyrosine,IL-26,30,29,0.047140452,"[-0.31, 0.39]",0.801179503,0.944365096,FALSE
Oleic Acid,IL-11,30,29,0.047140452,"[-0.31, 0.39]",0.801179503,0.944365096,FALSE
Arachidonic acid,IL-11,30,29,0.047140452,"[-0.31, 0.39]",0.801179503,0.944365096,FALSE
L-Rhamnose,IL-11,30,29,0.047140452,"[-0.31, 0.39]",0.801179503,0.944365096,FALSE
Asparagine,IL-29/IFN-lambda1,30,29,0.039590379,"[-0.32, 0.39]",0.832532885,0.944365096,FALSE
"2,3,4-Trihydroxybutyric acid",IL-28A/IFN-lambda2,30,29,0.039590379,"[-0.32, 0.39]",0.832532885,0.944365096,FALSE
Indole-3-Propionic Acid,IL-29/IFN-lambda1,30,29,0.039590379,"[-0.32, 0.39]",0.832532885,0.944365096,FALSE
Citric acid,IFN-y,30,29,0.038720155,"[-0.32, 0.39]",0.836163926,0.944365096,FALSE
"2,3,4-Trihydroxybutyric acid",IFN-y,30,29,0.038720155,"[-0.32, 0.39]",0.836163926,0.944365096,FALSE
beta-D-Xylopyranose,IFN-y,30,29,0.038069349,"[-0.32, 0.39]",0.8388816,0.944365096,FALSE
Arginine [-NH3],IFN-y,30,29,0.038069349,"[-0.32, 0.39]",0.8388816,0.944365096,FALSE
Lysine,IFN-y,30,29,0.038069349,"[-0.32, 0.39]",0.8388816,0.944365096,FALSE
Lactic Acid.1,IFN-y,30,29,0.038069349,"[-0.32, 0.39]",0.8388816,0.944365096,FALSE
Glutamic Acid,IFN-y,30,29,0.038069349,"[-0.32, 0.39]",0.8388816,0.944365096,FALSE
Erythritol,IFN-y,30,29,0.038069349,"[-0.32, 0.39]",0.8388816,0.944365096,FALSE
Ascorbic Acid,IFN-y,30,29,0.038069349,"[-0.32, 0.39]",0.8388816,0.944365096,FALSE
Arachidonic acid,IFN-y,30,29,0.038069349,"[-0.32, 0.39]",0.8388816,0.944365096,FALSE
Asparagine,MMP-1,30,29,0.035737084,"[-0.32, 0.39]",0.848635567,0.944365096,FALSE
"1,5-Anhydrohexitol",APRIL/TNFSF13,30,29,0.035136418,"[-0.32, 0.38]",0.851151283,0.944365096,FALSE
Valine,APRIL/TNFSF13,30,29,0.035136418,"[-0.32, 0.38]",0.851151283,0.944365096,FALSE
Lactic Acid.1,APRIL/TNFSF13,30,29,0.035136418,"[-0.32, 0.38]",0.851151283,0.944365096,FALSE
Ornithine,MMP-1,30,29,0.035136418,"[-0.32, 0.38]",0.851151283,0.944365096,FALSE
Glycerol,MMP-1,30,29,0.035136418,"[-0.32, 0.38]",0.851151283,0.944365096,FALSE
Ornithine,APRIL/TNFSF13,30,29,0.035136418,"[-0.32, 0.38]",0.851151283,0.944365096,FALSE
Proline,MMP-1,30,29,0.035136418,"[-0.32, 0.38]",0.851151283,0.944365096,FALSE
Lactic Acid.1,MMP-1,30,29,0.035136418,"[-0.32, 0.38]",0.851151283,0.944365096,FALSE
Proline,APRIL/TNFSF13,30,29,0.035136418,"[-0.32, 0.38]",0.851151283,0.944365096,FALSE
Doconexent,APRIL/TNFSF13,30,29,0.035136418,"[-0.32, 0.38]",0.851151283,0.944365096,FALSE
Glyceraldehyde-3-P(MOX),MMP-1,30,29,0.035136418,"[-0.32, 0.38]",0.851151283,0.944365096,FALSE
Serine,MMP-1,30,29,0.035136418,"[-0.32, 0.38]",0.851151283,0.944365096,FALSE
1-Ethyl-1-tetradecyloxy-1-silacyclohexane,APRIL/TNFSF13,30,29,0.035136418,"[-0.32, 0.38]",0.851151283,0.944365096,FALSE
Tryptophan,MMP-1,30,29,0.035136418,"[-0.32, 0.38]",0.851151283,0.944365096,FALSE
Erythritol,MMP-1,30,29,0.035136418,"[-0.32, 0.38]",0.851151283,0.944365096,FALSE
Oxalic acid,MMP-1,30,29,0.035136418,"[-0.32, 0.38]",0.851151283,0.944365096,FALSE
L-Aspartic acid,APRIL/TNFSF13,30,29,0.035136418,"[-0.32, 0.38]",0.851151283,0.944365096,FALSE
3-OH-Butanoic Acid,APRIL/TNFSF13,30,29,0.035136418,"[-0.32, 0.38]",0.851151283,0.944365096,FALSE
Citric acid,IL-12(p40),30,29,0.03509312,"[-0.32, 0.38]",0.851332681,0.944365096,FALSE
Indole-3-Propionic Acid,sCD163,30,29,0.03509312,"[-0.32, 0.38]",0.851332681,0.944365096,FALSE
Glycine,IL-12(p40),30,29,0.03509312,"[-0.32, 0.38]",0.851332681,0.944365096,FALSE
"2,3,4-Trihydroxybutyric acid",IL-19,30,29,0.03509312,"[-0.32, 0.38]",0.851332681,0.944365096,FALSE
"11-Eicosenoic acid, (E)-",IL-20,30,29,0.03509312,"[-0.32, 0.38]",0.851332681,0.944365096,FALSE
1H-Indole-3-Acetic Acid,IL-20,30,29,0.03509312,"[-0.32, 0.38]",0.851332681,0.944365096,FALSE
1H-Indole-3-Acetic Acid,IL-19,30,29,0.03509312,"[-0.32, 0.38]",0.851332681,0.944365096,FALSE
1-Heptadecanol,IL-19,30,29,0.03509312,"[-0.32, 0.38]",0.851332681,0.944365096,FALSE
Asparagine,sIL-6Ra,30,29,0.033903175,"[-0.32, 0.38]",0.85632084,0.944365096,FALSE
Asparagine,BAFF/TNFSF13B,30,29,0.033903175,"[-0.32, 0.38]",0.85632084,0.944365096,FALSE
Asparagine,MMP-2,30,29,0.033903175,"[-0.32, 0.38]",0.85632084,0.944365096,FALSE
Asparagine,TWEAK/TNFSF12,30,29,0.033903175,"[-0.32, 0.38]",0.85632084,0.944365096,FALSE
Citric acid,BAFF/TNFSF13B,30,29,0.033903175,"[-0.32, 0.38]",0.85632084,0.944365096,FALSE
Citric acid,Osteopontin,30,29,0.033903175,"[-0.32, 0.38]",0.85632084,0.944365096,FALSE
Citric acid,sTNF-R2,30,29,0.033903175,"[-0.32, 0.38]",0.85632084,0.944365096,FALSE
Proline,TSLP,30,29,0.033903175,"[-0.32, 0.38]",0.85632084,0.944365096,FALSE
Arachidonic acid.1,TSLP,30,29,0.033903175,"[-0.32, 0.38]",0.85632084,0.944365096,FALSE
DL-Ornithine,sTNF-R2,30,29,0.033903175,"[-0.32, 0.38]",0.85632084,0.944365096,FALSE
DL-Ornithine,sCD30/TNFRSF8,30,29,0.033903175,"[-0.32, 0.38]",0.85632084,0.944365096,FALSE
DL-Ornithine,Chitinase 3-like1,30,29,0.033903175,"[-0.32, 0.38]",0.85632084,0.944365096,FALSE
Glycolic acid,IL-10,30,29,0.033903175,"[-0.32, 0.38]",0.85632084,0.944365096,FALSE
DL-Ornithine,Osteopontin,30,29,0.033903175,"[-0.32, 0.38]",0.85632084,0.944365096,FALSE
Doconexent,TSLP,30,29,0.033903175,"[-0.32, 0.38]",0.85632084,0.944365096,FALSE
L-Aspartic acid,TSLP,30,29,0.033903175,"[-0.32, 0.38]",0.85632084,0.944365096,FALSE
Lactic Acid.1,IL-10,30,29,0.033903175,"[-0.32, 0.38]",0.85632084,0.944365096,FALSE
"11-Eicosenoic acid, (E)-",MMP-3,30,29,0.033903175,"[-0.32, 0.38]",0.85632084,0.944365096,FALSE
"11-Eicosenoic acid, (E)-",sTNF-R1,30,29,0.033903175,"[-0.32, 0.38]",0.85632084,0.944365096,FALSE
Ethyl alpha-D-glucopyranoside,TSLP,30,29,0.033903175,"[-0.32, 0.38]",0.85632084,0.944365096,FALSE
"11-Eicosenoic acid, (E)-",gp130/sIL-6Rb,30,29,0.033903175,"[-0.32, 0.38]",0.85632084,0.944365096,FALSE
1H-Indole-3-Acetic Acid,sTNF-R1,30,29,0.033903175,"[-0.32, 0.38]",0.85632084,0.944365096,FALSE
N-Acetylglutamine,IL-10,30,29,0.033903175,"[-0.32, 0.38]",0.85632084,0.944365096,FALSE
Methionine,IL-10,30,29,0.033903175,"[-0.32, 0.38]",0.85632084,0.944365096,FALSE
Serine,IL-10,30,29,0.033903175,"[-0.32, 0.38]",0.85632084,0.944365096,FALSE
1H-Indole-3-Acetic Acid,Osteocalcin,30,29,0.033903175,"[-0.32, 0.38]",0.85632084,0.944365096,FALSE
2-Keto-3-methylvaleric acid,IL-10,30,29,0.033903175,"[-0.32, 0.38]",0.85632084,0.944365096,FALSE
Indole-3-Latic Acid,BAFF/TNFSF13B,30,29,0.033903175,"[-0.32, 0.38]",0.85632084,0.944365096,FALSE
Indole-3-Latic Acid,sCD30/TNFRSF8,30,29,0.033903175,"[-0.32, 0.38]",0.85632084,0.944365096,FALSE
Aminomalonic acid,sCD30/TNFRSF8,30,29,0.033903175,"[-0.32, 0.38]",0.85632084,0.944365096,FALSE
Aminomalonic acid,sTNF-R1,30,29,0.033903175,"[-0.32, 0.38]",0.85632084,0.944365096,FALSE
L-Aspartic acid,IL-10,30,29,0.033903175,"[-0.32, 0.38]",0.85632084,0.944365096,FALSE
Methyl galactoside,IL-10,30,29,0.033903175,"[-0.32, 0.38]",0.85632084,0.944365096,FALSE
Glycine,Pentraxin-3,30,29,0.033903175,"[-0.32, 0.38]",0.85632084,0.944365096,FALSE
Asparagine,IL-28A/IFN-lambda2,30,29,1.31E-15,"[-0.35, 0.35]",1,1,FALSE
"1,5-Anhydrohexitol",Osteocalcin,30,29,1.12E-15,"[-0.35, 0.35]",1,1,FALSE
"1,5-Anhydrohexitol",Osteopontin,30,29,9.44E-16,"[-0.35, 0.35]",1,1,FALSE
Decanoic acid,IL-28A/IFN-lambda2,30,29,9.08E-16,"[-0.35, 0.35]",1,1,FALSE
1-Monopalmitin,IL-28A/IFN-lambda2,30,29,8.99E-16,"[-0.35, 0.35]",1,1,FALSE
Valine,sTNF-R1,30,29,8.05E-16,"[-0.35, 0.35]",1,1,FALSE
Valine,IL-12(p40),30,29,7.76E-16,"[-0.35, 0.35]",1,1,FALSE
Decanoic acid,IL-12(p40),30,29,7.47E-16,"[-0.35, 0.35]",1,1,FALSE
Palmitelaidic acid,Chitinase 3-like1,30,29,7.22E-16,"[-0.35, 0.35]",1,1,FALSE
beta-D-Xylopyranose,sIL-6Ra,30,29,7.22E-16,"[-0.35, 0.35]",1,1,FALSE
Palmitelaidic acid,Osteopontin,30,29,7.22E-16,"[-0.35, 0.35]",1,1,FALSE
Cysteine,IL-28A/IFN-lambda2,30,29,7.13E-16,"[-0.35, 0.35]",1,1,FALSE
Valine,MMP-2,30,29,7.01E-16,"[-0.35, 0.35]",1,1,FALSE
Valine,TWEAK/TNFSF12,30,29,7.01E-16,"[-0.35, 0.35]",1,1,FALSE
1-Monopalmitin,gp130/sIL-6Rb,30,29,6.94E-16,"[-0.35, 0.35]",1,1,FALSE
L-Alanine,gp130/sIL-6Rb,30,29,6.66E-16,"[-0.35, 0.35]",1,1,FALSE
L-Alanine,sIL-6Ra,30,29,6.66E-16,"[-0.35, 0.35]",1,1,FALSE
Glyceraldehyde-3-P(MOX),sIL-6Ra,30,29,6.59E-16,"[-0.35, 0.35]",1,1,FALSE
Palmitelaidic acid,sCD30/TNFRSF8,30,29,6.38E-16,"[-0.35, 0.35]",1,1,FALSE
Methionine,Osteopontin,30,29,6.38E-16,"[-0.35, 0.35]",1,1,FALSE
Glyceraldehyde-3-P(MOX),BAFF/TNFSF13B,30,29,6.25E-16,"[-0.35, 0.35]",1,1,FALSE
Decanoic acid,sCD163,30,29,6.18E-16,"[-0.35, 0.35]",1,1,FALSE
"1,3-Dioxolane-2-methanol",IL-28A/IFN-lambda2,30,29,6.16E-16,"[-0.35, 0.35]",1,1,FALSE
Dodecanoic acid,Chitinase 3-like1,30,29,6.11E-16,"[-0.35, 0.35]",1,1,FALSE
L-Alanine,MMP-3,30,29,6.11E-16,"[-0.35, 0.35]",1,1,FALSE
Cysteine,sIL-6Ra,30,29,5.97E-16,"[-0.35, 0.35]",1,1,FALSE
Cysteine,BAFF/TNFSF13B,30,29,5.90E-16,"[-0.35, 0.35]",1,1,FALSE
Cysteine,MMP-2,30,29,5.90E-16,"[-0.35, 0.35]",1,1,FALSE
Cysteine,TWEAK/TNFSF12,30,29,5.90E-16,"[-0.35, 0.35]",1,1,FALSE
Proline,sCD163,30,29,5.60E-16,"[-0.35, 0.35]",1,1,FALSE
Alanine,BAFF/TNFSF13B,30,29,5.55E-16,"[-0.35, 0.35]",1,1,FALSE
L-Alanine,BAFF/TNFSF13B,30,29,5.55E-16,"[-0.35, 0.35]",1,1,FALSE
Leucine,sIL-6Ra,30,29,5.55E-16,"[-0.35, 0.35]",1,1,FALSE
Alanine,MMP-2,30,29,5.55E-16,"[-0.35, 0.35]",1,1,FALSE
L-Alanine,MMP-2,30,29,5.55E-16,"[-0.35, 0.35]",1,1,FALSE
Alanine,TWEAK/TNFSF12,30,29,5.55E-16,"[-0.35, 0.35]",1,1,FALSE
L-Alanine,TWEAK/TNFSF12,30,29,5.55E-16,"[-0.35, 0.35]",1,1,FALSE
Proline,sTNF-R2,30,29,5.41E-16,"[-0.35, 0.35]",1,1,FALSE
Ornithine,MMP-3,30,29,5.27E-16,"[-0.35, 0.35]",1,1,FALSE
Leucine,BAFF/TNFSF13B,30,29,5.27E-16,"[-0.35, 0.35]",1,1,FALSE
Lactic Acid.1,BAFF/TNFSF13B,30,29,5.27E-16,"[-0.35, 0.35]",1,1,FALSE
Proline,sCD30/TNFRSF8,30,29,5.27E-16,"[-0.35, 0.35]",1,1,FALSE
Arachidonic acid.1,sIL-6Ra,30,29,5.27E-16,"[-0.35, 0.35]",1,1,FALSE
Lactic Acid.1,sIL-6Ra,30,29,5.27E-16,"[-0.35, 0.35]",1,1,FALSE
Arginine [-NH3],BAFF/TNFSF13B,30,29,5.07E-16,"[-0.35, 0.35]",1,1,FALSE
Glutamine [-H2O],Chitinase 3-like1,30,29,5.07E-16,"[-0.35, 0.35]",1,1,FALSE
Glutamine [-H2O],sCD163,30,29,5.03E-16,"[-0.35, 0.35]",1,1,FALSE
beta-D-Xylopyranose,MMP-3,30,29,5.00E-16,"[-0.35, 0.35]",1,1,FALSE
L-Norvaline,Osteocalcin,30,29,5.00E-16,"[-0.35, 0.35]",1,1,FALSE
Lysine,Osteopontin,30,29,5.00E-16,"[-0.35, 0.35]",1,1,FALSE
Nonanoic acid,IL-12(p40),30,29,4.81E-16,"[-0.35, 0.35]",1,1,FALSE
Methionine,sTNF-R2,30,29,4.72E-16,"[-0.35, 0.35]",1,1,FALSE
Lysine,sCD163,30,29,4.60E-16,"[-0.35, 0.35]",1,1,FALSE
Nonanoic acid,sCD163,30,29,4.60E-16,"[-0.35, 0.35]",1,1,FALSE
L-Norvaline,IL-28A/IFN-lambda2,30,29,4.54E-16,"[-0.35, 0.35]",1,1,FALSE
Arginine [-NH3],sIL-6Ra,30,29,4.51E-16,"[-0.35, 0.35]",1,1,FALSE
Threonine,sIL-6Ra,30,29,4.51E-16,"[-0.35, 0.35]",1,1,FALSE
Asparagine,APRIL/TNFSF13,30,29,4.46E-16,"[-0.35, 0.35]",1,1,FALSE
Leucine,MMP-2,30,29,4.44E-16,"[-0.35, 0.35]",1,1,FALSE
Glycerol,MMP-3,30,29,4.44E-16,"[-0.35, 0.35]",1,1,FALSE
L-Norvaline,sTNF-R2,30,29,4.44E-16,"[-0.35, 0.35]",1,1,FALSE
Citric acid,TSLP,30,29,4.44E-16,"[-0.35, 0.35]",1,1,FALSE
Leucine,TWEAK/TNFSF12,30,29,4.44E-16,"[-0.35, 0.35]",1,1,FALSE
Lysine,IL-12(p40),30,29,4.17E-16,"[-0.35, 0.35]",1,1,FALSE
Glycerol,MMP-2,30,29,4.16E-16,"[-0.35, 0.35]",1,1,FALSE
Butanoic acid,MMP-3,30,29,4.16E-16,"[-0.35, 0.35]",1,1,FALSE
Glycerol,TWEAK/TNFSF12,30,29,4.16E-16,"[-0.35, 0.35]",1,1,FALSE
"Ethanolamine, 2TMS",sIL-6Ra,30,29,3.89E-16,"[-0.35, 0.35]",1,1,FALSE
L-Norvaline,sCD30/TNFRSF8,30,29,3.89E-16,"[-0.35, 0.35]",1,1,FALSE
Butanoic acid,MMP-2,30,29,3.61E-16,"[-0.35, 0.35]",1,1,FALSE
Nonanoic acid,sTNF-R2,30,29,3.61E-16,"[-0.35, 0.35]",1,1,FALSE
Butanoic acid,TWEAK/TNFSF12,30,29,3.61E-16,"[-0.35, 0.35]",1,1,FALSE
Glutamic Acid,sCD163,30,29,3.52E-16,"[-0.35, 0.35]",1,1,FALSE
1-Ethyl-1-tetradecyloxy-1-silacyclohexane,BAFF/TNFSF13B,30,29,3.40E-16,"[-0.35, 0.35]",1,1,FALSE
Doconexent,sCD163,30,29,3.16E-16,"[-0.35, 0.35]",1,1,FALSE
Glycerol,gp130/sIL-6Rb,30,29,3.05E-16,"[-0.35, 0.35]",1,1,FALSE
D-(-)-Ribofuranose,sIL-6Ra,30,29,3.05E-16,"[-0.35, 0.35]",1,1,FALSE
2-Aminoheptanedioic acid,IL-12(p40),30,29,2.87E-16,"[-0.35, 0.35]",1,1,FALSE
Stearic Acid,sCD30/TNFRSF8,30,29,2.78E-16,"[-0.35, 0.35]",1,1,FALSE
beta-D-Xylopyranose,gp130/sIL-6Rb,30,29,2.78E-16,"[-0.35, 0.35]",1,1,FALSE
1-Monopalmitin,IL-29/IFN-lambda1,30,29,2.67E-16,"[-0.35, 0.35]",1,1,FALSE
Tryptophan,Osteocalcin,30,29,2.64E-16,"[-0.35, 0.35]",1,1,FALSE
1-Monopalmitin,IL-20,30,29,2.59E-16,"[-0.35, 0.35]",1,1,FALSE
Stearic Acid,Chitinase 3-like1,30,29,2.50E-16,"[-0.35, 0.35]",1,1,FALSE
Tryptophan,sTNF-R2,30,29,2.36E-16,"[-0.35, 0.35]",1,1,FALSE
D-(-)-Ribofuranose,BAFF/TNFSF13B,30,29,2.29E-16,"[-0.35, 0.35]",1,1,FALSE
2-Keto-3-methylvaleric acid,Osteocalcin,30,29,2.22E-16,"[-0.35, 0.35]",1,1,FALSE
Linoleic Acid,IL-28A/IFN-lambda2,30,29,2.11E-16,"[-0.35, 0.35]",1,1,FALSE
Stearic Acid,IL-12(p40),30,29,2.01E-16,"[-0.35, 0.35]",1,1,FALSE
2-Keto-3-methylvaleric acid,IL-28A/IFN-lambda2,30,29,1.94E-16,"[-0.35, 0.35]",1,1,FALSE
Diethanolamine,Chitinase 3-like1,30,29,1.94E-16,"[-0.35, 0.35]",1,1,FALSE
Tryptophan,Osteopontin,30,29,1.94E-16,"[-0.35, 0.35]",1,1,FALSE
Glutamic Acid,sTNF-R2,30,29,1.94E-16,"[-0.35, 0.35]",1,1,FALSE
Linoleic Acid,Chitinase 3-like1,30,29,1.87E-16,"[-0.35, 0.35]",1,1,FALSE
1-Monopalmitin,IL-12(p70),30,29,1.78E-16,"[-0.35, 0.35]",1,1,FALSE
D-(-)-Ribofuranose,MMP-2,30,29,1.73E-16,"[-0.35, 0.35]",1,1,FALSE
D-(-)-Ribofuranose,TWEAK/TNFSF12,30,29,1.73E-16,"[-0.35, 0.35]",1,1,FALSE
beta-D-Xylopyranose,IL-19,30,29,1.72E-16,"[-0.35, 0.35]",1,1,FALSE
Stearic Acid,sTNF-R2,30,29,1.67E-16,"[-0.35, 0.35]",1,1,FALSE
Linoleic Acid,Osteopontin,30,29,1.60E-16,"[-0.35, 0.35]",1,1,FALSE
Glycerol-3-P,sCD163,30,29,1.58E-16,"[-0.35, 0.35]",1,1,FALSE
Glycerol-3-P,sIL-6Ra,30,29,1.39E-16,"[-0.35, 0.35]",1,1,FALSE
beta-D-Xylopyranose,IL-29/IFN-lambda1,30,29,1.30E-16,"[-0.35, 0.35]",1,1,FALSE
2-Keto-3-methylvaleric acid,sCD163,30,29,1.15E-16,"[-0.35, 0.35]",1,1,FALSE
Decanoic acid,IFN-a2,30,29,1.12E-16,"[-0.35, 0.35]",1,1,FALSE
Arachidonic acid.1,IL-19,30,29,1.08E-16,"[-0.35, 0.35]",1,1,FALSE
Glycerol-3-P,BAFF/TNFSF13B,30,29,9.71E-17,"[-0.35, 0.35]",1,1,FALSE
L-Aspartic acid,sCD163,30,29,8.62E-17,"[-0.35, 0.35]",1,1,FALSE
beta-Alanine,gp130/sIL-6Rb,30,29,8.33E-17,"[-0.35, 0.35]",1,1,FALSE
"2-Ethyl-3-hydroxypropionic acid, di-",sTNF-R1,30,29,8.33E-17,"[-0.35, 0.35]",1,1,FALSE
Methyl galactoside,IL-28A/IFN-lambda2,30,29,8.10E-17,"[-0.35, 0.35]",1,1,FALSE
Decanoic acid,Pentraxin-3,30,29,7.63E-17,"[-0.35, 0.35]",1,1,FALSE
L-Aspartic acid,sTNF-R2,30,29,6.94E-17,"[-0.35, 0.35]",1,1,FALSE
2-Aminoadipic acid,BAFF/TNFSF13B,30,29,6.94E-17,"[-0.35, 0.35]",1,1,FALSE
Tyrosine,sCD30/TNFRSF8,30,29,6.94E-17,"[-0.35, 0.35]",1,1,FALSE
Tyrosine,Chitinase 3-like1,30,29,6.94E-17,"[-0.35, 0.35]",1,1,FALSE
Methyl galactoside,sTNF-R2,30,29,6.94E-17,"[-0.35, 0.35]",1,1,FALSE
"2-Ethyl-3-hydroxypropionic acid, di-",IL-28A/IFN-lambda2,30,29,6.48E-17,"[-0.35, 0.35]",1,1,FALSE
Decanoic acid,IL-19,30,29,5.75E-17,"[-0.35, 0.35]",1,1,FALSE
beta-Alanine,MMP-3,30,29,5.55E-17,"[-0.35, 0.35]",1,1,FALSE
L-Aspartic acid,Osteocalcin,30,29,5.55E-17,"[-0.35, 0.35]",1,1,FALSE
Methyl galactoside,Chitinase 3-like1,30,29,4.86E-17,"[-0.35, 0.35]",1,1,FALSE
Dodecanoic acid,Pentraxin-3,30,29,3.47E-17,"[-0.35, 0.35]",1,1,FALSE
"1,3-Dioxolane-2-methanol",IL-20,30,29,2.87E-17,"[-0.35, 0.35]",1,1,FALSE
Ascorbic Acid,Osteopontin,30,29,2.78E-17,"[-0.35, 0.35]",1,1,FALSE
"2,3-Butanediol",IL-20,30,29,1.44E-17,"[-0.35, 0.35]",1,1,FALSE
"9-Hexadecenoic acid, (Z)-",sCD163,30,29,0,"[-0.35, 0.35]",1,1,FALSE
Ascorbic Acid,Chitinase 3-like1,30,29,0,"[-0.35, 0.35]",1,1,FALSE
Ascorbic Acid,IL-12(p40),30,29,0,"[-0.35, 0.35]",1,1,FALSE
L-Alanine,IL-19,30,29,0,"[-0.35, 0.35]",1,1,FALSE
Ascorbic Acid,Osteocalcin,30,29,-1.39E-17,"[-0.35, 0.35]",1,1,FALSE
Ethyl alpha-D-glucopyranoside,IL-12(p40),30,29,-1.44E-17,"[-0.35, 0.35]",1,1,FALSE
beta-Alanine,BAFF/TNFSF13B,30,29,-2.78E-17,"[-0.35, 0.35]",1,1,FALSE
Arachidonic acid.1,IFN-a2,30,29,-2.98E-17,"[-0.35, 0.35]",1,1,FALSE
Ornithine,IL-35,30,29,-2.98E-17,"[-0.35, 0.35]",1,1,FALSE
"2-Ethyl-3-hydroxypropionic acid, di-",gp130/sIL-6Rb,30,29,-4.16E-17,"[-0.35, 0.35]",1,1,FALSE
"9-Hexadecenoic acid, (Z)-",gp130/sIL-6Rb,30,29,-4.16E-17,"[-0.35, 0.35]",1,1,FALSE
3-OH-Butanoic Acid,IL-12(p40),30,29,-4.31E-17,"[-0.35, 0.35]",1,1,FALSE
Lysine,IL-12(p70),30,29,-4.86E-17,"[-0.35, 0.35]",1,1,FALSE
"Ethanolamine, 3TMS",BAFF/TNFSF13B,30,29,-5.55E-17,"[-0.35, 0.35]",1,1,FALSE
Campesterol,MMP-3,30,29,-5.55E-17,"[-0.35, 0.35]",1,1,FALSE
L-Proline,MMP-3,30,29,-5.55E-17,"[-0.35, 0.35]",1,1,FALSE
2-OH-Butanoic Acid,Pentraxin-3,30,29,-5.55E-17,"[-0.35, 0.35]",1,1,FALSE
Methionine,IFN-a2,30,29,-7.45E-17,"[-0.35, 0.35]",1,1,FALSE
Lysine,IL-29/IFN-lambda1,30,29,-8.10E-17,"[-0.35, 0.35]",1,1,FALSE
"2,3-Butanediol",Pentraxin-3,30,29,-8.33E-17,"[-0.35, 0.35]",1,1,FALSE
Cholesterol,sCD163,30,29,-8.62E-17,"[-0.35, 0.35]",1,1,FALSE
D-(-)-Ribofuranose,IL-29/IFN-lambda1,30,29,-8.91E-17,"[-0.35, 0.35]",1,1,FALSE
Butanoic acid,IFN-a2,30,29,-8.94E-17,"[-0.35, 0.35]",1,1,FALSE
Ornithine,IL-12(p70),30,29,-9.72E-17,"[-0.35, 0.35]",1,1,FALSE
Proline,Pentraxin-3,30,29,-1.11E-16,"[-0.35, 0.35]",1,1,FALSE
Doconexent,IL-35,30,29,-1.34E-16,"[-0.35, 0.35]",1,1,FALSE
Glyceric acid,MMP-2,30,29,-1.39E-16,"[-0.35, 0.35]",1,1,FALSE
Glyceric acid,TWEAK/TNFSF12,30,29,-1.39E-16,"[-0.35, 0.35]",1,1,FALSE
D-(-)-Ribofuranose,IL-12(p70),30,29,-1.62E-16,"[-0.35, 0.35]",1,1,FALSE
Glutamine [-H2O],IFN-a2,30,29,-1.64E-16,"[-0.35, 0.35]",1,1,FALSE
L-Norvaline,Pentraxin-3,30,29,-1.67E-16,"[-0.35, 0.35]",1,1,FALSE
D-(-)-Ribofuranose,IL-35,30,29,-1.79E-16,"[-0.35, 0.35]",1,1,FALSE
Glyceric acid,BAFF/TNFSF13B,30,29,-1.94E-16,"[-0.35, 0.35]",1,1,FALSE
Alanine,IL-19,30,29,-2.01E-16,"[-0.35, 0.35]",1,1,FALSE
3-OH-Butanoic Acid,sTNF-R2,30,29,-2.08E-16,"[-0.35, 0.35]",1,1,FALSE
L-Rhamnose,gp130/sIL-6Rb,30,29,-2.15E-16,"[-0.35, 0.35]",1,1,FALSE
Arachidonic acid,sIL-6Ra,30,29,-2.22E-16,"[-0.35, 0.35]",1,1,FALSE
L-5-Oxoproline,Osteocalcin,30,29,-2.22E-16,"[-0.35, 0.35]",1,1,FALSE
1-Ethyl-1-tetradecyloxy-1-silacyclohexane,IL-19,30,29,-2.30E-16,"[-0.35, 0.35]",1,1,FALSE
Tryptophan,IL-29/IFN-lambda1,30,29,-2.35E-16,"[-0.35, 0.35]",1,1,FALSE
Glyceric acid,sIL-6Ra,30,29,-2.36E-16,"[-0.35, 0.35]",1,1,FALSE
Arachidonic acid,MMP-3,30,29,-2.36E-16,"[-0.35, 0.35]",1,1,FALSE
L-Rhamnose,MMP-3,30,29,-2.36E-16,"[-0.35, 0.35]",1,1,FALSE
Tryptophan,IL-12(p70),30,29,-2.43E-16,"[-0.35, 0.35]",1,1,FALSE
Leucine,IL-20,30,29,-2.44E-16,"[-0.35, 0.35]",1,1,FALSE
L-Rhamnose,sIL-6Ra,30,29,-2.50E-16,"[-0.35, 0.35]",1,1,FALSE
Cysteine,IFN-a2,30,29,-2.53E-16,"[-0.35, 0.35]",1,1,FALSE
Methyl galactoside,IL-19,30,29,-2.59E-16,"[-0.35, 0.35]",1,1,FALSE
Glycerol,IFN-a2,30,29,-2.68E-16,"[-0.35, 0.35]",1,1,FALSE
Alanine,IFN-a2,30,29,-2.68E-16,"[-0.35, 0.35]",1,1,FALSE
3-OH-Butanoic Acid,Chitinase 3-like1,30,29,-2.78E-16,"[-0.35, 0.35]",1,1,FALSE
Arachidonic acid,IL-12(p40),30,29,-2.87E-16,"[-0.35, 0.35]",1,1,FALSE
2-Aminoadipic acid,IL-19,30,29,-2.87E-16,"[-0.35, 0.35]",1,1,FALSE
Arachidonic acid,BAFF/TNFSF13B,30,29,-2.91E-16,"[-0.35, 0.35]",1,1,FALSE
1H-Indole-3-Acetic Acid,IL-28A/IFN-lambda2,30,29,-3.19E-16,"[-0.35, 0.35]",1,1,FALSE
Oxalic acid,IL-35,30,29,-3.28E-16,"[-0.35, 0.35]",1,1,FALSE
Arginine [-NH3],IFN-a2,30,29,-3.35E-16,"[-0.35, 0.35]",1,1,FALSE
L-5-Oxoproline,sCD163,30,29,-3.45E-16,"[-0.35, 0.35]",1,1,FALSE
2-Aminoheptanedioic acid,IL-35,30,29,-3.58E-16,"[-0.35, 0.35]",1,1,FALSE
L-5-Oxoproline,Chitinase 3-like1,30,29,-3.61E-16,"[-0.35, 0.35]",1,1,FALSE
Indole-3-Propionic Acid,IL-10,30,29,-3.61E-16,"[-0.35, 0.35]",1,1,FALSE
1-Heptadecanol,TSLP,30,29,-3.68E-16,"[-0.35, 0.35]",1,1,FALSE
L-Norvaline,IL-29/IFN-lambda1,30,29,-3.89E-16,"[-0.35, 0.35]",1,1,FALSE
Linoleic Acid,Pentraxin-3,30,29,-3.96E-16,"[-0.35, 0.35]",1,1,FALSE
Methionine,Pentraxin-3,30,29,-3.96E-16,"[-0.35, 0.35]",1,1,FALSE
Erythritol,IL-19,30,29,-4.02E-16,"[-0.35, 0.35]",1,1,FALSE
Diethanolamine,IL-20,30,29,-4.02E-16,"[-0.35, 0.35]",1,1,FALSE
N-Acetylglutamine,IL-12(p70),30,29,-4.05E-16,"[-0.35, 0.35]",1,1,FALSE
Stearic Acid,IFN-a2,30,29,-4.17E-16,"[-0.35, 0.35]",1,1,FALSE
Indole-3-Propionic Acid,IL-12(p70),30,29,-4.30E-16,"[-0.35, 0.35]",1,1,FALSE
Stearic Acid,IL-12(p70),30,29,-4.54E-16,"[-0.35, 0.35]",1,1,FALSE
"2-Ethyl-3-hydroxypropionic acid, di-",IL-12(p70),30,29,-4.54E-16,"[-0.35, 0.35]",1,1,FALSE
L-5-Oxoproline,sCD30/TNFRSF8,30,29,-4.72E-16,"[-0.35, 0.35]",1,1,FALSE
"2-Ethyl-3-hydroxypropionic acid, di-",IFN-a2,30,29,-4.77E-16,"[-0.35, 0.35]",1,1,FALSE
Glycerol-3-P,IL-19,30,29,-4.81E-16,"[-0.35, 0.35]",1,1,FALSE
"2-Ethyl-3-hydroxypropionic acid, di-",IL-20,30,29,-4.81E-16,"[-0.35, 0.35]",1,1,FALSE
Ethyl alpha-D-glucopyranoside,IL-12(p70),30,29,-4.86E-16,"[-0.35, 0.35]",1,1,FALSE
Threonine,IL-19,30,29,-4.88E-16,"[-0.35, 0.35]",1,1,FALSE
beta-Alanine,IL-19,30,29,-5.17E-16,"[-0.35, 0.35]",1,1,FALSE
beta-Alanine,IFN-a2,30,29,-5.37E-16,"[-0.35, 0.35]",1,1,FALSE
L-Aspartic acid,IL-20,30,29,-5.46E-16,"[-0.35, 0.35]",1,1,FALSE
Ethyl alpha-D-glucopyranoside,IL-29/IFN-lambda1,30,29,-5.51E-16,"[-0.35, 0.35]",1,1,FALSE
"11-Eicosenoic acid, (E)-",MMP-1,30,29,-5.90E-16,"[-0.35, 0.35]",1,1,FALSE
Ascorbic Acid,IL-29/IFN-lambda1,30,29,-6.32E-16,"[-0.35, 0.35]",1,1,FALSE
Cholesterol,Pentraxin-3,30,29,-6.38E-16,"[-0.35, 0.35]",1,1,FALSE
L-Aspartic acid,Pentraxin-3,30,29,-6.80E-16,"[-0.35, 0.35]",1,1,FALSE
L-Proline,IL-19,30,29,-6.90E-16,"[-0.35, 0.35]",1,1,FALSE
Cholesterol,IL-20,30,29,-7.18E-16,"[-0.35, 0.35]",1,1,FALSE
Arachidonic acid,IFN-a2,30,29,-7.38E-16,"[-0.35, 0.35]",1,1,FALSE
3-OH-Butanoic Acid,IL-19,30,29,-7.47E-16,"[-0.35, 0.35]",1,1,FALSE
Cholesterol,IFN-a2,30,29,-7.75E-16,"[-0.35, 0.35]",1,1,FALSE
3-OH-Butanoic Acid,IFN-a2,30,29,-8.65E-16,"[-0.35, 0.35]",1,1,FALSE
1-Heptadecanol,IL-11,30,29,-9.46E-16,"[-0.35, 0.35]",1,1,FALSE
Asparagine,MMP-3,30,29,-0.033903175,"[-0.38, 0.32]",0.85632084,0.944365096,FALSE
Asparagine,Osteocalcin,30,29,-0.033903175,"[-0.38, 0.32]",0.85632084,0.944365096,FALSE
Valine,TSLP,30,29,-0.033903175,"[-0.38, 0.32]",0.85632084,0.944365096,FALSE
Alanine,TSLP,30,29,-0.033903175,"[-0.38, 0.32]",0.85632084,0.944365096,FALSE
Cysteine,TSLP,30,29,-0.033903175,"[-0.38, 0.32]",0.85632084,0.944365096,FALSE
Dodecanoic acid,TSLP,30,29,-0.033903175,"[-0.38, 0.32]",0.85632084,0.944365096,FALSE
L-Alanine,TSLP,30,29,-0.033903175,"[-0.38, 0.32]",0.85632084,0.944365096,FALSE
Citric acid,gp130/sIL-6Rb,30,29,-0.033903175,"[-0.38, 0.32]",0.85632084,0.944365096,FALSE
2-Aminoheptanedioic acid,TSLP,30,29,-0.033903175,"[-0.38, 0.32]",0.85632084,0.944365096,FALSE
Glycerol,TSLP,30,29,-0.033903175,"[-0.38, 0.32]",0.85632084,0.944365096,FALSE
"1,5-Anhydrohexitol",IL-10,30,29,-0.033903175,"[-0.38, 0.32]",0.85632084,0.944365096,FALSE
DL-Ornithine,MMP-3,30,29,-0.033903175,"[-0.38, 0.32]",0.85632084,0.944365096,FALSE
Asparagine,Pentraxin-3,30,29,-0.033903175,"[-0.38, 0.32]",0.85632084,0.944365096,FALSE
DL-Ornithine,sTNF-R1,30,29,-0.033903175,"[-0.38, 0.32]",0.85632084,0.944365096,FALSE
Indole-3-Propionic Acid,sTNF-R2,30,29,-0.033903175,"[-0.38, 0.32]",0.85632084,0.944365096,FALSE
Tryptophan,TSLP,30,29,-0.033903175,"[-0.38, 0.32]",0.85632084,0.944365096,FALSE
Glycine,sIL-6Ra,30,29,-0.033903175,"[-0.38, 0.32]",0.85632084,0.944365096,FALSE
2-Aminoadipic acid,TSLP,30,29,-0.033903175,"[-0.38, 0.32]",0.85632084,0.944365096,FALSE
"2-Ethyl-3-hydroxypropionic acid, di-",TSLP,30,29,-0.033903175,"[-0.38, 0.32]",0.85632084,0.944365096,FALSE
Glycine,sCD30/TNFRSF8,30,29,-0.033903175,"[-0.38, 0.32]",0.85632084,0.944365096,FALSE
"11-Eicosenoic acid, (E)-",sCD30/TNFRSF8,30,29,-0.033903175,"[-0.38, 0.32]",0.85632084,0.944365096,FALSE
Glycine,sTNF-R2,30,29,-0.033903175,"[-0.38, 0.32]",0.85632084,0.944365096,FALSE
Glycine,BAFF/TNFSF13B,30,29,-0.033903175,"[-0.38, 0.32]",0.85632084,0.944365096,FALSE
"11-Eicosenoic acid, (E)-",Chitinase 3-like1,30,29,-0.033903175,"[-0.38, 0.32]",0.85632084,0.944365096,FALSE
Glycine,MMP-2,30,29,-0.033903175,"[-0.38, 0.32]",0.85632084,0.944365096,FALSE
"11-Eicosenoic acid, (E)-",sTNF-R2,30,29,-0.033903175,"[-0.38, 0.32]",0.85632084,0.944365096,FALSE
Glutamic Acid,TSLP,30,29,-0.033903175,"[-0.38, 0.32]",0.85632084,0.944365096,FALSE
Glycine,TWEAK/TNFSF12,30,29,-0.033903175,"[-0.38, 0.32]",0.85632084,0.944365096,FALSE
"11-Eicosenoic acid, (E)-",Osteocalcin,30,29,-0.033903175,"[-0.38, 0.32]",0.85632084,0.944365096,FALSE
Citric acid,Pentraxin-3,30,29,-0.033903175,"[-0.38, 0.32]",0.85632084,0.944365096,FALSE
"Ethanolamine, 3TMS",TSLP,30,29,-0.033903175,"[-0.38, 0.32]",0.85632084,0.944365096,FALSE
1H-Indole-3-Acetic Acid,Chitinase 3-like1,30,29,-0.033903175,"[-0.38, 0.32]",0.85632084,0.944365096,FALSE
4-Aminobutanoic acid,Chitinase 3-like1,30,29,-0.033903175,"[-0.38, 0.32]",0.85632084,0.944365096,FALSE
1H-Indole-3-Acetic Acid,sIL-6Ra,30,29,-0.033903175,"[-0.38, 0.32]",0.85632084,0.944365096,FALSE
Arginine [-NH3],IL-10,30,29,-0.033903175,"[-0.38, 0.32]",0.85632084,0.944365096,FALSE
Cysteine,IL-10,30,29,-0.033903175,"[-0.38, 0.32]",0.85632084,0.944365096,FALSE
4-Aminobutanoic acid,Osteocalcin,30,29,-0.033903175,"[-0.38, 0.32]",0.85632084,0.944365096,FALSE
4-Aminobutanoic acid,sTNF-R1,30,29,-0.033903175,"[-0.38, 0.32]",0.85632084,0.944365096,FALSE
1H-Indole-3-Acetic Acid,sTNF-R2,30,29,-0.033903175,"[-0.38, 0.32]",0.85632084,0.944365096,FALSE
3-OH-Butanoic Acid,TSLP,30,29,-0.033903175,"[-0.38, 0.32]",0.85632084,0.944365096,FALSE
1H-Indole-3-Acetic Acid,sCD30/TNFRSF8,30,29,-0.033903175,"[-0.38, 0.32]",0.85632084,0.944365096,FALSE
1H-Indole-3-Acetic Acid,Osteopontin,30,29,-0.033903175,"[-0.38, 0.32]",0.85632084,0.944365096,FALSE
4-Aminobutanoic acid,Osteopontin,30,29,-0.033903175,"[-0.38, 0.32]",0.85632084,0.944365096,FALSE
L-Rhamnose,TSLP,30,29,-0.033903175,"[-0.38, 0.32]",0.85632084,0.944365096,FALSE
Aminomalonic acid,gp130/sIL-6Rb,30,29,-0.033903175,"[-0.38, 0.32]",0.85632084,0.944365096,FALSE
Threonine,IL-10,30,29,-0.033903175,"[-0.38, 0.32]",0.85632084,0.944365096,FALSE
1-Monooleoylglycerol,IL-10,30,29,-0.033903175,"[-0.38, 0.32]",0.85632084,0.944365096,FALSE
2-Aminoheptanedioic acid,IL-10,30,29,-0.033903175,"[-0.38, 0.32]",0.85632084,0.944365096,FALSE
Ethyl alpha-D-glucopyranoside,IL-10,30,29,-0.033903175,"[-0.38, 0.32]",0.85632084,0.944365096,FALSE
1H-Indole-3-Acetic Acid,MMP-2,30,29,-0.033903175,"[-0.38, 0.32]",0.85632084,0.944365096,FALSE
Indole-3-Propionic Acid,Pentraxin-3,30,29,-0.033903175,"[-0.38, 0.32]",0.85632084,0.944365096,FALSE
1-Heptadecanol,sTNF-R1,30,29,-0.033903175,"[-0.38, 0.32]",0.85632084,0.944365096,FALSE
1H-Indole-3-Acetic Acid,TWEAK/TNFSF12,30,29,-0.033903175,"[-0.38, 0.32]",0.85632084,0.944365096,FALSE
Indole-3-Latic Acid,gp130/sIL-6Rb,30,29,-0.033903175,"[-0.38, 0.32]",0.85632084,0.944365096,FALSE
Diethanolamine,IL-10,30,29,-0.033903175,"[-0.38, 0.32]",0.85632084,0.944365096,FALSE
"11-Eicosenoic acid, (E)-",Pentraxin-3,30,29,-0.033903175,"[-0.38, 0.32]",0.85632084,0.944365096,FALSE
Arachidonic acid,IL-10,30,29,-0.033903175,"[-0.38, 0.32]",0.85632084,0.944365096,FALSE
Glyceric acid,IL-10,30,29,-0.033903175,"[-0.38, 0.32]",0.85632084,0.944365096,FALSE
Indole-3-Latic Acid,Pentraxin-3,30,29,-0.033903175,"[-0.38, 0.32]",0.85632084,0.944365096,FALSE
Asparagine,sCD163,30,29,-0.03509312,"[-0.38, 0.32]",0.851332681,0.944365096,FALSE
Asparagine,IL-12(p40),30,29,-0.03509312,"[-0.38, 0.32]",0.851332681,0.944365096,FALSE
"11-Eicosenoic acid, (E)-",sCD163,30,29,-0.03509312,"[-0.38, 0.32]",0.851332681,0.944365096,FALSE
Glycine,IL-20,30,29,-0.03509312,"[-0.38, 0.32]",0.851332681,0.944365096,FALSE
Decanoic acid,APRIL/TNFSF13,30,29,-0.035136418,"[-0.38, 0.32]",0.851151283,0.944365096,FALSE
Glycolic acid,APRIL/TNFSF13,30,29,-0.035136418,"[-0.38, 0.32]",0.851151283,0.944365096,FALSE
Valine,MMP-1,30,29,-0.035136418,"[-0.38, 0.32]",0.851151283,0.944365096,FALSE
Decanoic acid,MMP-1,30,29,-0.035136418,"[-0.38, 0.32]",0.851151283,0.944365096,FALSE
"1,3-Dioxolane-2-methanol",MMP-1,30,29,-0.035136418,"[-0.38, 0.32]",0.851151283,0.944365096,FALSE
L-Alanine,APRIL/TNFSF13,30,29,-0.035136418,"[-0.38, 0.32]",0.851151283,0.944365096,FALSE
Alanine,APRIL/TNFSF13,30,29,-0.035136418,"[-0.38, 0.32]",0.851151283,0.944365096,FALSE
Stearic Acid,APRIL/TNFSF13,30,29,-0.035136418,"[-0.38, 0.32]",0.851151283,0.944365096,FALSE
Diethanolamine,APRIL/TNFSF13,30,29,-0.035136418,"[-0.38, 0.32]",0.851151283,0.944365096,FALSE
"Ethanolamine, 2TMS",MMP-1,30,29,-0.035136418,"[-0.38, 0.32]",0.851151283,0.944365096,FALSE
Ethyl alpha-D-glucopyranoside,APRIL/TNFSF13,30,29,-0.035136418,"[-0.38, 0.32]",0.851151283,0.944365096,FALSE
Linoleic Acid,APRIL/TNFSF13,30,29,-0.035136418,"[-0.38, 0.32]",0.851151283,0.944365096,FALSE
Campesterol,APRIL/TNFSF13,30,29,-0.035136418,"[-0.38, 0.32]",0.851151283,0.944365096,FALSE
"2-Ethyl-3-hydroxypropionic acid, di-",MMP-1,30,29,-0.035136418,"[-0.38, 0.32]",0.851151283,0.944365096,FALSE
3-OH-Butanoic Acid,MMP-1,30,29,-0.035136418,"[-0.38, 0.32]",0.851151283,0.944365096,FALSE
Arachidonic acid,MMP-1,30,29,-0.035136418,"[-0.38, 0.32]",0.851151283,0.944365096,FALSE
L-(+)-Erythrulose,APRIL/TNFSF13,30,29,-0.035136418,"[-0.38, 0.32]",0.851151283,0.944365096,FALSE
Citric acid,MMP-1,30,29,-0.035737084,"[-0.39, 0.32]",0.848635567,0.944365096,FALSE
Glycine,IFN-a2,30,29,-0.036417852,"[-0.39, 0.32]",0.845786135,0.944365096,FALSE
1H-Indole-3-Acetic Acid,IFN-a2,30,29,-0.036417852,"[-0.39, 0.32]",0.845786135,0.944365096,FALSE
"2,3-Butanediol",IFN-y,30,29,-0.038069349,"[-0.39, 0.32]",0.8388816,0.944365096,FALSE
Linoleic Acid,IFN-y,30,29,-0.038069349,"[-0.39, 0.32]",0.8388816,0.944365096,FALSE
Palmitic Acid,IFN-y,30,29,-0.038069349,"[-0.39, 0.32]",0.8388816,0.944365096,FALSE
Diethanolamine,IFN-y,30,29,-0.038069349,"[-0.39, 0.32]",0.8388816,0.944365096,FALSE
Asparagine,IL-12(p70),30,29,-0.039590379,"[-0.39, 0.32]",0.832532885,0.944365096,FALSE
Glycine,IL-12(p70),30,29,-0.039590379,"[-0.39, 0.32]",0.832532885,0.944365096,FALSE
"11-Eicosenoic acid, (E)-",IL-29/IFN-lambda1,30,29,-0.039590379,"[-0.39, 0.32]",0.832532885,0.944365096,FALSE
1H-Indole-3-Acetic Acid,IL-29/IFN-lambda1,30,29,-0.039590379,"[-0.39, 0.32]",0.832532885,0.944365096,FALSE
Glycolic acid,IL-11,30,29,-0.047140452,"[-0.39, 0.31]",0.801179503,0.944365096,FALSE
Glycolic acid,IL-26,30,29,-0.047140452,"[-0.39, 0.31]",0.801179503,0.944365096,FALSE
"1,3-Dioxolane-2-methanol",IL-11,30,29,-0.047140452,"[-0.39, 0.31]",0.801179503,0.944365096,FALSE
Butanoic acid,IL-26,30,29,-0.047140452,"[-0.39, 0.31]",0.801179503,0.944365096,FALSE
D-(-)-Ribofuranose,IL-11,30,29,-0.047140452,"[-0.39, 0.31]",0.801179503,0.944365096,FALSE
Palmitic Acid,IL-26,30,29,-0.047140452,"[-0.39, 0.31]",0.801179503,0.944365096,FALSE
beta-D-Xylopyranose,IL-26,30,29,-0.047140452,"[-0.39, 0.31]",0.801179503,0.944365096,FALSE
Lysine,IL-11,30,29,-0.047140452,"[-0.39, 0.31]",0.801179503,0.944365096,FALSE
Leucine,IL-26,30,29,-0.047140452,"[-0.39, 0.31]",0.801179503,0.944365096,FALSE
Doconexent,IL-11,30,29,-0.047140452,"[-0.39, 0.31]",0.801179503,0.944365096,FALSE
Tryptophan,IL-26,30,29,-0.047140452,"[-0.39, 0.31]",0.801179503,0.944365096,FALSE
Oxalic acid,IL-11,30,29,-0.047140452,"[-0.39, 0.31]",0.801179503,0.944365096,FALSE
2-Aminoheptanedioic acid,IL-26,30,29,-0.047140452,"[-0.39, 0.31]",0.801179503,0.944365096,FALSE
2-Aminoadipic acid,IL-26,30,29,-0.047140452,"[-0.39, 0.31]",0.801179503,0.944365096,FALSE
Ethyl alpha-D-glucopyranoside,IL-11,30,29,-0.047140452,"[-0.39, 0.31]",0.801179503,0.944365096,FALSE
Erythritol,IL-11,30,29,-0.047140452,"[-0.39, 0.31]",0.801179503,0.944365096,FALSE
Phenylalanine,IL-11,30,29,-0.047140452,"[-0.39, 0.31]",0.801179503,0.944365096,FALSE
Ascorbic Acid,IL-26,30,29,-0.047140452,"[-0.39, 0.31]",0.801179503,0.944365096,FALSE
L-(+)-Erythrulose,IL-26,30,29,-0.047140452,"[-0.39, 0.31]",0.801179503,0.944365096,FALSE
L-Proline,IL-26,30,29,-0.047140452,"[-0.39, 0.31]",0.801179503,0.944365096,FALSE
Cholesterol,IL-26,30,29,-0.047140452,"[-0.39, 0.31]",0.801179503,0.944365096,FALSE
3-OH-Butanoic Acid,IL-11,30,29,-0.047140452,"[-0.39, 0.31]",0.801179503,0.944365096,FALSE
Glyceric acid,IL-11,30,29,-0.047140452,"[-0.39, 0.31]",0.801179503,0.944365096,FALSE
Phenylalanine,IL-26,30,29,-0.047140452,"[-0.39, 0.31]",0.801179503,0.944365096,FALSE
Arachidonic acid,IL-26,30,29,-0.047140452,"[-0.39, 0.31]",0.801179503,0.944365096,FALSE
Asparagine,IL-11,30,29,-0.04794633,"[-0.40, 0.31]",0.797849862,0.944365096,FALSE
Citric acid,IL-26,30,29,-0.04794633,"[-0.40, 0.31]",0.797849862,0.944365096,FALSE
Indole-3-Propionic Acid,IL-26,30,29,-0.04794633,"[-0.40, 0.31]",0.797849862,0.944365096,FALSE
"1,5-Anhydrohexitol",BAFF/TNFSF13B,30,29,-0.066666667,"[-0.41, 0.29]",0.721595268,0.885594192,FALSE
"1,5-Anhydrohexitol",MMP-2,30,29,-0.066666667,"[-0.41, 0.29]",0.721595268,0.885594192,FALSE
"1,5-Anhydrohexitol",MMP-3,30,29,-0.066666667,"[-0.41, 0.29]",0.721595268,0.885594192,FALSE
"1,5-Anhydrohexitol",TWEAK/TNFSF12,30,29,-0.066666667,"[-0.41, 0.29]",0.721595268,0.885594192,FALSE
"1,5-Anhydrohexitol",sIL-6Ra,30,29,-0.066666667,"[-0.41, 0.29]",0.721595268,0.885594192,FALSE
"1,5-Anhydrohexitol",sTNF-R1,30,29,-0.066666667,"[-0.41, 0.29]",0.721595268,0.885594192,FALSE
"1,5-Anhydrohexitol",gp130/sIL-6Rb,30,29,-0.066666667,"[-0.41, 0.29]",0.721595268,0.885594192,FALSE
Glycolic acid,Chitinase 3-like1,30,29,-0.066666667,"[-0.41, 0.29]",0.721595268,0.885594192,FALSE
Palmitelaidic acid,BAFF/TNFSF13B,30,29,-0.066666667,"[-0.41, 0.29]",0.721595268,0.885594192,FALSE
Palmitelaidic acid,gp130/sIL-6Rb,30,29,-0.066666667,"[-0.41, 0.29]",0.721595268,0.885594192,FALSE
Palmitelaidic acid,MMP-3,30,29,-0.066666667,"[-0.41, 0.29]",0.721595268,0.885594192,FALSE
Valine,Osteocalcin,30,29,-0.066666667,"[-0.41, 0.29]",0.721595268,0.885594192,FALSE
Glycolic acid,Osteocalcin,30,29,-0.066666667,"[-0.41, 0.29]",0.721595268,0.885594192,FALSE
L-Alanine,Osteopontin,30,29,-0.066666667,"[-0.41, 0.29]",0.721595268,0.885594192,FALSE
Ornithine,sTNF-R2,30,29,-0.066666667,"[-0.41, 0.29]",0.721595268,0.885594192,FALSE
Decanoic acid,BAFF/TNFSF13B,30,29,-0.066666667,"[-0.41, 0.29]",0.721595268,0.885594192,FALSE
Glyceraldehyde-3-P(MOX),sCD30/TNFRSF8,30,29,-0.066666667,"[-0.41, 0.29]",0.721595268,0.885594192,FALSE
Ornithine,sCD30/TNFRSF8,30,29,-0.066666667,"[-0.41, 0.29]",0.721595268,0.885594192,FALSE
Ornithine,Chitinase 3-like1,30,29,-0.066666667,"[-0.41, 0.29]",0.721595268,0.885594192,FALSE
Proline,gp130/sIL-6Rb,30,29,-0.066666667,"[-0.41, 0.29]",0.721595268,0.885594192,FALSE
Decanoic acid,sIL-6Ra,30,29,-0.066666667,"[-0.41, 0.29]",0.721595268,0.885594192,FALSE
Palmitelaidic acid,sIL-6Ra,30,29,-0.066666667,"[-0.41, 0.29]",0.721595268,0.885594192,FALSE
"2,3-Butanediol",MMP-2,30,29,-0.066666667,"[-0.41, 0.29]",0.721595268,0.885594192,FALSE
Methionine,MMP-3,30,29,-0.066666667,"[-0.41, 0.29]",0.721595268,0.885594192,FALSE
Serine,MMP-3,30,29,-0.066666667,"[-0.41, 0.29]",0.721595268,0.885594192,FALSE
Dodecanoic acid,MMP-3,30,29,-0.066666667,"[-0.41, 0.29]",0.721595268,0.885594192,FALSE
Alanine,Osteocalcin,30,29,-0.066666667,"[-0.41, 0.29]",0.721595268,0.885594192,FALSE
Alanine,Osteopontin,30,29,-0.066666667,"[-0.41, 0.29]",0.721595268,0.885594192,FALSE
Alanine,sTNF-R2,30,29,-0.066666667,"[-0.41, 0.29]",0.721595268,0.885594192,FALSE
Cysteine,sTNF-R2,30,29,-0.066666667,"[-0.41, 0.29]",0.721595268,0.885594192,FALSE
"2,3-Butanediol",TWEAK/TNFSF12,30,29,-0.066666667,"[-0.41, 0.29]",0.721595268,0.885594192,FALSE
Serine,BAFF/TNFSF13B,30,29,-0.066666667,"[-0.41, 0.29]",0.721595268,0.885594192,FALSE
Dodecanoic acid,BAFF/TNFSF13B,30,29,-0.066666667,"[-0.41, 0.29]",0.721595268,0.885594192,FALSE
Cysteine,sCD30/TNFRSF8,30,29,-0.066666667,"[-0.41, 0.29]",0.721595268,0.885594192,FALSE
Leucine,sCD30/TNFRSF8,30,29,-0.066666667,"[-0.41, 0.29]",0.721595268,0.885594192,FALSE
L-Alanine,Chitinase 3-like1,30,29,-0.066666667,"[-0.41, 0.29]",0.721595268,0.885594192,FALSE
Lysine,sIL-6Ra,30,29,-0.066666667,"[-0.41, 0.29]",0.721595268,0.885594192,FALSE
Methionine,sIL-6Ra,30,29,-0.066666667,"[-0.41, 0.29]",0.721595268,0.885594192,FALSE
L-Norvaline,MMP-2,30,29,-0.066666667,"[-0.41, 0.29]",0.721595268,0.885594192,FALSE
Cysteine,Osteocalcin,30,29,-0.066666667,"[-0.41, 0.29]",0.721595268,0.885594192,FALSE
L-Alanine,Osteocalcin,30,29,-0.066666667,"[-0.41, 0.29]",0.721595268,0.885594192,FALSE
beta-D-Xylopyranose,sTNF-R2,30,29,-0.066666667,"[-0.41, 0.29]",0.721595268,0.885594192,FALSE
L-Norvaline,TWEAK/TNFSF12,30,29,-0.066666667,"[-0.41, 0.29]",0.721595268,0.885594192,FALSE
Lysine,BAFF/TNFSF13B,30,29,-0.066666667,"[-0.41, 0.29]",0.721595268,0.885594192,FALSE
Threonine,sCD30/TNFRSF8,30,29,-0.066666667,"[-0.41, 0.29]",0.721595268,0.885594192,FALSE
Arachidonic acid.1,sCD30/TNFRSF8,30,29,-0.066666667,"[-0.41, 0.29]",0.721595268,0.885594192,FALSE
Arachidonic acid.1,Chitinase 3-like1,30,29,-0.066666667,"[-0.41, 0.29]",0.721595268,0.885594192,FALSE
Butanoic acid,Chitinase 3-like1,30,29,-0.066666667,"[-0.41, 0.29]",0.721595268,0.885594192,FALSE
Lysine,MMP-2,30,29,-0.066666667,"[-0.41, 0.29]",0.721595268,0.885594192,FALSE
Nonanoic acid,MMP-2,30,29,-0.066666667,"[-0.41, 0.29]",0.721595268,0.885594192,FALSE
L-Norvaline,MMP-3,30,29,-0.066666667,"[-0.41, 0.29]",0.721595268,0.885594192,FALSE
Leucine,Osteocalcin,30,29,-0.066666667,"[-0.41, 0.29]",0.721595268,0.885594192,FALSE
1-Ethyl-1-tetradecyloxy-1-silacyclohexane,Osteocalcin,30,29,-0.066666667,"[-0.41, 0.29]",0.721595268,0.885594192,FALSE
Butanoic acid,Osteocalcin,30,29,-0.066666667,"[-0.41, 0.29]",0.721595268,0.885594192,FALSE
Arginine [-NH3],Osteopontin,30,29,-0.066666667,"[-0.41, 0.29]",0.721595268,0.885594192,FALSE
Glycerol,Osteopontin,30,29,-0.066666667,"[-0.41, 0.29]",0.721595268,0.885594192,FALSE
Lactic Acid.1,Osteopontin,30,29,-0.066666667,"[-0.41, 0.29]",0.721595268,0.885594192,FALSE
Glutamine [-H2O],sTNF-R1,30,29,-0.066666667,"[-0.41, 0.29]",0.721595268,0.885594192,FALSE
Arginine [-NH3],sTNF-R2,30,29,-0.066666667,"[-0.41, 0.29]",0.721595268,0.885594192,FALSE
Butanoic acid,sTNF-R2,30,29,-0.066666667,"[-0.41, 0.29]",0.721595268,0.885594192,FALSE
Lysine,TWEAK/TNFSF12,30,29,-0.066666667,"[-0.41, 0.29]",0.721595268,0.885594192,FALSE
Nonanoic acid,TWEAK/TNFSF12,30,29,-0.066666667,"[-0.41, 0.29]",0.721595268,0.885594192,FALSE
Nonanoic acid,BAFF/TNFSF13B,30,29,-0.066666667,"[-0.41, 0.29]",0.721595268,0.885594192,FALSE
2-Aminoheptanedioic acid,sCD30/TNFRSF8,30,29,-0.066666667,"[-0.41, 0.29]",0.721595268,0.885594192,FALSE
D-(-)-Ribofuranose,sCD30/TNFRSF8,30,29,-0.066666667,"[-0.41, 0.29]",0.721595268,0.885594192,FALSE
1-Ethyl-1-tetradecyloxy-1-silacyclohexane,Chitinase 3-like1,30,29,-0.066666667,"[-0.41, 0.29]",0.721595268,0.885594192,FALSE
2-OH-Butanoic Acid,sIL-6Ra,30,29,-0.066666667,"[-0.41, 0.29]",0.721595268,0.885594192,FALSE
Doconexent,MMP-3,30,29,-0.066666667,"[-0.41, 0.29]",0.721595268,0.885594192,FALSE
Threonine,Osteopontin,30,29,-0.066666667,"[-0.41, 0.29]",0.721595268,0.885594192,FALSE
2-Aminoheptanedioic acid,sTNF-R2,30,29,-0.066666667,"[-0.41, 0.29]",0.721595268,0.885594192,FALSE
Tryptophan,BAFF/TNFSF13B,30,29,-0.066666667,"[-0.41, 0.29]",0.721595268,0.885594192,FALSE
L-Aspartic acid,BAFF/TNFSF13B,30,29,-0.066666667,"[-0.41, 0.29]",0.721595268,0.885594192,FALSE
Ethyl alpha-D-glucopyranoside,gp130/sIL-6Rb,30,29,-0.066666667,"[-0.41, 0.29]",0.721595268,0.885594192,FALSE
Oxalic acid,gp130/sIL-6Rb,30,29,-0.066666667,"[-0.41, 0.29]",0.721595268,0.885594192,FALSE
Tryptophan,MMP-2,30,29,-0.066666667,"[-0.41, 0.29]",0.721595268,0.885594192,FALSE
Doconexent,MMP-2,30,29,-0.066666667,"[-0.41, 0.29]",0.721595268,0.885594192,FALSE
Tryptophan,MMP-3,30,29,-0.066666667,"[-0.41, 0.29]",0.721595268,0.885594192,FALSE
Oxalic acid,MMP-3,30,29,-0.066666667,"[-0.41, 0.29]",0.721595268,0.885594192,FALSE
Valine,Pentraxin-3,30,29,-0.066666667,"[-0.41, 0.29]",0.721595268,0.885594192,FALSE
Doconexent,sTNF-R1,30,29,-0.066666667,"[-0.41, 0.29]",0.721595268,0.885594192,FALSE
D-(-)-Ribofuranose,sTNF-R2,30,29,-0.066666667,"[-0.41, 0.29]",0.721595268,0.885594192,FALSE
Tryptophan,TWEAK/TNFSF12,30,29,-0.066666667,"[-0.41, 0.29]",0.721595268,0.885594192,FALSE
Doconexent,TWEAK/TNFSF12,30,29,-0.066666667,"[-0.41, 0.29]",0.721595268,0.885594192,FALSE
Linoleic Acid,gp130/sIL-6Rb,30,29,-0.066666667,"[-0.41, 0.29]",0.721595268,0.885594192,FALSE
Tryptophan,gp130/sIL-6Rb,30,29,-0.066666667,"[-0.41, 0.29]",0.721595268,0.885594192,FALSE
L-Aspartic acid,gp130/sIL-6Rb,30,29,-0.066666667,"[-0.41, 0.29]",0.721595268,0.885594192,FALSE
L-Aspartic acid,MMP-3,30,29,-0.066666667,"[-0.41, 0.29]",0.721595268,0.885594192,FALSE
D-(-)-Ribofuranose,Osteocalcin,30,29,-0.066666667,"[-0.41, 0.29]",0.721595268,0.885594192,FALSE
1-Monopalmitin,Pentraxin-3,30,29,-0.066666667,"[-0.41, 0.29]",0.721595268,0.885594192,FALSE
2-Keto-3-methylvaleric acid,sTNF-R1,30,29,-0.066666667,"[-0.41, 0.29]",0.721595268,0.885594192,FALSE
2-Aminoadipic acid,sTNF-R2,30,29,-0.066666667,"[-0.41, 0.29]",0.721595268,0.885594192,FALSE
Ascorbic Acid,BAFF/TNFSF13B,30,29,-0.066666667,"[-0.41, 0.29]",0.721595268,0.885594192,FALSE
Glycerol-3-P,sCD30/TNFRSF8,30,29,-0.066666667,"[-0.41, 0.29]",0.721595268,0.885594192,FALSE
"9-Hexadecenoic acid, (Z)-",sCD30/TNFRSF8,30,29,-0.066666667,"[-0.41, 0.29]",0.721595268,0.885594192,FALSE
L-Proline,Chitinase 3-like1,30,29,-0.066666667,"[-0.41, 0.29]",0.721595268,0.885594192,FALSE
Methyl galactoside,sIL-6Ra,30,29,-0.066666667,"[-0.41, 0.29]",0.721595268,0.885594192,FALSE
Methyl galactoside,MMP-3,30,29,-0.066666667,"[-0.41, 0.29]",0.721595268,0.885594192,FALSE
L-Proline,Osteopontin,30,29,-0.066666667,"[-0.41, 0.29]",0.721595268,0.885594192,FALSE
Cysteine,Pentraxin-3,30,29,-0.066666667,"[-0.41, 0.29]",0.721595268,0.885594192,FALSE
Ethyl alpha-D-glucopyranoside,sTNF-R1,30,29,-0.066666667,"[-0.41, 0.29]",0.721595268,0.885594192,FALSE
Cholesterol,BAFF/TNFSF13B,30,29,-0.066666667,"[-0.41, 0.29]",0.721595268,0.885594192,FALSE
beta-Alanine,sCD30/TNFRSF8,30,29,-0.066666667,"[-0.41, 0.29]",0.721595268,0.885594192,FALSE
Ascorbic Acid,gp130/sIL-6Rb,30,29,-0.066666667,"[-0.41, 0.29]",0.721595268,0.885594192,FALSE
Ascorbic Acid,MMP-2,30,29,-0.066666667,"[-0.41, 0.29]",0.721595268,0.885594192,FALSE
Cholesterol,MMP-2,30,29,-0.066666667,"[-0.41, 0.29]",0.721595268,0.885594192,FALSE
Ascorbic Acid,MMP-3,30,29,-0.066666667,"[-0.41, 0.29]",0.721595268,0.885594192,FALSE
"Ethanolamine, 3TMS",Osteopontin,30,29,-0.066666667,"[-0.41, 0.29]",0.721595268,0.885594192,FALSE
Campesterol,sTNF-R2,30,29,-0.066666667,"[-0.41, 0.29]",0.721595268,0.885594192,FALSE
Ascorbic Acid,TWEAK/TNFSF12,30,29,-0.066666667,"[-0.41, 0.29]",0.721595268,0.885594192,FALSE
Cholesterol,TWEAK/TNFSF12,30,29,-0.066666667,"[-0.41, 0.29]",0.721595268,0.885594192,FALSE
"2-Ethyl-3-hydroxypropionic acid, di-",sCD30/TNFRSF8,30,29,-0.066666667,"[-0.41, 0.29]",0.721595268,0.885594192,FALSE
Campesterol,Chitinase 3-like1,30,29,-0.066666667,"[-0.41, 0.29]",0.721595268,0.885594192,FALSE
Cholesterol,sIL-6Ra,30,29,-0.066666667,"[-0.41, 0.29]",0.721595268,0.885594192,FALSE
L-5-Oxoproline,MMP-2,30,29,-0.066666667,"[-0.41, 0.29]",0.721595268,0.885594192,FALSE
Campesterol,Osteocalcin,30,29,-0.066666667,"[-0.41, 0.29]",0.721595268,0.885594192,FALSE
"2-Ethyl-3-hydroxypropionic acid, di-",Osteopontin,30,29,-0.066666667,"[-0.41, 0.29]",0.721595268,0.885594192,FALSE
L-Alanine,Pentraxin-3,30,29,-0.066666667,"[-0.41, 0.29]",0.721595268,0.885594192,FALSE
Cholesterol,sTNF-R1,30,29,-0.066666667,"[-0.41, 0.29]",0.721595268,0.885594192,FALSE
L-5-Oxoproline,TWEAK/TNFSF12,30,29,-0.066666667,"[-0.41, 0.29]",0.721595268,0.885594192,FALSE
Arachidonic acid,sCD30/TNFRSF8,30,29,-0.066666667,"[-0.41, 0.29]",0.721595268,0.885594192,FALSE
Campesterol,sCD30/TNFRSF8,30,29,-0.066666667,"[-0.41, 0.29]",0.721595268,0.885594192,FALSE
Arachidonic acid,Chitinase 3-like1,30,29,-0.066666667,"[-0.41, 0.29]",0.721595268,0.885594192,FALSE
L-Rhamnose,Chitinase 3-like1,30,29,-0.066666667,"[-0.41, 0.29]",0.721595268,0.885594192,FALSE
Arachidonic acid,sTNF-R2,30,29,-0.066666667,"[-0.41, 0.29]",0.721595268,0.885594192,FALSE
2-Aminoheptanedioic acid,Pentraxin-3,30,29,-0.066666667,"[-0.41, 0.29]",0.721595268,0.885594192,FALSE
"2-Ethyl-3-hydroxypropionic acid, di-",Pentraxin-3,30,29,-0.066666667,"[-0.41, 0.29]",0.721595268,0.885594192,FALSE
Phenylalanine,Osteopontin,30,29,-0.066666667,"[-0.41, 0.29]",0.721595268,0.885594192,FALSE
2-Aminoadipic acid,Pentraxin-3,30,29,-0.066666667,"[-0.41, 0.29]",0.721595268,0.885594192,FALSE
L-Rhamnose,Pentraxin-3,30,29,-0.066666667,"[-0.41, 0.29]",0.721595268,0.885594192,FALSE
Asparagine,IL-10,30,29,-0.068965517,"[-0.41, 0.29]",0.712393353,0.885594192,FALSE
Glycine,IL-10,30,29,-0.068965517,"[-0.41, 0.29]",0.712393353,0.885594192,FALSE
4-Aminobutanoic acid,IL-10,30,29,-0.068965517,"[-0.41, 0.29]",0.712393353,0.885594192,FALSE
"1,5-Anhydrohexitol",sCD163,30,29,-0.069006556,"[-0.41, 0.29]",0.712229438,0.885594192,FALSE
L-Alanine,sCD163,30,29,-0.069006556,"[-0.41, 0.29]",0.712229438,0.885594192,FALSE
Alanine,sCD163,30,29,-0.069006556,"[-0.41, 0.29]",0.712229438,0.885594192,FALSE
Cysteine,sCD163,30,29,-0.069006556,"[-0.41, 0.29]",0.712229438,0.885594192,FALSE
"2,3-Butanediol",sCD163,30,29,-0.069006556,"[-0.41, 0.29]",0.712229438,0.885594192,FALSE
beta-D-Xylopyranose,sCD163,30,29,-0.069006556,"[-0.41, 0.29]",0.712229438,0.885594192,FALSE
Threonine,sCD163,30,29,-0.069006556,"[-0.41, 0.29]",0.712229438,0.885594192,FALSE
Glycerol,sCD163,30,29,-0.069006556,"[-0.41, 0.29]",0.712229438,0.885594192,FALSE
Lactic Acid.1,sCD163,30,29,-0.069006556,"[-0.41, 0.29]",0.712229438,0.885594192,FALSE
Lactic Acid.1,IL-12(p40),30,29,-0.069006556,"[-0.41, 0.29]",0.712229438,0.885594192,FALSE
2-Aminoheptanedioic acid,sCD163,30,29,-0.069006556,"[-0.41, 0.29]",0.712229438,0.885594192,FALSE
Butanoic acid,sCD163,30,29,-0.069006556,"[-0.41, 0.29]",0.712229438,0.885594192,FALSE
D-(-)-Ribofuranose,IL-12(p40),30,29,-0.069006556,"[-0.41, 0.29]",0.712229438,0.885594192,FALSE
D-(-)-Ribofuranose,sCD163,30,29,-0.069006556,"[-0.41, 0.29]",0.712229438,0.885594192,FALSE
1-Monopalmitin,IL-19,30,29,-0.069006556,"[-0.41, 0.29]",0.712229438,0.885594192,FALSE
Erythritol,IL-12(p40),30,29,-0.069006556,"[-0.41, 0.29]",0.712229438,0.885594192,FALSE
Palmitelaidic acid,IL-19,30,29,-0.069006556,"[-0.41, 0.29]",0.712229438,0.885594192,FALSE
beta-Alanine,sCD163,30,29,-0.069006556,"[-0.41, 0.29]",0.712229438,0.885594192,FALSE
Valine,IL-19,30,29,-0.069006556,"[-0.41, 0.29]",0.712229438,0.885594192,FALSE
1-Monooleoylglycerol,sCD163,30,29,-0.069006556,"[-0.41, 0.29]",0.712229438,0.885594192,FALSE
Glyceraldehyde-3-P(MOX),IL-19,30,29,-0.069006556,"[-0.41, 0.29]",0.712229438,0.885594192,FALSE
beta-D-Xylopyranose,IL-20,30,29,-0.069006556,"[-0.41, 0.29]",0.712229438,0.885594192,FALSE
Nonanoic acid,IL-20,30,29,-0.069006556,"[-0.41, 0.29]",0.712229438,0.885594192,FALSE
Serine,IL-20,30,29,-0.069006556,"[-0.41, 0.29]",0.712229438,0.885594192,FALSE
D-(-)-Ribofuranose,IL-20,30,29,-0.069006556,"[-0.41, 0.29]",0.712229438,0.885594192,FALSE
"Ethanolamine, 3TMS",sCD163,30,29,-0.069006556,"[-0.41, 0.29]",0.712229438,0.885594192,FALSE
Cholesterol,IL-12(p40),30,29,-0.069006556,"[-0.41, 0.29]",0.712229438,0.885594192,FALSE
Cysteine,IL-19,30,29,-0.069006556,"[-0.41, 0.29]",0.712229438,0.885594192,FALSE
Glutamine [-H2O],IL-19,30,29,-0.069006556,"[-0.41, 0.29]",0.712229438,0.885594192,FALSE
Arachidonic acid,sCD163,30,29,-0.069006556,"[-0.41, 0.29]",0.712229438,0.885594192,FALSE
Serine,IL-19,30,29,-0.069006556,"[-0.41, 0.29]",0.712229438,0.885594192,FALSE
Tryptophan,IL-20,30,29,-0.069006556,"[-0.41, 0.29]",0.712229438,0.885594192,FALSE
1-Ethyl-1-tetradecyloxy-1-silacyclohexane,IL-20,30,29,-0.069006556,"[-0.41, 0.29]",0.712229438,0.885594192,FALSE
L-Norvaline,IL-20,30,29,-0.069006556,"[-0.41, 0.29]",0.712229438,0.885594192,FALSE
Tyrosine,IL-19,30,29,-0.069006556,"[-0.41, 0.29]",0.712229438,0.885594192,FALSE
Stearic Acid,IL-20,30,29,-0.069006556,"[-0.41, 0.29]",0.712229438,0.885594192,FALSE
2-Keto-3-methylvaleric acid,IL-20,30,29,-0.069006556,"[-0.41, 0.29]",0.712229438,0.885594192,FALSE
Diethanolamine,IL-19,30,29,-0.069006556,"[-0.41, 0.29]",0.712229438,0.885594192,FALSE
Ethyl alpha-D-glucopyranoside,IL-19,30,29,-0.069006556,"[-0.41, 0.29]",0.712229438,0.885594192,FALSE
DL-Ornithine,MMP-1,30,29,-0.071474169,"[-0.42, 0.29]",0.702396744,0.885594192,FALSE
"11-Eicosenoic acid, (E)-",APRIL/TNFSF13,30,29,-0.071474169,"[-0.42, 0.29]",0.702396744,0.885594192,FALSE
1-Monopalmitin,IFN-a2,30,29,-0.071611487,"[-0.42, 0.29]",0.701850937,0.885594192,FALSE
Glycolic acid,IFN-a2,30,29,-0.071611487,"[-0.42, 0.29]",0.701850937,0.885594192,FALSE
Decanoic acid,IL-35,30,29,-0.071611487,"[-0.42, 0.29]",0.701850937,0.885594192,FALSE
Lysine,IFN-a2,30,29,-0.071611487,"[-0.42, 0.29]",0.701850937,0.885594192,FALSE
Lactic Acid.1,IFN-a2,30,29,-0.071611487,"[-0.42, 0.29]",0.701850937,0.885594192,FALSE
Proline,IL-35,30,29,-0.071611487,"[-0.42, 0.29]",0.701850937,0.885594192,FALSE
1-Ethyl-1-tetradecyloxy-1-silacyclohexane,IFN-a2,30,29,-0.071611487,"[-0.42, 0.29]",0.701850937,0.885594192,FALSE
Nonanoic acid,IFN-a2,30,29,-0.071611487,"[-0.42, 0.29]",0.701850937,0.885594192,FALSE
beta-D-Xylopyranose,IL-35,30,29,-0.071611487,"[-0.42, 0.29]",0.701850937,0.885594192,FALSE
Tryptophan,IFN-a2,30,29,-0.071611487,"[-0.42, 0.29]",0.701850937,0.885594192,FALSE
2-Keto-3-methylvaleric acid,IFN-a2,30,29,-0.071611487,"[-0.42, 0.29]",0.701850937,0.885594192,FALSE
Oxalic acid,IFN-a2,30,29,-0.071611487,"[-0.42, 0.29]",0.701850937,0.885594192,FALSE
Stearic Acid,IL-35,30,29,-0.071611487,"[-0.42, 0.29]",0.701850937,0.885594192,FALSE
Diethanolamine,IFN-a2,30,29,-0.071611487,"[-0.42, 0.29]",0.701850937,0.885594192,FALSE
Ethyl alpha-D-glucopyranoside,IFN-a2,30,29,-0.071611487,"[-0.42, 0.29]",0.701850937,0.885594192,FALSE
Glutamic Acid,IL-35,30,29,-0.071611487,"[-0.42, 0.29]",0.701850937,0.885594192,FALSE
"9-Hexadecenoic acid, (Z)-",IL-35,30,29,-0.071611487,"[-0.42, 0.29]",0.701850937,0.885594192,FALSE
DL-Ornithine,IFN-y,30,29,-0.077440309,"[-0.42, 0.28]",0.678820195,0.885594192,FALSE
"11-Eicosenoic acid, (E)-",IFN-y,30,29,-0.077440309,"[-0.42, 0.28]",0.678820195,0.885594192,FALSE
Ornithine,IL-28A/IFN-lambda2,30,29,-0.077849894,"[-0.42, 0.28]",0.677212193,0.885594192,FALSE
Arginine [-NH3],IL-28A/IFN-lambda2,30,29,-0.077849894,"[-0.42, 0.28]",0.677212193,0.885594192,FALSE
"2,3-Butanediol",IL-28A/IFN-lambda2,30,29,-0.077849894,"[-0.42, 0.28]",0.677212193,0.885594192,FALSE
D-(-)-Ribofuranose,IL-28A/IFN-lambda2,30,29,-0.077849894,"[-0.42, 0.28]",0.677212193,0.885594192,FALSE
Valine,IL-12(p70),30,29,-0.077849894,"[-0.42, 0.28]",0.677212193,0.885594192,FALSE
Dodecanoic acid,IL-12(p70),30,29,-0.077849894,"[-0.42, 0.28]",0.677212193,0.885594192,FALSE
"2,3-Butanediol",IL-29/IFN-lambda1,30,29,-0.077849894,"[-0.42, 0.28]",0.677212193,0.885594192,FALSE
"2,3-Butanediol",IL-12(p70),30,29,-0.077849894,"[-0.42, 0.28]",0.677212193,0.885594192,FALSE
Cholesterol,IL-28A/IFN-lambda2,30,29,-0.077849894,"[-0.42, 0.28]",0.677212193,0.885594192,FALSE
L-Norvaline,IL-12(p70),30,29,-0.077849894,"[-0.42, 0.28]",0.677212193,0.885594192,FALSE
Oxalic acid,IL-12(p70),30,29,-0.077849894,"[-0.42, 0.28]",0.677212193,0.885594192,FALSE
3-OH-Butanoic Acid,IL-28A/IFN-lambda2,30,29,-0.077849894,"[-0.42, 0.28]",0.677212193,0.885594192,FALSE
L-Rhamnose,IL-28A/IFN-lambda2,30,29,-0.077849894,"[-0.42, 0.28]",0.677212193,0.885594192,FALSE
Oxalic acid,IL-29/IFN-lambda1,30,29,-0.077849894,"[-0.42, 0.28]",0.677212193,0.885594192,FALSE
Linoleic Acid,IL-12(p70),30,29,-0.077849894,"[-0.42, 0.28]",0.677212193,0.885594192,FALSE
1-Monooleoylglycerol,IL-12(p70),30,29,-0.077849894,"[-0.42, 0.28]",0.677212193,0.885594192,FALSE
Diethanolamine,IL-29/IFN-lambda1,30,29,-0.077849894,"[-0.42, 0.28]",0.677212193,0.885594192,FALSE
Glutamic Acid,IL-29/IFN-lambda1,30,29,-0.077849894,"[-0.42, 0.28]",0.677212193,0.885594192,FALSE
"2-Ethyl-3-hydroxypropionic acid, di-",IL-29/IFN-lambda1,30,29,-0.077849894,"[-0.42, 0.28]",0.677212193,0.885594192,FALSE
Cholesterol,IL-12(p70),30,29,-0.077849894,"[-0.42, 0.28]",0.677212193,0.885594192,FALSE
Glyceric acid,IL-29/IFN-lambda1,30,29,-0.077849894,"[-0.42, 0.28]",0.677212193,0.885594192,FALSE
Phenylalanine,IL-12(p70),30,29,-0.077849894,"[-0.42, 0.28]",0.677212193,0.885594192,FALSE
Phenylalanine,IL-29/IFN-lambda1,30,29,-0.077849894,"[-0.42, 0.28]",0.677212193,0.885594192,FALSE
DL-Ornithine,IL-11,30,29,-0.09589266,"[-0.44, 0.27]",0.607844736,0.885594192,FALSE
Asparagine,sCD30/TNFRSF8,30,29,-0.101709526,"[-0.44, 0.26]",0.586139787,0.885594192,FALSE
Asparagine,Chitinase 3-like1,30,29,-0.101709526,"[-0.44, 0.26]",0.586139787,0.885594192,FALSE
Asparagine,sTNF-R2,30,29,-0.101709526,"[-0.44, 0.26]",0.586139787,0.885594192,FALSE
Methionine,TSLP,30,29,-0.101709526,"[-0.44, 0.26]",0.586139787,0.885594192,FALSE
Serine,TSLP,30,29,-0.101709526,"[-0.44, 0.26]",0.586139787,0.885594192,FALSE
"2,3-Butanediol",TSLP,30,29,-0.101709526,"[-0.44, 0.26]",0.586139787,0.885594192,FALSE
"11-Eicosenoic acid, (E)-",BAFF/TNFSF13B,30,29,-0.101709526,"[-0.44, 0.26]",0.586139787,0.885594192,FALSE
4-Aminobutanoic acid,BAFF/TNFSF13B,30,29,-0.101709526,"[-0.44, 0.26]",0.586139787,0.885594192,FALSE
Citric acid,Chitinase 3-like1,30,29,-0.101709526,"[-0.44, 0.26]",0.586139787,0.885594192,FALSE
"11-Eicosenoic acid, (E)-",sIL-6Ra,30,29,-0.101709526,"[-0.44, 0.26]",0.586139787,0.885594192,FALSE
Leucine,IL-10,30,29,-0.101709526,"[-0.44, 0.26]",0.586139787,0.885594192,FALSE
Lysine,IL-10,30,29,-0.101709526,"[-0.44, 0.26]",0.586139787,0.885594192,FALSE
Ornithine,IL-10,30,29,-0.101709526,"[-0.44, 0.26]",0.586139787,0.885594192,FALSE
Proline,IL-10,30,29,-0.101709526,"[-0.44, 0.26]",0.586139787,0.885594192,FALSE
Stearic Acid,IL-10,30,29,-0.101709526,"[-0.44, 0.26]",0.586139787,0.885594192,FALSE
Tryptophan,IL-10,30,29,-0.101709526,"[-0.44, 0.26]",0.586139787,0.885594192,FALSE
"1,3-Dioxolane-2-methanol",IL-10,30,29,-0.101709526,"[-0.44, 0.26]",0.586139787,0.885594192,FALSE
"2,3-Butanediol",IL-10,30,29,-0.101709526,"[-0.44, 0.26]",0.586139787,0.885594192,FALSE
Arachidonic acid.1,IL-10,30,29,-0.101709526,"[-0.44, 0.26]",0.586139787,0.885594192,FALSE
Nonanoic acid,IL-10,30,29,-0.101709526,"[-0.44, 0.26]",0.586139787,0.885594192,FALSE
"11-Eicosenoic acid, (E)-",MMP-2,30,29,-0.101709526,"[-0.44, 0.26]",0.586139787,0.885594192,FALSE
4-Aminobutanoic acid,MMP-2,30,29,-0.101709526,"[-0.44, 0.26]",0.586139787,0.885594192,FALSE
DL-Ornithine,MMP-2,30,29,-0.101709526,"[-0.44, 0.26]",0.586139787,0.885594192,FALSE
1H-Indole-3-Acetic Acid,MMP-3,30,29,-0.101709526,"[-0.44, 0.26]",0.586139787,0.885594192,FALSE
Glycine,MMP-3,30,29,-0.101709526,"[-0.44, 0.26]",0.586139787,0.885594192,FALSE
4-Aminobutanoic acid,MMP-3,30,29,-0.101709526,"[-0.44, 0.26]",0.586139787,0.885594192,FALSE
Glycine,Osteocalcin,30,29,-0.101709526,"[-0.44, 0.26]",0.586139787,0.885594192,FALSE
DL-Ornithine,Osteocalcin,30,29,-0.101709526,"[-0.44, 0.26]",0.586139787,0.885594192,FALSE
Arachidonic acid,TSLP,30,29,-0.101709526,"[-0.44, 0.26]",0.586139787,0.885594192,FALSE
Cholesterol,TSLP,30,29,-0.101709526,"[-0.44, 0.26]",0.586139787,0.885594192,FALSE
Glycerol-3-P,TSLP,30,29,-0.101709526,"[-0.44, 0.26]",0.586139787,0.885594192,FALSE
Tyrosine,TSLP,30,29,-0.101709526,"[-0.44, 0.26]",0.586139787,0.885594192,FALSE
1-Ethyl-1-tetradecyloxy-1-silacyclohexane,TSLP,30,29,-0.101709526,"[-0.44, 0.26]",0.586139787,0.885594192,FALSE
2-Keto-3-methylvaleric acid,TSLP,30,29,-0.101709526,"[-0.44, 0.26]",0.586139787,0.885594192,FALSE
"9-Hexadecenoic acid, (Z)-",TSLP,30,29,-0.101709526,"[-0.44, 0.26]",0.586139787,0.885594192,FALSE
Nonanoic acid,TSLP,30,29,-0.101709526,"[-0.44, 0.26]",0.586139787,0.885594192,FALSE
"11-Eicosenoic acid, (E)-",TWEAK/TNFSF12,30,29,-0.101709526,"[-0.44, 0.26]",0.586139787,0.885594192,FALSE
4-Aminobutanoic acid,TWEAK/TNFSF12,30,29,-0.101709526,"[-0.44, 0.26]",0.586139787,0.885594192,FALSE
DL-Ornithine,TWEAK/TNFSF12,30,29,-0.101709526,"[-0.44, 0.26]",0.586139787,0.885594192,FALSE
Indole-3-Latic Acid,sIL-6Ra,30,29,-0.101709526,"[-0.44, 0.26]",0.586139787,0.885594192,FALSE
3-OH-Butanoic Acid,IL-10,30,29,-0.101709526,"[-0.44, 0.26]",0.586139787,0.885594192,FALSE
Cholesterol,IL-10,30,29,-0.101709526,"[-0.44, 0.26]",0.586139787,0.885594192,FALSE
Phenylalanine,IL-10,30,29,-0.101709526,"[-0.44, 0.26]",0.586139787,0.885594192,FALSE
Indole-3-Latic Acid,Osteopontin,30,29,-0.101709526,"[-0.44, 0.26]",0.586139787,0.885594192,FALSE
1H-Indole-3-Acetic Acid,Pentraxin-3,30,29,-0.101709526,"[-0.44, 0.26]",0.586139787,0.885594192,FALSE
Aminomalonic acid,Pentraxin-3,30,29,-0.101709526,"[-0.44, 0.26]",0.586139787,0.885594192,FALSE
1H-Indole-3-Acetic Acid,sCD163,30,29,-0.105279361,"[-0.44, 0.26]",0.572990511,0.885594192,FALSE
1-Heptadecanol,sCD163,30,29,-0.105279361,"[-0.44, 0.26]",0.572990511,0.885594192,FALSE
4-Aminobutanoic acid,sCD163,30,29,-0.105279361,"[-0.44, 0.26]",0.572990511,0.885594192,FALSE
DL-Ornithine,IL-12(p40),30,29,-0.105279361,"[-0.44, 0.26]",0.572990511,0.885594192,FALSE
Glycine,IL-19,30,29,-0.105279361,"[-0.44, 0.26]",0.572990511,0.885594192,FALSE
DL-Ornithine,IL-19,30,29,-0.105279361,"[-0.44, 0.26]",0.572990511,0.885594192,FALSE
Citric acid,IL-20,30,29,-0.105279361,"[-0.44, 0.26]",0.572990511,0.885594192,FALSE
Indole-3-Latic Acid,sCD163,30,29,-0.105279361,"[-0.44, 0.26]",0.572990511,0.885594192,FALSE
"1,3-Dioxolane-2-methanol",APRIL/TNFSF13,30,29,-0.105409255,"[-0.44, 0.26]",0.572514564,0.885594192,FALSE
Arachidonic acid.1,APRIL/TNFSF13,30,29,-0.105409255,"[-0.44, 0.26]",0.572514564,0.885594192,FALSE
1-Monopalmitin,MMP-1,30,29,-0.105409255,"[-0.44, 0.26]",0.572514564,0.885594192,FALSE
beta-D-Xylopyranose,MMP-1,30,29,-0.105409255,"[-0.44, 0.26]",0.572514564,0.885594192,FALSE
Arginine [-NH3],APRIL/TNFSF13,30,29,-0.105409255,"[-0.44, 0.26]",0.572514564,0.885594192,FALSE
Glycerol-3-P,APRIL/TNFSF13,30,29,-0.105409255,"[-0.44, 0.26]",0.572514564,0.885594192,FALSE
Lysine,APRIL/TNFSF13,30,29,-0.105409255,"[-0.44, 0.26]",0.572514564,0.885594192,FALSE
Phenylalanine,APRIL/TNFSF13,30,29,-0.105409255,"[-0.44, 0.26]",0.572514564,0.885594192,FALSE
2-Aminoheptanedioic acid,APRIL/TNFSF13,30,29,-0.105409255,"[-0.44, 0.26]",0.572514564,0.885594192,FALSE
D-(-)-Ribofuranose,APRIL/TNFSF13,30,29,-0.105409255,"[-0.44, 0.26]",0.572514564,0.885594192,FALSE
Nonanoic acid,APRIL/TNFSF13,30,29,-0.105409255,"[-0.44, 0.26]",0.572514564,0.885594192,FALSE
Arginine [-NH3],MMP-1,30,29,-0.105409255,"[-0.44, 0.26]",0.572514564,0.885594192,FALSE
Glutamic Acid,MMP-1,30,29,-0.105409255,"[-0.44, 0.26]",0.572514564,0.885594192,FALSE
Glycerol-3-P,MMP-1,30,29,-0.105409255,"[-0.44, 0.26]",0.572514564,0.885594192,FALSE
Stearic Acid,MMP-1,30,29,-0.105409255,"[-0.44, 0.26]",0.572514564,0.885594192,FALSE
D-(-)-Ribofuranose,MMP-1,30,29,-0.105409255,"[-0.44, 0.26]",0.572514564,0.885594192,FALSE
Ethyl alpha-D-glucopyranoside,MMP-1,30,29,-0.105409255,"[-0.44, 0.26]",0.572514564,0.885594192,FALSE
L-Norvaline,MMP-1,30,29,-0.105409255,"[-0.44, 0.26]",0.572514564,0.885594192,FALSE
DL-Ornithine,IFN-a2,30,29,-0.109253556,"[-0.45, 0.25]",0.558509846,0.885594192,FALSE
Citric acid,IL-35,30,29,-0.109253556,"[-0.45, 0.25]",0.558509846,0.885594192,FALSE
"11-Eicosenoic acid, (E)-",IFN-a2,30,29,-0.109253556,"[-0.45, 0.25]",0.558509846,0.885594192,FALSE
1H-Indole-3-Acetic Acid,IL-35,30,29,-0.109253556,"[-0.45, 0.25]",0.558509846,0.885594192,FALSE
3-OH-Butanoic Acid,IFN-y,30,29,-0.114208048,"[-0.45, 0.25]",0.540696974,0.885594192,FALSE
"2-Ethyl-3-hydroxypropionic acid, di-",IFN-y,30,29,-0.114208048,"[-0.45, 0.25]",0.540696974,0.885594192,FALSE
Ethyl alpha-D-glucopyranoside,IFN-y,30,29,-0.114208048,"[-0.45, 0.25]",0.540696974,0.885594192,FALSE
Glyceric acid,IFN-y,30,29,-0.114208048,"[-0.45, 0.25]",0.540696974,0.885594192,FALSE
1H-Indole-3-Acetic Acid,IFN-y,30,29,-0.116160464,"[-0.45, 0.25]",0.533752173,0.885594192,FALSE
DL-Ornithine,IL-28A/IFN-lambda2,30,29,-0.118771137,"[-0.45, 0.25]",0.524533162,0.885594192,FALSE
"11-Eicosenoic acid, (E)-",IL-28A/IFN-lambda2,30,29,-0.118771137,"[-0.45, 0.25]",0.524533162,0.885594192,FALSE
Valine,BAFF/TNFSF13B,30,29,-0.133333333,"[-0.47, 0.23]",0.474569513,0.838798936,FALSE
Arachidonic acid.1,BAFF/TNFSF13B,30,29,-0.133333333,"[-0.47, 0.23]",0.474569513,0.838798936,FALSE
beta-D-Xylopyranose,BAFF/TNFSF13B,30,29,-0.133333333,"[-0.47, 0.23]",0.474569513,0.838798936,FALSE
Butanoic acid,BAFF/TNFSF13B,30,29,-0.133333333,"[-0.47, 0.23]",0.474569513,0.838798936,FALSE
Glycolic acid,BAFF/TNFSF13B,30,29,-0.133333333,"[-0.47, 0.23]",0.474569513,0.838798936,FALSE
Decanoic acid,sCD30/TNFRSF8,30,29,-0.133333333,"[-0.47, 0.23]",0.474569513,0.838798936,FALSE
Glutamine [-H2O],sCD30/TNFRSF8,30,29,-0.133333333,"[-0.47, 0.23]",0.474569513,0.838798936,FALSE
Methionine,sCD30/TNFRSF8,30,29,-0.133333333,"[-0.47, 0.23]",0.474569513,0.838798936,FALSE
"2,3-Butanediol",sCD30/TNFRSF8,30,29,-0.133333333,"[-0.47, 0.23]",0.474569513,0.838798936,FALSE
Nonanoic acid,sCD30/TNFRSF8,30,29,-0.133333333,"[-0.47, 0.23]",0.474569513,0.838798936,FALSE
Decanoic acid,Chitinase 3-like1,30,29,-0.133333333,"[-0.47, 0.23]",0.474569513,0.838798936,FALSE
Methionine,Chitinase 3-like1,30,29,-0.133333333,"[-0.47, 0.23]",0.474569513,0.838798936,FALSE
Proline,Chitinase 3-like1,30,29,-0.133333333,"[-0.47, 0.23]",0.474569513,0.838798936,FALSE
Serine,Chitinase 3-like1,30,29,-0.133333333,"[-0.47, 0.23]",0.474569513,0.838798936,FALSE
"1,5-Anhydrohexitol",Chitinase 3-like1,30,29,-0.133333333,"[-0.47, 0.23]",0.474569513,0.838798936,FALSE
"2,3-Butanediol",Chitinase 3-like1,30,29,-0.133333333,"[-0.47, 0.23]",0.474569513,0.838798936,FALSE
L-Norvaline,Chitinase 3-like1,30,29,-0.133333333,"[-0.47, 0.23]",0.474569513,0.838798936,FALSE
Nonanoic acid,Chitinase 3-like1,30,29,-0.133333333,"[-0.47, 0.23]",0.474569513,0.838798936,FALSE
Palmitic Acid,gp130/sIL-6Rb,30,29,-0.133333333,"[-0.47, 0.23]",0.474569513,0.838798936,FALSE
Threonine,gp130/sIL-6Rb,30,29,-0.133333333,"[-0.47, 0.23]",0.474569513,0.838798936,FALSE
Butanoic acid,gp130/sIL-6Rb,30,29,-0.133333333,"[-0.47, 0.23]",0.474569513,0.838798936,FALSE
Glycolic acid,gp130/sIL-6Rb,30,29,-0.133333333,"[-0.47, 0.23]",0.474569513,0.838798936,FALSE
Alanine,sIL-6Ra,30,29,-0.133333333,"[-0.47, 0.23]",0.474569513,0.838798936,FALSE
Valine,sIL-6Ra,30,29,-0.133333333,"[-0.47, 0.23]",0.474569513,0.838798936,FALSE
1-Ethyl-1-tetradecyloxy-1-silacyclohexane,sIL-6Ra,30,29,-0.133333333,"[-0.47, 0.23]",0.474569513,0.838798936,FALSE
Butanoic acid,sIL-6Ra,30,29,-0.133333333,"[-0.47, 0.23]",0.474569513,0.838798936,FALSE
1-Ethyl-1-tetradecyloxy-1-silacyclohexane,MMP-2,30,29,-0.133333333,"[-0.47, 0.23]",0.474569513,0.838798936,FALSE
1-Monopalmitin,MMP-2,30,29,-0.133333333,"[-0.47, 0.23]",0.474569513,0.838798936,FALSE
Arachidonic acid.1,MMP-2,30,29,-0.133333333,"[-0.47, 0.23]",0.474569513,0.838798936,FALSE
Glycolic acid,MMP-2,30,29,-0.133333333,"[-0.47, 0.23]",0.474569513,0.838798936,FALSE
Lactic Acid.1,MMP-2,30,29,-0.133333333,"[-0.47, 0.23]",0.474569513,0.838798936,FALSE
Arginine [-NH3],MMP-3,30,29,-0.133333333,"[-0.47, 0.23]",0.474569513,0.838798936,FALSE
Cysteine,MMP-3,30,29,-0.133333333,"[-0.47, 0.23]",0.474569513,0.838798936,FALSE
Leucine,MMP-3,30,29,-0.133333333,"[-0.47, 0.23]",0.474569513,0.838798936,FALSE
Valine,MMP-3,30,29,-0.133333333,"[-0.47, 0.23]",0.474569513,0.838798936,FALSE
1-Monopalmitin,MMP-3,30,29,-0.133333333,"[-0.47, 0.23]",0.474569513,0.838798936,FALSE
Arachidonic acid.1,MMP-3,30,29,-0.133333333,"[-0.47, 0.23]",0.474569513,0.838798936,FALSE
Glycolic acid,MMP-3,30,29,-0.133333333,"[-0.47, 0.23]",0.474569513,0.838798936,FALSE
Lysine,Osteocalcin,30,29,-0.133333333,"[-0.47, 0.23]",0.474569513,0.838798936,FALSE
"2,3-Butanediol",Osteocalcin,30,29,-0.133333333,"[-0.47, 0.23]",0.474569513,0.838798936,FALSE
Dodecanoic acid,Osteocalcin,30,29,-0.133333333,"[-0.47, 0.23]",0.474569513,0.838798936,FALSE
Palmitelaidic acid,Osteocalcin,30,29,-0.133333333,"[-0.47, 0.23]",0.474569513,0.838798936,FALSE
Decanoic acid,Osteopontin,30,29,-0.133333333,"[-0.47, 0.23]",0.474569513,0.838798936,FALSE
Glutamine [-H2O],Osteopontin,30,29,-0.133333333,"[-0.47, 0.23]",0.474569513,0.838798936,FALSE
Dodecanoic acid,Osteopontin,30,29,-0.133333333,"[-0.47, 0.23]",0.474569513,0.838798936,FALSE
Nonanoic acid,Osteopontin,30,29,-0.133333333,"[-0.47, 0.23]",0.474569513,0.838798936,FALSE
"1,5-Anhydrohexitol",Pentraxin-3,30,29,-0.133333333,"[-0.47, 0.23]",0.474569513,0.838798936,FALSE
Cysteine,sTNF-R1,30,29,-0.133333333,"[-0.47, 0.23]",0.474569513,0.838798936,FALSE
1-Monopalmitin,sTNF-R1,30,29,-0.133333333,"[-0.47, 0.23]",0.474569513,0.838798936,FALSE
2-Aminoheptanedioic acid,sTNF-R1,30,29,-0.133333333,"[-0.47, 0.23]",0.474569513,0.838798936,FALSE
Arachidonic acid.1,sTNF-R1,30,29,-0.133333333,"[-0.47, 0.23]",0.474569513,0.838798936,FALSE
Glycolic acid,sTNF-R1,30,29,-0.133333333,"[-0.47, 0.23]",0.474569513,0.838798936,FALSE
Decanoic acid,sTNF-R2,30,29,-0.133333333,"[-0.47, 0.23]",0.474569513,0.838798936,FALSE
Lysine,sTNF-R2,30,29,-0.133333333,"[-0.47, 0.23]",0.474569513,0.838798936,FALSE
Serine,sTNF-R2,30,29,-0.133333333,"[-0.47, 0.23]",0.474569513,0.838798936,FALSE
"2,3-Butanediol",sTNF-R2,30,29,-0.133333333,"[-0.47, 0.23]",0.474569513,0.838798936,FALSE
Dodecanoic acid,sTNF-R2,30,29,-0.133333333,"[-0.47, 0.23]",0.474569513,0.838798936,FALSE
Palmitelaidic acid,sTNF-R2,30,29,-0.133333333,"[-0.47, 0.23]",0.474569513,0.838798936,FALSE
1-Ethyl-1-tetradecyloxy-1-silacyclohexane,TWEAK/TNFSF12,30,29,-0.133333333,"[-0.47, 0.23]",0.474569513,0.838798936,FALSE
1-Monopalmitin,TWEAK/TNFSF12,30,29,-0.133333333,"[-0.47, 0.23]",0.474569513,0.838798936,FALSE
Arachidonic acid.1,TWEAK/TNFSF12,30,29,-0.133333333,"[-0.47, 0.23]",0.474569513,0.838798936,FALSE
Glycolic acid,TWEAK/TNFSF12,30,29,-0.133333333,"[-0.47, 0.23]",0.474569513,0.838798936,FALSE
Lactic Acid.1,TWEAK/TNFSF12,30,29,-0.133333333,"[-0.47, 0.23]",0.474569513,0.838798936,FALSE
2-Aminoheptanedioic acid,BAFF/TNFSF13B,30,29,-0.133333333,"[-0.47, 0.23]",0.474569513,0.838798936,FALSE
Campesterol,BAFF/TNFSF13B,30,29,-0.133333333,"[-0.47, 0.23]",0.474569513,0.838798936,FALSE
L-(+)-Erythrulose,BAFF/TNFSF13B,30,29,-0.133333333,"[-0.47, 0.23]",0.474569513,0.838798936,FALSE
2-OH-Butanoic Acid,sCD30/TNFRSF8,30,29,-0.133333333,"[-0.47, 0.23]",0.474569513,0.838798936,FALSE
Cholesterol,sCD30/TNFRSF8,30,29,-0.133333333,"[-0.47, 0.23]",0.474569513,0.838798936,FALSE
Glutamic Acid,sCD30/TNFRSF8,30,29,-0.133333333,"[-0.47, 0.23]",0.474569513,0.838798936,FALSE
2-Keto-3-methylvaleric acid,sCD30/TNFRSF8,30,29,-0.133333333,"[-0.47, 0.23]",0.474569513,0.838798936,FALSE
Diethanolamine,sCD30/TNFRSF8,30,29,-0.133333333,"[-0.47, 0.23]",0.474569513,0.838798936,FALSE
Doconexent,sCD30/TNFRSF8,30,29,-0.133333333,"[-0.47, 0.23]",0.474569513,0.838798936,FALSE
Methyl galactoside,sCD30/TNFRSF8,30,29,-0.133333333,"[-0.47, 0.23]",0.474569513,0.838798936,FALSE
Glutamic Acid,Chitinase 3-like1,30,29,-0.133333333,"[-0.47, 0.23]",0.474569513,0.838798936,FALSE
Tryptophan,Chitinase 3-like1,30,29,-0.133333333,"[-0.47, 0.23]",0.474569513,0.838798936,FALSE
1-Monooleoylglycerol,Chitinase 3-like1,30,29,-0.133333333,"[-0.47, 0.23]",0.474569513,0.838798936,FALSE
2-Keto-3-methylvaleric acid,Chitinase 3-like1,30,29,-0.133333333,"[-0.47, 0.23]",0.474569513,0.838798936,FALSE
Doconexent,Chitinase 3-like1,30,29,-0.133333333,"[-0.47, 0.23]",0.474569513,0.838798936,FALSE
L-Aspartic acid,Chitinase 3-like1,30,29,-0.133333333,"[-0.47, 0.23]",0.474569513,0.838798936,FALSE
Arachidonic acid,gp130/sIL-6Rb,30,29,-0.133333333,"[-0.47, 0.23]",0.474569513,0.838798936,FALSE
Phenylalanine,gp130/sIL-6Rb,30,29,-0.133333333,"[-0.47, 0.23]",0.474569513,0.838798936,FALSE
D-(-)-Ribofuranose,gp130/sIL-6Rb,30,29,-0.133333333,"[-0.47, 0.23]",0.474569513,0.838798936,FALSE
Erythritol,gp130/sIL-6Rb,30,29,-0.133333333,"[-0.47, 0.23]",0.474569513,0.838798936,FALSE
"Ethanolamine, 3TMS",gp130/sIL-6Rb,30,29,-0.133333333,"[-0.47, 0.23]",0.474569513,0.838798936,FALSE
L-Proline,gp130/sIL-6Rb,30,29,-0.133333333,"[-0.47, 0.23]",0.474569513,0.838798936,FALSE
Phenylalanine,sIL-6Ra,30,29,-0.133333333,"[-0.47, 0.23]",0.474569513,0.838798936,FALSE
2-Aminoadipic acid,sIL-6Ra,30,29,-0.133333333,"[-0.47, 0.23]",0.474569513,0.838798936,FALSE
2-Aminoheptanedioic acid,sIL-6Ra,30,29,-0.133333333,"[-0.47, 0.23]",0.474569513,0.838798936,FALSE
"9-Hexadecenoic acid, (Z)-",sIL-6Ra,30,29,-0.133333333,"[-0.47, 0.23]",0.474569513,0.838798936,FALSE
beta-Alanine,sIL-6Ra,30,29,-0.133333333,"[-0.47, 0.23]",0.474569513,0.838798936,FALSE
Campesterol,sIL-6Ra,30,29,-0.133333333,"[-0.47, 0.23]",0.474569513,0.838798936,FALSE
"Ethanolamine, 3TMS",sIL-6Ra,30,29,-0.133333333,"[-0.47, 0.23]",0.474569513,0.838798936,FALSE
Glycerol-3-P,MMP-2,30,29,-0.133333333,"[-0.47, 0.23]",0.474569513,0.838798936,FALSE
2-Aminoheptanedioic acid,MMP-2,30,29,-0.133333333,"[-0.47, 0.23]",0.474569513,0.838798936,FALSE
Campesterol,MMP-2,30,29,-0.133333333,"[-0.47, 0.23]",0.474569513,0.838798936,FALSE
Erythritol,MMP-2,30,29,-0.133333333,"[-0.47, 0.23]",0.474569513,0.838798936,FALSE
2-Aminoadipic acid,MMP-3,30,29,-0.133333333,"[-0.47, 0.23]",0.474569513,0.838798936,FALSE
2-Aminoheptanedioic acid,MMP-3,30,29,-0.133333333,"[-0.47, 0.23]",0.474569513,0.838798936,FALSE
D-(-)-Ribofuranose,MMP-3,30,29,-0.133333333,"[-0.47, 0.23]",0.474569513,0.838798936,FALSE
Cholesterol,Osteocalcin,30,29,-0.133333333,"[-0.47, 0.23]",0.474569513,0.838798936,FALSE
Doconexent,Osteocalcin,30,29,-0.133333333,"[-0.47, 0.23]",0.474569513,0.838798936,FALSE
Nonanoic acid,Osteocalcin,30,29,-0.133333333,"[-0.47, 0.23]",0.474569513,0.838798936,FALSE
Cholesterol,Osteopontin,30,29,-0.133333333,"[-0.47, 0.23]",0.474569513,0.838798936,FALSE
Glutamic Acid,Osteopontin,30,29,-0.133333333,"[-0.47, 0.23]",0.474569513,0.838798936,FALSE
1-Monooleoylglycerol,Osteopontin,30,29,-0.133333333,"[-0.47, 0.23]",0.474569513,0.838798936,FALSE
Diethanolamine,Osteopontin,30,29,-0.133333333,"[-0.47, 0.23]",0.474569513,0.838798936,FALSE
Oxalic acid,Osteopontin,30,29,-0.133333333,"[-0.47, 0.23]",0.474569513,0.838798936,FALSE
"1,3-Dioxolane-2-methanol",Pentraxin-3,30,29,-0.133333333,"[-0.47, 0.23]",0.474569513,0.838798936,FALSE
Diethanolamine,Pentraxin-3,30,29,-0.133333333,"[-0.47, 0.23]",0.474569513,0.838798936,FALSE
Ethyl alpha-D-glucopyranoside,Pentraxin-3,30,29,-0.133333333,"[-0.47, 0.23]",0.474569513,0.838798936,FALSE
Oxalic acid,Pentraxin-3,30,29,-0.133333333,"[-0.47, 0.23]",0.474569513,0.838798936,FALSE
Palmitelaidic acid,Pentraxin-3,30,29,-0.133333333,"[-0.47, 0.23]",0.474569513,0.838798936,FALSE
Arachidonic acid,sTNF-R1,30,29,-0.133333333,"[-0.47, 0.23]",0.474569513,0.838798936,FALSE
Glycerol-3-P,sTNF-R1,30,29,-0.133333333,"[-0.47, 0.23]",0.474569513,0.838798936,FALSE
1-Ethyl-1-tetradecyloxy-1-silacyclohexane,sTNF-R1,30,29,-0.133333333,"[-0.47, 0.23]",0.474569513,0.838798936,FALSE
"9-Hexadecenoic acid, (Z)-",sTNF-R1,30,29,-0.133333333,"[-0.47, 0.23]",0.474569513,0.838798936,FALSE
beta-Alanine,sTNF-R1,30,29,-0.133333333,"[-0.47, 0.23]",0.474569513,0.838798936,FALSE
Campesterol,sTNF-R1,30,29,-0.133333333,"[-0.47, 0.23]",0.474569513,0.838798936,FALSE
L-Proline,sTNF-R1,30,29,-0.133333333,"[-0.47, 0.23]",0.474569513,0.838798936,FALSE
Ascorbic Acid,sTNF-R2,30,29,-0.133333333,"[-0.47, 0.23]",0.474569513,0.838798936,FALSE
Cholesterol,sTNF-R2,30,29,-0.133333333,"[-0.47, 0.23]",0.474569513,0.838798936,FALSE
2-Keto-3-methylvaleric acid,sTNF-R2,30,29,-0.133333333,"[-0.47, 0.23]",0.474569513,0.838798936,FALSE
Diethanolamine,sTNF-R2,30,29,-0.133333333,"[-0.47, 0.23]",0.474569513,0.838798936,FALSE
Doconexent,sTNF-R2,30,29,-0.133333333,"[-0.47, 0.23]",0.474569513,0.838798936,FALSE
Glycerol-3-P,TWEAK/TNFSF12,30,29,-0.133333333,"[-0.47, 0.23]",0.474569513,0.838798936,FALSE
2-Aminoheptanedioic acid,TWEAK/TNFSF12,30,29,-0.133333333,"[-0.47, 0.23]",0.474569513,0.838798936,FALSE
Campesterol,TWEAK/TNFSF12,30,29,-0.133333333,"[-0.47, 0.23]",0.474569513,0.838798936,FALSE
Erythritol,TWEAK/TNFSF12,30,29,-0.133333333,"[-0.47, 0.23]",0.474569513,0.838798936,FALSE
Citric acid,IL-10,30,29,-0.137931034,"[-0.47, 0.23]",0.4593265,0.838798936,FALSE
"11-Eicosenoic acid, (E)-",IL-10,30,29,-0.137931034,"[-0.47, 0.23]",0.4593265,0.838798936,FALSE
2-OH-Butanoic Acid,sCD163,30,29,-0.138013112,"[-0.47, 0.23]",0.459056767,0.838798936,FALSE
Arginine [-NH3],sCD163,30,29,-0.138013112,"[-0.47, 0.23]",0.459056767,0.838798936,FALSE
Glyceraldehyde-3-P(MOX),sCD163,30,29,-0.138013112,"[-0.47, 0.23]",0.459056767,0.838798936,FALSE
Leucine,sCD163,30,29,-0.138013112,"[-0.47, 0.23]",0.459056767,0.838798936,FALSE
Methionine,sCD163,30,29,-0.138013112,"[-0.47, 0.23]",0.459056767,0.838798936,FALSE
1-Ethyl-1-tetradecyloxy-1-silacyclohexane,sCD163,30,29,-0.138013112,"[-0.47, 0.23]",0.459056767,0.838798936,FALSE
Erythritol,sCD163,30,29,-0.138013112,"[-0.47, 0.23]",0.459056767,0.838798936,FALSE
Methyl galactoside,sCD163,30,29,-0.138013112,"[-0.47, 0.23]",0.459056767,0.838798936,FALSE
Glutamic Acid,IL-12(p40),30,29,-0.138013112,"[-0.47, 0.23]",0.459056767,0.838798936,FALSE
Glycerol-3-P,IL-12(p40),30,29,-0.138013112,"[-0.47, 0.23]",0.459056767,0.838798936,FALSE
Tryptophan,IL-12(p40),30,29,-0.138013112,"[-0.47, 0.23]",0.459056767,0.838798936,FALSE
"1,3-Dioxolane-2-methanol",IL-12(p40),30,29,-0.138013112,"[-0.47, 0.23]",0.459056767,0.838798936,FALSE
"2,3-Butanediol",IL-12(p40),30,29,-0.138013112,"[-0.47, 0.23]",0.459056767,0.838798936,FALSE
Dodecanoic acid,IL-12(p40),30,29,-0.138013112,"[-0.47, 0.23]",0.459056767,0.838798936,FALSE
Palmitelaidic acid,IL-12(p40),30,29,-0.138013112,"[-0.47, 0.23]",0.459056767,0.838798936,FALSE
"2,3-Butanediol",IL-19,30,29,-0.138013112,"[-0.47, 0.23]",0.459056767,0.838798936,FALSE
Lysine,IL-20,30,29,-0.138013112,"[-0.47, 0.23]",0.459056767,0.838798936,FALSE
Ornithine,IL-20,30,29,-0.138013112,"[-0.47, 0.23]",0.459056767,0.838798936,FALSE
Lactic Acid.1,IL-20,30,29,-0.138013112,"[-0.47, 0.23]",0.459056767,0.838798936,FALSE
Glutamic Acid,IL-19,30,29,-0.138013112,"[-0.47, 0.23]",0.459056767,0.838798936,FALSE
Linoleic Acid,IL-19,30,29,-0.138013112,"[-0.47, 0.23]",0.459056767,0.838798936,FALSE
2-Aminoheptanedioic acid,IL-19,30,29,-0.138013112,"[-0.47, 0.23]",0.459056767,0.838798936,FALSE
Arginine [-NH3],IL-20,30,29,-0.138013112,"[-0.47, 0.23]",0.459056767,0.838798936,FALSE
Glutamic Acid,IL-20,30,29,-0.138013112,"[-0.47, 0.23]",0.459056767,0.838798936,FALSE
Glycerol-3-P,IL-20,30,29,-0.138013112,"[-0.47, 0.23]",0.459056767,0.838798936,FALSE
Linoleic Acid,IL-20,30,29,-0.138013112,"[-0.47, 0.23]",0.459056767,0.838798936,FALSE
Doconexent,IL-20,30,29,-0.138013112,"[-0.47, 0.23]",0.459056767,0.838798936,FALSE
Erythritol,IL-20,30,29,-0.138013112,"[-0.47, 0.23]",0.459056767,0.838798936,FALSE
Decanoic acid,IL-26,30,29,-0.141421356,"[-0.47, 0.22]",0.447930711,0.838798936,FALSE
Ornithine,IL-26,30,29,-0.141421356,"[-0.47, 0.22]",0.447930711,0.838798936,FALSE
L-Alanine,IL-26,30,29,-0.141421356,"[-0.47, 0.22]",0.447930711,0.838798936,FALSE
Glycerol-3-P,IL-11,30,29,-0.141421356,"[-0.47, 0.22]",0.447930711,0.838798936,FALSE
Linoleic Acid,IL-11,30,29,-0.141421356,"[-0.47, 0.22]",0.447930711,0.838798936,FALSE
Tryptophan,IL-11,30,29,-0.141421356,"[-0.47, 0.22]",0.447930711,0.838798936,FALSE
1-Monooleoylglycerol,IL-11,30,29,-0.141421356,"[-0.47, 0.22]",0.447930711,0.838798936,FALSE
beta-D-Xylopyranose,IL-11,30,29,-0.141421356,"[-0.47, 0.22]",0.447930711,0.838798936,FALSE
Diethanolamine,IL-11,30,29,-0.141421356,"[-0.47, 0.22]",0.447930711,0.838798936,FALSE
L-Norvaline,IL-11,30,29,-0.141421356,"[-0.47, 0.22]",0.447930711,0.838798936,FALSE
Methyl galactoside,IL-11,30,29,-0.141421356,"[-0.47, 0.22]",0.447930711,0.838798936,FALSE
Glutamic Acid,IL-26,30,29,-0.141421356,"[-0.47, 0.22]",0.447930711,0.838798936,FALSE
Linoleic Acid,IL-26,30,29,-0.141421356,"[-0.47, 0.22]",0.447930711,0.838798936,FALSE
Lysine,IL-26,30,29,-0.141421356,"[-0.47, 0.22]",0.447930711,0.838798936,FALSE
Methionine,IL-26,30,29,-0.141421356,"[-0.47, 0.22]",0.447930711,0.838798936,FALSE
Proline,IL-26,30,29,-0.141421356,"[-0.47, 0.22]",0.447930711,0.838798936,FALSE
Stearic Acid,IL-26,30,29,-0.141421356,"[-0.47, 0.22]",0.447930711,0.838798936,FALSE
1-Monooleoylglycerol,IL-26,30,29,-0.141421356,"[-0.47, 0.22]",0.447930711,0.838798936,FALSE
"2-Ethyl-3-hydroxypropionic acid, di-",IL-26,30,29,-0.141421356,"[-0.47, 0.22]",0.447930711,0.838798936,FALSE
2-Keto-3-methylvaleric acid,IL-26,30,29,-0.141421356,"[-0.47, 0.22]",0.447930711,0.838798936,FALSE
"9-Hexadecenoic acid, (Z)-",IL-26,30,29,-0.141421356,"[-0.47, 0.22]",0.447930711,0.838798936,FALSE
Ethyl alpha-D-glucopyranoside,IL-26,30,29,-0.141421356,"[-0.47, 0.22]",0.447930711,0.838798936,FALSE
L-Aspartic acid,IL-26,30,29,-0.141421356,"[-0.47, 0.22]",0.447930711,0.838798936,FALSE
Glyceric acid,IL-26,30,29,-0.141421356,"[-0.47, 0.22]",0.447930711,0.838798936,FALSE
Citric acid,APRIL/TNFSF13,30,29,-0.142948338,"[-0.47, 0.22]",0.442993455,0.838798936,FALSE
DL-Ornithine,APRIL/TNFSF13,30,29,-0.142948338,"[-0.47, 0.22]",0.442993455,0.838798936,FALSE
1-Heptadecanol,APRIL/TNFSF13,30,29,-0.142948338,"[-0.47, 0.22]",0.442993455,0.838798936,FALSE
Leucine,IFN-a2,30,29,-0.143222975,"[-0.47, 0.22]",0.442108598,0.838798936,FALSE
Ornithine,IFN-a2,30,29,-0.143222975,"[-0.47, 0.22]",0.442108598,0.838798936,FALSE
Serine,IFN-a2,30,29,-0.143222975,"[-0.47, 0.22]",0.442108598,0.838798936,FALSE
"1,3-Dioxolane-2-methanol",IFN-a2,30,29,-0.143222975,"[-0.47, 0.22]",0.442108598,0.838798936,FALSE
2-Aminoheptanedioic acid,IFN-a2,30,29,-0.143222975,"[-0.47, 0.22]",0.442108598,0.838798936,FALSE
Doconexent,IFN-a2,30,29,-0.143222975,"[-0.47, 0.22]",0.442108598,0.838798936,FALSE
Palmitelaidic acid,IFN-a2,30,29,-0.143222975,"[-0.47, 0.22]",0.442108598,0.838798936,FALSE
"2,3-Butanediol",IL-35,30,29,-0.143222975,"[-0.47, 0.22]",0.442108598,0.838798936,FALSE
Arachidonic acid.1,IL-35,30,29,-0.143222975,"[-0.47, 0.22]",0.442108598,0.838798936,FALSE
L-Norvaline,IL-35,30,29,-0.143222975,"[-0.47, 0.22]",0.442108598,0.838798936,FALSE
Glutamic Acid,IFN-a2,30,29,-0.143222975,"[-0.47, 0.22]",0.442108598,0.838798936,FALSE
Phenylalanine,IFN-a2,30,29,-0.143222975,"[-0.47, 0.22]",0.442108598,0.838798936,FALSE
Erythritol,IFN-a2,30,29,-0.143222975,"[-0.47, 0.22]",0.442108598,0.838798936,FALSE
L-Proline,IFN-a2,30,29,-0.143222975,"[-0.47, 0.22]",0.442108598,0.838798936,FALSE
Linoleic Acid,IL-35,30,29,-0.143222975,"[-0.47, 0.22]",0.442108598,0.838798936,FALSE
"11-Eicosenoic acid, (E)-",IL-11,30,29,-0.14383899,"[-0.47, 0.22]",0.440127335,0.838798936,FALSE
1H-Indole-3-Acetic Acid,IL-11,30,29,-0.14383899,"[-0.47, 0.22]",0.440127335,0.838798936,FALSE
Indole-3-Latic Acid,IL-26,30,29,-0.14383899,"[-0.47, 0.22]",0.440127335,0.838798936,FALSE
4-Aminobutanoic acid,IL-26,30,29,-0.14383899,"[-0.47, 0.22]",0.440127335,0.838798936,FALSE
beta-D-Xylopyranose,IL-28A/IFN-lambda2,30,29,-0.155699789,"[-0.48, 0.21]",0.402933515,0.838798936,FALSE
Dodecanoic acid,IL-28A/IFN-lambda2,30,29,-0.155699789,"[-0.48, 0.21]",0.402933515,0.838798936,FALSE
Lactic Acid.1,IL-28A/IFN-lambda2,30,29,-0.155699789,"[-0.48, 0.21]",0.402933515,0.838798936,FALSE
1-Ethyl-1-tetradecyloxy-1-silacyclohexane,IL-12(p70),30,29,-0.155699789,"[-0.48, 0.21]",0.402933515,0.838798936,FALSE
beta-D-Xylopyranose,IL-12(p70),30,29,-0.155699789,"[-0.48, 0.21]",0.402933515,0.838798936,FALSE
Palmitelaidic acid,IL-12(p70),30,29,-0.155699789,"[-0.48, 0.21]",0.402933515,0.838798936,FALSE
Glycerol-3-P,IL-28A/IFN-lambda2,30,29,-0.155699789,"[-0.48, 0.21]",0.402933515,0.838798936,FALSE
Palmitic Acid,IL-28A/IFN-lambda2,30,29,-0.155699789,"[-0.48, 0.21]",0.402933515,0.838798936,FALSE
"9-Hexadecenoic acid, (Z)-",IL-28A/IFN-lambda2,30,29,-0.155699789,"[-0.48, 0.21]",0.402933515,0.838798936,FALSE
Campesterol,IL-28A/IFN-lambda2,30,29,-0.155699789,"[-0.48, 0.21]",0.402933515,0.838798936,FALSE
Diethanolamine,IL-28A/IFN-lambda2,30,29,-0.155699789,"[-0.48, 0.21]",0.402933515,0.838798936,FALSE
Doconexent,IL-28A/IFN-lambda2,30,29,-0.155699789,"[-0.48, 0.21]",0.402933515,0.838798936,FALSE
Erythritol,IL-28A/IFN-lambda2,30,29,-0.155699789,"[-0.48, 0.21]",0.402933515,0.838798936,FALSE
Glyceric acid,IL-28A/IFN-lambda2,30,29,-0.155699789,"[-0.48, 0.21]",0.402933515,0.838798936,FALSE
Nonanoic acid,IL-28A/IFN-lambda2,30,29,-0.155699789,"[-0.48, 0.21]",0.402933515,0.838798936,FALSE
1-Ethyl-1-tetradecyloxy-1-silacyclohexane,IL-29/IFN-lambda1,30,29,-0.155699789,"[-0.48, 0.21]",0.402933515,0.838798936,FALSE
"1,3-Dioxolane-2-methanol",IL-29/IFN-lambda1,30,29,-0.155699789,"[-0.48, 0.21]",0.402933515,0.838798936,FALSE
Doconexent,IL-29/IFN-lambda1,30,29,-0.155699789,"[-0.48, 0.21]",0.402933515,0.838798936,FALSE
Diethanolamine,IL-12(p70),30,29,-0.155699789,"[-0.48, 0.21]",0.402933515,0.838798936,FALSE
Glyceric acid,IL-12(p70),30,29,-0.155699789,"[-0.48, 0.21]",0.402933515,0.838798936,FALSE
Linoleic Acid,IL-29/IFN-lambda1,30,29,-0.155699789,"[-0.48, 0.21]",0.402933515,0.838798936,FALSE
Glycine,IL-28A/IFN-lambda2,30,29,-0.158361516,"[-0.49, 0.21]",0.394839333,0.838798936,FALSE
1-Heptadecanol,IL-28A/IFN-lambda2,30,29,-0.158361516,"[-0.49, 0.21]",0.394839333,0.838798936,FALSE
Asparagine,sTNF-R1,30,29,-0.169515876,"[-0.49, 0.20]",0.361947182,0.838798936,FALSE
Glycine,Chitinase 3-like1,30,29,-0.169515876,"[-0.49, 0.20]",0.361947182,0.838798936,FALSE
Alanine,IL-10,30,29,-0.169515876,"[-0.49, 0.20]",0.361947182,0.838798936,FALSE
1-Monopalmitin,IL-10,30,29,-0.169515876,"[-0.49, 0.20]",0.361947182,0.838798936,FALSE
D-(-)-Ribofuranose,IL-10,30,29,-0.169515876,"[-0.49, 0.20]",0.361947182,0.838798936,FALSE
Dodecanoic acid,IL-10,30,29,-0.169515876,"[-0.49, 0.20]",0.361947182,0.838798936,FALSE
Indole-3-Propionic Acid,Osteopontin,30,29,-0.169515876,"[-0.49, 0.20]",0.361947182,0.838798936,FALSE
"11-Eicosenoic acid, (E)-",Osteopontin,30,29,-0.169515876,"[-0.49, 0.20]",0.361947182,0.838798936,FALSE
4-Aminobutanoic acid,sTNF-R2,30,29,-0.169515876,"[-0.49, 0.20]",0.361947182,0.838798936,FALSE
Arginine [-NH3],TSLP,30,29,-0.169515876,"[-0.49, 0.20]",0.361947182,0.838798936,FALSE
Lysine,TSLP,30,29,-0.169515876,"[-0.49, 0.20]",0.361947182,0.838798936,FALSE
Erythritol,TSLP,30,29,-0.169515876,"[-0.49, 0.20]",0.361947182,0.838798936,FALSE
L-Norvaline,TSLP,30,29,-0.169515876,"[-0.49, 0.20]",0.361947182,0.838798936,FALSE
L-Proline,TSLP,30,29,-0.169515876,"[-0.49, 0.20]",0.361947182,0.838798936,FALSE
L-(+)-Erythrulose,IL-10,30,29,-0.169515876,"[-0.49, 0.20]",0.361947182,0.838798936,FALSE
1-Heptadecanol,MMP-2,30,29,-0.169515876,"[-0.49, 0.20]",0.361947182,0.838798936,FALSE
1-Heptadecanol,MMP-3,30,29,-0.169515876,"[-0.49, 0.20]",0.361947182,0.838798936,FALSE
4-Aminobutanoic acid,Pentraxin-3,30,29,-0.169515876,"[-0.49, 0.20]",0.361947182,0.838798936,FALSE
1-Heptadecanol,TWEAK/TNFSF12,30,29,-0.169515876,"[-0.49, 0.20]",0.361947182,0.838798936,FALSE
1H-Indole-3-Acetic Acid,IL-12(p40),30,29,-0.175465602,"[-0.50, 0.19]",0.345089436,0.838798936,FALSE
Citric acid,IL-19,30,29,-0.175465602,"[-0.50, 0.19]",0.345089436,0.838798936,FALSE
1-Monopalmitin,APRIL/TNFSF13,30,29,-0.175682092,"[-0.50, 0.19]",0.344485129,0.838798936,FALSE
L-Norvaline,APRIL/TNFSF13,30,29,-0.175682092,"[-0.50, 0.19]",0.344485129,0.838798936,FALSE
Dodecanoic acid,MMP-1,30,29,-0.175682092,"[-0.50, 0.19]",0.344485129,0.838798936,FALSE
1-Monooleoylglycerol,APRIL/TNFSF13,30,29,-0.175682092,"[-0.50, 0.19]",0.344485129,0.838798936,FALSE
"2-Ethyl-3-hydroxypropionic acid, di-",APRIL/TNFSF13,30,29,-0.175682092,"[-0.50, 0.19]",0.344485129,0.838798936,FALSE
Erythritol,APRIL/TNFSF13,30,29,-0.175682092,"[-0.50, 0.19]",0.344485129,0.838798936,FALSE
Linoleic Acid,MMP-1,30,29,-0.175682092,"[-0.50, 0.19]",0.344485129,0.838798936,FALSE
1-Monooleoylglycerol,MMP-1,30,29,-0.175682092,"[-0.50, 0.19]",0.344485129,0.838798936,FALSE
"9-Hexadecenoic acid, (Z)-",MMP-1,30,29,-0.175682092,"[-0.50, 0.19]",0.344485129,0.838798936,FALSE
Campesterol,MMP-1,30,29,-0.175682092,"[-0.50, 0.19]",0.344485129,0.838798936,FALSE
1H-Indole-3-Acetic Acid,MMP-1,30,29,-0.178685422,"[-0.50, 0.19]",0.336167794,0.838798936,FALSE
1-Heptadecanol,IL-35,30,29,-0.18208926,"[-0.50, 0.18]",0.326890699,0.838798936,FALSE
1-Ethyl-1-tetradecyloxy-1-silacyclohexane,IFN-y,30,29,-0.190346747,"[-0.51, 0.18]",0.305047301,0.838798936,FALSE
D-(-)-Ribofuranose,IFN-y,30,29,-0.190346747,"[-0.51, 0.18]",0.305047301,0.838798936,FALSE
Phenylalanine,IFN-y,30,29,-0.190346747,"[-0.51, 0.18]",0.305047301,0.838798936,FALSE
Doconexent,IFN-y,30,29,-0.190346747,"[-0.51, 0.18]",0.305047301,0.838798936,FALSE
4-Aminobutanoic acid,IL-28A/IFN-lambda2,30,29,-0.197951896,"[-0.52, 0.17]",0.285761781,0.82362506,FALSE
1-Heptadecanol,IL-12(p70),30,29,-0.197951896,"[-0.52, 0.17]",0.285761781,0.82362506,FALSE
2-Keto-3-methylvaleric acid,BAFF/TNFSF13B,30,29,-0.2,"[-0.52, 0.17]",0.280704648,0.813039725,FALSE
"2,3-Butanediol",BAFF/TNFSF13B,30,29,-0.2,"[-0.52, 0.17]",0.280704648,0.813039725,FALSE
Diethanolamine,BAFF/TNFSF13B,30,29,-0.2,"[-0.52, 0.17]",0.280704648,0.813039725,FALSE
Doconexent,BAFF/TNFSF13B,30,29,-0.2,"[-0.52, 0.17]",0.280704648,0.813039725,FALSE
Alanine,sCD30/TNFRSF8,30,29,-0.2,"[-0.52, 0.17]",0.280704648,0.813039725,FALSE
Arginine [-NH3],sCD30/TNFRSF8,30,29,-0.2,"[-0.52, 0.17]",0.280704648,0.813039725,FALSE
Valine,sCD30/TNFRSF8,30,29,-0.2,"[-0.52, 0.17]",0.280704648,0.813039725,FALSE
1-Ethyl-1-tetradecyloxy-1-silacyclohexane,sCD30/TNFRSF8,30,29,-0.2,"[-0.52, 0.17]",0.280704648,0.813039725,FALSE
1-Monopalmitin,sCD30/TNFRSF8,30,29,-0.2,"[-0.52, 0.17]",0.280704648,0.813039725,FALSE
Butanoic acid,sCD30/TNFRSF8,30,29,-0.2,"[-0.52, 0.17]",0.280704648,0.813039725,FALSE
Glycolic acid,sCD30/TNFRSF8,30,29,-0.2,"[-0.52, 0.17]",0.280704648,0.813039725,FALSE
Lactic Acid.1,sCD30/TNFRSF8,30,29,-0.2,"[-0.52, 0.17]",0.280704648,0.813039725,FALSE
Alanine,Chitinase 3-like1,30,29,-0.2,"[-0.52, 0.17]",0.280704648,0.813039725,FALSE
Arginine [-NH3],Chitinase 3-like1,30,29,-0.2,"[-0.52, 0.17]",0.280704648,0.813039725,FALSE
Cysteine,Chitinase 3-like1,30,29,-0.2,"[-0.52, 0.17]",0.280704648,0.813039725,FALSE
Leucine,Chitinase 3-like1,30,29,-0.2,"[-0.52, 0.17]",0.280704648,0.813039725,FALSE
1-Monopalmitin,Chitinase 3-like1,30,29,-0.2,"[-0.52, 0.17]",0.280704648,0.813039725,FALSE
2-Aminoadipic acid,Chitinase 3-like1,30,29,-0.2,"[-0.52, 0.17]",0.280704648,0.813039725,FALSE
2-Aminoheptanedioic acid,Chitinase 3-like1,30,29,-0.2,"[-0.52, 0.17]",0.280704648,0.813039725,FALSE
D-(-)-Ribofuranose,Chitinase 3-like1,30,29,-0.2,"[-0.52, 0.17]",0.280704648,0.813039725,FALSE
Erythritol,Chitinase 3-like1,30,29,-0.2,"[-0.52, 0.17]",0.280704648,0.813039725,FALSE
Lactic Acid.1,Chitinase 3-like1,30,29,-0.2,"[-0.52, 0.17]",0.280704648,0.813039725,FALSE
Decanoic acid,gp130/sIL-6Rb,30,29,-0.2,"[-0.52, 0.17]",0.280704648,0.813039725,FALSE
Glutamic Acid,gp130/sIL-6Rb,30,29,-0.2,"[-0.52, 0.17]",0.280704648,0.813039725,FALSE
Lysine,gp130/sIL-6Rb,30,29,-0.2,"[-0.52, 0.17]",0.280704648,0.813039725,FALSE
Serine,gp130/sIL-6Rb,30,29,-0.2,"[-0.52, 0.17]",0.280704648,0.813039725,FALSE
"1,3-Dioxolane-2-methanol",gp130/sIL-6Rb,30,29,-0.2,"[-0.52, 0.17]",0.280704648,0.813039725,FALSE
Diethanolamine,gp130/sIL-6Rb,30,29,-0.2,"[-0.52, 0.17]",0.280704648,0.813039725,FALSE
L-Norvaline,gp130/sIL-6Rb,30,29,-0.2,"[-0.52, 0.17]",0.280704648,0.813039725,FALSE
Nonanoic acid,gp130/sIL-6Rb,30,29,-0.2,"[-0.52, 0.17]",0.280704648,0.813039725,FALSE
Serine,sIL-6Ra,30,29,-0.2,"[-0.52, 0.17]",0.280704648,0.813039725,FALSE
Tryptophan,sIL-6Ra,30,29,-0.2,"[-0.52, 0.17]",0.280704648,0.813039725,FALSE
"2,3-Butanediol",sIL-6Ra,30,29,-0.2,"[-0.52, 0.17]",0.280704648,0.813039725,FALSE
Doconexent,sIL-6Ra,30,29,-0.2,"[-0.52, 0.17]",0.280704648,0.813039725,FALSE
Ethyl alpha-D-glucopyranoside,sIL-6Ra,30,29,-0.2,"[-0.52, 0.17]",0.280704648,0.813039725,FALSE
L-Aspartic acid,sIL-6Ra,30,29,-0.2,"[-0.52, 0.17]",0.280704648,0.813039725,FALSE
Nonanoic acid,sIL-6Ra,30,29,-0.2,"[-0.52, 0.17]",0.280704648,0.813039725,FALSE
1-Monooleoylglycerol,MMP-2,30,29,-0.2,"[-0.52, 0.17]",0.280704648,0.813039725,FALSE
"1,3-Dioxolane-2-methanol",MMP-2,30,29,-0.2,"[-0.52, 0.17]",0.280704648,0.813039725,FALSE
Diethanolamine,MMP-2,30,29,-0.2,"[-0.52, 0.17]",0.280704648,0.813039725,FALSE
Dodecanoic acid,MMP-2,30,29,-0.2,"[-0.52, 0.17]",0.280704648,0.813039725,FALSE
Palmitelaidic acid,MMP-2,30,29,-0.2,"[-0.52, 0.17]",0.280704648,0.813039725,FALSE
Lysine,MMP-3,30,29,-0.2,"[-0.52, 0.17]",0.280704648,0.813039725,FALSE
1-Monooleoylglycerol,MMP-3,30,29,-0.2,"[-0.52, 0.17]",0.280704648,0.813039725,FALSE
"2,3-Butanediol",MMP-3,30,29,-0.2,"[-0.52, 0.17]",0.280704648,0.813039725,FALSE
Diethanolamine,MMP-3,30,29,-0.2,"[-0.52, 0.17]",0.280704648,0.813039725,FALSE
Nonanoic acid,MMP-3,30,29,-0.2,"[-0.52, 0.17]",0.280704648,0.813039725,FALSE
1-Monopalmitin,Osteocalcin,30,29,-0.2,"[-0.52, 0.17]",0.280704648,0.813039725,FALSE
2-Aminoheptanedioic acid,Osteocalcin,30,29,-0.2,"[-0.52, 0.17]",0.280704648,0.813039725,FALSE
Arachidonic acid.1,Osteocalcin,30,29,-0.2,"[-0.52, 0.17]",0.280704648,0.813039725,FALSE
beta-D-Xylopyranose,Osteocalcin,30,29,-0.2,"[-0.52, 0.17]",0.280704648,0.813039725,FALSE
Erythritol,Osteocalcin,30,29,-0.2,"[-0.52, 0.17]",0.280704648,0.813039725,FALSE
Lactic Acid.1,Osteocalcin,30,29,-0.2,"[-0.52, 0.17]",0.280704648,0.813039725,FALSE
Cysteine,Osteopontin,30,29,-0.2,"[-0.52, 0.17]",0.280704648,0.813039725,FALSE
Glycerol-3-P,Osteopontin,30,29,-0.2,"[-0.52, 0.17]",0.280704648,0.813039725,FALSE
1-Ethyl-1-tetradecyloxy-1-silacyclohexane,Osteopontin,30,29,-0.2,"[-0.52, 0.17]",0.280704648,0.813039725,FALSE
1-Monopalmitin,Osteopontin,30,29,-0.2,"[-0.52, 0.17]",0.280704648,0.813039725,FALSE
2-Aminoheptanedioic acid,Osteopontin,30,29,-0.2,"[-0.52, 0.17]",0.280704648,0.813039725,FALSE
Butanoic acid,Osteopontin,30,29,-0.2,"[-0.52, 0.17]",0.280704648,0.813039725,FALSE
D-(-)-Ribofuranose,Osteopontin,30,29,-0.2,"[-0.52, 0.17]",0.280704648,0.813039725,FALSE
Glycolic acid,Osteopontin,30,29,-0.2,"[-0.52, 0.17]",0.280704648,0.813039725,FALSE
Glycolic acid,Pentraxin-3,30,29,-0.2,"[-0.52, 0.17]",0.280704648,0.813039725,FALSE
Methionine,sTNF-R1,30,29,-0.2,"[-0.52, 0.17]",0.280704648,0.813039725,FALSE
Proline,sTNF-R1,30,29,-0.2,"[-0.52, 0.17]",0.280704648,0.813039725,FALSE
Tryptophan,sTNF-R1,30,29,-0.2,"[-0.52, 0.17]",0.280704648,0.813039725,FALSE
Tyrosine,sTNF-R1,30,29,-0.2,"[-0.52, 0.17]",0.280704648,0.813039725,FALSE
"2,3-Butanediol",sTNF-R1,30,29,-0.2,"[-0.52, 0.17]",0.280704648,0.813039725,FALSE
L-Norvaline,sTNF-R1,30,29,-0.2,"[-0.52, 0.17]",0.280704648,0.813039725,FALSE
Methyl galactoside,sTNF-R1,30,29,-0.2,"[-0.52, 0.17]",0.280704648,0.813039725,FALSE
Glycerol-3-P,sTNF-R2,30,29,-0.2,"[-0.52, 0.17]",0.280704648,0.813039725,FALSE
Leucine,sTNF-R2,30,29,-0.2,"[-0.52, 0.17]",0.280704648,0.813039725,FALSE
Valine,sTNF-R2,30,29,-0.2,"[-0.52, 0.17]",0.280704648,0.813039725,FALSE
1-Ethyl-1-tetradecyloxy-1-silacyclohexane,sTNF-R2,30,29,-0.2,"[-0.52, 0.17]",0.280704648,0.813039725,FALSE
1-Monopalmitin,sTNF-R2,30,29,-0.2,"[-0.52, 0.17]",0.280704648,0.813039725,FALSE
Arachidonic acid.1,sTNF-R2,30,29,-0.2,"[-0.52, 0.17]",0.280704648,0.813039725,FALSE
Glycolic acid,sTNF-R2,30,29,-0.2,"[-0.52, 0.17]",0.280704648,0.813039725,FALSE
Lactic Acid.1,sTNF-R2,30,29,-0.2,"[-0.52, 0.17]",0.280704648,0.813039725,FALSE
1-Monooleoylglycerol,TWEAK/TNFSF12,30,29,-0.2,"[-0.52, 0.17]",0.280704648,0.813039725,FALSE
"1,3-Dioxolane-2-methanol",TWEAK/TNFSF12,30,29,-0.2,"[-0.52, 0.17]",0.280704648,0.813039725,FALSE
Diethanolamine,TWEAK/TNFSF12,30,29,-0.2,"[-0.52, 0.17]",0.280704648,0.813039725,FALSE
Dodecanoic acid,TWEAK/TNFSF12,30,29,-0.2,"[-0.52, 0.17]",0.280704648,0.813039725,FALSE
Palmitelaidic acid,TWEAK/TNFSF12,30,29,-0.2,"[-0.52, 0.17]",0.280704648,0.813039725,FALSE
1-Monooleoylglycerol,BAFF/TNFSF13B,30,29,-0.2,"[-0.52, 0.17]",0.280704648,0.813039725,FALSE
Ethyl alpha-D-glucopyranoside,BAFF/TNFSF13B,30,29,-0.2,"[-0.52, 0.17]",0.280704648,0.813039725,FALSE
2-Aminoadipic acid,sCD30/TNFRSF8,30,29,-0.2,"[-0.52, 0.17]",0.280704648,0.813039725,FALSE
Erythritol,sCD30/TNFRSF8,30,29,-0.2,"[-0.52, 0.17]",0.280704648,0.813039725,FALSE
"Ethanolamine, 3TMS",sCD30/TNFRSF8,30,29,-0.2,"[-0.52, 0.17]",0.280704648,0.813039725,FALSE
L-Rhamnose,sCD30/TNFRSF8,30,29,-0.2,"[-0.52, 0.17]",0.280704648,0.813039725,FALSE
Glycerol-3-P,Chitinase 3-like1,30,29,-0.2,"[-0.52, 0.17]",0.280704648,0.813039725,FALSE
"2-Ethyl-3-hydroxypropionic acid, di-",Chitinase 3-like1,30,29,-0.2,"[-0.52, 0.17]",0.280704648,0.813039725,FALSE
Ascorbic Acid,sIL-6Ra,30,29,-0.2,"[-0.52, 0.17]",0.280704648,0.813039725,FALSE
1-Monooleoylglycerol,sIL-6Ra,30,29,-0.2,"[-0.52, 0.17]",0.280704648,0.813039725,FALSE
2-Keto-3-methylvaleric acid,sIL-6Ra,30,29,-0.2,"[-0.52, 0.17]",0.280704648,0.813039725,FALSE
Ethyl alpha-D-glucopyranoside,MMP-2,30,29,-0.2,"[-0.52, 0.17]",0.280704648,0.813039725,FALSE
Cholesterol,MMP-3,30,29,-0.2,"[-0.52, 0.17]",0.280704648,0.813039725,FALSE
Glycerol-3-P,Osteocalcin,30,29,-0.2,"[-0.52, 0.17]",0.280704648,0.813039725,FALSE
L-(+)-Erythrulose,Osteocalcin,30,29,-0.2,"[-0.52, 0.17]",0.280704648,0.813039725,FALSE
Arachidonic acid,Osteopontin,30,29,-0.2,"[-0.52, 0.17]",0.280704648,0.813039725,FALSE
2-Aminoadipic acid,Osteopontin,30,29,-0.2,"[-0.52, 0.17]",0.280704648,0.813039725,FALSE
"9-Hexadecenoic acid, (Z)-",Osteopontin,30,29,-0.2,"[-0.52, 0.17]",0.280704648,0.813039725,FALSE
Campesterol,Osteopontin,30,29,-0.2,"[-0.52, 0.17]",0.280704648,0.813039725,FALSE
Erythritol,Osteopontin,30,29,-0.2,"[-0.52, 0.17]",0.280704648,0.813039725,FALSE
Glyceric acid,Osteopontin,30,29,-0.2,"[-0.52, 0.17]",0.280704648,0.813039725,FALSE
L-(+)-Erythrulose,Osteopontin,30,29,-0.2,"[-0.52, 0.17]",0.280704648,0.813039725,FALSE
Phenylalanine,Pentraxin-3,30,29,-0.2,"[-0.52, 0.17]",0.280704648,0.813039725,FALSE
beta-D-Xylopyranose,Pentraxin-3,30,29,-0.2,"[-0.52, 0.17]",0.280704648,0.813039725,FALSE
L-(+)-Erythrulose,Pentraxin-3,30,29,-0.2,"[-0.52, 0.17]",0.280704648,0.813039725,FALSE
"9-Hexadecenoic acid, (Z)-",sTNF-R2,30,29,-0.2,"[-0.52, 0.17]",0.280704648,0.813039725,FALSE
Erythritol,sTNF-R2,30,29,-0.2,"[-0.52, 0.17]",0.280704648,0.813039725,FALSE
L-(+)-Erythrulose,sTNF-R2,30,29,-0.2,"[-0.52, 0.17]",0.280704648,0.813039725,FALSE
Ethyl alpha-D-glucopyranoside,TWEAK/TNFSF12,30,29,-0.2,"[-0.52, 0.17]",0.280704648,0.813039725,FALSE
Valine,sCD163,30,29,-0.207019668,"[-0.52, 0.16]",0.263811122,0.813039725,FALSE
1-Monopalmitin,sCD163,30,29,-0.207019668,"[-0.52, 0.16]",0.263811122,0.813039725,FALSE
1-Ethyl-1-tetradecyloxy-1-silacyclohexane,IL-12(p40),30,29,-0.207019668,"[-0.52, 0.16]",0.263811122,0.813039725,FALSE
Palmitelaidic acid,IL-20,30,29,-0.207019668,"[-0.52, 0.16]",0.263811122,0.813039725,FALSE
Ascorbic Acid,sCD163,30,29,-0.207019668,"[-0.52, 0.16]",0.263811122,0.813039725,FALSE
2-Aminoadipic acid,sCD163,30,29,-0.207019668,"[-0.52, 0.16]",0.263811122,0.813039725,FALSE
"2-Ethyl-3-hydroxypropionic acid, di-",sCD163,30,29,-0.207019668,"[-0.52, 0.16]",0.263811122,0.813039725,FALSE
L-(+)-Erythrulose,sCD163,30,29,-0.207019668,"[-0.52, 0.16]",0.263811122,0.813039725,FALSE
"2-Ethyl-3-hydroxypropionic acid, di-",IL-12(p40),30,29,-0.207019668,"[-0.52, 0.16]",0.263811122,0.813039725,FALSE
Campesterol,IL-12(p40),30,29,-0.207019668,"[-0.52, 0.16]",0.263811122,0.813039725,FALSE
Leucine,IL-19,30,29,-0.207019668,"[-0.52, 0.16]",0.263811122,0.813039725,FALSE
Lysine,IL-19,30,29,-0.207019668,"[-0.52, 0.16]",0.263811122,0.813039725,FALSE
Ornithine,IL-19,30,29,-0.207019668,"[-0.52, 0.16]",0.263811122,0.813039725,FALSE
Proline,IL-19,30,29,-0.207019668,"[-0.52, 0.16]",0.263811122,0.813039725,FALSE
Tryptophan,IL-19,30,29,-0.207019668,"[-0.52, 0.16]",0.263811122,0.813039725,FALSE
"1,3-Dioxolane-2-methanol",IL-19,30,29,-0.207019668,"[-0.52, 0.16]",0.263811122,0.813039725,FALSE
L-Norvaline,IL-19,30,29,-0.207019668,"[-0.52, 0.16]",0.263811122,0.813039725,FALSE
Lactic Acid.1,IL-19,30,29,-0.207019668,"[-0.52, 0.16]",0.263811122,0.813039725,FALSE
Nonanoic acid,IL-19,30,29,-0.207019668,"[-0.52, 0.16]",0.263811122,0.813039725,FALSE
Campesterol,IL-20,30,29,-0.207019668,"[-0.52, 0.16]",0.263811122,0.813039725,FALSE
Dodecanoic acid,IL-20,30,29,-0.207019668,"[-0.52, 0.16]",0.263811122,0.813039725,FALSE
Arachidonic acid,IL-19,30,29,-0.207019668,"[-0.52, 0.16]",0.263811122,0.813039725,FALSE
Proline,IFN-a2,30,29,-0.214834462,"[-0.53, 0.15]",0.245801987,0.813039725,FALSE
Valine,IFN-a2,30,29,-0.214834462,"[-0.53, 0.15]",0.245801987,0.813039725,FALSE
Dodecanoic acid,IFN-a2,30,29,-0.214834462,"[-0.53, 0.15]",0.245801987,0.813039725,FALSE
Dodecanoic acid,IL-35,30,29,-0.214834462,"[-0.53, 0.15]",0.245801987,0.813039725,FALSE
Glycerol-3-P,IFN-a2,30,29,-0.214834462,"[-0.53, 0.15]",0.245801987,0.813039725,FALSE
Linoleic Acid,IFN-a2,30,29,-0.214834462,"[-0.53, 0.15]",0.245801987,0.813039725,FALSE
"9-Hexadecenoic acid, (Z)-",IFN-a2,30,29,-0.214834462,"[-0.53, 0.15]",0.245801987,0.813039725,FALSE
Campesterol,IFN-a2,30,29,-0.214834462,"[-0.53, 0.15]",0.245801987,0.813039725,FALSE
D-(-)-Ribofuranose,IFN-a2,30,29,-0.214834462,"[-0.53, 0.15]",0.245801987,0.813039725,FALSE
L-Alanine,IFN-a2,30,29,-0.214834462,"[-0.53, 0.15]",0.245801987,0.813039725,FALSE
Arginine [-NH3],IL-35,30,29,-0.214834462,"[-0.53, 0.15]",0.245801987,0.813039725,FALSE
Phenylalanine,IL-35,30,29,-0.214834462,"[-0.53, 0.15]",0.245801987,0.813039725,FALSE
Diethanolamine,IL-35,30,29,-0.214834462,"[-0.53, 0.15]",0.245801987,0.813039725,FALSE
"1,3-Dioxolane-2-methanol",IL-12(p70),30,29,-0.233549683,"[-0.54, 0.13]",0.206055389,0.813039725,FALSE
Lysine,IL-28A/IFN-lambda2,30,29,-0.233549683,"[-0.54, 0.13]",0.206055389,0.813039725,FALSE
1-Ethyl-1-tetradecyloxy-1-silacyclohexane,IL-28A/IFN-lambda2,30,29,-0.233549683,"[-0.54, 0.13]",0.206055389,0.813039725,FALSE
1-Monooleoylglycerol,IL-28A/IFN-lambda2,30,29,-0.233549683,"[-0.54, 0.13]",0.206055389,0.813039725,FALSE
Ethyl alpha-D-glucopyranoside,IL-28A/IFN-lambda2,30,29,-0.233549683,"[-0.54, 0.13]",0.206055389,0.813039725,FALSE
Glutamic Acid,IL-12(p70),30,29,-0.233549683,"[-0.54, 0.13]",0.206055389,0.813039725,FALSE
Glycerol-3-P,IL-12(p70),30,29,-0.233549683,"[-0.54, 0.13]",0.206055389,0.813039725,FALSE
Campesterol,IL-12(p70),30,29,-0.233549683,"[-0.54, 0.13]",0.206055389,0.813039725,FALSE
Doconexent,IL-12(p70),30,29,-0.233549683,"[-0.54, 0.13]",0.206055389,0.813039725,FALSE
Arachidonic acid,IL-28A/IFN-lambda2,30,29,-0.233549683,"[-0.54, 0.13]",0.206055389,0.813039725,FALSE
Phenylalanine,IL-28A/IFN-lambda2,30,29,-0.233549683,"[-0.54, 0.13]",0.206055389,0.813039725,FALSE
Glycerol-3-P,IL-29/IFN-lambda1,30,29,-0.233549683,"[-0.54, 0.13]",0.206055389,0.813039725,FALSE
Stearic Acid,IL-29/IFN-lambda1,30,29,-0.233549683,"[-0.54, 0.13]",0.206055389,0.813039725,FALSE
Stearic Acid,IL-11,30,29,-0.23570226,"[-0.54, 0.13]",0.20178587,0.813039725,FALSE
1-Ethyl-1-tetradecyloxy-1-silacyclohexane,IL-11,30,29,-0.23570226,"[-0.54, 0.13]",0.20178587,0.813039725,FALSE
Arachidonic acid.1,IL-11,30,29,-0.23570226,"[-0.54, 0.13]",0.20178587,0.813039725,FALSE
Dodecanoic acid,IL-11,30,29,-0.23570226,"[-0.54, 0.13]",0.20178587,0.813039725,FALSE
Palmitelaidic acid,IL-11,30,29,-0.23570226,"[-0.54, 0.13]",0.20178587,0.813039725,FALSE
Alanine,IL-26,30,29,-0.23570226,"[-0.54, 0.13]",0.20178587,0.813039725,FALSE
Cysteine,IL-26,30,29,-0.23570226,"[-0.54, 0.13]",0.20178587,0.813039725,FALSE
Threonine,IL-26,30,29,-0.23570226,"[-0.54, 0.13]",0.20178587,0.813039725,FALSE
Valine,IL-26,30,29,-0.23570226,"[-0.54, 0.13]",0.20178587,0.813039725,FALSE
1-Ethyl-1-tetradecyloxy-1-silacyclohexane,IL-26,30,29,-0.23570226,"[-0.54, 0.13]",0.20178587,0.813039725,FALSE
Arachidonic acid.1,IL-26,30,29,-0.23570226,"[-0.54, 0.13]",0.20178587,0.813039725,FALSE
Lactic Acid.1,IL-26,30,29,-0.23570226,"[-0.54, 0.13]",0.20178587,0.813039725,FALSE
N-Acetylglutamine,IL-26,30,29,-0.23570226,"[-0.54, 0.13]",0.20178587,0.813039725,FALSE
Palmitelaidic acid,IL-26,30,29,-0.23570226,"[-0.54, 0.13]",0.20178587,0.813039725,FALSE
Campesterol,IL-11,30,29,-0.23570226,"[-0.54, 0.13]",0.20178587,0.813039725,FALSE
beta-Alanine,IL-26,30,29,-0.23570226,"[-0.54, 0.13]",0.20178587,0.813039725,FALSE
Ornithine,TSLP,30,29,-0.237322226,"[-0.55, 0.13]",0.198613315,0.813039725,FALSE
4-Aminobutanoic acid,gp130/sIL-6Rb,30,29,-0.237322226,"[-0.55, 0.13]",0.198613315,0.813039725,FALSE
1-Ethyl-1-tetradecyloxy-1-silacyclohexane,IL-10,30,29,-0.237322226,"[-0.55, 0.13]",0.198613315,0.813039725,FALSE
Doconexent,IL-10,30,29,-0.237322226,"[-0.55, 0.13]",0.198613315,0.813039725,FALSE
Glutamine [-H2O],TSLP,30,29,-0.237322226,"[-0.55, 0.13]",0.198613315,0.813039725,FALSE
Methyl galactoside,TSLP,30,29,-0.237322226,"[-0.55, 0.13]",0.198613315,0.813039725,FALSE
1-Heptadecanol,sCD30/TNFRSF8,30,29,-0.237322226,"[-0.55, 0.13]",0.198613315,0.813039725,FALSE
1-Heptadecanol,Chitinase 3-like1,30,29,-0.237322226,"[-0.55, 0.13]",0.198613315,0.813039725,FALSE
1-Heptadecanol,gp130/sIL-6Rb,30,29,-0.237322226,"[-0.55, 0.13]",0.198613315,0.813039725,FALSE
4-Aminobutanoic acid,sIL-6Ra,30,29,-0.237322226,"[-0.55, 0.13]",0.198613315,0.813039725,FALSE
Glutamic Acid,IL-10,30,29,-0.237322226,"[-0.55, 0.13]",0.198613315,0.813039725,FALSE
Glycerol-3-P,IL-10,30,29,-0.237322226,"[-0.55, 0.13]",0.198613315,0.813039725,FALSE
Linoleic Acid,IL-10,30,29,-0.237322226,"[-0.55, 0.13]",0.198613315,0.813039725,FALSE
1-Heptadecanol,Osteocalcin,30,29,-0.237322226,"[-0.55, 0.13]",0.198613315,0.813039725,FALSE
1-Heptadecanol,sTNF-R2,30,29,-0.237322226,"[-0.55, 0.13]",0.198613315,0.813039725,FALSE
Asparagine,IL-26,30,29,-0.239731651,"[-0.55, 0.13]",0.19395884,0.813039725,FALSE
1H-Indole-3-Acetic Acid,IL-26,30,29,-0.239731651,"[-0.55, 0.13]",0.19395884,0.813039725,FALSE
Asparagine,IL-19,30,29,-0.245651842,"[-0.55, 0.12]",0.182845891,0.813039725,FALSE
Asparagine,IL-20,30,29,-0.245651842,"[-0.55, 0.12]",0.182845891,0.813039725,FALSE
DL-Ornithine,IL-20,30,29,-0.245651842,"[-0.55, 0.12]",0.182845891,0.813039725,FALSE
1-Heptadecanol,IL-20,30,29,-0.245651842,"[-0.55, 0.12]",0.182845891,0.813039725,FALSE
"2,3-Butanediol",APRIL/TNFSF13,30,29,-0.245954929,"[-0.55, 0.12]",0.182289253,0.813039725,FALSE
"9-Hexadecenoic acid, (Z)-",APRIL/TNFSF13,30,29,-0.245954929,"[-0.55, 0.12]",0.182289253,0.813039725,FALSE
1-Ethyl-1-tetradecyloxy-1-silacyclohexane,MMP-1,30,29,-0.245954929,"[-0.55, 0.12]",0.182289253,0.813039725,FALSE
"2,3-Butanediol",MMP-1,30,29,-0.245954929,"[-0.55, 0.12]",0.182289253,0.813039725,FALSE
Doconexent,MMP-1,30,29,-0.245954929,"[-0.55, 0.12]",0.182289253,0.813039725,FALSE
Citric acid,IFN-a2,30,29,-0.254924964,"[-0.56, 0.11]",0.166350533,0.813039725,FALSE
DL-Ornithine,IL-35,30,29,-0.254924964,"[-0.56, 0.11]",0.166350533,0.813039725,FALSE
"1,3-Dioxolane-2-methanol",IFN-y,30,29,-0.266485446,"[-0.57, 0.10]",0.147306866,0.784634532,FALSE
Dodecanoic acid,IFN-y,30,29,-0.266485446,"[-0.57, 0.10]",0.147306866,0.784634532,FALSE
Glycerol-3-P,IFN-y,30,29,-0.266485446,"[-0.57, 0.10]",0.147306866,0.784634532,FALSE
"9-Hexadecenoic acid, (Z)-",IFN-y,30,29,-0.266485446,"[-0.57, 0.10]",0.147306866,0.784634532,FALSE
Campesterol,IFN-y,30,29,-0.266485446,"[-0.57, 0.10]",0.147306866,0.784634532,FALSE
1-Monopalmitin,BAFF/TNFSF13B,30,29,-0.266666667,"[-0.57, 0.10]",0.147021488,0.784634532,FALSE
"1,5-Anhydrohexitol",sCD30/TNFRSF8,30,29,-0.266666667,"[-0.57, 0.10]",0.147021488,0.784634532,FALSE
Alanine,gp130/sIL-6Rb,30,29,-0.266666667,"[-0.57, 0.10]",0.147021488,0.784634532,FALSE
Valine,gp130/sIL-6Rb,30,29,-0.266666667,"[-0.57, 0.10]",0.147021488,0.784634532,FALSE
1-Monopalmitin,sIL-6Ra,30,29,-0.266666667,"[-0.57, 0.10]",0.147021488,0.784634532,FALSE
Glycolic acid,sIL-6Ra,30,29,-0.266666667,"[-0.57, 0.10]",0.147021488,0.784634532,FALSE
Alanine,MMP-3,30,29,-0.266666667,"[-0.57, 0.10]",0.147021488,0.784634532,FALSE
Proline,Osteopontin,30,29,-0.266666667,"[-0.57, 0.10]",0.147021488,0.784634532,FALSE
Ornithine,sTNF-R1,30,29,-0.266666667,"[-0.57, 0.10]",0.147021488,0.784634532,FALSE
"1,5-Anhydrohexitol",sTNF-R2,30,29,-0.266666667,"[-0.57, 0.10]",0.147021488,0.784634532,FALSE
"9-Hexadecenoic acid, (Z)-",BAFF/TNFSF13B,30,29,-0.266666667,"[-0.57, 0.10]",0.147021488,0.784634532,FALSE
Erythritol,BAFF/TNFSF13B,30,29,-0.266666667,"[-0.57, 0.10]",0.147021488,0.784634532,FALSE
Ascorbic Acid,sCD30/TNFRSF8,30,29,-0.266666667,"[-0.57, 0.10]",0.147021488,0.784634532,FALSE
Lysine,sCD30/TNFRSF8,30,29,-0.266666667,"[-0.57, 0.10]",0.147021488,0.784634532,FALSE
Serine,sCD30/TNFRSF8,30,29,-0.266666667,"[-0.57, 0.10]",0.147021488,0.784634532,FALSE
Tryptophan,sCD30/TNFRSF8,30,29,-0.266666667,"[-0.57, 0.10]",0.147021488,0.784634532,FALSE
1-Monooleoylglycerol,sCD30/TNFRSF8,30,29,-0.266666667,"[-0.57, 0.10]",0.147021488,0.784634532,FALSE
Ethyl alpha-D-glucopyranoside,sCD30/TNFRSF8,30,29,-0.266666667,"[-0.57, 0.10]",0.147021488,0.784634532,FALSE
L-Aspartic acid,sCD30/TNFRSF8,30,29,-0.266666667,"[-0.57, 0.10]",0.147021488,0.784634532,FALSE
Cholesterol,Chitinase 3-like1,30,29,-0.266666667,"[-0.57, 0.10]",0.147021488,0.784634532,FALSE
Lysine,Chitinase 3-like1,30,29,-0.266666667,"[-0.57, 0.10]",0.147021488,0.784634532,FALSE
Ethyl alpha-D-glucopyranoside,Chitinase 3-like1,30,29,-0.266666667,"[-0.57, 0.10]",0.147021488,0.784634532,FALSE
Glycerol-3-P,gp130/sIL-6Rb,30,29,-0.266666667,"[-0.57, 0.10]",0.147021488,0.784634532,FALSE
Leucine,gp130/sIL-6Rb,30,29,-0.266666667,"[-0.57, 0.10]",0.147021488,0.784634532,FALSE
1-Ethyl-1-tetradecyloxy-1-silacyclohexane,gp130/sIL-6Rb,30,29,-0.266666667,"[-0.57, 0.10]",0.147021488,0.784634532,FALSE
2-Aminoadipic acid,gp130/sIL-6Rb,30,29,-0.266666667,"[-0.57, 0.10]",0.147021488,0.784634532,FALSE
2-Aminoheptanedioic acid,gp130/sIL-6Rb,30,29,-0.266666667,"[-0.57, 0.10]",0.147021488,0.784634532,FALSE
L-(+)-Erythrulose,gp130/sIL-6Rb,30,29,-0.266666667,"[-0.57, 0.10]",0.147021488,0.784634532,FALSE
Lactic Acid.1,gp130/sIL-6Rb,30,29,-0.266666667,"[-0.57, 0.10]",0.147021488,0.784634532,FALSE
"2-Ethyl-3-hydroxypropionic acid, di-",sIL-6Ra,30,29,-0.266666667,"[-0.57, 0.10]",0.147021488,0.784634532,FALSE
Erythritol,sIL-6Ra,30,29,-0.266666667,"[-0.57, 0.10]",0.147021488,0.784634532,FALSE
L-(+)-Erythrulose,sIL-6Ra,30,29,-0.266666667,"[-0.57, 0.10]",0.147021488,0.784634532,FALSE
beta-D-Xylopyranose,MMP-2,30,29,-0.266666667,"[-0.57, 0.10]",0.147021488,0.784634532,FALSE
L-(+)-Erythrulose,MMP-2,30,29,-0.266666667,"[-0.57, 0.10]",0.147021488,0.784634532,FALSE
Glycerol-3-P,MMP-3,30,29,-0.266666667,"[-0.57, 0.10]",0.147021488,0.784634532,FALSE
1-Ethyl-1-tetradecyloxy-1-silacyclohexane,MMP-3,30,29,-0.266666667,"[-0.57, 0.10]",0.147021488,0.784634532,FALSE
"2-Ethyl-3-hydroxypropionic acid, di-",MMP-3,30,29,-0.266666667,"[-0.57, 0.10]",0.147021488,0.784634532,FALSE
"9-Hexadecenoic acid, (Z)-",MMP-3,30,29,-0.266666667,"[-0.57, 0.10]",0.147021488,0.784634532,FALSE
Erythritol,MMP-3,30,29,-0.266666667,"[-0.57, 0.10]",0.147021488,0.784634532,FALSE
1-Monooleoylglycerol,Osteocalcin,30,29,-0.266666667,"[-0.57, 0.10]",0.147021488,0.784634532,FALSE
"1,3-Dioxolane-2-methanol",Osteocalcin,30,29,-0.266666667,"[-0.57, 0.10]",0.147021488,0.784634532,FALSE
Diethanolamine,Osteocalcin,30,29,-0.266666667,"[-0.57, 0.10]",0.147021488,0.784634532,FALSE
Ethyl alpha-D-glucopyranoside,Osteocalcin,30,29,-0.266666667,"[-0.57, 0.10]",0.147021488,0.784634532,FALSE
2-OH-Butanoic Acid,Osteopontin,30,29,-0.266666667,"[-0.57, 0.10]",0.147021488,0.784634532,FALSE
3-OH-Butanoic Acid,Osteopontin,30,29,-0.266666667,"[-0.57, 0.10]",0.147021488,0.784634532,FALSE
Serine,Osteopontin,30,29,-0.266666667,"[-0.57, 0.10]",0.147021488,0.784634532,FALSE
Stearic Acid,Osteopontin,30,29,-0.266666667,"[-0.57, 0.10]",0.147021488,0.784634532,FALSE
"2,3-Butanediol",Osteopontin,30,29,-0.266666667,"[-0.57, 0.10]",0.147021488,0.784634532,FALSE
Doconexent,Osteopontin,30,29,-0.266666667,"[-0.57, 0.10]",0.147021488,0.784634532,FALSE
Methyl galactoside,Osteopontin,30,29,-0.266666667,"[-0.57, 0.10]",0.147021488,0.784634532,FALSE
Leucine,sTNF-R1,30,29,-0.266666667,"[-0.57, 0.10]",0.147021488,0.784634532,FALSE
Threonine,sTNF-R1,30,29,-0.266666667,"[-0.57, 0.10]",0.147021488,0.784634532,FALSE
D-(-)-Ribofuranose,sTNF-R1,30,29,-0.266666667,"[-0.57, 0.10]",0.147021488,0.784634532,FALSE
Erythritol,sTNF-R1,30,29,-0.266666667,"[-0.57, 0.10]",0.147021488,0.784634532,FALSE
L-(+)-Erythrulose,sTNF-R1,30,29,-0.266666667,"[-0.57, 0.10]",0.147021488,0.784634532,FALSE
1-Monooleoylglycerol,sTNF-R2,30,29,-0.266666667,"[-0.57, 0.10]",0.147021488,0.784634532,FALSE
"1,3-Dioxolane-2-methanol",sTNF-R2,30,29,-0.266666667,"[-0.57, 0.10]",0.147021488,0.784634532,FALSE
beta-D-Xylopyranose,TWEAK/TNFSF12,30,29,-0.266666667,"[-0.57, 0.10]",0.147021488,0.784634532,FALSE
L-(+)-Erythrulose,TWEAK/TNFSF12,30,29,-0.266666667,"[-0.57, 0.10]",0.147021488,0.784634532,FALSE
Phenylalanine,BAFF/TNFSF13B,30,29,-0.266666667,"[-0.57, 0.10]",0.147021488,0.784634532,FALSE
Phenylalanine,MMP-2,30,29,-0.266666667,"[-0.57, 0.10]",0.147021488,0.784634532,FALSE
L-Rhamnose,sTNF-R1,30,29,-0.266666667,"[-0.57, 0.10]",0.147021488,0.784634532,FALSE
Phenylalanine,TWEAK/TNFSF12,30,29,-0.266666667,"[-0.57, 0.10]",0.147021488,0.784634532,FALSE
Asparagine,TSLP,30,29,-0.275862069,"[-0.57, 0.09]",0.133061343,0.784634532,FALSE
Glycine,TSLP,30,29,-0.275862069,"[-0.57, 0.09]",0.133061343,0.784634532,FALSE
Glycolic acid,sCD163,30,29,-0.276026224,"[-0.57, 0.09]",0.132821294,0.784634532,FALSE
Serine,sCD163,30,29,-0.276026224,"[-0.57, 0.09]",0.132821294,0.784634532,FALSE
Tryptophan,sCD163,30,29,-0.276026224,"[-0.57, 0.09]",0.132821294,0.784634532,FALSE
1-Monooleoylglycerol,IL-12(p40),30,29,-0.276026224,"[-0.57, 0.09]",0.132821294,0.784634532,FALSE
beta-D-Xylopyranose,IL-12(p40),30,29,-0.276026224,"[-0.57, 0.09]",0.132821294,0.784634532,FALSE
Diethanolamine,IL-12(p40),30,29,-0.276026224,"[-0.57, 0.09]",0.132821294,0.784634532,FALSE
Doconexent,IL-12(p40),30,29,-0.276026224,"[-0.57, 0.09]",0.132821294,0.784634532,FALSE
Phenylalanine,IL-20,30,29,-0.276026224,"[-0.57, 0.09]",0.132821294,0.784634532,FALSE
1H-Indole-3-Acetic Acid,IL-12(p70),30,29,-0.277132654,"[-0.58, 0.09]",0.131211602,0.784634532,FALSE
1-Heptadecanol,IL-29/IFN-lambda1,30,29,-0.277132654,"[-0.58, 0.09]",0.131211602,0.784634532,FALSE
1-Monooleoylglycerol,IFN-a2,30,29,-0.28644595,"[-0.58, 0.08]",0.118225541,0.784634532,FALSE
L-Norvaline,IFN-a2,30,29,-0.28644595,"[-0.58, 0.08]",0.118225541,0.784634532,FALSE
DL-Ornithine,IL-26,30,29,-0.287677981,"[-0.58, 0.07]",0.116581887,0.784634532,FALSE
1-Heptadecanol,IL-26,30,29,-0.287677981,"[-0.58, 0.07]",0.116581887,0.784634532,FALSE
Leucine,TSLP,30,29,-0.305128577,"[-0.60, 0.06]",0.095088807,0.744545359,FALSE
Valine,IL-10,30,29,-0.305128577,"[-0.60, 0.06]",0.095088807,0.744545359,FALSE
Oxalic acid,IL-10,30,29,-0.305128577,"[-0.60, 0.06]",0.095088807,0.744545359,FALSE
Palmitelaidic acid,IL-10,30,29,-0.305128577,"[-0.60, 0.06]",0.095088807,0.744545359,FALSE
1-Heptadecanol,BAFF/TNFSF13B,30,29,-0.305128577,"[-0.60, 0.06]",0.095088807,0.744545359,FALSE
4-Aminobutanoic acid,sCD30/TNFRSF8,30,29,-0.305128577,"[-0.60, 0.06]",0.095088807,0.744545359,FALSE
1-Heptadecanol,sIL-6Ra,30,29,-0.305128577,"[-0.60, 0.06]",0.095088807,0.744545359,FALSE
"9-Hexadecenoic acid, (Z)-",IL-10,30,29,-0.305128577,"[-0.60, 0.06]",0.095088807,0.744545359,FALSE
Campesterol,IL-10,30,29,-0.305128577,"[-0.60, 0.06]",0.095088807,0.744545359,FALSE
Phenylalanine,TSLP,30,29,-0.305128577,"[-0.60, 0.06]",0.095088807,0.744545359,FALSE
1-Heptadecanol,IFN-y,30,29,-0.309761237,"[-0.60, 0.05]",0.089923522,0.743768851,FALSE
Palmitelaidic acid,IL-28A/IFN-lambda2,30,29,-0.311399578,"[-0.60, 0.05]",0.088148961,0.731667525,FALSE
Arachidonic acid.1,IL-12(p70),30,29,-0.311399578,"[-0.60, 0.05]",0.088148961,0.731667525,FALSE
Stearic Acid,IL-28A/IFN-lambda2,30,29,-0.311399578,"[-0.60, 0.05]",0.088148961,0.731667525,FALSE
1-Monooleoylglycerol,IL-29/IFN-lambda1,30,29,-0.311399578,"[-0.60, 0.05]",0.088148961,0.731667525,FALSE
Arachidonic acid.1,IL-29/IFN-lambda1,30,29,-0.311399578,"[-0.60, 0.05]",0.088148961,0.731667525,FALSE
Dodecanoic acid,IL-29/IFN-lambda1,30,29,-0.311399578,"[-0.60, 0.05]",0.088148961,0.731667525,FALSE
Campesterol,IL-29/IFN-lambda1,30,29,-0.311399578,"[-0.60, 0.05]",0.088148961,0.731667525,FALSE
Dodecanoic acid,APRIL/TNFSF13,30,29,-0.316227766,"[-0.60, 0.04]",0.083074666,0.731667525,FALSE
Arachidonic acid.1,MMP-1,30,29,-0.316227766,"[-0.60, 0.04]",0.083074666,0.731667525,FALSE
Palmitelaidic acid,MMP-1,30,29,-0.316227766,"[-0.60, 0.04]",0.083074666,0.731667525,FALSE
Phenylalanine,MMP-1,30,29,-0.316227766,"[-0.60, 0.04]",0.083074666,0.731667525,FALSE
Diethanolamine,MMP-1,30,29,-0.316227766,"[-0.60, 0.04]",0.083074666,0.731667525,FALSE
DL-Ornithine,IL-12(p70),30,29,-0.316723033,"[-0.60, 0.04]",0.082567104,0.731667525,FALSE
DL-Ornithine,IL-29/IFN-lambda1,30,29,-0.316723033,"[-0.60, 0.04]",0.082567104,0.731667525,FALSE
Asparagine,IFN-a2,30,29,-0.327760668,"[-0.61, 0.03]",0.071861674,0.709256608,FALSE
1-Heptadecanol,IFN-a2,30,29,-0.327760668,"[-0.61, 0.03]",0.071861674,0.709256608,FALSE
1-Monopalmitin,IL-26,30,29,-0.329983165,"[-0.61, 0.03]",0.069842668,0.704122005,FALSE
"1,3-Dioxolane-2-methanol",IL-26,30,29,-0.329983165,"[-0.61, 0.03]",0.069842668,0.704122005,FALSE
"9-Hexadecenoic acid, (Z)-",IL-11,30,29,-0.329983165,"[-0.61, 0.03]",0.069842668,0.704122005,FALSE
Campesterol,IL-26,30,29,-0.329983165,"[-0.61, 0.03]",0.069842668,0.704122005,FALSE
Diethanolamine,IL-26,30,29,-0.329983165,"[-0.61, 0.03]",0.069842668,0.704122005,FALSE
Doconexent,IL-26,30,29,-0.329983165,"[-0.61, 0.03]",0.069842668,0.704122005,FALSE
Erythritol,IL-26,30,29,-0.329983165,"[-0.61, 0.03]",0.069842668,0.704122005,FALSE
Valine,Chitinase 3-like1,30,29,-0.333333333,"[-0.62, 0.02]",0.066882891,0.704122005,FALSE
Methionine,gp130/sIL-6Rb,30,29,-0.333333333,"[-0.62, 0.02]",0.066882891,0.704122005,FALSE
"1,3-Dioxolane-2-methanol",MMP-3,30,29,-0.333333333,"[-0.62, 0.02]",0.066882891,0.704122005,FALSE
Valine,Osteopontin,30,29,-0.333333333,"[-0.62, 0.02]",0.066882891,0.704122005,FALSE
Serine,sTNF-R1,30,29,-0.333333333,"[-0.62, 0.02]",0.066882891,0.704122005,FALSE
"1,3-Dioxolane-2-methanol",BAFF/TNFSF13B,30,29,-0.333333333,"[-0.62, 0.02]",0.066882891,0.704122005,FALSE
Phenylalanine,sCD30/TNFRSF8,30,29,-0.333333333,"[-0.62, 0.02]",0.066882891,0.704122005,FALSE
"9-Hexadecenoic acid, (Z)-",Chitinase 3-like1,30,29,-0.333333333,"[-0.62, 0.02]",0.066882891,0.704122005,FALSE
L-(+)-Erythrulose,Chitinase 3-like1,30,29,-0.333333333,"[-0.62, 0.02]",0.066882891,0.704122005,FALSE
Cholesterol,gp130/sIL-6Rb,30,29,-0.333333333,"[-0.62, 0.02]",0.066882891,0.704122005,FALSE
Diethanolamine,sIL-6Ra,30,29,-0.333333333,"[-0.62, 0.02]",0.066882891,0.704122005,FALSE
Ethyl alpha-D-glucopyranoside,MMP-3,30,29,-0.333333333,"[-0.62, 0.02]",0.066882891,0.704122005,FALSE
Phenylalanine,Osteocalcin,30,29,-0.333333333,"[-0.62, 0.02]",0.066882891,0.704122005,FALSE
"9-Hexadecenoic acid, (Z)-",Osteocalcin,30,29,-0.333333333,"[-0.62, 0.02]",0.066882891,0.704122005,FALSE
beta-Alanine,Osteopontin,30,29,-0.333333333,"[-0.62, 0.02]",0.066882891,0.704122005,FALSE
L-Aspartic acid,sTNF-R1,30,29,-0.333333333,"[-0.62, 0.02]",0.066882891,0.704122005,FALSE
"2-Ethyl-3-hydroxypropionic acid, di-",sTNF-R2,30,29,-0.333333333,"[-0.62, 0.02]",0.066882891,0.704122005,FALSE
Glycine,IL-26,30,29,-0.335624311,"[-0.62, 0.02]",0.064915838,0.704122005,FALSE
Palmitelaidic acid,IFN-y,30,29,-0.342624144,"[-0.62, 0.01]",0.05918466,0.704122005,FALSE
Stearic Acid,IFN-y,30,29,-0.342624144,"[-0.62, 0.01]",0.05918466,0.704122005,FALSE
1-Monooleoylglycerol,IFN-y,30,29,-0.342624144,"[-0.62, 0.01]",0.05918466,0.704122005,FALSE
DL-Ornithine,IL-10,30,29,-0.344827586,"[-0.62, 0.01]",0.05746537,0.704122005,FALSE
1-Heptadecanol,IL-10,30,29,-0.344827586,"[-0.62, 0.01]",0.05746537,0.704122005,FALSE
Phenylalanine,sCD163,30,29,-0.34503278,"[-0.62, 0.01]",0.057307286,0.704122005,FALSE
Diethanolamine,sCD163,30,29,-0.34503278,"[-0.62, 0.01]",0.057307286,0.704122005,FALSE
Ethyl alpha-D-glucopyranoside,sCD163,30,29,-0.34503278,"[-0.62, 0.01]",0.057307286,0.704122005,FALSE
Phenylalanine,IL-12(p40),30,29,-0.34503278,"[-0.62, 0.01]",0.057307286,0.704122005,FALSE
D-(-)-Ribofuranose,IL-19,30,29,-0.34503278,"[-0.62, 0.01]",0.057307286,0.704122005,FALSE
1-Monooleoylglycerol,IL-20,30,29,-0.34503278,"[-0.62, 0.01]",0.057307286,0.704122005,FALSE
1-Heptadecanol,MMP-1,30,29,-0.357370845,"[-0.63, -0.00]",0.048414059,0.704122005,FALSE
Palmitelaidic acid,IL-35,30,29,-0.358057437,"[-0.63, -0.00]",0.047953441,0.704122005,FALSE
Glycine,gp130/sIL-6Rb,30,29,-0.372934927,"[-0.64, -0.02]",0.038800398,0.603590296,FALSE
Decanoic acid,IL-10,30,29,-0.372934927,"[-0.64, -0.02]",0.038800398,0.603590296,FALSE
Glycine,sTNF-R1,30,29,-0.372934927,"[-0.64, -0.02]",0.038800398,0.603590296,FALSE
"1,3-Dioxolane-2-methanol",TSLP,30,29,-0.372934927,"[-0.64, -0.02]",0.038800398,0.603590296,FALSE
D-(-)-Ribofuranose,TSLP,30,29,-0.372934927,"[-0.64, -0.02]",0.038800398,0.603590296,FALSE
1H-Indole-3-Acetic Acid,gp130/sIL-6Rb,30,29,-0.372934927,"[-0.64, -0.02]",0.038800398,0.603590296,FALSE
1-Heptadecanol,Osteopontin,30,29,-0.372934927,"[-0.64, -0.02]",0.038800398,0.603590296,FALSE
Palmitelaidic acid,APRIL/TNFSF13,30,29,-0.386500603,"[-0.65, -0.04]",0.031732355,0.568767802,FALSE
Palmitelaidic acid,IL-29/IFN-lambda1,30,29,-0.389249472,"[-0.65, -0.04]",0.030436262,0.568767802,FALSE
"9-Hexadecenoic acid, (Z)-",IL-12(p70),30,29,-0.389249472,"[-0.65, -0.04]",0.030436262,0.568767802,FALSE
"1,3-Dioxolane-2-methanol",sCD30/TNFRSF8,30,29,-0.4,"[-0.66, -0.05]",0.025774237,0.555446638,FALSE
"1,3-Dioxolane-2-methanol",Chitinase 3-like1,30,29,-0.4,"[-0.66, -0.05]",0.025774237,0.555446638,FALSE
Cysteine,gp130/sIL-6Rb,30,29,-0.4,"[-0.66, -0.05]",0.025774237,0.555446638,FALSE
Ornithine,gp130/sIL-6Rb,30,29,-0.4,"[-0.66, -0.05]",0.025774237,0.555446638,FALSE
Lactic Acid.1,MMP-3,30,29,-0.4,"[-0.66, -0.05]",0.025774237,0.555446638,FALSE
"1,3-Dioxolane-2-methanol",Osteopontin,30,29,-0.4,"[-0.66, -0.05]",0.025774237,0.555446638,FALSE
Alanine,sTNF-R1,30,29,-0.4,"[-0.66, -0.05]",0.025774237,0.555446638,FALSE
Arginine [-NH3],sTNF-R1,30,29,-0.4,"[-0.66, -0.05]",0.025774237,0.555446638,FALSE
"2-Ethyl-3-hydroxypropionic acid, di-",BAFF/TNFSF13B,30,29,-0.4,"[-0.66, -0.05]",0.025774237,0.555446638,FALSE
"2-Ethyl-3-hydroxypropionic acid, di-",MMP-2,30,29,-0.4,"[-0.66, -0.05]",0.025774237,0.555446638,FALSE
"9-Hexadecenoic acid, (Z)-",MMP-2,30,29,-0.4,"[-0.66, -0.05]",0.025774237,0.555446638,FALSE
Phenylalanine,MMP-3,30,29,-0.4,"[-0.66, -0.05]",0.025774237,0.555446638,FALSE
L-(+)-Erythrulose,MMP-3,30,29,-0.4,"[-0.66, -0.05]",0.025774237,0.555446638,FALSE
Ethyl alpha-D-glucopyranoside,Osteopontin,30,29,-0.4,"[-0.66, -0.05]",0.025774237,0.555446638,FALSE
2-Aminoadipic acid,sTNF-R1,30,29,-0.4,"[-0.66, -0.05]",0.025774237,0.555446638,FALSE
Ethyl alpha-D-glucopyranoside,sTNF-R2,30,29,-0.4,"[-0.66, -0.05]",0.025774237,0.555446638,FALSE
"2-Ethyl-3-hydroxypropionic acid, di-",TWEAK/TNFSF12,30,29,-0.4,"[-0.66, -0.05]",0.025774237,0.555446638,FALSE
"9-Hexadecenoic acid, (Z)-",TWEAK/TNFSF12,30,29,-0.4,"[-0.66, -0.05]",0.025774237,0.555446638,FALSE
1H-Indole-3-Acetic Acid,IL-10,30,29,-0.413793103,"[-0.67, -0.07]",0.020665671,0.555446638,FALSE
"1,3-Dioxolane-2-methanol",sCD163,30,29,-0.414039336,"[-0.67, -0.07]",0.020582702,0.555446638,FALSE
"9-Hexadecenoic acid, (Z)-",IL-12(p40),30,29,-0.414039336,"[-0.67, -0.07]",0.020582702,0.555446638,FALSE
Arachidonic acid.1,IL-12(p40),30,29,-0.414039336,"[-0.67, -0.07]",0.020582702,0.555446638,FALSE
Arginine [-NH3],IL-19,30,29,-0.414039336,"[-0.67, -0.07]",0.020582702,0.555446638,FALSE
Arachidonic acid.1,IL-20,30,29,-0.414039336,"[-0.67, -0.07]",0.020582702,0.555446638,FALSE
"9-Hexadecenoic acid, (Z)-",IL-20,30,29,-0.414039336,"[-0.67, -0.07]",0.020582702,0.555446638,FALSE
Arachidonic acid.1,IFN-y,30,29,-0.418762843,"[-0.67, -0.08]",0.019043568,0.555446638,FALSE
Glycerol-3-P,IL-26,30,29,-0.424264069,"[-0.68, -0.08]",0.017372356,0.555446638,FALSE
Serine,IL-26,30,29,-0.424264069,"[-0.68, -0.08]",0.017372356,0.555446638,FALSE
Asparagine,gp130/sIL-6Rb,30,29,-0.440741277,"[-0.69, -0.10]",0.013078432,0.529676513,FALSE
Lactic Acid.1,TSLP,30,29,-0.440741277,"[-0.69, -0.10]",0.013078432,0.529676513,FALSE
L-(+)-Erythrulose,sCD30/TNFRSF8,30,29,-0.466666667,"[-0.70, -0.13]",0.008134351,0.37465866,FALSE
"1,3-Dioxolane-2-methanol",sIL-6Ra,30,29,-0.466666667,"[-0.70, -0.13]",0.008134351,0.37465866,FALSE
"2-Ethyl-3-hydroxypropionic acid, di-",Osteocalcin,30,29,-0.466666667,"[-0.70, -0.13]",0.008134351,0.37465866,FALSE
Lysine,sTNF-R1,30,29,-0.466666667,"[-0.70, -0.13]",0.008134351,0.37465866,FALSE
Nonanoic acid,sTNF-R1,30,29,-0.466666667,"[-0.70, -0.13]",0.008134351,0.37465866,FALSE
Phenylalanine,sTNF-R2,30,29,-0.466666667,"[-0.70, -0.13]",0.008134351,0.37465866,FALSE
Phenylalanine,Chitinase 3-like1,30,29,-0.466666667,"[-0.70, -0.13]",0.008134351,0.37465866,FALSE
Arachidonic acid.1,IL-28A/IFN-lambda2,30,29,-0.467099366,"[-0.70, -0.14]",0.008067667,0.37465866,FALSE
"9-Hexadecenoic acid, (Z)-",IL-29/IFN-lambda1,30,29,-0.467099366,"[-0.70, -0.14]",0.008067667,0.37465866,FALSE
Phenylalanine,IL-19,30,29,-0.483045892,"[-0.72, -0.16]",0.005912951,0.37465866,FALSE
L-Norvaline,IL-10,30,29,-0.508547628,"[-0.73, -0.19]",0.003486766,0.372291498,FALSE
Nonanoic acid,IL-26,30,29,-0.518544973,"[-0.74, -0.20]",0.002803153,0.346558198,FALSE
1-Heptadecanol,IL-12(p40),30,29,-0.526396805,"[-0.74, -0.21]",0.002350647,0.306759485,FALSE
Phenylalanine,sTNF-R1,30,29,-0.533333333,"[-0.75, -0.22]",0.00200499,0.306759485,FALSE
Lactic Acid.1,sTNF-R1,30,29,-0.533333333,"[-0.75, -0.22]",0.00200499,0.306759485,FALSE
"1,3-Dioxolane-2-methanol",sTNF-R1,30,29,-0.6,"[-0.79, -0.31]",0.00035995,0.169104398,FALSE
